episode,model,seed,elapsed_seconds,moving_avg_score,model_size,device,score,steps,reward,epsilon,loss
1,greedy,2,0.0009,12.0,0,cpu,12,81,116.12,0.0,0.0
2,greedy,2,0.0032,20.0,0,cpu,28,195,283.74,0.0,0.0
3,greedy,2,0.0046,18.0,0,cpu,14,138,141.07,0.0,0.0
4,greedy,2,0.006,16.75,0,cpu,13,131,128.73,0.0,0.0
5,greedy,2,0.0074,16.4,0,cpu,15,129,146.17,0.0,0.0
6,greedy,2,0.0088,16.5,0,cpu,17,129,168.99,0.0,0.0
7,greedy,2,0.0099,15.8571,0,cpu,12,104,115.19,0.0,0.0
8,greedy,2,0.0101,14.125,0,cpu,2,14,9.99,0.0,0.0
9,greedy,2,0.0116,14.3333,0,cpu,16,140,155.87,0.0,0.0
10,greedy,2,0.0128,14.3,0,cpu,14,123,139.12,0.0,0.0
11,greedy,2,0.0138,14.0909,0,cpu,12,89,116.24,0.0,0.0
12,greedy,2,0.014,13.25,0,cpu,4,21,31.44,0.0,0.0
13,greedy,2,0.0158,13.7692,0,cpu,20,135,198.86,0.0,0.0
14,greedy,2,0.0174,14.0714,0,cpu,18,149,180.3,0.0,0.0
15,greedy,2,0.0192,14.3333,0,cpu,18,165,180.94,0.0,0.0
16,greedy,2,0.0209,14.4375,0,cpu,16,170,159.37,0.0,0.0
17,greedy,2,0.0227,14.8235,0,cpu,21,152,210.3,0.0,0.0
18,greedy,2,0.0245,15.0556,0,cpu,19,157,187.93,0.0,0.0
19,greedy,2,0.0258,15.1053,0,cpu,16,113,156.04,0.0,0.0
20,greedy,2,0.0271,15.1,0,cpu,15,126,149.9,0.0,0.0
21,greedy,2,0.0282,15.2381,0,cpu,18,90,174.99,0.0,0.0
22,greedy,2,0.0304,15.5,0,cpu,21,198,214.04,0.0,0.0
23,greedy,2,0.0325,15.8696,0,cpu,24,165,240.0,0.0,0.0
24,greedy,2,0.0344,16.125,0,cpu,22,162,221.51,0.0,0.0
25,greedy,2,0.0373,16.88,0,cpu,35,229,354.77,0.0,0.0
26,greedy,2,0.0382,16.6538,0,cpu,11,85,106.17,0.0,0.0
27,greedy,2,0.0395,16.4815,0,cpu,12,111,118.22,0.0,0.0
28,greedy,2,0.0426,16.8571,0,cpu,27,279,273.79,0.0,0.0
29,greedy,2,0.0443,17.0,0,cpu,21,143,208.69,0.0,0.0
30,greedy,2,0.0458,16.9667,0,cpu,16,134,157.93,0.0,0.0
31,greedy,2,0.0474,17.0323,0,cpu,19,148,188.92,0.0,0.0
32,greedy,2,0.0486,16.9688,0,cpu,15,102,147.34,0.0,0.0
33,greedy,2,0.0515,17.2424,0,cpu,26,268,263.09,0.0,0.0
34,greedy,2,0.0526,17.1765,0,cpu,15,99,146.87,0.0,0.0
35,greedy,2,0.0541,17.2,0,cpu,18,127,178.52,0.0,0.0
36,greedy,2,0.0554,17.25,0,cpu,19,119,188.51,0.0,0.0
37,greedy,2,0.0571,17.2973,0,cpu,19,142,189.38,0.0,0.0
38,greedy,2,0.0583,17.2105,0,cpu,14,112,134.33,0.0,0.0
39,greedy,2,0.0607,17.4872,0,cpu,28,209,281.0,0.0,0.0
40,greedy,2,0.0616,17.325,0,cpu,11,84,104.28,0.0,0.0
41,greedy,2,0.0625,17.1707,0,cpu,11,81,105.81,0.0,0.0
42,greedy,2,0.063,16.881,0,cpu,5,50,42.56,0.0,0.0
43,greedy,2,0.0643,16.8605,0,cpu,16,108,158.19,0.0,0.0
44,greedy,2,0.0663,16.9545,0,cpu,21,176,211.26,0.0,0.0
45,greedy,2,0.0673,16.9111,0,cpu,15,97,147.29,0.0,0.0
46,greedy,2,0.0693,17.0217,0,cpu,22,194,221.99,0.0,0.0
47,greedy,2,0.0705,16.9362,0,cpu,13,120,127.54,0.0,0.0
48,greedy,2,0.0708,16.6458,0,cpu,3,27,21.67,0.0,0.0
49,greedy,2,0.0717,16.5306,0,cpu,11,83,105.59,0.0,0.0
50,greedy,2,0.0732,16.54,0,cpu,17,132,168.86,0.0,0.0
51,greedy,2,0.0746,16.62,0,cpu,16,128,159.59,0.0,0.0
52,greedy,2,0.0762,16.44,0,cpu,19,153,189.97,0.0,0.0
53,greedy,2,0.0777,16.58,0,cpu,21,130,207.72,0.0,0.0
54,greedy,2,0.0788,16.6,0,cpu,14,106,137.59,0.0,0.0
55,greedy,2,0.08,16.62,0,cpu,16,115,157.42,0.0,0.0
56,greedy,2,0.0819,16.68,0,cpu,20,165,199.36,0.0,0.0
57,greedy,2,0.0838,16.92,0,cpu,24,167,240.58,0.0,0.0
58,greedy,2,0.0862,17.32,0,cpu,22,225,222.78,0.0,0.0
59,greedy,2,0.0893,17.66,0,cpu,33,244,336.1,0.0,0.0
60,greedy,2,0.0928,18.08,0,cpu,35,288,358.08,0.0,0.0
61,greedy,2,0.0945,18.24,0,cpu,20,157,201.24,0.0,0.0
62,greedy,2,0.0964,18.54,0,cpu,19,173,191.97,0.0,0.0
63,greedy,2,0.0993,18.76,0,cpu,31,238,314.74,0.0,0.0
64,greedy,2,0.1005,18.74,0,cpu,17,112,168.26,0.0,0.0
65,greedy,2,0.1018,18.74,0,cpu,18,122,179.07,0.0,0.0
66,greedy,2,0.1037,18.8,0,cpu,19,180,189.8,0.0,0.0
67,greedy,2,0.1061,18.92,0,cpu,27,219,272.59,0.0,0.0
68,greedy,2,0.1087,19.04,0,cpu,25,232,250.94,0.0,0.0
69,greedy,2,0.1111,19.26,0,cpu,27,211,271.27,0.0,0.0
70,greedy,2,0.113,19.42,0,cpu,23,175,232.59,0.0,0.0
71,greedy,2,0.1167,19.8,0,cpu,37,296,375.82,0.0,0.0
72,greedy,2,0.1179,19.68,0,cpu,15,109,148.17,0.0,0.0
73,greedy,2,0.1192,19.52,0,cpu,16,124,159.43,0.0,0.0
74,greedy,2,0.1202,19.4,0,cpu,16,103,157.74,0.0,0.0
75,greedy,2,0.1209,18.9,0,cpu,10,66,94.15,0.0,0.0
76,greedy,2,0.1238,19.24,0,cpu,28,248,284.51,0.0,0.0
77,greedy,2,0.1246,19.24,0,cpu,12,70,114.93,0.0,0.0
78,greedy,2,0.1256,18.98,0,cpu,14,99,135.76,0.0,0.0
79,greedy,2,0.1267,18.86,0,cpu,15,113,148.53,0.0,0.0
80,greedy,2,0.1285,18.92,0,cpu,19,169,191.81,0.0,0.0
81,greedy,2,0.1314,19.14,0,cpu,30,243,306.28,0.0,0.0
82,greedy,2,0.1326,19.16,0,cpu,16,113,157.44,0.0,0.0
83,greedy,2,0.1337,18.9,0,cpu,13,99,126.45,0.0,0.0
84,greedy,2,0.1352,19.0,0,cpu,20,145,200.36,0.0,0.0
85,greedy,2,0.1361,18.92,0,cpu,14,77,134.58,0.0,0.0
86,greedy,2,0.1381,19.02,0,cpu,24,185,242.4,0.0,0.0
87,greedy,2,0.14,19.02,0,cpu,19,173,191.17,0.0,0.0
88,greedy,2,0.1418,19.06,0,cpu,16,163,158.94,0.0,0.0
89,greedy,2,0.1441,19.0,0,cpu,25,214,251.32,0.0,0.0
90,greedy,2,0.1452,19.04,0,cpu,13,117,126.47,0.0,0.0
91,greedy,2,0.1469,19.16,0,cpu,17,151,170.37,0.0,0.0
92,greedy,2,0.1498,19.66,0,cpu,30,253,304.98,0.0,0.0
93,greedy,2,0.1513,19.7,0,cpu,18,133,179.66,0.0,0.0
94,greedy,2,0.1531,19.72,0,cpu,22,156,220.57,0.0,0.0
95,greedy,2,0.1558,19.94,0,cpu,26,240,262.77,0.0,0.0
96,greedy,2,0.1569,19.74,0,cpu,12,103,116.7,0.0,0.0
97,greedy,2,0.1584,19.84,0,cpu,18,147,178.92,0.0,0.0
98,greedy,2,0.1623,20.56,0,cpu,39,324,398.76,0.0,0.0
99,greedy,2,0.1647,20.88,0,cpu,27,206,274.22,0.0,0.0
100,greedy,2,0.1663,20.9,0,cpu,18,155,179.84,0.0,0.0
101,greedy,2,0.1679,21.02,0,cpu,22,139,220.04,0.0,0.0
102,greedy,2,0.169,20.94,0,cpu,15,104,146.92,0.0,0.0
103,greedy,2,0.1706,20.92,0,cpu,20,145,200.36,0.0,0.0
104,greedy,2,0.1721,20.98,0,cpu,17,131,169.17,0.0,0.0
105,greedy,2,0.1733,20.94,0,cpu,14,117,136.98,0.0,0.0
106,greedy,2,0.1747,20.9,0,cpu,18,128,179.01,0.0,0.0
107,greedy,2,0.1767,20.86,0,cpu,22,184,222.69,0.0,0.0
108,greedy,2,0.1796,20.98,0,cpu,28,256,286.03,0.0,0.0
109,greedy,2,0.1812,20.7,0,cpu,19,140,189.2,0.0,0.0
110,greedy,2,0.1834,20.56,0,cpu,28,191,283.18,0.0,0.0
111,greedy,2,0.1854,20.56,0,cpu,20,185,202.36,0.0,0.0
112,greedy,2,0.1868,20.56,0,cpu,19,138,189.22,0.0,0.0
113,greedy,2,0.1886,20.34,0,cpu,20,172,200.99,0.0,0.0
114,greedy,2,0.1896,20.18,0,cpu,9,100,85.9,0.0,0.0
115,greedy,2,0.1915,20.24,0,cpu,21,176,213.06,0.0,0.0
116,greedy,2,0.1928,20.16,0,cpu,15,132,147.04,0.0,0.0
117,greedy,2,0.1935,19.8,0,cpu,9,77,84.03,0.0,0.0
118,greedy,2,0.1946,19.5,0,cpu,10,112,95.09,0.0,0.0
119,greedy,2,0.1964,19.42,0,cpu,23,160,231.64,0.0,0.0
120,greedy,2,0.1973,19.16,0,cpu,10,82,94.99,0.0,0.0
121,greedy,2,0.1984,18.7,0,cpu,14,100,137.05,0.0,0.0
122,greedy,2,0.1997,18.72,0,cpu,16,128,158.99,0.0,0.0
123,greedy,2,0.2014,18.86,0,cpu,23,142,228.82,0.0,0.0
124,greedy,2,0.2022,18.76,0,cpu,11,73,105.29,0.0,0.0
125,greedy,2,0.2037,18.98,0,cpu,21,127,208.45,0.0,0.0
126,greedy,2,0.2062,18.98,0,cpu,28,180,282.19,0.0,0.0
127,greedy,2,0.2079,19.16,0,cpu,21,146,208.96,0.0,0.0
128,greedy,2,0.2088,19.16,0,cpu,14,90,136.55,0.0,0.0
129,greedy,2,0.2093,18.98,0,cpu,6,46,53.11,0.0,0.0
130,greedy,2,0.2118,19.06,0,cpu,23,227,233.87,0.0,0.0
131,greedy,2,0.2135,18.82,0,cpu,18,165,178.74,0.0,0.0
132,greedy,2,0.2164,19.1,0,cpu,30,246,305.55,0.0,0.0
133,greedy,2,0.2175,19.12,0,cpu,14,103,137.12,0.0,0.0
134,greedy,2,0.2208,19.32,0,cpu,30,289,304.42,0.0,0.0
135,greedy,2,0.2241,19.58,0,cpu,27,308,275.6,0.0,0.0
136,greedy,2,0.2249,19.32,0,cpu,11,74,105.58,0.0,0.0
137,greedy,2,0.2262,19.26,0,cpu,16,126,157.21,0.0,0.0
138,greedy,2,0.2281,19.4,0,cpu,23,171,230.23,0.0,0.0
139,greedy,2,0.2298,19.34,0,cpu,22,158,220.55,0.0,0.0
140,greedy,2,0.2313,19.38,0,cpu,15,138,150.58,0.0,0.0
141,greedy,2,0.2329,19.4,0,cpu,18,140,179.89,0.0,0.0
142,greedy,2,0.2353,19.3,0,cpu,25,224,255.42,0.0,0.0
143,greedy,2,0.2383,19.54,0,cpu,30,260,306.81,0.0,0.0
144,greedy,2,0.2415,19.7,0,cpu,30,271,303.4,0.0,0.0
145,greedy,2,0.2432,19.62,0,cpu,22,158,219.75,0.0,0.0
146,greedy,2,0.2455,19.86,0,cpu,24,211,243.14,0.0,0.0
147,greedy,2,0.2469,19.84,0,cpu,17,127,168.81,0.0,0.0
148,greedy,2,0.2476,19.24,0,cpu,9,64,83.66,0.0,0.0
149,greedy,2,0.2481,18.86,0,cpu,8,46,72.93,0.0,0.0
150,greedy,2,0.2506,19.1,0,cpu,30,216,300.65,0.0,0.0
151,greedy,2,0.2514,18.88,0,cpu,11,75,105.67,0.0,0.0
152,greedy,2,0.2529,18.88,0,cpu,15,143,146.83,0.0,0.0
153,greedy,2,0.2548,18.9,0,cpu,21,177,211.75,0.0,0.0
154,greedy,2,0.2568,19.0,0,cpu,22,173,219.1,0.0,0.0
155,greedy,2,0.2584,19.1,0,cpu,19,163,190.07,0.0,0.0
156,greedy,2,0.2599,19.08,0,cpu,17,135,168.53,0.0,0.0
157,greedy,2,0.2619,19.1,0,cpu,23,187,232.27,0.0,0.0
158,greedy,2,0.2629,18.76,0,cpu,11,91,105.91,0.0,0.0
159,greedy,2,0.2649,18.88,0,cpu,25,172,250.34,0.0,0.0
160,greedy,2,0.2656,18.56,0,cpu,12,67,114.86,0.0,0.0
161,greedy,2,0.2683,18.72,0,cpu,28,251,282.98,0.0,0.0
162,greedy,2,0.2696,18.7,0,cpu,18,124,177.85,0.0,0.0
163,greedy,2,0.2708,18.64,0,cpu,17,108,167.9,0.0,0.0
164,greedy,2,0.2725,18.8,0,cpu,17,174,169.44,0.0,0.0
165,greedy,2,0.2742,18.78,0,cpu,20,145,200.36,0.0,0.0
166,greedy,2,0.2767,19.02,0,cpu,27,215,273.63,0.0,0.0
167,greedy,2,0.2778,19.12,0,cpu,14,95,137.2,0.0,0.0
168,greedy,2,0.2787,19.14,0,cpu,11,80,105.52,0.0,0.0
169,greedy,2,0.2796,18.9,0,cpu,11,91,106.71,0.0,0.0
170,greedy,2,0.2824,19.26,0,cpu,28,234,281.85,0.0,0.0
171,greedy,2,0.2838,19.34,0,cpu,18,134,179.35,0.0,0.0
172,greedy,2,0.2849,19.3,0,cpu,14,104,138.01,0.0,0.0
173,greedy,2,0.2858,19.08,0,cpu,12,87,116.26,0.0,0.0
174,greedy,2,0.2874,19.24,0,cpu,19,135,187.55,0.0,0.0
175,greedy,2,0.2883,19.08,0,cpu,13,94,127.0,0.0,0.0
176,greedy,2,0.2888,18.72,0,cpu,10,40,92.41,0.0,0.0
177,greedy,2,0.291,18.72,0,cpu,21,201,209.51,0.0,0.0
178,greedy,2,0.2917,18.6,0,cpu,8,68,75.11,0.0,0.0
179,greedy,2,0.2921,18.58,0,cpu,5,39,41.57,0.0,0.0
180,greedy,2,0.2925,18.28,0,cpu,8,43,73.06,0.0,0.0
181,greedy,2,0.2935,18.16,0,cpu,12,92,115.91,0.0,0.0
182,greedy,2,0.2959,18.06,0,cpu,25,218,253.48,0.0,0.0
183,greedy,2,0.2981,18.22,0,cpu,22,197,220.46,0.0,0.0
184,greedy,2,0.2992,17.88,0,cpu,13,103,128.01,0.0,0.0
185,greedy,2,0.301,17.84,0,cpu,25,149,250.47,0.0,0.0
186,greedy,2,0.3035,18.14,0,cpu,26,228,262.09,0.0,0.0
187,greedy,2,0.3049,18.16,0,cpu,17,121,167.87,0.0,0.0
188,greedy,2,0.3061,18.0,0,cpu,15,104,146.32,0.0,0.0
189,greedy,2,0.3081,17.96,0,cpu,20,194,199.77,0.0,0.0
190,greedy,2,0.3099,18.08,0,cpu,21,171,210.61,0.0,0.0
191,greedy,2,0.3111,18.04,0,cpu,16,106,157.21,0.0,0.0
192,greedy,2,0.3132,18.02,0,cpu,24,195,240.7,0.0,0.0
193,greedy,2,0.3146,17.7,0,cpu,14,135,137.2,0.0,0.0
194,greedy,2,0.3167,17.56,0,cpu,23,183,231.31,0.0,0.0
195,greedy,2,0.3185,17.58,0,cpu,23,170,231.34,0.0,0.0
196,greedy,2,0.3199,17.38,0,cpu,14,145,139.5,0.0,0.0
197,greedy,2,0.3211,17.34,0,cpu,15,113,148.13,0.0,0.0
198,greedy,2,0.3229,17.54,0,cpu,19,171,190.59,0.0,0.0
199,greedy,2,0.3243,17.7,0,cpu,16,131,158.66,0.0,0.0
200,greedy,2,0.3259,17.46,0,cpu,18,152,180.77,0.0,0.0
201,greedy,2,0.3287,17.86,0,cpu,31,258,316.14,0.0,0.0
202,greedy,2,0.3291,17.72,0,cpu,8,40,72.59,0.0,0.0
203,greedy,2,0.3307,17.74,0,cpu,22,131,218.92,0.0,0.0
204,greedy,2,0.3313,17.48,0,cpu,9,52,83.78,0.0,0.0
205,greedy,2,0.3336,17.6,0,cpu,25,210,253.76,0.0,0.0
206,greedy,2,0.3361,17.9,0,cpu,32,216,325.07,0.0,0.0
207,greedy,2,0.3376,17.78,0,cpu,17,144,169.34,0.0,0.0
208,greedy,2,0.339,17.98,0,cpu,21,113,206.39,0.0,0.0
209,greedy,2,0.341,17.94,0,cpu,23,178,231.26,0.0,0.0
210,greedy,2,0.3435,18.2,0,cpu,25,231,254.05,0.0,0.0
211,greedy,2,0.3448,17.94,0,cpu,15,131,148.75,0.0,0.0
212,greedy,2,0.347,18.02,0,cpu,22,210,224.83,0.0,0.0
213,greedy,2,0.3486,18.02,0,cpu,17,150,169.28,0.0,0.0
214,greedy,2,0.3496,17.92,0,cpu,12,99,116.74,0.0,0.0
215,greedy,2,0.3512,17.88,0,cpu,18,152,179.77,0.0,0.0
216,greedy,2,0.3531,17.78,0,cpu,22,178,222.15,0.0,0.0
217,greedy,2,0.3543,17.8,0,cpu,15,110,147.66,0.0,0.0
218,greedy,2,0.3569,18.14,0,cpu,28,241,286.88,0.0,0.0
219,greedy,2,0.3583,18.24,0,cpu,16,139,159.78,0.0,0.0
220,greedy,2,0.3603,18.12,0,cpu,22,186,219.47,0.0,0.0
221,greedy,2,0.3614,18.08,0,cpu,16,113,158.04,0.0,0.0
222,greedy,2,0.363,18.16,0,cpu,18,160,179.49,0.0,0.0
223,greedy,2,0.3661,18.48,0,cpu,28,274,282.45,0.0,0.0
224,greedy,2,0.3675,18.46,0,cpu,18,130,179.39,0.0,0.0
225,greedy,2,0.3687,18.56,0,cpu,18,113,178.46,0.0,0.0
226,greedy,2,0.3717,18.94,0,cpu,29,264,294.66,0.0,0.0
227,greedy,2,0.3729,18.76,0,cpu,12,119,117.74,0.0,0.0
228,greedy,2,0.3754,19.18,0,cpu,29,225,292.35,0.0,0.0
229,greedy,2,0.3784,19.7,0,cpu,31,258,316.34,0.0,0.0
230,greedy,2,0.38,19.84,0,cpu,15,166,150.1,0.0,0.0
231,greedy,2,0.3815,19.94,0,cpu,17,132,168.66,0.0,0.0
232,greedy,2,0.383,19.8,0,cpu,18,150,180.59,0.0,0.0
233,greedy,2,0.3835,19.5,0,cpu,7,51,62.07,0.0,0.0
234,greedy,2,0.3842,19.4,0,cpu,8,69,72.2,0.0,0.0
235,greedy,2,0.3858,19.22,0,cpu,16,167,157.3,0.0,0.0
236,greedy,2,0.3872,19.04,0,cpu,17,143,168.45,0.0,0.0
237,greedy,2,0.3897,19.14,0,cpu,22,220,218.53,0.0,0.0
238,greedy,2,0.3919,19.32,0,cpu,24,207,244.38,0.0,0.0
239,greedy,2,0.3927,19.14,0,cpu,11,74,105.18,0.0,0.0
240,greedy,2,0.3942,19.08,0,cpu,18,138,179.91,0.0,0.0
241,greedy,2,0.3974,19.4,0,cpu,32,278,327.05,0.0,0.0
242,greedy,2,0.3986,19.16,0,cpu,12,109,117.24,0.0,0.0
243,greedy,2,0.3997,19.2,0,cpu,16,98,155.49,0.0,0.0
244,greedy,2,0.4005,19.02,0,cpu,14,73,135.02,0.0,0.0
245,greedy,2,0.4019,18.84,0,cpu,14,125,137.3,0.0,0.0
246,greedy,2,0.4033,18.88,0,cpu,16,142,159.45,0.0,0.0
247,greedy,2,0.4073,19.26,0,cpu,34,316,345.29,0.0,0.0
248,greedy,2,0.4084,19.12,0,cpu,12,93,115.0,0.0,0.0
249,greedy,2,0.4098,19.12,0,cpu,16,132,160.15,0.0,0.0
250,greedy,2,0.4108,19.02,0,cpu,13,97,127.27,0.0,0.0
251,greedy,2,0.4129,18.88,0,cpu,24,190,242.25,0.0,0.0
252,greedy,2,0.4137,18.92,0,cpu,10,75,95.36,0.0,0.0
253,greedy,2,0.4155,18.84,0,cpu,18,160,181.49,0.0,0.0
254,greedy,2,0.417,19.02,0,cpu,18,152,179.37,0.0,0.0
255,greedy,2,0.4188,18.94,0,cpu,21,153,208.59,0.0,0.0
256,greedy,2,0.4201,18.62,0,cpu,16,120,157.47,0.0,0.0
257,greedy,2,0.4218,18.64,0,cpu,18,163,180.96,0.0,0.0
258,greedy,2,0.4249,18.74,0,cpu,26,276,262.61,0.0,0.0
259,greedy,2,0.4263,18.58,0,cpu,15,136,147.8,0.0,0.0
260,greedy,2,0.4267,18.2,0,cpu,6,35,52.52,0.0,0.0
261,greedy,2,0.4288,18.34,0,cpu,22,190,222.83,0.0,0.0
262,greedy,2,0.4302,18.24,0,cpu,17,130,169.08,0.0,0.0
263,greedy,2,0.4309,18.08,0,cpu,9,58,83.72,0.0,0.0
264,greedy,2,0.4314,18.0,0,cpu,8,47,73.42,0.0,0.0
265,greedy,2,0.4332,18.1,0,cpu,23,168,230.76,0.0,0.0
266,greedy,2,0.4347,18.02,0,cpu,18,142,180.27,0.0,0.0
267,greedy,2,0.4366,18.14,0,cpu,21,176,212.46,0.0,0.0
268,greedy,2,0.4382,17.96,0,cpu,19,149,190.61,0.0,0.0
269,greedy,2,0.4396,18.0,0,cpu,18,121,178.78,0.0,0.0
270,greedy,2,0.4413,17.96,0,cpu,20,166,201.65,0.0,0.0
271,greedy,2,0.4427,17.98,0,cpu,17,134,170.24,0.0,0.0
272,greedy,2,0.446,18.24,0,cpu,31,286,315.06,0.0,0.0
273,greedy,2,0.4473,18.0,0,cpu,16,119,158.78,0.0,0.0
274,greedy,2,0.4483,17.88,0,cpu,12,84,115.59,0.0,0.0
275,greedy,2,0.4506,18.0,0,cpu,24,215,242.9,0.0,0.0
276,greedy,2,0.4528,17.88,0,cpu,23,203,231.31,0.0,0.0
277,greedy,2,0.4569,18.28,0,cpu,32,361,326.92,0.0,0.0
278,greedy,2,0.4579,18.0,0,cpu,15,91,145.55,0.0,0.0
279,greedy,2,0.4598,17.8,0,cpu,21,180,211.02,0.0,0.0
280,greedy,2,0.4617,17.94,0,cpu,22,179,220.04,0.0,0.0
281,greedy,2,0.464,18.14,0,cpu,27,191,270.87,0.0,0.0
282,greedy,2,0.4655,18.16,0,cpu,19,134,189.06,0.0,0.0
283,greedy,2,0.4672,18.48,0,cpu,23,148,228.36,0.0,0.0
284,greedy,2,0.4704,18.94,0,cpu,31,279,316.23,0.0,0.0
285,greedy,2,0.4746,19.3,0,cpu,34,367,346.48,0.0,0.0
286,greedy,2,0.4758,19.3,0,cpu,17,108,166.9,0.0,0.0
287,greedy,2,0.4786,19.42,0,cpu,28,256,286.83,0.0,0.0
288,greedy,2,0.4803,19.3,0,cpu,18,153,178.26,0.0,0.0
289,greedy,2,0.4813,19.28,0,cpu,10,85,95.46,0.0,0.0
290,greedy,2,0.4851,19.6,0,cpu,34,341,350.94,0.0,0.0
291,greedy,2,0.4862,19.28,0,cpu,16,102,157.65,0.0,0.0
292,greedy,2,0.4875,19.34,0,cpu,15,122,149.14,0.0,0.0
293,greedy,2,0.4895,19.4,0,cpu,19,184,189.36,0.0,0.0
294,greedy,2,0.4902,19.3,0,cpu,9,57,83.43,0.0,0.0
295,greedy,2,0.492,19.42,0,cpu,20,168,200.63,0.0,0.0
296,greedy,2,0.4924,19.22,0,cpu,6,33,52.34,0.0,0.0
297,greedy,2,0.4948,19.1,0,cpu,28,204,284.75,0.0,0.0
298,greedy,2,0.4962,19.18,0,cpu,16,131,158.06,0.0,0.0
299,greedy,2,0.4969,19.1,0,cpu,12,62,114.01,0.0,0.0
300,greedy,2,0.4981,19.16,0,cpu,16,107,156.9,0.0,0.0
301,greedy,2,0.5001,19.16,0,cpu,24,179,242.66,0.0,0.0
302,greedy,2,0.5029,19.48,0,cpu,26,264,261.73,0.0,0.0
303,greedy,2,0.5047,19.54,0,cpu,21,163,210.89,0.0,0.0
304,greedy,2,0.5062,19.54,0,cpu,18,138,178.91,0.0,0.0
305,greedy,2,0.509,19.72,0,cpu,30,241,307.1,0.0,0.0
306,greedy,2,0.5126,20.14,0,cpu,37,309,377.19,0.0,0.0
307,greedy,2,0.5147,20.24,0,cpu,23,177,230.37,0.0,0.0
308,greedy,2,0.5159,20.0,0,cpu,14,108,136.17,0.0,0.0
309,greedy,2,0.5176,20.14,0,cpu,22,160,221.73,0.0,0.0
310,greedy,2,0.5181,20.18,0,cpu,8,44,72.95,0.0,0.0
311,greedy,2,0.5196,20.12,0,cpu,19,138,188.62,0.0,0.0
312,greedy,2,0.522,20.36,0,cpu,29,210,295.0,0.0,0.0
313,greedy,2,0.5241,20.58,0,cpu,20,181,202.8,0.0,0.0
314,greedy,2,0.5273,21.04,0,cpu,31,292,315.6,0.0,0.0
315,greedy,2,0.5285,20.86,0,cpu,14,112,138.33,0.0,0.0
316,greedy,2,0.5318,21.12,0,cpu,31,281,312.81,0.0,0.0
317,greedy,2,0.5335,21.12,0,cpu,21,158,211.84,0.0,0.0
318,greedy,2,0.5348,21.04,0,cpu,15,111,146.15,0.0,0.0
319,greedy,2,0.5364,21.06,0,cpu,19,152,189.88,0.0,0.0
320,greedy,2,0.5384,21.16,0,cpu,25,175,252.41,0.0,0.0
321,greedy,2,0.54,21.16,0,cpu,17,139,168.89,0.0,0.0
322,greedy,2,0.5418,20.94,0,cpu,20,164,198.47,0.0,0.0
323,greedy,2,0.5459,21.36,0,cpu,37,355,378.73,0.0,0.0
324,greedy,2,0.5467,21.34,0,cpu,11,68,105.04,0.0,0.0
325,greedy,2,0.5481,21.16,0,cpu,15,123,148.03,0.0,0.0
326,greedy,2,0.5502,21.1,0,cpu,20,191,199.7,0.0,0.0
327,greedy,2,0.552,20.9,0,cpu,22,157,219.26,0.0,0.0
328,greedy,2,0.5534,20.92,0,cpu,16,141,159.96,0.0,0.0
329,greedy,2,0.5554,20.88,0,cpu,19,191,191.79,0.0,0.0
330,greedy,2,0.5571,20.8,0,cpu,18,152,178.37,0.0,0.0
331,greedy,2,0.5583,20.62,0,cpu,18,110,177.39,0.0,0.0
332,greedy,2,0.5613,20.84,0,cpu,30,273,304.98,0.0,0.0
333,greedy,2,0.5629,20.72,0,cpu,17,150,168.68,0.0,0.0
334,greedy,2,0.5651,20.54,0,cpu,22,199,223.04,0.0,0.0
335,greedy,2,0.5667,20.22,0,cpu,18,156,180.33,0.0,0.0
336,greedy,2,0.5679,20.2,0,cpu,16,115,158.22,0.0,0.0
337,greedy,2,0.5692,20.0,0,cpu,18,125,177.14,0.0,0.0
338,greedy,2,0.5703,19.92,0,cpu,14,103,136.92,0.0,0.0
339,greedy,2,0.5717,20.04,0,cpu,16,133,158.44,0.0,0.0
340,greedy,2,0.573,19.72,0,cpu,18,109,177.3,0.0,0.0
341,greedy,2,0.5743,19.72,0,cpu,16,118,157.49,0.0,0.0
342,greedy,2,0.577,20.06,0,cpu,32,230,323.73,0.0,0.0
343,greedy,2,0.5794,20.12,0,cpu,22,231,221.52,0.0,0.0
344,greedy,2,0.5804,20.22,0,cpu,14,89,135.86,0.0,0.0
345,greedy,2,0.5822,20.24,0,cpu,21,165,212.87,0.0,0.0
346,greedy,2,0.5841,20.54,0,cpu,21,178,212.24,0.0,0.0
347,greedy,2,0.5863,20.48,0,cpu,25,203,254.53,0.0,0.0
348,greedy,2,0.5877,20.54,0,cpu,19,131,189.19,0.0,0.0
349,greedy,2,0.5887,20.54,0,cpu,12,89,116.44,0.0,0.0
350,greedy,2,0.5903,20.58,0,cpu,18,142,178.47,0.0,0.0
351,greedy,2,0.5922,20.5,0,cpu,20,165,199.36,0.0,0.0
352,greedy,2,0.5937,20.3,0,cpu,16,137,159.4,0.0,0.0
353,greedy,2,0.596,20.38,0,cpu,25,206,252.4,0.0,0.0
354,greedy,2,0.5978,20.46,0,cpu,22,157,220.26,0.0,0.0
355,greedy,2,0.5994,20.22,0,cpu,18,147,179.12,0.0,0.0
356,greedy,2,0.6009,19.76,0,cpu,14,154,139.11,0.0,0.0
357,greedy,2,0.6032,19.78,0,cpu,24,203,241.42,0.0,0.0
358,greedy,2,0.6054,20.0,0,cpu,25,199,254.17,0.0,0.0
359,greedy,2,0.6085,20.18,0,cpu,31,276,316.96,0.0,0.0
360,greedy,2,0.6101,20.36,0,cpu,17,148,169.1,0.0,0.0
361,greedy,2,0.6124,20.46,0,cpu,24,212,244.63,0.0,0.0
362,greedy,2,0.614,20.24,0,cpu,18,150,179.59,0.0,0.0
363,greedy,2,0.6167,20.42,0,cpu,29,236,294.54,0.0,0.0
364,greedy,2,0.6173,20.0,0,cpu,10,61,94.1,0.0,0.0
365,greedy,2,0.6196,20.2,0,cpu,24,197,241.88,0.0,0.0
366,greedy,2,0.6211,19.92,0,cpu,17,140,170.18,0.0,0.0
367,greedy,2,0.6227,19.86,0,cpu,18,150,178.79,0.0,0.0
368,greedy,2,0.6248,20.0,0,cpu,22,204,222.89,0.0,0.0
369,greedy,2,0.6263,20.0,0,cpu,19,141,190.09,0.0,0.0
370,greedy,2,0.6268,19.66,0,cpu,8,56,73.23,0.0,0.0
371,greedy,2,0.6297,19.96,0,cpu,32,247,325.06,0.0,0.0
372,greedy,2,0.6339,20.28,0,cpu,36,368,368.59,0.0,0.0
373,greedy,2,0.6366,20.08,0,cpu,27,253,274.85,0.0,0.0
374,greedy,2,0.6388,20.34,0,cpu,24,181,241.44,0.0,0.0
375,greedy,2,0.6407,20.32,0,cpu,14,114,138.31,0.0,0.0
376,greedy,2,0.6427,20.4,0,cpu,24,154,240.01,0.0,0.0
377,greedy,2,0.6442,20.28,0,cpu,16,126,159.01,0.0,0.0
378,greedy,2,0.6456,20.28,0,cpu,16,131,159.86,0.0,0.0
379,greedy,2,0.6488,20.32,0,cpu,21,222,210.6,0.0,0.0
380,greedy,2,0.6517,20.5,0,cpu,27,235,271.03,0.0,0.0
381,greedy,2,0.6536,20.52,0,cpu,19,159,190.11,0.0,0.0
382,greedy,2,0.6566,20.38,0,cpu,23,207,232.47,0.0,0.0
383,greedy,2,0.6581,20.34,0,cpu,15,133,150.13,0.0,0.0
384,greedy,2,0.6615,20.5,0,cpu,30,242,304.59,0.0,0.0
385,greedy,2,0.6627,20.4,0,cpu,13,92,126.42,0.0,0.0
386,greedy,2,0.6664,20.66,0,cpu,29,262,295.28,0.0,0.0
387,greedy,2,0.6672,20.5,0,cpu,10,73,94.98,0.0,0.0
388,greedy,2,0.6693,20.7,0,cpu,24,159,239.46,0.0,0.0
389,greedy,2,0.6706,20.7,0,cpu,16,112,157.15,0.0,0.0
390,greedy,2,0.6718,20.64,0,cpu,15,91,145.95,0.0,0.0
391,greedy,2,0.6739,20.7,0,cpu,19,131,188.79,0.0,0.0
392,greedy,2,0.6749,20.3,0,cpu,12,91,115.62,0.0,0.0
393,greedy,2,0.6771,20.28,0,cpu,21,179,212.33,0.0,0.0
394,greedy,2,0.6788,20.36,0,cpu,18,145,177.74,0.0,0.0
395,greedy,2,0.6807,20.36,0,cpu,21,157,209.55,0.0,0.0
396,greedy,2,0.6833,20.42,0,cpu,24,179,243.26,0.0,0.0
397,greedy,2,0.6851,20.34,0,cpu,21,141,210.71,0.0,0.0
398,greedy,2,0.6866,20.28,0,cpu,16,133,160.04,0.0,0.0
399,greedy,2,0.6878,20.3,0,cpu,13,105,125.59,0.0,0.0
400,greedy,2,0.6888,20.22,0,cpu,14,90,135.15,0.0,0.0
401,greedy,2,0.6899,20.08,0,cpu,13,99,127.45,0.0,0.0
402,greedy,2,0.6922,20.3,0,cpu,27,212,274.96,0.0,0.0
403,greedy,2,0.6931,20.04,0,cpu,12,74,115.29,0.0,0.0
404,greedy,2,0.6957,20.1,0,cpu,25,231,253.45,0.0,0.0
405,greedy,2,0.6971,20.06,0,cpu,16,133,159.04,0.0,0.0
406,greedy,2,0.6985,20.12,0,cpu,17,115,168.73,0.0,0.0
407,greedy,2,0.6993,19.86,0,cpu,11,73,104.49,0.0,0.0
408,greedy,2,0.7013,19.8,0,cpu,22,171,222.32,0.0,0.0
409,greedy,2,0.7037,19.66,0,cpu,24,214,243.01,0.0,0.0
410,greedy,2,0.707,19.92,0,cpu,30,275,308.56,0.0,0.0
411,greedy,2,0.7083,19.76,0,cpu,16,124,158.23,0.0,0.0
412,greedy,2,0.7088,19.52,0,cpu,6,49,53.18,0.0,0.0
413,greedy,2,0.7099,19.18,0,cpu,12,102,116.61,0.0,0.0
414,greedy,2,0.7116,19.34,0,cpu,18,164,181.25,0.0,0.0
415,greedy,2,0.7125,19.06,0,cpu,10,76,95.45,0.0,0.0
416,greedy,2,0.7139,18.98,0,cpu,13,131,128.13,0.0,0.0
417,greedy,2,0.7147,18.78,0,cpu,8,69,74.6,0.0,0.0
418,greedy,2,0.7163,18.74,0,cpu,20,132,199.39,0.0,0.0
419,greedy,2,0.7167,18.52,0,cpu,8,40,72.59,0.0,0.0
420,greedy,2,0.7195,18.98,0,cpu,31,224,316.08,0.0,0.0
421,greedy,2,0.7236,19.06,0,cpu,36,333,366.04,0.0,0.0
422,greedy,2,0.7262,18.9,0,cpu,28,231,283.98,0.0,0.0
423,greedy,2,0.7277,18.68,0,cpu,16,132,159.15,0.0,0.0
424,greedy,2,0.7294,18.58,0,cpu,19,161,188.29,0.0,0.0
425,greedy,2,0.7327,18.78,0,cpu,24,283,239.02,0.0,0.0
426,greedy,2,0.7344,18.72,0,cpu,21,153,209.79,0.0,0.0
427,greedy,2,0.7365,18.86,0,cpu,23,190,230.94,0.0,0.0
428,greedy,2,0.738,18.88,0,cpu,17,136,167.42,0.0,0.0
429,greedy,2,0.7405,18.98,0,cpu,26,218,263.79,0.0,0.0
430,greedy,2,0.7428,18.96,0,cpu,26,203,261.64,0.0,0.0
431,greedy,2,0.7443,18.92,0,cpu,17,142,168.56,0.0,0.0
432,greedy,2,0.7481,19.14,0,cpu,34,318,348.47,0.0,0.0
433,greedy,2,0.7498,19.2,0,cpu,18,156,180.13,0.0,0.0
434,greedy,2,0.7505,18.78,0,cpu,9,74,85.36,0.0,0.0
435,greedy,2,0.7539,19.18,0,cpu,33,280,336.94,0.0,0.0
436,greedy,2,0.7551,18.88,0,cpu,14,116,133.69,0.0,0.0
437,greedy,2,0.7566,19.02,0,cpu,17,126,169.52,0.0,0.0
438,greedy,2,0.759,19.02,0,cpu,24,215,243.5,0.0,0.0
439,greedy,2,0.7609,19.14,0,cpu,22,166,220.27,0.0,0.0
440,greedy,2,0.7634,19.26,0,cpu,21,224,208.98,0.0,0.0
441,greedy,2,0.764,19.08,0,cpu,10,60,94.41,0.0,0.0
442,greedy,2,0.7652,19.14,0,cpu,15,99,146.67,0.0,0.0
443,greedy,2,0.7668,19.14,0,cpu,21,151,210.21,0.0,0.0
444,greedy,2,0.7676,19.0,0,cpu,11,80,104.92,0.0,0.0
445,greedy,2,0.77,19.1,0,cpu,26,205,262.02,0.0,0.0
446,greedy,2,0.7716,19.06,0,cpu,22,137,219.86,0.0,0.0
447,greedy,2,0.7739,19.1,0,cpu,23,207,232.27,0.0,0.0
448,greedy,2,0.7758,19.22,0,cpu,22,157,220.66,0.0,0.0
449,greedy,2,0.7769,19.28,0,cpu,16,101,156.36,0.0,0.0
450,greedy,2,0.7773,19.16,0,cpu,8,38,72.41,0.0,0.0
451,greedy,2,0.7796,19.42,0,cpu,26,216,263.41,0.0,0.0
452,greedy,2,0.781,19.3,0,cpu,21,125,209.07,0.0,0.0
453,greedy,2,0.7833,19.58,0,cpu,26,205,261.22,0.0,0.0
454,greedy,2,0.7866,19.78,0,cpu,35,286,359.5,0.0,0.0
455,greedy,2,0.7901,20.06,0,cpu,30,317,304.94,0.0,0.0
456,greedy,2,0.7917,20.1,0,cpu,19,145,189.05,0.0,0.0
457,greedy,2,0.7947,20.44,0,cpu,28,274,283.65,0.0,0.0
458,greedy,2,0.7967,20.4,0,cpu,20,196,199.35,0.0,0.0
459,greedy,2,0.798,20.24,0,cpu,16,110,157.17,0.0,0.0
460,greedy,2,0.7988,19.84,0,cpu,10,73,95.58,0.0,0.0
461,greedy,2,0.8003,19.88,0,cpu,18,136,179.13,0.0,0.0
462,greedy,2,0.8019,20.14,0,cpu,19,149,189.01,0.0,0.0
463,greedy,2,0.8031,20.2,0,cpu,15,112,147.24,0.0,0.0
464,greedy,2,0.8048,20.22,0,cpu,19,141,188.69,0.0,0.0
465,greedy,2,0.8055,20.22,0,cpu,10,67,94.64,0.0,0.0
466,greedy,2,0.8066,20.18,0,cpu,11,95,105.67,0.0,0.0
467,greedy,2,0.8081,20.34,0,cpu,16,156,158.71,0.0,0.0
468,greedy,2,0.8093,20.2,0,cpu,13,117,127.87,0.0,0.0
469,greedy,2,0.81,20.24,0,cpu,10,64,93.57,0.0,0.0
470,greedy,2,0.8122,20.08,0,cpu,23,202,233.42,0.0,0.0
471,greedy,2,0.8124,19.48,0,cpu,6,23,51.44,0.0,0.0
472,greedy,2,0.8142,19.42,0,cpu,25,153,250.23,0.0,0.0
473,greedy,2,0.8198,19.92,0,cpu,41,481,421.51,0.0,0.0
474,greedy,2,0.8216,19.96,0,cpu,21,157,210.55,0.0,0.0
475,greedy,2,0.8232,19.88,0,cpu,20,138,199.13,0.0,0.0
476,greedy,2,0.8252,19.88,0,cpu,21,175,211.17,0.0,0.0
477,greedy,2,0.8306,20.26,0,cpu,42,455,429.48,0.0,0.0
478,greedy,2,0.8329,20.38,0,cpu,23,203,230.31,0.0,0.0
479,greedy,2,0.8358,20.42,0,cpu,28,258,282.41,0.0,0.0
480,greedy,2,0.8368,20.18,0,cpu,14,90,136.75,0.0,0.0
481,greedy,2,0.8395,20.34,0,cpu,25,239,253.17,0.0,0.0
482,greedy,2,0.8418,20.16,0,cpu,25,192,253.54,0.0,0.0
483,greedy,2,0.8451,20.42,0,cpu,31,290,315.62,0.0,0.0
484,greedy,2,0.8461,20.48,0,cpu,12,101,115.72,0.0,0.0
485,greedy,2,0.8471,20.04,0,cpu,11,93,106.29,0.0,0.0
486,greedy,2,0.85,20.4,0,cpu,32,251,323.22,0.0,0.0
487,greedy,2,0.8517,20.42,0,cpu,18,152,179.17,0.0,0.0
488,greedy,2,0.8528,20.2,0,cpu,13,108,126.86,0.0,0.0
489,greedy,2,0.8554,20.28,0,cpu,26,232,264.65,0.0,0.0
490,greedy,2,0.8574,20.28,0,cpu,21,166,209.36,0.0,0.0
491,greedy,2,0.8588,20.42,0,cpu,17,132,167.46,0.0,0.0
492,greedy,2,0.8595,20.34,0,cpu,11,72,104.8,0.0,0.0
493,greedy,2,0.8621,20.44,0,cpu,26,238,263.39,0.0,0.0
494,greedy,2,0.8636,20.58,0,cpu,18,136,179.33,0.0,0.0
495,greedy,2,0.8647,20.34,0,cpu,14,97,135.98,0.0,0.0
496,greedy,2,0.8668,20.44,0,cpu,27,186,272.42,0.0,0.0
497,greedy,2,0.868,20.3,0,cpu,16,113,156.44,0.0,0.0
498,greedy,2,0.8692,20.18,0,cpu,16,117,159.0,0.0,0.0
499,greedy,2,0.8706,20.16,0,cpu,15,128,148.88,0.0,0.0
500,greedy,2,0.8725,20.36,0,cpu,18,182,179.67,0.0,0.0
501,greedy,2,0.8741,20.24,0,cpu,20,141,200.2,0.0,0.0
502,greedy,2,0.8769,20.36,0,cpu,27,251,273.87,0.0,0.0
503,greedy,2,0.8792,20.38,0,cpu,27,210,270.78,0.0,0.0
504,greedy,2,0.8807,20.04,0,cpu,18,123,178.96,0.0,0.0
505,greedy,2,0.8823,19.82,0,cpu,19,150,190.1,0.0,0.0
506,greedy,2,0.8854,20.04,0,cpu,30,274,305.67,0.0,0.0
507,greedy,2,0.8865,19.8,0,cpu,16,99,157.18,0.0,0.0
508,greedy,2,0.8881,19.72,0,cpu,16,148,157.59,0.0,0.0
509,greedy,2,0.8906,19.92,0,cpu,26,234,265.23,0.0,0.0
510,greedy,2,0.8929,20.14,0,cpu,21,217,211.95,0.0,0.0
511,greedy,2,0.8958,20.34,0,cpu,28,250,286.29,0.0,0.0
512,greedy,2,0.8969,20.24,0,cpu,14,106,136.39,0.0,0.0
513,greedy,2,0.8986,20.34,0,cpu,20,153,198.48,0.0,0.0
514,greedy,2,0.9011,20.54,0,cpu,29,223,293.57,0.0,0.0
515,greedy,2,0.9037,20.92,0,cpu,29,227,293.33,0.0,0.0
516,greedy,2,0.9061,21.24,0,cpu,27,220,274.28,0.0,0.0
517,greedy,2,0.9082,21.4,0,cpu,24,186,243.29,0.0,0.0
518,greedy,2,0.9104,21.72,0,cpu,29,195,293.25,0.0,0.0
519,greedy,2,0.9118,21.82,0,cpu,15,137,148.69,0.0,0.0
520,greedy,2,0.9156,22.0,0,cpu,32,332,327.71,0.0,0.0
521,greedy,2,0.918,22.38,0,cpu,25,219,253.57,0.0,0.0
522,greedy,2,0.9196,22.32,0,cpu,22,138,219.35,0.0,0.0
523,greedy,2,0.9213,21.82,0,cpu,16,162,160.85,0.0,0.0
524,greedy,2,0.923,21.74,0,cpu,17,154,169.04,0.0,0.0
525,greedy,2,0.9247,21.68,0,cpu,17,143,168.45,0.0,0.0
526,greedy,2,0.9255,21.52,0,cpu,13,76,125.18,0.0,0.0
527,greedy,2,0.9282,21.22,0,cpu,27,233,272.25,0.0,0.0
528,greedy,2,0.9293,21.06,0,cpu,15,108,146.48,0.0,0.0
529,greedy,2,0.9311,20.92,0,cpu,21,150,209.12,0.0,0.0
530,greedy,2,0.9345,21.28,0,cpu,32,298,326.05,0.0,0.0
531,greedy,2,0.936,21.16,0,cpu,19,133,188.97,0.0,0.0
532,greedy,2,0.9384,21.14,0,cpu,24,211,244.34,0.0,0.0
533,greedy,2,0.9408,20.98,0,cpu,23,197,231.17,0.0,0.0
534,greedy,2,0.9417,21.02,0,cpu,14,84,135.81,0.0,0.0
535,greedy,2,0.9425,20.96,0,cpu,8,74,75.25,0.0,0.0
536,greedy,2,0.944,20.68,0,cpu,18,143,181.16,0.0,0.0
537,greedy,2,0.9449,20.58,0,cpu,13,86,126.08,0.0,0.0
538,greedy,2,0.947,20.82,0,cpu,25,180,251.66,0.0,0.0
539,greedy,2,0.9483,20.62,0,cpu,16,125,158.12,0.0,0.0
540,greedy,2,0.9508,20.7,0,cpu,25,216,253.1,0.0,0.0
541,greedy,2,0.9538,21.02,0,cpu,33,248,333.86,0.0,0.0
542,greedy,2,0.956,21.2,0,cpu,20,203,203.18,0.0,0.0
543,greedy,2,0.9586,21.16,0,cpu,24,246,240.29,0.0,0.0
544,greedy,2,0.9605,21.22,0,cpu,21,179,211.73,0.0,0.0
545,greedy,2,0.9623,21.38,0,cpu,22,162,219.31,0.0,0.0
546,greedy,2,0.9641,21.32,0,cpu,24,152,240.43,0.0,0.0
547,greedy,2,0.9657,21.4,0,cpu,20,130,198.21,0.0,0.0
548,greedy,2,0.9672,21.42,0,cpu,17,145,171.43,0.0,0.0
549,greedy,2,0.9683,21.4,0,cpu,14,112,138.73,0.0,0.0
550,greedy,2,0.9712,21.64,0,cpu,30,243,304.48,0.0,0.0
551,greedy,2,0.9735,21.7,0,cpu,23,201,233.13,0.0,0.0
552,greedy,2,0.9751,21.56,0,cpu,20,150,201.01,0.0,0.0
553,greedy,2,0.9763,21.34,0,cpu,16,121,157.96,0.0,0.0
554,greedy,2,0.9775,21.26,0,cpu,14,117,137.78,0.0,0.0
555,greedy,2,0.9798,21.4,0,cpu,26,210,260.87,0.0,0.0
556,greedy,2,0.9811,21.08,0,cpu,14,122,139.03,0.0,0.0
557,greedy,2,0.9827,21.18,0,cpu,21,139,208.73,0.0,0.0
558,greedy,2,0.9831,21.0,0,cpu,7,43,63.15,0.0,0.0
559,greedy,2,0.9838,20.64,0,cpu,8,63,73.06,0.0,0.0
560,greedy,2,0.9843,20.34,0,cpu,6,51,52.56,0.0,0.0
561,greedy,2,0.9862,20.22,0,cpu,22,180,222.73,0.0,0.0
562,greedy,2,0.9876,20.26,0,cpu,16,131,157.66,0.0,0.0
563,greedy,2,0.9902,20.38,0,cpu,26,231,261.96,0.0,0.0
564,greedy,2,0.9928,20.44,0,cpu,32,220,324.23,0.0,0.0
565,greedy,2,0.9946,20.28,0,cpu,21,166,209.96,0.0,0.0
566,greedy,2,0.9949,19.86,0,cpu,6,34,52.43,0.0,0.0
567,greedy,2,0.9971,19.9,0,cpu,26,191,262.56,0.0,0.0
568,greedy,2,0.9976,19.46,0,cpu,7,38,62.3,0.0,0.0
569,greedy,2,0.9987,19.44,0,cpu,14,96,136.09,0.0,0.0
570,greedy,2,1.0009,19.3,0,cpu,25,196,252.5,0.0,0.0
571,greedy,2,1.0038,19.42,0,cpu,31,263,315.79,0.0,0.0
572,greedy,2,1.0068,19.56,0,cpu,29,253,296.07,0.0,0.0
573,greedy,2,1.008,19.56,0,cpu,16,116,157.71,0.0,0.0
574,greedy,2,1.0091,19.52,0,cpu,15,110,147.06,0.0,0.0
575,greedy,2,1.0102,19.5,0,cpu,16,96,155.71,0.0,0.0
576,greedy,2,1.0118,19.6,0,cpu,18,154,179.75,0.0,0.0
577,greedy,2,1.0159,19.74,0,cpu,34,356,350.29,0.0,0.0
578,greedy,2,1.0191,20.14,0,cpu,35,281,354.45,0.0,0.0
579,greedy,2,1.0219,20.26,0,cpu,27,248,272.8,0.0,0.0
580,greedy,2,1.0231,19.92,0,cpu,15,106,147.9,0.0,0.0
581,greedy,2,1.026,20.1,0,cpu,28,253,283.36,0.0,0.0
582,greedy,2,1.0277,19.98,0,cpu,18,172,182.57,0.0,0.0
583,greedy,2,1.0303,20.1,0,cpu,29,210,293.0,0.0,0.0
584,greedy,2,1.0317,20.2,0,cpu,19,114,188.26,0.0,0.0
585,greedy,2,1.0327,20.32,0,cpu,14,100,136.25,0.0,0.0
586,greedy,2,1.0349,20.42,0,cpu,23,194,232.9,0.0,0.0
587,greedy,2,1.0363,20.52,0,cpu,18,136,179.33,0.0,0.0
588,greedy,2,1.0382,20.46,0,cpu,22,166,218.87,0.0,0.0
589,greedy,2,1.0411,20.64,0,cpu,25,269,251.47,0.0,0.0
590,greedy,2,1.042,20.38,0,cpu,12,84,116.39,0.0,0.0
591,greedy,2,1.0435,20.1,0,cpu,19,141,188.49,0.0,0.0
592,greedy,2,1.0445,19.96,0,cpu,13,100,126.34,0.0,0.0
593,greedy,2,1.0459,19.8,0,cpu,16,126,157.41,0.0,0.0
594,greedy,2,1.0474,19.78,0,cpu,20,139,199.82,0.0,0.0
595,greedy,2,1.0492,19.8,0,cpu,23,153,230.81,0.0,0.0
596,greedy,2,1.0503,19.64,0,cpu,16,97,156.0,0.0,0.0
597,greedy,2,1.0518,19.58,0,cpu,17,147,169.41,0.0,0.0
598,greedy,2,1.0534,19.56,0,cpu,16,151,159.66,0.0,0.0
599,greedy,2,1.0557,19.78,0,cpu,25,215,254.21,0.0,0.0
600,greedy,2,1.0576,19.6,0,cpu,21,169,209.43,0.0,0.0
601,greedy,2,1.0595,19.58,0,cpu,22,176,220.57,0.0,0.0
602,greedy,2,1.0614,19.66,0,cpu,24,167,237.98,0.0,0.0
603,greedy,2,1.0633,19.76,0,cpu,21,180,211.22,0.0,0.0
604,greedy,2,1.065,19.88,0,cpu,20,161,202.6,0.0,0.0
605,greedy,2,1.0677,19.92,0,cpu,28,236,284.23,0.0,0.0
606,greedy,2,1.0696,20.08,0,cpu,22,172,219.01,0.0,0.0
607,greedy,2,1.0715,20.12,0,cpu,23,175,229.79,0.0,0.0
608,greedy,2,1.0725,20.24,0,cpu,13,86,125.48,0.0,0.0
609,greedy,2,1.0743,20.5,0,cpu,21,166,209.76,0.0,0.0
610,greedy,2,1.0766,20.88,0,cpu,25,209,253.27,0.0,0.0
611,greedy,2,1.0782,20.9,0,cpu,23,142,228.82,0.0,0.0
612,greedy,2,1.0808,21.12,0,cpu,27,221,273.77,0.0,0.0
613,greedy,2,1.0822,20.92,0,cpu,16,138,160.69,0.0,0.0
614,greedy,2,1.0835,20.62,0,cpu,17,123,168.45,0.0,0.0
615,greedy,2,1.085,20.6,0,cpu,20,138,197.13,0.0,0.0
616,greedy,2,1.0863,20.82,0,cpu,17,119,166.89,0.0,0.0
617,greedy,2,1.0884,20.74,0,cpu,22,201,221.82,0.0,0.0
618,greedy,2,1.0895,20.86,0,cpu,13,101,127.63,0.0,0.0
619,greedy,2,1.0905,20.9,0,cpu,16,88,155.19,0.0,0.0
620,greedy,2,1.0944,21.08,0,cpu,34,346,350.19,0.0,0.0
621,greedy,2,1.0984,21.26,0,cpu,40,322,408.89,0.0,0.0
622,greedy,2,1.1011,21.12,0,cpu,22,253,222.3,0.0,0.0
623,greedy,2,1.1033,21.3,0,cpu,25,186,252.8,0.0,0.0
624,greedy,2,1.1051,21.4,0,cpu,20,175,203.06,0.0,0.0
625,greedy,2,1.1075,21.58,0,cpu,25,215,250.81,0.0,0.0
626,greedy,2,1.11,21.72,0,cpu,25,227,250.49,0.0,0.0
627,greedy,2,1.1105,21.2,0,cpu,8,51,73.78,0.0,0.0
628,greedy,2,1.1131,21.04,0,cpu,27,240,275.48,0.0,0.0
629,greedy,2,1.1145,20.78,0,cpu,14,130,137.75,0.0,0.0
630,greedy,2,1.1161,20.9,0,cpu,21,140,208.22,0.0,0.0
631,greedy,2,1.119,20.88,0,cpu,27,264,276.24,0.0,0.0
632,greedy,2,1.1203,20.86,0,cpu,17,117,167.51,0.0,0.0
633,greedy,2,1.123,20.82,0,cpu,27,244,275.84,0.0,0.0
634,greedy,2,1.1239,20.7,0,cpu,13,86,125.48,0.0,0.0
635,greedy,2,1.1271,21.02,0,cpu,30,288,305.13,0.0,0.0
636,greedy,2,1.1289,21.0,0,cpu,22,160,220.93,0.0,0.0
637,greedy,2,1.1306,21.08,0,cpu,22,143,218.2,0.0,0.0
638,greedy,2,1.1315,20.88,0,cpu,12,77,114.76,0.0,0.0
639,greedy,2,1.1353,21.1,0,cpu,36,340,365.87,0.0,0.0
640,greedy,2,1.1365,21.14,0,cpu,14,122,136.43,0.0,0.0
641,greedy,2,1.1393,21.32,0,cpu,28,244,284.55,0.0,0.0
642,greedy,2,1.1415,21.48,0,cpu,21,216,211.46,0.0,0.0
643,greedy,2,1.1438,21.68,0,cpu,26,206,262.31,0.0,0.0
644,greedy,2,1.1458,21.74,0,cpu,23,189,233.85,0.0,0.0
645,greedy,2,1.1473,21.64,0,cpu,18,128,177.21,0.0,0.0
646,greedy,2,1.1504,21.92,0,cpu,30,266,306.35,0.0,0.0
647,greedy,2,1.1531,22.14,0,cpu,28,243,286.26,0.0,0.0
648,greedy,2,1.1565,22.52,0,cpu,35,268,356.68,0.0,0.0
649,greedy,2,1.1583,22.44,0,cpu,21,174,212.28,0.0,0.0
650,greedy,2,1.1611,22.6,0,cpu,29,251,292.69,0.0,0.0
651,greedy,2,1.1623,22.46,0,cpu,15,116,146.8,0.0,0.0
652,greedy,2,1.1634,22.26,0,cpu,14,93,136.62,0.0,0.0
653,greedy,2,1.1656,22.34,0,cpu,25,180,250.06,0.0,0.0
654,greedy,2,1.1698,22.7,0,cpu,38,354,387.95,0.0,0.0
655,greedy,2,1.1714,22.54,0,cpu,20,148,198.43,0.0,0.0
656,greedy,2,1.1746,22.66,0,cpu,28,284,283.15,0.0,0.0
657,greedy,2,1.1761,22.62,0,cpu,21,129,208.63,0.0,0.0
658,greedy,2,1.1779,22.74,0,cpu,19,174,189.86,0.0,0.0
659,greedy,2,1.181,22.96,0,cpu,32,252,324.31,0.0,0.0
660,greedy,2,1.1822,22.74,0,cpu,14,115,139.0,0.0,0.0
661,greedy,2,1.1842,22.72,0,cpu,22,179,220.64,0.0,0.0
662,greedy,2,1.185,22.38,0,cpu,10,79,93.52,0.0,0.0
663,greedy,2,1.1872,22.64,0,cpu,29,186,291.64,0.0,0.0
664,greedy,2,1.1888,22.66,0,cpu,18,149,180.1,0.0,0.0
665,greedy,2,1.1901,22.6,0,cpu,17,121,168.27,0.0,0.0
666,greedy,2,1.1913,22.62,0,cpu,18,107,177.52,0.0,0.0
667,greedy,2,1.1928,22.58,0,cpu,20,142,200.29,0.0,0.0
668,greedy,2,1.195,22.8,0,cpu,24,196,243.99,0.0,0.0
669,greedy,2,1.1965,22.84,0,cpu,18,135,178.84,0.0,0.0
670,greedy,2,1.1972,22.36,0,cpu,10,65,94.46,0.0,0.0
671,greedy,2,1.1977,21.68,0,cpu,6,47,52.8,0.0,0.0
672,greedy,2,1.201,21.88,0,cpu,32,287,326.06,0.0,0.0
673,greedy,2,1.2023,21.7,0,cpu,16,129,158.28,0.0,0.0
674,greedy,2,1.2047,21.82,0,cpu,26,215,263.52,0.0,0.0
675,greedy,2,1.2071,21.8,0,cpu,24,213,243.52,0.0,0.0
676,greedy,2,1.209,21.82,0,cpu,26,165,259.62,0.0,0.0
677,greedy,2,1.2102,21.98,0,cpu,16,113,158.24,0.0,0.0
678,greedy,2,1.2132,22.02,0,cpu,29,276,293.14,0.0,0.0
679,greedy,2,1.2143,22.0,0,cpu,13,92,126.62,0.0,0.0
680,greedy,2,1.2181,22.26,0,cpu,34,330,351.55,0.0,0.0
681,greedy,2,1.2202,22.18,0,cpu,23,187,233.87,0.0,0.0
682,greedy,2,1.2209,22.04,0,cpu,10,71,95.4,0.0,0.0
683,greedy,2,1.2219,21.7,0,cpu,10,97,95.94,0.0,0.0
684,greedy,2,1.2237,21.82,0,cpu,19,164,189.36,0.0,0.0
685,greedy,2,1.227,21.86,0,cpu,32,296,329.27,0.0,0.0
686,greedy,2,1.2293,21.94,0,cpu,26,200,263.37,0.0,0.0
687,greedy,2,1.2307,21.8,0,cpu,15,130,149.66,0.0,0.0
688,greedy,2,1.2319,21.9,0,cpu,17,104,166.74,0.0,0.0
689,greedy,2,1.2339,21.62,0,cpu,22,183,218.4,0.0,0.0
690,greedy,2,1.2353,21.68,0,cpu,17,139,168.29,0.0,0.0
691,greedy,2,1.2378,21.7,0,cpu,29,215,294.45,0.0,0.0
692,greedy,2,1.2407,21.86,0,cpu,29,240,294.3,0.0,0.0
693,greedy,2,1.2438,21.9,0,cpu,28,265,282.64,0.0,0.0
694,greedy,2,1.2465,21.98,0,cpu,27,236,273.32,0.0,0.0
695,greedy,2,1.2489,22.12,0,cpu,25,212,250.34,0.0,0.0
696,greedy,2,1.2518,22.14,0,cpu,31,258,315.74,0.0,0.0
697,greedy,2,1.2545,22.16,0,cpu,29,244,294.66,0.0,0.0
698,greedy,2,1.2567,21.9,0,cpu,22,179,220.04,0.0,0.0
699,greedy,2,1.2591,22.0,0,cpu,26,218,263.39,0.0,0.0
700,greedy,2,1.2606,21.74,0,cpu,16,148,158.59,0.0,0.0
701,greedy,2,1.262,21.78,0,cpu,17,123,168.45,0.0,0.0
702,greedy,2,1.2634,21.78,0,cpu,14,139,140.16,0.0,0.0
703,greedy,2,1.2641,21.48,0,cpu,10,60,94.21,0.0,0.0
704,greedy,2,1.2658,21.12,0,cpu,20,159,200.22,0.0,0.0
705,greedy,2,1.2672,21.04,0,cpu,16,131,158.86,0.0,0.0
706,greedy,2,1.2705,21.1,0,cpu,31,293,312.89,0.0,0.0
707,greedy,2,1.2729,21.2,0,cpu,26,211,265.36,0.0,0.0
708,greedy,2,1.2748,21.32,0,cpu,25,164,249.82,0.0,0.0
709,greedy,2,1.2756,20.88,0,cpu,10,72,94.69,0.0,0.0
710,greedy,2,1.277,20.94,0,cpu,17,135,167.53,0.0,0.0
711,greedy,2,1.2784,20.8,0,cpu,15,129,150.17,0.0,0.0
712,greedy,2,1.2796,20.86,0,cpu,13,116,126.38,0.0,0.0
713,greedy,2,1.2824,20.88,0,cpu,30,232,304.29,0.0,0.0
714,greedy,2,1.284,20.88,0,cpu,18,161,181.58,0.0,0.0
715,greedy,2,1.2859,20.9,0,cpu,18,174,183.55,0.0,0.0
716,greedy,2,1.2867,20.78,0,cpu,12,71,114.22,0.0,0.0
717,greedy,2,1.2893,20.9,0,cpu,26,236,263.61,0.0,0.0
718,greedy,2,1.2912,20.86,0,cpu,22,173,223.1,0.0,0.0
719,greedy,2,1.2924,20.82,0,cpu,16,115,157.22,0.0,0.0
720,greedy,2,1.293,20.78,0,cpu,8,59,74.5,0.0,0.0
721,greedy,2,1.295,21.1,0,cpu,22,198,222.55,0.0,0.0
722,greedy,2,1.2964,20.78,0,cpu,16,128,157.79,0.0,0.0
723,greedy,2,1.3,21.16,0,cpu,35,310,359.46,0.0,0.0
724,greedy,2,1.3015,21.02,0,cpu,19,140,188.4,0.0,0.0
725,greedy,2,1.3026,20.86,0,cpu,16,104,157.43,0.0,0.0
726,greedy,2,1.3042,20.68,0,cpu,17,153,170.95,0.0,0.0
727,greedy,2,1.3051,20.6,0,cpu,12,75,115.38,0.0,0.0
728,greedy,2,1.3086,20.66,0,cpu,32,310,324.53,0.0,0.0
729,greedy,2,1.3118,21.1,0,cpu,35,273,355.53,0.0,0.0
730,greedy,2,1.3131,20.78,0,cpu,18,108,177.81,0.0,0.0
731,greedy,2,1.3146,20.68,0,cpu,18,135,179.44,0.0,0.0
732,greedy,2,1.3166,20.94,0,cpu,23,183,230.91,0.0,0.0
733,greedy,2,1.3176,20.98,0,cpu,12,96,116.07,0.0,0.0
734,greedy,2,1.319,20.94,0,cpu,17,131,167.57,0.0,0.0
735,greedy,2,1.3198,20.52,0,cpu,11,85,105.17,0.0,0.0
736,greedy,2,1.3208,20.26,0,cpu,13,90,125.04,0.0,0.0
737,greedy,2,1.3231,20.4,0,cpu,22,209,221.94,0.0,0.0
738,greedy,2,1.3245,20.38,0,cpu,16,132,158.15,0.0,0.0
739,greedy,2,1.325,20.1,0,cpu,8,53,72.36,0.0,0.0
740,greedy,2,1.3264,20.1,0,cpu,17,125,167.83,0.0,0.0
741,greedy,2,1.3272,19.76,0,cpu,12,81,115.52,0.0,0.0
742,greedy,2,1.3284,19.48,0,cpu,15,115,148.51,0.0,0.0
743,greedy,2,1.3315,19.54,0,cpu,31,259,316.03,0.0,0.0
744,greedy,2,1.3326,19.32,0,cpu,16,95,157.02,0.0,0.0
745,greedy,2,1.3335,19.08,0,cpu,13,90,126.84,0.0,0.0
746,greedy,2,1.3359,19.02,0,cpu,28,214,285.05,0.0,0.0
747,greedy,2,1.3385,18.94,0,cpu,25,226,252.8,0.0,0.0
748,greedy,2,1.3401,18.86,0,cpu,18,144,179.25,0.0,0.0
749,greedy,2,1.342,18.78,0,cpu,22,176,222.17,0.0,0.0
750,greedy,2,1.3439,18.82,0,cpu,18,171,180.08,0.0,0.0
751,greedy,2,1.3459,18.92,0,cpu,22,190,223.03,0.0,0.0
752,greedy,2,1.3461,18.68,0,cpu,2,19,10.44,0.0,0.0
753,greedy,2,1.3492,19.1,0,cpu,31,268,316.44,0.0,0.0
754,greedy,2,1.3504,18.96,0,cpu,13,121,125.23,0.0,0.0
755,greedy,2,1.351,18.82,0,cpu,9,54,83.96,0.0,0.0
756,greedy,2,1.353,18.66,0,cpu,23,189,233.05,0.0,0.0
757,greedy,2,1.3542,18.42,0,cpu,14,107,137.08,0.0,0.0
758,greedy,2,1.3561,18.32,0,cpu,20,173,198.88,0.0,0.0
759,greedy,2,1.3574,18.46,0,cpu,17,121,168.67,0.0,0.0
760,greedy,2,1.3592,18.58,0,cpu,23,165,232.09,0.0,0.0
761,greedy,2,1.3601,18.5,0,cpu,11,88,106.04,0.0,0.0
762,greedy,2,1.3625,18.7,0,cpu,23,232,234.72,0.0,0.0
763,greedy,2,1.3642,18.44,0,cpu,17,149,167.39,0.0,0.0
764,greedy,2,1.3656,18.42,0,cpu,17,125,166.23,0.0,0.0
765,greedy,2,1.369,18.72,0,cpu,33,306,338.68,0.0,0.0
766,greedy,2,1.3707,18.88,0,cpu,20,154,198.77,0.0,0.0
767,greedy,2,1.3719,18.68,0,cpu,16,108,155.39,0.0,0.0
768,greedy,2,1.374,18.64,0,cpu,20,185,201.16,0.0,0.0
769,greedy,2,1.3752,18.62,0,cpu,15,122,147.54,0.0,0.0
770,greedy,2,1.3768,18.84,0,cpu,19,144,188.56,0.0,0.0
771,greedy,2,1.378,18.68,0,cpu,14,114,138.51,0.0,0.0
772,greedy,2,1.3795,18.72,0,cpu,18,138,178.91,0.0,0.0
773,greedy,2,1.381,18.42,0,cpu,20,132,199.79,0.0,0.0
774,greedy,2,1.3833,18.5,0,cpu,23,203,232.71,0.0,0.0
775,greedy,2,1.3837,18.36,0,cpu,9,38,82.32,0.0,0.0
776,greedy,2,1.3845,18.24,0,cpu,11,73,104.69,0.0,0.0
777,greedy,2,1.3863,18.42,0,cpu,21,168,209.54,0.0,0.0
778,greedy,2,1.3875,18.12,0,cpu,17,104,167.54,0.0,0.0
779,greedy,2,1.3906,18.04,0,cpu,31,263,315.99,0.0,0.0
780,greedy,2,1.3924,18.12,0,cpu,22,163,222.0,0.0,0.0
781,greedy,2,1.3933,18.02,0,cpu,13,76,123.78,0.0,0.0
782,greedy,2,1.395,17.94,0,cpu,19,170,189.7,0.0,0.0
783,greedy,2,1.3963,18.04,0,cpu,17,125,168.43,0.0,0.0
784,greedy,2,1.397,17.9,0,cpu,10,69,95.22,0.0,0.0
785,greedy,2,1.3997,18.26,0,cpu,29,226,291.84,0.0,0.0
786,greedy,2,1.4015,18.36,0,cpu,18,167,181.52,0.0,0.0
787,greedy,2,1.403,18.26,0,cpu,17,137,170.71,0.0,0.0
788,greedy,2,1.4065,18.56,0,cpu,31,307,313.95,0.0,0.0
789,greedy,2,1.4108,19.24,0,cpu,42,368,428.25,0.0,0.0
790,greedy,2,1.4123,19.2,0,cpu,15,148,147.48,0.0,0.0
791,greedy,2,1.4139,19.36,0,cpu,20,144,199.87,0.0,0.0
792,greedy,2,1.4156,19.42,0,cpu,18,150,180.19,0.0,0.0
793,greedy,2,1.4169,19.18,0,cpu,19,127,187.83,0.0,0.0
794,greedy,2,1.4181,19.16,0,cpu,15,108,146.48,0.0,0.0
795,greedy,2,1.419,19.18,0,cpu,14,89,136.26,0.0,0.0
796,greedy,2,1.4194,18.74,0,cpu,6,35,52.52,0.0,0.0
797,greedy,2,1.4222,18.8,0,cpu,28,249,286.0,0.0,0.0
798,greedy,2,1.4235,18.76,0,cpu,16,104,156.63,0.0,0.0
799,greedy,2,1.4245,18.62,0,cpu,15,100,147.56,0.0,0.0
800,greedy,2,1.4272,18.78,0,cpu,26,243,265.44,0.0,0.0
801,greedy,2,1.4297,18.84,0,cpu,25,224,255.62,0.0,0.0
802,greedy,2,1.4315,19.22,0,cpu,21,159,211.13,0.0,0.0
803,greedy,2,1.4335,19.08,0,cpu,24,174,241.81,0.0,0.0
804,greedy,2,1.4359,19.38,0,cpu,28,215,283.54,0.0,0.0
805,greedy,2,1.4365,19.32,0,cpu,6,53,53.14,0.0,0.0
806,greedy,2,1.4378,19.16,0,cpu,15,129,148.57,0.0,0.0
807,greedy,2,1.4412,19.6,0,cpu,36,267,367.9,0.0,0.0
808,greedy,2,1.4431,19.7,0,cpu,25,163,251.33,0.0,0.0
809,greedy,2,1.4459,19.96,0,cpu,30,254,305.27,0.0,0.0
810,greedy,2,1.4485,19.94,0,cpu,22,232,221.81,0.0,0.0
811,greedy,2,1.4508,20.2,0,cpu,24,209,243.76,0.0,0.0
812,greedy,2,1.4533,20.2,0,cpu,23,238,234.86,0.0,0.0
813,greedy,2,1.4548,20.18,0,cpu,16,145,156.92,0.0,0.0
814,greedy,2,1.4568,20.24,0,cpu,20,177,201.44,0.0,0.0
815,greedy,2,1.4573,19.74,0,cpu,8,43,73.06,0.0,0.0
816,greedy,2,1.4581,19.6,0,cpu,13,81,124.63,0.0,0.0
817,greedy,2,1.4591,19.52,0,cpu,12,95,116.58,0.0,0.0
818,greedy,2,1.4616,19.7,0,cpu,29,226,295.04,0.0,0.0
819,greedy,2,1.463,19.76,0,cpu,18,118,177.71,0.0,0.0
820,greedy,2,1.4652,19.88,0,cpu,25,190,252.36,0.0,0.0
821,greedy,2,1.4669,20.02,0,cpu,21,154,208.48,0.0,0.0
822,greedy,2,1.4693,20.16,0,cpu,25,221,254.95,0.0,0.0
823,greedy,2,1.471,20.2,0,cpu,22,156,220.77,0.0,0.0
824,greedy,2,1.4718,19.9,0,cpu,8,69,74.4,0.0,0.0
825,greedy,2,1.4742,20.26,0,cpu,27,217,273.81,0.0,0.0
826,greedy,2,1.4762,20.5,0,cpu,23,171,231.03,0.0,0.0
827,greedy,2,1.4783,20.58,0,cpu,25,188,252.98,0.0,0.0
828,greedy,2,1.4788,20.4,0,cpu,8,46,73.13,0.0,0.0
829,greedy,2,1.4813,20.28,0,cpu,25,228,255.18,0.0,0.0
830,greedy,2,1.4824,20.14,0,cpu,15,102,146.74,0.0,0.0
831,greedy,2,1.4834,20.16,0,cpu,14,96,135.49,0.0,0.0
832,greedy,2,1.4845,20.06,0,cpu,14,104,137.21,0.0,0.0
833,greedy,2,1.4862,20.16,0,cpu,22,156,221.37,0.0,0.0
834,greedy,2,1.4874,20.32,0,cpu,18,107,176.52,0.0,0.0
835,greedy,2,1.4896,20.22,0,cpu,24,195,242.1,0.0,0.0
836,greedy,2,1.49,20.04,0,cpu,9,41,82.79,0.0,0.0
837,greedy,2,1.4913,20.1,0,cpu,20,119,198.22,0.0,0.0
838,greedy,2,1.4936,19.94,0,cpu,23,214,231.7,0.0,0.0
839,greedy,2,1.4968,19.72,0,cpu,31,277,312.85,0.0,0.0
840,greedy,2,1.5003,20.06,0,cpu,32,318,330.25,0.0,0.0
841,greedy,2,1.502,20.02,0,cpu,18,160,181.49,0.0,0.0
842,greedy,2,1.5036,20.02,0,cpu,18,155,177.84,0.0,0.0
843,greedy,2,1.5074,20.44,0,cpu,40,305,406.96,0.0,0.0
844,greedy,2,1.5083,20.38,0,cpu,12,90,116.13,0.0,0.0
845,greedy,2,1.5101,20.46,0,cpu,18,182,183.27,0.0,0.0
846,greedy,2,1.5127,20.88,0,cpu,27,238,275.5,0.0,0.0
847,greedy,2,1.5144,20.68,0,cpu,18,143,177.76,0.0,0.0
848,greedy,2,1.5152,20.52,0,cpu,8,81,75.08,0.0,0.0
849,greedy,2,1.5167,20.58,0,cpu,18,134,178.35,0.0,0.0
850,greedy,2,1.5177,20.42,0,cpu,18,91,175.68,0.0,0.0
851,greedy,2,1.5188,20.2,0,cpu,14,108,137.37,0.0,0.0
852,greedy,2,1.5203,20.14,0,cpu,18,144,181.25,0.0,0.0
853,greedy,2,1.523,20.18,0,cpu,26,239,261.28,0.0,0.0
854,greedy,2,1.5248,20.06,0,cpu,22,160,220.93,0.0,0.0
855,greedy,2,1.5275,20.52,0,cpu,29,235,294.45,0.0,0.0
856,greedy,2,1.5299,20.72,0,cpu,25,214,252.12,0.0,0.0
857,greedy,2,1.531,20.24,0,cpu,12,106,116.17,0.0,0.0
858,greedy,2,1.5327,20.14,0,cpu,20,159,198.62,0.0,0.0
859,greedy,2,1.534,19.86,0,cpu,16,120,157.87,0.0,0.0
860,greedy,2,1.5351,19.72,0,cpu,15,100,146.96,0.0,0.0
861,greedy,2,1.5369,19.64,0,cpu,20,177,200.84,0.0,0.0
862,greedy,2,1.5397,19.74,0,cpu,28,231,285.98,0.0,0.0
863,greedy,2,1.5416,19.88,0,cpu,23,170,231.94,0.0,0.0
864,greedy,2,1.5447,20.04,0,cpu,28,277,286.92,0.0,0.0
865,greedy,2,1.5464,20.32,0,cpu,22,157,221.86,0.0,0.0
866,greedy,2,1.5484,20.52,0,cpu,23,175,232.99,0.0,0.0
867,greedy,2,1.5505,20.7,0,cpu,21,207,214.05,0.0,0.0
868,greedy,2,1.5523,20.48,0,cpu,18,171,178.48,0.0,0.0
869,greedy,2,1.5547,20.62,0,cpu,25,223,252.13,0.0,0.0
870,greedy,2,1.5556,20.34,0,cpu,11,90,106.62,0.0,0.0
871,greedy,2,1.5581,20.4,0,cpu,24,231,244.74,0.0,0.0
872,greedy,2,1.5605,20.44,0,cpu,27,224,275.44,0.0,0.0
873,greedy,2,1.5614,20.24,0,cpu,12,86,116.57,0.0,0.0
874,greedy,2,1.5618,20.26,0,cpu,9,42,82.88,0.0,0.0
875,greedy,2,1.5655,20.34,0,cpu,31,313,314.49,0.0,0.0
876,greedy,2,1.5675,20.36,0,cpu,24,174,241.01,0.0,0.0
877,greedy,2,1.5698,20.46,0,cpu,30,204,301.17,0.0,0.0
878,greedy,2,1.5715,20.62,0,cpu,16,166,160.81,0.0,0.0
879,greedy,2,1.5722,20.3,0,cpu,9,64,84.06,0.0,0.0
880,greedy,2,1.5743,20.44,0,cpu,22,187,220.96,0.0,0.0
881,greedy,2,1.575,20.38,0,cpu,11,72,104.6,0.0,0.0
882,greedy,2,1.5761,20.42,0,cpu,16,98,157.09,0.0,0.0
883,greedy,2,1.578,20.48,0,cpu,25,169,251.07,0.0,0.0
884,greedy,2,1.5805,20.56,0,cpu,22,232,221.21,0.0,0.0
885,greedy,2,1.5828,20.58,0,cpu,25,207,251.89,0.0,0.0
886,greedy,2,1.5846,20.78,0,cpu,19,174,191.86,0.0,0.0
887,greedy,2,1.5862,20.78,0,cpu,20,146,200.65,0.0,0.0
888,greedy,2,1.5883,20.78,0,cpu,23,198,232.66,0.0,0.0
889,greedy,2,1.5904,20.6,0,cpu,22,193,222.1,0.0,0.0
890,greedy,2,1.5934,20.6,0,cpu,32,266,326.57,0.0,0.0
891,greedy,2,1.5961,20.9,0,cpu,33,230,334.84,0.0,0.0
892,greedy,2,1.5975,20.84,0,cpu,15,129,149.17,0.0,0.0
893,greedy,2,1.5982,20.2,0,cpu,8,63,74.66,0.0,0.0
894,greedy,2,1.5998,20.32,0,cpu,18,147,179.92,0.0,0.0
895,greedy,2,1.6026,20.52,0,cpu,28,252,285.07,0.0,0.0
896,greedy,2,1.6041,20.34,0,cpu,18,128,178.01,0.0,0.0
897,greedy,2,1.6074,20.62,0,cpu,32,298,328.65,0.0,0.0
898,greedy,2,1.6082,20.66,0,cpu,10,76,93.85,0.0,0.0
899,greedy,2,1.611,20.86,0,cpu,28,268,285.31,0.0,0.0
900,greedy,2,1.6122,20.76,0,cpu,13,118,125.76,0.0,0.0
901,greedy,2,1.6139,20.84,0,cpu,18,149,178.9,0.0,0.0
902,greedy,2,1.6158,21.0,0,cpu,26,164,260.73,0.0,0.0
903,greedy,2,1.6179,21.06,0,cpu,29,168,289.62,0.0,0.0
904,greedy,2,1.6191,20.9,0,cpu,14,123,139.12,0.0,0.0
905,greedy,2,1.6226,21.0,0,cpu,34,298,347.07,0.0,0.0
906,greedy,2,1.6246,20.98,0,cpu,24,171,240.74,0.0,0.0
907,greedy,2,1.6265,21.18,0,cpu,22,182,220.71,0.0,0.0
908,greedy,2,1.6275,21.1,0,cpu,16,91,156.46,0.0,0.0
909,greedy,2,1.6291,21.16,0,cpu,19,155,188.15,0.0,0.0
910,greedy,2,1.6297,21.02,0,cpu,8,61,74.48,0.0,0.0
911,greedy,2,1.6313,21.0,0,cpu,19,137,188.13,0.0,0.0
912,greedy,2,1.633,20.84,0,cpu,20,161,199.8,0.0,0.0
913,greedy,2,1.6361,20.92,0,cpu,27,298,274.1,0.0,0.0
914,greedy,2,1.6379,20.76,0,cpu,20,172,201.39,0.0,0.0
915,greedy,2,1.6392,20.62,0,cpu,15,113,148.33,0.0,0.0
916,greedy,2,1.6398,20.3,0,cpu,7,65,64.13,0.0,0.0
917,greedy,2,1.6413,20.2,0,cpu,16,138,159.09,0.0,0.0
918,greedy,2,1.6425,20.16,0,cpu,16,114,157.93,0.0,0.0
919,greedy,2,1.6443,20.08,0,cpu,21,171,211.61,0.0,0.0
920,greedy,2,1.6468,20.36,0,cpu,25,220,252.46,0.0,0.0
921,greedy,2,1.6477,20.14,0,cpu,13,88,126.06,0.0,0.0
922,greedy,2,1.6505,20.24,0,cpu,32,242,323.01,0.0,0.0
923,greedy,2,1.6528,20.48,0,cpu,24,210,244.25,0.0,0.0
924,greedy,2,1.6544,20.72,0,cpu,21,146,210.16,0.0,0.0
925,greedy,2,1.6574,20.7,0,cpu,30,278,307.03,0.0,0.0
926,greedy,2,1.66,20.78,0,cpu,28,228,284.11,0.0,0.0
927,greedy,2,1.6613,20.52,0,cpu,17,125,168.23,0.0,0.0
928,greedy,2,1.662,20.36,0,cpu,8,70,72.09,0.0,0.0
929,greedy,2,1.663,20.42,0,cpu,12,92,116.31,0.0,0.0
930,greedy,2,1.6645,20.34,0,cpu,18,137,178.82,0.0,0.0
931,greedy,2,1.6658,20.44,0,cpu,16,121,157.76,0.0,0.0
932,greedy,2,1.6692,20.74,0,cpu,31,310,315.22,0.0,0.0
933,greedy,2,1.6713,20.68,0,cpu,22,192,221.41,0.0,0.0
934,greedy,2,1.6737,20.78,0,cpu,27,219,275.19,0.0,0.0
935,greedy,2,1.6752,20.6,0,cpu,16,151,159.46,0.0,0.0
936,greedy,2,1.6767,20.64,0,cpu,21,134,210.08,0.0,0.0
937,greedy,2,1.6779,20.56,0,cpu,16,122,157.85,0.0,0.0
938,greedy,2,1.68,20.54,0,cpu,22,201,221.02,0.0,0.0
939,greedy,2,1.6822,20.54,0,cpu,22,200,221.93,0.0,0.0
940,greedy,2,1.6839,20.3,0,cpu,20,155,199.86,0.0,0.0
941,greedy,2,1.6871,20.24,0,cpu,30,283,306.88,0.0,0.0
942,greedy,2,1.6895,20.48,0,cpu,27,211,276.07,0.0,0.0
943,greedy,2,1.6937,21.02,0,cpu,35,384,360.52,0.0,0.0
944,greedy,2,1.6955,21.08,0,cpu,21,175,212.77,0.0,0.0
945,greedy,2,1.6965,20.76,0,cpu,12,96,115.87,0.0,0.0
946,greedy,2,1.6974,20.64,0,cpu,12,84,116.39,0.0,0.0
947,greedy,2,1.6993,20.42,0,cpu,21,170,210.72,0.0,0.0
948,greedy,2,1.7019,20.76,0,cpu,27,248,275.2,0.0,0.0
949,greedy,2,1.7039,20.7,0,cpu,25,185,252.11,0.0,0.0
950,greedy,2,1.7056,20.78,0,cpu,17,158,169.8,0.0,0.0
951,greedy,2,1.708,20.9,0,cpu,24,203,241.22,0.0,0.0
952,greedy,2,1.7108,20.96,0,cpu,29,251,296.49,0.0,0.0
953,greedy,2,1.7124,20.72,0,cpu,17,156,168.02,0.0,0.0
954,greedy,2,1.713,20.64,0,cpu,10,60,94.21,0.0,0.0
955,greedy,2,1.7147,20.32,0,cpu,18,153,180.06,0.0,0.0
956,greedy,2,1.7158,20.1,0,cpu,13,100,126.54,0.0,0.0
957,greedy,2,1.717,19.96,0,cpu,15,105,147.01,0.0,0.0
958,greedy,2,1.7209,20.26,0,cpu,31,356,317.76,0.0,0.0
959,greedy,2,1.7229,20.34,0,cpu,23,183,230.71,0.0,0.0
960,greedy,2,1.7243,20.46,0,cpu,14,131,138.04,0.0,0.0
961,greedy,2,1.7254,20.4,0,cpu,16,94,156.13,0.0,0.0
962,greedy,2,1.7271,20.36,0,cpu,18,164,179.65,0.0,0.0
963,greedy,2,1.7297,20.34,0,cpu,26,222,263.35,0.0,0.0
964,greedy,2,1.7315,20.34,0,cpu,20,158,202.33,0.0,0.0
965,greedy,2,1.7326,20.32,0,cpu,14,99,135.96,0.0,0.0
966,greedy,2,1.7352,20.78,0,cpu,30,238,304.83,0.0,0.0
967,greedy,2,1.7386,21.1,0,cpu,32,279,324.74,0.0,0.0
968,greedy,2,1.7402,21.08,0,cpu,15,154,147.02,0.0,0.0
969,greedy,2,1.7422,21.1,0,cpu,22,183,220.8,0.0,0.0
970,greedy,2,1.744,20.98,0,cpu,19,163,191.87,0.0,0.0
971,greedy,2,1.7459,21.22,0,cpu,25,168,250.98,0.0,0.0
972,greedy,2,1.7493,21.24,0,cpu,33,288,336.26,0.0,0.0
973,greedy,2,1.7521,21.28,0,cpu,26,260,263.17,0.0,0.0
974,greedy,2,1.7533,21.16,0,cpu,15,109,147.57,0.0,0.0
975,greedy,2,1.7553,21.02,0,cpu,23,184,234.2,0.0,0.0
976,greedy,2,1.7562,20.68,0,cpu,11,85,106.17,0.0,0.0
977,greedy,2,1.7591,20.98,0,cpu,32,247,323.86,0.0,0.0
978,greedy,2,1.7621,21.38,0,cpu,28,271,284.58,0.0,0.0
979,greedy,2,1.7664,21.92,0,cpu,39,361,400.89,0.0,0.0
980,greedy,2,1.7686,22.04,0,cpu,24,197,241.88,0.0,0.0
981,greedy,2,1.7714,22.2,0,cpu,24,259,244.86,0.0,0.0
982,greedy,2,1.7726,21.82,0,cpu,12,114,116.69,0.0,0.0
983,greedy,2,1.7752,21.84,0,cpu,23,241,232.33,0.0,0.0
984,greedy,2,1.7784,21.88,0,cpu,29,289,293.11,0.0,0.0
985,greedy,2,1.7811,22.02,0,cpu,23,246,233.78,0.0,0.0
986,greedy,2,1.7825,21.92,0,cpu,16,131,157.46,0.0,0.0
987,greedy,2,1.7835,21.88,0,cpu,14,95,136.0,0.0,0.0
988,greedy,2,1.7856,21.96,0,cpu,26,188,262.89,0.0,0.0
989,greedy,2,1.7879,22.02,0,cpu,25,218,251.88,0.0,0.0
990,greedy,2,1.7907,22.14,0,cpu,26,226,263.31,0.0,0.0
991,greedy,2,1.7934,22.04,0,cpu,25,235,253.21,0.0,0.0
992,greedy,2,1.7954,21.86,0,cpu,18,186,180.43,0.0,0.0
993,greedy,2,1.7971,21.5,0,cpu,17,165,170.23,0.0,0.0
994,greedy,2,1.7995,21.58,0,cpu,25,221,255.75,0.0,0.0
995,greedy,2,1.8024,21.9,0,cpu,28,259,289.9,0.0,0.0
996,greedy,2,1.8046,22.06,0,cpu,20,211,200.1,0.0,0.0
997,greedy,2,1.8058,21.92,0,cpu,14,110,137.95,0.0,0.0
998,greedy,2,1.8078,21.86,0,cpu,24,186,239.69,0.0,0.0
999,greedy,2,1.8101,21.86,0,cpu,25,206,252.2,0.0,0.0
1000,greedy,2,1.8118,21.92,0,cpu,20,159,198.22,0.0,0.0
1001,greedy,2,1.813,21.74,0,cpu,15,115,147.11,0.0,0.0
1002,greedy,2,1.8155,21.7,0,cpu,27,228,273.0,0.0,0.0
1003,greedy,2,1.8192,22.08,0,cpu,36,320,366.47,0.0,0.0
1004,greedy,2,1.8214,22.38,0,cpu,25,205,254.11,0.0,0.0
1005,greedy,2,1.8237,22.54,0,cpu,26,195,262.92,0.0,0.0
1006,greedy,2,1.8272,22.88,0,cpu,30,312,311.49,0.0,0.0
1007,greedy,2,1.8287,22.98,0,cpu,20,136,197.95,0.0,0.0
1008,greedy,2,1.8296,22.62,0,cpu,13,90,126.44,0.0,0.0
1009,greedy,2,1.8313,22.58,0,cpu,21,140,209.02,0.0,0.0
1010,greedy,2,1.8328,22.68,0,cpu,19,145,190.25,0.0,0.0
1011,greedy,2,1.8355,22.88,0,cpu,26,249,262.38,0.0,0.0
1012,greedy,2,1.8386,23.16,0,cpu,32,267,327.46,0.0,0.0
1013,greedy,2,1.8399,22.96,0,cpu,16,113,157.44,0.0,0.0
1014,greedy,2,1.8425,23.16,0,cpu,30,229,303.42,0.0,0.0
1015,greedy,2,1.8446,23.3,0,cpu,21,199,215.13,0.0,0.0
1016,greedy,2,1.8475,23.34,0,cpu,32,251,325.42,0.0,0.0
1017,greedy,2,1.8493,23.14,0,cpu,22,153,219.7,0.0,0.0
1018,greedy,2,1.8505,23.16,0,cpu,16,119,158.58,0.0,0.0
1019,greedy,2,1.8546,23.46,0,cpu,37,343,379.25,0.0,0.0
1020,greedy,2,1.8558,23.36,0,cpu,14,117,136.58,0.0,0.0
1021,greedy,2,1.8567,23.12,0,cpu,13,84,124.7,0.0,0.0
1022,greedy,2,1.86,23.06,0,cpu,30,299,304.72,0.0,0.0
1023,greedy,2,1.8617,22.94,0,cpu,20,169,201.72,0.0,0.0
1024,greedy,2,1.8643,23.08,0,cpu,22,241,223.02,0.0,0.0
1025,greedy,2,1.866,23.08,0,cpu,23,154,230.1,0.0,0.0
1026,greedy,2,1.8673,23.14,0,cpu,14,126,139.19,0.0,0.0
1027,greedy,2,1.8703,23.08,0,cpu,29,273,294.47,0.0,0.0
1028,greedy,2,1.8718,22.9,0,cpu,19,128,188.12,0.0,0.0
1029,greedy,2,1.8735,22.46,0,cpu,17,150,170.88,0.0,0.0
1030,greedy,2,1.8749,22.34,0,cpu,18,137,179.22,0.0,0.0
1031,greedy,2,1.8772,22.34,0,cpu,24,208,244.67,0.0,0.0
1032,greedy,2,1.8798,22.48,0,cpu,19,260,192.8,0.0,0.0
1033,greedy,2,1.8816,22.46,0,cpu,22,156,221.17,0.0,0.0
1034,greedy,2,1.8836,22.3,0,cpu,21,181,210.71,0.0,0.0
1035,greedy,2,1.8852,22.18,0,cpu,17,150,170.08,0.0,0.0
1036,greedy,2,1.8879,22.44,0,cpu,29,231,293.29,0.0,0.0
1037,greedy,2,1.8908,22.84,0,cpu,34,230,344.15,0.0,0.0
1038,greedy,2,1.8922,22.7,0,cpu,19,133,189.17,0.0,0.0
1039,greedy,2,1.8935,22.48,0,cpu,14,126,138.59,0.0,0.0
1040,greedy,2,1.8944,22.16,0,cpu,10,84,95.17,0.0,0.0
1041,greedy,2,1.8963,22.1,0,cpu,22,173,220.7,0.0,0.0
1042,greedy,2,1.897,21.92,0,cpu,9,74,85.56,0.0,0.0
1043,greedy,2,1.8987,21.94,0,cpu,18,163,180.36,0.0,0.0
1044,greedy,2,1.8993,21.62,0,cpu,9,54,83.96,0.0,0.0
1045,greedy,2,1.8999,21.28,0,cpu,11,64,104.48,0.0,0.0
1046,greedy,2,1.9004,21.02,0,cpu,7,45,62.73,0.0,0.0
1047,greedy,2,1.9008,20.88,0,cpu,7,34,62.34,0.0,0.0
1048,greedy,2,1.9023,20.82,0,cpu,21,142,209.6,0.0,0.0
1049,greedy,2,1.905,20.92,0,cpu,30,239,305.72,0.0,0.0
1050,greedy,2,1.9081,21.22,0,cpu,35,264,355.12,0.0,0.0
1051,greedy,2,1.9095,21.26,0,cpu,17,129,167.59,0.0,0.0
1052,greedy,2,1.9145,21.42,0,cpu,35,447,359.79,0.0,0.0
1053,greedy,2,1.9165,21.14,0,cpu,22,181,219.42,0.0,0.0
1054,greedy,2,1.9184,21.12,0,cpu,24,172,241.23,0.0,0.0
1055,greedy,2,1.9195,20.94,0,cpu,17,110,167.68,0.0,0.0
1056,greedy,2,1.9208,20.6,0,cpu,13,125,126.39,0.0,0.0
1057,greedy,2,1.9242,20.88,0,cpu,34,291,347.24,0.0,0.0
1058,greedy,2,1.9252,20.86,0,cpu,12,102,114.61,0.0,0.0
1059,greedy,2,1.9265,20.74,0,cpu,15,127,148.59,0.0,0.0
1060,greedy,2,1.9283,20.74,0,cpu,19,168,193.12,0.0,0.0
1061,greedy,2,1.9313,20.86,0,cpu,32,254,323.89,0.0,0.0
1062,greedy,2,1.932,20.46,0,cpu,12,61,113.52,0.0,0.0
1063,greedy,2,1.9329,20.34,0,cpu,10,82,96.39,0.0,0.0
1064,greedy,2,1.9357,20.26,0,cpu,26,262,262.15,0.0,0.0
1065,greedy,2,1.9377,20.3,0,cpu,23,188,230.76,0.0,0.0
1066,greedy,2,1.9396,20.06,0,cpu,20,171,199.9,0.0,0.0
1067,greedy,2,1.9413,20.04,0,cpu,21,146,209.56,0.0,0.0
1068,greedy,2,1.9433,20.16,0,cpu,22,186,220.67,0.0,0.0
1069,greedy,2,1.9448,19.76,0,cpu,17,140,168.78,0.0,0.0
1070,greedy,2,1.9458,19.7,0,cpu,11,104,106.68,0.0,0.0
1071,greedy,2,1.9474,19.82,0,cpu,19,150,190.7,0.0,0.0
1072,greedy,2,1.9499,19.7,0,cpu,24,224,246.71,0.0,0.0
1073,greedy,2,1.9508,19.56,0,cpu,13,88,125.86,0.0,0.0
1074,greedy,2,1.9524,19.5,0,cpu,19,154,187.86,0.0,0.0
1075,greedy,2,1.9547,19.56,0,cpu,26,194,262.43,0.0,0.0
1076,greedy,2,1.9558,19.58,0,cpu,15,101,147.25,0.0,0.0
1077,greedy,2,1.957,19.28,0,cpu,14,117,137.58,0.0,0.0
1078,greedy,2,1.9588,19.38,0,cpu,24,158,240.57,0.0,0.0
1079,greedy,2,1.96,19.3,0,cpu,13,120,126.74,0.0,0.0
1080,greedy,2,1.9612,19.28,0,cpu,17,111,167.97,0.0,0.0
1081,greedy,2,1.9625,19.14,0,cpu,17,126,169.52,0.0,0.0
1082,greedy,2,1.9669,19.54,0,cpu,39,361,399.69,0.0,0.0
1083,greedy,2,1.9679,19.4,0,cpu,15,96,144.8,0.0,0.0
1084,greedy,2,1.9703,19.42,0,cpu,22,223,222.4,0.0,0.0
1085,greedy,2,1.9724,19.56,0,cpu,24,192,243.23,0.0,0.0
1086,greedy,2,1.9735,19.24,0,cpu,13,106,128.28,0.0,0.0
1087,greedy,2,1.9752,18.98,0,cpu,21,147,207.25,0.0,0.0
1088,greedy,2,1.9767,18.98,0,cpu,19,140,187.4,0.0,0.0
1089,greedy,2,1.9793,19.32,0,cpu,31,215,316.07,0.0,0.0
1090,greedy,2,1.981,19.46,0,cpu,17,157,168.91,0.0,0.0
1091,greedy,2,1.9826,19.42,0,cpu,20,143,200.58,0.0,0.0
1092,greedy,2,1.9835,19.48,0,cpu,12,95,115.18,0.0,0.0
1093,greedy,2,1.9854,19.58,0,cpu,23,180,232.44,0.0,0.0
1094,greedy,2,1.9864,19.66,0,cpu,13,96,126.58,0.0,0.0
1095,greedy,2,1.9883,19.92,0,cpu,24,175,242.3,0.0,0.0
1096,greedy,2,1.9899,20.16,0,cpu,19,146,189.74,0.0,0.0
1097,greedy,2,1.991,20.3,0,cpu,14,108,136.97,0.0,0.0
1098,greedy,2,1.9921,20.22,0,cpu,17,98,166.6,0.0,0.0
1099,greedy,2,1.9934,19.92,0,cpu,15,119,148.47,0.0,0.0
1100,greedy,2,1.9938,19.36,0,cpu,7,36,62.52,0.0,0.0
1101,greedy,2,1.9953,19.44,0,cpu,21,133,209.19,0.0,0.0
1102,greedy,2,1.9971,19.16,0,cpu,21,159,211.33,0.0,0.0
1103,greedy,2,1.9975,18.88,0,cpu,8,39,72.3,0.0,0.0
1104,greedy,2,2.0004,18.92,0,cpu,26,268,264.29,0.0,0.0
1105,greedy,2,2.0035,19.08,0,cpu,25,293,254.63,0.0,0.0
1106,greedy,2,2.0056,19.3,0,cpu,24,182,241.93,0.0,0.0
1107,greedy,2,2.0062,18.78,0,cpu,8,62,74.37,0.0,0.0
1108,greedy,2,2.0084,19.0,0,cpu,23,205,231.29,0.0,0.0
1109,greedy,2,2.0096,19.04,0,cpu,17,112,167.46,0.0,0.0
1110,greedy,2,2.0101,18.82,0,cpu,8,47,73.02,0.0,0.0
1111,greedy,2,2.0122,18.64,0,cpu,23,198,230.86,0.0,0.0
1112,greedy,2,2.0128,18.58,0,cpu,9,63,83.57,0.0,0.0
1113,greedy,2,2.0155,18.88,0,cpu,25,233,252.23,0.0,0.0
1114,greedy,2,2.0173,18.8,0,cpu,22,161,220.22,0.0,0.0
1115,greedy,2,2.0192,18.8,0,cpu,23,174,230.5,0.0,0.0
1116,greedy,2,2.0207,18.76,0,cpu,18,140,178.09,0.0,0.0
1117,greedy,2,2.024,18.96,0,cpu,31,281,317.81,0.0,0.0
1118,greedy,2,2.025,18.8,0,cpu,14,94,136.31,0.0,0.0
1119,greedy,2,2.0263,18.72,0,cpu,13,133,127.11,0.0,0.0
1120,greedy,2,2.0283,19.04,0,cpu,27,171,269.47,0.0,0.0
1121,greedy,2,2.0307,19.1,0,cpu,22,230,223.03,0.0,0.0
1122,greedy,2,2.0333,19.12,0,cpu,25,233,253.03,0.0,0.0
1123,greedy,2,2.0343,19.12,0,cpu,13,93,126.51,0.0,0.0
1124,greedy,2,2.038,19.44,0,cpu,35,324,358.32,0.0,0.0
1125,greedy,2,2.0396,19.26,0,cpu,17,146,169.32,0.0,0.0
1126,greedy,2,2.0421,19.48,0,cpu,26,230,262.87,0.0,0.0
1127,greedy,2,2.0435,19.5,0,cpu,15,137,147.09,0.0,0.0
1128,greedy,2,2.0455,19.44,0,cpu,21,182,211.0,0.0,0.0
1129,greedy,2,2.046,19.34,0,cpu,8,45,73.24,0.0,0.0
1130,greedy,2,2.0494,19.66,0,cpu,33,291,336.13,0.0,0.0
1131,greedy,2,2.052,19.78,0,cpu,23,244,235.0,0.0,0.0
1132,greedy,2,2.0532,19.3,0,cpu,15,116,148.4,0.0,0.0
1133,greedy,2,2.055,19.48,0,cpu,24,160,239.95,0.0,0.0
1134,greedy,2,2.0558,19.26,0,cpu,11,67,104.75,0.0,0.0
1135,greedy,2,2.0565,19.0,0,cpu,11,70,105.22,0.0,0.0
1136,greedy,2,2.0591,19.26,0,cpu,26,250,266.27,0.0,0.0
1137,greedy,2,2.0602,19.12,0,cpu,14,103,136.32,0.0,0.0
1138,greedy,2,2.0625,19.16,0,cpu,21,216,211.26,0.0,0.0
1139,greedy,2,2.0641,18.9,0,cpu,18,154,181.95,0.0,0.0
1140,greedy,2,2.0678,19.18,0,cpu,31,336,319.56,0.0,0.0
1141,greedy,2,2.0697,19.22,0,cpu,22,181,219.82,0.0,0.0
1142,greedy,2,2.0719,19.42,0,cpu,22,205,219.78,0.0,0.0
1143,greedy,2,2.0727,19.22,0,cpu,13,77,125.07,0.0,0.0
1144,greedy,2,2.0752,19.48,0,cpu,26,213,263.54,0.0,0.0
1145,greedy,2,2.0764,19.32,0,cpu,16,115,158.02,0.0,0.0
1146,greedy,2,2.0776,19.24,0,cpu,15,112,148.44,0.0,0.0
1147,greedy,2,2.082,19.72,0,cpu,38,376,390.93,0.0,0.0
1148,greedy,2,2.0841,19.9,0,cpu,26,190,262.27,0.0,0.0
1149,greedy,2,2.0859,20.06,0,cpu,23,161,231.13,0.0,0.0
1150,greedy,2,2.0872,20.24,0,cpu,16,126,159.21,0.0,0.0
1151,greedy,2,2.0887,20.16,0,cpu,17,136,170.22,0.0,0.0
1152,greedy,2,2.091,20.32,0,cpu,29,187,292.73,0.0,0.0
1153,greedy,2,2.0918,20.4,0,cpu,12,73,114.4,0.0,0.0
1154,greedy,2,2.0947,20.5,0,cpu,31,249,315.13,0.0,0.0
1155,greedy,2,2.0988,20.76,0,cpu,38,350,388.59,0.0,0.0
1156,greedy,2,2.103,21.02,0,cpu,37,371,376.97,0.0,0.0
1157,greedy,2,2.105,21.26,0,cpu,20,191,200.7,0.0,0.0
1158,greedy,2,2.1069,21.24,0,cpu,22,164,220.49,0.0,0.0
1159,greedy,2,2.1089,21.3,0,cpu,20,187,202.14,0.0,0.0
1160,greedy,2,2.1102,21.52,0,cpu,19,119,188.71,0.0,0.0
1161,greedy,2,2.1112,21.32,0,cpu,13,102,127.32,0.0,0.0
1162,greedy,2,2.1132,21.6,0,cpu,23,179,230.75,0.0,0.0
1163,greedy,2,2.114,21.36,0,cpu,13,67,123.97,0.0,0.0
1164,greedy,2,2.1167,21.48,0,cpu,28,239,286.3,0.0,0.0
1165,greedy,2,2.1199,21.68,0,cpu,33,258,333.16,0.0,0.0
1166,greedy,2,2.1224,21.8,0,cpu,24,227,241.18,0.0,0.0
1167,greedy,2,2.1233,21.4,0,cpu,11,80,105.52,0.0,0.0
1168,greedy,2,2.1251,21.52,0,cpu,20,170,199.61,0.0,0.0
1169,greedy,2,2.1268,21.64,0,cpu,19,167,190.63,0.0,0.0
1170,greedy,2,2.1287,21.46,0,cpu,18,181,179.78,0.0,0.0
1171,greedy,2,2.1295,21.22,0,cpu,10,77,95.94,0.0,0.0
1172,greedy,2,2.1308,21.04,0,cpu,16,121,157.76,0.0,0.0
1173,greedy,2,2.1332,21.3,0,cpu,26,200,263.57,0.0,0.0
1174,greedy,2,2.1358,21.14,0,cpu,27,236,276.72,0.0,0.0
1175,greedy,2,2.1369,21.04,0,cpu,12,105,117.68,0.0,0.0
1176,greedy,2,2.1387,20.94,0,cpu,21,153,208.59,0.0,0.0
1177,greedy,2,2.141,21.1,0,cpu,23,212,233.52,0.0,0.0
1178,greedy,2,2.1441,21.24,0,cpu,28,288,287.11,0.0,0.0
1179,greedy,2,2.1455,21.4,0,cpu,16,134,158.93,0.0,0.0
1180,greedy,2,2.1481,21.28,0,cpu,27,212,272.96,0.0,0.0
1181,greedy,2,2.1489,21.06,0,cpu,12,74,115.29,0.0,0.0
1182,greedy,2,2.1497,21.0,0,cpu,12,73,113.8,0.0,0.0
1183,greedy,2,2.1508,20.82,0,cpu,15,101,146.45,0.0,0.0
1184,greedy,2,2.153,21.06,0,cpu,23,211,230.63,0.0,0.0
1185,greedy,2,2.1566,21.52,0,cpu,34,303,345.92,0.0,0.0
1186,greedy,2,2.1595,21.5,0,cpu,25,274,254.12,0.0,0.0
1187,greedy,2,2.1601,21.42,0,cpu,10,60,94.01,0.0,0.0
1188,greedy,2,2.162,21.44,0,cpu,22,175,220.28,0.0,0.0
1189,greedy,2,2.1638,21.42,0,cpu,17,164,169.34,0.0,0.0
1190,greedy,2,2.166,21.32,0,cpu,26,198,262.39,0.0,0.0
1191,greedy,2,2.1679,21.28,0,cpu,20,171,201.5,0.0,0.0
1192,greedy,2,2.1682,21.0,0,cpu,8,32,71.67,0.0,0.0
1193,greedy,2,2.17,21.18,0,cpu,22,162,218.71,0.0,0.0
1194,greedy,2,2.1721,21.12,0,cpu,23,194,235.3,0.0,0.0
1195,greedy,2,2.173,21.1,0,cpu,15,84,145.52,0.0,0.0
1196,greedy,2,2.1743,21.14,0,cpu,17,120,169.18,0.0,0.0
1197,greedy,2,2.1753,20.68,0,cpu,15,101,147.65,0.0,0.0
1198,greedy,2,2.1759,20.34,0,cpu,9,54,82.96,0.0,0.0
1199,greedy,2,2.1774,20.18,0,cpu,15,154,147.42,0.0,0.0
1200,greedy,2,2.1779,20.02,0,cpu,8,49,73.6,0.0,0.0
1201,greedy,2,2.1796,20.08,0,cpu,20,158,200.33,0.0,0.0
1202,greedy,2,2.1819,20.04,0,cpu,27,191,273.07,0.0,0.0
1203,greedy,2,2.1832,20.04,0,cpu,12,118,115.25,0.0,0.0
1204,greedy,2,2.186,20.0,0,cpu,29,252,295.78,0.0,0.0
1205,greedy,2,2.1882,19.7,0,cpu,23,204,231.8,0.0,0.0
1206,greedy,2,2.1892,19.26,0,cpu,15,102,147.54,0.0,0.0
1207,greedy,2,2.1901,19.06,0,cpu,10,80,94.81,0.0,0.0
1208,greedy,2,2.1918,19.02,0,cpu,20,156,200.55,0.0,0.0
1209,greedy,2,2.1927,18.88,0,cpu,13,84,125.9,0.0,0.0
1210,greedy,2,2.1943,18.9,0,cpu,20,159,201.02,0.0,0.0
1211,greedy,2,2.1963,19.0,0,cpu,18,189,177.7,0.0,0.0
1212,greedy,2,2.1969,18.74,0,cpu,10,51,93.2,0.0,0.0
1213,greedy,2,2.1981,18.78,0,cpu,15,107,146.79,0.0,0.0
1214,greedy,2,2.1996,18.54,0,cpu,16,146,158.01,0.0,0.0
1215,greedy,2,2.2018,18.3,0,cpu,21,210,211.52,0.0,0.0
1216,greedy,2,2.2034,18.18,0,cpu,18,155,177.64,0.0,0.0
1217,greedy,2,2.2053,18.38,0,cpu,21,166,211.56,0.0,0.0
1218,greedy,2,2.207,18.34,0,cpu,18,166,180.43,0.0,0.0
1219,greedy,2,2.2082,18.24,0,cpu,14,115,137.4,0.0,0.0
1220,greedy,2,2.2098,18.26,0,cpu,19,147,189.03,0.0,0.0
1221,greedy,2,2.2133,18.7,0,cpu,32,316,327.87,0.0,0.0
1222,greedy,2,2.2181,19.14,0,cpu,38,404,388.85,0.0,0.0
1223,greedy,2,2.2212,19.2,0,cpu,29,277,294.83,0.0,0.0
1224,greedy,2,2.2223,18.9,0,cpu,12,113,114.8,0.0,0.0
1225,greedy,2,2.2233,18.9,0,cpu,12,94,116.89,0.0,0.0
1226,greedy,2,2.225,18.82,0,cpu,17,169,170.19,0.0,0.0
1227,greedy,2,2.2261,18.64,0,cpu,14,103,136.52,0.0,0.0
1228,greedy,2,2.2289,18.6,0,cpu,26,269,266.78,0.0,0.0
1229,greedy,2,2.2311,18.72,0,cpu,22,196,221.97,0.0,0.0
1230,greedy,2,2.2328,18.54,0,cpu,18,156,178.13,0.0,0.0
1231,greedy,2,2.2338,18.52,0,cpu,11,100,103.92,0.0,0.0
1232,greedy,2,2.2353,18.64,0,cpu,18,142,180.47,0.0,0.0
1233,greedy,2,2.2365,18.6,0,cpu,13,130,126.84,0.0,0.0
1234,greedy,2,2.24,18.8,0,cpu,33,293,335.11,0.0,0.0
1235,greedy,2,2.2407,18.3,0,cpu,9,68,85.22,0.0,0.0
1236,greedy,2,2.2422,18.16,0,cpu,18,137,179.42,0.0,0.0
1237,greedy,2,2.2435,18.3,0,cpu,17,128,168.5,0.0,0.0
1238,greedy,2,2.2446,18.14,0,cpu,14,111,137.24,0.0,0.0
1239,greedy,2,2.248,18.38,0,cpu,29,286,294.44,0.0,0.0
1240,greedy,2,2.2506,18.4,0,cpu,27,242,273.66,0.0,0.0
1241,greedy,2,2.2525,18.36,0,cpu,18,179,179.2,0.0,0.0
1242,greedy,2,2.2532,18.4,0,cpu,10,69,94.62,0.0,0.0
1243,greedy,2,2.2539,18.16,0,cpu,10,74,95.67,0.0,0.0
1244,greedy,2,2.2554,18.02,0,cpu,16,134,159.73,0.0,0.0
1245,greedy,2,2.2567,18.02,0,cpu,15,119,148.67,0.0,0.0
1246,greedy,2,2.2582,18.04,0,cpu,18,152,179.77,0.0,0.0
1247,greedy,2,2.2606,18.28,0,cpu,27,217,274.61,0.0,0.0
1248,greedy,2,2.2629,18.52,0,cpu,21,229,211.63,0.0,0.0
1249,greedy,2,2.2653,18.68,0,cpu,23,208,231.96,0.0,0.0
1250,greedy,2,2.2665,18.84,0,cpu,16,116,157.31,0.0,0.0
1251,greedy,2,2.2676,18.66,0,cpu,11,110,106.82,0.0,0.0
1252,greedy,2,2.2698,18.62,0,cpu,25,198,252.28,0.0,0.0
1253,greedy,2,2.271,18.74,0,cpu,18,114,178.15,0.0,0.0
1254,greedy,2,2.2726,18.56,0,cpu,20,138,198.93,0.0,0.0
1255,greedy,2,2.2738,18.42,0,cpu,16,111,157.66,0.0,0.0
1256,greedy,2,2.2749,18.42,0,cpu,15,103,147.23,0.0,0.0
1257,greedy,2,2.2765,18.58,0,cpu,18,160,180.49,0.0,0.0
1258,greedy,2,2.278,18.56,0,cpu,19,140,189.8,0.0,0.0
1259,greedy,2,2.2794,18.58,0,cpu,14,141,138.74,0.0,0.0
1260,greedy,2,2.2828,18.8,0,cpu,31,292,315.8,0.0,0.0
1261,greedy,2,2.2856,18.96,0,cpu,26,265,266.22,0.0,0.0
1262,greedy,2,2.2866,19.0,0,cpu,12,97,115.36,0.0,0.0
1263,greedy,2,2.2876,18.9,0,cpu,10,99,97.92,0.0,0.0
1264,greedy,2,2.2889,18.92,0,cpu,17,115,166.73,0.0,0.0
1265,greedy,2,2.29,18.82,0,cpu,16,92,156.75,0.0,0.0
1266,greedy,2,2.2924,18.9,0,cpu,22,237,223.06,0.0,0.0
1267,greedy,2,2.2946,18.94,0,cpu,23,201,232.73,0.0,0.0
1268,greedy,2,2.2959,18.88,0,cpu,15,107,145.79,0.0,0.0
1269,greedy,2,2.2985,19.12,0,cpu,26,222,264.15,0.0,0.0
1270,greedy,2,2.3014,19.3,0,cpu,28,255,283.34,0.0,0.0
1271,greedy,2,2.3029,19.02,0,cpu,18,135,178.24,0.0,0.0
1272,greedy,2,2.3044,18.62,0,cpu,18,123,178.96,0.0,0.0
1273,greedy,2,2.3056,18.34,0,cpu,15,116,148.6,0.0,0.0
1274,greedy,2,2.307,18.46,0,cpu,18,112,176.97,0.0,0.0
1275,greedy,2,2.3087,18.64,0,cpu,21,158,210.04,0.0,0.0
1276,greedy,2,2.3104,18.72,0,cpu,21,155,210.77,0.0,0.0
1277,greedy,2,2.3114,18.7,0,cpu,13,96,127.18,0.0,0.0
1278,greedy,2,2.3123,18.46,0,cpu,14,93,137.02,0.0,0.0
1279,greedy,2,2.3137,18.3,0,cpu,14,129,137.06,0.0,0.0
1280,greedy,2,2.3161,18.46,0,cpu,26,209,262.98,0.0,0.0
1281,greedy,2,2.3179,18.72,0,cpu,24,155,239.7,0.0,0.0
1282,greedy,2,2.32,18.86,0,cpu,25,199,253.17,0.0,0.0
1283,greedy,2,2.3218,19.02,0,cpu,21,152,209.3,0.0,0.0
1284,greedy,2,2.3229,18.62,0,cpu,13,97,127.27,0.0,0.0
1285,greedy,2,2.3257,19.06,0,cpu,31,244,316.48,0.0,0.0
1286,greedy,2,2.328,19.22,0,cpu,26,208,263.89,0.0,0.0
1287,greedy,2,2.3297,19.24,0,cpu,18,163,180.96,0.0,0.0
1288,greedy,2,2.333,19.54,0,cpu,29,285,292.75,0.0,0.0
1289,greedy,2,2.3354,19.44,0,cpu,24,217,244.08,0.0,0.0
1290,greedy,2,2.3371,19.32,0,cpu,21,159,210.13,0.0,0.0
1291,greedy,2,2.3379,19.16,0,cpu,10,84,95.57,0.0,0.0
1292,greedy,2,2.3402,19.42,0,cpu,23,207,230.67,0.0,0.0
1293,greedy,2,2.3428,19.72,0,cpu,25,234,251.72,0.0,0.0
1294,greedy,2,2.344,19.7,0,cpu,15,119,146.67,0.0,0.0
1295,greedy,2,2.346,19.9,0,cpu,25,177,251.19,0.0,0.0
1296,greedy,2,2.3488,20.14,0,cpu,30,239,305.32,0.0,0.0
1297,greedy,2,2.3505,19.98,0,cpu,19,158,188.82,0.0,0.0
1298,greedy,2,2.3515,19.82,0,cpu,13,100,125.54,0.0,0.0
1299,greedy,2,2.3527,19.62,0,cpu,13,125,125.39,0.0,0.0
1300,greedy,2,2.3537,19.52,0,cpu,11,102,107.7,0.0,0.0
1301,greedy,2,2.3557,19.82,0,cpu,26,171,261.16,0.0,0.0
1302,greedy,2,2.3587,19.9,0,cpu,29,263,293.97,0.0,0.0
1303,greedy,2,2.3608,20.02,0,cpu,24,198,244.17,0.0,0.0
1304,greedy,2,2.3632,20.22,0,cpu,30,195,303.36,0.0,0.0
1305,greedy,2,2.3645,20.14,0,cpu,12,130,117.93,0.0,0.0
1306,greedy,2,2.3664,20.26,0,cpu,21,184,212.58,0.0,0.0
1307,greedy,2,2.3678,20.24,0,cpu,17,134,169.64,0.0,0.0
1308,greedy,2,2.369,20.18,0,cpu,16,121,158.76,0.0,0.0
1309,greedy,2,2.373,20.58,0,cpu,34,346,348.79,0.0,0.0
1310,greedy,2,2.3743,20.24,0,cpu,14,126,137.39,0.0,0.0
1311,greedy,2,2.3765,20.2,0,cpu,24,209,242.56,0.0,0.0
1312,greedy,2,2.3778,20.28,0,cpu,16,127,158.3,0.0,0.0
1313,greedy,2,2.3795,20.5,0,cpu,21,154,209.48,0.0,0.0
1314,greedy,2,2.381,20.58,0,cpu,21,121,208.31,0.0,0.0
1315,greedy,2,2.3816,20.44,0,cpu,9,62,84.68,0.0,0.0
1316,greedy,2,2.3839,20.52,0,cpu,26,201,262.86,0.0,0.0
1317,greedy,2,2.385,20.32,0,cpu,13,97,126.07,0.0,0.0
1318,greedy,2,2.3872,20.54,0,cpu,26,195,261.52,0.0,0.0
1319,greedy,2,2.3898,20.54,0,cpu,26,234,267.23,0.0,0.0
1320,greedy,2,2.3919,20.46,0,cpu,24,197,241.68,0.0,0.0
1321,greedy,2,2.3937,20.48,0,cpu,19,168,188.12,0.0,0.0
1322,greedy,2,2.3966,20.74,0,cpu,31,244,315.08,0.0,0.0
1323,greedy,2,2.398,20.72,0,cpu,14,133,137.62,0.0,0.0
1324,greedy,2,2.3992,20.7,0,cpu,17,112,167.06,0.0,0.0
1325,greedy,2,2.4024,20.9,0,cpu,31,289,315.73,0.0,0.0
1326,greedy,2,2.4041,20.88,0,cpu,20,164,200.87,0.0,0.0
1327,greedy,2,2.4055,20.94,0,cpu,16,124,158.83,0.0,0.0
1328,greedy,2,2.4069,20.98,0,cpu,16,129,157.08,0.0,0.0
1329,greedy,2,2.4079,20.96,0,cpu,13,90,125.84,0.0,0.0
1330,greedy,2,2.4097,20.86,0,cpu,21,160,209.02,0.0,0.0
1331,greedy,2,2.4112,20.7,0,cpu,16,144,159.43,0.0,0.0
1332,greedy,2,2.4127,20.54,0,cpu,17,135,166.93,0.0,0.0
1333,greedy,2,2.414,20.42,0,cpu,15,115,148.31,0.0,0.0
1334,greedy,2,2.4172,20.72,0,cpu,28,287,283.82,0.0,0.0
1335,greedy,2,2.4185,20.4,0,cpu,15,127,146.19,0.0,0.0
1336,greedy,2,2.422,20.48,0,cpu,30,315,306.36,0.0,0.0
1337,greedy,2,2.4242,20.62,0,cpu,25,192,254.74,0.0,0.0
1338,greedy,2,2.4259,20.4,0,cpu,18,174,180.75,0.0,0.0
1339,greedy,2,2.4279,20.36,0,cpu,22,181,221.62,0.0,0.0
1340,greedy,2,2.4303,20.4,0,cpu,23,221,229.93,0.0,0.0
1341,greedy,2,2.4322,20.58,0,cpu,19,168,190.92,0.0,0.0
1342,greedy,2,2.4352,20.64,0,cpu,26,281,264.66,0.0,0.0
1343,greedy,2,2.4368,20.52,0,cpu,19,148,189.72,0.0,0.0
1344,greedy,2,2.4382,20.56,0,cpu,17,124,167.94,0.0,0.0
1345,greedy,2,2.4397,20.48,0,cpu,21,127,209.45,0.0,0.0
1346,greedy,2,2.4419,20.38,0,cpu,25,201,255.55,0.0,0.0
1347,greedy,2,2.4431,20.36,0,cpu,18,106,177.63,0.0,0.0
1348,greedy,2,2.4442,20.36,0,cpu,13,106,127.68,0.0,0.0
1349,greedy,2,2.4474,20.76,0,cpu,33,274,337.2,0.0,0.0
1350,greedy,2,2.4509,21.22,0,cpu,34,295,344.0,0.0,0.0
1351,greedy,2,2.4527,21.2,0,cpu,25,155,251.01,0.0,0.0
1352,greedy,2,2.4546,21.04,0,cpu,21,176,211.66,0.0,0.0
1353,greedy,2,2.4565,20.96,0,cpu,20,174,201.77,0.0,0.0
1354,greedy,2,2.4586,20.84,0,cpu,24,191,242.94,0.0,0.0
1355,greedy,2,2.46,20.96,0,cpu,18,122,175.27,0.0,0.0
1356,greedy,2,2.4614,20.86,0,cpu,16,136,159.31,0.0,0.0
1357,greedy,2,2.463,20.92,0,cpu,20,148,200.03,0.0,0.0
1358,greedy,2,2.4654,21.14,0,cpu,27,203,271.95,0.0,0.0
1359,greedy,2,2.4684,21.02,0,cpu,28,263,283.26,0.0,0.0
1360,greedy,2,2.4707,21.18,0,cpu,22,214,220.39,0.0,0.0
1361,greedy,2,2.4723,21.08,0,cpu,19,141,187.89,0.0,0.0
1362,greedy,2,2.4745,21.3,0,cpu,27,178,268.3,0.0,0.0
1363,greedy,2,2.4762,21.26,0,cpu,19,151,189.59,0.0,0.0
1364,greedy,2,2.4775,21.18,0,cpu,17,108,167.9,0.0,0.0
1365,greedy,2,2.4791,21.32,0,cpu,16,146,158.41,0.0,0.0
1366,greedy,2,2.48,21.04,0,cpu,12,85,116.08,0.0,0.0
1367,greedy,2,2.482,21.16,0,cpu,19,187,190.43,0.0,0.0
1368,greedy,2,2.4833,21.02,0,cpu,19,113,187.77,0.0,0.0
1369,greedy,2,2.4841,20.76,0,cpu,13,75,124.29,0.0,0.0
1370,greedy,2,2.4858,20.74,0,cpu,23,141,227.73,0.0,0.0
1371,greedy,2,2.4888,20.92,0,cpu,28,270,283.89,0.0,0.0
1372,greedy,2,2.4913,20.8,0,cpu,25,223,253.93,0.0,0.0
1373,greedy,2,2.4928,20.82,0,cpu,15,155,148.31,0.0,0.0
1374,greedy,2,2.4947,20.9,0,cpu,21,181,212.71,0.0,0.0
1375,greedy,2,2.4955,20.5,0,cpu,11,82,104.5,0.0,0.0
1376,greedy,2,2.4968,20.4,0,cpu,15,113,147.33,0.0,0.0
1377,greedy,2,2.4986,20.5,0,cpu,21,150,210.32,0.0,0.0
1378,greedy,2,2.4995,20.36,0,cpu,9,91,84.09,0.0,0.0
1379,greedy,2,2.5013,20.54,0,cpu,22,164,221.49,0.0,0.0
1380,greedy,2,2.5025,20.4,0,cpu,14,120,136.85,0.0,0.0
1381,greedy,2,2.5054,20.66,0,cpu,29,254,293.76,0.0,0.0
1382,greedy,2,2.5066,20.64,0,cpu,16,98,157.29,0.0,0.0
1383,greedy,2,2.5085,20.88,0,cpu,27,152,270.56,0.0,0.0
1384,greedy,2,2.5101,20.7,0,cpu,19,150,189.3,0.0,0.0
1385,greedy,2,2.5114,20.72,0,cpu,16,127,159.3,0.0,0.0
1386,greedy,2,2.5135,20.6,0,cpu,24,184,243.11,0.0,0.0
1387,greedy,2,2.5143,20.34,0,cpu,12,69,115.04,0.0,0.0
1388,greedy,2,2.5156,20.3,0,cpu,16,124,158.83,0.0,0.0
1389,greedy,2,2.5168,20.2,0,cpu,17,105,167.23,0.0,0.0
1390,greedy,2,2.5183,20.04,0,cpu,15,141,148.25,0.0,0.0
1391,greedy,2,2.5197,20.04,0,cpu,19,128,187.92,0.0,0.0
1392,greedy,2,2.5213,19.84,0,cpu,16,156,159.31,0.0,0.0
1393,greedy,2,2.5227,19.78,0,cpu,16,129,159.48,0.0,0.0
1394,greedy,2,2.5253,19.9,0,cpu,23,243,232.91,0.0,0.0
1395,greedy,2,2.5269,19.88,0,cpu,20,158,199.93,0.0,0.0
1396,greedy,2,2.529,19.9,0,cpu,26,181,262.26,0.0,0.0
1397,greedy,2,2.5317,20.12,0,cpu,29,232,292.78,0.0,0.0
1398,greedy,2,2.5338,20.32,0,cpu,23,184,232.4,0.0,0.0
1399,greedy,2,2.5353,20.04,0,cpu,19,139,190.51,0.0,0.0
1400,greedy,2,2.5386,19.98,0,cpu,31,291,315.11,0.0,0.0
1401,greedy,2,2.5409,19.98,0,cpu,25,199,251.97,0.0,0.0
1402,greedy,2,2.5424,19.96,0,cpu,20,137,197.24,0.0,0.0
1403,greedy,2,2.5433,19.84,0,cpu,14,88,136.57,0.0,0.0
1404,greedy,2,2.5453,19.74,0,cpu,19,202,194.58,0.0,0.0
1405,greedy,2,2.549,19.98,0,cpu,30,307,307.64,0.0,0.0
1406,greedy,2,2.5515,20.2,0,cpu,27,230,271.98,0.0,0.0
1407,greedy,2,2.5533,20.2,0,cpu,20,163,200.58,0.0,0.0
1408,greedy,2,2.556,20.18,0,cpu,26,241,265.86,0.0,0.0
1409,greedy,2,2.5585,20.1,0,cpu,24,226,243.89,0.0,0.0
1410,greedy,2,2.5598,19.98,0,cpu,16,130,157.97,0.0,0.0
1411,greedy,2,2.5626,20.16,0,cpu,28,253,284.76,0.0,0.0
1412,greedy,2,2.5651,20.18,0,cpu,28,217,284.32,0.0,0.0
1413,greedy,2,2.5664,20.14,0,cpu,17,109,166.79,0.0,0.0
1414,greedy,2,2.5676,20.18,0,cpu,19,109,186.61,0.0,0.0
1415,greedy,2,2.5714,20.52,0,cpu,33,324,337.1,0.0,0.0
1416,greedy,2,2.5733,20.66,0,cpu,19,174,192.06,0.0,0.0
1417,greedy,2,2.5765,21.02,0,cpu,37,253,373.75,0.0,0.0
1418,greedy,2,2.5797,21.18,0,cpu,27,265,276.13,0.0,0.0
1419,greedy,2,2.5825,21.44,0,cpu,26,245,263.82,0.0,0.0
1420,greedy,2,2.5835,21.28,0,cpu,15,96,147.2,0.0,0.0
1421,greedy,2,2.5863,21.34,0,cpu,31,238,313.74,0.0,0.0
1422,greedy,2,2.5875,21.14,0,cpu,15,101,146.65,0.0,0.0
1423,greedy,2,2.5882,21.02,0,cpu,9,66,84.44,0.0,0.0
1424,greedy,2,2.5923,21.22,0,cpu,31,353,316.49,0.0,0.0
1425,greedy,2,2.5937,21.3,0,cpu,15,134,148.22,0.0,0.0
1426,greedy,2,2.5956,21.44,0,cpu,22,161,220.22,0.0,0.0
1427,greedy,2,2.5975,21.44,0,cpu,21,165,207.87,0.0,0.0
1428,greedy,2,2.599,21.64,0,cpu,19,135,190.15,0.0,0.0
1429,greedy,2,2.5999,21.4,0,cpu,10,82,94.99,0.0,0.0
1430,greedy,2,2.6027,21.66,0,cpu,27,258,276.9,0.0,0.0
1431,greedy,2,2.6063,21.68,0,cpu,30,306,303.15,0.0,0.0
1432,greedy,2,2.6087,21.86,0,cpu,25,221,253.15,0.0,0.0
1433,greedy,2,2.6102,21.7,0,cpu,19,129,187.81,0.0,0.0
1434,greedy,2,2.612,21.7,0,cpu,19,172,191.88,0.0,0.0
1435,greedy,2,2.613,21.64,0,cpu,13,93,125.51,0.0,0.0
1436,greedy,2,2.616,21.9,0,cpu,37,234,375.84,0.0,0.0
1437,greedy,2,2.6177,22.08,0,cpu,21,157,209.95,0.0,0.0
1438,greedy,2,2.6199,22.28,0,cpu,26,196,263.01,0.0,0.0
1439,greedy,2,2.6217,22.34,0,cpu,20,159,200.62,0.0,0.0
1440,greedy,2,2.6244,22.62,0,cpu,29,235,293.85,0.0,0.0
1441,greedy,2,2.6255,22.52,0,cpu,14,108,138.17,0.0,0.0
1442,greedy,2,2.6267,22.54,0,cpu,17,98,166.6,0.0,0.0
1443,greedy,2,2.6295,22.82,0,cpu,30,241,303.5,0.0,0.0
1444,greedy,2,2.6303,22.52,0,cpu,8,91,73.98,0.0,0.0
1445,greedy,2,2.6319,22.48,0,cpu,18,135,178.84,0.0,0.0
1446,greedy,2,2.6332,22.24,0,cpu,14,127,136.28,0.0,0.0
1447,greedy,2,2.6342,21.9,0,cpu,12,97,117.16,0.0,0.0
1448,greedy,2,2.6359,21.82,0,cpu,19,153,189.37,0.0,0.0
1449,greedy,2,2.637,21.74,0,cpu,15,106,147.7,0.0,0.0
1450,greedy,2,2.6392,21.54,0,cpu,21,191,211.61,0.0,0.0
1451,greedy,2,2.6422,21.62,0,cpu,29,269,298.31,0.0,0.0
1452,greedy,2,2.6449,21.76,0,cpu,27,246,277.82,0.0,0.0
1453,greedy,2,2.6463,21.9,0,cpu,21,121,207.91,0.0,0.0
1454,greedy,2,2.6485,22.0,0,cpu,24,188,244.07,0.0,0.0
1455,greedy,2,2.6502,21.76,0,cpu,18,158,179.91,0.0,0.0
1456,greedy,2,2.653,21.76,0,cpu,27,231,272.27,0.0,0.0
1457,greedy,2,2.6547,21.76,0,cpu,20,155,198.26,0.0,0.0
1458,greedy,2,2.6562,21.6,0,cpu,18,133,177.26,0.0,0.0
1459,greedy,2,2.6578,21.56,0,cpu,22,143,219.8,0.0,0.0
1460,greedy,2,2.6592,21.6,0,cpu,18,131,177.08,0.0,0.0
1461,greedy,2,2.6609,21.4,0,cpu,18,155,179.84,0.0,0.0
1462,greedy,2,2.6643,21.5,0,cpu,33,286,333.28,0.0,0.0
1463,greedy,2,2.6656,21.48,0,cpu,16,121,157.96,0.0,0.0
1464,greedy,2,2.6676,21.52,0,cpu,21,182,211.2,0.0,0.0
1465,greedy,2,2.6703,21.38,0,cpu,26,251,263.56,0.0,0.0
1466,greedy,2,2.6716,21.4,0,cpu,20,102,197.29,0.0,0.0
1467,greedy,2,2.6731,20.94,0,cpu,14,141,139.14,0.0,0.0
1468,greedy,2,2.674,20.66,0,cpu,13,92,126.22,0.0,0.0
1469,greedy,2,2.6753,20.42,0,cpu,14,135,137.6,0.0,0.0
1470,greedy,2,2.6767,20.46,0,cpu,17,125,168.83,0.0,0.0
1471,greedy,2,2.6778,20.18,0,cpu,17,102,166.16,0.0,0.0
1472,greedy,2,2.6797,20.32,0,cpu,22,176,222.97,0.0,0.0
1473,greedy,2,2.6821,20.58,0,cpu,22,205,224.18,0.0,0.0
1474,greedy,2,2.6843,20.36,0,cpu,20,217,201.24,0.0,0.0
1475,greedy,2,2.6855,20.32,0,cpu,13,121,127.83,0.0,0.0
1476,greedy,2,2.6877,20.38,0,cpu,25,195,251.41,0.0,0.0
1477,greedy,2,2.6904,20.5,0,cpu,27,233,273.65,0.0,0.0
1478,greedy,2,2.6922,20.54,0,cpu,21,167,211.45,0.0,0.0
1479,greedy,2,2.6935,20.62,0,cpu,14,113,137.82,0.0,0.0
1480,greedy,2,2.6953,20.5,0,cpu,21,175,211.97,0.0,0.0
1481,greedy,2,2.6964,20.16,0,cpu,13,111,125.13,0.0,0.0
1482,greedy,2,2.6982,20.02,0,cpu,18,160,181.09,0.0,0.0
1483,greedy,2,2.7007,20.14,0,cpu,25,225,252.91,0.0,0.0
1484,greedy,2,2.7022,20.12,0,cpu,18,128,176.61,0.0,0.0
1485,greedy,2,2.7042,20.32,0,cpu,23,189,230.65,0.0,0.0
1486,greedy,2,2.7056,19.9,0,cpu,16,126,158.61,0.0,0.0
1487,greedy,2,2.7073,19.84,0,cpu,18,155,179.24,0.0,0.0
1488,greedy,2,2.7082,19.52,0,cpu,10,85,96.06,0.0,0.0
1489,greedy,2,2.7106,19.66,0,cpu,27,213,272.05,0.0,0.0
1490,greedy,2,2.7126,19.52,0,cpu,22,170,220.83,0.0,0.0
1491,greedy,2,2.715,19.74,0,cpu,25,205,253.31,0.0,0.0
1492,greedy,2,2.7162,19.74,0,cpu,17,105,167.23,0.0,0.0
1493,greedy,2,2.7191,19.68,0,cpu,27,258,274.3,0.0,0.0
1494,greedy,2,2.7209,19.94,0,cpu,21,166,210.16,0.0,0.0
1495,greedy,2,2.7245,20.2,0,cpu,31,315,320.27,0.0,0.0
1496,greedy,2,2.7262,20.36,0,cpu,22,157,221.66,0.0,0.0
1497,greedy,2,2.7275,20.42,0,cpu,15,128,149.08,0.0,0.0
1498,greedy,2,2.7292,20.44,0,cpu,20,163,200.58,0.0,0.0
1499,greedy,2,2.7308,20.46,0,cpu,16,153,160.84,0.0,0.0
1500,greedy,2,2.7313,20.16,0,cpu,6,52,52.25,0.0,0.0
1501,greedy,2,2.7331,19.96,0,cpu,19,161,190.89,0.0,0.0
1502,greedy,2,2.7352,19.86,0,cpu,22,198,221.35,0.0,0.0
1503,greedy,2,2.7384,20.04,0,cpu,30,286,305.15,0.0,0.0
1504,greedy,2,2.7394,19.84,0,cpu,14,92,135.93,0.0,0.0
1505,greedy,2,2.7411,19.88,0,cpu,20,160,200.51,0.0,0.0
1506,greedy,2,2.7423,19.64,0,cpu,15,109,146.77,0.0,0.0
1507,greedy,2,2.7433,19.54,0,cpu,15,94,146.82,0.0,0.0
1508,greedy,2,2.7436,19.3,0,cpu,6,32,52.05,0.0,0.0
1509,greedy,2,2.7445,19.1,0,cpu,12,85,116.08,0.0,0.0
1510,greedy,2,2.745,18.92,0,cpu,9,53,83.87,0.0,0.0
1511,greedy,2,2.746,18.82,0,cpu,13,95,127.29,0.0,0.0
1512,greedy,2,2.7493,18.74,0,cpu,29,289,293.31,0.0,0.0
1513,greedy,2,2.752,18.94,0,cpu,26,244,262.13,0.0,0.0
1514,greedy,2,2.7535,18.84,0,cpu,16,155,158.42,0.0,0.0
1515,greedy,2,2.7553,18.72,0,cpu,20,159,199.02,0.0,0.0
1516,greedy,2,2.757,18.7,0,cpu,19,153,190.77,0.0,0.0
1517,greedy,2,2.7594,18.94,0,cpu,26,216,264.21,0.0,0.0
1518,greedy,2,2.7622,19.28,0,cpu,30,254,305.67,0.0,0.0
1519,greedy,2,2.764,19.42,0,cpu,21,170,210.72,0.0,0.0
1520,greedy,2,2.7648,19.26,0,cpu,9,69,85.31,0.0,0.0
1521,greedy,2,2.7668,19.38,0,cpu,23,180,232.64,0.0,0.0
1522,greedy,2,2.7681,19.26,0,cpu,16,119,156.78,0.0,0.0
1523,greedy,2,2.7709,19.38,0,cpu,28,252,281.47,0.0,0.0
1524,greedy,2,2.7721,19.26,0,cpu,14,112,138.13,0.0,0.0
1525,greedy,2,2.7734,19.24,0,cpu,12,111,115.82,0.0,0.0
1526,greedy,2,2.7749,19.14,0,cpu,20,134,198.77,0.0,0.0
1527,greedy,2,2.7764,19.0,0,cpu,20,139,199.82,0.0,0.0
1528,greedy,2,2.7781,18.96,0,cpu,19,164,190.56,0.0,0.0
1529,greedy,2,2.78,19.08,0,cpu,20,165,201.56,0.0,0.0
1530,greedy,2,2.7811,18.94,0,cpu,14,102,137.03,0.0,0.0
1531,greedy,2,2.7826,19.0,0,cpu,16,143,160.14,0.0,0.0
1532,greedy,2,2.7849,19.08,0,cpu,22,211,223.32,0.0,0.0
1533,greedy,2,2.7864,18.9,0,cpu,16,137,158.8,0.0,0.0
1534,greedy,2,2.7894,19.12,0,cpu,29,270,296.8,0.0,0.0
1535,greedy,2,2.7911,19.06,0,cpu,20,155,200.86,0.0,0.0
1536,greedy,2,2.7922,19.02,0,cpu,14,103,135.92,0.0,0.0
1537,greedy,2,2.795,19.18,0,cpu,26,259,266.08,0.0,0.0
1538,greedy,2,2.7975,19.44,0,cpu,23,222,232.42,0.0,0.0
1539,greedy,2,2.7997,19.38,0,cpu,24,208,244.87,0.0,0.0
1540,greedy,2,2.8016,19.38,0,cpu,22,178,222.75,0.0,0.0
1541,greedy,2,2.8032,19.22,0,cpu,17,156,170.62,0.0,0.0
1542,greedy,2,2.8064,19.48,0,cpu,30,291,305.2,0.0,0.0
1543,greedy,2,2.808,19.34,0,cpu,20,143,199.38,0.0,0.0
1544,greedy,2,2.8086,19.14,0,cpu,11,57,102.85,0.0,0.0
1545,greedy,2,2.8116,19.12,0,cpu,30,263,304.08,0.0,0.0
1546,greedy,2,2.8137,19.14,0,cpu,23,193,229.41,0.0,0.0
1547,greedy,2,2.8172,19.54,0,cpu,35,295,357.11,0.0,0.0
1548,greedy,2,2.8202,19.8,0,cpu,33,259,334.65,0.0,0.0
1549,greedy,2,2.8242,20.24,0,cpu,38,329,389.7,0.0,0.0
1550,greedy,2,2.8252,20.36,0,cpu,12,97,117.56,0.0,0.0
1551,greedy,2,2.8265,20.28,0,cpu,15,133,148.13,0.0,0.0
1552,greedy,2,2.8278,20.18,0,cpu,17,121,169.27,0.0,0.0
1553,greedy,2,2.8315,20.28,0,cpu,35,309,355.17,0.0,0.0
1554,greedy,2,2.8337,20.5,0,cpu,25,206,254.8,0.0,0.0
1555,greedy,2,2.8344,20.28,0,cpu,9,60,83.1,0.0,0.0
1556,greedy,2,2.8359,20.32,0,cpu,17,154,171.84,0.0,0.0
1557,greedy,2,2.8384,20.48,0,cpu,23,232,234.52,0.0,0.0
1558,greedy,2,2.8402,20.74,0,cpu,19,168,190.32,0.0,0.0
1559,greedy,2,2.8416,20.84,0,cpu,17,121,168.27,0.0,0.0
1560,greedy,2,2.8446,21.24,0,cpu,29,272,295.58,0.0,0.0
1561,greedy,2,2.8459,21.36,0,cpu,19,121,187.49,0.0,0.0
1562,greedy,2,2.8478,21.14,0,cpu,18,173,180.06,0.0,0.0
1563,greedy,2,2.8502,21.16,0,cpu,27,213,273.65,0.0,0.0
1564,greedy,2,2.8519,21.2,0,cpu,18,152,178.77,0.0,0.0
1565,greedy,2,2.8544,21.3,0,cpu,25,231,253.65,0.0,0.0
1566,greedy,2,2.8557,21.22,0,cpu,15,123,147.83,0.0,0.0
1567,greedy,2,2.858,21.16,0,cpu,23,216,233.28,0.0,0.0
1568,greedy,2,2.8596,21.0,0,cpu,22,145,217.38,0.0,0.0
1569,greedy,2,2.8608,20.88,0,cpu,15,115,147.51,0.0,0.0
1570,greedy,2,2.8626,21.18,0,cpu,24,168,239.67,0.0,0.0
1571,greedy,2,2.8645,21.14,0,cpu,21,170,212.92,0.0,0.0
1572,greedy,2,2.8658,21.12,0,cpu,15,116,149.0,0.0,0.0
1573,greedy,2,2.8691,21.18,0,cpu,31,297,317.25,0.0,0.0
1574,greedy,2,2.8702,21.2,0,cpu,15,105,147.41,0.0,0.0
1575,greedy,2,2.8719,21.3,0,cpu,17,159,170.29,0.0,0.0
1576,greedy,2,2.8734,21.2,0,cpu,15,124,148.52,0.0,0.0
1577,greedy,2,2.8759,21.2,0,cpu,20,235,200.06,0.0,0.0
1578,greedy,2,2.8796,21.4,0,cpu,29,325,295.35,0.0,0.0
1579,greedy,2,2.8802,21.16,0,cpu,8,63,73.46,0.0,0.0
1580,greedy,2,2.8814,21.16,0,cpu,14,105,136.3,0.0,0.0
1581,greedy,2,2.8822,21.06,0,cpu,11,83,105.99,0.0,0.0
1582,greedy,2,2.8832,20.88,0,cpu,13,101,127.83,0.0,0.0
1583,greedy,2,2.8873,21.28,0,cpu,36,353,366.64,0.0,0.0
1584,greedy,2,2.8881,20.94,0,cpu,12,78,114.85,0.0,0.0
1585,greedy,2,2.8893,20.86,0,cpu,16,105,157.32,0.0,0.0
1586,greedy,2,2.8919,21.1,0,cpu,26,236,265.41,0.0,0.0
1587,greedy,2,2.8941,21.06,0,cpu,24,211,243.94,0.0,0.0
1588,greedy,2,2.8969,21.02,0,cpu,21,265,214.27,0.0,0.0
1589,greedy,2,2.9,21.22,0,cpu,34,261,346.74,0.0,0.0
1590,greedy,2,2.9013,21.06,0,cpu,14,118,137.47,0.0,0.0
1591,greedy,2,2.9033,21.14,0,cpu,21,189,212.03,0.0,0.0
1592,greedy,2,2.906,21.08,0,cpu,27,231,273.47,0.0,0.0
1593,greedy,2,2.9068,20.88,0,cpu,10,79,95.72,0.0,0.0
1594,greedy,2,2.9079,20.9,0,cpu,12,103,115.7,0.0,0.0
1595,greedy,2,2.9102,20.8,0,cpu,25,211,251.85,0.0,0.0
1596,greedy,2,2.9119,20.72,0,cpu,19,159,190.71,0.0,0.0
1597,greedy,2,2.9136,20.38,0,cpu,18,161,177.78,0.0,0.0
1598,greedy,2,2.9157,20.16,0,cpu,22,183,221.2,0.0,0.0
1599,greedy,2,2.9176,19.78,0,cpu,19,170,191.3,0.0,0.0
1600,greedy,2,2.9218,20.12,0,cpu,29,384,294.46,0.0,0.0
1601,greedy,2,2.9227,20.04,0,cpu,11,82,106.3,0.0,0.0
1602,greedy,2,2.9238,19.96,0,cpu,13,105,127.39,0.0,0.0
1603,greedy,2,2.9261,19.8,0,cpu,27,203,271.95,0.0,0.0
1604,greedy,2,2.9291,19.92,0,cpu,31,276,317.76,0.0,0.0
1605,greedy,2,2.9322,20.3,0,cpu,28,260,283.99,0.0,0.0
1606,greedy,2,2.9331,20.18,0,cpu,11,98,105.14,0.0,0.0
1607,greedy,2,2.9344,20.02,0,cpu,15,126,147.1,0.0,0.0
1608,greedy,2,2.9358,19.94,0,cpu,15,133,150.33,0.0,0.0
1609,greedy,2,2.9378,20.06,0,cpu,23,188,230.76,0.0,0.0
1610,greedy,2,2.9385,19.66,0,cpu,9,58,84.12,0.0,0.0
1611,greedy,2,2.9406,19.74,0,cpu,23,174,229.3,0.0,0.0
1612,greedy,2,2.9428,19.9,0,cpu,26,201,262.66,0.0,0.0
1613,greedy,2,2.9438,19.6,0,cpu,12,93,117.2,0.0,0.0
1614,greedy,2,2.9464,19.74,0,cpu,25,235,253.81,0.0,0.0
1615,greedy,2,2.948,19.6,0,cpu,18,144,180.65,0.0,0.0
1616,greedy,2,2.9501,19.8,0,cpu,25,187,252.49,0.0,0.0
1617,greedy,2,2.9522,19.84,0,cpu,25,186,253.2,0.0,0.0
1618,greedy,2,2.9554,20.08,0,cpu,34,265,345.9,0.0,0.0
1619,greedy,2,2.9573,20.24,0,cpu,23,161,230.33,0.0,0.0
1620,greedy,2,2.9584,20.08,0,cpu,16,104,156.83,0.0,0.0
1621,greedy,2,2.9594,19.94,0,cpu,14,103,136.92,0.0,0.0
1622,greedy,2,2.9615,20.08,0,cpu,22,194,219.39,0.0,0.0
1623,greedy,2,2.9641,20.0,0,cpu,27,231,272.67,0.0,0.0
1624,greedy,2,2.9662,20.16,0,cpu,23,190,234.34,0.0,0.0
1625,greedy,2,2.9682,20.28,0,cpu,23,174,231.5,0.0,0.0
1626,greedy,2,2.9695,20.32,0,cpu,17,122,167.76,0.0,0.0
1627,greedy,2,2.9707,20.26,0,cpu,17,118,168.6,0.0,0.0
1628,greedy,2,2.9727,20.1,0,cpu,21,177,211.55,0.0,0.0
1629,greedy,2,2.9732,20.08,0,cpu,7,47,62.71,0.0,0.0
1630,greedy,2,2.9743,20.1,0,cpu,15,100,146.76,0.0,0.0
1631,greedy,2,2.9756,20.18,0,cpu,15,130,148.86,0.0,0.0
1632,greedy,2,2.9769,20.26,0,cpu,17,113,167.55,0.0,0.0
1633,greedy,2,2.9786,19.98,0,cpu,22,158,221.35,0.0,0.0
1634,greedy,2,2.9809,20.18,0,cpu,22,212,221.61,0.0,0.0
1635,greedy,2,2.9825,20.26,0,cpu,20,139,199.02,0.0,0.0
1636,greedy,2,2.984,20.1,0,cpu,18,144,179.85,0.0,0.0
1637,greedy,2,2.9847,19.8,0,cpu,9,72,85.58,0.0,0.0
1638,greedy,2,2.9873,19.96,0,cpu,29,234,292.96,0.0,0.0
1639,greedy,2,2.9897,19.82,0,cpu,27,195,273.23,0.0,0.0
1640,greedy,2,2.9905,19.8,0,cpu,13,72,125.02,0.0,0.0
1641,greedy,2,2.9926,19.74,0,cpu,18,204,177.25,0.0,0.0
1642,greedy,2,2.9939,19.52,0,cpu,16,127,158.5,0.0,0.0
1643,greedy,2,2.9952,19.58,0,cpu,13,134,126.8,0.0,0.0
1644,greedy,2,2.9975,19.8,0,cpu,23,197,232.37,0.0,0.0
1645,greedy,2,3.0001,19.82,0,cpu,26,228,266.29,0.0,0.0
1646,greedy,2,3.0026,20.06,0,cpu,31,211,312.31,0.0,0.0
1647,greedy,2,3.0054,20.22,0,cpu,26,252,262.85,0.0,0.0
1648,greedy,2,3.0084,20.38,0,cpu,30,257,303.74,0.0,0.0
1649,greedy,2,3.009,20.16,0,cpu,8,62,74.77,0.0,0.0
1650,greedy,2,3.0118,20.08,0,cpu,25,254,254.12,0.0,0.0
1651,greedy,2,3.0132,20.22,0,cpu,18,130,179.99,0.0,0.0
1652,greedy,2,3.0156,20.54,0,cpu,29,188,292.82,0.0,0.0
1653,greedy,2,3.0176,20.52,0,cpu,26,181,261.86,0.0,0.0
1654,greedy,2,3.02,20.34,0,cpu,22,219,221.24,0.0,0.0
1655,greedy,2,3.022,20.22,0,cpu,22,179,223.44,0.0,0.0
1656,greedy,2,3.023,20.22,0,cpu,11,95,106.87,0.0,0.0
1657,greedy,2,3.0248,20.38,0,cpu,23,171,230.83,0.0,0.0
1658,greedy,2,3.0258,20.36,0,cpu,14,88,135.57,0.0,0.0
1659,greedy,2,3.0275,20.28,0,cpu,19,158,189.42,0.0,0.0
1660,greedy,2,3.0296,20.54,0,cpu,22,193,220.3,0.0,0.0
1661,greedy,2,3.031,20.42,0,cpu,17,123,168.65,0.0,0.0
1662,greedy,2,3.0325,20.24,0,cpu,17,144,167.54,0.0,0.0
1663,greedy,2,3.034,20.34,0,cpu,17,137,166.91,0.0,0.0
1664,greedy,2,3.0368,20.42,0,cpu,29,245,294.35,0.0,0.0
1665,greedy,2,3.0373,20.22,0,cpu,8,48,73.31,0.0,0.0
1666,greedy,2,3.0385,20.0,0,cpu,14,113,137.22,0.0,0.0
1667,greedy,2,3.0402,19.9,0,cpu,20,154,199.57,0.0,0.0
1668,greedy,2,3.042,19.72,0,cpu,25,155,248.81,0.0,0.0
1669,greedy,2,3.0427,19.46,0,cpu,10,76,94.85,0.0,0.0
1670,greedy,2,3.0439,19.44,0,cpu,15,110,147.66,0.0,0.0
1671,greedy,2,3.0466,19.64,0,cpu,24,254,241.01,0.0,0.0
1672,greedy,2,3.0474,19.44,0,cpu,12,83,116.3,0.0,0.0
1673,greedy,2,3.0487,19.16,0,cpu,13,130,129.04,0.0,0.0
1674,greedy,2,3.0495,18.86,0,cpu,8,78,75.21,0.0,0.0
1675,greedy,2,3.0504,18.62,0,cpu,11,84,105.88,0.0,0.0
1676,greedy,2,3.0529,18.74,0,cpu,23,238,231.66,0.0,0.0
1677,greedy,2,3.0565,19.1,0,cpu,35,298,353.98,0.0,0.0
1678,greedy,2,3.0584,19.08,0,cpu,20,180,199.51,0.0,0.0
1679,greedy,2,3.0601,19.36,0,cpu,21,153,209.59,0.0,0.0
1680,greedy,2,3.0617,19.42,0,cpu,18,160,180.49,0.0,0.0
1681,greedy,2,3.0645,19.64,0,cpu,26,250,265.67,0.0,0.0
1682,greedy,2,3.0652,19.54,0,cpu,12,64,114.59,0.0,0.0
1683,greedy,2,3.0658,19.28,0,cpu,9,55,84.05,0.0,0.0
1684,greedy,2,3.0679,19.32,0,cpu,24,192,241.63,0.0,0.0
1685,greedy,2,3.0704,19.52,0,cpu,30,220,305.41,0.0,0.0
1686,greedy,2,3.0726,19.58,0,cpu,21,206,209.76,0.0,0.0
1687,greedy,2,3.0734,19.62,0,cpu,11,69,104.73,0.0,0.0
1688,greedy,2,3.0751,19.4,0,cpu,18,160,178.89,0.0,0.0
1689,greedy,2,3.0756,19.04,0,cpu,9,53,82.67,0.0,0.0
1690,greedy,2,3.0775,19.22,0,cpu,22,165,220.18,0.0,0.0
1691,greedy,2,3.0788,19.16,0,cpu,15,132,149.24,0.0,0.0
1692,greedy,2,3.0791,18.96,0,cpu,6,35,52.52,0.0,0.0
1693,greedy,2,3.0804,19.0,0,cpu,15,109,146.17,0.0,0.0
1694,greedy,2,3.0832,19.16,0,cpu,31,228,314.84,0.0,0.0
1695,greedy,2,3.0853,19.1,0,cpu,23,179,232.55,0.0,0.0
1696,greedy,2,3.0866,18.78,0,cpu,15,124,147.92,0.0,0.0
1697,greedy,2,3.0886,18.7,0,cpu,22,184,221.49,0.0,0.0
1698,greedy,2,3.0914,18.62,0,cpu,26,254,263.03,0.0,0.0
1699,greedy,2,3.0933,18.94,0,cpu,24,172,240.83,0.0,0.0
1700,greedy,2,3.0955,18.9,0,cpu,23,201,231.93,0.0,0.0
1701,greedy,2,3.0984,19.0,0,cpu,23,268,233.56,0.0,0.0
1702,greedy,2,3.0994,18.68,0,cpu,13,91,126.33,0.0,0.0
1703,greedy,2,3.1002,18.38,0,cpu,11,76,105.76,0.0,0.0
1704,greedy,2,3.1014,18.22,0,cpu,14,115,137.6,0.0,0.0
1705,greedy,2,3.1032,18.12,0,cpu,17,174,168.44,0.0,0.0
1706,greedy,2,3.1052,18.34,0,cpu,22,179,221.64,0.0,0.0
1707,greedy,2,3.1061,18.14,0,cpu,13,77,125.47,0.0,0.0
1708,greedy,2,3.108,18.26,0,cpu,20,182,201.69,0.0,0.0
1709,greedy,2,3.1104,18.32,0,cpu,22,233,217.9,0.0,0.0
1710,greedy,2,3.1123,18.36,0,cpu,24,168,242.47,0.0,0.0
1711,greedy,2,3.1137,18.4,0,cpu,19,127,189.03,0.0,0.0
1712,greedy,2,3.1149,18.3,0,cpu,12,109,118.04,0.0,0.0
1713,greedy,2,3.1169,18.38,0,cpu,21,181,211.71,0.0,0.0
1714,greedy,2,3.1195,18.3,0,cpu,25,241,253.95,0.0,0.0
1715,greedy,2,3.1216,18.54,0,cpu,20,200,201.31,0.0,0.0
1716,greedy,2,3.1225,18.52,0,cpu,13,93,126.51,0.0,0.0
1717,greedy,2,3.1238,18.42,0,cpu,15,114,148.62,0.0,0.0
1718,greedy,2,3.1246,18.08,0,cpu,8,85,74.64,0.0,0.0
1719,greedy,2,3.1263,18.3,0,cpu,21,162,211.2,0.0,0.0
1720,greedy,2,3.1282,18.42,0,cpu,21,172,212.5,0.0,0.0
1721,greedy,2,3.1302,18.38,0,cpu,22,188,221.05,0.0,0.0
1722,greedy,2,3.131,18.36,0,cpu,11,67,104.35,0.0,0.0
1723,greedy,2,3.132,18.4,0,cpu,15,94,146.02,0.0,0.0
1724,greedy,2,3.1346,18.8,0,cpu,28,228,285.91,0.0,0.0
1725,greedy,2,3.1376,19.2,0,cpu,31,262,314.3,0.0,0.0
1726,greedy,2,3.1393,19.1,0,cpu,18,153,181.66,0.0,0.0
1727,greedy,2,3.1408,18.8,0,cpu,20,135,199.26,0.0,0.0
1728,greedy,2,3.142,18.7,0,cpu,15,107,146.19,0.0,0.0
1729,greedy,2,3.1443,18.72,0,cpu,22,213,224.1,0.0,0.0
1730,greedy,2,3.1452,18.64,0,cpu,14,84,134.41,0.0,0.0
1731,greedy,2,3.1473,18.6,0,cpu,24,191,243.74,0.0,0.0
1732,greedy,2,3.1486,18.68,0,cpu,16,116,156.91,0.0,0.0
1733,greedy,2,3.1508,18.96,0,cpu,23,205,232.49,0.0,0.0
1734,greedy,2,3.152,18.78,0,cpu,15,118,146.38,0.0,0.0
1735,greedy,2,3.1563,18.96,0,cpu,39,361,399.09,0.0,0.0
1736,greedy,2,3.1567,18.66,0,cpu,6,41,53.06,0.0,0.0
1737,greedy,2,3.1598,18.94,0,cpu,25,278,254.88,0.0,0.0
1738,greedy,2,3.1611,18.88,0,cpu,15,121,149.45,0.0,0.0
1739,greedy,2,3.1628,19.1,0,cpu,20,155,198.26,0.0,0.0
1740,greedy,2,3.164,18.92,0,cpu,13,114,127.8,0.0,0.0
1741,greedy,2,3.1661,19.04,0,cpu,21,199,212.33,0.0,0.0
1742,greedy,2,3.1681,19.42,0,cpu,25,174,250.92,0.0,0.0
1743,greedy,2,3.17,19.52,0,cpu,20,164,201.07,0.0,0.0
1744,greedy,2,3.1713,19.22,0,cpu,16,117,157.6,0.0,0.0
1745,greedy,2,3.1718,18.92,0,cpu,8,48,73.51,0.0,0.0
1746,greedy,2,3.1736,19.04,0,cpu,21,167,210.25,0.0,0.0
1747,greedy,2,3.1756,18.98,0,cpu,19,187,192.63,0.0,0.0
1748,greedy,2,3.1778,18.92,0,cpu,23,198,231.46,0.0,0.0
1749,greedy,2,3.1792,18.76,0,cpu,16,131,159.26,0.0,0.0
1750,greedy,2,3.1833,19.0,0,cpu,35,344,358.52,0.0,0.0
1751,greedy,2,3.1856,19.04,0,cpu,25,211,254.65,0.0,0.0
1752,greedy,2,3.1866,19.04,0,cpu,13,100,127.34,0.0,0.0
1753,greedy,2,3.1893,19.26,0,cpu,22,223,222.4,0.0,0.0
1754,greedy,2,3.1911,19.4,0,cpu,21,162,210.2,0.0,0.0
1755,greedy,2,3.1918,19.3,0,cpu,12,66,114.37,0.0,0.0
1756,greedy,2,3.193,19.14,0,cpu,14,107,137.88,0.0,0.0
1757,greedy,2,3.194,19.16,0,cpu,14,98,136.87,0.0,0.0
1758,greedy,2,3.1954,19.12,0,cpu,18,123,179.16,0.0,0.0
1759,greedy,2,3.1983,19.12,0,cpu,22,266,223.07,0.0,0.0
1760,greedy,2,3.1999,19.02,0,cpu,19,137,189.33,0.0,0.0
1761,greedy,2,3.2022,19.14,0,cpu,25,195,247.41,0.0,0.0
1762,greedy,2,3.2034,19.22,0,cpu,16,107,155.9,0.0,0.0
1763,greedy,2,3.207,19.4,0,cpu,30,307,305.44,0.0,0.0
1764,greedy,2,3.2095,19.4,0,cpu,25,218,255.88,0.0,0.0
1765,greedy,2,3.2112,19.4,0,cpu,20,156,199.35,0.0,0.0
1766,greedy,2,3.2135,19.54,0,cpu,20,224,203.47,0.0,0.0
1767,greedy,2,3.2148,19.54,0,cpu,15,118,147.78,0.0,0.0
1768,greedy,2,3.217,19.8,0,cpu,21,201,209.51,0.0,0.0
1769,greedy,2,3.2189,19.84,0,cpu,23,164,230.4,0.0,0.0
1770,greedy,2,3.2208,19.8,0,cpu,19,181,190.89,0.0,0.0
1771,greedy,2,3.2226,19.76,0,cpu,20,162,198.49,0.0,0.0
1772,greedy,2,3.2246,20.04,0,cpu,25,165,251.51,0.0,0.0
1773,greedy,2,3.2277,20.26,0,cpu,26,283,266.44,0.0,0.0
1774,greedy,2,3.2295,20.06,0,cpu,18,168,180.21,0.0,0.0
1775,greedy,2,3.2306,19.7,0,cpu,13,101,127.23,0.0,0.0
1776,greedy,2,3.2318,19.6,0,cpu,13,99,126.25,0.0,0.0
1777,greedy,2,3.2333,19.5,0,cpu,15,136,149.8,0.0,0.0
1778,greedy,2,3.2363,19.8,0,cpu,30,250,306.11,0.0,0.0
1779,greedy,2,3.239,19.9,0,cpu,27,219,270.79,0.0,0.0
1780,greedy,2,3.2407,19.92,0,cpu,15,122,148.14,0.0,0.0
1781,greedy,2,3.243,19.84,0,cpu,20,208,202.23,0.0,0.0
1782,greedy,2,3.2454,20.02,0,cpu,25,201,252.75,0.0,0.0
1783,greedy,2,3.2467,19.92,0,cpu,18,114,178.35,0.0,0.0
1784,greedy,2,3.2477,19.88,0,cpu,13,87,125.97,0.0,0.0
1785,greedy,2,3.2506,19.72,0,cpu,31,245,314.57,0.0,0.0
1786,greedy,2,3.2535,20.18,0,cpu,29,244,295.06,0.0,0.0
1787,greedy,2,3.2557,20.14,0,cpu,23,200,231.04,0.0,0.0
1788,greedy,2,3.2582,20.28,0,cpu,22,225,219.78,0.0,0.0
1789,greedy,2,3.259,20.08,0,cpu,10,84,95.37,0.0,0.0
1790,greedy,2,3.2603,20.12,0,cpu,15,119,148.47,0.0,0.0
1791,greedy,2,3.2613,19.96,0,cpu,13,96,125.18,0.0,0.0
1792,greedy,2,3.2628,19.82,0,cpu,18,139,179.6,0.0,0.0
1793,greedy,2,3.2645,19.8,0,cpu,19,140,189.8,0.0,0.0
1794,greedy,2,3.2659,19.82,0,cpu,17,117,167.31,0.0,0.0
1795,greedy,2,3.2668,19.92,0,cpu,13,90,126.84,0.0,0.0
1796,greedy,2,3.2694,19.98,0,cpu,24,231,241.14,0.0,0.0
1797,greedy,2,3.2708,19.94,0,cpu,17,123,168.05,0.0,0.0
1798,greedy,2,3.2737,20.06,0,cpu,29,248,293.62,0.0,0.0
1799,greedy,2,3.2748,20.0,0,cpu,13,117,127.47,0.0,0.0
1800,greedy,2,3.2777,19.84,0,cpu,27,266,278.82,0.0,0.0
1801,greedy,2,3.2796,19.82,0,cpu,24,162,239.73,0.0,0.0
1802,greedy,2,3.2801,19.7,0,cpu,7,56,64.12,0.0,0.0
1803,greedy,2,3.2826,19.72,0,cpu,23,186,232.58,0.0,0.0
1804,greedy,2,3.2853,19.86,0,cpu,28,234,285.65,0.0,0.0
1805,greedy,2,3.2862,19.86,0,cpu,12,86,115.77,0.0,0.0
1806,greedy,2,3.288,19.98,0,cpu,20,160,200.11,0.0,0.0
1807,greedy,2,3.2906,20.18,0,cpu,24,220,244.95,0.0,0.0
1808,greedy,2,3.295,20.62,0,cpu,40,370,410.41,0.0,0.0
1809,greedy,2,3.297,20.62,0,cpu,22,183,222.2,0.0,0.0
1810,greedy,2,3.2979,20.44,0,cpu,10,72,95.49,0.0,0.0
1811,greedy,2,3.2997,20.32,0,cpu,19,150,189.9,0.0,0.0
1812,greedy,2,3.3009,20.28,0,cpu,14,114,137.51,0.0,0.0
1813,greedy,2,3.3033,20.18,0,cpu,25,204,254.02,0.0,0.0
1814,greedy,2,3.306,20.14,0,cpu,23,232,232.32,0.0,0.0
1815,greedy,2,3.3082,20.16,0,cpu,21,171,210.61,0.0,0.0
1816,greedy,2,3.3105,20.24,0,cpu,24,202,241.93,0.0,0.0
1817,greedy,2,3.312,20.28,0,cpu,17,147,169.41,0.0,0.0
1818,greedy,2,3.3136,20.26,0,cpu,20,139,198.22,0.0,0.0
1819,greedy,2,3.3156,20.26,0,cpu,23,164,230.2,0.0,0.0
1820,greedy,2,3.318,20.38,0,cpu,25,221,251.55,0.0,0.0
1821,greedy,2,3.3195,20.32,0,cpu,17,134,167.64,0.0,0.0
1822,greedy,2,3.3227,20.44,0,cpu,31,265,318.37,0.0,0.0
1823,greedy,2,3.3246,20.4,0,cpu,24,158,240.17,0.0,0.0
1824,greedy,2,3.3256,20.3,0,cpu,13,95,125.29,0.0,0.0
1825,greedy,2,3.3272,20.46,0,cpu,21,143,210.69,0.0,0.0
1826,greedy,2,3.3293,20.64,0,cpu,22,195,220.48,0.0,0.0
1827,greedy,2,3.3314,20.78,0,cpu,22,164,220.09,0.0,0.0
1828,greedy,2,3.3346,20.76,0,cpu,29,271,295.49,0.0,0.0
1829,greedy,2,3.336,20.5,0,cpu,14,132,137.13,0.0,0.0
1830,greedy,2,3.3372,20.5,0,cpu,15,100,147.36,0.0,0.0
1831,greedy,2,3.341,20.7,0,cpu,30,322,305.39,0.0,0.0
1832,greedy,2,3.3424,20.56,0,cpu,18,121,177.38,0.0,0.0
1833,greedy,2,3.3436,20.52,0,cpu,16,103,157.34,0.0,0.0
1834,greedy,2,3.3453,20.62,0,cpu,18,156,180.53,0.0,0.0
1835,greedy,2,3.3471,20.36,0,cpu,18,170,179.59,0.0,0.0
1836,greedy,2,3.3497,20.3,0,cpu,26,228,260.69,0.0,0.0
1837,greedy,2,3.3512,20.18,0,cpu,17,136,169.42,0.0,0.0
1838,greedy,2,3.3547,20.3,0,cpu,28,305,284.44,0.0,0.0
1839,greedy,2,3.356,20.42,0,cpu,16,117,157.2,0.0,0.0
1840,greedy,2,3.3578,20.56,0,cpu,22,156,220.77,0.0,0.0
1841,greedy,2,3.3591,20.64,0,cpu,17,119,167.69,0.0,0.0
1842,greedy,2,3.3632,21.0,0,cpu,36,349,369.48,0.0,0.0
1843,greedy,2,3.3665,21.32,0,cpu,35,265,356.01,0.0,0.0
1844,greedy,2,3.3679,21.34,0,cpu,18,119,178.8,0.0,0.0
1845,greedy,2,3.3695,21.44,0,cpu,18,148,179.41,0.0,0.0
1846,greedy,2,3.3725,21.58,0,cpu,31,239,316.63,0.0,0.0
1847,greedy,2,3.3741,21.6,0,cpu,18,151,180.68,0.0,0.0
1848,greedy,2,3.3762,21.46,0,cpu,22,179,219.24,0.0,0.0
1849,greedy,2,3.3781,21.68,0,cpu,24,174,240.61,0.0,0.0
1850,greedy,2,3.3797,21.56,0,cpu,21,142,209.4,0.0,0.0
1851,greedy,2,3.3825,21.56,0,cpu,24,252,242.63,0.0,0.0
1852,greedy,2,3.3843,21.76,0,cpu,17,169,165.79,0.0,0.0
1853,greedy,2,3.3858,21.68,0,cpu,19,144,190.96,0.0,0.0
1854,greedy,2,3.3876,21.5,0,cpu,19,153,190.97,0.0,0.0
1855,greedy,2,3.389,21.62,0,cpu,18,139,178.8,0.0,0.0
1856,greedy,2,3.3915,21.74,0,cpu,26,205,261.02,0.0,0.0
1857,greedy,2,3.3947,21.88,0,cpu,31,273,315.29,0.0,0.0
1858,greedy,2,3.3968,21.58,0,cpu,25,176,251.1,0.0,0.0
1859,greedy,2,3.3997,21.64,0,cpu,25,237,254.79,0.0,0.0
1860,greedy,2,3.4023,21.88,0,cpu,22,227,224.16,0.0,0.0
1861,greedy,2,3.4043,21.94,0,cpu,22,176,221.97,0.0,0.0
1862,greedy,2,3.4052,21.86,0,cpu,10,86,93.95,0.0,0.0
1863,greedy,2,3.4063,21.62,0,cpu,13,84,125.9,0.0,0.0
1864,greedy,2,3.4084,21.62,0,cpu,23,176,232.88,0.0,0.0
1865,greedy,2,3.4099,21.54,0,cpu,17,134,168.84,0.0,0.0
1866,greedy,2,3.413,21.68,0,cpu,31,273,315.09,0.0,0.0
1867,greedy,2,3.4157,21.84,0,cpu,25,218,252.28,0.0,0.0
1868,greedy,2,3.4169,21.76,0,cpu,16,109,157.48,0.0,0.0
1869,greedy,2,3.4197,21.8,0,cpu,25,248,254.98,0.0,0.0
1870,greedy,2,3.4221,21.7,0,cpu,20,213,200.48,0.0,0.0
1871,greedy,2,3.4253,21.92,0,cpu,28,277,285.92,0.0,0.0
1872,greedy,2,3.4274,21.72,0,cpu,21,186,212.16,0.0,0.0
1873,greedy,2,3.4284,21.58,0,cpu,17,88,165.9,0.0,0.0
1874,greedy,2,3.4297,21.64,0,cpu,16,126,159.41,0.0,0.0
1875,greedy,2,3.4316,21.64,0,cpu,21,153,208.79,0.0,0.0
1876,greedy,2,3.4327,21.44,0,cpu,12,106,117.37,0.0,0.0
1877,greedy,2,3.4335,21.2,0,cpu,10,86,96.55,0.0,0.0
1878,greedy,2,3.4349,20.96,0,cpu,17,120,167.78,0.0,0.0
1879,greedy,2,3.437,21.1,0,cpu,21,188,211.54,0.0,0.0
1880,greedy,2,3.4393,21.32,0,cpu,26,192,262.85,0.0,0.0
1881,greedy,2,3.4418,21.18,0,cpu,23,236,235.68,0.0,0.0
1882,greedy,2,3.4441,21.32,0,cpu,25,199,250.97,0.0,0.0
1883,greedy,2,3.4451,21.32,0,cpu,16,102,157.45,0.0,0.0
1884,greedy,2,3.4472,21.42,0,cpu,23,182,233.02,0.0,0.0
1885,greedy,2,3.4486,21.38,0,cpu,16,124,158.43,0.0,0.0
1886,greedy,2,3.4503,21.26,0,cpu,20,149,199.32,0.0,0.0
1887,greedy,2,3.4528,21.44,0,cpu,26,221,265.06,0.0,0.0
1888,greedy,2,3.4536,21.1,0,cpu,11,66,104.26,0.0,0.0
1889,greedy,2,3.4557,21.24,0,cpu,23,182,231.02,0.0,0.0
1890,greedy,2,3.4574,21.14,0,cpu,17,150,170.28,0.0,0.0
1891,greedy,2,3.459,21.16,0,cpu,18,142,177.67,0.0,0.0
1892,greedy,2,3.4615,20.98,0,cpu,27,210,270.78,0.0,0.0
1893,greedy,2,3.4646,20.92,0,cpu,32,260,325.63,0.0,0.0
1894,greedy,2,3.4653,20.74,0,cpu,9,59,83.01,0.0,0.0
1895,greedy,2,3.4669,20.8,0,cpu,21,141,209.91,0.0,0.0
1896,greedy,2,3.4688,20.62,0,cpu,22,164,219.09,0.0,0.0
1897,greedy,2,3.4727,21.02,0,cpu,38,287,386.92,0.0,0.0
1898,greedy,2,3.4744,20.98,0,cpu,20,152,200.59,0.0,0.0
1899,greedy,2,3.4761,20.9,0,cpu,20,147,198.14,0.0,0.0
1900,greedy,2,3.4768,20.68,0,cpu,10,56,93.85,0.0,0.0
1901,greedy,2,3.4787,20.6,0,cpu,20,174,202.57,0.0,0.0
1902,greedy,2,3.4806,20.74,0,cpu,24,168,240.47,0.0,0.0
1903,greedy,2,3.482,20.66,0,cpu,15,124,148.72,0.0,0.0
1904,greedy,2,3.4846,20.84,0,cpu,28,218,282.61,0.0,0.0
1905,greedy,2,3.4856,20.74,0,cpu,13,95,127.09,0.0,0.0
1906,greedy,2,3.4875,20.66,0,cpu,22,170,222.43,0.0,0.0
1907,greedy,2,3.4888,20.36,0,cpu,16,108,156.79,0.0,0.0
1908,greedy,2,3.4901,20.14,0,cpu,14,121,138.14,0.0,0.0
1909,greedy,2,3.4952,20.44,0,cpu,40,439,412.82,0.0,0.0
1910,greedy,2,3.4973,20.42,0,cpu,21,189,211.43,0.0,0.0
1911,greedy,2,3.4999,20.52,0,cpu,27,220,272.68,0.0,0.0
1912,greedy,2,3.5017,20.74,0,cpu,21,154,207.48,0.0,0.0
1913,greedy,2,3.5044,21.0,0,cpu,26,246,263.51,0.0,0.0
1914,greedy,2,3.506,20.9,0,cpu,18,141,178.38,0.0,0.0
1915,greedy,2,3.5077,20.9,0,cpu,17,146,166.92,0.0,0.0
1916,greedy,2,3.5089,20.64,0,cpu,18,109,177.3,0.0,0.0
1917,greedy,2,3.5112,20.54,0,cpu,20,226,204.25,0.0,0.0
1918,greedy,2,3.5127,20.54,0,cpu,16,141,156.36,0.0,0.0
1919,greedy,2,3.5155,20.6,0,cpu,28,221,283.48,0.0,0.0
1920,greedy,2,3.5167,20.54,0,cpu,17,116,167.22,0.0,0.0
1921,greedy,2,3.5182,20.38,0,cpu,20,130,199.61,0.0,0.0
1922,greedy,2,3.5193,20.22,0,cpu,13,90,126.84,0.0,0.0
1923,greedy,2,3.5212,20.3,0,cpu,21,157,210.75,0.0,0.0
1924,greedy,2,3.5233,20.34,0,cpu,18,164,181.25,0.0,0.0
1925,greedy,2,3.5241,20.14,0,cpu,11,71,104.71,0.0,0.0
1926,greedy,2,3.5261,20.32,0,cpu,21,177,213.95,0.0,0.0
1927,greedy,2,3.5293,20.78,0,cpu,33,265,332.59,0.0,0.0
1928,greedy,2,3.5317,20.98,0,cpu,27,195,272.43,0.0,0.0
1929,greedy,2,3.5355,21.2,0,cpu,32,320,324.03,0.0,0.0
1930,greedy,2,3.5382,21.22,0,cpu,27,231,276.87,0.0,0.0
1931,greedy,2,3.54,21.14,0,cpu,19,161,188.49,0.0,0.0
1932,greedy,2,3.5423,21.04,0,cpu,20,209,201.92,0.0,0.0
1933,greedy,2,3.5445,21.2,0,cpu,24,192,243.03,0.0,0.0
1934,greedy,2,3.5462,21.14,0,cpu,20,163,201.58,0.0,0.0
1935,greedy,2,3.5479,21.2,0,cpu,19,137,190.13,0.0,0.0
1936,greedy,2,3.5502,21.24,0,cpu,22,203,224.8,0.0,0.0
1937,greedy,2,3.5524,21.18,0,cpu,23,187,230.07,0.0,0.0
1938,greedy,2,3.5544,21.42,0,cpu,23,177,231.97,0.0,0.0
1939,greedy,2,3.5562,21.32,0,cpu,18,157,181.42,0.0,0.0
1940,greedy,2,3.5592,21.58,0,cpu,30,257,304.74,0.0,0.0
1941,greedy,2,3.5608,21.56,0,cpu,17,145,169.43,0.0,0.0
1942,greedy,2,3.5623,21.38,0,cpu,18,139,179.0,0.0,0.0
1943,greedy,2,3.5649,21.24,0,cpu,25,226,252.0,0.0,0.0
1944,greedy,2,3.5666,21.42,0,cpu,18,160,179.49,0.0,0.0
1945,greedy,2,3.568,21.34,0,cpu,17,133,169.95,0.0,0.0
1946,greedy,2,3.5688,21.12,0,cpu,11,65,104.77,0.0,0.0
1947,greedy,2,3.5707,20.78,0,cpu,21,174,210.68,0.0,0.0
1948,greedy,2,3.5722,20.8,0,cpu,21,129,209.23,0.0,0.0
1949,greedy,2,3.5744,20.86,0,cpu,23,188,231.56,0.0,0.0
1950,greedy,2,3.5762,21.02,0,cpu,18,168,181.01,0.0,0.0
1951,greedy,2,3.5776,20.94,0,cpu,16,136,158.31,0.0,0.0
1952,greedy,2,3.579,20.78,0,cpu,16,131,158.06,0.0,0.0
1953,greedy,2,3.5803,20.82,0,cpu,17,117,167.31,0.0,0.0
1954,greedy,2,3.5812,20.4,0,cpu,7,75,63.03,0.0,0.0
1955,greedy,2,3.5834,20.62,0,cpu,24,203,245.02,0.0,0.0
1956,greedy,2,3.5858,20.7,0,cpu,26,205,263.62,0.0,0.0
1957,greedy,2,3.5868,20.62,0,cpu,12,94,116.89,0.0,0.0
1958,greedy,2,3.5893,20.9,0,cpu,28,217,283.52,0.0,0.0
1959,greedy,2,3.59,20.32,0,cpu,11,60,103.92,0.0,0.0
1960,greedy,2,3.5932,20.52,0,cpu,31,268,315.64,0.0,0.0
1961,greedy,2,3.5962,20.64,0,cpu,33,246,335.08,0.0,0.0
1962,greedy,2,3.5976,20.54,0,cpu,16,131,157.06,0.0,0.0
1963,greedy,2,3.6006,20.6,0,cpu,29,251,295.49,0.0,0.0
1964,greedy,2,3.602,20.6,0,cpu,18,121,178.58,0.0,0.0
1965,greedy,2,3.6041,20.7,0,cpu,22,197,220.86,0.0,0.0
1966,greedy,2,3.6048,20.54,0,cpu,10,60,94.01,0.0,0.0
1967,greedy,2,3.6061,20.46,0,cpu,16,116,157.91,0.0,0.0
1968,greedy,2,3.6075,20.46,0,cpu,16,126,157.41,0.0,0.0
1969,greedy,2,3.6096,20.44,0,cpu,27,180,270.68,0.0,0.0
1970,greedy,2,3.6115,20.52,0,cpu,21,185,212.07,0.0,0.0
1971,greedy,2,3.612,20.28,0,cpu,8,43,72.46,0.0,0.0
1972,greedy,2,3.6149,20.58,0,cpu,28,252,288.27,0.0,0.0
1973,greedy,2,3.6161,20.48,0,cpu,16,111,156.86,0.0,0.0
1974,greedy,2,3.617,20.32,0,cpu,10,86,96.35,0.0,0.0
1975,greedy,2,3.6185,20.44,0,cpu,17,142,168.76,0.0,0.0
1976,greedy,2,3.6192,20.22,0,cpu,10,69,95.02,0.0,0.0
1977,greedy,2,3.6209,20.0,0,cpu,22,157,220.06,0.0,0.0
1978,greedy,2,3.6223,19.74,0,cpu,14,116,137.49,0.0,0.0
1979,greedy,2,3.6239,19.48,0,cpu,19,131,189.79,0.0,0.0
1980,greedy,2,3.6262,19.4,0,cpu,23,217,232.37,0.0,0.0
1981,greedy,2,3.6275,19.34,0,cpu,16,121,157.76,0.0,0.0
1982,greedy,2,3.6295,19.48,0,cpu,27,168,271.4,0.0,0.0
1983,greedy,2,3.6323,19.5,0,cpu,25,240,253.66,0.0,0.0
1984,greedy,2,3.6343,19.5,0,cpu,20,178,199.13,0.0,0.0
1985,greedy,2,3.6358,19.46,0,cpu,17,148,168.7,0.0,0.0
1986,greedy,2,3.6377,19.5,0,cpu,24,166,240.09,0.0,0.0
1987,greedy,2,3.641,19.68,0,cpu,32,269,324.84,0.0,0.0
1988,greedy,2,3.6438,19.74,0,cpu,26,245,264.82,0.0,0.0
1989,greedy,2,3.6451,19.7,0,cpu,16,119,158.58,0.0,0.0
1990,greedy,2,3.6484,19.68,0,cpu,29,293,296.87,0.0,0.0
1991,greedy,2,3.6511,19.88,0,cpu,27,245,275.93,0.0,0.0
1992,greedy,2,3.6525,19.9,0,cpu,19,125,189.05,0.0,0.0
1993,greedy,2,3.6535,19.68,0,cpu,14,93,134.22,0.0,0.0
1994,greedy,2,3.6546,19.62,0,cpu,15,111,146.75,0.0,0.0
1995,greedy,2,3.657,19.66,0,cpu,19,216,190.24,0.0,0.0
1996,greedy,2,3.6601,20.02,0,cpu,29,283,295.57,0.0,0.0
1997,greedy,2,3.6621,20.1,0,cpu,25,177,251.99,0.0,0.0
1998,greedy,2,3.6634,20.02,0,cpu,17,121,169.27,0.0,0.0
1999,greedy,2,3.6646,19.82,0,cpu,13,90,125.64,0.0,0.0
2000,greedy,2,3.6666,19.9,0,cpu,22,184,221.09,0.0,0.0
