episode,model,seed,elapsed_seconds,moving_avg_score,model_size,device,score,steps,reward,epsilon,loss
1,dueling_dqn,2,0.0002,0.0,35204,cpu,0,14,-10.63,0.99734,0.0
2,dueling_dqn,2,0.0003,0.0,35204,cpu,0,12,-10.21,0.99506,0.0
3,dueling_dqn,2,0.0006,0.0,35204,cpu,0,26,-10.75,0.99012,0.0
4,dueling_dqn,2,0.0039,0.0,35204,cpu,0,52,-11.41,0.98024,0.305065
5,dueling_dqn,2,0.0178,0.0,35204,cpu,0,28,-9.97,0.97492,0.544273
6,dueling_dqn,2,0.0383,0.0,35204,cpu,0,41,-11.0,0.96713,0.649992
7,dueling_dqn,2,0.0418,0.0,35204,cpu,0,7,-10.06,0.9658,0.144378
8,dueling_dqn,2,0.0472,0.0,35204,cpu,0,11,-10.5,0.96371,0.170497
9,dueling_dqn,2,0.0566,0.1111,35204,cpu,1,19,-0.47,0.9601,0.006755
10,dueling_dqn,2,0.06,0.1,35204,cpu,0,7,-10.66,0.95877,0.288115
11,dueling_dqn,2,0.0752,0.0909,35204,cpu,0,14,-10.43,0.95611,0.323455
12,dueling_dqn,2,0.0845,0.0833,35204,cpu,0,8,-10.17,0.95459,0.281301
13,dueling_dqn,2,0.0979,0.1538,35204,cpu,1,19,-0.07,0.95098,0.005522
14,dueling_dqn,2,0.103,0.1429,35204,cpu,0,10,-10.59,0.94908,0.29577
15,dueling_dqn,2,0.1123,0.1333,35204,cpu,0,19,-10.38,0.94547,0.504531
16,dueling_dqn,2,0.1227,0.125,35204,cpu,0,21,-10.4,0.94148,0.24868
17,dueling_dqn,2,0.1272,0.1176,35204,cpu,0,9,-10.68,0.93977,0.018243
18,dueling_dqn,2,0.1378,0.1111,35204,cpu,0,22,-9.91,0.93559,0.134997
19,dueling_dqn,2,0.1549,0.1053,35204,cpu,0,35,-11.14,0.92894,0.01496
20,dueling_dqn,2,0.1619,0.15,35204,cpu,1,14,0.08,0.92628,0.271341
21,dueling_dqn,2,0.1708,0.1429,35204,cpu,0,18,-10.67,0.92286,0.015193
22,dueling_dqn,2,0.1763,0.1364,35204,cpu,0,11,-10.1,0.92077,0.014645
23,dueling_dqn,2,0.1812,0.1304,35204,cpu,0,10,-10.39,0.91887,0.009454
24,dueling_dqn,2,0.1937,0.125,35204,cpu,0,26,-10.55,0.91393,0.021397
25,dueling_dqn,2,0.2,0.12,35204,cpu,0,13,-10.92,0.91146,0.085696
26,dueling_dqn,2,0.2026,0.1154,35204,cpu,0,5,-9.64,0.91051,0.267798
27,dueling_dqn,2,0.2093,0.1111,35204,cpu,0,14,-9.63,0.90785,0.02393
28,dueling_dqn,2,0.2312,0.1071,35204,cpu,0,45,-10.04,0.8993,0.064942
29,dueling_dqn,2,0.242,0.1379,35204,cpu,1,22,-0.4,0.89512,0.016053
30,dueling_dqn,2,0.2513,0.1333,35204,cpu,0,19,-10.38,0.89151,0.010104
31,dueling_dqn,2,0.2786,0.129,35204,cpu,0,56,-10.85,0.88087,0.294133
32,dueling_dqn,2,0.2878,0.125,35204,cpu,0,19,-10.18,0.87726,0.333437
33,dueling_dqn,2,0.2921,0.1212,35204,cpu,0,9,-10.48,0.87555,0.007846
34,dueling_dqn,2,0.2951,0.1176,35204,cpu,0,6,-9.95,0.87441,0.040748
35,dueling_dqn,2,0.3039,0.1143,35204,cpu,0,18,-10.27,0.87099,0.027654
36,dueling_dqn,2,0.3068,0.1111,35204,cpu,0,6,-9.95,0.86985,0.030313
37,dueling_dqn,2,0.3113,0.1081,35204,cpu,0,9,-10.88,0.86814,0.053147
38,dueling_dqn,2,0.3193,0.1053,35204,cpu,0,16,-10.85,0.8651,0.039649
39,dueling_dqn,2,0.3356,0.1026,35204,cpu,0,33,-10.32,0.85883,0.027
40,dueling_dqn,2,0.3731,0.1,35204,cpu,0,76,-10.25,0.84439,0.058403
41,dueling_dqn,2,0.3792,0.0976,35204,cpu,0,12,-10.41,0.84211,0.307131
42,dueling_dqn,2,0.402,0.119,35204,cpu,1,47,-0.35,0.83318,0.018856
43,dueling_dqn,2,0.4103,0.1163,35204,cpu,0,17,-10.36,0.82995,0.032006
44,dueling_dqn,2,0.4234,0.1136,35204,cpu,0,27,-10.66,0.82482,0.018471
45,dueling_dqn,2,0.44,0.1111,35204,cpu,0,34,-10.63,0.81836,0.125505
46,dueling_dqn,2,0.4461,0.1087,35204,cpu,0,12,-10.81,0.81608,0.029268
47,dueling_dqn,2,0.4747,0.1489,35204,cpu,2,58,10.75,0.80506,0.029944
48,dueling_dqn,2,0.4793,0.1458,35204,cpu,0,9,-9.88,0.80335,0.09932
49,dueling_dqn,2,0.4876,0.1429,35204,cpu,0,17,-10.36,0.80012,0.291513
50,dueling_dqn,2,0.4951,0.16,35204,cpu,1,15,0.37,0.79727,0.015392
51,dueling_dqn,2,0.4995,0.16,35204,cpu,0,9,-10.08,0.79556,0.060878
52,dueling_dqn,2,0.5143,0.16,35204,cpu,0,30,-10.79,0.78986,0.03687
53,dueling_dqn,2,0.5222,0.16,35204,cpu,0,16,-9.85,0.78682,0.029441
54,dueling_dqn,2,0.5266,0.16,35204,cpu,0,9,-10.48,0.78511,0.07362
55,dueling_dqn,2,0.5318,0.18,35204,cpu,1,10,0.32,0.78321,0.021215
56,dueling_dqn,2,0.5382,0.22,35204,cpu,2,13,10.3,0.78074,0.047838
57,dueling_dqn,2,0.5513,0.24,35204,cpu,1,27,-0.15,0.77561,0.030755
58,dueling_dqn,2,0.5592,0.24,35204,cpu,0,16,-10.65,0.77257,0.031196
59,dueling_dqn,2,0.5797,0.24,35204,cpu,1,41,-0.09,0.76478,0.032694
60,dueling_dqn,2,0.5957,0.26,35204,cpu,1,32,0.3,0.7587,0.290626
61,dueling_dqn,2,0.6121,0.26,35204,cpu,0,33,-9.92,0.75243,0.02692
62,dueling_dqn,2,0.6289,0.26,35204,cpu,0,34,-10.23,0.74597,0.267565
63,dueling_dqn,2,0.6722,0.28,35204,cpu,2,84,9.09,0.73001,0.014263
64,dueling_dqn,2,0.6838,0.3,35204,cpu,1,23,0.29,0.72564,0.04401
65,dueling_dqn,2,0.6882,0.32,35204,cpu,1,8,0.14,0.72412,0.284726
66,dueling_dqn,2,0.6931,0.34,35204,cpu,1,10,0.32,0.72222,0.318124
67,dueling_dqn,2,0.7185,0.36,35204,cpu,1,49,0.03,0.71291,0.037223
68,dueling_dqn,2,0.7502,0.36,35204,cpu,0,62,-10.71,0.70113,0.668765
69,dueling_dqn,2,0.7617,0.36,35204,cpu,0,22,-10.71,0.69695,0.262201
70,dueling_dqn,2,0.7733,0.38,35204,cpu,2,22,10.31,0.69277,0.01909
71,dueling_dqn,2,0.7874,0.4,35204,cpu,1,25,0.67,0.68802,0.040879
72,dueling_dqn,2,0.7993,0.4,35204,cpu,0,23,-10.22,0.68365,0.557743
73,dueling_dqn,2,0.8048,0.42,35204,cpu,1,10,0.32,0.68175,0.021923
74,dueling_dqn,2,0.8136,0.42,35204,cpu,0,17,-9.96,0.67852,0.052135
75,dueling_dqn,2,0.8244,0.44,35204,cpu,1,21,0.51,0.67453,0.030076
76,dueling_dqn,2,0.8313,0.46,35204,cpu,1,13,0.39,0.67206,0.27471
77,dueling_dqn,2,0.8426,0.5,35204,cpu,2,22,10.71,0.66788,0.018381
78,dueling_dqn,2,0.8496,0.5,35204,cpu,0,13,-10.32,0.66541,0.017506
79,dueling_dqn,2,0.859,0.48,35204,cpu,0,18,-10.67,0.66199,0.045414
80,dueling_dqn,2,0.8772,0.5,35204,cpu,1,35,0.17,0.65534,0.532858
81,dueling_dqn,2,0.8915,0.52,35204,cpu,1,28,0.34,0.65002,0.057301
82,dueling_dqn,2,0.9203,0.58,35204,cpu,3,55,20.79,0.63957,0.012186
83,dueling_dqn,2,0.969,0.6,35204,cpu,1,94,0.28,0.62171,0.271934
84,dueling_dqn,2,0.9789,0.6,35204,cpu,0,19,-9.78,0.6181,0.025919
85,dueling_dqn,2,1.0067,0.64,35204,cpu,2,54,9.79,0.60784,0.015881
86,dueling_dqn,2,1.0195,0.68,35204,cpu,2,24,10.49,0.60328,0.010201
87,dueling_dqn,2,1.0378,0.72,35204,cpu,2,35,10.68,0.59663,0.007924
88,dueling_dqn,2,1.0441,0.72,35204,cpu,0,12,-10.21,0.59435,0.558733
89,dueling_dqn,2,1.0513,0.74,35204,cpu,1,14,0.28,0.59169,0.519947
90,dueling_dqn,2,1.0811,0.8,35204,cpu,3,56,22.68,0.58105,0.041411
91,dueling_dqn,2,1.1003,0.84,35204,cpu,2,37,10.46,0.57402,0.021414
92,dueling_dqn,2,1.1126,0.86,35204,cpu,2,23,10.0,0.56965,0.021333
93,dueling_dqn,2,1.1183,0.88,35204,cpu,1,11,0.61,0.56756,0.242482
94,dueling_dqn,2,1.1231,0.88,35204,cpu,0,9,-9.28,0.56585,0.024289
95,dueling_dqn,2,1.1415,0.92,35204,cpu,2,35,11.28,0.5592,0.510199
96,dueling_dqn,2,1.1459,0.92,35204,cpu,0,8,-9.97,0.55768,0.04456
97,dueling_dqn,2,1.1775,0.94,35204,cpu,3,60,21.44,0.54628,0.269984
98,dueling_dqn,2,1.1938,0.98,35204,cpu,2,31,10.72,0.54039,0.276687
99,dueling_dqn,2,1.2051,1.0,35204,cpu,1,21,0.51,0.5364,0.023032
100,dueling_dqn,2,1.2353,1.02,35204,cpu,2,58,10.35,0.52538,0.012813
101,dueling_dqn,2,1.2477,1.04,35204,cpu,1,23,0.09,0.52101,0.57989
102,dueling_dqn,2,1.2564,1.08,35204,cpu,2,16,10.77,0.51797,0.038766
103,dueling_dqn,2,1.2715,1.12,35204,cpu,2,28,11.05,0.51265,0.281704
104,dueling_dqn,2,1.2784,1.12,35204,cpu,0,13,-9.72,0.51018,0.274786
105,dueling_dqn,2,1.2868,1.1,35204,cpu,0,16,-9.45,0.50714,0.038606
106,dueling_dqn,2,1.3016,1.08,35204,cpu,1,28,1.14,0.50182,0.320194
107,dueling_dqn,2,1.3125,1.08,35204,cpu,1,20,0.62,0.49802,0.334905
108,dueling_dqn,2,1.3183,1.1,35204,cpu,1,11,0.21,0.49593,0.352188
109,dueling_dqn,2,1.3257,1.08,35204,cpu,0,14,-10.03,0.49327,0.025751
110,dueling_dqn,2,1.3398,1.08,35204,cpu,1,26,0.76,0.48833,0.619003
111,dueling_dqn,2,1.3569,1.14,35204,cpu,3,32,21.12,0.48225,0.029281
112,dueling_dqn,2,1.3612,1.16,35204,cpu,1,8,0.34,0.48073,0.791495
113,dueling_dqn,2,1.3749,1.16,35204,cpu,2,26,10.87,0.47579,0.661698
114,dueling_dqn,2,1.3829,1.16,35204,cpu,1,15,0.37,0.47294,0.073618
115,dueling_dqn,2,1.4031,1.22,35204,cpu,4,37,31.48,0.46591,0.332594
116,dueling_dqn,2,1.4317,1.28,35204,cpu,4,54,31.41,0.45565,0.039148
117,dueling_dqn,2,1.4562,1.3,35204,cpu,2,46,10.47,0.44691,0.29069
118,dueling_dqn,2,1.4694,1.32,35204,cpu,1,25,0.27,0.44216,0.033287
119,dueling_dqn,2,1.4896,1.38,35204,cpu,3,38,21.66,0.43494,0.042451
120,dueling_dqn,2,1.4956,1.34,35204,cpu,0,11,-9.5,0.43285,0.812699
121,dueling_dqn,2,1.5018,1.34,35204,cpu,1,12,0.7,0.43057,0.351479
122,dueling_dqn,2,1.5122,1.34,35204,cpu,0,19,-9.58,0.42696,0.650935
123,dueling_dqn,2,1.5292,1.38,35204,cpu,3,31,20.43,0.42107,0.335986
124,dueling_dqn,2,1.5444,1.42,35204,cpu,2,27,11.56,0.41594,0.571612
125,dueling_dqn,2,1.5622,1.46,35204,cpu,3,33,21.41,0.40967,0.053328
126,dueling_dqn,2,1.5783,1.48,35204,cpu,2,30,11.03,0.40397,0.061002
127,dueling_dqn,2,1.6118,1.56,35204,cpu,6,62,51.55,0.39219,0.392487
128,dueling_dqn,2,1.616,1.58,35204,cpu,1,8,0.34,0.39067,0.064093
129,dueling_dqn,2,1.6435,1.66,35204,cpu,4,51,31.94,0.38098,0.086278
130,dueling_dqn,2,1.6526,1.66,35204,cpu,1,17,0.35,0.37775,0.759918
131,dueling_dqn,2,1.6649,1.68,35204,cpu,2,23,10.8,0.37338,0.941931
132,dueling_dqn,2,1.7034,1.68,35204,cpu,3,75,22.39,0.35913,0.092849
133,dueling_dqn,2,1.7308,1.78,35204,cpu,6,53,51.94,0.34906,0.993618
134,dueling_dqn,2,1.7464,1.84,35204,cpu,3,30,20.74,0.34336,0.054331
135,dueling_dqn,2,1.7947,1.94,35204,cpu,7,92,63.36,0.32588,0.120818
136,dueling_dqn,2,1.8008,1.92,35204,cpu,1,12,0.5,0.3236,0.641294
137,dueling_dqn,2,1.8244,1.98,35204,cpu,5,46,42.2,0.31486,0.096504
138,dueling_dqn,2,1.8307,2.0,35204,cpu,1,12,0.7,0.31258,0.314901
139,dueling_dqn,2,1.8374,1.98,35204,cpu,0,13,-10.12,0.31011,0.082324
140,dueling_dqn,2,1.8733,2.04,35204,cpu,6,69,52.78,0.297,0.767347
141,dueling_dqn,2,1.878,2.02,35204,cpu,1,9,0.43,0.29529,0.061425
142,dueling_dqn,2,1.8986,2.06,35204,cpu,4,40,31.75,0.28769,0.814907
143,dueling_dqn,2,1.9147,2.08,35204,cpu,2,31,11.52,0.2818,0.592703
144,dueling_dqn,2,1.9447,2.22,35204,cpu,7,57,63.41,0.27097,0.061757
145,dueling_dqn,2,1.9869,2.38,35204,cpu,10,81,93.7,0.25558,0.033451
146,dueling_dqn,2,1.9986,2.42,35204,cpu,2,23,10.4,0.25121,0.478594
147,dueling_dqn,2,2.0125,2.4,35204,cpu,2,26,10.07,0.24627,0.243778
148,dueling_dqn,2,2.0366,2.48,35204,cpu,6,46,52.71,0.23753,0.309986
149,dueling_dqn,2,2.0455,2.52,35204,cpu,3,17,20.97,0.2343,0.380899
150,dueling_dqn,2,2.0554,2.54,35204,cpu,3,19,20.75,0.23069,0.855815
151,dueling_dqn,2,2.0795,2.62,35204,cpu,5,46,42.6,0.22195,0.328184
152,dueling_dqn,2,2.0841,2.58,35204,cpu,0,9,-9.28,0.22024,0.79189
153,dueling_dqn,2,2.1103,2.64,35204,cpu,5,50,41.96,0.21074,0.075853
154,dueling_dqn,2,2.1361,2.76,35204,cpu,6,50,52.67,0.20124,0.780743
155,dueling_dqn,2,2.1429,2.8,35204,cpu,2,13,10.9,0.19877,0.404438
156,dueling_dqn,2,2.1545,2.86,35204,cpu,4,22,30.93,0.19459,0.325905
157,dueling_dqn,2,2.1661,2.88,35204,cpu,2,22,11.11,0.19041,0.551704
158,dueling_dqn,2,2.1699,2.88,35204,cpu,1,7,0.45,0.18908,0.565217
159,dueling_dqn,2,2.1877,3.0,35204,cpu,6,34,51.63,0.18262,0.057416
160,dueling_dqn,2,2.1971,3.08,35204,cpu,5,18,41.08,0.1792,1.210829
161,dueling_dqn,2,2.2294,3.12,35204,cpu,5,62,42.04,0.16742,0.938717
162,dueling_dqn,2,2.2362,3.14,35204,cpu,2,13,10.3,0.16495,0.596729
163,dueling_dqn,2,2.2702,3.22,35204,cpu,6,66,52.11,0.15241,0.823463
164,dueling_dqn,2,2.3145,3.36,35204,cpu,8,84,74.35,0.13645,0.632754
165,dueling_dqn,2,2.328,3.34,35204,cpu,3,25,19.89,0.1317,0.179608
166,dueling_dqn,2,2.4278,3.74,35204,cpu,24,189,241.16,0.09579,0.555397
167,dueling_dqn,2,2.4715,3.9,35204,cpu,10,83,94.88,0.08002,0.402148
168,dueling_dqn,2,2.4974,4.0,35204,cpu,6,49,52.78,0.07071,0.658366
169,dueling_dqn,2,2.5085,3.96,35204,cpu,1,21,1.71,0.06672,1.123107
170,dueling_dqn,2,2.5439,4.18,35204,cpu,11,66,104.46,0.05418,0.180333
171,dueling_dqn,2,2.6335,4.54,35204,cpu,19,168,190.52,0.05,1.370364
172,dueling_dqn,2,2.7502,5.02,35204,cpu,24,220,240.75,0.05,0.599832
173,dueling_dqn,2,2.8281,5.28,35204,cpu,16,147,158.3,0.05,0.591001
174,dueling_dqn,2,2.8459,5.36,35204,cpu,6,33,52.34,0.05,0.905891
175,dueling_dqn,2,2.879,5.46,35204,cpu,8,62,74.77,0.05,0.500911
176,dueling_dqn,2,2.9571,5.78,35204,cpu,18,148,175.21,0.05,0.883306
177,dueling_dqn,2,3.0162,5.94,35204,cpu,14,112,136.53,0.05,0.556342
178,dueling_dqn,2,3.028,5.96,35204,cpu,2,23,11.8,0.05,0.526122
179,dueling_dqn,2,3.0904,6.16,35204,cpu,14,118,137.67,0.05,0.378939
180,dueling_dqn,2,3.1292,6.38,35204,cpu,12,74,115.09,0.05,1.101696
181,dueling_dqn,2,3.1903,6.6,35204,cpu,13,116,126.58,0.05,0.193897
182,dueling_dqn,2,3.2104,6.66,35204,cpu,6,38,52.19,0.05,0.28358
183,dueling_dqn,2,3.2394,6.72,35204,cpu,9,55,83.25,0.05,0.134631
184,dueling_dqn,2,3.2996,6.9,35204,cpu,12,114,118.29,0.05,1.372256
185,dueling_dqn,2,3.306,6.8,35204,cpu,2,12,10.81,0.05,1.082769
186,dueling_dqn,2,3.3634,7.04,35204,cpu,13,106,126.28,0.05,1.052568
187,dueling_dqn,2,3.4251,7.28,35204,cpu,17,117,167.51,0.05,0.675705
188,dueling_dqn,2,3.5114,7.64,35204,cpu,19,162,189.18,0.05,0.116765
189,dueling_dqn,2,3.5745,7.92,35204,cpu,14,118,137.07,0.05,0.26524
190,dueling_dqn,2,3.6133,8.02,35204,cpu,11,73,104.29,0.05,0.843839
191,dueling_dqn,2,3.7086,8.44,35204,cpu,22,179,221.44,0.05,0.438465
192,dueling_dqn,2,3.7536,8.56,35204,cpu,10,84,95.97,0.05,1.567803
193,dueling_dqn,2,3.8236,8.82,35204,cpu,15,131,148.55,0.05,0.417074
194,dueling_dqn,2,3.8992,9.06,35204,cpu,19,142,188.58,0.05,1.292428
195,dueling_dqn,2,3.9471,9.12,35204,cpu,13,90,126.84,0.05,0.907485
196,dueling_dqn,2,4.0097,9.3,35204,cpu,11,119,108.63,0.05,0.922059
197,dueling_dqn,2,4.088,9.62,35204,cpu,18,145,179.54,0.05,0.392911
198,dueling_dqn,2,4.2013,9.9,35204,cpu,20,215,201.46,0.05,1.174206
199,dueling_dqn,2,4.3324,10.36,35204,cpu,26,247,262.6,0.05,0.631655
200,dueling_dqn,2,4.3835,10.56,35204,cpu,13,96,127.18,0.05,0.786102
201,dueling_dqn,2,4.4109,10.58,35204,cpu,6,51,53.56,0.05,0.623914
202,dueling_dqn,2,4.4652,10.84,35204,cpu,13,102,125.92,0.05,0.550798
203,dueling_dqn,2,4.5215,11.06,35204,cpu,16,105,156.12,0.05,0.532743
204,dueling_dqn,2,4.6016,11.34,35204,cpu,20,150,197.81,0.05,0.612944
205,dueling_dqn,2,4.6477,11.52,35204,cpu,11,86,104.66,0.05,0.867328
206,dueling_dqn,2,4.7315,11.84,35204,cpu,20,151,198.7,0.05,1.245013
207,dueling_dqn,2,4.8055,12.14,35204,cpu,17,133,169.35,0.05,1.028405
208,dueling_dqn,2,4.8575,12.46,35204,cpu,17,93,163.95,0.05,0.341565
209,dueling_dqn,2,4.862,12.36,35204,cpu,1,8,0.54,0.05,0.704843
210,dueling_dqn,2,4.8947,12.44,35204,cpu,9,59,84.21,0.05,0.686824
211,dueling_dqn,2,4.9013,12.36,35204,cpu,1,12,0.9,0.05,0.226565
212,dueling_dqn,2,4.9471,12.52,35204,cpu,10,82,96.19,0.05,1.160399
213,dueling_dqn,2,5.0152,12.72,35204,cpu,16,123,157.94,0.05,1.222833
214,dueling_dqn,2,5.0482,12.72,35204,cpu,8,59,74.1,0.05,0.540564
215,dueling_dqn,2,5.0581,12.7,35204,cpu,2,18,10.95,0.05,1.052843
216,dueling_dqn,2,5.0748,12.28,35204,cpu,3,30,22.34,0.05,0.628184
217,dueling_dqn,2,5.1396,12.38,35204,cpu,15,116,147.8,0.05,0.912908
218,dueling_dqn,2,5.2049,12.52,35204,cpu,13,117,128.67,0.05,0.473357
219,dueling_dqn,2,5.2663,12.74,35204,cpu,12,110,118.53,0.05,0.519731
220,dueling_dqn,2,5.3018,12.68,35204,cpu,8,64,74.35,0.05,0.299812
221,dueling_dqn,2,5.3625,12.54,35204,cpu,12,109,116.44,0.05,1.29418
222,dueling_dqn,2,5.4651,12.38,35204,cpu,16,183,158.54,0.05,1.009473
223,dueling_dqn,2,5.5126,12.32,35204,cpu,13,85,124.59,0.05,0.913137
224,dueling_dqn,2,5.5207,12.22,35204,cpu,1,14,0.88,0.05,0.854748
225,dueling_dqn,2,5.5922,12.38,35204,cpu,16,129,157.28,0.05,0.276065
226,dueling_dqn,2,5.677,12.38,35204,cpu,18,152,180.77,0.05,1.672404
227,dueling_dqn,2,5.7705,12.46,35204,cpu,18,173,180.66,0.05,0.587373
228,dueling_dqn,2,5.8178,12.68,35204,cpu,13,87,125.97,0.05,0.611989
229,dueling_dqn,2,5.851,12.54,35204,cpu,7,61,64.17,0.05,0.385056
230,dueling_dqn,2,5.9231,12.6,35204,cpu,15,134,150.22,0.05,0.821132
231,dueling_dqn,2,5.9894,12.66,35204,cpu,16,124,158.63,0.05,0.691938
232,dueling_dqn,2,6.011,12.62,35204,cpu,4,40,31.75,0.05,0.781481
233,dueling_dqn,2,6.0577,12.68,35204,cpu,12,87,114.06,0.05,1.487821
234,dueling_dqn,2,6.0795,12.6,35204,cpu,8,40,71.79,0.05,0.689394
235,dueling_dqn,2,6.0961,12.64,35204,cpu,4,31,32.14,0.05,0.474649
236,dueling_dqn,2,6.1814,12.7,35204,cpu,16,159,157.98,0.05,0.607132
237,dueling_dqn,2,6.2023,12.44,35204,cpu,4,39,32.46,0.05,0.589015
238,dueling_dqn,2,6.2579,12.3,35204,cpu,12,103,117.1,0.05,0.704507
239,dueling_dqn,2,6.2869,12.18,35204,cpu,8,54,73.65,0.05,0.680955
240,dueling_dqn,2,6.3031,12.04,35204,cpu,4,30,32.25,0.05,1.208019
241,dueling_dqn,2,6.3199,11.66,35204,cpu,3,31,22.43,0.05,0.557093
242,dueling_dqn,2,6.3469,11.54,35204,cpu,4,50,34.05,0.05,0.165943
243,dueling_dqn,2,6.3855,11.52,35204,cpu,14,72,134.93,0.05,0.476328
244,dueling_dqn,2,6.4021,11.24,35204,cpu,5,31,42.05,0.05,0.746561
245,dueling_dqn,2,6.445,11.2,35204,cpu,11,80,105.92,0.05,0.08192
246,dueling_dqn,2,6.4566,11.02,35204,cpu,2,22,11.51,0.05,0.573823
247,dueling_dqn,2,6.4795,10.82,35204,cpu,8,42,72.77,0.05,0.984995
248,dueling_dqn,2,6.5201,10.62,35204,cpu,10,75,94.96,0.05,0.760543
249,dueling_dqn,2,6.5312,10.14,35204,cpu,2,21,11.42,0.05,1.515205
250,dueling_dqn,2,6.6062,10.18,35204,cpu,15,140,147.56,0.05,0.944534
251,dueling_dqn,2,6.6173,10.12,35204,cpu,3,21,20.93,0.05,0.272179
252,dueling_dqn,2,6.675,10.16,35204,cpu,15,108,148.08,0.05,0.339024
253,dueling_dqn,2,6.7471,10.1,35204,cpu,13,134,129.6,0.05,0.653549
254,dueling_dqn,2,6.8039,9.98,35204,cpu,14,106,137.99,0.05,0.737301
255,dueling_dqn,2,6.8386,9.96,35204,cpu,10,64,94.57,0.05,0.868321
256,dueling_dqn,2,6.9078,9.94,35204,cpu,19,128,188.12,0.05,1.024976
257,dueling_dqn,2,6.9841,9.92,35204,cpu,16,144,159.43,0.05,1.315014
258,dueling_dqn,2,7.0176,9.76,35204,cpu,9,63,83.17,0.05,1.456176
259,dueling_dqn,2,7.0547,9.94,35204,cpu,10,69,94.62,0.05,1.566055
260,dueling_dqn,2,7.0828,9.92,35204,cpu,8,52,73.07,0.05,0.918644
261,dueling_dqn,2,7.1369,10.18,35204,cpu,14,101,136.54,0.05,1.274831
262,dueling_dqn,2,7.248,10.38,35204,cpu,20,208,202.03,0.05,1.033845
263,dueling_dqn,2,7.326,10.42,35204,cpu,18,146,179.03,0.05,1.066174
264,dueling_dqn,2,7.3993,10.66,35204,cpu,20,136,198.35,0.05,0.639922
265,dueling_dqn,2,7.4218,10.72,35204,cpu,5,41,42.95,0.05,1.399885
266,dueling_dqn,2,7.4627,10.88,35204,cpu,11,76,104.56,0.05,0.403113
267,dueling_dqn,2,7.4809,10.64,35204,cpu,3,34,22.5,0.05,0.314525
268,dueling_dqn,2,7.5558,10.68,35204,cpu,15,139,148.07,0.05,0.992909
269,dueling_dqn,2,7.6256,10.8,35204,cpu,18,129,178.9,0.05,1.076732
270,dueling_dqn,2,7.6945,10.9,35204,cpu,13,129,129.75,0.05,0.264569
271,dueling_dqn,2,7.7374,10.82,35204,cpu,8,80,75.59,0.05,0.74749
272,dueling_dqn,2,7.7513,10.56,35204,cpu,3,26,21.78,0.05,1.167284
273,dueling_dqn,2,7.7762,10.42,35204,cpu,6,46,53.31,0.05,0.238487
274,dueling_dqn,2,7.8595,10.74,35204,cpu,17,154,169.24,0.05,0.163879
275,dueling_dqn,2,7.8884,10.54,35204,cpu,6,54,53.63,0.05,1.208202
276,dueling_dqn,2,7.9153,10.32,35204,cpu,7,50,63.38,0.05,0.354482
277,dueling_dqn,2,7.9906,10.3,35204,cpu,17,140,168.98,0.05,1.229297
278,dueling_dqn,2,8.0203,10.26,35204,cpu,11,55,103.47,0.05,1.206395
279,dueling_dqn,2,8.1083,10.48,35204,cpu,18,164,179.05,0.05,0.256474
280,dueling_dqn,2,8.1733,10.44,35204,cpu,13,122,126.72,0.05,1.012979
281,dueling_dqn,2,8.2421,10.52,35204,cpu,20,128,198.23,0.05,2.069103
282,dueling_dqn,2,8.343,10.96,35204,cpu,26,185,261.02,0.05,0.344372
283,dueling_dqn,2,8.4225,11.12,35204,cpu,20,147,198.74,0.05,1.7494
284,dueling_dqn,2,8.4608,11.12,35204,cpu,8,72,75.07,0.05,1.458075
285,dueling_dqn,2,8.4777,11.12,35204,cpu,4,32,32.23,0.05,0.73169
286,dueling_dqn,2,8.5104,11.02,35204,cpu,11,61,104.21,0.05,0.778554
287,dueling_dqn,2,8.5963,11.22,35204,cpu,14,160,138.65,0.05,1.183429
288,dueling_dqn,2,8.6165,11.08,35204,cpu,5,38,42.68,0.05,0.629782
289,dueling_dqn,2,8.6731,11.16,35204,cpu,12,104,115.39,0.05,0.787623
290,dueling_dqn,2,8.7433,11.32,35204,cpu,12,127,118.66,0.05,0.842675
291,dueling_dqn,2,8.7856,11.5,35204,cpu,12,75,115.38,0.05,0.899354
292,dueling_dqn,2,8.9375,12.0,35204,cpu,29,271,296.49,0.05,1.536415
293,dueling_dqn,2,8.9964,12.0,35204,cpu,14,105,137.1,0.05,0.821099
294,dueling_dqn,2,9.0294,12.08,35204,cpu,9,59,82.81,0.05,1.614367
295,dueling_dqn,2,9.0823,12.08,35204,cpu,11,94,106.58,0.05,0.498308
296,dueling_dqn,2,9.161,12.38,35204,cpu,17,140,170.38,0.05,0.607447
297,dueling_dqn,2,9.1912,12.34,35204,cpu,6,54,53.43,0.05,1.421191
298,dueling_dqn,2,9.205,12.2,35204,cpu,3,24,21.8,0.05,0.729109
299,dueling_dqn,2,9.2464,12.42,35204,cpu,13,74,125.0,0.05,0.60933
300,dueling_dqn,2,9.2639,12.22,35204,cpu,5,31,42.05,0.05,1.344517
301,dueling_dqn,2,9.3876,12.72,35204,cpu,28,220,282.39,0.05,1.813799
302,dueling_dqn,2,9.4266,12.6,35204,cpu,9,70,85.0,0.05,0.637445
303,dueling_dqn,2,9.4741,12.56,35204,cpu,11,84,105.28,0.05,1.447992
304,dueling_dqn,2,9.5422,12.6,35204,cpu,16,121,157.16,0.05,1.537131
305,dueling_dqn,2,9.5824,12.62,35204,cpu,11,71,105.11,0.05,0.624059
306,dueling_dqn,2,9.6389,12.52,35204,cpu,14,100,136.65,0.05,1.326795
307,dueling_dqn,2,9.6995,12.46,35204,cpu,13,111,125.73,0.05,0.705395
308,dueling_dqn,2,9.7286,12.42,35204,cpu,7,54,63.74,0.05,1.380581
309,dueling_dqn,2,9.8055,12.48,35204,cpu,13,142,127.72,0.05,1.900849
310,dueling_dqn,2,9.8331,12.48,35204,cpu,8,50,72.89,0.05,0.475828
311,dueling_dqn,2,9.8711,12.38,35204,cpu,9,70,84.6,0.05,1.120826
312,dueling_dqn,2,9.932,12.32,35204,cpu,17,113,167.75,0.05,0.778491
313,dueling_dqn,2,9.9385,11.98,35204,cpu,1,12,0.9,0.05,1.085986
314,dueling_dqn,2,10.0255,12.02,35204,cpu,22,161,219.22,0.05,0.939756
315,dueling_dqn,2,10.0476,12.0,35204,cpu,4,40,31.95,0.05,0.962947
316,dueling_dqn,2,10.0637,11.86,35204,cpu,4,29,31.16,0.05,1.517727
317,dueling_dqn,2,10.0805,11.88,35204,cpu,4,31,32.34,0.05,1.514375
318,dueling_dqn,2,10.1062,11.74,35204,cpu,8,48,72.91,0.05,0.406182
319,dueling_dqn,2,10.1316,11.5,35204,cpu,6,47,52.8,0.05,1.079092
320,dueling_dqn,2,10.2141,11.58,35204,cpu,17,153,169.35,0.05,2.219623
321,dueling_dqn,2,10.2442,11.58,35204,cpu,8,56,73.23,0.05,0.465974
322,dueling_dqn,2,10.3448,11.94,35204,cpu,21,185,212.27,0.05,1.049153
323,dueling_dqn,2,10.4925,12.36,35204,cpu,27,275,272.23,0.05,1.075275
324,dueling_dqn,2,10.5701,12.3,35204,cpu,14,144,138.61,0.05,0.521958
325,dueling_dqn,2,10.6839,12.66,35204,cpu,24,209,242.76,0.05,0.795553
326,dueling_dqn,2,10.7809,12.88,35204,cpu,18,180,179.29,0.05,0.520524
327,dueling_dqn,2,10.8016,12.68,35204,cpu,7,38,61.7,0.05,0.753509
328,dueling_dqn,2,10.8997,12.92,35204,cpu,23,180,232.64,0.05,1.053881
329,dueling_dqn,2,10.9705,12.86,35204,cpu,15,131,148.75,0.05,0.678113
330,dueling_dqn,2,11.0575,12.94,35204,cpu,17,162,168.76,0.05,1.633462
331,dueling_dqn,2,11.1397,12.96,35204,cpu,21,151,210.21,0.05,0.423988
332,dueling_dqn,2,11.2198,12.82,35204,cpu,19,148,189.92,0.05,0.670887
333,dueling_dqn,2,11.295,12.76,35204,cpu,17,138,169.2,0.05,0.960225
334,dueling_dqn,2,11.3377,12.76,35204,cpu,8,77,73.92,0.05,0.422482
335,dueling_dqn,2,11.389,12.9,35204,cpu,11,95,106.87,0.05,1.644812
336,dueling_dqn,2,11.3927,12.68,35204,cpu,0,7,-9.46,0.05,1.022257
337,dueling_dqn,2,11.4507,12.66,35204,cpu,13,108,126.06,0.05,1.106414
338,dueling_dqn,2,11.4763,12.68,35204,cpu,6,48,53.49,0.05,1.63978
339,dueling_dqn,2,11.4838,12.46,35204,cpu,1,14,0.88,0.05,1.860229
340,dueling_dqn,2,11.5032,12.34,35204,cpu,6,36,51.81,0.05,2.118743
341,dueling_dqn,2,11.5454,12.34,35204,cpu,12,78,115.05,0.05,1.703686
342,dueling_dqn,2,11.5497,11.78,35204,cpu,1,8,0.54,0.05,1.15764
343,dueling_dqn,2,11.6138,11.78,35204,cpu,14,119,137.96,0.05,0.622417
344,dueling_dqn,2,11.6416,11.76,35204,cpu,8,52,73.27,0.05,0.554963
345,dueling_dqn,2,11.6443,11.54,35204,cpu,0,5,-9.64,0.05,0.22466
346,dueling_dqn,2,11.6937,11.42,35204,cpu,11,92,106.6,0.05,0.979188
347,dueling_dqn,2,11.7039,11.34,35204,cpu,2,19,11.04,0.05,0.285503
348,dueling_dqn,2,11.7276,11.38,35204,cpu,5,44,42.62,0.05,0.878336
349,dueling_dqn,2,11.8073,11.42,35204,cpu,15,147,147.99,0.05,1.036929
350,dueling_dqn,2,11.8531,11.54,35204,cpu,11,84,106.08,0.05,0.997206
351,dueling_dqn,2,11.9028,11.22,35204,cpu,12,91,116.42,0.05,1.834291
352,dueling_dqn,2,11.9503,11.26,35204,cpu,11,89,106.53,0.05,0.416373
353,dueling_dqn,2,12.0279,11.42,35204,cpu,19,144,189.56,0.05,0.902796
354,dueling_dqn,2,12.0626,11.24,35204,cpu,7,64,65.04,0.05,1.467173
355,dueling_dqn,2,12.1694,11.56,35204,cpu,27,199,272.19,0.05,0.683601
356,dueling_dqn,2,12.3172,11.9,35204,cpu,31,272,318.8,0.05,0.341131
357,dueling_dqn,2,12.3446,11.76,35204,cpu,6,50,53.27,0.05,0.73999
358,dueling_dqn,2,12.3957,11.84,35204,cpu,11,94,105.98,0.05,1.651886
359,dueling_dqn,2,12.4487,11.8,35204,cpu,11,98,107.14,0.05,1.206312
360,dueling_dqn,2,12.4987,11.86,35204,cpu,11,92,106.8,0.05,1.389676
361,dueling_dqn,2,12.5514,11.88,35204,cpu,10,98,97.03,0.05,1.727617
362,dueling_dqn,2,12.6417,11.9,35204,cpu,18,167,179.72,0.05,0.704317
363,dueling_dqn,2,12.6858,12.08,35204,cpu,10,78,95.43,0.05,0.649914
364,dueling_dqn,2,12.7172,11.8,35204,cpu,8,56,73.03,0.05,0.696227
365,dueling_dqn,2,12.8247,12.18,35204,cpu,23,191,230.43,0.05,1.482299
366,dueling_dqn,2,12.8766,12.32,35204,cpu,11,92,106.2,0.05,0.757741
367,dueling_dqn,2,12.934,12.48,35204,cpu,12,102,116.01,0.05,1.084918
368,dueling_dqn,2,12.937,12.32,35204,cpu,0,5,-9.64,0.05,1.301193
369,dueling_dqn,2,13.0192,12.58,35204,cpu,19,145,188.45,0.05,0.753642
370,dueling_dqn,2,13.0474,12.4,35204,cpu,8,50,72.89,0.05,0.90284
371,dueling_dqn,2,13.1083,12.52,35204,cpu,14,108,135.57,0.05,0.388742
372,dueling_dqn,2,13.1855,12.44,35204,cpu,17,136,169.02,0.05,1.869179
373,dueling_dqn,2,13.2139,12.0,35204,cpu,5,50,43.16,0.05,1.101613
374,dueling_dqn,2,13.2339,11.8,35204,cpu,4,35,32.5,0.05,1.077474
375,dueling_dqn,2,13.2517,11.38,35204,cpu,3,32,22.32,0.05,0.642399
376,dueling_dqn,2,13.3171,11.34,35204,cpu,16,116,157.11,0.05,1.149535
377,dueling_dqn,2,13.3581,11.36,35204,cpu,8,73,74.96,0.05,1.107859
378,dueling_dqn,2,13.4058,11.06,35204,cpu,8,84,76.75,0.05,1.716452
379,dueling_dqn,2,13.4703,11.0,35204,cpu,12,114,116.69,0.05,1.093778
380,dueling_dqn,2,13.4921,10.74,35204,cpu,4,39,32.26,0.05,1.531832
381,dueling_dqn,2,13.5498,10.54,35204,cpu,11,96,105.96,0.05,0.167244
382,dueling_dqn,2,13.5997,10.38,35204,cpu,11,79,105.43,0.05,1.159687
383,dueling_dqn,2,13.7086,10.48,35204,cpu,22,194,222.39,0.05,0.574238
384,dueling_dqn,2,13.7727,10.64,35204,cpu,16,117,159.0,0.05,1.908401
385,dueling_dqn,2,13.8378,10.66,35204,cpu,12,119,116.74,0.05,0.744228
386,dueling_dqn,2,13.906,10.94,35204,cpu,14,126,138.79,0.05,1.05882
387,dueling_dqn,2,13.9427,10.88,35204,cpu,10,67,94.64,0.05,1.602336
388,dueling_dqn,2,13.9907,11.04,35204,cpu,14,88,135.77,0.05,1.589131
389,dueling_dqn,2,14.0607,11.36,35204,cpu,17,129,167.39,0.05,1.606665
390,dueling_dqn,2,14.1251,11.56,35204,cpu,16,119,156.98,0.05,1.11263
391,dueling_dqn,2,14.1525,11.46,35204,cpu,7,51,63.87,0.05,1.722846
392,dueling_dqn,2,14.1819,11.58,35204,cpu,7,54,63.34,0.05,0.864085
393,dueling_dqn,2,14.1899,11.34,35204,cpu,2,15,11.08,0.05,0.623019
394,dueling_dqn,2,14.2417,11.46,35204,cpu,14,95,136.8,0.05,1.360367
395,dueling_dqn,2,14.2972,11.72,35204,cpu,13,102,127.12,0.05,0.811984
396,dueling_dqn,2,14.3461,11.72,35204,cpu,11,89,105.73,0.05,1.449165
397,dueling_dqn,2,14.3874,11.88,35204,cpu,10,76,93.25,0.05,1.574543
398,dueling_dqn,2,14.4953,12.26,35204,cpu,24,199,242.06,0.05,0.351178
399,dueling_dqn,2,14.6038,12.38,35204,cpu,21,200,211.02,0.05,2.766913
400,dueling_dqn,2,14.6535,12.42,35204,cpu,13,92,126.22,0.05,0.873362
401,dueling_dqn,2,14.6707,12.28,35204,cpu,5,32,42.34,0.05,1.142049
402,dueling_dqn,2,14.7135,12.24,35204,cpu,9,79,86.21,0.05,1.702485
403,dueling_dqn,2,14.7189,11.88,35204,cpu,1,10,0.72,0.05,1.054183
404,dueling_dqn,2,14.7444,11.84,35204,cpu,5,47,43.09,0.05,0.847286
405,dueling_dqn,2,14.8382,11.72,35204,cpu,21,164,211.18,0.05,0.798067
406,dueling_dqn,2,14.9142,11.44,35204,cpu,17,124,167.94,0.05,1.569357
407,dueling_dqn,2,14.9203,11.34,35204,cpu,1,10,0.72,0.05,1.074724
408,dueling_dqn,2,14.9674,11.3,35204,cpu,9,79,84.61,0.05,1.875689
409,dueling_dqn,2,15.076,11.44,35204,cpu,18,158,180.11,0.05,1.490423
410,dueling_dqn,2,15.1647,11.58,35204,cpu,18,158,181.11,0.05,1.531154
411,dueling_dqn,2,15.2831,11.84,35204,cpu,23,216,231.68,0.05,1.134485
412,dueling_dqn,2,15.3093,11.62,35204,cpu,7,48,63.4,0.05,0.663153
413,dueling_dqn,2,15.3758,11.68,35204,cpu,13,122,128.12,0.05,1.159664
414,dueling_dqn,2,15.5092,11.96,35204,cpu,22,231,224.92,0.05,0.913953
415,dueling_dqn,2,15.6309,11.94,35204,cpu,22,189,220.74,0.05,0.855534
416,dueling_dqn,2,15.6695,11.86,35204,cpu,7,63,64.75,0.05,1.291134
417,dueling_dqn,2,15.6747,11.64,35204,cpu,1,9,0.63,0.05,0.890199
418,dueling_dqn,2,15.6937,11.72,35204,cpu,4,33,32.12,0.05,1.087702
419,dueling_dqn,2,15.73,11.56,35204,cpu,11,62,103.9,0.05,0.64511
420,dueling_dqn,2,15.7474,11.48,35204,cpu,4,30,32.05,0.05,0.769643
421,dueling_dqn,2,15.8287,11.58,35204,cpu,19,141,188.09,0.05,0.565309
422,dueling_dqn,2,15.8552,11.36,35204,cpu,6,47,53.4,0.05,1.436971
423,dueling_dqn,2,15.8791,11.38,35204,cpu,6,43,53.04,0.05,0.857094
424,dueling_dqn,2,15.9421,11.6,35204,cpu,15,115,148.51,0.05,1.130566
425,dueling_dqn,2,16.0574,11.98,35204,cpu,22,210,219.83,0.05,1.18609
426,dueling_dqn,2,16.105,11.88,35204,cpu,11,87,105.55,0.05,0.753391
427,dueling_dqn,2,16.1871,12.04,35204,cpu,16,151,158.66,0.05,0.9277
428,dueling_dqn,2,16.247,12.18,35204,cpu,15,109,147.17,0.05,1.108243
429,dueling_dqn,2,16.3051,12.2,35204,cpu,13,107,126.37,0.05,0.61065
430,dueling_dqn,2,16.3684,12.42,35204,cpu,15,114,146.62,0.05,0.851409
431,dueling_dqn,2,16.4243,12.44,35204,cpu,12,104,116.79,0.05,1.468308
432,dueling_dqn,2,16.5803,12.76,35204,cpu,27,278,274.5,0.05,1.083574
433,dueling_dqn,2,16.6347,12.6,35204,cpu,14,99,136.96,0.05,0.560095
434,dueling_dqn,2,16.6848,12.52,35204,cpu,12,90,115.93,0.05,1.113971
435,dueling_dqn,2,16.7043,12.36,35204,cpu,4,34,32.61,0.05,1.051188
436,dueling_dqn,2,16.7285,12.18,35204,cpu,5,43,42.33,0.05,1.929312
437,dueling_dqn,2,16.804,12.32,35204,cpu,17,133,169.35,0.05,1.257685
438,dueling_dqn,2,16.8614,12.32,35204,cpu,14,101,136.94,0.05,1.335903
439,dueling_dqn,2,16.9101,12.26,35204,cpu,14,86,135.99,0.05,0.367039
440,dueling_dqn,2,16.9222,12.0,35204,cpu,3,21,21.33,0.05,0.789473
441,dueling_dqn,2,17.018,12.24,35204,cpu,19,169,189.61,0.05,1.821534
442,dueling_dqn,2,17.0247,12.14,35204,cpu,2,12,10.61,0.05,1.171644
443,dueling_dqn,2,17.0867,12.36,35204,cpu,13,109,126.75,0.05,0.583917
444,dueling_dqn,2,17.1421,12.36,35204,cpu,14,98,137.07,0.05,0.141704
445,dueling_dqn,2,17.1805,12.32,35204,cpu,11,68,104.84,0.05,0.960034
446,dueling_dqn,2,17.2499,12.46,35204,cpu,18,123,178.16,0.05,0.772422
447,dueling_dqn,2,17.3106,12.58,35204,cpu,16,106,157.41,0.05,1.452752
448,dueling_dqn,2,17.3421,12.24,35204,cpu,7,56,64.12,0.05,0.619979
449,dueling_dqn,2,17.3781,12.0,35204,cpu,9,63,82.57,0.05,2.05249
450,dueling_dqn,2,17.4794,12.18,35204,cpu,22,179,221.04,0.05,0.930755
451,dueling_dqn,2,17.5809,12.46,35204,cpu,19,180,191.6,0.05,1.635559
452,dueling_dqn,2,17.6927,12.8,35204,cpu,26,199,262.08,0.05,0.789393
453,dueling_dqn,2,17.7227,12.88,35204,cpu,5,55,43.61,0.05,1.702015
454,dueling_dqn,2,17.7515,12.86,35204,cpu,4,53,33.72,0.05,0.948677
455,dueling_dqn,2,17.8575,12.94,35204,cpu,25,194,252.12,0.05,0.392024
456,dueling_dqn,2,17.9312,12.92,35204,cpu,16,137,159.0,0.05,0.820897
457,dueling_dqn,2,18.0234,13.32,35204,cpu,21,170,211.32,0.05,0.601178
458,dueling_dqn,2,18.0376,13.2,35204,cpu,3,26,21.98,0.05,0.665052
459,dueling_dqn,2,18.0741,13.08,35204,cpu,12,67,114.46,0.05,0.616866
460,dueling_dqn,2,18.092,12.8,35204,cpu,4,33,32.12,0.05,1.446386
461,dueling_dqn,2,18.1311,12.54,35204,cpu,10,72,94.49,0.05,1.071427
462,dueling_dqn,2,18.1735,12.64,35204,cpu,12,78,115.45,0.05,1.313578
463,dueling_dqn,2,18.2079,12.58,35204,cpu,10,64,93.37,0.05,0.727522
464,dueling_dqn,2,18.224,12.24,35204,cpu,5,30,41.76,0.05,1.076776
465,dueling_dqn,2,18.3211,12.18,35204,cpu,19,178,190.22,0.05,1.421614
466,dueling_dqn,2,18.3299,12.08,35204,cpu,2,16,11.17,0.05,2.130023
467,dueling_dqn,2,18.3766,12.26,35204,cpu,10,85,96.06,0.05,0.276013
468,dueling_dqn,2,18.4317,12.4,35204,cpu,11,101,107.61,0.05,0.832977
469,dueling_dqn,2,18.5049,12.58,35204,cpu,20,134,198.97,0.05,0.463121
470,dueling_dqn,2,18.5839,12.8,35204,cpu,15,146,148.7,0.05,0.873603
471,dueling_dqn,2,18.5903,12.48,35204,cpu,3,12,20.72,0.05,1.032568
472,dueling_dqn,2,18.6598,12.72,35204,cpu,18,127,177.52,0.05,0.440975
473,dueling_dqn,2,18.6866,12.74,35204,cpu,7,49,63.69,0.05,0.708971
474,dueling_dqn,2,18.7249,12.64,35204,cpu,10,71,95.0,0.05,2.18638
475,dueling_dqn,2,18.7791,12.48,35204,cpu,14,100,135.45,0.05,1.858805
476,dueling_dqn,2,18.7937,12.32,35204,cpu,3,27,22.07,0.05,0.87257
477,dueling_dqn,2,18.8293,12.18,35204,cpu,9,64,83.86,0.05,1.121124
478,dueling_dqn,2,18.8952,12.16,35204,cpu,14,119,135.76,0.05,0.610081
479,dueling_dqn,2,18.9552,12.16,35204,cpu,13,111,126.33,0.05,1.085507
480,dueling_dqn,2,19.0476,12.3,35204,cpu,22,170,221.63,0.05,1.066844
481,dueling_dqn,2,19.0625,12.14,35204,cpu,4,27,31.98,0.05,0.814222
482,dueling_dqn,2,19.1092,11.86,35204,cpu,13,86,126.08,0.05,1.987671
483,dueling_dqn,2,19.1277,11.7,35204,cpu,6,34,52.03,0.05,1.656455
484,dueling_dqn,2,19.1585,11.6,35204,cpu,7,57,64.01,0.05,1.430202
485,dueling_dqn,2,19.215,11.82,35204,cpu,15,105,147.81,0.05,0.976982
486,dueling_dqn,2,19.2953,12.02,35204,cpu,15,149,146.77,0.05,1.947895
487,dueling_dqn,2,19.3227,11.82,35204,cpu,7,51,63.27,0.05,0.719308
488,dueling_dqn,2,19.404,11.9,35204,cpu,18,149,178.3,0.05,1.642253
489,dueling_dqn,2,19.4384,11.8,35204,cpu,9,63,83.57,0.05,0.615397
490,dueling_dqn,2,19.5125,12.12,35204,cpu,19,137,188.33,0.05,2.680724
491,dueling_dqn,2,19.5315,11.86,35204,cpu,6,35,52.52,0.05,1.359644
492,dueling_dqn,2,19.5991,12.18,35204,cpu,18,124,177.65,0.05,0.855741
493,dueling_dqn,2,19.6933,12.28,35204,cpu,18,173,180.66,0.05,0.818925
494,dueling_dqn,2,19.7596,12.32,35204,cpu,16,124,158.03,0.05,1.309715
495,dueling_dqn,2,19.7763,12.18,35204,cpu,4,31,31.94,0.05,1.328061
496,dueling_dqn,2,19.8517,12.18,35204,cpu,18,138,177.71,0.05,1.639768
497,dueling_dqn,2,19.9251,12.22,35204,cpu,18,134,179.55,0.05,0.65755
498,dueling_dqn,2,19.9698,12.28,35204,cpu,10,81,96.1,0.05,0.400621
499,dueling_dqn,2,19.9953,12.22,35204,cpu,6,47,53.6,0.05,0.379658
500,dueling_dqn,2,20.029,11.94,35204,cpu,8,62,74.37,0.05,0.122831
501,dueling_dqn,2,20.0755,11.84,35204,cpu,14,85,136.1,0.05,1.258718
502,dueling_dqn,2,20.1479,11.64,35204,cpu,16,132,158.95,0.05,1.70161
503,dueling_dqn,2,20.1802,11.66,35204,cpu,6,60,52.97,0.05,1.102303
504,dueling_dqn,2,20.2063,11.72,35204,cpu,7,49,63.49,0.05,1.537026
505,dueling_dqn,2,20.2396,11.38,35204,cpu,8,62,74.17,0.05,0.785978
506,dueling_dqn,2,20.3011,11.32,35204,cpu,13,114,126.2,0.05,0.67309
507,dueling_dqn,2,20.3613,11.1,35204,cpu,10,110,95.71,0.05,1.005334
508,dueling_dqn,2,20.4063,11.26,35204,cpu,11,82,104.9,0.05,0.77619
509,dueling_dqn,2,20.4403,11.14,35204,cpu,6,63,54.84,0.05,1.28449
510,dueling_dqn,2,20.4738,11.24,35204,cpu,9,62,84.28,0.05,0.881017
511,dueling_dqn,2,20.568,11.4,35204,cpu,18,174,181.75,0.05,0.561628
512,dueling_dqn,2,20.5858,11.26,35204,cpu,5,33,41.83,0.05,0.672033
513,dueling_dqn,2,20.657,11.48,35204,cpu,21,131,208.01,0.05,1.620097
514,dueling_dqn,2,20.6966,11.56,35204,cpu,9,70,84.6,0.05,2.424241
515,dueling_dqn,2,20.7063,11.24,35204,cpu,3,17,21.17,0.05,1.679155
516,dueling_dqn,2,20.7357,11.32,35204,cpu,6,53,53.14,0.05,0.428324
517,dueling_dqn,2,20.8629,11.6,35204,cpu,24,225,243.4,0.05,1.018559
518,dueling_dqn,2,20.9158,11.6,35204,cpu,11,94,106.78,0.05,1.225483
519,dueling_dqn,2,20.9228,11.22,35204,cpu,1,12,0.9,0.05,0.861015
520,dueling_dqn,2,21.028,11.32,35204,cpu,20,186,200.85,0.05,1.064315
521,dueling_dqn,2,21.0638,11.4,35204,cpu,7,63,64.15,0.05,1.328712
522,dueling_dqn,2,21.1566,11.44,35204,cpu,20,163,198.78,0.05,1.723428
523,dueling_dqn,2,21.2124,11.5,35204,cpu,10,98,97.43,0.05,1.374654
524,dueling_dqn,2,21.3405,11.86,35204,cpu,28,226,285.33,0.05,1.594506
525,dueling_dqn,2,21.3616,11.66,35204,cpu,4,37,32.48,0.05,1.826037
526,dueling_dqn,2,21.4413,12.0,35204,cpu,20,141,197.6,0.05,1.559327
527,dueling_dqn,2,21.5001,12.14,35204,cpu,16,104,156.43,0.05,1.396029
528,dueling_dqn,2,21.6065,12.32,35204,cpu,23,187,230.27,0.05,1.057986
529,dueling_dqn,2,21.6453,12.3,35204,cpu,12,68,114.75,0.05,0.35632
530,dueling_dqn,2,21.7162,12.18,35204,cpu,16,129,158.88,0.05,1.838062
531,dueling_dqn,2,21.7933,12.46,35204,cpu,18,141,178.78,0.05,2.604247
532,dueling_dqn,2,21.8654,12.52,35204,cpu,16,132,159.15,0.05,0.55124
533,dueling_dqn,2,21.8879,12.56,35204,cpu,8,41,72.88,0.05,0.255466
534,dueling_dqn,2,21.9575,12.78,35204,cpu,18,128,177.61,0.05,0.92371
535,dueling_dqn,2,22.0083,12.7,35204,cpu,11,94,106.38,0.05,0.878606
536,dueling_dqn,2,22.0518,12.56,35204,cpu,8,80,75.39,0.05,0.24001
537,dueling_dqn,2,22.1377,12.82,35204,cpu,20,158,199.73,0.05,1.7061
538,dueling_dqn,2,22.2612,12.86,35204,cpu,20,227,200.14,0.05,1.073444
539,dueling_dqn,2,22.2915,12.8,35204,cpu,6,56,53.61,0.05,0.409044
540,dueling_dqn,2,22.3132,12.56,35204,cpu,7,40,62.68,0.05,0.673752
541,dueling_dqn,2,22.3198,12.48,35204,cpu,2,12,10.61,0.05,1.140008
542,dueling_dqn,2,22.3749,12.38,35204,cpu,13,102,127.72,0.05,1.219274
543,dueling_dqn,2,22.3964,12.1,35204,cpu,4,40,31.95,0.05,0.477447
544,dueling_dqn,2,22.5027,12.2,35204,cpu,21,197,212.15,0.05,1.815562
545,dueling_dqn,2,22.6163,12.64,35204,cpu,26,208,261.49,0.05,1.284282
546,dueling_dqn,2,22.6873,12.64,35204,cpu,18,131,178.48,0.05,1.557185
547,dueling_dqn,2,22.7741,12.64,35204,cpu,18,159,180.2,0.05,0.998756
548,dueling_dqn,2,22.8736,12.82,35204,cpu,19,182,191.18,0.05,1.202443
549,dueling_dqn,2,22.9396,13.06,35204,cpu,18,122,177.87,0.05,0.619225
550,dueling_dqn,2,23.0507,13.38,35204,cpu,24,204,243.11,0.05,1.500339
551,dueling_dqn,2,23.1188,13.36,35204,cpu,13,125,127.39,0.05,0.74946
552,dueling_dqn,2,23.1526,13.18,35204,cpu,7,62,64.26,0.05,1.37243
553,dueling_dqn,2,23.2231,13.32,35204,cpu,13,130,126.64,0.05,1.313232
554,dueling_dqn,2,23.2575,13.28,35204,cpu,5,64,43.42,0.05,1.301438
555,dueling_dqn,2,23.3522,13.64,35204,cpu,26,173,261.54,0.05,0.599072
556,dueling_dqn,2,23.3564,13.4,35204,cpu,1,8,0.54,0.05,1.070192
557,dueling_dqn,2,23.4021,13.44,35204,cpu,12,84,115.39,0.05,0.512778
558,dueling_dqn,2,23.4256,13.36,35204,cpu,7,43,63.15,0.05,1.073658
559,dueling_dqn,2,23.4655,13.44,35204,cpu,10,73,93.98,0.05,1.169775
560,dueling_dqn,2,23.5638,13.72,35204,cpu,23,181,232.33,0.05,0.817567
561,dueling_dqn,2,23.5729,13.4,35204,cpu,2,17,10.86,0.05,0.809923
562,dueling_dqn,2,23.6414,13.54,35204,cpu,12,126,117.97,0.05,0.825497
563,dueling_dqn,2,23.6468,13.16,35204,cpu,2,10,10.63,0.05,0.516063
564,dueling_dqn,2,23.6906,13.24,35204,cpu,13,80,124.74,0.05,1.382836
565,dueling_dqn,2,23.7069,13.24,35204,cpu,3,30,22.14,0.05,1.268842
566,dueling_dqn,2,23.7653,13.42,35204,cpu,15,108,147.48,0.05,1.153438
567,dueling_dqn,2,23.776,12.98,35204,cpu,2,20,11.33,0.05,1.233902
568,dueling_dqn,2,23.8024,12.92,35204,cpu,8,49,73.6,0.05,1.440194
569,dueling_dqn,2,23.8471,13.14,35204,cpu,12,81,115.32,0.05,0.284022
570,dueling_dqn,2,23.8641,12.82,35204,cpu,4,31,32.34,0.05,0.818965
571,dueling_dqn,2,23.8918,12.76,35204,cpu,4,51,31.74,0.05,0.898269
572,dueling_dqn,2,23.9261,12.5,35204,cpu,7,63,64.75,0.05,1.236399
573,dueling_dqn,2,23.9754,12.52,35204,cpu,11,90,104.82,0.05,1.345858
574,dueling_dqn,2,24.0689,12.4,35204,cpu,22,173,219.1,0.05,1.08455
575,dueling_dqn,2,24.1561,12.68,35204,cpu,18,162,176.47,0.05,1.679042
576,dueling_dqn,2,24.1806,12.38,35204,cpu,5,46,43.0,0.05,1.131797
577,dueling_dqn,2,24.193,12.16,35204,cpu,5,23,40.93,0.05,0.369655
578,dueling_dqn,2,24.257,11.98,35204,cpu,14,120,136.45,0.05,1.020771
579,dueling_dqn,2,24.2849,11.86,35204,cpu,6,52,53.65,0.05,0.897814
580,dueling_dqn,2,24.3164,11.66,35204,cpu,6,58,54.59,0.05,0.905845
581,dueling_dqn,2,24.3555,11.48,35204,cpu,9,72,84.58,0.05,1.696437
582,dueling_dqn,2,24.3998,11.34,35204,cpu,9,82,85.88,0.05,1.086636
583,dueling_dqn,2,24.4474,11.44,35204,cpu,13,88,125.86,0.05,1.397123
584,dueling_dqn,2,24.5234,11.48,35204,cpu,20,137,197.64,0.05,2.732004
585,dueling_dqn,2,24.5504,11.4,35204,cpu,7,50,62.98,0.05,1.304125
586,dueling_dqn,2,24.5739,11.36,35204,cpu,6,43,52.84,0.05,1.458976
587,dueling_dqn,2,24.623,11.18,35204,cpu,11,91,106.11,0.05,1.036478
588,dueling_dqn,2,24.7224,11.22,35204,cpu,22,179,221.44,0.05,1.416068
589,dueling_dqn,2,24.7674,11.32,35204,cpu,11,80,103.92,0.05,1.030548
590,dueling_dqn,2,24.777,11.22,35204,cpu,2,17,11.26,0.05,0.717521
591,dueling_dqn,2,24.8507,11.54,35204,cpu,18,131,178.08,0.05,1.059817
592,dueling_dqn,2,24.9192,11.6,35204,cpu,16,122,157.65,0.05,1.393772
593,dueling_dqn,2,24.9716,11.78,35204,cpu,13,92,125.82,0.05,1.393034
594,dueling_dqn,2,25.0324,11.6,35204,cpu,12,108,115.75,0.05,0.669374
595,dueling_dqn,2,25.0897,11.36,35204,cpu,14,101,137.14,0.05,1.388021
596,dueling_dqn,2,25.1036,11.08,35204,cpu,4,24,31.31,0.05,1.028523
597,dueling_dqn,2,25.127,10.82,35204,cpu,5,42,42.84,0.05,2.175629
598,dueling_dqn,2,25.1401,10.48,35204,cpu,2,23,11.6,0.05,1.807748
599,dueling_dqn,2,25.1598,10.18,35204,cpu,3,35,22.59,0.05,1.206732
600,dueling_dqn,2,25.2449,10.08,35204,cpu,19,150,189.7,0.05,1.119136
601,dueling_dqn,2,25.2504,9.86,35204,cpu,2,10,10.43,0.05,1.59006
602,dueling_dqn,2,25.2951,9.96,35204,cpu,12,79,115.34,0.05,1.454964
603,dueling_dqn,2,25.3408,9.92,35204,cpu,11,81,105.61,0.05,1.106877
604,dueling_dqn,2,25.4098,10.08,35204,cpu,13,122,128.92,0.05,1.669211
605,dueling_dqn,2,25.4144,9.58,35204,cpu,1,8,0.54,0.05,0.777069
606,dueling_dqn,2,25.4431,9.68,35204,cpu,6,51,51.96,0.05,1.379668
607,dueling_dqn,2,25.4992,9.74,35204,cpu,15,100,145.56,0.05,1.598138
608,dueling_dqn,2,25.5679,9.84,35204,cpu,12,121,115.32,0.05,1.622162
609,dueling_dqn,2,25.5724,9.64,35204,cpu,0,8,-9.77,0.05,1.124479
610,dueling_dqn,2,25.6287,9.36,35204,cpu,9,100,85.9,0.05,1.220182
611,dueling_dqn,2,25.6788,9.64,35204,cpu,16,89,155.48,0.05,1.69421
612,dueling_dqn,2,25.6864,9.44,35204,cpu,2,14,10.79,0.05,0.888927
613,dueling_dqn,2,25.718,9.58,35204,cpu,9,58,84.32,0.05,1.034877
614,dueling_dqn,2,25.7359,9.42,35204,cpu,5,33,42.23,0.05,2.158748
615,dueling_dqn,2,25.7644,9.5,35204,cpu,7,53,63.25,0.05,0.941997
616,dueling_dqn,2,25.8044,9.42,35204,cpu,11,74,105.18,0.05,1.005004
617,dueling_dqn,2,25.8625,9.64,35204,cpu,13,105,126.79,0.05,0.44748
618,dueling_dqn,2,25.9049,9.68,35204,cpu,10,78,94.83,0.05,1.256915
619,dueling_dqn,2,25.9326,9.66,35204,cpu,11,51,103.11,0.05,1.191719
620,dueling_dqn,2,26.0058,9.86,35204,cpu,14,136,138.29,0.05,1.920521
621,dueling_dqn,2,26.1197,10.2,35204,cpu,21,210,209.32,0.05,1.687014
622,dueling_dqn,2,26.1895,10.34,35204,cpu,14,129,137.66,0.05,1.267111
623,dueling_dqn,2,26.2455,10.36,35204,cpu,12,103,116.5,0.05,1.082728
624,dueling_dqn,2,26.3257,10.22,35204,cpu,15,148,151.08,0.05,0.626824
625,dueling_dqn,2,26.3532,9.96,35204,cpu,5,50,43.16,0.05,0.640235
626,dueling_dqn,2,26.4136,10.18,35204,cpu,16,111,158.06,0.05,1.019081
627,dueling_dqn,2,26.4466,10.24,35204,cpu,8,61,74.28,0.05,0.53097
628,dueling_dqn,2,26.5206,10.32,35204,cpu,18,137,179.82,0.05,1.587107
629,dueling_dqn,2,26.588,10.48,35204,cpu,14,124,137.61,0.05,1.380927
630,dueling_dqn,2,26.7158,10.86,35204,cpu,25,236,251.3,0.05,0.859213
631,dueling_dqn,2,26.8017,11.06,35204,cpu,19,159,191.51,0.05,0.671522
632,dueling_dqn,2,26.841,11.06,35204,cpu,9,72,83.78,0.05,2.069985
633,dueling_dqn,2,26.8556,10.86,35204,cpu,3,27,21.87,0.05,1.8624
634,dueling_dqn,2,26.9081,10.72,35204,cpu,13,98,125.56,0.05,1.045507
635,dueling_dqn,2,26.9263,10.66,35204,cpu,4,34,32.61,0.05,1.743174
636,dueling_dqn,2,27.0054,10.86,35204,cpu,16,146,160.01,0.05,0.344744
637,dueling_dqn,2,27.0818,11.06,35204,cpu,21,140,208.42,0.05,0.609937
638,dueling_dqn,2,27.1423,10.88,35204,cpu,13,112,126.82,0.05,1.079296
639,dueling_dqn,2,27.2226,11.02,35204,cpu,18,149,178.9,0.05,1.537656
640,dueling_dqn,2,27.2862,11.28,35204,cpu,15,117,147.29,0.05,0.868204
641,dueling_dqn,2,27.3411,11.16,35204,cpu,12,100,116.03,0.05,0.193915
642,dueling_dqn,2,27.4056,11.14,35204,cpu,15,120,146.76,0.05,0.983461
643,dueling_dqn,2,27.4905,11.18,35204,cpu,15,158,150.98,0.05,1.45572
644,dueling_dqn,2,27.5187,11.04,35204,cpu,5,52,43.94,0.05,0.556784
645,dueling_dqn,2,27.5675,11.02,35204,cpu,13,90,124.84,0.05,1.102606
646,dueling_dqn,2,27.6136,11.16,35204,cpu,11,85,105.77,0.05,1.748489
647,dueling_dqn,2,27.6498,11.26,35204,cpu,10,67,94.04,0.05,1.216202
648,dueling_dqn,2,27.7043,11.54,35204,cpu,16,101,155.56,0.05,1.095566
649,dueling_dqn,2,27.7574,11.72,35204,cpu,12,99,116.74,0.05,0.781985
650,dueling_dqn,2,27.8201,11.68,35204,cpu,17,115,168.33,0.05,1.933035
651,dueling_dqn,2,27.9077,12.04,35204,cpu,20,162,199.89,0.05,1.499139
652,dueling_dqn,2,27.9981,12.14,35204,cpu,17,167,168.81,0.05,0.463682
653,dueling_dqn,2,28.01,12.0,35204,cpu,4,22,31.13,0.05,1.284464
654,dueling_dqn,2,28.0355,11.9,35204,cpu,8,47,72.82,0.05,0.748082
655,dueling_dqn,2,28.0903,12.1,35204,cpu,11,102,107.1,0.05,1.187918
656,dueling_dqn,2,28.1099,12.04,35204,cpu,3,37,22.17,0.05,1.387368
657,dueling_dqn,2,28.1391,11.94,35204,cpu,10,54,93.87,0.05,0.710461
658,dueling_dqn,2,28.166,11.84,35204,cpu,7,50,63.58,0.05,1.268222
659,dueling_dqn,2,28.1927,12.0,35204,cpu,8,49,72.6,0.05,1.228113
660,dueling_dqn,2,28.2737,12.18,35204,cpu,18,151,180.08,0.05,1.072232
661,dueling_dqn,2,28.3906,12.32,35204,cpu,23,216,232.28,0.05,1.231961
662,dueling_dqn,2,28.4402,12.54,35204,cpu,13,93,126.31,0.05,1.422036
663,dueling_dqn,2,28.4577,12.48,35204,cpu,6,32,51.85,0.05,1.238311
664,dueling_dqn,2,28.4637,12.4,35204,cpu,1,11,0.81,0.05,0.975621
665,dueling_dqn,2,28.541,12.62,35204,cpu,18,143,177.76,0.05,1.488047
666,dueling_dqn,2,28.6138,12.76,35204,cpu,18,134,178.75,0.05,1.987792
667,dueling_dqn,2,28.6745,12.76,35204,cpu,13,110,126.84,0.05,1.13349
668,dueling_dqn,2,28.7907,12.98,35204,cpu,21,206,212.96,0.05,1.59748
669,dueling_dqn,2,28.8299,12.92,35204,cpu,8,70,75.49,0.05,1.215572
670,dueling_dqn,2,28.885,12.9,35204,cpu,13,97,127.27,0.05,0.398331
671,dueling_dqn,2,28.9487,12.74,35204,cpu,13,113,128.11,0.05,0.684953
672,dueling_dqn,2,28.9682,12.54,35204,cpu,4,35,32.5,0.05,1.44305
673,dueling_dqn,2,28.9883,12.36,35204,cpu,3,36,21.28,0.05,0.787637
674,dueling_dqn,2,29.1373,12.58,35204,cpu,26,265,265.62,0.05,1.355034
675,dueling_dqn,2,29.1496,12.5,35204,cpu,1,22,1.8,0.05,0.902671
676,dueling_dqn,2,29.1827,12.36,35204,cpu,9,58,83.72,0.05,1.419184
677,dueling_dqn,2,29.2314,12.42,35204,cpu,11,87,106.55,0.05,0.6534
678,dueling_dqn,2,29.2403,12.1,35204,cpu,2,16,11.17,0.05,1.066983
679,dueling_dqn,2,29.2455,11.82,35204,cpu,0,9,-9.48,0.05,1.105689
680,dueling_dqn,2,29.3267,11.62,35204,cpu,15,144,149.52,0.05,0.527976
681,dueling_dqn,2,29.3375,11.26,35204,cpu,1,19,1.13,0.05,1.281395
682,dueling_dqn,2,29.4138,11.4,35204,cpu,16,135,159.22,0.05,1.26065
683,dueling_dqn,2,29.4609,11.5,35204,cpu,8,83,76.46,0.05,2.321701
684,dueling_dqn,2,29.5014,11.38,35204,cpu,7,72,64.16,0.05,0.621513
685,dueling_dqn,2,29.5394,11.44,35204,cpu,7,67,65.11,0.05,0.715003
686,dueling_dqn,2,29.5452,11.16,35204,cpu,2,10,10.63,0.05,0.60244
687,dueling_dqn,2,29.5896,10.94,35204,cpu,10,79,94.32,0.05,1.405778
688,dueling_dqn,2,29.6657,10.98,35204,cpu,15,135,145.91,0.05,0.435999
689,dueling_dqn,2,29.6914,10.76,35204,cpu,7,47,63.11,0.05,1.019009
690,dueling_dqn,2,29.7282,10.64,35204,cpu,9,67,84.53,0.05,0.791319
691,dueling_dqn,2,29.7804,10.68,35204,cpu,14,95,137.2,0.05,0.621884
692,dueling_dqn,2,29.8481,10.66,35204,cpu,14,123,138.12,0.05,1.312111
693,dueling_dqn,2,29.8836,10.58,35204,cpu,11,65,103.97,0.05,1.697119
694,dueling_dqn,2,29.9914,10.82,35204,cpu,17,198,170.6,0.05,0.917565
695,dueling_dqn,2,30.0982,11.02,35204,cpu,23,196,232.08,0.05,0.823419
696,dueling_dqn,2,30.1761,11.18,35204,cpu,19,143,190.47,0.05,0.703447
697,dueling_dqn,2,30.2078,11.1,35204,cpu,6,58,54.19,0.05,0.67382
698,dueling_dqn,2,30.2462,10.98,35204,cpu,10,71,94.4,0.05,1.023219
699,dueling_dqn,2,30.3192,11.06,35204,cpu,16,134,159.33,0.05,1.35972
700,dueling_dqn,2,30.3568,10.94,35204,cpu,11,69,104.73,0.05,1.26255
701,dueling_dqn,2,30.3732,10.62,35204,cpu,4,30,32.05,0.05,1.067074
702,dueling_dqn,2,30.4259,10.46,35204,cpu,9,96,87.14,0.05,1.019461
703,dueling_dqn,2,30.4542,10.52,35204,cpu,7,52,63.56,0.05,1.446353
704,dueling_dqn,2,30.4574,10.38,35204,cpu,1,6,0.36,0.05,0.772208
705,dueling_dqn,2,30.5134,10.42,35204,cpu,13,103,127.41,0.05,1.095834
706,dueling_dqn,2,30.5876,10.78,35204,cpu,21,136,209.86,0.05,1.246812
707,dueling_dqn,2,30.6796,11.02,35204,cpu,22,169,220.74,0.05,1.354519
708,dueling_dqn,2,30.7506,11.24,35204,cpu,18,131,177.88,0.05,1.028616
709,dueling_dqn,2,30.786,11.28,35204,cpu,10,65,94.66,0.05,1.526401
710,dueling_dqn,2,30.8089,11.06,35204,cpu,7,42,62.66,0.05,1.602561
711,dueling_dqn,2,30.891,10.92,35204,cpu,16,151,157.86,0.05,0.695088
712,dueling_dqn,2,30.9409,10.88,35204,cpu,11,92,106.6,0.05,1.039866
713,dueling_dqn,2,31.0191,11.12,35204,cpu,18,146,178.23,0.05,1.074816
714,dueling_dqn,2,31.0466,11.24,35204,cpu,7,51,62.87,0.05,0.856456
715,dueling_dqn,2,31.0634,10.92,35204,cpu,2,31,12.32,0.05,1.635143
716,dueling_dqn,2,31.0928,10.74,35204,cpu,9,54,83.36,0.05,1.375409
717,dueling_dqn,2,31.1003,10.5,35204,cpu,1,14,0.68,0.05,1.121622
718,dueling_dqn,2,31.1388,10.26,35204,cpu,9,71,84.89,0.05,1.197632
719,dueling_dqn,2,31.1864,10.36,35204,cpu,13,87,125.97,0.05,1.012706
720,dueling_dqn,2,31.263,10.46,35204,cpu,18,141,179.78,0.05,0.624081
721,dueling_dqn,2,31.4297,10.82,35204,cpu,31,308,316.04,0.05,1.455608
722,dueling_dqn,2,31.4712,10.98,35204,cpu,12,77,114.96,0.05,1.297398
723,dueling_dqn,2,31.55,11.22,35204,cpu,15,145,148.41,0.05,1.146606
724,dueling_dqn,2,31.5733,10.84,35204,cpu,7,43,62.95,0.05,0.334316
725,dueling_dqn,2,31.6512,11.18,35204,cpu,18,143,179.56,0.05,1.051631
726,dueling_dqn,2,31.728,11.28,35204,cpu,14,143,138.52,0.05,1.446764
727,dueling_dqn,2,31.7881,11.36,35204,cpu,15,111,147.95,0.05,1.266016
728,dueling_dqn,2,31.8555,11.62,35204,cpu,15,123,145.63,0.05,0.925743
729,dueling_dqn,2,31.8739,11.68,35204,cpu,3,34,22.5,0.05,1.099651
730,dueling_dqn,2,31.9032,11.54,35204,cpu,8,54,73.65,0.05,1.278716
731,dueling_dqn,2,31.9402,11.74,35204,cpu,11,68,104.44,0.05,0.844224
732,dueling_dqn,2,32.0273,11.78,35204,cpu,18,162,179.47,0.05,1.104119
733,dueling_dqn,2,32.0768,11.84,35204,cpu,11,92,106.2,0.05,1.021423
734,dueling_dqn,2,32.1466,12.06,35204,cpu,18,129,178.5,0.05,0.668691
735,dueling_dqn,2,32.1637,12.0,35204,cpu,4,31,32.34,0.05,1.360186
736,dueling_dqn,2,32.2395,12.3,35204,cpu,17,140,167.98,0.05,1.165191
737,dueling_dqn,2,32.3111,12.44,35204,cpu,17,131,168.97,0.05,0.441445
738,dueling_dqn,2,32.4221,12.62,35204,cpu,24,205,240.0,0.05,0.481594
739,dueling_dqn,2,32.441,12.58,35204,cpu,5,35,41.81,0.05,1.07157
740,dueling_dqn,2,32.5422,12.84,35204,cpu,22,187,219.76,0.05,2.555641
741,dueling_dqn,2,32.5758,12.7,35204,cpu,7,62,63.46,0.05,1.466033
742,dueling_dqn,2,32.6335,12.72,35204,cpu,15,107,147.59,0.05,2.070954
743,dueling_dqn,2,32.7293,12.92,35204,cpu,21,170,209.12,0.05,0.864088
744,dueling_dqn,2,32.804,12.98,35204,cpu,20,133,198.28,0.05,0.835474
745,dueling_dqn,2,32.8532,12.76,35204,cpu,12,87,116.26,0.05,0.953638
746,dueling_dqn,2,32.895,12.62,35204,cpu,12,74,115.29,0.05,1.147108
747,dueling_dqn,2,32.9844,12.9,35204,cpu,20,159,199.82,0.05,1.312059
748,dueling_dqn,2,33.0671,13.04,35204,cpu,17,146,168.52,0.05,1.123497
749,dueling_dqn,2,33.1066,12.92,35204,cpu,10,70,94.71,0.05,0.852544
750,dueling_dqn,2,33.2199,13.2,35204,cpu,25,200,250.86,0.05,0.718115
751,dueling_dqn,2,33.2852,13.42,35204,cpu,15,116,147.6,0.05,1.251506
752,dueling_dqn,2,33.3051,13.32,35204,cpu,4,35,32.1,0.05,0.381576
753,dueling_dqn,2,33.3259,13.28,35204,cpu,5,37,41.79,0.05,0.879409
754,dueling_dqn,2,33.3876,13.52,35204,cpu,13,109,125.75,0.05,1.125876
755,dueling_dqn,2,33.4273,13.48,35204,cpu,11,70,104.42,0.05,0.67815
756,dueling_dqn,2,33.5021,13.32,35204,cpu,13,132,126.82,0.05,1.341912
757,dueling_dqn,2,33.5816,13.18,35204,cpu,15,140,148.96,0.05,1.089579
758,dueling_dqn,2,33.6643,13.24,35204,cpu,21,145,208.67,0.05,0.698918
759,dueling_dqn,2,33.6699,13.06,35204,cpu,1,10,0.52,0.05,1.304534
760,dueling_dqn,2,33.7068,13.08,35204,cpu,8,68,73.91,0.05,1.552695
761,dueling_dqn,2,33.7491,12.96,35204,cpu,10,78,95.43,0.05,1.567909
762,dueling_dqn,2,33.8186,13.02,35204,cpu,14,127,138.88,0.05,1.635673
763,dueling_dqn,2,33.8386,12.78,35204,cpu,6,36,52.41,0.05,1.165231
764,dueling_dqn,2,33.8592,12.78,35204,cpu,7,38,62.1,0.05,0.867914
765,dueling_dqn,2,33.9089,12.94,35204,cpu,10,91,95.8,0.05,0.321014
766,dueling_dqn,2,33.961,13.06,35204,cpu,15,95,146.11,0.05,0.373095
767,dueling_dqn,2,33.9672,13.08,35204,cpu,2,11,10.72,0.05,1.15663
768,dueling_dqn,2,34.0797,13.34,35204,cpu,22,207,222.96,0.05,1.822934
769,dueling_dqn,2,34.1325,13.3,35204,cpu,11,98,105.54,0.05,1.053242
770,dueling_dqn,2,34.2147,13.26,35204,cpu,16,152,158.75,0.05,0.161538
771,dueling_dqn,2,34.2621,12.82,35204,cpu,9,87,85.33,0.05,1.754922
772,dueling_dqn,2,34.3157,12.84,35204,cpu,13,99,127.05,0.05,0.902471
773,dueling_dqn,2,34.373,12.84,35204,cpu,15,104,147.32,0.05,1.698791
774,dueling_dqn,2,34.3791,12.74,35204,cpu,2,11,10.72,0.05,0.902429
775,dueling_dqn,2,34.3925,12.48,35204,cpu,5,25,41.71,0.05,0.949679
776,dueling_dqn,2,34.4676,12.54,35204,cpu,17,138,169.6,0.05,1.559798
777,dueling_dqn,2,34.5761,12.7,35204,cpu,23,200,230.64,0.05,0.998295
778,dueling_dqn,2,34.6349,12.74,35204,cpu,17,109,167.39,0.05,1.020096
779,dueling_dqn,2,34.6513,12.8,35204,cpu,6,30,52.07,0.05,0.460334
780,dueling_dqn,2,34.7099,12.92,35204,cpu,14,108,136.37,0.05,1.354703
781,dueling_dqn,2,34.7574,12.96,35204,cpu,13,87,123.57,0.05,0.901139
782,dueling_dqn,2,34.7699,12.66,35204,cpu,3,23,21.71,0.05,0.481982
783,dueling_dqn,2,34.837,12.78,35204,cpu,17,122,168.56,0.05,0.927572
784,dueling_dqn,2,34.8758,12.62,35204,cpu,10,71,95.2,0.05,0.948419
785,dueling_dqn,2,34.9527,12.92,35204,cpu,19,141,188.29,0.05,0.960973
786,dueling_dqn,2,34.9635,12.62,35204,cpu,2,20,11.33,0.05,2.018381
787,dueling_dqn,2,35.0584,12.7,35204,cpu,21,176,212.46,0.05,0.948693
788,dueling_dqn,2,35.1027,12.5,35204,cpu,14,81,135.74,0.05,0.832339
789,dueling_dqn,2,35.133,12.56,35204,cpu,8,56,72.23,0.05,0.762101
790,dueling_dqn,2,35.1644,12.26,35204,cpu,7,58,64.5,0.05,0.466016
791,dueling_dqn,2,35.1995,12.34,35204,cpu,11,64,104.08,0.05,1.600104
792,dueling_dqn,2,35.2198,12.14,35204,cpu,5,37,42.79,0.05,0.936629
793,dueling_dqn,2,35.2791,12.06,35204,cpu,17,109,167.19,0.05,0.696346
794,dueling_dqn,2,35.298,11.74,35204,cpu,4,35,32.5,0.05,2.050742
795,dueling_dqn,2,35.3752,11.94,35204,cpu,22,141,218.02,0.05,1.892683
796,dueling_dqn,2,35.4161,11.92,35204,cpu,11,76,104.16,0.05,0.833004
797,dueling_dqn,2,35.4393,11.64,35204,cpu,6,43,53.04,0.05,1.196326
798,dueling_dqn,2,35.5024,11.62,35204,cpu,16,117,157.0,0.05,0.76857
799,dueling_dqn,2,35.5663,11.72,35204,cpu,15,118,147.98,0.05,1.082372
800,dueling_dqn,2,35.6474,11.52,35204,cpu,15,150,149.66,0.05,2.174432
801,dueling_dqn,2,35.6721,11.32,35204,cpu,5,45,43.11,0.05,0.933931
802,dueling_dqn,2,35.6862,11.32,35204,cpu,4,26,31.49,0.05,0.800228
803,dueling_dqn,2,35.7397,11.52,35204,cpu,15,98,146.98,0.05,0.439427
804,dueling_dqn,2,35.7489,11.3,35204,cpu,2,17,11.26,0.05,1.047176
805,dueling_dqn,2,35.8006,11.36,35204,cpu,14,95,137.0,0.05,0.690482
806,dueling_dqn,2,35.8851,11.46,35204,cpu,18,154,179.95,0.05,0.881619
807,dueling_dqn,2,35.9676,11.6,35204,cpu,22,154,220.19,0.05,0.180634
808,dueling_dqn,2,35.9752,11.22,35204,cpu,2,14,10.39,0.05,0.765028
809,dueling_dqn,2,35.9901,11.26,35204,cpu,3,28,22.16,0.05,0.968409
810,dueling_dqn,2,36.0396,11.34,35204,cpu,12,92,116.11,0.05,0.944958
811,dueling_dqn,2,36.0888,11.32,35204,cpu,9,91,86.09,0.05,1.510458
812,dueling_dqn,2,36.1312,11.22,35204,cpu,9,78,85.72,0.05,0.604168
813,dueling_dqn,2,36.1749,11.32,35204,cpu,11,80,105.72,0.05,0.980414
814,dueling_dqn,2,36.1921,11.24,35204,cpu,3,32,22.12,0.05,0.561212
815,dueling_dqn,2,36.204,11.12,35204,cpu,4,22,31.53,0.05,1.250586
816,dueling_dqn,2,36.244,11.08,35204,cpu,13,74,124.4,0.05,0.710693
817,dueling_dqn,2,36.2973,11.24,35204,cpu,10,99,96.72,0.05,1.452256
818,dueling_dqn,2,36.3421,10.96,35204,cpu,8,82,75.37,0.05,0.412025
819,dueling_dqn,2,36.386,11.0,35204,cpu,13,81,125.03,0.05,1.499606
820,dueling_dqn,2,36.44,10.94,35204,cpu,13,99,126.65,0.05,1.961642
821,dueling_dqn,2,36.5159,11.14,35204,cpu,19,140,188.6,0.05,0.562959
822,dueling_dqn,2,36.583,11.18,35204,cpu,15,124,148.92,0.05,1.327927
823,dueling_dqn,2,36.5901,10.94,35204,cpu,3,13,20.81,0.05,0.950642
824,dueling_dqn,2,36.6971,11.3,35204,cpu,20,194,202.17,0.05,1.479901
825,dueling_dqn,2,36.765,11.5,35204,cpu,15,120,148.16,0.05,0.640692
826,dueling_dqn,2,36.7925,11.3,35204,cpu,7,49,63.09,0.05,0.643453
827,dueling_dqn,2,36.802,10.86,35204,cpu,1,17,1.35,0.05,1.313183
828,dueling_dqn,2,36.8248,10.66,35204,cpu,7,40,62.88,0.05,1.421072
829,dueling_dqn,2,36.8979,10.78,35204,cpu,12,129,117.04,0.05,0.824884
830,dueling_dqn,2,36.9807,10.9,35204,cpu,20,146,198.85,0.05,0.921297
831,dueling_dqn,2,37.0049,10.78,35204,cpu,7,43,62.95,0.05,0.916414
832,dueling_dqn,2,37.0869,11.08,35204,cpu,18,145,180.74,0.05,0.39683
833,dueling_dqn,2,37.1651,11.04,35204,cpu,15,138,149.98,0.05,1.234286
834,dueling_dqn,2,37.1753,10.92,35204,cpu,4,18,30.57,0.05,1.579612
835,dueling_dqn,2,37.1907,10.58,35204,cpu,2,27,12.16,0.05,0.344097
836,dueling_dqn,2,37.2308,10.74,35204,cpu,10,71,92.8,0.05,2.337438
837,dueling_dqn,2,37.2967,10.66,35204,cpu,17,116,167.02,0.05,0.696227
838,dueling_dqn,2,37.3461,10.64,35204,cpu,13,87,126.37,0.05,1.103681
839,dueling_dqn,2,37.3574,10.52,35204,cpu,2,20,11.13,0.05,1.024579
840,dueling_dqn,2,37.3896,10.5,35204,cpu,6,56,53.61,0.05,1.722462
841,dueling_dqn,2,37.413,10.4,35204,cpu,6,41,52.26,0.05,1.349092
842,dueling_dqn,2,37.4216,10.34,35204,cpu,2,15,11.08,0.05,0.98929
843,dueling_dqn,2,37.4775,10.26,35204,cpu,13,99,125.25,0.05,1.895628
844,dueling_dqn,2,37.4915,10.28,35204,cpu,5,25,41.71,0.05,0.920858
845,dueling_dqn,2,37.5733,10.1,35204,cpu,13,144,129.3,0.05,1.02248
846,dueling_dqn,2,37.6294,10.14,35204,cpu,13,99,127.25,0.05,1.207951
847,dueling_dqn,2,37.6617,10.18,35204,cpu,8,57,74.12,0.05,1.202612
848,dueling_dqn,2,37.6984,9.98,35204,cpu,6,67,55.2,0.05,1.543007
849,dueling_dqn,2,37.7165,9.8,35204,cpu,6,33,51.94,0.05,1.023805
850,dueling_dqn,2,37.7421,9.62,35204,cpu,6,47,51.8,0.05,1.017925
851,dueling_dqn,2,37.8134,9.84,35204,cpu,16,129,158.48,0.05,0.397595
852,dueling_dqn,2,37.8386,9.86,35204,cpu,5,45,43.11,0.05,0.955681
853,dueling_dqn,2,37.8847,9.78,35204,cpu,11,85,105.37,0.05,1.185017
854,dueling_dqn,2,37.9712,10.14,35204,cpu,20,159,199.42,0.05,0.941981
855,dueling_dqn,2,38.0108,10.04,35204,cpu,9,73,84.67,0.05,1.089525
856,dueling_dqn,2,38.0583,9.94,35204,cpu,13,87,125.97,0.05,0.454444
857,dueling_dqn,2,38.1308,9.86,35204,cpu,18,134,179.15,0.05,1.68896
858,dueling_dqn,2,38.1985,10.2,35204,cpu,19,126,187.34,0.05,1.193114
859,dueling_dqn,2,38.2529,10.46,35204,cpu,16,100,156.07,0.05,0.478098
860,dueling_dqn,2,38.3295,10.62,35204,cpu,20,140,199.51,0.05,1.087059
861,dueling_dqn,2,38.3573,10.62,35204,cpu,9,50,83.4,0.05,0.9853
862,dueling_dqn,2,38.4298,10.76,35204,cpu,16,134,157.53,0.05,1.08472
863,dueling_dqn,2,38.4952,10.84,35204,cpu,15,121,148.45,0.05,2.02265
864,dueling_dqn,2,38.512,10.86,35204,cpu,4,31,32.14,0.05,0.727018
865,dueling_dqn,2,38.5684,11.04,35204,cpu,13,105,126.99,0.05,1.534096
866,dueling_dqn,2,38.669,11.2,35204,cpu,21,185,211.67,0.05,1.198842
867,dueling_dqn,2,38.7315,11.28,35204,cpu,14,116,138.69,0.05,1.295575
868,dueling_dqn,2,38.7751,11.32,35204,cpu,10,80,95.61,0.05,0.713163
869,dueling_dqn,2,38.8061,11.22,35204,cpu,8,57,73.72,0.05,0.877611
870,dueling_dqn,2,38.8418,11.08,35204,cpu,6,65,54.02,0.05,1.325886
871,dueling_dqn,2,38.9356,11.1,35204,cpu,20,172,201.99,0.05,1.451757
872,dueling_dqn,2,39.0121,11.14,35204,cpu,17,142,169.76,0.05,0.658261
873,dueling_dqn,2,39.0277,11.14,35204,cpu,3,29,21.85,0.05,0.600648
874,dueling_dqn,2,39.1834,11.4,35204,cpu,33,284,332.3,0.05,1.096626
875,dueling_dqn,2,39.2144,11.22,35204,cpu,6,57,54.3,0.05,1.868918
876,dueling_dqn,2,39.2694,11.34,35204,cpu,13,101,126.63,0.05,0.973391
877,dueling_dqn,2,39.3562,11.68,35204,cpu,18,158,177.11,0.05,1.649205
878,dueling_dqn,2,39.4235,11.78,35204,cpu,12,124,119.39,0.05,0.850881
879,dueling_dqn,2,39.4546,11.72,35204,cpu,9,57,84.03,0.05,1.425728
880,dueling_dqn,2,39.4771,11.42,35204,cpu,5,42,43.24,0.05,0.511658
881,dueling_dqn,2,39.5396,11.6,35204,cpu,16,116,156.11,0.05,0.615106
882,dueling_dqn,2,39.6273,11.68,35204,cpu,22,161,219.02,0.05,1.634755
883,dueling_dqn,2,39.6744,11.58,35204,cpu,10,87,95.64,0.05,1.164631
884,dueling_dqn,2,39.6826,11.56,35204,cpu,3,15,20.59,0.05,0.720383
885,dueling_dqn,2,39.8029,12.06,35204,cpu,27,221,274.57,0.05,0.90742
886,dueling_dqn,2,39.8469,12.02,35204,cpu,8,80,75.39,0.05,1.18548
887,dueling_dqn,2,39.9064,11.94,35204,cpu,13,110,126.44,0.05,1.600686
888,dueling_dqn,2,39.9606,11.92,35204,cpu,12,99,117.34,0.05,1.495842
889,dueling_dqn,2,40.0225,12.16,35204,cpu,14,114,138.31,0.05,1.659242
890,dueling_dqn,2,40.0595,12.2,35204,cpu,8,68,74.51,0.05,0.631678
891,dueling_dqn,2,40.0792,12.22,35204,cpu,7,36,61.92,0.05,0.429447
892,dueling_dqn,2,40.1268,12.42,35204,cpu,12,88,116.35,0.05,1.477995
893,dueling_dqn,2,40.1806,12.4,35204,cpu,12,99,117.34,0.05,0.90058
894,dueling_dqn,2,40.2081,12.44,35204,cpu,7,51,62.67,0.05,1.56343
895,dueling_dqn,2,40.3061,12.6,35204,cpu,21,181,211.51,0.05,0.823527
896,dueling_dqn,2,40.3616,12.62,35204,cpu,14,101,135.94,0.05,0.687925
897,dueling_dqn,2,40.4079,12.66,35204,cpu,10,85,95.06,0.05,0.641531
898,dueling_dqn,2,40.4312,12.68,35204,cpu,7,43,62.95,0.05,1.794301
899,dueling_dqn,2,40.4903,12.84,35204,cpu,14,110,137.55,0.05,0.802733
900,dueling_dqn,2,40.4988,12.76,35204,cpu,2,16,11.17,0.05,1.083319
901,dueling_dqn,2,40.6036,12.92,35204,cpu,24,193,242.32,0.05,1.352865
902,dueling_dqn,2,40.61,12.86,35204,cpu,2,12,10.61,0.05,0.911878
903,dueling_dqn,2,40.6364,12.82,35204,cpu,9,48,83.02,0.05,0.931522
904,dueling_dqn,2,40.7126,12.7,35204,cpu,14,136,139.89,0.05,1.553737
905,dueling_dqn,2,40.744,12.68,35204,cpu,8,56,72.83,0.05,1.161543
906,dueling_dqn,2,40.8184,12.74,35204,cpu,16,131,157.26,0.05,0.810253
907,dueling_dqn,2,40.8311,12.46,35204,cpu,4,22,31.13,0.05,1.335144
908,dueling_dqn,2,40.8703,12.24,35204,cpu,8,70,74.49,0.05,1.192914
909,dueling_dqn,2,40.9243,12.18,35204,cpu,13,96,126.38,0.05,1.772361
910,dueling_dqn,2,40.9582,11.94,35204,cpu,8,60,74.39,0.05,2.055503
911,dueling_dqn,2,40.9865,11.88,35204,cpu,6,50,52.87,0.05,1.419111
912,dueling_dqn,2,40.9936,11.6,35204,cpu,2,13,10.7,0.05,0.984586
913,dueling_dqn,2,41.0265,11.4,35204,cpu,5,59,44.37,0.05,0.826097
914,dueling_dqn,2,41.0975,11.62,35204,cpu,15,125,148.01,0.05,1.349379
915,dueling_dqn,2,41.1211,11.44,35204,cpu,4,42,32.93,0.05,2.237588
916,dueling_dqn,2,41.2041,11.44,35204,cpu,21,147,209.45,0.05,0.70682
917,dueling_dqn,2,41.2127,11.2,35204,cpu,2,15,10.68,0.05,0.411333
918,dueling_dqn,2,41.2416,11.16,35204,cpu,8,51,73.18,0.05,0.77139
919,dueling_dqn,2,41.3232,11.34,35204,cpu,17,145,168.63,0.05,1.534037
920,dueling_dqn,2,41.3668,11.42,35204,cpu,10,78,95.63,0.05,0.677278
921,dueling_dqn,2,41.3954,11.18,35204,cpu,8,50,73.49,0.05,1.359106
922,dueling_dqn,2,41.4269,11.0,35204,cpu,8,56,74.03,0.05,0.847168
923,dueling_dqn,2,41.4525,11.1,35204,cpu,8,45,72.64,0.05,0.45214
924,dueling_dqn,2,41.5353,10.8,35204,cpu,18,146,180.63,0.05,0.665656
925,dueling_dqn,2,41.6232,11.04,35204,cpu,18,155,180.84,0.05,1.308996
926,dueling_dqn,2,41.7077,11.16,35204,cpu,19,151,189.59,0.05,0.302786
927,dueling_dqn,2,41.7663,11.08,35204,cpu,14,108,135.77,0.05,1.549187
928,dueling_dqn,2,41.8221,11.2,35204,cpu,18,101,176.78,0.05,0.887233
929,dueling_dqn,2,41.8792,11.26,35204,cpu,12,101,117.32,0.05,1.315101
930,dueling_dqn,2,41.9006,11.28,35204,cpu,6,37,52.3,0.05,0.939105
931,dueling_dqn,2,41.968,11.28,35204,cpu,16,118,158.09,0.05,1.161797
932,dueling_dqn,2,41.9833,10.9,35204,cpu,3,27,21.87,0.05,1.858721
933,dueling_dqn,2,42.0654,11.06,35204,cpu,18,147,180.92,0.05,1.049605
934,dueling_dqn,2,42.1478,11.36,35204,cpu,18,147,180.52,0.05,1.259611
935,dueling_dqn,2,42.1676,10.86,35204,cpu,2,35,12.48,0.05,1.765648
936,dueling_dqn,2,42.2557,11.1,35204,cpu,20,152,200.99,0.05,0.812004
937,dueling_dqn,2,42.3027,11.08,35204,cpu,12,83,115.5,0.05,1.037562
938,dueling_dqn,2,42.407,11.26,35204,cpu,21,189,211.43,0.05,1.925125
939,dueling_dqn,2,42.4546,11.18,35204,cpu,10,87,96.64,0.05,0.633072
940,dueling_dqn,2,42.4633,11.06,35204,cpu,2,16,11.17,0.05,1.163334
941,dueling_dqn,2,42.5322,11.26,35204,cpu,17,125,169.23,0.05,0.952247
942,dueling_dqn,2,42.5752,11.16,35204,cpu,7,74,65.34,0.05,0.378709
943,dueling_dqn,2,42.6329,11.16,35204,cpu,12,95,116.58,0.05,1.188155
944,dueling_dqn,2,42.6835,11.22,35204,cpu,10,85,96.26,0.05,1.048308
945,dueling_dqn,2,42.7168,10.96,35204,cpu,8,56,73.83,0.05,0.924261
946,dueling_dqn,2,42.7998,11.0,35204,cpu,16,139,158.58,0.05,0.74076
947,dueling_dqn,2,42.8834,11.08,35204,cpu,14,140,137.65,0.05,1.465089
948,dueling_dqn,2,42.962,11.24,35204,cpu,15,137,147.89,0.05,1.25065
949,dueling_dqn,2,43.0011,11.2,35204,cpu,12,67,114.26,0.05,0.545281
950,dueling_dqn,2,43.041,11.32,35204,cpu,8,67,74.02,0.05,0.342571
951,dueling_dqn,2,43.0995,11.08,35204,cpu,12,96,116.47,0.05,1.784224
952,dueling_dqn,2,43.2133,11.44,35204,cpu,20,196,201.75,0.05,1.288903
953,dueling_dqn,2,43.2734,11.54,35204,cpu,14,103,136.72,0.05,1.106836
954,dueling_dqn,2,43.3021,11.4,35204,cpu,7,51,62.67,0.05,1.436567
955,dueling_dqn,2,43.3649,11.54,35204,cpu,15,113,147.53,0.05,1.16232
956,dueling_dqn,2,43.403,11.4,35204,cpu,9,69,85.31,0.05,1.256834
957,dueling_dqn,2,43.4219,11.4,35204,cpu,4,34,31.41,0.05,1.508581
958,dueling_dqn,2,43.538,11.64,35204,cpu,20,204,202.27,0.05,1.489268
959,dueling_dqn,2,43.5933,11.66,35204,cpu,14,93,136.02,0.05,0.697157
960,dueling_dqn,2,43.6404,11.72,35204,cpu,11,78,105.94,0.05,2.514508
961,dueling_dqn,2,43.6943,11.9,35204,cpu,15,91,146.15,0.05,1.316337
962,dueling_dqn,2,43.7476,12.04,35204,cpu,9,89,85.71,0.05,0.128947
963,dueling_dqn,2,43.7919,12.16,35204,cpu,11,79,106.03,0.05,0.944809
964,dueling_dqn,2,43.8524,12.12,35204,cpu,13,108,128.06,0.05,1.138775
965,dueling_dqn,2,43.9272,12.4,35204,cpu,18,134,177.35,0.05,0.177023
966,dueling_dqn,2,43.9709,12.14,35204,cpu,8,78,75.21,0.05,1.125376
967,dueling_dqn,2,43.9845,12.16,35204,cpu,3,25,21.69,0.05,1.33071
968,dueling_dqn,2,44.0201,12.18,35204,cpu,9,66,84.84,0.05,0.792713
969,dueling_dqn,2,44.0288,11.88,35204,cpu,2,16,11.17,0.05,3.172031
970,dueling_dqn,2,44.0407,11.72,35204,cpu,2,22,11.71,0.05,0.918582
971,dueling_dqn,2,44.1187,11.9,35204,cpu,17,142,169.36,0.05,1.414859
972,dueling_dqn,2,44.1274,11.78,35204,cpu,2,16,10.97,0.05,0.631132
973,dueling_dqn,2,44.1732,11.82,35204,cpu,10,83,94.28,0.05,1.116674
974,dueling_dqn,2,44.1975,11.58,35204,cpu,6,42,53.15,0.05,1.39614
975,dueling_dqn,2,44.2421,11.38,35204,cpu,8,74,75.45,0.05,1.90246
976,dueling_dqn,2,44.2957,11.22,35204,cpu,11,89,106.53,0.05,1.568389
977,dueling_dqn,2,44.3389,11.16,35204,cpu,11,74,104.58,0.05,1.571789
978,dueling_dqn,2,44.3493,10.84,35204,cpu,2,18,11.15,0.05,0.837353
979,dueling_dqn,2,44.3637,10.66,35204,cpu,3,25,20.89,0.05,0.592326
980,dueling_dqn,2,44.4403,10.88,35204,cpu,17,132,166.86,0.05,1.372505
981,dueling_dqn,2,44.5481,11.04,35204,cpu,24,190,244.05,0.05,0.731759
982,dueling_dqn,2,44.5946,11.18,35204,cpu,10,83,96.08,0.05,0.906538
983,dueling_dqn,2,44.6461,11.02,35204,cpu,10,92,96.29,0.05,1.09158
984,dueling_dqn,2,44.704,10.9,35204,cpu,12,101,115.72,0.05,1.182869
985,dueling_dqn,2,44.7169,10.9,35204,cpu,2,22,11.51,0.05,1.370203
986,dueling_dqn,2,44.7706,10.76,35204,cpu,13,94,125.2,0.05,0.632485
987,dueling_dqn,2,44.8784,11.0,35204,cpu,24,183,241.82,0.05,1.088155
988,dueling_dqn,2,44.9118,10.76,35204,cpu,9,55,84.05,0.05,1.266765
989,dueling_dqn,2,45.0023,10.88,35204,cpu,16,153,158.64,0.05,1.426569
990,dueling_dqn,2,45.0841,11.16,35204,cpu,16,139,156.78,0.05,1.312703
991,dueling_dqn,2,45.2068,11.3,35204,cpu,24,181,243.44,0.05,0.514488
992,dueling_dqn,2,45.3151,11.58,35204,cpu,21,188,212.54,0.05,1.8794
993,dueling_dqn,2,45.4213,11.66,35204,cpu,16,187,162.9,0.05,0.855541
994,dueling_dqn,2,45.452,11.58,35204,cpu,6,55,54.12,0.05,1.61392
995,dueling_dqn,2,45.5138,11.64,35204,cpu,11,110,106.62,0.05,0.627537
996,dueling_dqn,2,45.5732,11.56,35204,cpu,12,104,117.19,0.05,1.074373
997,dueling_dqn,2,45.5849,11.32,35204,cpu,2,21,11.22,0.05,1.576187
998,dueling_dqn,2,45.6038,11.1,35204,cpu,4,34,32.41,0.05,0.403494
999,dueling_dqn,2,45.6411,11.08,35204,cpu,11,66,104.26,0.05,0.950529
1000,dueling_dqn,2,45.7666,11.48,35204,cpu,28,225,280.84,0.05,1.957821
1001,dueling_dqn,2,45.8653,11.66,35204,cpu,21,175,211.57,0.05,0.857945
1002,dueling_dqn,2,45.9263,11.58,35204,cpu,16,113,157.64,0.05,0.904116
1003,dueling_dqn,2,45.982,11.56,35204,cpu,13,103,127.41,0.05,1.066304
1004,dueling_dqn,2,46.0827,11.86,35204,cpu,22,184,222.69,0.05,1.187132
1005,dueling_dqn,2,46.151,11.92,35204,cpu,18,124,178.65,0.05,1.31553
1006,dueling_dqn,2,46.184,11.88,35204,cpu,7,60,64.48,0.05,1.27619
1007,dueling_dqn,2,46.2583,12.12,35204,cpu,16,130,157.57,0.05,1.104578
1008,dueling_dqn,2,46.3596,12.08,35204,cpu,18,165,181.14,0.05,1.65369
1009,dueling_dqn,2,46.4667,12.28,35204,cpu,24,182,241.73,0.05,1.272352
1010,dueling_dqn,2,46.5314,12.38,35204,cpu,16,115,158.62,0.05,1.342838
1011,dueling_dqn,2,46.566,12.24,35204,cpu,8,61,73.88,0.05,1.057159
1012,dueling_dqn,2,46.6498,12.38,35204,cpu,16,148,159.79,0.05,1.716084
1013,dueling_dqn,2,46.6723,12.3,35204,cpu,7,39,62.59,0.05,1.439641
1014,dueling_dqn,2,46.6865,12.08,35204,cpu,2,25,11.58,0.05,1.075821
1015,dueling_dqn,2,46.8273,12.26,35204,cpu,27,246,277.22,0.05,1.481524
1016,dueling_dqn,2,46.9322,12.64,35204,cpu,27,188,272.6,0.05,1.379052
1017,dueling_dqn,2,46.9434,12.66,35204,cpu,4,20,30.95,0.05,1.634121
1018,dueling_dqn,2,46.9596,12.54,35204,cpu,3,28,22.16,0.05,0.8588
1019,dueling_dqn,2,47.0202,12.8,35204,cpu,15,107,146.19,0.05,0.663292
1020,dueling_dqn,2,47.0383,12.86,35204,cpu,5,32,41.74,0.05,1.143523
1021,dueling_dqn,2,47.1004,12.78,35204,cpu,13,109,124.35,0.05,0.390752
1022,dueling_dqn,2,47.1323,12.92,35204,cpu,9,56,83.74,0.05,0.735399
1023,dueling_dqn,2,47.2183,13.08,35204,cpu,18,150,180.19,0.05,0.791402
1024,dueling_dqn,2,47.2675,13.2,35204,cpu,12,89,116.44,0.05,0.970428
1025,dueling_dqn,2,47.3091,13.26,35204,cpu,11,75,105.27,0.05,1.013417
1026,dueling_dqn,2,47.3469,13.22,35204,cpu,9,69,85.31,0.05,1.314563
1027,dueling_dqn,2,47.4177,13.3,35204,cpu,15,124,148.32,0.05,0.55743
1028,dueling_dqn,2,47.4714,13.5,35204,cpu,12,83,115.1,0.05,2.054029
1029,dueling_dqn,2,47.505,13.52,35204,cpu,4,52,33.43,0.05,1.355593
1030,dueling_dqn,2,47.5353,13.32,35204,cpu,7,49,63.49,0.05,0.828406
1031,dueling_dqn,2,47.6563,13.1,35204,cpu,13,165,129.79,0.05,0.843544
1032,dueling_dqn,2,47.7425,13.14,35204,cpu,12,127,118.66,0.05,0.989654
1033,dueling_dqn,2,47.7609,13.02,35204,cpu,4,29,32.16,0.05,1.453711
1034,dueling_dqn,2,47.8126,13.04,35204,cpu,13,79,125.25,0.05,1.392621
1035,dueling_dqn,2,47.8818,13.24,35204,cpu,12,116,118.07,0.05,1.067025
1036,dueling_dqn,2,47.8921,13.02,35204,cpu,2,18,11.35,0.05,1.521264
1037,dueling_dqn,2,48.0264,13.12,35204,cpu,29,231,291.09,0.05,0.793517
1038,dueling_dqn,2,48.0321,12.98,35204,cpu,2,10,10.43,0.05,0.963916
1039,dueling_dqn,2,48.0574,12.8,35204,cpu,7,45,63.13,0.05,0.889642
1040,dueling_dqn,2,48.1624,12.88,35204,cpu,20,182,201.09,0.05,1.04082
1041,dueling_dqn,2,48.2164,12.6,35204,cpu,10,96,94.65,0.05,1.464655
1042,dueling_dqn,2,48.2407,12.28,35204,cpu,5,44,43.02,0.05,1.472305
1043,dueling_dqn,2,48.3311,12.32,35204,cpu,18,164,180.45,0.05,2.271058
1044,dueling_dqn,2,48.3527,12.3,35204,cpu,5,39,42.57,0.05,1.138608
1045,dueling_dqn,2,48.4097,12.38,35204,cpu,15,104,147.32,0.05,1.190363
1046,dueling_dqn,2,48.4347,12.28,35204,cpu,7,45,62.53,0.05,1.668858
1047,dueling_dqn,2,48.4436,12.3,35204,cpu,3,16,21.08,0.05,0.792161
1048,dueling_dqn,2,48.481,12.4,35204,cpu,9,68,84.62,0.05,0.849416
1049,dueling_dqn,2,48.4952,12.22,35204,cpu,2,26,11.67,0.05,1.077372
1050,dueling_dqn,2,48.5085,11.72,35204,cpu,3,24,21.8,0.05,1.089716
1051,dueling_dqn,2,48.5649,11.62,35204,cpu,16,102,156.85,0.05,1.547766
1052,dueling_dqn,2,48.6087,11.44,35204,cpu,7,77,65.61,0.05,0.981354
1053,dueling_dqn,2,48.6448,11.34,35204,cpu,8,61,74.08,0.05,1.348701
1054,dueling_dqn,2,48.7593,11.32,35204,cpu,21,190,210.12,0.05,0.80173
1055,dueling_dqn,2,48.7998,11.14,35204,cpu,9,70,84.2,0.05,0.667547
1056,dueling_dqn,2,48.8536,11.26,35204,cpu,13,93,126.11,0.05,0.479812
1057,dueling_dqn,2,48.8672,11.0,35204,cpu,3,24,21.6,0.05,0.885299
1058,dueling_dqn,2,48.8763,10.7,35204,cpu,3,16,21.08,0.05,1.136886
1059,dueling_dqn,2,48.9089,10.38,35204,cpu,8,57,73.12,0.05,1.442745
1060,dueling_dqn,2,48.9318,10.18,35204,cpu,6,40,52.97,0.05,1.404736
1061,dueling_dqn,2,49.0406,10.42,35204,cpu,20,185,201.16,0.05,0.632622
1062,dueling_dqn,2,49.0822,10.32,35204,cpu,11,71,103.31,0.05,1.890444
1063,dueling_dqn,2,49.1282,10.38,35204,cpu,10,79,95.72,0.05,0.822166
1064,dueling_dqn,2,49.1768,10.54,35204,cpu,10,84,95.97,0.05,1.33268
1065,dueling_dqn,2,49.2743,10.48,35204,cpu,24,166,240.89,0.05,0.592728
1066,dueling_dqn,2,49.3519,10.22,35204,cpu,14,135,137.6,0.05,1.070164
1067,dueling_dqn,2,49.4137,10.46,35204,cpu,16,104,157.03,0.05,1.010121
1068,dueling_dqn,2,49.5033,10.84,35204,cpu,22,151,219.92,0.05,0.987086
1069,dueling_dqn,2,49.5199,10.64,35204,cpu,5,28,41.98,0.05,0.74775
1070,dueling_dqn,2,49.5571,10.7,35204,cpu,8,63,74.46,0.05,1.913117
1071,dueling_dqn,2,49.5941,10.58,35204,cpu,7,63,64.55,0.05,1.952893
1072,dueling_dqn,2,49.7037,10.82,35204,cpu,21,191,212.01,0.05,0.683863
1073,dueling_dqn,2,49.7366,10.6,35204,cpu,7,58,63.1,0.05,1.022796
1074,dueling_dqn,2,49.8194,10.76,35204,cpu,20,145,198.16,0.05,0.70758
1075,dueling_dqn,2,49.8709,10.8,35204,cpu,13,90,125.84,0.05,1.069587
1076,dueling_dqn,2,49.898,10.78,35204,cpu,8,49,73.6,0.05,1.073716
1077,dueling_dqn,2,49.9652,10.76,35204,cpu,14,123,137.12,0.05,0.681716
1078,dueling_dqn,2,49.9809,10.62,35204,cpu,5,29,41.67,0.05,1.590235
1079,dueling_dqn,2,50.0733,10.88,35204,cpu,17,167,169.61,0.05,0.790371
1080,dueling_dqn,2,50.1095,10.96,35204,cpu,11,65,104.57,0.05,1.153939
1081,dueling_dqn,2,50.2087,11.12,35204,cpu,21,176,210.66,0.05,1.398438
1082,dueling_dqn,2,50.2874,11.24,35204,cpu,18,136,180.13,0.05,2.248622
1083,dueling_dqn,2,50.3451,11.5,35204,cpu,17,98,166.0,0.05,1.242318
1084,dueling_dqn,2,50.3507,11.26,35204,cpu,1,10,0.52,0.05,1.042078
1085,dueling_dqn,2,50.4092,11.32,35204,cpu,15,103,147.03,0.05,1.160668
1086,dueling_dqn,2,50.4398,11.42,35204,cpu,7,56,63.72,0.05,1.547249
1087,dueling_dqn,2,50.4801,11.02,35204,cpu,9,74,83.56,0.05,0.799567
1088,dueling_dqn,2,50.534,11.26,35204,cpu,14,99,134.96,0.05,0.528258
1089,dueling_dqn,2,50.547,11.2,35204,cpu,4,24,31.51,0.05,0.716627
1090,dueling_dqn,2,50.5508,10.8,35204,cpu,0,7,-9.46,0.05,0.671474
1091,dueling_dqn,2,50.5536,10.6,35204,cpu,0,5,-9.64,0.05,1.619269
1092,dueling_dqn,2,50.6324,10.86,35204,cpu,18,142,178.47,0.05,0.937356
1093,dueling_dqn,2,50.6953,10.76,35204,cpu,13,112,127.42,0.05,0.929462
1094,dueling_dqn,2,50.7703,10.98,35204,cpu,16,128,156.99,0.05,1.756587
1095,dueling_dqn,2,50.8054,10.82,35204,cpu,7,60,64.08,0.05,0.791493
1096,dueling_dqn,2,50.8544,10.86,35204,cpu,9,85,86.15,0.05,1.262505
1097,dueling_dqn,2,50.889,10.96,35204,cpu,8,61,74.28,0.05,1.884388
1098,dueling_dqn,2,50.9125,10.92,35204,cpu,7,41,62.77,0.05,1.774267
1099,dueling_dqn,2,50.9609,11.06,35204,cpu,9,83,85.97,0.05,0.787731
1100,dueling_dqn,2,50.9779,11.1,35204,cpu,5,29,41.07,0.05,0.993338
1101,dueling_dqn,2,51.0366,11.02,35204,cpu,12,103,116.1,0.05,2.181265
1102,dueling_dqn,2,51.1344,11.28,35204,cpu,20,172,200.99,0.05,0.798931
1103,dueling_dqn,2,51.1783,11.36,35204,cpu,12,79,114.74,0.05,0.740931
1104,dueling_dqn,2,51.2682,11.3,35204,cpu,18,160,179.49,0.05,1.1838
1105,dueling_dqn,2,51.348,11.42,35204,cpu,15,140,148.96,0.05,0.998538
1106,dueling_dqn,2,51.388,11.34,35204,cpu,9,72,84.58,0.05,1.128277
1107,dueling_dqn,2,51.4035,11.34,35204,cpu,3,28,21.16,0.05,0.755819
1108,dueling_dqn,2,51.4203,11.34,35204,cpu,3,31,21.63,0.05,1.313398
1109,dueling_dqn,2,51.4287,11.24,35204,cpu,3,15,20.59,0.05,0.875921
1110,dueling_dqn,2,51.4432,11.18,35204,cpu,3,26,21.38,0.05,1.136374
1111,dueling_dqn,2,51.4867,11.02,35204,cpu,12,79,115.14,0.05,0.868954
1112,dueling_dqn,2,51.5,10.88,35204,cpu,4,24,31.51,0.05,1.083841
1113,dueling_dqn,2,51.5139,10.76,35204,cpu,4,25,31.6,0.05,1.374039
1114,dueling_dqn,2,51.55,10.78,35204,cpu,11,65,103.37,0.05,0.904391
1115,dueling_dqn,2,51.567,10.38,35204,cpu,4,30,31.65,0.05,1.030203
1116,dueling_dqn,2,51.6132,10.34,35204,cpu,12,83,113.7,0.05,1.065457
1117,dueling_dqn,2,51.6713,10.28,35204,cpu,13,103,125.21,0.05,0.407739
1118,dueling_dqn,2,51.7482,10.16,35204,cpu,16,135,159.02,0.05,1.171528
1119,dueling_dqn,2,51.8113,10.28,35204,cpu,11,111,106.11,0.05,0.590423
1120,dueling_dqn,2,51.8378,10.26,35204,cpu,7,46,62.62,0.05,1.227576
1121,dueling_dqn,2,51.8918,10.36,35204,cpu,12,95,116.18,0.05,1.160656
1122,dueling_dqn,2,51.9506,10.2,35204,cpu,13,105,127.19,0.05,0.964919
1123,dueling_dqn,2,51.9739,10.18,35204,cpu,6,41,53.06,0.05,0.444647
1124,dueling_dqn,2,52.0411,10.08,35204,cpu,15,120,147.76,0.05,1.585532
1125,dueling_dqn,2,52.0892,10.02,35204,cpu,10,85,95.86,0.05,0.629841
1126,dueling_dqn,2,52.1145,9.96,35204,cpu,5,43,43.13,0.05,2.026039
1127,dueling_dqn,2,52.203,10.02,35204,cpu,17,155,169.73,0.05,1.50299
1128,dueling_dqn,2,52.2597,10.22,35204,cpu,15,100,145.96,0.05,1.094684
1129,dueling_dqn,2,52.2671,9.92,35204,cpu,2,13,10.9,0.05,1.180427
1130,dueling_dqn,2,52.3173,9.9,35204,cpu,10,86,95.35,0.05,1.233188
1131,dueling_dqn,2,52.4006,9.78,35204,cpu,15,148,149.88,0.05,0.998268
1132,dueling_dqn,2,52.4676,9.72,35204,cpu,15,118,147.38,0.05,0.763096
1133,dueling_dqn,2,52.491,9.44,35204,cpu,3,41,23.33,0.05,1.432066
1134,dueling_dqn,2,52.5367,9.66,35204,cpu,12,81,115.92,0.05,0.753381
1135,dueling_dqn,2,52.583,9.6,35204,cpu,12,82,116.21,0.05,0.573634
1136,dueling_dqn,2,52.646,9.6,35204,cpu,7,111,66.27,0.05,1.035569
1137,dueling_dqn,2,52.7904,10.08,35204,cpu,33,249,335.15,0.05,1.053579
1138,dueling_dqn,2,52.8338,10.02,35204,cpu,11,75,103.67,0.05,1.366499
1139,dueling_dqn,2,52.8782,10.12,35204,cpu,9,76,85.14,0.05,1.185146
1140,dueling_dqn,2,52.9692,10.52,35204,cpu,20,157,201.04,0.05,1.580315
1141,dueling_dqn,2,52.993,10.62,35204,cpu,5,41,42.75,0.05,1.129771
1142,dueling_dqn,2,53.0507,10.48,35204,cpu,11,99,105.43,0.05,1.114022
1143,dueling_dqn,2,53.1331,10.58,35204,cpu,18,141,178.18,0.05,0.679551
1144,dueling_dqn,2,53.1523,10.36,35204,cpu,5,33,42.23,0.05,1.074601
1145,dueling_dqn,2,53.2114,10.48,35204,cpu,13,101,126.83,0.05,0.392494
1146,dueling_dqn,2,53.2506,10.46,35204,cpu,8,67,74.62,0.05,0.8142
1147,dueling_dqn,2,53.2825,10.42,35204,cpu,6,55,53.52,0.05,0.72555
1148,dueling_dqn,2,53.3262,10.48,35204,cpu,10,75,95.56,0.05,0.713235
1149,dueling_dqn,2,53.4116,10.62,35204,cpu,16,146,159.41,0.05,1.153026
1150,dueling_dqn,2,53.4186,10.54,35204,cpu,1,12,0.9,0.05,0.863049
1151,dueling_dqn,2,53.6175,10.96,35204,cpu,33,342,339.32,0.05,1.283654
1152,dueling_dqn,2,53.656,10.72,35204,cpu,8,66,74.53,0.05,0.552572
1153,dueling_dqn,2,53.6982,10.7,35204,cpu,11,73,104.89,0.05,1.083672
1154,dueling_dqn,2,53.708,10.38,35204,cpu,2,17,11.26,0.05,0.701696
1155,dueling_dqn,2,53.8212,10.5,35204,cpu,21,198,211.64,0.05,0.401507
1156,dueling_dqn,2,53.8346,10.38,35204,cpu,3,23,21.51,0.05,1.281062
1157,dueling_dqn,2,53.9258,10.68,35204,cpu,18,157,178.22,0.05,2.047142
1158,dueling_dqn,2,54.0057,10.92,35204,cpu,15,139,148.87,0.05,0.527912
1159,dueling_dqn,2,54.0229,10.9,35204,cpu,2,30,12.23,0.05,2.682553
1160,dueling_dqn,2,54.0591,11.02,35204,cpu,9,63,83.57,0.05,0.955031
1161,dueling_dqn,2,54.1165,11.02,35204,cpu,12,98,117.05,0.05,0.605612
1162,dueling_dqn,2,54.1961,11.3,35204,cpu,18,140,177.69,0.05,1.435861
1163,dueling_dqn,2,54.2233,11.4,35204,cpu,9,48,82.82,0.05,0.580959
1164,dueling_dqn,2,54.2738,11.3,35204,cpu,6,89,55.38,0.05,0.759281
1165,dueling_dqn,2,54.3014,11.42,35204,cpu,10,48,93.13,0.05,1.814486
1166,dueling_dqn,2,54.3872,11.5,35204,cpu,16,148,158.79,0.05,2.163476
1167,dueling_dqn,2,54.4164,11.38,35204,cpu,7,51,63.67,0.05,1.545292
1168,dueling_dqn,2,54.4767,11.36,35204,cpu,15,105,146.81,0.05,0.823777
1169,dueling_dqn,2,54.5249,11.32,35204,cpu,9,85,85.75,0.05,1.10045
1170,dueling_dqn,2,54.5908,11.5,35204,cpu,16,118,157.49,0.05,0.865734
1171,dueling_dqn,2,54.6143,11.36,35204,cpu,5,42,43.24,0.05,0.699237
1172,dueling_dqn,2,54.6755,11.46,35204,cpu,18,108,177.21,0.05,0.814932
1173,dueling_dqn,2,54.7062,11.46,35204,cpu,6,55,53.72,0.05,1.267527
1174,dueling_dqn,2,54.7654,11.42,35204,cpu,13,104,126.7,0.05,1.204642
1175,dueling_dqn,2,54.8197,11.38,35204,cpu,8,80,74.39,0.05,0.837902
1176,dueling_dqn,2,54.912,11.5,35204,cpu,11,69,105.13,0.05,1.198345
1177,dueling_dqn,2,55.0161,11.4,35204,cpu,12,89,116.04,0.05,1.68858
1178,dueling_dqn,2,55.0689,11.3,35204,cpu,10,80,96.21,0.05,0.958014
1179,dueling_dqn,2,55.2028,11.62,35204,cpu,18,224,181.65,0.05,1.209145
1180,dueling_dqn,2,55.2637,11.68,35204,cpu,13,110,127.24,0.05,1.302682
1181,dueling_dqn,2,55.2703,11.44,35204,cpu,3,12,20.72,0.05,1.785074
1182,dueling_dqn,2,55.3473,11.54,35204,cpu,20,137,199.44,0.05,1.24939
1183,dueling_dqn,2,55.4368,11.92,35204,cpu,22,158,220.55,0.05,2.005798
1184,dueling_dqn,2,55.4828,11.94,35204,cpu,13,82,124.92,0.05,1.452931
1185,dueling_dqn,2,55.5315,11.96,35204,cpu,13,87,125.77,0.05,0.672616
1186,dueling_dqn,2,55.6164,12.16,35204,cpu,17,154,170.84,0.05,1.003773
1187,dueling_dqn,2,55.6589,11.7,35204,cpu,10,78,93.83,0.05,1.396446
1188,dueling_dqn,2,55.7169,11.76,35204,cpu,14,105,136.9,0.05,1.042121
1189,dueling_dqn,2,55.7698,11.82,35204,cpu,12,96,116.67,0.05,0.572296
1190,dueling_dqn,2,55.8137,11.64,35204,cpu,11,79,106.03,0.05,1.207311
1191,dueling_dqn,2,55.8951,11.92,35204,cpu,19,148,190.72,0.05,1.554186
1192,dueling_dqn,2,55.9221,11.88,35204,cpu,9,49,83.31,0.05,1.267882
1193,dueling_dqn,2,55.9734,11.78,35204,cpu,13,92,126.02,0.05,1.053727
1194,dueling_dqn,2,56.1157,12.12,35204,cpu,22,212,225.21,0.05,1.839108
1195,dueling_dqn,2,56.1733,12.16,35204,cpu,15,92,145.24,0.05,1.282539
1196,dueling_dqn,2,56.2474,12.3,35204,cpu,15,119,147.87,0.05,1.034532
1197,dueling_dqn,2,56.3371,12.54,35204,cpu,18,143,179.76,0.05,1.071125
1198,dueling_dqn,2,56.399,12.6,35204,cpu,13,100,125.54,0.05,0.897722
1199,dueling_dqn,2,56.4463,12.48,35204,cpu,10,76,95.05,0.05,0.984059
1200,dueling_dqn,2,56.4723,12.56,35204,cpu,5,41,43.15,0.05,1.572921
1201,dueling_dqn,2,56.5538,12.28,35204,cpu,19,135,189.15,0.05,0.711566
1202,dueling_dqn,2,56.561,12.14,35204,cpu,1,12,0.9,0.05,0.797631
1203,dueling_dqn,2,56.6672,12.28,35204,cpu,18,163,178.36,0.05,1.320027
1204,dueling_dqn,2,56.7726,12.66,35204,cpu,21,168,211.94,0.05,1.066599
1205,dueling_dqn,2,56.8147,12.44,35204,cpu,10,70,94.71,0.05,1.322834
1206,dueling_dqn,2,56.8831,12.68,35204,cpu,15,110,147.66,0.05,1.121691
1207,dueling_dqn,2,56.9623,12.64,35204,cpu,16,116,158.11,0.05,0.949811
1208,dueling_dqn,2,57.0664,12.72,35204,cpu,19,174,189.26,0.05,1.281222
1209,dueling_dqn,2,57.1172,12.92,35204,cpu,12,86,115.57,0.05,0.936816
1210,dueling_dqn,2,57.1478,12.86,35204,cpu,6,52,53.65,0.05,0.790813
1211,dueling_dqn,2,57.1911,12.84,35204,cpu,11,75,105.27,0.05,1.796514
1212,dueling_dqn,2,57.2558,12.78,35204,cpu,15,114,146.82,0.05,1.294451
1213,dueling_dqn,2,57.2834,12.76,35204,cpu,8,49,73.6,0.05,1.063935
1214,dueling_dqn,2,57.3301,12.88,35204,cpu,12,82,114.81,0.05,0.501629
1215,dueling_dqn,2,57.3328,12.7,35204,cpu,1,5,0.27,0.05,1.264021
1216,dueling_dqn,2,57.3528,12.44,35204,cpu,3,35,22.39,0.05,1.063339
1217,dueling_dqn,2,57.453,12.72,35204,cpu,21,173,210.19,0.05,0.838331
1218,dueling_dqn,2,57.532,12.74,35204,cpu,16,136,159.51,0.05,1.230941
1219,dueling_dqn,2,57.5912,12.8,35204,cpu,12,102,117.61,0.05,1.697732
1220,dueling_dqn,2,57.6502,12.72,35204,cpu,12,101,115.52,0.05,1.529647
1221,dueling_dqn,2,57.673,12.7,35204,cpu,4,38,32.57,0.05,1.029045
1222,dueling_dqn,2,57.7495,12.62,35204,cpu,14,134,138.31,0.05,1.018753
1223,dueling_dqn,2,57.8167,12.86,35204,cpu,18,119,177.8,0.05,0.802703
1224,dueling_dqn,2,57.9169,13.06,35204,cpu,23,176,232.28,0.05,1.06508
1225,dueling_dqn,2,57.965,13.06,35204,cpu,8,85,76.04,0.05,0.851533
1226,dueling_dqn,2,58.0498,13.16,35204,cpu,16,151,160.06,0.05,0.766227
1227,dueling_dqn,2,58.0577,12.94,35204,cpu,1,14,1.08,0.05,1.403452
1228,dueling_dqn,2,58.0972,12.9,35204,cpu,8,70,75.09,0.05,1.06636
1229,dueling_dqn,2,58.1802,12.86,35204,cpu,16,147,158.9,0.05,0.974108
1230,dueling_dqn,2,58.1939,12.64,35204,cpu,2,24,11.89,0.05,2.228343
1231,dueling_dqn,2,58.2026,12.62,35204,cpu,2,15,11.08,0.05,0.850691
1232,dueling_dqn,2,58.26,12.46,35204,cpu,12,101,117.52,0.05,0.722988
1233,dueling_dqn,2,58.3814,12.5,35204,cpu,24,216,241.59,0.05,1.630527
1234,dueling_dqn,2,58.4532,12.6,35204,cpu,18,125,178.74,0.05,1.03027
1235,dueling_dqn,2,58.4999,12.56,35204,cpu,11,83,105.99,0.05,0.934482
1236,dueling_dqn,2,58.5513,12.48,35204,cpu,13,90,126.24,0.05,0.944398
1237,dueling_dqn,2,58.6176,12.56,35204,cpu,14,118,138.47,0.05,0.828305
1238,dueling_dqn,2,58.7163,12.64,35204,cpu,18,173,180.66,0.05,0.707539
1239,dueling_dqn,2,58.7553,12.62,35204,cpu,11,69,105.13,0.05,0.881972
1240,dueling_dqn,2,58.838,12.74,35204,cpu,17,148,168.9,0.05,1.490572
1241,dueling_dqn,2,58.8581,12.48,35204,cpu,6,36,52.61,0.05,1.283908
1242,dueling_dqn,2,58.9032,12.5,35204,cpu,10,80,95.21,0.05,1.519666
1243,dueling_dqn,2,58.9257,12.32,35204,cpu,4,40,31.15,0.05,1.182765
1244,dueling_dqn,2,58.9485,11.98,35204,cpu,5,39,42.57,0.05,0.575479
1245,dueling_dqn,2,58.9694,11.76,35204,cpu,4,37,32.48,0.05,1.430853
1246,dueling_dqn,2,59.0892,12.06,35204,cpu,30,215,304.36,0.05,0.369518
1247,dueling_dqn,2,59.1244,11.9,35204,cpu,10,64,94.77,0.05,1.284306
1248,dueling_dqn,2,59.1778,11.84,35204,cpu,10,97,95.94,0.05,1.468901
1249,dueling_dqn,2,59.264,12.04,35204,cpu,20,154,199.77,0.05,0.878633
1250,dueling_dqn,2,59.2719,11.96,35204,cpu,1,14,0.68,0.05,1.293192
1251,dueling_dqn,2,59.3988,12.1,35204,cpu,26,218,264.39,0.05,1.063339
1252,dueling_dqn,2,59.4401,12.26,35204,cpu,9,49,83.51,0.05,0.591915
1253,dueling_dqn,2,59.4651,12.02,35204,cpu,6,45,53.22,0.05,0.616359
1254,dueling_dqn,2,59.5225,11.88,35204,cpu,14,103,135.92,0.05,1.295953
1255,dueling_dqn,2,59.6399,12.18,35204,cpu,25,210,251.36,0.05,1.298963
1256,dueling_dqn,2,59.6918,12.16,35204,cpu,14,90,136.75,0.05,0.362747
1257,dueling_dqn,2,59.7184,11.94,35204,cpu,5,47,43.29,0.05,1.377847
1258,dueling_dqn,2,59.7485,11.74,35204,cpu,9,53,83.87,0.05,1.029101
1259,dueling_dqn,2,59.873,12.0,35204,cpu,25,219,253.57,0.05,2.167509
1260,dueling_dqn,2,59.8796,11.9,35204,cpu,1,12,0.9,0.05,0.966237
1261,dueling_dqn,2,59.9648,12.02,35204,cpu,17,152,170.86,0.05,1.351073
1262,dueling_dqn,2,60.0102,11.96,35204,cpu,12,80,115.83,0.05,1.132435
1263,dueling_dqn,2,60.0428,11.92,35204,cpu,6,58,53.99,0.05,1.292888
1264,dueling_dqn,2,60.0847,11.92,35204,cpu,12,74,114.49,0.05,0.898774
1265,dueling_dqn,2,60.0875,11.9,35204,cpu,0,5,-9.64,0.05,0.725166
1266,dueling_dqn,2,60.2425,12.36,35204,cpu,26,256,265.81,0.05,1.110589
1267,dueling_dqn,2,60.295,12.14,35204,cpu,10,81,96.1,0.05,1.207538
1268,dueling_dqn,2,60.3468,12.08,35204,cpu,13,81,124.83,0.05,1.746489
1269,dueling_dqn,2,60.4789,12.24,35204,cpu,20,199,200.82,0.05,1.006515
1270,dueling_dqn,2,60.6027,12.48,35204,cpu,24,196,242.19,0.05,0.334221
1271,dueling_dqn,2,60.6666,12.66,35204,cpu,13,112,126.62,0.05,1.008831
1272,dueling_dqn,2,60.7227,12.58,35204,cpu,10,92,94.69,0.05,1.283853
1273,dueling_dqn,2,60.7546,12.36,35204,cpu,7,53,63.65,0.05,1.466138
1274,dueling_dqn,2,60.8111,12.18,35204,cpu,14,94,135.51,0.05,0.375084
1275,dueling_dqn,2,60.9114,12.46,35204,cpu,22,170,219.83,0.05,1.427557
1276,dueling_dqn,2,61.0024,12.5,35204,cpu,18,157,180.02,0.05,0.920913
1277,dueling_dqn,2,61.0474,12.66,35204,cpu,9,77,85.03,0.05,1.383913
1278,dueling_dqn,2,61.0745,12.62,35204,cpu,6,46,53.31,0.05,2.129875
1279,dueling_dqn,2,61.1005,12.4,35204,cpu,5,45,42.91,0.05,1.208345
1280,dueling_dqn,2,61.1343,12.52,35204,cpu,8,59,74.3,0.05,1.400537
1281,dueling_dqn,2,61.1804,12.68,35204,cpu,10,81,96.3,0.05,0.765949
1282,dueling_dqn,2,61.2376,12.68,35204,cpu,12,101,116.12,0.05,1.662859
1283,dueling_dqn,2,61.2988,12.52,35204,cpu,16,107,157.7,0.05,1.352527
1284,dueling_dqn,2,61.3234,12.26,35204,cpu,5,44,42.62,0.05,1.664813
1285,dueling_dqn,2,61.497,12.58,35204,cpu,27,250,273.38,0.05,1.184866
1286,dueling_dqn,2,61.5483,12.54,35204,cpu,11,84,103.88,0.05,1.273859
1287,dueling_dqn,2,61.5928,12.42,35204,cpu,8,76,75.23,0.05,1.674652
1288,dueling_dqn,2,61.6031,12.12,35204,cpu,3,16,20.88,0.05,1.467529
1289,dueling_dqn,2,61.6872,12.22,35204,cpu,16,139,159.38,0.05,1.311955
1290,dueling_dqn,2,61.7828,12.28,35204,cpu,20,165,200.56,0.05,0.435511
1291,dueling_dqn,2,61.7892,12.18,35204,cpu,1,11,0.81,0.05,0.507664
1292,dueling_dqn,2,61.8235,12.12,35204,cpu,7,60,64.28,0.05,1.730156
1293,dueling_dqn,2,61.8684,12.28,35204,cpu,12,78,115.45,0.05,1.251002
1294,dueling_dqn,2,61.9308,12.48,35204,cpu,15,111,147.75,0.05,0.792195
1295,dueling_dqn,2,61.9756,12.62,35204,cpu,11,80,104.72,0.05,0.975381
1296,dueling_dqn,2,62.0418,12.3,35204,cpu,14,119,136.96,0.05,1.116688
1297,dueling_dqn,2,62.0581,12.2,35204,cpu,5,29,42.07,0.05,1.042943
1298,dueling_dqn,2,62.0637,12.06,35204,cpu,3,10,20.54,0.05,1.35371
1299,dueling_dqn,2,62.0908,11.78,35204,cpu,6,49,53.58,0.05,1.330172
1300,dueling_dqn,2,62.1575,12.02,35204,cpu,13,121,128.03,0.05,1.196322
1301,dueling_dqn,2,62.168,11.56,35204,cpu,3,19,21.35,0.05,0.690425
1302,dueling_dqn,2,62.2556,11.74,35204,cpu,18,159,180.8,0.05,1.575271
1303,dueling_dqn,2,62.3397,11.98,35204,cpu,18,152,180.57,0.05,1.131015
1304,dueling_dqn,2,62.3616,11.78,35204,cpu,4,40,32.75,0.05,1.069482
1305,dueling_dqn,2,62.4399,11.6,35204,cpu,16,143,158.74,0.05,1.440395
1306,dueling_dqn,2,62.539,11.74,35204,cpu,21,180,212.42,0.05,0.532155
1307,dueling_dqn,2,62.5597,11.76,35204,cpu,6,38,52.39,0.05,0.804979
1308,dueling_dqn,2,62.6297,11.88,35204,cpu,15,127,149.39,0.05,1.225682
1309,dueling_dqn,2,62.7022,11.68,35204,cpu,15,132,148.04,0.05,1.003673
1310,dueling_dqn,2,62.777,11.98,35204,cpu,16,137,159.0,0.05,1.050464
1311,dueling_dqn,2,62.8023,11.78,35204,cpu,7,46,62.82,0.05,1.581318
1312,dueling_dqn,2,62.8767,11.86,35204,cpu,16,135,158.42,0.05,1.055001
1313,dueling_dqn,2,62.9489,12.06,35204,cpu,16,129,156.88,0.05,1.024905
1314,dueling_dqn,2,62.9571,11.86,35204,cpu,2,15,10.88,0.05,1.435408
1315,dueling_dqn,2,62.9862,12.04,35204,cpu,9,52,83.78,0.05,0.596694
1316,dueling_dqn,2,63.0763,11.94,35204,cpu,21,163,210.89,0.05,0.880671
1317,dueling_dqn,2,63.1066,11.9,35204,cpu,8,55,73.74,0.05,0.814932
1318,dueling_dqn,2,63.1246,11.72,35204,cpu,4,33,32.52,0.05,1.283004
1319,dueling_dqn,2,63.1789,11.54,35204,cpu,11,98,107.54,0.05,1.637582
1320,dueling_dqn,2,63.2153,11.22,35204,cpu,8,67,74.02,0.05,1.057293
1321,dueling_dqn,2,63.2718,11.24,35204,cpu,14,103,136.52,0.05,1.019665
1322,dueling_dqn,2,63.2802,11.06,35204,cpu,1,15,1.17,0.05,1.439015
1323,dueling_dqn,2,63.363,11.24,35204,cpu,16,151,159.66,0.05,1.671861
1324,dueling_dqn,2,63.4099,11.2,35204,cpu,12,85,116.28,0.05,0.679919
1325,dueling_dqn,2,63.4615,10.96,35204,cpu,10,94,95.47,0.05,0.891706
1326,dueling_dqn,2,63.4839,10.72,35204,cpu,6,41,53.06,0.05,0.591668
1327,dueling_dqn,2,63.5242,10.7,35204,cpu,8,73,75.76,0.05,1.643721
1328,dueling_dqn,2,63.5848,10.84,35204,cpu,13,110,126.04,0.05,0.873921
1329,dueling_dqn,2,63.671,11.06,35204,cpu,16,156,159.51,0.05,1.107934
1330,dueling_dqn,2,63.8276,11.52,35204,cpu,31,264,315.28,0.05,1.365478
1331,dueling_dqn,2,63.8605,11.4,35204,cpu,4,47,33.38,0.05,0.999151
1332,dueling_dqn,2,63.9421,11.5,35204,cpu,17,137,169.11,0.05,1.647203
1333,dueling_dqn,2,64.0433,11.54,35204,cpu,18,177,178.82,0.05,0.80516
1334,dueling_dqn,2,64.0593,11.52,35204,cpu,4,28,31.87,0.05,1.202575
1335,dueling_dqn,2,64.1071,11.2,35204,cpu,11,81,105.41,0.05,0.673239
1336,dueling_dqn,2,64.179,11.2,35204,cpu,11,106,107.46,0.05,1.164725
1337,dueling_dqn,2,64.2404,11.28,35204,cpu,12,93,116.4,0.05,1.4201
1338,dueling_dqn,2,64.3417,11.58,35204,cpu,18,175,181.84,0.05,0.329212
1339,dueling_dqn,2,64.4901,11.8,35204,cpu,27,263,275.15,0.05,1.321674
1340,dueling_dqn,2,64.5327,11.6,35204,cpu,10,77,94.54,0.05,0.980129
1341,dueling_dqn,2,64.5919,11.82,35204,cpu,12,105,117.68,0.05,1.256333
1342,dueling_dqn,2,64.6216,11.8,35204,cpu,6,53,53.94,0.05,0.353046
1343,dueling_dqn,2,64.7033,11.92,35204,cpu,18,142,179.87,0.05,1.408026
1344,dueling_dqn,2,64.7772,11.96,35204,cpu,17,126,167.92,0.05,0.838576
1345,dueling_dqn,2,64.7959,11.84,35204,cpu,5,32,42.34,0.05,2.183129
1346,dueling_dqn,2,64.868,11.86,35204,cpu,15,122,146.94,0.05,1.604923
1347,dueling_dqn,2,64.9724,12.16,35204,cpu,20,157,201.44,0.05,0.972141
1348,dueling_dqn,2,64.9863,12.14,35204,cpu,2,19,11.44,0.05,0.915942
1349,dueling_dqn,2,65.0567,12.22,35204,cpu,10,101,97.5,0.05,0.788669
1350,dueling_dqn,2,65.0851,12.1,35204,cpu,7,42,62.66,0.05,0.700945
1351,dueling_dqn,2,65.1928,12.36,35204,cpu,16,130,158.57,0.05,1.254794
1352,dueling_dqn,2,65.2567,12.22,35204,cpu,11,92,106.8,0.05,1.034742
1353,dueling_dqn,2,65.2984,12.02,35204,cpu,8,60,73.99,0.05,1.221129
1354,dueling_dqn,2,65.4463,12.42,35204,cpu,24,211,244.14,0.05,0.758472
1355,dueling_dqn,2,65.5012,12.38,35204,cpu,14,79,134.36,0.05,0.394036
1356,dueling_dqn,2,65.5624,12.2,35204,cpu,12,91,116.42,0.05,0.444287
1357,dueling_dqn,2,65.6002,12.24,35204,cpu,8,55,73.54,0.05,0.691857
1358,dueling_dqn,2,65.6863,12.3,35204,cpu,18,128,178.21,0.05,0.749618
1359,dueling_dqn,2,65.74,12.22,35204,cpu,11,82,105.5,0.05,0.926998
1360,dueling_dqn,2,65.8173,12.16,35204,cpu,13,119,127.85,0.05,1.303385
1361,dueling_dqn,2,65.8769,12.26,35204,cpu,12,94,116.09,0.05,1.470841
1362,dueling_dqn,2,65.9316,12.28,35204,cpu,17,82,164.56,0.05,1.512697
1363,dueling_dqn,2,66.0184,12.32,35204,cpu,18,140,179.09,0.05,1.067564
1364,dueling_dqn,2,66.09,12.6,35204,cpu,16,116,155.71,0.05,1.705121
1365,dueling_dqn,2,66.2074,12.86,35204,cpu,22,188,220.25,0.05,0.752766
1366,dueling_dqn,2,66.2541,12.62,35204,cpu,9,73,84.87,0.05,0.860637
1367,dueling_dqn,2,66.2797,12.56,35204,cpu,5,39,42.37,0.05,0.655414
1368,dueling_dqn,2,66.2878,12.54,35204,cpu,3,12,20.72,0.05,0.982052
1369,dueling_dqn,2,66.3497,12.64,35204,cpu,16,97,156.4,0.05,0.676689
1370,dueling_dqn,2,66.3924,12.68,35204,cpu,10,68,93.53,0.05,1.446736
1371,dueling_dqn,2,66.5001,12.76,35204,cpu,18,170,178.79,0.05,0.971878
1372,dueling_dqn,2,66.5145,12.82,35204,cpu,4,25,31.4,0.05,0.719066
1373,dueling_dqn,2,66.5767,12.76,35204,cpu,13,106,126.28,0.05,0.380926
1374,dueling_dqn,2,66.5894,12.56,35204,cpu,2,22,10.91,0.05,0.984865
1375,dueling_dqn,2,66.6336,12.54,35204,cpu,9,75,85.45,0.05,1.530301
1376,dueling_dqn,2,66.6597,12.54,35204,cpu,6,44,52.93,0.05,0.149357
1377,dueling_dqn,2,66.7154,12.62,35204,cpu,12,94,116.29,0.05,1.253545
1378,dueling_dqn,2,66.7517,12.52,35204,cpu,8,62,74.37,0.05,1.484125
1379,dueling_dqn,2,66.8422,12.56,35204,cpu,18,155,177.44,0.05,1.150289
1380,dueling_dqn,2,66.8849,12.16,35204,cpu,11,73,104.29,0.05,1.269507
1381,dueling_dqn,2,66.913,12.24,35204,cpu,8,47,72.62,0.05,1.273405
1382,dueling_dqn,2,67.0204,12.34,35204,cpu,22,177,219.46,0.05,0.696408
1383,dueling_dqn,2,67.0475,12.1,35204,cpu,6,46,52.71,0.05,1.201388
1384,dueling_dqn,2,67.1244,12.32,35204,cpu,15,129,148.77,0.05,1.808698
1385,dueling_dqn,2,67.1753,12.3,35204,cpu,10,87,96.44,0.05,1.187209
1386,dueling_dqn,2,67.2086,12.26,35204,cpu,9,57,83.83,0.05,1.648132
1387,dueling_dqn,2,67.2557,12.26,35204,cpu,12,83,114.9,0.05,0.947169
1388,dueling_dqn,2,67.2993,12.1,35204,cpu,10,77,95.54,0.05,1.74784
1389,dueling_dqn,2,67.3377,11.78,35204,cpu,11,68,104.64,0.05,1.259859
1390,dueling_dqn,2,67.3435,11.62,35204,cpu,2,10,10.63,0.05,1.095297
1391,dueling_dqn,2,67.3633,11.48,35204,cpu,5,35,42.41,0.05,1.123047
1392,dueling_dqn,2,67.415,11.6,35204,cpu,12,91,116.22,0.05,1.970628
1393,dueling_dqn,2,67.4519,11.38,35204,cpu,7,66,64.42,0.05,1.226717
1394,dueling_dqn,2,67.4679,11.12,35204,cpu,4,28,32.07,0.05,1.54073
1395,dueling_dqn,2,67.5166,11.22,35204,cpu,10,86,96.55,0.05,1.072591
1396,dueling_dqn,2,67.6136,11.36,35204,cpu,22,171,220.52,0.05,0.877051
1397,dueling_dqn,2,67.6577,11.16,35204,cpu,10,78,95.83,0.05,1.382771
1398,dueling_dqn,2,67.7423,11.52,35204,cpu,20,149,200.52,0.05,0.899175
1399,dueling_dqn,2,67.7682,11.44,35204,cpu,6,46,53.31,0.05,0.956801
1400,dueling_dqn,2,67.8341,11.62,35204,cpu,16,116,158.71,0.05,1.239357
1401,dueling_dqn,2,67.9139,11.7,35204,cpu,20,140,198.91,0.05,0.719133
1402,dueling_dqn,2,67.9225,11.52,35204,cpu,2,15,11.08,0.05,0.291405
1403,dueling_dqn,2,68.0276,11.88,35204,cpu,26,184,263.33,0.05,1.203997
1404,dueling_dqn,2,68.1143,11.66,35204,cpu,13,153,131.51,0.05,1.821986
1405,dueling_dqn,2,68.2254,11.78,35204,cpu,20,196,202.75,0.05,0.629417
1406,dueling_dqn,2,68.2362,11.58,35204,cpu,2,19,11.24,0.05,0.569585
1407,dueling_dqn,2,68.2645,11.56,35204,cpu,7,50,63.58,0.05,1.427239
1408,dueling_dqn,2,68.3614,11.6,35204,cpu,20,171,201.9,0.05,1.321471
1409,dueling_dqn,2,68.4323,11.66,35204,cpu,14,125,139.3,0.05,1.388363
1410,dueling_dqn,2,68.4831,11.66,35204,cpu,13,90,126.64,0.05,1.471313
1411,dueling_dqn,2,68.5529,11.74,35204,cpu,16,124,157.83,0.05,0.986456
1412,dueling_dqn,2,68.601,11.6,35204,cpu,10,85,96.26,0.05,1.669563
1413,dueling_dqn,2,68.6426,11.44,35204,cpu,10,73,94.78,0.05,1.76444
1414,dueling_dqn,2,68.6822,11.34,35204,cpu,11,67,103.95,0.05,0.52055
1415,dueling_dqn,2,68.7303,11.14,35204,cpu,12,82,115.61,0.05,0.673694
1416,dueling_dqn,2,68.7991,11.2,35204,cpu,12,118,118.25,0.05,0.83414
1417,dueling_dqn,2,68.8543,11.42,35204,cpu,16,94,155.53,0.05,1.414137
1418,dueling_dqn,2,68.8908,11.52,35204,cpu,8,62,74.17,0.05,1.735217
1419,dueling_dqn,2,68.9607,11.46,35204,cpu,13,119,127.25,0.05,1.3895
1420,dueling_dqn,2,69.0269,11.54,35204,cpu,14,113,135.42,0.05,1.061353
1421,dueling_dqn,2,69.1257,11.6,35204,cpu,21,169,209.83,0.05,0.831636
1422,dueling_dqn,2,69.1561,11.7,35204,cpu,9,52,83.58,0.05,1.424066
1423,dueling_dqn,2,69.3088,12.06,35204,cpu,31,233,316.29,0.05,1.31783
1424,dueling_dqn,2,69.4275,12.44,35204,cpu,21,183,212.69,0.05,1.02084
1425,dueling_dqn,2,69.5368,12.64,35204,cpu,19,178,191.22,0.05,1.619489
1426,dueling_dqn,2,69.6156,12.86,35204,cpu,17,132,168.86,0.05,1.494948
1427,dueling_dqn,2,69.6831,12.92,35204,cpu,15,114,145.22,0.05,2.450609
1428,dueling_dqn,2,69.7124,12.92,35204,cpu,8,51,73.18,0.05,0.713346
1429,dueling_dqn,2,69.7468,12.74,35204,cpu,9,60,84.1,0.05,1.45235
1430,dueling_dqn,2,69.792,12.68,35204,cpu,8,79,75.7,0.05,1.105283
1431,dueling_dqn,2,69.8912,12.96,35204,cpu,22,154,217.59,0.05,1.85239
1432,dueling_dqn,2,70.003,12.9,35204,cpu,19,200,191.4,0.05,0.375019
1433,dueling_dqn,2,70.0062,12.78,35204,cpu,0,6,-9.55,0.05,0.659074
1434,dueling_dqn,2,70.0619,12.7,35204,cpu,11,103,106.79,0.05,0.909385
1435,dueling_dqn,2,70.1106,12.78,35204,cpu,14,91,134.64,0.05,0.766907
1436,dueling_dqn,2,70.1774,12.9,35204,cpu,15,125,147.41,0.05,1.263046
1437,dueling_dqn,2,70.2479,12.98,35204,cpu,16,132,159.55,0.05,1.918183
1438,dueling_dqn,2,70.285,12.96,35204,cpu,9,69,84.91,0.05,0.874915
1439,dueling_dqn,2,70.3296,12.94,35204,cpu,10,84,95.17,0.05,1.26133
1440,dueling_dqn,2,70.5021,13.56,35204,cpu,33,326,333.08,0.05,0.994186
1441,dueling_dqn,2,70.5498,13.66,35204,cpu,10,91,96.6,0.05,0.960803
1442,dueling_dqn,2,70.5629,13.5,35204,cpu,4,25,31.8,0.05,1.71397
1443,dueling_dqn,2,70.6488,13.82,35204,cpu,23,163,229.51,0.05,0.586081
1444,dueling_dqn,2,70.7285,14.1,35204,cpu,18,152,179.57,0.05,0.970743
1445,dueling_dqn,2,70.7554,14.02,35204,cpu,6,51,53.96,0.05,0.559113
1446,dueling_dqn,2,70.8023,13.82,35204,cpu,12,89,115.64,0.05,0.947415
1447,dueling_dqn,2,70.8646,13.92,35204,cpu,15,118,147.58,0.05,0.886953
1448,dueling_dqn,2,70.9593,13.86,35204,cpu,17,180,169.98,0.05,1.217868
1449,dueling_dqn,2,70.9887,13.92,35204,cpu,9,56,82.94,0.05,1.696436
1450,dueling_dqn,2,71.0926,14.1,35204,cpu,25,199,251.97,0.05,1.357771
1451,dueling_dqn,2,71.0984,13.74,35204,cpu,2,11,10.72,0.05,0.828056
1452,dueling_dqn,2,71.155,13.94,35204,cpu,12,108,118.35,0.05,1.118713
1453,dueling_dqn,2,71.2154,13.82,35204,cpu,20,114,196.57,0.05,0.970507
1454,dueling_dqn,2,71.2329,13.62,35204,cpu,3,33,22.61,0.05,1.66352
1455,dueling_dqn,2,71.2919,13.48,35204,cpu,13,112,127.82,0.05,0.833147
1456,dueling_dqn,2,71.3427,13.74,35204,cpu,15,97,146.29,0.05,1.237418
1457,dueling_dqn,2,71.4217,13.96,35204,cpu,18,151,178.88,0.05,0.924892
1458,dueling_dqn,2,71.4794,13.82,35204,cpu,13,111,126.13,0.05,1.322452
1459,dueling_dqn,2,71.5301,13.78,35204,cpu,12,97,115.76,0.05,0.534095
1460,dueling_dqn,2,71.541,13.58,35204,cpu,3,21,21.33,0.05,1.793937
1461,dueling_dqn,2,71.5649,13.38,35204,cpu,6,46,53.11,0.05,1.047881
1462,dueling_dqn,2,71.6008,13.4,35204,cpu,11,69,104.33,0.05,0.895406
1463,dueling_dqn,2,71.6768,13.52,35204,cpu,16,146,159.61,0.05,0.72777
1464,dueling_dqn,2,71.7272,13.54,35204,cpu,12,97,116.36,0.05,0.8888
1465,dueling_dqn,2,71.8086,13.6,35204,cpu,15,156,149.4,0.05,0.758245
1466,dueling_dqn,2,71.8332,13.52,35204,cpu,8,47,72.42,0.05,1.034544
1467,dueling_dqn,2,71.9204,13.54,35204,cpu,17,167,171.01,0.05,0.893488
1468,dueling_dqn,2,71.932,13.44,35204,cpu,3,22,21.62,0.05,0.910362
1469,dueling_dqn,2,71.9874,13.46,35204,cpu,14,106,138.19,0.05,0.186108
1470,dueling_dqn,2,72.0754,13.5,35204,cpu,16,169,159.08,0.05,0.842694
1471,dueling_dqn,2,72.1437,13.44,35204,cpu,18,131,177.48,0.05,0.922152
1472,dueling_dqn,2,72.1724,13.4,35204,cpu,7,55,64.23,0.05,0.27745
1473,dueling_dqn,2,72.1921,12.88,35204,cpu,5,37,42.39,0.05,1.761644
1474,dueling_dqn,2,72.2324,12.6,35204,cpu,7,76,65.92,0.05,0.270271
1475,dueling_dqn,2,72.3021,12.54,35204,cpu,16,132,159.75,0.05,1.34382
1476,dueling_dqn,2,72.3665,12.56,35204,cpu,18,123,177.76,0.05,0.824241
1477,dueling_dqn,2,72.3774,12.32,35204,cpu,3,21,21.33,0.05,0.783587
1478,dueling_dqn,2,72.4094,12.32,35204,cpu,8,60,74.19,0.05,1.39066
1479,dueling_dqn,2,72.4274,12.24,35204,cpu,5,34,41.72,0.05,1.214275
1480,dueling_dqn,2,72.4542,12.2,35204,cpu,6,51,53.16,0.05,0.560764
1481,dueling_dqn,2,72.494,11.96,35204,cpu,10,76,93.85,0.05,0.726921
1482,dueling_dqn,2,72.5644,11.9,35204,cpu,16,134,158.93,0.05,0.909781
1483,dueling_dqn,2,72.5906,12.04,35204,cpu,7,50,63.58,0.05,0.852523
1484,dueling_dqn,2,72.6411,12.08,35204,cpu,13,97,125.27,0.05,0.735321
1485,dueling_dqn,2,72.7549,12.26,35204,cpu,23,218,232.86,0.05,1.406647
1486,dueling_dqn,2,72.8041,12.18,35204,cpu,11,94,106.38,0.05,0.383671
1487,dueling_dqn,2,72.8916,12.22,35204,cpu,18,167,180.12,0.05,0.389957
1488,dueling_dqn,2,72.9307,12.22,35204,cpu,9,74,84.96,0.05,1.385556
1489,dueling_dqn,2,72.9477,12.08,35204,cpu,3,32,22.32,0.05,0.696654
1490,dueling_dqn,2,72.999,11.64,35204,cpu,11,98,106.74,0.05,1.494249
1491,dueling_dqn,2,73.0256,11.58,35204,cpu,7,50,63.78,0.05,0.75033
1492,dueling_dqn,2,73.1263,12.0,35204,cpu,25,192,250.14,0.05,1.030812
1493,dueling_dqn,2,73.1363,11.58,35204,cpu,2,19,11.44,0.05,1.274565
1494,dueling_dqn,2,73.175,11.38,35204,cpu,8,74,74.45,0.05,1.09933
1495,dueling_dqn,2,73.2017,11.38,35204,cpu,6,50,53.47,0.05,1.257799
1496,dueling_dqn,2,73.2413,11.34,35204,cpu,10,76,94.85,0.05,1.478494
1497,dueling_dqn,2,73.3171,11.34,35204,cpu,15,144,148.92,0.05,1.248957
1498,dueling_dqn,2,73.379,11.26,35204,cpu,13,118,127.16,0.05,0.966663
1499,dueling_dqn,2,73.4802,11.46,35204,cpu,19,194,193.46,0.05,1.430292
1500,dueling_dqn,2,73.5535,11.34,35204,cpu,19,140,188.0,0.05,2.011113
1501,dueling_dqn,2,73.6301,11.7,35204,cpu,20,147,199.54,0.05,0.808257
1502,dueling_dqn,2,73.6893,11.78,35204,cpu,16,114,157.53,0.05,1.833377
1503,dueling_dqn,2,73.748,11.68,35204,cpu,15,112,147.84,0.05,0.618625
1504,dueling_dqn,2,73.7736,11.74,35204,cpu,6,49,53.38,0.05,0.897201
1505,dueling_dqn,2,73.876,11.9,35204,cpu,21,195,211.17,0.05,1.511983
1506,dueling_dqn,2,73.8973,11.72,35204,cpu,6,41,53.06,0.05,2.00957
1507,dueling_dqn,2,73.9291,11.56,35204,cpu,10,61,94.3,0.05,1.648188
1508,dueling_dqn,2,73.9677,11.52,35204,cpu,11,74,104.18,0.05,0.961141
1509,dueling_dqn,2,74.0122,11.5,35204,cpu,11,85,105.77,0.05,0.382272
1510,dueling_dqn,2,74.0581,11.66,35204,cpu,11,88,103.84,0.05,1.160015
1511,dueling_dqn,2,74.1032,11.74,35204,cpu,10,87,95.64,0.05,1.098648
1512,dueling_dqn,2,74.1633,11.8,35204,cpu,14,115,137.0,0.05,1.066015
1513,dueling_dqn,2,74.1669,11.5,35204,cpu,1,7,0.45,0.05,1.458903
1514,dueling_dqn,2,74.21,11.48,35204,cpu,11,82,105.5,0.05,1.448788
1515,dueling_dqn,2,74.2287,11.26,35204,cpu,4,36,32.39,0.05,1.152648
1516,dueling_dqn,2,74.2529,11.18,35204,cpu,4,46,33.09,0.05,0.338632
1517,dueling_dqn,2,74.3322,11.14,35204,cpu,15,152,149.04,0.05,0.89105
1518,dueling_dqn,2,74.3548,11.2,35204,cpu,6,43,53.24,0.05,1.718744
1519,dueling_dqn,2,74.3575,10.92,35204,cpu,0,5,-9.64,0.05,0.575699
1520,dueling_dqn,2,74.3624,10.64,35204,cpu,2,9,10.54,0.05,1.27967
1521,dueling_dqn,2,74.3945,10.48,35204,cpu,10,60,94.01,0.05,1.729896
1522,dueling_dqn,2,74.4455,10.62,35204,cpu,14,95,136.0,0.05,0.921432
1523,dueling_dqn,2,74.5236,10.92,35204,cpu,20,148,198.03,0.05,1.792305
1524,dueling_dqn,2,74.6006,11.2,35204,cpu,21,147,208.45,0.05,1.091012
1525,dueling_dqn,2,74.6612,11.16,35204,cpu,14,116,138.09,0.05,2.127073
1526,dueling_dqn,2,74.7073,11.02,35204,cpu,11,89,105.33,0.05,1.231035
1527,dueling_dqn,2,74.7569,11.2,35204,cpu,12,95,115.18,0.05,1.223019
1528,dueling_dqn,2,74.7822,11.16,35204,cpu,6,48,53.29,0.05,0.605608
1529,dueling_dqn,2,74.8694,11.44,35204,cpu,19,168,191.92,0.05,0.734549
1530,dueling_dqn,2,74.9189,11.62,35204,cpu,15,95,146.11,0.05,1.188278
1531,dueling_dqn,2,75.052,11.96,35204,cpu,27,255,271.83,0.05,1.119647
1532,dueling_dqn,2,75.0926,11.86,35204,cpu,11,78,105.74,0.05,1.731377
1533,dueling_dqn,2,75.1077,11.8,35204,cpu,4,29,32.16,0.05,1.620448
1534,dueling_dqn,2,75.1419,11.7,35204,cpu,8,66,73.73,0.05,1.310967
1535,dueling_dqn,2,75.182,11.42,35204,cpu,9,78,84.92,0.05,1.175518
1536,dueling_dqn,2,75.2148,11.38,35204,cpu,9,63,84.37,0.05,0.692373
1537,dueling_dqn,2,75.3054,11.34,35204,cpu,16,175,161.22,0.05,1.141395
1538,dueling_dqn,2,75.3576,11.38,35204,cpu,11,101,106.81,0.05,1.133274
1539,dueling_dqn,2,75.4462,11.7,35204,cpu,19,169,190.21,0.05,1.399605
1540,dueling_dqn,2,75.4781,11.64,35204,cpu,8,61,73.88,0.05,0.810124
1541,dueling_dqn,2,75.54,11.74,35204,cpu,12,117,118.76,0.05,0.659908
1542,dueling_dqn,2,75.6077,11.52,35204,cpu,14,129,139.06,0.05,1.348667
1543,dueling_dqn,2,75.6751,11.76,35204,cpu,14,129,135.46,0.05,1.197001
1544,dueling_dqn,2,75.7046,11.8,35204,cpu,10,56,93.65,0.05,1.448264
1545,dueling_dqn,2,75.7421,11.86,35204,cpu,9,72,85.18,0.05,1.250325
1546,dueling_dqn,2,75.8526,12.22,35204,cpu,28,211,279.78,0.05,1.053231
1547,dueling_dqn,2,75.9115,12.24,35204,cpu,16,113,158.24,0.05,1.134369
1548,dueling_dqn,2,75.9486,12.2,35204,cpu,11,71,104.91,0.05,0.898209
1549,dueling_dqn,2,76.055,12.24,35204,cpu,21,204,214.58,0.05,1.231988
1550,dueling_dqn,2,76.1006,12.06,35204,cpu,10,87,96.64,0.05,1.688608
1551,dueling_dqn,2,76.164,11.96,35204,cpu,15,121,148.25,0.05,1.04325
1552,dueling_dqn,2,76.2436,11.96,35204,cpu,16,151,159.66,0.05,1.051496
1553,dueling_dqn,2,76.3008,11.96,35204,cpu,15,109,147.57,0.05,0.575796
1554,dueling_dqn,2,76.3305,12.0,35204,cpu,8,57,74.12,0.05,1.565061
1555,dueling_dqn,2,76.3766,11.82,35204,cpu,12,88,116.15,0.05,1.406386
1556,dueling_dqn,2,76.4817,12.06,35204,cpu,18,202,181.07,0.05,1.414883
1557,dueling_dqn,2,76.4975,11.94,35204,cpu,4,30,31.25,0.05,0.669081
1558,dueling_dqn,2,76.5423,11.94,35204,cpu,11,86,106.66,0.05,0.343621
1559,dueling_dqn,2,76.5703,11.9,35204,cpu,9,54,83.56,0.05,1.693242
1560,dueling_dqn,2,76.5771,11.72,35204,cpu,2,13,10.9,0.05,1.082887
1561,dueling_dqn,2,76.6036,11.68,35204,cpu,8,51,73.78,0.05,0.745138
1562,dueling_dqn,2,76.6463,11.66,35204,cpu,13,82,126.12,0.05,1.121675
1563,dueling_dqn,2,76.6546,11.68,35204,cpu,2,16,11.17,0.05,0.949061
1564,dueling_dqn,2,76.662,11.5,35204,cpu,2,14,10.99,0.05,1.583875
1565,dueling_dqn,2,76.6703,11.48,35204,cpu,3,16,21.08,0.05,0.418774
1566,dueling_dqn,2,76.7087,11.58,35204,cpu,9,74,85.36,0.05,0.559186
1567,dueling_dqn,2,76.7458,11.46,35204,cpu,9,71,84.69,0.05,0.958423
1568,dueling_dqn,2,76.7693,11.52,35204,cpu,9,45,82.95,0.05,1.202525
1569,dueling_dqn,2,76.8245,11.82,35204,cpu,15,106,147.5,0.05,1.011271
1570,dueling_dqn,2,76.8638,11.98,35204,cpu,10,75,94.96,0.05,0.903377
1571,dueling_dqn,2,76.894,11.92,35204,cpu,7,58,64.5,0.05,1.145866
1572,dueling_dqn,2,76.9102,11.7,35204,cpu,3,31,22.23,0.05,0.96577
1573,dueling_dqn,2,76.9263,11.38,35204,cpu,4,31,32.34,0.05,0.753762
1574,dueling_dqn,2,76.9425,11.06,35204,cpu,5,31,41.85,0.05,1.524862
1575,dueling_dqn,2,76.9664,10.86,35204,cpu,4,46,33.49,0.05,1.498959
1576,dueling_dqn,2,76.9895,10.76,35204,cpu,6,44,53.33,0.05,0.963576
1577,dueling_dqn,2,77.0622,10.8,35204,cpu,14,140,138.65,0.05,0.625104
1578,dueling_dqn,2,77.1069,10.92,35204,cpu,12,86,115.17,0.05,1.513329
1579,dueling_dqn,2,77.133,10.66,35204,cpu,6,50,52.87,0.05,1.640604
1580,dueling_dqn,2,77.1881,10.64,35204,cpu,14,105,136.7,0.05,0.657437
1581,dueling_dqn,2,77.2074,10.18,35204,cpu,4,36,32.59,0.05,1.273219
1582,dueling_dqn,2,77.2676,10.22,35204,cpu,13,115,128.29,0.05,1.409107
1583,dueling_dqn,2,77.3304,10.38,35204,cpu,12,119,118.54,0.05,0.78853
1584,dueling_dqn,2,77.3924,10.52,35204,cpu,15,119,147.87,0.05,0.911278
1585,dueling_dqn,2,77.453,10.64,35204,cpu,15,116,146.8,0.05,0.724832
1586,dueling_dqn,2,77.4938,10.66,35204,cpu,10,76,94.25,0.05,1.408795
1587,dueling_dqn,2,77.4992,10.36,35204,cpu,1,10,0.72,0.05,0.817212
1588,dueling_dqn,2,77.6115,10.54,35204,cpu,20,204,203.67,0.05,0.981037
1589,dueling_dqn,2,77.6787,10.52,35204,cpu,18,127,178.32,0.05,0.613007
1590,dueling_dqn,2,77.6978,10.44,35204,cpu,4,36,32.59,0.05,1.655881
1591,dueling_dqn,2,77.7718,10.46,35204,cpu,13,142,129.92,0.05,0.95608
1592,dueling_dqn,2,77.814,10.4,35204,cpu,11,81,105.81,0.05,1.343402
1593,dueling_dqn,2,77.8594,10.32,35204,cpu,10,88,96.13,0.05,0.873548
1594,dueling_dqn,2,77.8946,10.28,35204,cpu,8,68,73.51,0.05,0.878883
1595,dueling_dqn,2,77.9409,10.38,35204,cpu,14,89,135.86,0.05,0.962479
1596,dueling_dqn,2,78.0127,10.12,35204,cpu,15,139,148.07,0.05,1.005998
1597,dueling_dqn,2,78.0251,9.88,35204,cpu,4,24,31.11,0.05,1.360798
1598,dueling_dqn,2,78.105,10.02,35204,cpu,18,154,178.75,0.05,0.680881
1599,dueling_dqn,2,78.1188,9.66,35204,cpu,3,27,22.07,0.05,1.256983
1600,dueling_dqn,2,78.2045,9.84,35204,cpu,19,165,191.05,0.05,1.721808
1601,dueling_dqn,2,78.2516,9.74,35204,cpu,10,91,96.4,0.05,0.47691
1602,dueling_dqn,2,78.2558,9.44,35204,cpu,1,8,0.54,0.05,0.629767
1603,dueling_dqn,2,78.3544,9.68,35204,cpu,27,190,271.78,0.05,1.86532
1604,dueling_dqn,2,78.4276,9.84,35204,cpu,16,141,159.36,0.05,2.015262
1605,dueling_dqn,2,78.4731,9.8,35204,cpu,10,87,94.44,0.05,0.360698
1606,dueling_dqn,2,78.527,9.72,35204,cpu,14,104,136.61,0.05,0.982869
1607,dueling_dqn,2,78.5908,10.0,35204,cpu,18,123,177.16,0.05,1.172008
1608,dueling_dqn,2,78.6337,9.98,35204,cpu,10,82,95.99,0.05,1.115658
1609,dueling_dqn,2,78.701,10.14,35204,cpu,17,121,167.87,0.05,0.719858
1610,dueling_dqn,2,78.7578,10.32,35204,cpu,11,99,104.23,0.05,1.849096
1611,dueling_dqn,2,78.8658,10.62,35204,cpu,23,206,233.38,0.05,0.888432
1612,dueling_dqn,2,78.9376,10.72,35204,cpu,18,138,177.51,0.05,1.454273
1613,dueling_dqn,2,78.9615,10.8,35204,cpu,6,46,52.71,0.05,0.897545
1614,dueling_dqn,2,79.0268,11.0,35204,cpu,12,126,117.17,0.05,1.564822
1615,dueling_dqn,2,79.0388,11.0,35204,cpu,3,23,21.71,0.05,1.176361
1616,dueling_dqn,2,79.0487,10.9,35204,cpu,4,19,31.06,0.05,1.122442
1617,dueling_dqn,2,79.12,11.02,35204,cpu,15,137,148.09,0.05,1.454685
1618,dueling_dqn,2,79.1696,11.1,35204,cpu,13,95,126.09,0.05,0.439544
1619,dueling_dqn,2,79.2211,11.04,35204,cpu,12,98,115.85,0.05,1.120226
1620,dueling_dqn,2,79.2906,11.16,35204,cpu,16,133,159.04,0.05,0.753165
1621,dueling_dqn,2,79.3128,11.12,35204,cpu,5,43,42.73,0.05,0.904452
1622,dueling_dqn,2,79.3514,11.26,35204,cpu,10,74,95.27,0.05,0.619708
1623,dueling_dqn,2,79.433,11.58,35204,cpu,20,157,199.44,0.05,1.191467
1624,dueling_dqn,2,79.5201,11.86,35204,cpu,19,168,191.12,0.05,0.665086
1625,dueling_dqn,2,79.547,11.94,35204,cpu,8,52,73.27,0.05,0.920058
1626,dueling_dqn,2,79.6154,12.14,35204,cpu,16,132,157.35,0.05,1.385076
1627,dueling_dqn,2,79.6248,11.92,35204,cpu,3,18,21.26,0.05,1.433815
1628,dueling_dqn,2,79.696,12.02,35204,cpu,17,138,169.6,0.05,1.326623
1629,dueling_dqn,2,79.7391,12.18,35204,cpu,14,83,136.12,0.05,0.981161
1630,dueling_dqn,2,79.7812,12.14,35204,cpu,12,81,115.32,0.05,1.093939
1631,dueling_dqn,2,79.7921,12.1,35204,cpu,2,21,11.62,0.05,0.389419
1632,dueling_dqn,2,79.8495,12.18,35204,cpu,17,111,167.17,0.05,1.716662
1633,dueling_dqn,2,79.9037,12.2,35204,cpu,13,105,126.59,0.05,1.049777
1634,dueling_dqn,2,79.9203,11.98,35204,cpu,4,32,32.43,0.05,1.309885
1635,dueling_dqn,2,79.928,11.72,35204,cpu,2,15,10.88,0.05,1.0532
1636,dueling_dqn,2,79.9816,11.78,35204,cpu,13,100,126.54,0.05,1.237592
1637,dueling_dqn,2,80.0151,11.9,35204,cpu,7,61,63.97,0.05,2.15292
1638,dueling_dqn,2,80.0684,11.74,35204,cpu,12,102,116.61,0.05,0.586204
1639,dueling_dqn,2,80.13,11.74,35204,cpu,18,118,176.91,0.05,1.653736
1640,dueling_dqn,2,80.1977,12.0,35204,cpu,17,131,167.77,0.05,1.351487
1641,dueling_dqn,2,80.2229,11.86,35204,cpu,6,49,53.58,0.05,1.646044
1642,dueling_dqn,2,80.3026,12.02,35204,cpu,19,154,190.86,0.05,1.129273
1643,dueling_dqn,2,80.354,12.04,35204,cpu,11,99,107.23,0.05,0.85467
1644,dueling_dqn,2,80.3933,12.06,35204,cpu,9,76,85.34,0.05,1.180725
1645,dueling_dqn,2,80.4651,12.1,35204,cpu,16,139,160.58,0.05,1.378944
1646,dueling_dqn,2,80.537,12.14,35204,cpu,17,134,166.44,0.05,0.324364
1647,dueling_dqn,2,80.5406,12.06,35204,cpu,0,7,-9.66,0.05,1.256478
1648,dueling_dqn,2,80.646,12.12,35204,cpu,21,204,210.18,0.05,0.99649
1649,dueling_dqn,2,80.7213,12.36,35204,cpu,15,146,147.7,0.05,1.178674
1650,dueling_dqn,2,80.8141,12.38,35204,cpu,20,176,201.55,0.05,0.659085
1651,dueling_dqn,2,80.8763,12.46,35204,cpu,14,119,139.36,0.05,0.968881
1652,dueling_dqn,2,80.9047,12.62,35204,cpu,9,55,83.85,0.05,1.299984
1653,dueling_dqn,2,80.937,12.28,35204,cpu,10,61,94.3,0.05,1.29486
1654,dueling_dqn,2,80.9914,12.2,35204,cpu,12,104,117.39,0.05,1.037148
1655,dueling_dqn,2,81.0538,12.24,35204,cpu,12,120,118.43,0.05,1.553499
1656,dueling_dqn,2,81.0789,12.08,35204,cpu,6,48,53.49,0.05,1.327832
1657,dueling_dqn,2,81.1325,11.96,35204,cpu,12,103,116.3,0.05,0.27769
1658,dueling_dqn,2,81.1799,12.02,35204,cpu,13,91,126.13,0.05,1.932487
1659,dueling_dqn,2,81.2424,12.02,35204,cpu,17,121,167.87,0.05,0.536334
1660,dueling_dqn,2,81.2655,11.92,35204,cpu,6,44,53.13,0.05,0.699486
1661,dueling_dqn,2,81.368,11.86,35204,cpu,20,197,200.04,0.05,0.795119
1662,dueling_dqn,2,81.435,11.78,35204,cpu,14,129,136.46,0.05,1.085117
1663,dueling_dqn,2,81.4983,12.02,35204,cpu,18,121,178.78,0.05,0.856563
1664,dueling_dqn,2,81.5089,11.82,35204,cpu,2,20,11.53,0.05,1.487257
1665,dueling_dqn,2,81.5335,11.88,35204,cpu,6,47,53.6,0.05,0.857204
1666,dueling_dqn,2,81.5552,11.9,35204,cpu,5,42,42.84,0.05,1.129543
1667,dueling_dqn,2,81.592,11.78,35204,cpu,9,71,84.69,0.05,0.731814
1668,dueling_dqn,2,81.6076,11.66,35204,cpu,7,30,61.98,0.05,0.618426
1669,dueling_dqn,2,81.6711,11.7,35204,cpu,14,123,136.72,0.05,1.405385
1670,dueling_dqn,2,81.6809,11.44,35204,cpu,3,19,21.15,0.05,1.614679
1671,dueling_dqn,2,81.7125,11.5,35204,cpu,8,61,74.48,0.05,0.787023
1672,dueling_dqn,2,81.7192,11.34,35204,cpu,2,13,10.7,0.05,0.870177
1673,dueling_dqn,2,81.773,11.16,35204,cpu,11,104,107.88,0.05,1.387786
1674,dueling_dqn,2,81.8264,11.06,35204,cpu,14,103,136.92,0.05,1.28476
1675,dueling_dqn,2,81.891,11.22,35204,cpu,16,125,158.52,0.05,1.353203
1676,dueling_dqn,2,81.9123,10.98,35204,cpu,4,42,33.13,0.05,1.262453
1677,dueling_dqn,2,81.9277,10.98,35204,cpu,3,30,21.94,0.05,1.6785
1678,dueling_dqn,2,81.955,10.8,35204,cpu,8,53,73.16,0.05,0.805411
1679,dueling_dqn,2,81.9777,10.66,35204,cpu,7,44,62.84,0.05,0.701536
1680,dueling_dqn,2,82.0857,10.84,35204,cpu,21,210,211.92,0.05,0.812451
1681,dueling_dqn,2,82.1129,10.96,35204,cpu,8,53,73.16,0.05,1.255293
1682,dueling_dqn,2,82.134,10.78,35204,cpu,8,41,72.68,0.05,1.341557
1683,dueling_dqn,2,82.2052,10.9,35204,cpu,19,138,189.42,0.05,0.651226
1684,dueling_dqn,2,82.2264,10.92,35204,cpu,5,41,42.35,0.05,1.327416
1685,dueling_dqn,2,82.2527,11.02,35204,cpu,7,51,63.27,0.05,0.979116
1686,dueling_dqn,2,82.2915,10.98,35204,cpu,11,75,105.47,0.05,0.588955
1687,dueling_dqn,2,82.3764,11.26,35204,cpu,21,163,210.49,0.05,1.608633
1688,dueling_dqn,2,82.4093,11.18,35204,cpu,8,64,74.55,0.05,0.580737
1689,dueling_dqn,2,82.4568,11.06,35204,cpu,12,92,115.91,0.05,0.552016
1690,dueling_dqn,2,82.5115,11.06,35204,cpu,17,106,166.72,0.05,0.768461
1691,dueling_dqn,2,82.5368,11.04,35204,cpu,5,49,43.67,0.05,0.920339
1692,dueling_dqn,2,82.6003,10.94,35204,cpu,14,123,136.72,0.05,1.294238
1693,dueling_dqn,2,82.624,10.84,35204,cpu,6,46,53.51,0.05,0.481563
1694,dueling_dqn,2,82.6539,10.8,35204,cpu,7,58,64.1,0.05,1.537134
1695,dueling_dqn,2,82.7313,10.78,35204,cpu,15,150,149.26,0.05,0.638022
1696,dueling_dqn,2,82.7503,10.52,35204,cpu,4,37,32.68,0.05,1.144391
1697,dueling_dqn,2,82.8173,10.86,35204,cpu,17,130,169.08,0.05,1.271699
1698,dueling_dqn,2,82.8672,10.64,35204,cpu,10,97,96.34,0.05,1.265117
1699,dueling_dqn,2,82.9344,10.66,35204,cpu,16,131,157.46,0.05,1.320409
1700,dueling_dqn,2,82.9617,10.38,35204,cpu,6,53,53.34,0.05,0.928027
1701,dueling_dqn,2,83.0225,10.34,35204,cpu,12,118,118.65,0.05,1.133198
1702,dueling_dqn,2,83.0585,10.32,35204,cpu,8,70,74.29,0.05,1.754895
1703,dueling_dqn,2,83.0771,10.22,35204,cpu,5,36,42.3,0.05,0.925504
1704,dueling_dqn,2,83.0812,10.02,35204,cpu,2,8,10.45,0.05,1.133748
1705,dueling_dqn,2,83.1472,10.08,35204,cpu,15,128,148.48,0.05,0.648588
1706,dueling_dqn,2,83.2174,10.3,35204,cpu,17,136,168.02,0.05,1.52662
1707,dueling_dqn,2,83.2649,10.32,35204,cpu,13,91,125.73,0.05,1.464988
1708,dueling_dqn,2,83.3233,10.32,35204,cpu,13,112,127.02,0.05,2.010272
1709,dueling_dqn,2,83.3656,10.22,35204,cpu,12,82,114.61,0.05,0.825268
1710,dueling_dqn,2,83.3688,10.12,35204,cpu,1,6,0.36,0.05,1.705635
1711,dueling_dqn,2,83.399,9.88,35204,cpu,8,58,72.81,0.05,0.34754
1712,dueling_dqn,2,83.4573,9.86,35204,cpu,13,113,127.31,0.05,1.176561
1713,dueling_dqn,2,83.501,9.72,35204,cpu,11,85,105.97,0.05,1.68282
1714,dueling_dqn,2,83.5354,9.86,35204,cpu,9,67,84.73,0.05,1.067721
1715,dueling_dqn,2,83.621,10.14,35204,cpu,20,166,201.25,0.05,1.174884
1716,dueling_dqn,2,83.6855,10.42,35204,cpu,19,125,188.25,0.05,0.724574
1717,dueling_dqn,2,83.7051,10.36,35204,cpu,6,38,52.79,0.05,1.32235
1718,dueling_dqn,2,83.7604,10.44,35204,cpu,11,107,106.75,0.05,1.84817
1719,dueling_dqn,2,83.7645,10.18,35204,cpu,1,8,0.54,0.05,1.883919
1720,dueling_dqn,2,83.8793,10.54,35204,cpu,21,223,213.09,0.05,0.57218
1721,dueling_dqn,2,83.9017,10.5,35204,cpu,6,43,53.04,0.05,1.69082
1722,dueling_dqn,2,84.0187,11.04,35204,cpu,29,226,292.64,0.05,0.749039
1723,dueling_dqn,2,84.0891,11.18,35204,cpu,18,137,178.62,0.05,2.838122
1724,dueling_dqn,2,84.1291,11.1,35204,cpu,10,78,95.83,0.05,1.395759
1725,dueling_dqn,2,84.1338,10.82,35204,cpu,2,9,10.54,0.05,1.951518
1726,dueling_dqn,2,84.1543,10.84,35204,cpu,5,40,42.46,0.05,1.105449
1727,dueling_dqn,2,84.2199,11.18,35204,cpu,20,127,197.14,0.05,0.328838
1728,dueling_dqn,2,84.3142,11.44,35204,cpu,21,182,208.6,0.05,1.033863
1729,dueling_dqn,2,84.4001,11.64,35204,cpu,17,166,170.12,0.05,1.269606
1730,dueling_dqn,2,84.4167,11.34,35204,cpu,6,32,52.05,0.05,1.418013
1731,dueling_dqn,2,84.4321,11.26,35204,cpu,4,30,32.05,0.05,1.589205
1732,dueling_dqn,2,84.4622,11.26,35204,cpu,8,58,73.61,0.05,1.888034
1733,dueling_dqn,2,84.4766,10.92,35204,cpu,2,28,10.05,0.05,0.426323
1734,dueling_dqn,2,84.5217,11.04,35204,cpu,11,88,106.24,0.05,1.107193
1735,dueling_dqn,2,84.5285,10.94,35204,cpu,2,13,10.9,0.05,1.395828
1736,dueling_dqn,2,84.5644,10.86,35204,cpu,7,70,65.18,0.05,1.882375
1737,dueling_dqn,2,84.6163,10.66,35204,cpu,11,101,107.61,0.05,1.652303
1738,dueling_dqn,2,84.6215,10.52,35204,cpu,1,10,0.72,0.05,1.308174
1739,dueling_dqn,2,84.6343,10.34,35204,cpu,3,25,21.29,0.05,0.67808
1740,dueling_dqn,2,84.7269,10.38,35204,cpu,19,180,191.0,0.05,2.222216
1741,dueling_dqn,2,84.8067,10.64,35204,cpu,18,155,179.44,0.05,1.924472
1742,dueling_dqn,2,84.8149,10.42,35204,cpu,3,16,21.08,0.05,1.296954
1743,dueling_dqn,2,84.9152,10.7,35204,cpu,20,194,201.77,0.05,1.034237
1744,dueling_dqn,2,84.9885,10.94,35204,cpu,19,141,188.29,0.05,1.827645
1745,dueling_dqn,2,85.0137,10.8,35204,cpu,8,48,73.51,0.05,0.670351
1746,dueling_dqn,2,85.0534,10.9,35204,cpu,9,76,84.54,0.05,0.44126
1747,dueling_dqn,2,85.1137,10.76,35204,cpu,10,116,97.85,0.05,1.611427
1748,dueling_dqn,2,85.1622,10.84,35204,cpu,14,93,135.82,0.05,1.604579
1749,dueling_dqn,2,85.2361,10.84,35204,cpu,16,141,158.36,0.05,0.701765
1750,dueling_dqn,2,85.2663,10.84,35204,cpu,6,58,54.59,0.05,1.067618
1751,dueling_dqn,2,85.292,10.74,35204,cpu,7,49,63.69,0.05,0.713324
1752,dueling_dqn,2,85.364,10.92,35204,cpu,17,138,169.0,0.05,0.859499
1753,dueling_dqn,2,85.4336,11.1,35204,cpu,14,134,138.71,0.05,0.760014
1754,dueling_dqn,2,85.4588,11.18,35204,cpu,6,49,52.98,0.05,1.690604
1755,dueling_dqn,2,85.494,11.02,35204,cpu,7,68,64.0,0.05,0.518769
1756,dueling_dqn,2,85.5752,11.12,35204,cpu,22,156,219.57,0.05,1.154738
1757,dueling_dqn,2,85.6028,11.02,35204,cpu,8,53,73.76,0.05,1.374038
1758,dueling_dqn,2,85.6413,10.96,35204,cpu,10,74,94.67,0.05,1.678293
1759,dueling_dqn,2,85.6842,10.9,35204,cpu,9,83,86.17,0.05,0.797305
1760,dueling_dqn,2,85.7044,10.96,35204,cpu,4,39,32.46,0.05,0.907366
1761,dueling_dqn,2,85.7215,10.92,35204,cpu,6,33,52.14,0.05,0.610054
1762,dueling_dqn,2,85.7667,11.0,35204,cpu,17,87,165.41,0.05,1.084451
1763,dueling_dqn,2,85.7816,10.88,35204,cpu,5,29,41.87,0.05,1.750994
1764,dueling_dqn,2,85.7951,10.78,35204,cpu,4,26,31.89,0.05,1.339757
1765,dueling_dqn,2,85.8193,10.5,35204,cpu,6,47,52.6,0.05,0.467078
1766,dueling_dqn,2,85.8431,10.26,35204,cpu,7,46,63.22,0.05,1.36436
1767,dueling_dqn,2,85.872,10.28,35204,cpu,7,56,63.72,0.05,0.556582
1768,dueling_dqn,2,85.9341,10.36,35204,cpu,15,120,147.76,0.05,0.458643
1769,dueling_dqn,2,85.9612,10.5,35204,cpu,8,52,72.47,0.05,1.199242
1770,dueling_dqn,2,85.9703,10.12,35204,cpu,2,18,10.75,0.05,1.690175
1771,dueling_dqn,2,86.0151,10.26,35204,cpu,13,87,125.37,0.05,1.025586
1772,dueling_dqn,2,86.0529,9.84,35204,cpu,8,73,74.16,0.05,1.412728
1773,dueling_dqn,2,86.1062,9.72,35204,cpu,12,103,116.7,0.05,1.153537
1774,dueling_dqn,2,86.1634,9.8,35204,cpu,14,110,137.15,0.05,0.972926
1775,dueling_dqn,2,86.2145,9.96,35204,cpu,10,98,96.23,0.05,1.252774
1776,dueling_dqn,2,86.3034,10.24,35204,cpu,19,170,190.5,0.05,1.162494
1777,dueling_dqn,2,86.3604,10.1,35204,cpu,13,110,127.84,0.05,0.997755
1778,dueling_dqn,2,86.3818,9.84,35204,cpu,8,41,72.88,0.05,2.552954
1779,dueling_dqn,2,86.4283,9.72,35204,cpu,11,90,104.42,0.05,0.636499
1780,dueling_dqn,2,86.4613,9.8,35204,cpu,10,64,94.77,0.05,1.223808
1781,dueling_dqn,2,86.4733,9.8,35204,cpu,4,23,31.62,0.05,0.620821
1782,dueling_dqn,2,86.5255,9.86,35204,cpu,11,101,107.21,0.05,0.621158
1783,dueling_dqn,2,86.5694,10.08,35204,cpu,13,85,125.19,0.05,0.849404
1784,dueling_dqn,2,86.6226,10.12,35204,cpu,13,101,126.23,0.05,0.45082
1785,dueling_dqn,2,86.6741,10.28,35204,cpu,10,99,95.12,0.05,1.833136
1786,dueling_dqn,2,86.7375,10.46,35204,cpu,16,122,158.25,0.05,1.429082
1787,dueling_dqn,2,86.7978,10.56,35204,cpu,16,116,156.91,0.05,1.811532
1788,dueling_dqn,2,86.863,10.86,35204,cpu,16,126,157.61,0.05,1.276107
1789,dueling_dqn,2,86.9273,11.08,35204,cpu,14,124,138.21,0.05,0.926764
1790,dueling_dqn,2,87.0142,11.1,35204,cpu,20,168,200.03,0.05,1.361943
1791,dueling_dqn,2,87.0246,10.8,35204,cpu,3,20,21.44,0.05,1.445618
1792,dueling_dqn,2,87.0468,10.84,35204,cpu,5,43,43.33,0.05,1.675745
1793,dueling_dqn,2,87.0968,10.76,35204,cpu,16,97,156.4,0.05,1.72017
1794,dueling_dqn,2,87.1782,10.78,35204,cpu,20,158,199.13,0.05,1.511102
1795,dueling_dqn,2,87.2365,10.88,35204,cpu,13,113,128.11,0.05,1.323304
1796,dueling_dqn,2,87.3143,11.1,35204,cpu,20,150,199.01,0.05,0.938585
1797,dueling_dqn,2,87.3364,11.02,35204,cpu,6,43,53.04,0.05,1.094053
1798,dueling_dqn,2,87.3716,10.96,35204,cpu,11,68,104.84,0.05,1.252314
1799,dueling_dqn,2,87.4603,11.02,35204,cpu,19,173,190.37,0.05,0.779403
1800,dueling_dqn,2,87.556,11.26,35204,cpu,18,185,182.34,0.05,1.504124
1801,dueling_dqn,2,87.5797,11.24,35204,cpu,6,46,52.91,0.05,1.065685
1802,dueling_dqn,2,87.6106,11.04,35204,cpu,7,60,64.08,0.05,1.389161
1803,dueling_dqn,2,87.6462,10.92,35204,cpu,8,69,74.8,0.05,1.773621
1804,dueling_dqn,2,87.6867,10.96,35204,cpu,8,79,75.9,0.05,0.969931
1805,dueling_dqn,2,87.7082,10.94,35204,cpu,6,42,52.55,0.05,1.031012
1806,dueling_dqn,2,87.7498,10.72,35204,cpu,11,81,105.01,0.05,1.11773
1807,dueling_dqn,2,87.8015,10.76,35204,cpu,10,101,97.5,0.05,0.60433
1808,dueling_dqn,2,87.8798,10.9,35204,cpu,17,152,169.86,0.05,1.634165
1809,dueling_dqn,2,87.9122,10.84,35204,cpu,6,63,54.64,0.05,1.857301
1810,dueling_dqn,2,87.9306,10.84,35204,cpu,4,36,32.79,0.05,0.68811
1811,dueling_dqn,2,87.9497,10.84,35204,cpu,6,37,52.5,0.05,1.241672
1812,dueling_dqn,2,87.961,10.56,35204,cpu,3,22,21.62,0.05,1.142679
1813,dueling_dqn,2,88.0681,10.92,35204,cpu,23,208,232.56,0.05,1.747285
1814,dueling_dqn,2,88.1008,10.98,35204,cpu,7,64,63.64,0.05,1.475642
1815,dueling_dqn,2,88.1332,11.0,35204,cpu,7,63,64.95,0.05,1.118461
1816,dueling_dqn,2,88.2404,11.38,35204,cpu,26,208,263.89,0.05,1.557799
1817,dueling_dqn,2,88.2782,11.44,35204,cpu,10,73,94.78,0.05,0.795451
1818,dueling_dqn,2,88.3248,11.38,35204,cpu,12,90,115.93,0.05,0.724466
1819,dueling_dqn,2,88.3316,11.26,35204,cpu,2,13,10.7,0.05,1.707469
1820,dueling_dqn,2,88.3417,11.28,35204,cpu,3,19,21.15,0.05,2.132947
1821,dueling_dqn,2,88.3567,11.08,35204,cpu,3,29,22.25,0.05,0.544474
1822,dueling_dqn,2,88.4424,11.3,35204,cpu,19,164,192.36,0.05,0.859443
1823,dueling_dqn,2,88.4666,11.2,35204,cpu,7,46,63.02,0.05,1.025818
1824,dueling_dqn,2,88.5035,11.1,35204,cpu,9,71,84.29,0.05,2.0273
1825,dueling_dqn,2,88.5442,11.1,35204,cpu,10,78,94.83,0.05,1.242632
1826,dueling_dqn,2,88.6339,11.16,35204,cpu,22,173,221.7,0.05,1.163412
1827,dueling_dqn,2,88.6493,10.98,35204,cpu,4,30,31.65,0.05,0.939344
1828,dueling_dqn,2,88.7051,11.06,35204,cpu,12,108,117.55,0.05,0.563804
1829,dueling_dqn,2,88.7727,11.22,35204,cpu,19,130,189.5,0.05,0.744851
1830,dueling_dqn,2,88.7835,11.08,35204,cpu,3,21,21.33,0.05,1.307824
1831,dueling_dqn,2,88.852,11.36,35204,cpu,18,132,179.17,0.05,1.575763
1832,dueling_dqn,2,88.8716,11.26,35204,cpu,6,38,52.19,0.05,2.13715
1833,dueling_dqn,2,88.8912,11.12,35204,cpu,6,38,52.79,0.05,1.684137
1834,dueling_dqn,2,88.9628,11.16,35204,cpu,15,138,148.78,0.05,1.131607
1835,dueling_dqn,2,88.9802,11.02,35204,cpu,3,34,22.1,0.05,1.690314
1836,dueling_dqn,2,88.9962,10.8,35204,cpu,5,31,41.85,0.05,1.805605
1837,dueling_dqn,2,89.0365,10.66,35204,cpu,9,78,85.12,0.05,1.088936
1838,dueling_dqn,2,89.0986,10.66,35204,cpu,16,120,156.87,0.05,0.748574
1839,dueling_dqn,2,89.1349,10.6,35204,cpu,11,70,104.42,0.05,0.746972
1840,dueling_dqn,2,89.2045,10.5,35204,cpu,15,134,148.42,0.05,0.77836
1841,dueling_dqn,2,89.2364,10.6,35204,cpu,8,61,73.88,0.05,0.955837
1842,dueling_dqn,2,89.3136,10.82,35204,cpu,16,148,158.19,0.05,0.862667
1843,dueling_dqn,2,89.3313,10.58,35204,cpu,4,34,31.41,0.05,1.343829
1844,dueling_dqn,2,89.3685,10.36,35204,cpu,9,72,83.78,0.05,1.104328
1845,dueling_dqn,2,89.3888,10.2,35204,cpu,5,39,42.97,0.05,1.729406
1846,dueling_dqn,2,89.4012,9.84,35204,cpu,2,24,11.89,0.05,1.217489
1847,dueling_dqn,2,89.4372,9.9,35204,cpu,9,70,85.0,0.05,1.216464
1848,dueling_dqn,2,89.5053,10.04,35204,cpu,18,131,179.08,0.05,0.976399
1849,dueling_dqn,2,89.5747,10.02,35204,cpu,18,134,177.95,0.05,1.522189
1850,dueling_dqn,2,89.5991,9.78,35204,cpu,6,47,53.0,0.05,1.824507
1851,dueling_dqn,2,89.6017,9.66,35204,cpu,0,5,-9.64,0.05,1.125952
1852,dueling_dqn,2,89.6074,9.56,35204,cpu,2,11,10.52,0.05,1.340224
1853,dueling_dqn,2,89.6671,9.64,35204,cpu,12,116,117.47,0.05,1.149108
1854,dueling_dqn,2,89.7187,9.72,35204,cpu,12,100,117.03,0.05,1.095953
1855,dueling_dqn,2,89.8066,10.02,35204,cpu,21,170,211.72,0.05,1.065301
1856,dueling_dqn,2,89.8314,9.92,35204,cpu,6,48,53.09,0.05,2.107417
1857,dueling_dqn,2,89.8764,9.96,35204,cpu,12,87,115.06,0.05,1.577728
1858,dueling_dqn,2,89.8817,9.64,35204,cpu,1,10,0.72,0.05,0.55876
1859,dueling_dqn,2,89.9004,9.6,35204,cpu,4,36,32.79,0.05,1.357768
1860,dueling_dqn,2,89.9468,9.74,35204,cpu,11,90,106.42,0.05,1.481291
1861,dueling_dqn,2,90.0444,10.1,35204,cpu,24,188,242.87,0.05,0.777187
1862,dueling_dqn,2,90.1052,10.36,35204,cpu,16,117,157.0,0.05,1.394577
1863,dueling_dqn,2,90.113,9.96,35204,cpu,3,15,20.59,0.05,1.85091
1864,dueling_dqn,2,90.1358,9.96,35204,cpu,7,44,62.84,0.05,1.631692
1865,dueling_dqn,2,90.2676,10.42,35204,cpu,30,253,305.98,0.05,1.12224
1866,dueling_dqn,2,90.3179,10.14,35204,cpu,12,97,115.36,0.05,0.332149
1867,dueling_dqn,2,90.3837,10.36,35204,cpu,21,126,208.96,0.05,0.646695
1868,dueling_dqn,2,90.4731,10.48,35204,cpu,18,173,180.06,0.05,1.558384
1869,dueling_dqn,2,90.5381,10.72,35204,cpu,14,126,138.39,0.05,1.313254
1870,dueling_dqn,2,90.5861,10.88,35204,cpu,11,93,106.29,0.05,1.52455
1871,dueling_dqn,2,90.6664,11.16,35204,cpu,17,155,168.93,0.05,0.912086
1872,dueling_dqn,2,90.7394,11.12,35204,cpu,17,141,168.87,0.05,1.124409
1873,dueling_dqn,2,90.7647,11.16,35204,cpu,9,49,82.71,0.05,1.225304
1874,dueling_dqn,2,90.8165,11.22,35204,cpu,12,100,117.63,0.05,1.189307
1875,dueling_dqn,2,90.8414,11.18,35204,cpu,8,48,73.51,0.05,0.856412
1876,dueling_dqn,2,90.8941,10.98,35204,cpu,12,102,116.21,0.05,0.205914
1877,dueling_dqn,2,90.9277,11.04,35204,cpu,7,65,65.13,0.05,1.543002
1878,dueling_dqn,2,90.9369,10.84,35204,cpu,2,18,11.15,0.05,0.784414
1879,dueling_dqn,2,91.0322,10.92,35204,cpu,23,184,231.4,0.05,1.112541
1880,dueling_dqn,2,91.0782,11.12,35204,cpu,13,89,126.55,0.05,1.057965
1881,dueling_dqn,2,91.1257,11.02,35204,cpu,13,92,126.02,0.05,0.993025
1882,dueling_dqn,2,91.1567,11.06,35204,cpu,8,60,74.19,0.05,0.908109
1883,dueling_dqn,2,91.1726,11.02,35204,cpu,4,31,31.94,0.05,1.104393
1884,dueling_dqn,2,91.2723,11.16,35204,cpu,22,193,222.1,0.05,0.490354
1885,dueling_dqn,2,91.342,11.4,35204,cpu,15,135,148.31,0.05,1.340007
1886,dueling_dqn,2,91.363,11.4,35204,cpu,5,41,42.75,0.05,0.76287
1887,dueling_dqn,2,91.4381,11.5,35204,cpu,14,145,137.7,0.05,1.767052
1888,dueling_dqn,2,91.4735,11.4,35204,cpu,11,68,104.44,0.05,0.923332
1889,dueling_dqn,2,91.5112,11.34,35204,cpu,8,73,74.96,0.05,1.566544
1890,dueling_dqn,2,91.534,11.16,35204,cpu,6,44,53.13,0.05,1.801733
1891,dueling_dqn,2,91.5869,11.3,35204,cpu,15,101,147.05,0.05,1.435801
1892,dueling_dqn,2,91.7168,11.44,35204,cpu,23,248,230.96,0.05,1.586403
1893,dueling_dqn,2,91.7717,11.6,35204,cpu,12,105,116.48,0.05,0.978601
1894,dueling_dqn,2,91.7916,11.54,35204,cpu,6,38,52.59,0.05,1.467724
1895,dueling_dqn,2,91.8202,11.62,35204,cpu,9,55,83.45,0.05,0.929377
1896,dueling_dqn,2,91.839,11.68,35204,cpu,5,36,42.1,0.05,1.052777
1897,dueling_dqn,2,91.8691,11.66,35204,cpu,8,58,74.41,0.05,1.286948
1898,dueling_dqn,2,91.8935,11.46,35204,cpu,8,47,73.42,0.05,1.395747
1899,dueling_dqn,2,91.9506,11.4,35204,cpu,15,110,148.06,0.05,1.124919
1900,dueling_dqn,2,91.9547,11.3,35204,cpu,1,8,0.54,0.05,0.385642
1901,dueling_dqn,2,91.9625,11.32,35204,cpu,1,15,0.97,0.05,0.725804
1902,dueling_dqn,2,91.9786,11.36,35204,cpu,4,31,32.14,0.05,0.733902
1903,dueling_dqn,2,91.9929,11.18,35204,cpu,3,28,22.16,0.05,0.733399
1904,dueling_dqn,2,92.0215,11.08,35204,cpu,7,55,63.23,0.05,1.435931
1905,dueling_dqn,2,92.0801,10.92,35204,cpu,13,113,126.91,0.05,1.240772
1906,dueling_dqn,2,92.1676,11.2,35204,cpu,20,168,201.83,0.05,1.324286
1907,dueling_dqn,2,92.2628,11.42,35204,cpu,23,181,230.53,0.05,1.309268
1908,dueling_dqn,2,92.3019,11.58,35204,cpu,9,75,85.25,0.05,1.353802
1909,dueling_dqn,2,92.3356,11.62,35204,cpu,6,65,54.02,0.05,1.440894
1910,dueling_dqn,2,92.4113,11.76,35204,cpu,18,146,179.03,0.05,1.282771
1911,dueling_dqn,2,92.4476,11.48,35204,cpu,10,70,95.11,0.05,1.652587
1912,dueling_dqn,2,92.4907,11.46,35204,cpu,15,83,145.83,0.05,0.777597
1913,dueling_dqn,2,92.4943,11.4,35204,cpu,0,7,-9.46,0.05,1.004142
1914,dueling_dqn,2,92.5272,11.44,35204,cpu,9,64,84.46,0.05,1.265499
1915,dueling_dqn,2,92.5872,11.18,35204,cpu,17,116,166.82,0.05,0.663901
1916,dueling_dqn,2,92.6002,11.06,35204,cpu,6,25,51.62,0.05,1.528088
1917,dueling_dqn,2,92.614,10.7,35204,cpu,3,27,21.87,0.05,1.546742
1918,dueling_dqn,2,92.6563,10.54,35204,cpu,10,82,95.39,0.05,1.256842
1919,dueling_dqn,2,92.7301,10.64,35204,cpu,19,142,190.78,0.05,1.054848
1920,dueling_dqn,2,92.7648,10.6,35204,cpu,9,67,85.13,0.05,1.248241
1921,dueling_dqn,2,92.802,10.5,35204,cpu,12,72,113.71,0.05,2.377611
1922,dueling_dqn,2,92.8435,10.38,35204,cpu,11,80,105.52,0.05,1.483248
1923,dueling_dqn,2,92.8993,10.52,35204,cpu,16,108,157.39,0.05,0.314634
1924,dueling_dqn,2,92.9637,10.56,35204,cpu,14,125,138.1,0.05,1.474038
1925,dueling_dqn,2,92.9854,10.54,35204,cpu,7,42,63.06,0.05,1.123123
1926,dueling_dqn,2,93.0495,10.6,35204,cpu,15,125,149.01,0.05,0.500655
1927,dueling_dqn,2,93.0691,10.58,35204,cpu,6,38,52.59,0.05,0.835618
1928,dueling_dqn,2,93.1511,10.96,35204,cpu,21,159,210.33,0.05,0.907634
1929,dueling_dqn,2,93.224,10.84,35204,cpu,17,141,168.67,0.05,0.887772
1930,dueling_dqn,2,93.359,11.06,35204,cpu,24,261,244.84,0.05,0.981298
1931,dueling_dqn,2,93.4012,11.0,35204,cpu,10,82,93.79,0.05,2.44678
1932,dueling_dqn,2,93.47,11.16,35204,cpu,16,133,158.84,0.05,1.216811
1933,dueling_dqn,2,93.4792,11.12,35204,cpu,2,18,11.35,0.05,0.859113
1934,dueling_dqn,2,93.5261,10.94,35204,cpu,13,91,126.33,0.05,1.755463
1935,dueling_dqn,2,93.6104,11.0,35204,cpu,18,163,179.96,0.05,0.905842
1936,dueling_dqn,2,93.6546,11.08,35204,cpu,9,86,86.24,0.05,1.094957
1937,dueling_dqn,2,93.687,10.96,35204,cpu,8,63,73.86,0.05,0.309543
1938,dueling_dqn,2,93.7877,11.18,35204,cpu,22,196,222.77,0.05,0.699118
1939,dueling_dqn,2,93.8035,11.08,35204,cpu,3,31,21.83,0.05,1.207305
1940,dueling_dqn,2,93.8359,11.14,35204,cpu,9,63,84.17,0.05,0.894183
1941,dueling_dqn,2,93.8569,10.9,35204,cpu,3,41,22.73,0.05,1.187804
1942,dueling_dqn,2,93.922,10.78,35204,cpu,17,127,168.41,0.05,0.823584
1943,dueling_dqn,2,93.9532,10.7,35204,cpu,8,61,73.48,0.05,1.963794
1944,dueling_dqn,2,94.0009,10.8,35204,cpu,11,93,106.49,0.05,1.853549
1945,dueling_dqn,2,94.044,10.84,35204,cpu,11,84,106.48,0.05,1.751048
1946,dueling_dqn,2,94.1357,11.18,35204,cpu,22,179,218.24,0.05,0.90019
1947,dueling_dqn,2,94.2036,11.38,35204,cpu,18,133,178.86,0.05,1.2356
1948,dueling_dqn,2,94.2236,11.3,35204,cpu,4,39,32.26,0.05,0.760226
1949,dueling_dqn,2,94.2729,11.2,35204,cpu,10,95,95.76,0.05,1.053519
1950,dueling_dqn,2,94.3079,11.34,35204,cpu,8,68,74.71,0.05,1.069661
1951,dueling_dqn,2,94.3595,11.56,35204,cpu,12,100,116.63,0.05,0.51802
1952,dueling_dqn,2,94.4451,11.88,35204,cpu,20,167,200.74,0.05,1.059296
1953,dueling_dqn,2,94.4471,11.86,35204,cpu,2,4,10.09,0.05,0.994178
1954,dueling_dqn,2,94.4797,11.88,35204,cpu,8,63,73.86,0.05,1.338185
1955,dueling_dqn,2,94.4843,11.64,35204,cpu,1,9,0.63,0.05,1.313797
1956,dueling_dqn,2,94.5268,11.44,35204,cpu,10,82,95.19,0.05,2.21068
1957,dueling_dqn,2,94.6324,11.48,35204,cpu,25,202,252.64,0.05,1.061886
1958,dueling_dqn,2,94.7467,11.8,35204,cpu,25,219,252.17,0.05,1.179037
1959,dueling_dqn,2,94.7771,11.88,35204,cpu,10,58,93.83,0.05,2.450142
1960,dueling_dqn,2,94.8096,11.68,35204,cpu,8,63,73.86,0.05,0.617322
1961,dueling_dqn,2,94.8127,11.48,35204,cpu,0,6,-9.55,0.05,1.009117
1962,dueling_dqn,2,94.893,11.58,35204,cpu,20,155,198.66,0.05,1.155718
1963,dueling_dqn,2,94.9266,11.72,35204,cpu,7,65,64.53,0.05,1.030387
1964,dueling_dqn,2,95.0053,11.92,35204,cpu,19,152,188.68,0.05,0.737663
1965,dueling_dqn,2,95.0373,11.72,35204,cpu,7,62,64.06,0.05,0.730321
1966,dueling_dqn,2,95.0679,11.72,35204,cpu,6,59,53.68,0.05,2.029891
1967,dueling_dqn,2,95.1636,12.1,35204,cpu,22,185,221.18,0.05,0.857166
1968,dueling_dqn,2,95.1979,12.1,35204,cpu,10,66,94.55,0.05,0.996956
1969,dueling_dqn,2,95.2852,12.24,35204,cpu,26,166,260.91,0.05,2.057215
1970,dueling_dqn,2,95.3568,12.38,35204,cpu,16,138,160.09,0.05,1.467825
1971,dueling_dqn,2,95.4112,12.5,35204,cpu,18,105,176.14,0.05,1.36607
1972,dueling_dqn,2,95.4468,12.44,35204,cpu,8,69,75.0,0.05,0.417237
1973,dueling_dqn,2,95.4858,12.3,35204,cpu,9,75,85.25,0.05,2.267942
1974,dueling_dqn,2,95.5142,12.12,35204,cpu,5,55,44.21,0.05,1.394966
1975,dueling_dqn,2,95.5493,12.16,35204,cpu,9,67,84.93,0.05,0.691583
1976,dueling_dqn,2,95.6235,12.24,35204,cpu,19,144,188.96,0.05,1.576575
1977,dueling_dqn,2,95.6318,12.16,35204,cpu,2,16,11.17,0.05,0.783561
1978,dueling_dqn,2,95.6482,11.82,35204,cpu,4,32,32.23,0.05,2.194813
1979,dueling_dqn,2,95.6856,11.64,35204,cpu,8,72,75.27,0.05,1.720014
1980,dueling_dqn,2,95.7541,11.44,35204,cpu,14,133,137.82,0.05,1.329642
1981,dueling_dqn,2,95.7768,11.36,35204,cpu,6,44,52.53,0.05,1.646333
1982,dueling_dqn,2,95.8773,11.5,35204,cpu,23,194,230.7,0.05,1.116106
1983,dueling_dqn,2,95.9411,11.72,35204,cpu,13,123,128.61,0.05,1.080232
1984,dueling_dqn,2,95.9771,11.66,35204,cpu,10,70,94.91,0.05,1.700839
1985,dueling_dqn,2,96.0974,11.76,35204,cpu,23,233,233.21,0.05,1.326174
1986,dueling_dqn,2,96.1032,11.64,35204,cpu,3,11,20.63,0.05,1.611546
1987,dueling_dqn,2,96.2092,12.0,35204,cpu,26,205,260.02,0.05,1.615604
1988,dueling_dqn,2,96.3017,11.92,35204,cpu,18,177,180.02,0.05,0.84492
1989,dueling_dqn,2,96.3275,11.96,35204,cpu,5,50,43.36,0.05,0.830442
1990,dueling_dqn,2,96.3755,12.02,35204,cpu,12,93,115.8,0.05,1.203955
1991,dueling_dqn,2,96.5332,12.56,35204,cpu,30,303,307.48,0.05,1.051786
1992,dueling_dqn,2,96.5514,12.32,35204,cpu,5,35,41.81,0.05,1.097495
1993,dueling_dqn,2,96.5556,12.18,35204,cpu,1,8,0.54,0.05,1.573545
1994,dueling_dqn,2,96.6252,12.36,35204,cpu,20,134,200.17,0.05,1.130476
1995,dueling_dqn,2,96.6816,12.42,35204,cpu,14,109,136.86,0.05,0.427626
1996,dueling_dqn,2,96.7166,12.12,35204,cpu,7,68,64.6,0.05,0.973478
1997,dueling_dqn,2,96.7769,12.14,35204,cpu,19,117,187.33,0.05,0.844132
1998,dueling_dqn,2,96.8281,12.3,35204,cpu,12,99,116.94,0.05,0.874744
1999,dueling_dqn,2,96.9134,12.46,35204,cpu,18,165,179.74,0.05,1.776346
2000,dueling_dqn,2,96.9732,12.54,35204,cpu,12,116,117.67,0.05,1.407218
