episode,model,seed,elapsed_seconds,moving_avg_score,model_size,device,score,steps,reward,epsilon,loss
1,q_learning,2,0.0004,1.0,42,cpu,1,23,1.09,0.995,0.0
2,q_learning,2,0.0005,0.5,57,cpu,0,8,-10.37,0.99003,0.0
3,q_learning,2,0.0009,0.3333,90,cpu,0,29,-10.88,0.98507,0.0
4,q_learning,2,0.0012,0.5,129,cpu,1,22,0.2,0.98015,0.0
5,q_learning,2,0.0014,0.4,138,cpu,0,10,-10.39,0.97525,0.0
6,q_learning,2,0.0016,0.3333,150,cpu,0,14,-10.43,0.97037,0.0
7,q_learning,2,0.0017,0.2857,153,cpu,0,7,-10.66,0.96552,0.0
8,q_learning,2,0.0021,0.25,174,cpu,0,31,-10.3,0.96069,0.0
9,q_learning,2,0.0023,0.2222,177,cpu,0,7,-10.26,0.95589,0.0
10,q_learning,2,0.0025,0.2,183,cpu,0,18,-10.07,0.95111,0.0
11,q_learning,2,0.003,0.2727,213,cpu,1,35,-0.63,0.94635,0.0
12,q_learning,2,0.0035,0.3333,225,cpu,1,36,-0.14,0.94162,0.0
13,q_learning,2,0.004,0.3077,225,cpu,0,37,-10.96,0.93691,0.0
14,q_learning,2,0.0049,0.2857,237,cpu,0,63,-10.02,0.93223,0.0
15,q_learning,2,0.0052,0.3333,246,cpu,1,21,-0.29,0.92757,0.0
16,q_learning,2,0.0055,0.3125,246,cpu,0,23,-10.62,0.92293,0.0
17,q_learning,2,0.0058,0.2941,249,cpu,0,14,-10.63,0.91832,0.0
18,q_learning,2,0.0064,0.2778,252,cpu,0,46,-10.55,0.91372,0.0
19,q_learning,2,0.007,0.2632,264,cpu,0,45,-10.84,0.90916,0.0
20,q_learning,2,0.0077,0.3,270,cpu,1,44,-0.02,0.90461,0.0
21,q_learning,2,0.0077,0.2857,273,cpu,0,6,-10.55,0.90009,0.0
22,q_learning,2,0.0081,0.2727,273,cpu,0,22,-10.71,0.89559,0.0
23,q_learning,2,0.0082,0.3043,279,cpu,1,10,0.52,0.89111,0.0
24,q_learning,2,0.0086,0.2917,279,cpu,0,28,-10.57,0.88665,0.0
25,q_learning,2,0.0094,0.32,300,cpu,1,59,-0.67,0.88222,0.0
26,q_learning,2,0.0095,0.3077,306,cpu,0,6,-9.55,0.87781,0.0
27,q_learning,2,0.0097,0.2963,309,cpu,0,12,-9.81,0.87342,0.0
28,q_learning,2,0.0105,0.3214,315,cpu,1,61,-0.09,0.86905,0.0
29,q_learning,2,0.0106,0.3103,315,cpu,0,6,-10.35,0.86471,0.0
30,q_learning,2,0.0113,0.3333,321,cpu,1,46,-0.64,0.86038,0.0
31,q_learning,2,0.0115,0.3226,321,cpu,0,18,-10.47,0.85608,0.0
32,q_learning,2,0.0121,0.375,342,cpu,2,44,10.09,0.8518,0.0
33,q_learning,2,0.0123,0.3636,342,cpu,0,12,-10.21,0.84754,0.0
34,q_learning,2,0.0124,0.3529,342,cpu,0,6,-9.95,0.84331,0.0
35,q_learning,2,0.0131,0.3429,342,cpu,0,42,-10.51,0.83909,0.0
36,q_learning,2,0.0135,0.3333,345,cpu,0,33,-11.12,0.83489,0.0
37,q_learning,2,0.0138,0.3243,345,cpu,0,18,-10.07,0.83072,0.0
38,q_learning,2,0.0141,0.3421,357,cpu,1,25,0.07,0.82657,0.0
39,q_learning,2,0.0144,0.3333,357,cpu,0,21,-10.4,0.82243,0.0
40,q_learning,2,0.0146,0.325,357,cpu,0,9,-10.68,0.81832,0.0
41,q_learning,2,0.0147,0.3171,357,cpu,0,8,-10.37,0.81423,0.0
42,q_learning,2,0.0152,0.3571,384,cpu,2,32,10.61,0.81016,0.0
43,q_learning,2,0.0156,0.3721,390,cpu,1,28,0.34,0.80611,0.0
44,q_learning,2,0.016,0.3636,390,cpu,0,27,-10.86,0.80208,0.0
45,q_learning,2,0.0162,0.3778,393,cpu,1,13,0.39,0.79807,0.0
46,q_learning,2,0.0167,0.3696,393,cpu,0,38,-10.27,0.79408,0.0
47,q_learning,2,0.0169,0.3617,396,cpu,0,16,-10.45,0.7901,0.0
48,q_learning,2,0.0174,0.3542,396,cpu,0,31,-10.5,0.78615,0.0
49,q_learning,2,0.0175,0.3469,396,cpu,0,12,-9.81,0.78222,0.0
50,q_learning,2,0.0181,0.38,399,cpu,2,41,10.82,0.77831,0.0
51,q_learning,2,0.0191,0.36,399,cpu,0,70,-10.39,0.77442,0.0
52,q_learning,2,0.0193,0.38,402,cpu,1,12,-0.3,0.77055,0.0
53,q_learning,2,0.0197,0.38,402,cpu,0,27,-10.46,0.7667,0.0
54,q_learning,2,0.0201,0.38,402,cpu,1,25,-0.33,0.76286,0.0
55,q_learning,2,0.0202,0.38,405,cpu,0,11,-9.9,0.75905,0.0
56,q_learning,2,0.0204,0.38,408,cpu,0,14,-10.43,0.75525,0.0
57,q_learning,2,0.022,0.42,414,cpu,2,101,9.62,0.75148,0.0
58,q_learning,2,0.0221,0.42,414,cpu,0,6,-9.75,0.74772,0.0
59,q_learning,2,0.0224,0.44,426,cpu,1,23,0.29,0.74398,0.0
60,q_learning,2,0.0229,0.44,426,cpu,0,30,-9.99,0.74026,0.0
61,q_learning,2,0.0231,0.42,429,cpu,0,14,-10.23,0.73656,0.0
62,q_learning,2,0.0234,0.4,432,cpu,0,21,-9.8,0.73288,0.0
63,q_learning,2,0.0236,0.42,435,cpu,1,17,-0.05,0.72921,0.0
64,q_learning,2,0.0238,0.42,438,cpu,0,9,-9.88,0.72557,0.0
65,q_learning,2,0.0239,0.42,438,cpu,1,5,-0.33,0.72194,0.0
66,q_learning,2,0.0248,0.44,447,cpu,1,65,0.07,0.71833,0.0
67,q_learning,2,0.0249,0.44,450,cpu,0,8,-10.37,0.71474,0.0
68,q_learning,2,0.0257,0.48,453,cpu,2,49,10.34,0.71116,0.0
69,q_learning,2,0.0258,0.48,453,cpu,0,8,-10.57,0.70761,0.0
70,q_learning,2,0.0261,0.48,453,cpu,1,21,0.31,0.70407,0.0
71,q_learning,2,0.0268,0.5,453,cpu,1,47,-0.15,0.70055,0.0
72,q_learning,2,0.0271,0.54,456,cpu,2,16,10.97,0.69705,0.0
73,q_learning,2,0.0275,0.56,462,cpu,2,25,10.78,0.69356,0.0
74,q_learning,2,0.0278,0.56,465,cpu,0,21,-9.6,0.69009,0.0
75,q_learning,2,0.0284,0.54,468,cpu,0,36,-9.85,0.68664,0.0
76,q_learning,2,0.0291,0.58,468,cpu,2,44,10.89,0.68321,0.0
77,q_learning,2,0.0297,0.58,471,cpu,0,43,-10.42,0.67979,0.0
78,q_learning,2,0.0299,0.56,471,cpu,0,11,-9.3,0.67639,0.0
79,q_learning,2,0.0302,0.56,474,cpu,0,20,-10.09,0.67301,0.0
80,q_learning,2,0.0303,0.54,474,cpu,0,7,-10.46,0.66965,0.0
81,q_learning,2,0.0305,0.56,474,cpu,1,11,0.21,0.6663,0.0
82,q_learning,2,0.031,0.58,486,cpu,3,29,19.85,0.66297,0.0
83,q_learning,2,0.0313,0.6,486,cpu,1,17,0.35,0.65965,0.0
84,q_learning,2,0.0316,0.6,486,cpu,0,19,-9.78,0.65635,0.0
85,q_learning,2,0.0317,0.62,492,cpu,1,11,0.41,0.65307,0.0
86,q_learning,2,0.032,0.66,498,cpu,2,17,10.46,0.64981,0.0
87,q_learning,2,0.033,0.68,501,cpu,1,64,0.18,0.64656,0.0
88,q_learning,2,0.0335,0.66,501,cpu,0,37,-10.76,0.64333,0.0
89,q_learning,2,0.0337,0.66,501,cpu,0,10,-9.79,0.64011,0.0
90,q_learning,2,0.0338,0.68,501,cpu,1,8,0.54,0.63691,0.0
91,q_learning,2,0.034,0.68,501,cpu,0,14,-10.03,0.63372,0.0
92,q_learning,2,0.0346,0.7,501,cpu,3,37,20.97,0.63056,0.0
93,q_learning,2,0.0348,0.7,501,cpu,1,16,0.06,0.6274,0.0
94,q_learning,2,0.035,0.7,501,cpu,0,7,-9.46,0.62427,0.0
95,q_learning,2,0.0353,0.68,501,cpu,0,23,-10.02,0.62114,0.0
96,q_learning,2,0.0354,0.68,507,cpu,0,8,-9.97,0.61804,0.0
97,q_learning,2,0.0359,0.72,510,cpu,2,33,9.7,0.61495,0.0
98,q_learning,2,0.0367,0.76,519,cpu,2,48,10.85,0.61187,0.0
99,q_learning,2,0.0369,0.76,519,cpu,0,17,-9.76,0.60881,0.0
100,q_learning,2,0.0377,0.76,522,cpu,2,51,10.12,0.60577,0.0
101,q_learning,2,0.0381,0.78,522,cpu,1,25,0.07,0.60274,0.0
102,q_learning,2,0.0383,0.76,522,cpu,0,11,-10.9,0.59973,0.0
103,q_learning,2,0.0384,0.76,522,cpu,0,8,-9.97,0.59673,0.0
104,q_learning,2,0.0387,0.76,525,cpu,1,18,0.64,0.59375,0.0
105,q_learning,2,0.0389,0.78,528,cpu,1,12,0.7,0.59078,0.0
106,q_learning,2,0.039,0.78,528,cpu,0,8,-9.57,0.58782,0.0
107,q_learning,2,0.0393,0.74,528,cpu,0,20,-9.49,0.58488,0.0
108,q_learning,2,0.0398,0.76,528,cpu,1,33,-0.01,0.58196,0.0
109,q_learning,2,0.0402,0.78,534,cpu,2,28,10.85,0.57905,0.0
110,q_learning,2,0.0404,0.78,534,cpu,0,12,-9.81,0.57615,0.0
111,q_learning,2,0.0411,0.82,534,cpu,2,45,10.98,0.57327,0.0
112,q_learning,2,0.0418,0.86,537,cpu,2,42,11.31,0.57041,0.0
113,q_learning,2,0.042,0.84,537,cpu,0,12,-10.01,0.56756,0.0
114,q_learning,2,0.0425,0.88,540,cpu,2,36,10.97,0.56472,0.0
115,q_learning,2,0.043,0.94,543,cpu,4,27,30.98,0.56189,0.0
116,q_learning,2,0.0432,0.94,543,cpu,1,14,0.28,0.55908,0.0
117,q_learning,2,0.0434,0.98,546,cpu,2,13,10.1,0.55629,0.0
118,q_learning,2,0.0438,0.96,546,cpu,1,25,0.27,0.55351,0.0
119,q_learning,2,0.0446,1.04,555,cpu,4,44,30.71,0.55074,0.0
120,q_learning,2,0.0448,1.02,555,cpu,0,14,-9.83,0.54799,0.0
121,q_learning,2,0.0449,1.0,555,cpu,0,11,-9.5,0.54525,0.0
122,q_learning,2,0.0451,0.96,555,cpu,0,10,-9.99,0.54252,0.0
123,q_learning,2,0.0454,0.96,558,cpu,2,19,10.44,0.53981,0.0
124,q_learning,2,0.0461,1.0,561,cpu,2,37,10.66,0.53711,0.0
125,q_learning,2,0.0462,1.0,561,cpu,0,6,-9.75,0.53442,0.0
126,q_learning,2,0.0468,1.0,576,cpu,2,43,10.6,0.53175,0.0
127,q_learning,2,0.0471,1.02,576,cpu,1,13,0.19,0.52909,0.0
128,q_learning,2,0.0474,1.04,576,cpu,1,24,0.38,0.52645,0.0
129,q_learning,2,0.048,1.1,585,cpu,3,35,20.79,0.52381,0.0
130,q_learning,2,0.0482,1.1,585,cpu,0,12,-9.61,0.5212,0.0
131,q_learning,2,0.0486,1.12,588,cpu,2,26,10.67,0.51859,0.0
132,q_learning,2,0.0489,1.1,588,cpu,2,20,10.73,0.516,0.0
133,q_learning,2,0.05,1.1,591,cpu,1,72,0.7,0.51342,0.0
134,q_learning,2,0.0504,1.18,591,cpu,4,27,30.18,0.51085,0.0
135,q_learning,2,0.0511,1.22,591,cpu,3,42,22.42,0.5083,0.0
136,q_learning,2,0.0518,1.26,597,cpu,4,41,31.44,0.50575,0.0
137,q_learning,2,0.0522,1.26,597,cpu,1,23,0.29,0.50322,0.0
138,q_learning,2,0.0533,1.32,600,cpu,3,73,20.81,0.50071,0.0
139,q_learning,2,0.0539,1.36,600,cpu,2,33,11.1,0.49821,0.0
140,q_learning,2,0.0544,1.4,600,cpu,3,25,21.09,0.49571,0.0
141,q_learning,2,0.055,1.48,603,cpu,4,37,32.08,0.49324,0.0
142,q_learning,2,0.0552,1.42,603,cpu,0,10,-9.59,0.49077,0.0
143,q_learning,2,0.0558,1.4,603,cpu,0,34,-9.43,0.48832,0.0
144,q_learning,2,0.0563,1.44,606,cpu,2,31,10.92,0.48587,0.0
145,q_learning,2,0.0567,1.48,606,cpu,2,26,10.87,0.48344,0.0
146,q_learning,2,0.0574,1.56,612,cpu,4,42,31.33,0.48103,0.0
147,q_learning,2,0.0579,1.54,612,cpu,1,36,1.46,0.47862,0.0
148,q_learning,2,0.0585,1.56,612,cpu,3,33,20.81,0.47623,0.0
149,q_learning,2,0.0588,1.58,612,cpu,1,15,0.77,0.47385,0.0
150,q_learning,2,0.0592,1.62,615,cpu,4,24,31.11,0.47148,0.0
151,q_learning,2,0.0594,1.62,615,cpu,1,12,0.5,0.46912,0.0
152,q_learning,2,0.0598,1.64,615,cpu,1,27,0.65,0.46678,0.0
153,q_learning,2,0.0609,1.72,615,cpu,4,69,31.96,0.46444,0.0
154,q_learning,2,0.0613,1.74,615,cpu,2,27,9.96,0.46212,0.0
155,q_learning,2,0.0618,1.78,615,cpu,3,25,20.69,0.45981,0.0
156,q_learning,2,0.0621,1.8,615,cpu,1,23,1.09,0.45751,0.0
157,q_learning,2,0.0623,1.8,615,cpu,0,7,-10.46,0.45522,0.0
158,q_learning,2,0.0626,1.82,618,cpu,2,18,10.15,0.45295,0.0
159,q_learning,2,0.063,1.82,618,cpu,2,23,10.6,0.45068,0.0
160,q_learning,2,0.0631,1.82,618,cpu,0,6,-10.35,0.44843,0.0
161,q_learning,2,0.064,1.84,618,cpu,3,57,21.57,0.44619,0.0
162,q_learning,2,0.0643,1.84,618,cpu,2,20,10.73,0.44396,0.0
163,q_learning,2,0.0647,1.86,618,cpu,1,23,0.49,0.44174,0.0
164,q_learning,2,0.0649,1.84,621,cpu,1,12,0.7,0.43953,0.0
165,q_learning,2,0.0653,1.8,621,cpu,2,26,10.87,0.43733,0.0
166,q_learning,2,0.0656,1.8,624,cpu,1,16,0.46,0.43514,0.0
167,q_learning,2,0.0657,1.76,624,cpu,0,7,-9.66,0.43297,0.0
168,q_learning,2,0.0661,1.78,627,cpu,2,28,10.85,0.4308,0.0
169,q_learning,2,0.0667,1.74,630,cpu,2,36,11.37,0.42865,0.0
170,q_learning,2,0.0673,1.8,630,cpu,3,39,20.55,0.4265,0.0
171,q_learning,2,0.0676,1.8,630,cpu,0,18,-9.47,0.42437,0.0
172,q_learning,2,0.0679,1.82,633,cpu,1,19,0.93,0.42225,0.0
173,q_learning,2,0.0685,1.84,633,cpu,3,41,21.53,0.42014,0.0
174,q_learning,2,0.0691,1.88,639,cpu,4,32,31.03,0.41804,0.0
175,q_learning,2,0.0702,1.96,639,cpu,4,69,33.16,0.41595,0.0
176,q_learning,2,0.0711,1.96,642,cpu,2,44,11.49,0.41387,0.0
177,q_learning,2,0.0716,2.02,645,cpu,4,30,31.25,0.4118,0.0
178,q_learning,2,0.0718,2.02,648,cpu,1,11,0.21,0.40974,0.0
179,q_learning,2,0.0725,2.06,660,cpu,5,38,41.28,0.40769,0.0
180,q_learning,2,0.0728,2.1,660,cpu,2,18,10.35,0.40565,0.0
181,q_learning,2,0.0732,2.1,663,cpu,2,27,11.16,0.40362,0.0
182,q_learning,2,0.0734,2.08,663,cpu,1,11,0.21,0.40161,0.0
183,q_learning,2,0.0736,2.1,663,cpu,2,13,10.5,0.3996,0.0
184,q_learning,2,0.074,2.04,663,cpu,1,24,0.98,0.3976,0.0
185,q_learning,2,0.0746,2.02,663,cpu,2,44,11.09,0.39561,0.0
186,q_learning,2,0.0748,1.96,663,cpu,1,10,0.32,0.39363,0.0
187,q_learning,2,0.0752,1.98,663,cpu,2,27,10.96,0.39167,0.0
188,q_learning,2,0.0757,1.96,663,cpu,2,35,10.68,0.38971,0.0
189,q_learning,2,0.0761,1.98,663,cpu,3,27,20.47,0.38776,0.0
190,q_learning,2,0.0766,1.96,666,cpu,2,32,10.21,0.38582,0.0
191,q_learning,2,0.0772,1.94,675,cpu,3,33,20.01,0.38389,0.0
192,q_learning,2,0.0776,1.96,675,cpu,1,31,0.81,0.38197,0.0
193,q_learning,2,0.078,1.98,675,cpu,1,25,0.67,0.38006,0.0
194,q_learning,2,0.0782,1.98,675,cpu,2,12,10.21,0.37816,0.0
195,q_learning,2,0.0785,1.96,675,cpu,1,15,0.77,0.37627,0.0
196,q_learning,2,0.0788,1.9,678,cpu,1,21,0.51,0.37439,0.0
197,q_learning,2,0.0792,1.92,678,cpu,2,21,10.82,0.37252,0.0
198,q_learning,2,0.0793,1.86,678,cpu,0,6,-9.95,0.37066,0.0
199,q_learning,2,0.0798,1.86,678,cpu,1,25,1.07,0.3688,0.0
200,q_learning,2,0.0803,1.84,678,cpu,3,31,20.63,0.36696,0.0
201,q_learning,2,0.0808,1.88,678,cpu,3,32,21.92,0.36512,0.0
202,q_learning,2,0.0812,1.9,678,cpu,2,26,10.87,0.3633,0.0
203,q_learning,2,0.0817,1.84,678,cpu,1,29,0.43,0.36148,0.0
204,q_learning,2,0.0824,1.9,681,cpu,5,40,41.66,0.35967,0.0
205,q_learning,2,0.0829,1.92,681,cpu,4,29,31.36,0.35788,0.0
206,q_learning,2,0.0832,1.96,684,cpu,3,17,20.77,0.35609,0.0
207,q_learning,2,0.0836,2.0,684,cpu,2,21,10.62,0.35431,0.0
208,q_learning,2,0.0842,2.02,687,cpu,3,39,21.55,0.35253,0.0
209,q_learning,2,0.0847,2.02,690,cpu,2,31,10.92,0.35077,0.0
210,q_learning,2,0.085,2.08,690,cpu,3,21,21.33,0.34902,0.0
211,q_learning,2,0.0854,2.04,690,cpu,1,19,0.73,0.34727,0.0
212,q_learning,2,0.0859,2.06,693,cpu,3,31,21.43,0.34554,0.0
213,q_learning,2,0.086,2.04,693,cpu,0,7,-10.26,0.34381,0.0
214,q_learning,2,0.0864,2.06,693,cpu,2,26,10.67,0.34209,0.0
215,q_learning,2,0.0872,2.12,702,cpu,5,45,42.51,0.34038,0.0
216,q_learning,2,0.0875,2.12,702,cpu,1,14,0.88,0.33868,0.0
217,q_learning,2,0.0879,2.16,702,cpu,2,21,10.82,0.33698,0.0
218,q_learning,2,0.0882,2.16,702,cpu,2,18,11.15,0.3353,0.0
219,q_learning,2,0.0885,2.14,702,cpu,1,16,0.66,0.33362,0.0
220,q_learning,2,0.0887,2.1,702,cpu,1,13,0.79,0.33195,0.0
221,q_learning,2,0.0891,2.14,705,cpu,2,26,11.27,0.33029,0.0
222,q_learning,2,0.09,2.2,708,cpu,4,49,32.16,0.32864,0.0
223,q_learning,2,0.0905,2.24,714,cpu,5,33,41.83,0.327,0.0
224,q_learning,2,0.0911,2.26,720,cpu,5,34,41.32,0.32536,0.0
225,q_learning,2,0.0917,2.24,723,cpu,3,31,21.63,0.32374,0.0
226,q_learning,2,0.0919,2.24,723,cpu,2,15,10.48,0.32212,0.0
227,q_learning,2,0.0923,2.18,723,cpu,1,21,0.11,0.32051,0.0
228,q_learning,2,0.093,2.26,732,cpu,5,42,41.04,0.31891,0.0
229,q_learning,2,0.0936,2.24,732,cpu,4,38,31.97,0.31731,0.0
230,q_learning,2,0.0941,2.24,732,cpu,2,27,11.16,0.31572,0.0
231,q_learning,2,0.0948,2.24,732,cpu,2,41,11.62,0.31415,0.0
232,q_learning,2,0.0951,2.26,732,cpu,2,20,10.73,0.31258,0.0
233,q_learning,2,0.0954,2.24,732,cpu,1,19,0.53,0.31101,0.0
234,q_learning,2,0.096,2.26,735,cpu,2,25,11.18,0.30946,0.0
235,q_learning,2,0.0968,2.32,738,cpu,5,49,41.87,0.30791,0.0
236,q_learning,2,0.0973,2.34,738,cpu,2,29,11.14,0.30637,0.0
237,q_learning,2,0.0984,2.4,750,cpu,5,72,41.94,0.30484,0.0
238,q_learning,2,0.0987,2.4,750,cpu,2,13,10.3,0.30331,0.0
239,q_learning,2,0.0992,2.38,750,cpu,2,32,10.81,0.3018,0.0
240,q_learning,2,0.0995,2.38,753,cpu,2,19,10.84,0.30029,0.0
241,q_learning,2,0.0996,2.32,756,cpu,0,7,-9.66,0.29879,0.0
242,q_learning,2,0.0998,2.3,756,cpu,0,8,-9.57,0.29729,0.0
243,q_learning,2,0.1001,2.32,756,cpu,2,17,10.66,0.29581,0.0
244,q_learning,2,0.1002,2.3,756,cpu,1,5,0.27,0.29433,0.0
245,q_learning,2,0.1007,2.34,756,cpu,3,30,21.54,0.29286,0.0
246,q_learning,2,0.101,2.34,756,cpu,1,21,0.71,0.29139,0.0
247,q_learning,2,0.1017,2.4,768,cpu,5,40,42.06,0.28994,0.0
248,q_learning,2,0.1022,2.44,771,cpu,2,26,11.67,0.28849,0.0
249,q_learning,2,0.1026,2.46,774,cpu,2,25,10.58,0.28704,0.0
250,q_learning,2,0.103,2.44,777,cpu,2,25,10.98,0.28561,0.0
251,q_learning,2,0.1037,2.46,780,cpu,4,37,31.48,0.28418,0.0
252,q_learning,2,0.1041,2.44,780,cpu,1,24,-0.02,0.28276,0.0
253,q_learning,2,0.1043,2.44,780,cpu,1,12,0.7,0.28135,0.0
254,q_learning,2,0.1047,2.42,783,cpu,4,23,31.22,0.27994,0.0
255,q_learning,2,0.1053,2.4,786,cpu,3,32,21.12,0.27854,0.0
256,q_learning,2,0.1056,2.38,786,cpu,2,17,10.06,0.27715,0.0
257,q_learning,2,0.1065,2.42,789,cpu,4,52,32.63,0.27576,0.0
258,q_learning,2,0.1068,2.4,789,cpu,2,19,10.64,0.27438,0.0
259,q_learning,2,0.1078,2.46,792,cpu,5,60,41.26,0.27301,0.0
260,q_learning,2,0.1081,2.44,792,cpu,2,15,10.88,0.27164,0.0
261,q_learning,2,0.1084,2.42,792,cpu,0,20,-9.89,0.27029,0.0
262,q_learning,2,0.1086,2.4,792,cpu,2,12,10.21,0.26893,0.0
263,q_learning,2,0.1093,2.48,792,cpu,4,41,32.44,0.26759,0.0
264,q_learning,2,0.11,2.52,795,cpu,4,36,31.39,0.26625,0.0
265,q_learning,2,0.1102,2.46,795,cpu,2,16,10.77,0.26492,0.0
266,q_learning,2,0.111,2.5,798,cpu,3,48,22.16,0.2636,0.0
267,q_learning,2,0.1116,2.54,801,cpu,4,31,31.74,0.26228,0.0
268,q_learning,2,0.1121,2.58,804,cpu,4,31,31.94,0.26097,0.0
269,q_learning,2,0.1129,2.66,831,cpu,5,42,42.24,0.25966,0.0
270,q_learning,2,0.1131,2.68,831,cpu,2,11,10.32,0.25836,0.0
271,q_learning,2,0.1133,2.66,831,cpu,1,11,0.81,0.25707,0.0
272,q_learning,2,0.1135,2.62,831,cpu,2,12,9.81,0.25579,0.0
273,q_learning,2,0.1138,2.56,834,cpu,2,13,10.7,0.25451,0.0
274,q_learning,2,0.1139,2.46,834,cpu,0,6,-9.95,0.25324,0.0
275,q_learning,2,0.1144,2.48,834,cpu,4,28,31.87,0.25197,0.0
276,q_learning,2,0.1153,2.54,840,cpu,5,52,43.14,0.25071,0.0
277,q_learning,2,0.1158,2.56,840,cpu,2,27,11.36,0.24946,0.0
278,q_learning,2,0.1165,2.56,852,cpu,5,39,42.17,0.24821,0.0
279,q_learning,2,0.1166,2.48,852,cpu,0,8,-9.37,0.24697,0.0
280,q_learning,2,0.117,2.5,852,cpu,3,25,21.49,0.24573,0.0
281,q_learning,2,0.1177,2.56,864,cpu,5,37,41.59,0.2445,0.0
282,q_learning,2,0.1184,2.6,864,cpu,4,45,32.0,0.24328,0.0
283,q_learning,2,0.1192,2.66,864,cpu,4,47,32.38,0.24206,0.0
284,q_learning,2,0.1197,2.64,864,cpu,1,26,1.56,0.24085,0.0
285,q_learning,2,0.1199,2.58,864,cpu,2,14,10.79,0.23965,0.0
286,q_learning,2,0.1203,2.58,867,cpu,2,18,11.15,0.23845,0.0
287,q_learning,2,0.1213,2.58,879,cpu,5,54,42.52,0.23726,0.0
288,q_learning,2,0.1216,2.58,879,cpu,2,17,11.06,0.23607,0.0
289,q_learning,2,0.1219,2.6,879,cpu,3,20,21.04,0.23489,0.0
290,q_learning,2,0.1223,2.6,882,cpu,2,22,11.11,0.23372,0.0
291,q_learning,2,0.1232,2.7,885,cpu,5,48,43.18,0.23255,0.0
292,q_learning,2,0.1235,2.72,885,cpu,1,19,0.93,0.23139,0.0
293,q_learning,2,0.124,2.76,885,cpu,4,28,31.07,0.23023,0.0
294,q_learning,2,0.1245,2.82,885,cpu,4,30,31.85,0.22908,0.0
295,q_learning,2,0.1254,2.86,894,cpu,5,52,42.74,0.22793,0.0
296,q_learning,2,0.1257,2.86,894,cpu,1,15,0.97,0.22679,0.0
297,q_learning,2,0.1259,2.76,894,cpu,0,9,-9.68,0.22566,0.0
298,q_learning,2,0.1267,2.84,900,cpu,6,46,52.91,0.22453,0.0
299,q_learning,2,0.1273,2.86,906,cpu,3,35,21.79,0.22341,0.0
300,q_learning,2,0.1274,2.84,906,cpu,1,7,0.45,0.22229,0.0
301,q_learning,2,0.1275,2.8,906,cpu,2,5,9.98,0.22118,0.0
302,q_learning,2,0.1277,2.8,909,cpu,1,12,0.5,0.22007,0.0
303,q_learning,2,0.1284,2.88,909,cpu,5,36,42.3,0.21897,0.0
304,q_learning,2,0.1285,2.84,909,cpu,2,7,10.16,0.21788,0.0
305,q_learning,2,0.1296,2.88,912,cpu,5,52,42.94,0.21679,0.0
306,q_learning,2,0.1301,2.88,912,cpu,2,30,11.63,0.21571,0.0
307,q_learning,2,0.1304,2.84,912,cpu,2,16,10.57,0.21463,0.0
308,q_learning,2,0.1305,2.84,912,cpu,2,6,10.27,0.21355,0.0
309,q_learning,2,0.1308,2.76,915,cpu,1,16,0.46,0.21249,0.0
310,q_learning,2,0.1314,2.78,915,cpu,3,37,20.97,0.21142,0.0
311,q_learning,2,0.1325,2.9,921,cpu,6,62,53.55,0.21037,0.0
312,q_learning,2,0.1331,2.94,921,cpu,4,30,32.05,0.20932,0.0
313,q_learning,2,0.1332,2.88,921,cpu,1,10,0.72,0.20827,0.0
314,q_learning,2,0.1339,2.88,924,cpu,4,36,31.59,0.20723,0.0
315,q_learning,2,0.1342,2.88,924,cpu,2,19,11.24,0.20619,0.0
316,q_learning,2,0.1351,2.92,933,cpu,5,53,42.63,0.20516,0.0
317,q_learning,2,0.1364,2.96,948,cpu,6,72,52.65,0.20413,0.0
318,q_learning,2,0.1367,2.92,948,cpu,2,12,10.81,0.20311,0.0
319,q_learning,2,0.1373,2.88,948,cpu,3,36,21.48,0.2021,0.0
320,q_learning,2,0.1381,2.94,951,cpu,5,41,42.75,0.20109,0.0
321,q_learning,2,0.1384,2.96,951,cpu,2,17,11.26,0.20008,0.0
322,q_learning,2,0.139,3.02,957,cpu,5,34,41.52,0.19908,0.0
323,q_learning,2,0.1399,3.1,960,cpu,6,49,53.18,0.19809,0.0
324,q_learning,2,0.1407,3.2,966,cpu,5,46,42.6,0.1971,0.0
325,q_learning,2,0.1415,3.24,972,cpu,6,45,52.42,0.19611,0.0
326,q_learning,2,0.1416,3.14,972,cpu,0,5,-9.64,0.19513,0.0
327,q_learning,2,0.1422,3.2,978,cpu,5,36,41.9,0.19415,0.0
328,q_learning,2,0.1428,3.18,978,cpu,4,31,31.74,0.19318,0.0
329,q_learning,2,0.1435,3.26,981,cpu,4,42,32.33,0.19222,0.0
330,q_learning,2,0.1444,3.24,981,cpu,2,49,12.14,0.19126,0.0
331,q_learning,2,0.1448,3.2,981,cpu,3,26,21.58,0.1903,0.0
332,q_learning,2,0.1451,3.16,981,cpu,2,15,10.48,0.18935,0.0
333,q_learning,2,0.1458,3.18,984,cpu,5,34,41.72,0.1884,0.0
334,q_learning,2,0.1464,3.26,990,cpu,5,34,41.72,0.18746,0.0
335,q_learning,2,0.1472,3.3,993,cpu,4,43,31.82,0.18652,0.0
336,q_learning,2,0.1488,3.4,1005,cpu,7,94,64.34,0.18559,0.0
337,q_learning,2,0.1495,3.38,1008,cpu,4,35,32.1,0.18466,0.0
338,q_learning,2,0.1504,3.46,1011,cpu,6,50,53.07,0.18374,0.0
339,q_learning,2,0.1505,3.42,1011,cpu,1,9,0.63,0.18282,0.0
340,q_learning,2,0.1517,3.5,1023,cpu,6,67,53.4,0.18191,0.0
341,q_learning,2,0.1531,3.58,1035,cpu,9,77,84.23,0.181,0.0
342,q_learning,2,0.1542,3.68,1041,cpu,6,58,53.59,0.18009,0.0
343,q_learning,2,0.1545,3.64,1041,cpu,2,17,10.86,0.17919,0.0
344,q_learning,2,0.1551,3.66,1041,cpu,5,28,41.78,0.1783,0.0
345,q_learning,2,0.1553,3.56,1041,cpu,0,13,-9.52,0.1774,0.0
346,q_learning,2,0.1559,3.66,1044,cpu,6,33,51.94,0.17652,0.0
347,q_learning,2,0.1569,3.76,1056,cpu,5,53,43.23,0.17563,0.0
348,q_learning,2,0.1574,3.74,1065,cpu,5,25,40.71,0.17476,0.0
349,q_learning,2,0.1584,3.78,1077,cpu,5,58,42.48,0.17388,0.0
350,q_learning,2,0.1589,3.84,1077,cpu,4,29,31.96,0.17301,0.0
351,q_learning,2,0.1596,3.92,1083,cpu,6,41,52.46,0.17215,0.0
352,q_learning,2,0.1604,4.0,1083,cpu,5,42,42.24,0.17129,0.0
353,q_learning,2,0.161,4.0,1083,cpu,5,33,41.63,0.17043,0.0
354,q_learning,2,0.1617,4.06,1086,cpu,5,37,42.19,0.16958,0.0
355,q_learning,2,0.162,4.0,1086,cpu,2,19,11.24,0.16873,0.0
356,q_learning,2,0.1622,3.96,1089,cpu,0,10,-9.59,0.16789,0.0
357,q_learning,2,0.1632,4.0,1089,cpu,4,51,32.94,0.16705,0.0
358,q_learning,2,0.1643,4.08,1095,cpu,6,61,53.66,0.16621,0.0
359,q_learning,2,0.1651,4.16,1098,cpu,5,43,41.53,0.16538,0.0
360,q_learning,2,0.1659,4.22,1104,cpu,6,45,52.62,0.16455,0.0
361,q_learning,2,0.1662,4.14,1104,cpu,2,19,11.04,0.16373,0.0
362,q_learning,2,0.1666,4.1,1104,cpu,2,21,11.22,0.16291,0.0
363,q_learning,2,0.1672,4.2,1104,cpu,6,32,51.65,0.1621,0.0
364,q_learning,2,0.1676,4.16,1104,cpu,2,24,11.49,0.16129,0.0
365,q_learning,2,0.1678,4.16,1104,cpu,2,14,10.99,0.16048,0.0
366,q_learning,2,0.1682,4.14,1107,cpu,4,20,30.95,0.15968,0.0
367,q_learning,2,0.1685,4.06,1110,cpu,2,14,10.79,0.15888,0.0
368,q_learning,2,0.1687,4.02,1110,cpu,0,11,-9.5,0.15809,0.0
369,q_learning,2,0.1689,4.0,1110,cpu,2,11,10.52,0.1573,0.0
370,q_learning,2,0.1692,3.94,1110,cpu,2,16,10.97,0.15651,0.0
371,q_learning,2,0.1706,4.06,1110,cpu,8,79,74.5,0.15573,0.0
372,q_learning,2,0.1713,4.08,1110,cpu,6,37,51.1,0.15495,0.0
373,q_learning,2,0.1716,4.0,1113,cpu,2,16,10.57,0.15417,0.0
374,q_learning,2,0.1729,4.04,1116,cpu,7,67,63.91,0.1534,0.0
375,q_learning,2,0.1734,3.98,1119,cpu,3,31,21.83,0.15264,0.0
376,q_learning,2,0.1736,4.04,1119,cpu,3,11,20.63,0.15187,0.0
377,q_learning,2,0.1747,4.06,1119,cpu,6,55,52.32,0.15111,0.0
378,q_learning,2,0.1752,4.04,1119,cpu,3,27,21.67,0.15036,0.0
379,q_learning,2,0.1763,4.1,1122,cpu,7,59,62.99,0.14961,0.0
380,q_learning,2,0.1769,4.12,1122,cpu,3,35,21.79,0.14886,0.0
381,q_learning,2,0.1779,4.2,1128,cpu,7,55,63.03,0.14811,0.0
382,q_learning,2,0.1782,4.22,1128,cpu,3,18,20.66,0.14737,0.0
383,q_learning,2,0.1784,4.12,1128,cpu,0,8,-9.37,0.14664,0.0
384,q_learning,2,0.1786,4.04,1128,cpu,1,15,0.77,0.1459,0.0
385,q_learning,2,0.1789,3.98,1128,cpu,1,16,0.86,0.14517,0.0
386,q_learning,2,0.1792,3.88,1128,cpu,2,16,10.97,0.14445,0.0
387,q_learning,2,0.1799,3.92,1128,cpu,6,37,52.3,0.14372,0.0
388,q_learning,2,0.1802,3.84,1128,cpu,2,16,10.97,0.14301,0.0
389,q_learning,2,0.181,3.88,1128,cpu,3,43,22.51,0.14229,0.0
390,q_learning,2,0.1812,3.8,1128,cpu,2,16,10.77,0.14158,0.0
391,q_learning,2,0.1823,3.74,1128,cpu,6,58,53.79,0.14087,0.0
392,q_learning,2,0.1824,3.66,1128,cpu,2,7,10.36,0.14017,0.0
393,q_learning,2,0.184,3.8,1140,cpu,9,84,85.06,0.13947,0.0
394,q_learning,2,0.1853,3.88,1152,cpu,9,72,84.58,0.13877,0.0
395,q_learning,2,0.1856,3.92,1152,cpu,2,20,11.13,0.13808,0.0
396,q_learning,2,0.1868,3.94,1155,cpu,7,66,63.42,0.13739,0.0
397,q_learning,2,0.1871,3.86,1155,cpu,1,19,1.13,0.1367,0.0
398,q_learning,2,0.1881,3.88,1158,cpu,6,53,53.54,0.13601,0.0
399,q_learning,2,0.1894,3.92,1167,cpu,7,68,63.4,0.13533,0.0
400,q_learning,2,0.1903,3.92,1170,cpu,4,53,33.12,0.13466,0.0
401,q_learning,2,0.1907,3.84,1170,cpu,2,23,11.6,0.13398,0.0
402,q_learning,2,0.1915,3.82,1170,cpu,4,44,32.51,0.13331,0.0
403,q_learning,2,0.1921,3.82,1170,cpu,5,33,42.43,0.13265,0.0
404,q_learning,2,0.1925,3.78,1170,cpu,3,25,21.09,0.13199,0.0
405,q_learning,2,0.1934,3.84,1173,cpu,5,52,42.74,0.13133,0.0
406,q_learning,2,0.1943,3.98,1176,cpu,7,49,63.29,0.13067,0.0
407,q_learning,2,0.1953,4.06,1185,cpu,8,53,72.96,0.13002,0.0
408,q_learning,2,0.1962,4.04,1188,cpu,5,38,42.48,0.12937,0.0
409,q_learning,2,0.1972,4.12,1194,cpu,9,49,83.11,0.12872,0.0
410,q_learning,2,0.1985,4.18,1212,cpu,9,71,83.49,0.12807,0.0
411,q_learning,2,0.1992,4.28,1212,cpu,7,36,61.92,0.12743,0.0
412,q_learning,2,0.1994,4.26,1212,cpu,1,13,0.79,0.1268,0.0
413,q_learning,2,0.1998,4.18,1212,cpu,2,21,11.22,0.12616,0.0
414,q_learning,2,0.2009,4.24,1215,cpu,5,70,44.36,0.12553,0.0
415,q_learning,2,0.2011,4.2,1218,cpu,0,12,-9.81,0.1249,0.0
416,q_learning,2,0.2024,4.22,1218,cpu,5,72,44.34,0.12428,0.0
417,q_learning,2,0.2027,4.22,1218,cpu,2,20,11.53,0.12366,0.0
418,q_learning,2,0.2042,4.36,1221,cpu,7,80,64.88,0.12304,0.0
419,q_learning,2,0.2056,4.48,1224,cpu,8,74,73.25,0.12243,0.0
420,q_learning,2,0.2064,4.56,1227,cpu,6,46,52.31,0.12181,0.0
421,q_learning,2,0.207,4.44,1227,cpu,2,35,11.48,0.1212,0.0
422,q_learning,2,0.2085,4.5,1239,cpu,9,79,84.41,0.1206,0.0
423,q_learning,2,0.2089,4.5,1239,cpu,2,24,11.49,0.12,0.0
424,q_learning,2,0.2098,4.5,1239,cpu,7,50,63.58,0.1194,0.0
425,q_learning,2,0.2101,4.46,1239,cpu,1,13,0.59,0.1188,0.0
426,q_learning,2,0.2107,4.52,1242,cpu,6,36,52.41,0.1182,0.0
427,q_learning,2,0.2123,4.54,1245,cpu,7,87,64.11,0.11761,0.0
428,q_learning,2,0.214,4.64,1245,cpu,8,85,74.44,0.11702,0.0
429,q_learning,2,0.2149,4.64,1245,cpu,7,50,63.38,0.11644,0.0
430,q_learning,2,0.2155,4.66,1248,cpu,4,34,32.41,0.11586,0.0
431,q_learning,2,0.2162,4.6,1248,cpu,4,35,31.7,0.11528,0.0
432,q_learning,2,0.2177,4.68,1248,cpu,7,84,65.44,0.1147,0.0
433,q_learning,2,0.2185,4.76,1248,cpu,4,50,32.45,0.11413,0.0
434,q_learning,2,0.2201,4.92,1260,cpu,9,88,85.22,0.11356,0.0
435,q_learning,2,0.2212,5.04,1266,cpu,7,53,62.85,0.11299,0.0
436,q_learning,2,0.2214,5.04,1266,cpu,2,9,10.54,0.11243,0.0
437,q_learning,2,0.2222,5.02,1269,cpu,5,47,41.89,0.11186,0.0
438,q_learning,2,0.2228,5.06,1272,cpu,4,33,32.12,0.1113,0.0
439,q_learning,2,0.2232,5.06,1272,cpu,3,23,20.51,0.11075,0.0
440,q_learning,2,0.2241,5.12,1272,cpu,5,51,43.85,0.11019,0.0
441,q_learning,2,0.2255,5.18,1278,cpu,9,74,84.36,0.10964,0.0
442,q_learning,2,0.2262,5.24,1281,cpu,5,41,42.55,0.10909,0.0
443,q_learning,2,0.2271,5.14,1281,cpu,4,50,31.85,0.10855,0.0
444,q_learning,2,0.2283,5.14,1290,cpu,9,64,84.26,0.10801,0.0
445,q_learning,2,0.2299,5.28,1293,cpu,9,78,85.12,0.10747,0.0
446,q_learning,2,0.2307,5.26,1293,cpu,6,42,53.15,0.10693,0.0
447,q_learning,2,0.2317,5.42,1302,cpu,9,54,83.56,0.10639,0.0
448,q_learning,2,0.2325,5.38,1302,cpu,4,41,32.84,0.10586,0.0
449,q_learning,2,0.2329,5.26,1305,cpu,1,21,0.71,0.10533,0.0
450,q_learning,2,0.2338,5.34,1308,cpu,8,47,73.02,0.10481,0.0
451,q_learning,2,0.2348,5.48,1314,cpu,9,52,83.38,0.10428,0.0
452,q_learning,2,0.2358,5.58,1326,cpu,9,55,82.85,0.10376,0.0
453,q_learning,2,0.2376,5.66,1335,cpu,9,95,85.05,0.10324,0.0
454,q_learning,2,0.238,5.64,1341,cpu,2,19,10.24,0.10273,0.0
455,q_learning,2,0.2395,5.72,1341,cpu,9,77,85.23,0.10221,0.0
456,q_learning,2,0.2402,5.7,1344,cpu,6,41,53.06,0.1017,0.0
457,q_learning,2,0.241,5.58,1344,cpu,2,41,12.22,0.10119,0.0
458,q_learning,2,0.242,5.64,1344,cpu,8,53,73.56,0.10069,0.0
459,q_learning,2,0.2426,5.52,1344,cpu,3,36,22.48,0.10018,0.0
460,q_learning,2,0.2433,5.42,1344,cpu,4,37,32.28,0.09968,0.0
461,q_learning,2,0.2442,5.38,1344,cpu,5,49,43.47,0.09918,0.0
462,q_learning,2,0.2449,5.42,1344,cpu,3,37,22.57,0.09869,0.0
463,q_learning,2,0.2451,5.4,1344,cpu,1,7,0.45,0.09819,0.0
464,q_learning,2,0.2453,5.32,1344,cpu,1,12,0.7,0.0977,0.0
465,q_learning,2,0.246,5.4,1344,cpu,4,32,31.83,0.09721,0.0
466,q_learning,2,0.2469,5.42,1344,cpu,6,46,52.71,0.09673,0.0
467,q_learning,2,0.2482,5.54,1347,cpu,8,63,74.66,0.09625,0.0
468,q_learning,2,0.2486,5.44,1350,cpu,2,22,11.11,0.09576,0.0
469,q_learning,2,0.2498,5.46,1374,cpu,9,68,82.42,0.09529,0.0
470,q_learning,2,0.2506,5.5,1374,cpu,8,41,72.68,0.09481,0.0
471,q_learning,2,0.2509,5.48,1374,cpu,1,17,0.75,0.09433,0.0
472,q_learning,2,0.2516,5.4,1374,cpu,5,41,42.55,0.09386,0.0
473,q_learning,2,0.2529,5.52,1377,cpu,8,69,73.2,0.09339,0.0
474,q_learning,2,0.2533,5.42,1377,cpu,2,25,10.98,0.09293,0.0
475,q_learning,2,0.2542,5.52,1380,cpu,6,42,52.95,0.09246,0.0
476,q_learning,2,0.2556,5.58,1395,cpu,9,74,85.16,0.092,0.0
477,q_learning,2,0.2568,5.62,1404,cpu,9,61,83.99,0.09154,0.0
478,q_learning,2,0.2575,5.56,1407,cpu,5,35,42.01,0.09108,0.0
479,q_learning,2,0.2586,5.6,1416,cpu,9,58,84.12,0.09063,0.0
480,q_learning,2,0.2595,5.68,1416,cpu,8,49,72.2,0.09017,0.0
481,q_learning,2,0.26,5.68,1419,cpu,4,25,31.8,0.08972,0.0
482,q_learning,2,0.2613,5.72,1428,cpu,9,71,84.09,0.08927,0.0
483,q_learning,2,0.2623,5.8,1428,cpu,8,52,73.27,0.08883,0.0
484,q_learning,2,0.2633,5.72,1431,cpu,5,47,42.89,0.08838,0.0
485,q_learning,2,0.2634,5.62,1434,cpu,2,8,10.45,0.08794,0.0
486,q_learning,2,0.2643,5.7,1434,cpu,6,41,52.46,0.0875,0.0
487,q_learning,2,0.2647,5.64,1434,cpu,2,22,11.71,0.08706,0.0
488,q_learning,2,0.2653,5.66,1434,cpu,5,31,42.05,0.08663,0.0
489,q_learning,2,0.2668,5.78,1452,cpu,9,80,84.5,0.0862,0.0
490,q_learning,2,0.2671,5.74,1452,cpu,3,15,20.79,0.08576,0.0
491,q_learning,2,0.2684,5.74,1455,cpu,9,74,84.36,0.08534,0.0
492,q_learning,2,0.2698,5.82,1464,cpu,9,75,84.05,0.08491,0.0
493,q_learning,2,0.2714,5.94,1476,cpu,10,76,94.45,0.08448,0.0
494,q_learning,2,0.2725,5.9,1476,cpu,7,61,63.37,0.08406,0.0
495,q_learning,2,0.2732,5.84,1482,cpu,6,35,52.52,0.08364,0.0
496,q_learning,2,0.2744,5.88,1485,cpu,8,64,73.15,0.08322,0.0
497,q_learning,2,0.2757,5.88,1497,cpu,9,74,83.76,0.08281,0.0
498,q_learning,2,0.2768,5.96,1500,cpu,8,62,74.37,0.08239,0.0
499,q_learning,2,0.2777,6.04,1500,cpu,5,47,43.29,0.08198,0.0
500,q_learning,2,0.2786,6.0,1503,cpu,6,46,51.91,0.08157,0.0
501,q_learning,2,0.2795,5.98,1503,cpu,8,47,73.22,0.08116,0.0
502,q_learning,2,0.2809,5.98,1506,cpu,9,69,84.91,0.08076,0.0
503,q_learning,2,0.2818,5.9,1506,cpu,5,51,42.85,0.08035,0.0
504,q_learning,2,0.2834,6.04,1518,cpu,9,89,85.51,0.07995,0.0
505,q_learning,2,0.2848,6.08,1521,cpu,11,73,105.09,0.07955,0.0
506,q_learning,2,0.2861,6.14,1527,cpu,9,69,83.71,0.07916,0.0
507,q_learning,2,0.2875,6.3,1530,cpu,10,70,94.91,0.07876,0.0
508,q_learning,2,0.289,6.3,1533,cpu,8,76,75.43,0.07837,0.0
509,q_learning,2,0.2904,6.42,1542,cpu,9,73,84.87,0.07797,0.0
510,q_learning,2,0.2918,6.52,1542,cpu,9,71,84.89,0.07758,0.0
511,q_learning,2,0.2931,6.58,1545,cpu,8,74,74.25,0.0772,0.0
512,q_learning,2,0.2932,6.54,1545,cpu,1,7,0.45,0.07681,0.0
513,q_learning,2,0.294,6.6,1548,cpu,4,39,33.06,0.07643,0.0
514,q_learning,2,0.295,6.72,1551,cpu,7,57,64.01,0.07604,0.0
515,q_learning,2,0.2965,6.84,1557,cpu,10,69,94.22,0.07566,0.0
516,q_learning,2,0.2978,6.92,1560,cpu,10,67,94.84,0.07529,0.0
517,q_learning,2,0.2992,6.94,1566,cpu,9,75,84.85,0.07491,0.0
518,q_learning,2,0.3001,7.0,1566,cpu,5,52,43.94,0.07453,0.0
519,q_learning,2,0.3015,6.98,1566,cpu,8,75,74.94,0.07416,0.0
520,q_learning,2,0.3025,6.92,1566,cpu,5,57,43.79,0.07379,0.0
521,q_learning,2,0.3037,7.08,1569,cpu,9,68,84.02,0.07342,0.0
522,q_learning,2,0.3048,7.12,1572,cpu,7,50,62.78,0.07305,0.0
523,q_learning,2,0.3057,7.14,1575,cpu,9,40,82.1,0.07269,0.0
524,q_learning,2,0.306,7.12,1575,cpu,1,15,1.17,0.07233,0.0
525,q_learning,2,0.3074,7.18,1575,cpu,9,77,84.63,0.07196,0.0
526,q_learning,2,0.3078,7.06,1575,cpu,3,21,21.33,0.0716,0.0
527,q_learning,2,0.3081,6.92,1575,cpu,2,14,10.79,0.07125,0.0
528,q_learning,2,0.3082,6.84,1575,cpu,1,10,0.32,0.07089,0.0
529,q_learning,2,0.3084,6.68,1575,cpu,1,8,0.34,0.07054,0.0
530,q_learning,2,0.3094,6.7,1578,cpu,9,52,83.18,0.07018,0.0
531,q_learning,2,0.3105,6.8,1584,cpu,9,59,84.01,0.06983,0.0
532,q_learning,2,0.311,6.7,1584,cpu,4,23,31.02,0.06948,0.0
533,q_learning,2,0.3121,6.72,1587,cpu,9,62,83.88,0.06914,0.0
534,q_learning,2,0.3137,6.8,1590,cpu,9,79,86.21,0.06879,0.0
535,q_learning,2,0.3151,7.02,1599,cpu,13,72,124.22,0.06845,0.0
536,q_learning,2,0.3162,7.04,1605,cpu,7,54,63.14,0.0681,0.0
537,q_learning,2,0.3176,7.22,1614,cpu,11,76,104.96,0.06776,0.0
538,q_learning,2,0.3187,7.24,1617,cpu,6,61,52.66,0.06742,0.0
539,q_learning,2,0.3204,7.28,1623,cpu,11,92,106.0,0.06709,0.0
540,q_learning,2,0.3217,7.34,1626,cpu,6,64,54.13,0.06675,0.0
541,q_learning,2,0.3232,7.36,1632,cpu,10,82,95.39,0.06642,0.0
542,q_learning,2,0.324,7.28,1635,cpu,5,40,41.86,0.06609,0.0
543,q_learning,2,0.3241,7.08,1635,cpu,0,6,-9.55,0.06576,0.0
544,q_learning,2,0.3247,7.04,1635,cpu,5,31,41.85,0.06543,0.0
545,q_learning,2,0.3259,7.08,1638,cpu,8,67,74.42,0.0651,0.0
546,q_learning,2,0.327,7.1,1641,cpu,9,60,83.7,0.06477,0.0
547,q_learning,2,0.3281,7.04,1644,cpu,6,58,53.59,0.06445,0.0
548,q_learning,2,0.3289,7.02,1647,cpu,7,42,62.86,0.06413,0.0
549,q_learning,2,0.3305,7.12,1650,cpu,10,80,95.41,0.06381,0.0
550,q_learning,2,0.3325,7.24,1653,cpu,12,105,117.48,0.06349,0.0
551,q_learning,2,0.3332,7.2,1656,cpu,6,36,52.41,0.06317,0.0
552,q_learning,2,0.3336,7.06,1656,cpu,2,24,11.69,0.06286,0.0
553,q_learning,2,0.3338,6.98,1656,cpu,1,10,0.52,0.06254,0.0
554,q_learning,2,0.3346,6.9,1656,cpu,5,48,43.38,0.06223,0.0
555,q_learning,2,0.3359,6.88,1665,cpu,10,66,94.35,0.06192,0.0
556,q_learning,2,0.3367,6.84,1665,cpu,7,43,62.75,0.06161,0.0
557,q_learning,2,0.3386,6.88,1671,cpu,12,99,116.74,0.0613,0.0
558,q_learning,2,0.3399,6.94,1674,cpu,11,67,104.55,0.06099,0.0
559,q_learning,2,0.341,6.88,1677,cpu,6,60,52.97,0.06069,0.0
560,q_learning,2,0.3419,6.8,1680,cpu,5,54,43.12,0.06038,0.0
561,q_learning,2,0.3436,6.82,1686,cpu,9,94,85.76,0.06008,0.0
562,q_learning,2,0.3453,7.0,1689,cpu,10,91,96.8,0.05978,0.0
563,q_learning,2,0.3464,7.04,1689,cpu,6,57,53.1,0.05948,0.0
564,q_learning,2,0.3477,7.06,1689,cpu,8,68,74.51,0.05919,0.0
565,q_learning,2,0.3482,6.96,1689,cpu,5,28,41.98,0.05889,0.0
566,q_learning,2,0.35,7.0,1698,cpu,12,95,115.78,0.0586,0.0
567,q_learning,2,0.3516,7.06,1701,cpu,12,88,116.15,0.0583,0.0
568,q_learning,2,0.3526,7.1,1701,cpu,7,54,63.74,0.05801,0.0
569,q_learning,2,0.3536,7.06,1704,cpu,6,52,53.65,0.05772,0.0
570,q_learning,2,0.3552,7.14,1704,cpu,9,84,86.46,0.05743,0.0
571,q_learning,2,0.3569,7.18,1716,cpu,11,92,105.6,0.05715,0.0
572,q_learning,2,0.3578,7.18,1716,cpu,7,46,62.62,0.05686,0.0
573,q_learning,2,0.3591,7.18,1728,cpu,9,72,83.98,0.05658,0.0
574,q_learning,2,0.3602,7.34,1728,cpu,9,60,84.1,0.05629,0.0
575,q_learning,2,0.3624,7.4,1740,cpu,12,116,117.87,0.05601,0.0
576,q_learning,2,0.364,7.5,1746,cpu,8,81,75.08,0.05573,0.0
577,q_learning,2,0.3649,7.6,1746,cpu,7,52,62.96,0.05545,0.0
578,q_learning,2,0.3655,7.66,1746,cpu,4,31,31.54,0.05517,0.0
579,q_learning,2,0.3666,7.8,1746,cpu,8,58,73.81,0.0549,0.0
580,q_learning,2,0.3673,7.72,1749,cpu,5,38,42.68,0.05462,0.0
581,q_learning,2,0.3681,7.64,1749,cpu,5,45,43.31,0.05435,0.0
582,q_learning,2,0.3696,7.72,1749,cpu,8,81,73.68,0.05408,0.0
583,q_learning,2,0.3705,7.68,1749,cpu,7,50,62.78,0.05381,0.0
584,q_learning,2,0.3714,7.64,1752,cpu,7,46,62.82,0.05354,0.0
585,q_learning,2,0.3719,7.42,1752,cpu,2,27,11.96,0.05327,0.0
586,q_learning,2,0.3734,7.46,1752,cpu,9,81,85.79,0.05301,0.0
587,q_learning,2,0.3746,7.38,1755,cpu,7,66,64.62,0.05274,0.0
588,q_learning,2,0.3756,7.42,1764,cpu,8,56,73.63,0.05248,0.0
589,q_learning,2,0.377,7.4,1767,cpu,10,74,94.87,0.05221,0.0
590,q_learning,2,0.3788,7.46,1767,cpu,9,99,86.61,0.05195,0.0
591,q_learning,2,0.3801,7.44,1770,cpu,9,66,84.04,0.05169,0.0
592,q_learning,2,0.381,7.46,1770,cpu,6,54,54.23,0.05144,0.0
593,q_learning,2,0.3817,7.56,1770,cpu,5,43,43.13,0.05118,0.0
594,q_learning,2,0.383,7.62,1770,cpu,8,75,75.94,0.05092,0.0
595,q_learning,2,0.3841,7.64,1773,cpu,9,59,83.81,0.05067,0.0
596,q_learning,2,0.3854,7.66,1776,cpu,10,74,95.27,0.05041,0.0
597,q_learning,2,0.3878,7.8,1791,cpu,13,122,127.92,0.05016,0.0
598,q_learning,2,0.3896,7.92,1803,cpu,13,93,125.91,0.05,0.0
599,q_learning,2,0.3914,7.92,1806,cpu,10,98,96.63,0.05,0.0
600,q_learning,2,0.3932,7.92,1815,cpu,12,96,116.07,0.05,0.0
601,q_learning,2,0.3953,8.06,1827,cpu,13,110,127.84,0.05,0.0
602,q_learning,2,0.3966,8.24,1830,cpu,11,66,104.26,0.05,0.0
603,q_learning,2,0.3979,8.42,1830,cpu,10,74,95.47,0.05,0.0
604,q_learning,2,0.3982,8.36,1830,cpu,2,18,11.35,0.05,0.0
605,q_learning,2,0.4005,8.42,1839,cpu,13,123,129.21,0.05,0.0
606,q_learning,2,0.4012,8.4,1839,cpu,6,33,52.34,0.05,0.0
607,q_learning,2,0.4018,8.26,1839,cpu,5,35,42.21,0.05,0.0
608,q_learning,2,0.4025,8.08,1839,cpu,2,36,12.37,0.05,0.0
609,q_learning,2,0.4045,8.22,1848,cpu,13,100,126.94,0.05,0.0
610,q_learning,2,0.4055,8.24,1851,cpu,6,60,53.97,0.05,0.0
611,q_learning,2,0.4078,8.32,1866,cpu,13,125,127.59,0.05,0.0
612,q_learning,2,0.4093,8.32,1866,cpu,10,77,95.74,0.05,0.0
613,q_learning,2,0.4112,8.46,1875,cpu,13,104,126.1,0.05,0.0
614,q_learning,2,0.4132,8.56,1884,cpu,13,99,126.85,0.05,0.0
615,q_learning,2,0.415,8.64,1890,cpu,9,102,87.68,0.05,0.0
616,q_learning,2,0.4163,8.66,1893,cpu,13,66,124.08,0.05,0.0
617,q_learning,2,0.4184,8.66,1902,cpu,12,111,117.42,0.05,0.0
618,q_learning,2,0.4198,8.72,1908,cpu,10,72,94.29,0.05,0.0
619,q_learning,2,0.42,8.66,1908,cpu,3,14,20.9,0.05,0.0
620,q_learning,2,0.4214,8.64,1908,cpu,8,68,74.91,0.05,0.0
621,q_learning,2,0.4225,8.54,1908,cpu,6,59,53.48,0.05,0.0
622,q_learning,2,0.4243,8.6,1908,cpu,10,97,95.54,0.05,0.0
623,q_learning,2,0.4245,8.46,1908,cpu,2,12,10.81,0.05,0.0
624,q_learning,2,0.4253,8.36,1908,cpu,4,44,33.31,0.05,0.0
625,q_learning,2,0.4272,8.34,1914,cpu,11,105,106.57,0.05,0.0
626,q_learning,2,0.4282,8.32,1917,cpu,7,52,63.76,0.05,0.0
627,q_learning,2,0.4303,8.44,1926,cpu,13,107,127.97,0.05,0.0
628,q_learning,2,0.4309,8.42,1926,cpu,3,36,22.48,0.05,0.0
629,q_learning,2,0.4331,8.54,1938,cpu,14,116,138.69,0.05,0.0
630,q_learning,2,0.4351,8.7,1947,cpu,13,108,126.26,0.05,0.0
631,q_learning,2,0.4366,8.76,1947,cpu,8,77,74.92,0.05,0.0
632,q_learning,2,0.4371,8.68,1947,cpu,4,26,31.89,0.05,0.0
633,q_learning,2,0.4373,8.58,1950,cpu,2,12,10.81,0.05,0.0
634,q_learning,2,0.439,8.68,1950,cpu,12,86,115.77,0.05,0.0
635,q_learning,2,0.4394,8.7,1950,cpu,3,18,21.06,0.05,0.0
636,q_learning,2,0.4406,8.7,1959,cpu,9,66,84.44,0.05,0.0
637,q_learning,2,0.4411,8.66,1962,cpu,5,23,40.93,0.05,0.0
638,q_learning,2,0.4425,8.68,1962,cpu,9,75,85.45,0.05,0.0
639,q_learning,2,0.4435,8.64,1962,cpu,8,54,73.45,0.05,0.0
640,q_learning,2,0.4443,8.58,1962,cpu,6,44,52.73,0.05,0.0
641,q_learning,2,0.4453,8.52,1962,cpu,6,55,52.72,0.05,0.0
642,q_learning,2,0.4467,8.58,1962,cpu,9,74,85.36,0.05,0.0
643,q_learning,2,0.4481,8.66,1965,cpu,9,76,84.14,0.05,0.0
644,q_learning,2,0.4485,8.54,1965,cpu,2,20,11.53,0.05,0.0
645,q_learning,2,0.4501,8.56,1965,cpu,10,87,95.24,0.05,0.0
646,q_learning,2,0.4515,8.56,1968,cpu,10,72,94.69,0.05,0.0
647,q_learning,2,0.4531,8.56,1980,cpu,13,81,125.43,0.05,0.0
648,q_learning,2,0.4543,8.42,1983,cpu,6,67,54.4,0.05,0.0
649,q_learning,2,0.4546,8.26,1983,cpu,2,17,11.06,0.05,0.0
650,q_learning,2,0.456,8.28,1995,cpu,13,68,122.66,0.05,0.0
651,q_learning,2,0.458,8.28,2004,cpu,13,107,127.57,0.05,0.0
652,q_learning,2,0.4589,8.2,2007,cpu,7,48,63.2,0.05,0.0
653,q_learning,2,0.4599,8.18,2010,cpu,9,52,83.58,0.05,0.0
654,q_learning,2,0.4608,8.28,2013,cpu,7,46,62.42,0.05,0.0
655,q_learning,2,0.4617,8.12,2013,cpu,5,48,43.18,0.05,0.0
656,q_learning,2,0.4639,8.24,2013,cpu,12,116,118.67,0.05,0.0
657,q_learning,2,0.4648,8.26,2013,cpu,6,49,53.38,0.05,0.0
658,q_learning,2,0.4659,8.38,2013,cpu,8,59,73.9,0.05,0.0
659,q_learning,2,0.4663,8.18,2016,cpu,3,24,21.4,0.05,0.0
660,q_learning,2,0.4666,8.1,2016,cpu,2,12,10.81,0.05,0.0
661,q_learning,2,0.4682,8.02,2019,cpu,9,90,86.2,0.05,0.0
662,q_learning,2,0.4684,7.86,2019,cpu,2,10,10.63,0.05,0.0
663,q_learning,2,0.4699,7.78,2022,cpu,9,83,84.77,0.05,0.0
664,q_learning,2,0.4702,7.54,2025,cpu,1,16,0.66,0.05,0.0
665,q_learning,2,0.471,7.46,2025,cpu,5,39,42.37,0.05,0.0
666,q_learning,2,0.4715,7.26,2025,cpu,3,23,21.71,0.05,0.0
667,q_learning,2,0.4733,7.26,2031,cpu,12,94,116.49,0.05,0.0
668,q_learning,2,0.4745,7.22,2031,cpu,8,67,74.42,0.05,0.0
669,q_learning,2,0.475,7.22,2031,cpu,3,30,22.14,0.05,0.0
670,q_learning,2,0.4753,7.1,2031,cpu,2,12,10.61,0.05,0.0
671,q_learning,2,0.4771,7.24,2034,cpu,13,96,126.58,0.05,0.0
672,q_learning,2,0.4779,7.2,2034,cpu,8,44,72.75,0.05,0.0
673,q_learning,2,0.4797,7.42,2049,cpu,13,85,125.39,0.05,0.0
674,q_learning,2,0.4799,7.4,2049,cpu,3,11,20.43,0.05,0.0
675,q_learning,2,0.4801,7.2,2049,cpu,1,9,0.63,0.05,0.0
676,q_learning,2,0.4813,7.22,2049,cpu,8,67,74.82,0.05,0.0
677,q_learning,2,0.4826,7.14,2049,cpu,9,66,84.24,0.05,0.0
678,q_learning,2,0.484,7.32,2052,cpu,12,78,115.45,0.05,0.0
679,q_learning,2,0.4843,7.08,2052,cpu,2,11,10.72,0.05,0.0
680,q_learning,2,0.4854,7.0,2055,cpu,9,58,83.92,0.05,0.0
681,q_learning,2,0.4871,7.1,2079,cpu,13,92,125.22,0.05,0.0
682,q_learning,2,0.4887,7.24,2082,cpu,11,83,105.59,0.05,0.0
683,q_learning,2,0.4901,7.38,2088,cpu,9,71,85.29,0.05,0.0
684,q_learning,2,0.4911,7.32,2088,cpu,9,50,83.4,0.05,0.0
685,q_learning,2,0.4912,7.28,2088,cpu,1,10,0.52,0.05,0.0
686,q_learning,2,0.4923,7.26,2088,cpu,8,60,74.39,0.05,0.0
687,q_learning,2,0.4933,7.28,2088,cpu,6,54,53.43,0.05,0.0
688,q_learning,2,0.4948,7.36,2091,cpu,13,80,125.14,0.05,0.0
689,q_learning,2,0.4971,7.46,2097,cpu,13,112,127.62,0.05,0.0
690,q_learning,2,0.4977,7.44,2100,cpu,5,34,42.52,0.05,0.0
691,q_learning,2,0.4993,7.58,2103,cpu,13,87,126.17,0.05,0.0
692,q_learning,2,0.4997,7.46,2103,cpu,3,25,21.49,0.05,0.0
693,q_learning,2,0.5011,7.44,2103,cpu,8,77,75.52,0.05,0.0
694,q_learning,2,0.5025,7.56,2103,cpu,8,80,75.59,0.05,0.0
695,q_learning,2,0.5038,7.56,2106,cpu,10,67,94.24,0.05,0.0
696,q_learning,2,0.5056,7.6,2112,cpu,12,92,115.71,0.05,0.0
697,q_learning,2,0.5076,7.6,2118,cpu,13,111,127.73,0.05,0.0
698,q_learning,2,0.5092,7.64,2121,cpu,8,86,75.53,0.05,0.0
699,q_learning,2,0.5103,7.74,2124,cpu,7,58,63.7,0.05,0.0
700,q_learning,2,0.5119,7.68,2127,cpu,10,86,96.15,0.05,0.0
701,q_learning,2,0.5132,7.58,2130,cpu,8,67,74.42,0.05,0.0
702,q_learning,2,0.5133,7.46,2130,cpu,1,7,0.25,0.05,0.0
703,q_learning,2,0.5152,7.54,2142,cpu,13,100,126.34,0.05,0.0
704,q_learning,2,0.5164,7.56,2145,cpu,8,62,74.17,0.05,0.0
705,q_learning,2,0.5185,7.72,2151,cpu,13,119,127.45,0.05,0.0
706,q_learning,2,0.5193,7.58,2151,cpu,5,41,41.95,0.05,0.0
707,q_learning,2,0.5202,7.58,2151,cpu,6,49,53.38,0.05,0.0
708,q_learning,2,0.5214,7.54,2151,cpu,6,65,54.42,0.05,0.0
709,q_learning,2,0.5223,7.56,2151,cpu,4,53,34.32,0.05,0.0
710,q_learning,2,0.5232,7.66,2151,cpu,7,49,63.49,0.05,0.0
711,q_learning,2,0.5234,7.5,2151,cpu,1,10,0.52,0.05,0.0
712,q_learning,2,0.5246,7.62,2151,cpu,8,65,73.44,0.05,0.0
713,q_learning,2,0.5257,7.6,2151,cpu,8,58,74.01,0.05,0.0
714,q_learning,2,0.5265,7.7,2154,cpu,6,43,52.84,0.05,0.0
715,q_learning,2,0.5275,7.72,2157,cpu,6,53,52.54,0.05,0.0
716,q_learning,2,0.5288,7.88,2160,cpu,11,70,104.62,0.05,0.0
717,q_learning,2,0.5307,7.9,2172,cpu,13,98,125.96,0.05,0.0
718,q_learning,2,0.5308,7.74,2172,cpu,0,6,-9.55,0.05,0.0
719,q_learning,2,0.5328,7.94,2175,cpu,13,101,127.23,0.05,0.0
720,q_learning,2,0.5341,8.1,2175,cpu,10,70,94.91,0.05,0.0
721,q_learning,2,0.5355,8.1,2181,cpu,13,71,124.93,0.05,0.0
722,q_learning,2,0.5361,8.06,2184,cpu,6,26,51.51,0.05,0.0
723,q_learning,2,0.5362,7.8,2184,cpu,0,9,-9.48,0.05,0.0
724,q_learning,2,0.538,8.0,2202,cpu,13,89,125.75,0.05,0.0
725,q_learning,2,0.5393,8.18,2205,cpu,10,70,94.51,0.05,0.0
726,q_learning,2,0.5396,8.02,2205,cpu,0,14,-9.23,0.05,0.0
727,q_learning,2,0.5405,8.0,2205,cpu,8,49,73.0,0.05,0.0
728,q_learning,2,0.5424,8.0,2208,cpu,12,103,117.5,0.05,0.0
729,q_learning,2,0.5445,8.22,2208,cpu,13,110,127.84,0.05,0.0
730,q_learning,2,0.5455,8.12,2208,cpu,4,56,33.99,0.05,0.0
731,q_learning,2,0.548,8.16,2220,cpu,15,132,147.84,0.05,0.0
732,q_learning,2,0.5497,8.16,2220,cpu,11,93,105.29,0.05,0.0
733,q_learning,2,0.5501,8.06,2223,cpu,4,17,30.68,0.05,0.0
734,q_learning,2,0.5504,7.94,2223,cpu,3,18,21.06,0.05,0.0
735,q_learning,2,0.5525,8.16,2223,cpu,12,113,118.6,0.05,0.0
736,q_learning,2,0.5528,8.04,2223,cpu,2,16,10.37,0.05,0.0
737,q_learning,2,0.5542,8.04,2223,cpu,6,78,54.19,0.05,0.0
738,q_learning,2,0.5548,7.84,2223,cpu,3,31,22.23,0.05,0.0
739,q_learning,2,0.5568,7.84,2223,cpu,13,104,125.9,0.05,0.0
740,q_learning,2,0.5586,8.0,2226,cpu,13,97,126.47,0.05,0.0
741,q_learning,2,0.561,8.0,2229,cpu,13,130,129.24,0.05,0.0
742,q_learning,2,0.5617,8.08,2229,cpu,7,40,62.28,0.05,0.0
743,q_learning,2,0.5635,8.12,2229,cpu,10,92,95.69,0.05,0.0
744,q_learning,2,0.5655,8.22,2232,cpu,13,109,127.75,0.05,0.0
745,q_learning,2,0.5664,8.16,2232,cpu,7,49,63.29,0.05,0.0
746,q_learning,2,0.5669,8.02,2232,cpu,5,22,41.24,0.05,0.0
747,q_learning,2,0.5687,7.98,2232,cpu,11,103,105.99,0.05,0.0
748,q_learning,2,0.5693,7.94,2232,cpu,6,31,51.96,0.05,0.0
749,q_learning,2,0.5704,7.92,2235,cpu,6,60,53.17,0.05,0.0
750,q_learning,2,0.5715,7.88,2235,cpu,8,55,73.94,0.05,0.0
751,q_learning,2,0.5726,7.9,2241,cpu,9,59,83.61,0.05,0.0
752,q_learning,2,0.5732,8.0,2241,cpu,6,33,51.74,0.05,0.0
753,q_learning,2,0.5744,7.94,2241,cpu,10,59,94.12,0.05,0.0
754,q_learning,2,0.5768,8.08,2250,cpu,15,127,148.39,0.05,0.0
755,q_learning,2,0.5786,8.04,2250,cpu,11,97,105.85,0.05,0.0
756,q_learning,2,0.5791,7.98,2253,cpu,2,28,12.05,0.05,0.0
757,q_learning,2,0.5805,8.02,2253,cpu,8,70,74.69,0.05,0.0
758,q_learning,2,0.583,8.2,2262,cpu,15,133,149.33,0.05,0.0
759,q_learning,2,0.5849,8.42,2265,cpu,15,98,146.38,0.05,0.0
760,q_learning,2,0.5853,8.36,2265,cpu,4,23,31.22,0.05,0.0
761,q_learning,2,0.587,8.54,2265,cpu,10,91,96.0,0.05,0.0
762,q_learning,2,0.5883,8.6,2265,cpu,11,65,104.57,0.05,0.0
763,q_learning,2,0.5899,8.64,2265,cpu,10,86,96.15,0.05,0.0
764,q_learning,2,0.592,8.8,2277,cpu,14,113,137.82,0.05,0.0
765,q_learning,2,0.5937,8.94,2277,cpu,13,89,125.35,0.05,0.0
766,q_learning,2,0.5943,8.8,2277,cpu,4,35,32.1,0.05,0.0
767,q_learning,2,0.595,8.66,2280,cpu,6,36,52.21,0.05,0.0
768,q_learning,2,0.5967,8.88,2280,cpu,11,85,106.17,0.05,0.0
769,q_learning,2,0.5983,8.86,2280,cpu,12,87,116.06,0.05,0.0
770,q_learning,2,0.5997,8.9,2283,cpu,12,76,115.07,0.05,0.0
771,q_learning,2,0.6012,8.88,2283,cpu,12,75,114.98,0.05,0.0
772,q_learning,2,0.6015,8.8,2283,cpu,2,15,10.88,0.05,0.0
773,q_learning,2,0.6023,8.88,2283,cpu,4,46,32.49,0.05,0.0
774,q_learning,2,0.6026,8.66,2283,cpu,2,16,10.77,0.05,0.0
775,q_learning,2,0.6042,8.64,2283,cpu,9,84,85.26,0.05,0.0
776,q_learning,2,0.6058,8.9,2283,cpu,13,87,126.17,0.05,0.0
777,q_learning,2,0.6076,9.02,2292,cpu,14,93,136.22,0.05,0.0
778,q_learning,2,0.6094,9.04,2295,cpu,13,96,126.98,0.05,0.0
779,q_learning,2,0.6101,8.9,2295,cpu,6,36,52.01,0.05,0.0
780,q_learning,2,0.6114,8.98,2295,cpu,8,67,74.82,0.05,0.0
781,q_learning,2,0.6129,8.94,2298,cpu,13,80,124.54,0.05,0.0
782,q_learning,2,0.6151,8.96,2304,cpu,12,113,117.6,0.05,0.0
783,q_learning,2,0.6152,8.9,2304,cpu,1,9,0.63,0.05,0.0
784,q_learning,2,0.617,9.08,2304,cpu,12,95,117.18,0.05,0.0
785,q_learning,2,0.6171,8.84,2304,cpu,0,7,-9.66,0.05,0.0
786,q_learning,2,0.6184,8.96,2304,cpu,8,71,75.18,0.05,0.0
787,q_learning,2,0.6203,9.1,2304,cpu,13,97,127.07,0.05,0.0
788,q_learning,2,0.6217,9.2,2307,cpu,8,77,74.52,0.05,0.0
789,q_learning,2,0.6235,9.16,2310,cpu,11,93,104.89,0.05,0.0
790,q_learning,2,0.6248,9.08,2313,cpu,9,69,84.71,0.05,0.0
791,q_learning,2,0.6269,9.04,2313,cpu,11,120,109.12,0.05,0.0
792,q_learning,2,0.6289,9.16,2325,cpu,13,102,126.32,0.05,0.0
793,q_learning,2,0.6301,9.1,2328,cpu,7,62,63.66,0.05,0.0
794,q_learning,2,0.6322,9.12,2334,cpu,14,111,137.04,0.05,0.0
795,q_learning,2,0.6335,9.24,2337,cpu,13,70,124.84,0.05,0.0
796,q_learning,2,0.6347,9.32,2337,cpu,9,67,84.73,0.05,0.0
797,q_learning,2,0.6354,9.22,2337,cpu,6,37,52.3,0.05,0.0
798,q_learning,2,0.6363,9.2,2337,cpu,5,48,43.38,0.05,0.0
799,q_learning,2,0.6377,9.24,2337,cpu,8,73,75.36,0.05,0.0
800,q_learning,2,0.6389,9.26,2337,cpu,9,66,84.24,0.05,0.0
801,q_learning,2,0.6403,9.28,2337,cpu,10,73,95.38,0.05,0.0
802,q_learning,2,0.6427,9.48,2337,cpu,16,123,158.54,0.05,0.0
803,q_learning,2,0.6431,9.32,2337,cpu,2,23,11.8,0.05,0.0
804,q_learning,2,0.6443,9.24,2337,cpu,11,62,103.7,0.05,0.0
805,q_learning,2,0.6464,9.26,2337,cpu,12,106,116.77,0.05,0.0
806,q_learning,2,0.647,9.3,2337,cpu,4,33,32.32,0.05,0.0
807,q_learning,2,0.6482,9.3,2337,cpu,8,64,73.55,0.05,0.0
808,q_learning,2,0.6494,9.2,2337,cpu,10,64,94.37,0.05,0.0
809,q_learning,2,0.6501,8.98,2340,cpu,4,37,32.48,0.05,0.0
810,q_learning,2,0.6515,9.08,2340,cpu,9,77,85.03,0.05,0.0
811,q_learning,2,0.6517,8.88,2340,cpu,0,11,-9.3,0.05,0.0
812,q_learning,2,0.6541,8.98,2340,cpu,16,125,158.92,0.05,0.0
813,q_learning,2,0.6564,9.1,2346,cpu,16,116,156.71,0.05,0.0
814,q_learning,2,0.658,9.04,2346,cpu,11,89,105.33,0.05,0.0
815,q_learning,2,0.6588,8.94,2346,cpu,8,46,72.73,0.05,0.0
816,q_learning,2,0.6599,8.98,2355,cpu,6,63,53.44,0.05,0.0
817,q_learning,2,0.6612,9.04,2358,cpu,9,70,84.2,0.05,0.0
818,q_learning,2,0.663,9.06,2358,cpu,12,93,116.0,0.05,0.0
819,q_learning,2,0.6634,8.86,2358,cpu,2,24,11.49,0.05,0.0
820,q_learning,2,0.6646,8.78,2358,cpu,8,62,73.97,0.05,0.0
821,q_learning,2,0.6666,8.84,2361,cpu,15,106,146.5,0.05,0.0
822,q_learning,2,0.6686,9.02,2361,cpu,11,109,108.13,0.05,0.0
823,q_learning,2,0.6688,8.98,2361,cpu,2,11,10.52,0.05,0.0
824,q_learning,2,0.6708,9.22,2364,cpu,14,104,137.61,0.05,0.0
825,q_learning,2,0.6713,9.06,2364,cpu,1,26,1.56,0.05,0.0
826,q_learning,2,0.6727,8.96,2364,cpu,8,79,74.9,0.05,0.0
827,q_learning,2,0.6744,8.92,2364,cpu,12,86,115.77,0.05,0.0
828,q_learning,2,0.6755,8.82,2364,cpu,8,62,73.77,0.05,0.0
829,q_learning,2,0.6769,8.88,2367,cpu,9,76,85.14,0.05,0.0
830,q_learning,2,0.68,9.04,2376,cpu,16,160,161.07,0.05,0.0
831,q_learning,2,0.6819,8.96,2379,cpu,9,108,87.22,0.05,0.0
832,q_learning,2,0.6834,9.0,2385,cpu,14,78,134.47,0.05,0.0
833,q_learning,2,0.6848,9.16,2388,cpu,9,72,83.98,0.05,0.0
834,q_learning,2,0.6857,9.1,2394,cpu,9,51,83.09,0.05,0.0
835,q_learning,2,0.6872,9.3,2394,cpu,10,80,95.41,0.05,0.0
836,q_learning,2,0.6882,9.26,2394,cpu,6,49,53.38,0.05,0.0
837,q_learning,2,0.6884,9.04,2397,cpu,2,12,10.61,0.05,0.0
838,q_learning,2,0.6901,9.1,2397,cpu,11,91,105.71,0.05,0.0
839,q_learning,2,0.6918,9.12,2397,cpu,12,94,116.09,0.05,0.0
840,q_learning,2,0.693,9.08,2400,cpu,7,64,64.04,0.05,0.0
841,q_learning,2,0.6933,8.94,2400,cpu,4,17,30.88,0.05,0.0
842,q_learning,2,0.6942,8.8,2400,cpu,6,51,53.16,0.05,0.0
843,q_learning,2,0.6954,8.86,2400,cpu,10,59,93.72,0.05,0.0
844,q_learning,2,0.6956,8.62,2400,cpu,2,13,10.7,0.05,0.0
845,q_learning,2,0.6966,8.5,2400,cpu,7,45,62.93,0.05,0.0
846,q_learning,2,0.6973,8.44,2403,cpu,6,38,52.59,0.05,0.0
847,q_learning,2,0.6991,8.6,2409,cpu,14,104,137.61,0.05,0.0
848,q_learning,2,0.7003,8.66,2412,cpu,8,61,73.08,0.05,0.0
849,q_learning,2,0.701,8.62,2412,cpu,6,40,52.57,0.05,0.0
850,q_learning,2,0.7016,8.5,2412,cpu,3,29,22.05,0.05,0.0
851,q_learning,2,0.7021,8.4,2412,cpu,5,26,41.2,0.05,0.0
852,q_learning,2,0.7033,8.24,2412,cpu,8,67,74.22,0.05,0.0
853,q_learning,2,0.7058,8.46,2418,cpu,13,128,127.26,0.05,0.0
854,q_learning,2,0.7069,8.36,2418,cpu,6,60,52.97,0.05,0.0
855,q_learning,2,0.7087,8.38,2424,cpu,13,94,126.4,0.05,0.0
856,q_learning,2,0.709,8.36,2424,cpu,3,16,20.48,0.05,0.0
857,q_learning,2,0.7095,8.24,2424,cpu,2,27,11.76,0.05,0.0
858,q_learning,2,0.7115,8.26,2424,cpu,11,108,106.84,0.05,0.0
859,q_learning,2,0.7134,8.42,2427,cpu,12,98,116.05,0.05,0.0
860,q_learning,2,0.7148,8.46,2427,cpu,11,73,105.29,0.05,0.0
861,q_learning,2,0.7165,8.68,2427,cpu,11,93,105.09,0.05,0.0
862,q_learning,2,0.7179,8.56,2430,cpu,10,72,94.09,0.05,0.0
863,q_learning,2,0.7188,8.4,2433,cpu,8,52,73.07,0.05,0.0
864,q_learning,2,0.7194,8.24,2433,cpu,3,32,20.92,0.05,0.0
865,q_learning,2,0.7195,8.08,2433,cpu,0,6,-9.55,0.05,0.0
866,q_learning,2,0.7211,8.18,2433,cpu,11,81,105.41,0.05,0.0
867,q_learning,2,0.722,8.12,2433,cpu,6,48,53.09,0.05,0.0
868,q_learning,2,0.7237,8.14,2439,cpu,13,85,125.59,0.05,0.0
869,q_learning,2,0.7244,8.24,2442,cpu,7,37,61.41,0.05,0.0
870,q_learning,2,0.7254,8.24,2442,cpu,8,52,73.27,0.05,0.0
871,q_learning,2,0.7268,8.12,2442,cpu,9,73,85.47,0.05,0.0
872,q_learning,2,0.7273,7.96,2442,cpu,3,33,21.81,0.05,0.0
873,q_learning,2,0.7287,8.1,2442,cpu,9,75,85.25,0.05,0.0
874,q_learning,2,0.7297,7.94,2442,cpu,6,46,51.91,0.05,0.0
875,q_learning,2,0.7298,7.92,2442,cpu,0,7,-9.46,0.05,0.0
876,q_learning,2,0.7305,7.84,2442,cpu,4,39,32.86,0.05,0.0
877,q_learning,2,0.7309,7.68,2445,cpu,4,22,31.33,0.05,0.0
878,q_learning,2,0.7323,7.72,2448,cpu,10,70,94.71,0.05,0.0
879,q_learning,2,0.7325,7.56,2448,cpu,1,9,0.63,0.05,0.0
880,q_learning,2,0.734,7.48,2448,cpu,12,81,115.52,0.05,0.0
881,q_learning,2,0.735,7.42,2448,cpu,6,60,53.37,0.05,0.0
882,q_learning,2,0.736,7.28,2448,cpu,7,53,64.05,0.05,0.0
883,q_learning,2,0.7369,7.22,2451,cpu,6,45,52.22,0.05,0.0
884,q_learning,2,0.7385,7.22,2451,cpu,9,79,85.41,0.05,0.0
885,q_learning,2,0.7401,7.22,2451,cpu,10,90,96.51,0.05,0.0
886,q_learning,2,0.7415,7.24,2454,cpu,7,73,64.45,0.05,0.0
887,q_learning,2,0.7422,7.3,2454,cpu,5,38,42.68,0.05,0.0
888,q_learning,2,0.7439,7.3,2460,cpu,11,92,105.4,0.05,0.0
889,q_learning,2,0.7457,7.3,2463,cpu,12,96,116.07,0.05,0.0
890,q_learning,2,0.7466,7.28,2466,cpu,6,47,53.4,0.05,0.0
891,q_learning,2,0.7472,7.32,2472,cpu,6,30,51.67,0.05,0.0
892,q_learning,2,0.7486,7.42,2472,cpu,11,70,104.42,0.05,0.0
893,q_learning,2,0.7502,7.38,2472,cpu,8,91,76.38,0.05,0.0
894,q_learning,2,0.751,7.46,2472,cpu,6,39,51.88,0.05,0.0
895,q_learning,2,0.7533,7.62,2481,cpu,15,124,147.92,0.05,0.0
896,q_learning,2,0.7553,7.76,2481,cpu,13,99,127.25,0.05,0.0
897,q_learning,2,0.7572,7.74,2484,cpu,13,105,126.79,0.05,0.0
898,q_learning,2,0.7582,7.74,2484,cpu,8,51,72.78,0.05,0.0
899,q_learning,2,0.7594,7.84,2484,cpu,11,66,104.46,0.05,0.0
900,q_learning,2,0.7611,8.02,2484,cpu,12,90,116.13,0.05,0.0
901,q_learning,2,0.7621,8.06,2484,cpu,7,52,63.96,0.05,0.0
902,q_learning,2,0.7639,8.16,2487,cpu,13,91,126.13,0.05,0.0
903,q_learning,2,0.7661,8.16,2493,cpu,13,115,127.49,0.05,0.0
904,q_learning,2,0.7669,8.14,2493,cpu,5,39,42.97,0.05,0.0
905,q_learning,2,0.7687,8.12,2493,cpu,12,101,117.72,0.05,0.0
906,q_learning,2,0.7698,8.24,2496,cpu,9,54,83.56,0.05,0.0
907,q_learning,2,0.7704,8.32,2496,cpu,6,34,52.43,0.05,0.0
908,q_learning,2,0.7724,8.4,2499,cpu,15,97,146.49,0.05,0.0
909,q_learning,2,0.7742,8.38,2499,cpu,11,94,106.58,0.05,0.0
910,q_learning,2,0.7752,8.3,2502,cpu,7,53,62.85,0.05,0.0
911,q_learning,2,0.7767,8.3,2502,cpu,11,78,104.94,0.05,0.0
912,q_learning,2,0.7778,8.26,2502,cpu,8,62,74.17,0.05,0.0
913,q_learning,2,0.7779,8.1,2502,cpu,0,7,-9.46,0.05,0.0
914,q_learning,2,0.7803,8.34,2505,cpu,15,120,148.36,0.05,0.0
915,q_learning,2,0.7819,8.58,2508,cpu,12,79,115.74,0.05,0.0
916,q_learning,2,0.7828,8.54,2508,cpu,9,50,83.2,0.05,0.0
917,q_learning,2,0.7834,8.5,2508,cpu,4,31,31.94,0.05,0.0
918,q_learning,2,0.7848,8.44,2511,cpu,10,80,94.81,0.05,0.0
919,q_learning,2,0.7875,8.64,2520,cpu,17,137,169.31,0.05,0.0
920,q_learning,2,0.7891,8.7,2520,cpu,11,83,105.39,0.05,0.0
921,q_learning,2,0.7896,8.62,2520,cpu,5,27,41.89,0.05,0.0
922,q_learning,2,0.7915,8.84,2529,cpu,14,98,136.07,0.05,0.0
923,q_learning,2,0.7933,8.94,2529,cpu,14,92,136.73,0.05,0.0
924,q_learning,2,0.7943,8.94,2529,cpu,6,57,53.5,0.05,0.0
925,q_learning,2,0.7963,9.2,2532,cpu,13,94,126.8,0.05,0.0
926,q_learning,2,0.7968,9.2,2532,cpu,4,29,31.96,0.05,0.0
927,q_learning,2,0.7998,9.46,2556,cpu,17,163,170.05,0.05,0.0
928,q_learning,2,0.8021,9.56,2556,cpu,15,126,147.9,0.05,0.0
929,q_learning,2,0.8028,9.6,2562,cpu,3,40,22.04,0.05,0.0
930,q_learning,2,0.8038,9.5,2562,cpu,7,51,61.87,0.05,0.0
931,q_learning,2,0.8057,9.64,2565,cpu,13,94,124.6,0.05,0.0
932,q_learning,2,0.8071,9.7,2565,cpu,10,70,94.91,0.05,0.0
933,q_learning,2,0.8073,9.62,2565,cpu,2,10,10.63,0.05,0.0
934,q_learning,2,0.8096,9.74,2565,cpu,15,121,149.25,0.05,0.0
935,q_learning,2,0.8106,9.66,2568,cpu,6,56,53.81,0.05,0.0
936,q_learning,2,0.8112,9.64,2568,cpu,6,33,51.94,0.05,0.0
937,q_learning,2,0.812,9.64,2568,cpu,5,42,43.04,0.05,0.0
938,q_learning,2,0.814,9.68,2568,cpu,13,102,127.52,0.05,0.0
939,q_learning,2,0.8148,9.54,2568,cpu,5,44,43.42,0.05,0.0
940,q_learning,2,0.8169,9.68,2571,cpu,13,109,126.95,0.05,0.0
941,q_learning,2,0.8181,9.68,2574,cpu,6,68,53.69,0.05,0.0
942,q_learning,2,0.8194,9.6,2574,cpu,7,76,63.52,0.05,0.0
943,q_learning,2,0.8214,9.62,2574,cpu,9,100,85.1,0.05,0.0
944,q_learning,2,0.8229,9.74,2577,cpu,12,84,115.59,0.05,0.0
945,q_learning,2,0.824,9.64,2580,cpu,10,61,94.1,0.05,0.0
946,q_learning,2,0.8245,9.44,2580,cpu,3,25,21.89,0.05,0.0
947,q_learning,2,0.8264,9.44,2586,cpu,13,106,127.48,0.05,0.0
948,q_learning,2,0.8275,9.4,2586,cpu,6,60,54.17,0.05,0.0
949,q_learning,2,0.8284,9.32,2586,cpu,7,49,63.49,0.05,0.0
950,q_learning,2,0.8307,9.36,2586,cpu,14,117,137.98,0.05,0.0
951,q_learning,2,0.832,9.4,2586,cpu,9,72,85.58,0.05,0.0
952,q_learning,2,0.8329,9.3,2586,cpu,8,46,72.93,0.05,0.0
953,q_learning,2,0.8334,9.08,2586,cpu,2,26,11.27,0.05,0.0
954,q_learning,2,0.8335,9.0,2586,cpu,1,8,0.54,0.05,0.0
955,q_learning,2,0.836,9.1,2595,cpu,17,132,169.26,0.05,0.0
956,q_learning,2,0.8383,9.22,2598,cpu,15,116,148.2,0.05,0.0
957,q_learning,2,0.8399,9.36,2607,cpu,13,79,124.45,0.05,0.0
958,q_learning,2,0.8419,9.4,2625,cpu,17,97,165.31,0.05,0.0
959,q_learning,2,0.8436,9.4,2625,cpu,11,93,106.69,0.05,0.0
960,q_learning,2,0.8457,9.56,2628,cpu,15,110,148.06,0.05,0.0
961,q_learning,2,0.8483,9.62,2628,cpu,14,133,139.42,0.05,0.0
962,q_learning,2,0.8505,9.8,2637,cpu,17,115,168.73,0.05,0.0
963,q_learning,2,0.8513,9.94,2637,cpu,7,41,61.97,0.05,0.0
964,q_learning,2,0.8517,9.68,2637,cpu,2,22,11.51,0.05,0.0
965,q_learning,2,0.8533,9.66,2637,cpu,11,86,105.86,0.05,0.0
966,q_learning,2,0.8542,9.62,2637,cpu,7,43,62.95,0.05,0.0
967,q_learning,2,0.8562,9.78,2640,cpu,12,105,117.68,0.05,0.0
968,q_learning,2,0.8578,9.76,2643,cpu,9,90,85.2,0.05,0.0
969,q_learning,2,0.8599,9.76,2655,cpu,17,109,167.19,0.05,0.0
970,q_learning,2,0.8614,9.74,2655,cpu,10,79,95.32,0.05,0.0
971,q_learning,2,0.8641,9.94,2655,cpu,15,136,150.0,0.05,0.0
972,q_learning,2,0.8657,9.92,2658,cpu,13,91,125.93,0.05,0.0
973,q_learning,2,0.8672,9.86,2664,cpu,11,79,104.43,0.05,0.0
974,q_learning,2,0.8685,9.9,2664,cpu,8,67,74.02,0.05,0.0
975,q_learning,2,0.869,9.72,2664,cpu,4,27,31.58,0.05,0.0
976,q_learning,2,0.8703,9.86,2664,cpu,11,68,104.24,0.05,0.0
977,q_learning,2,0.8721,9.7,2667,cpu,9,95,85.25,0.05,0.0
978,q_learning,2,0.8733,9.58,2667,cpu,9,60,84.1,0.05,0.0
979,q_learning,2,0.8743,9.68,2670,cpu,8,55,72.14,0.05,0.0
980,q_learning,2,0.8756,9.7,2670,cpu,8,67,74.02,0.05,0.0
981,q_learning,2,0.8776,9.68,2670,cpu,12,108,117.15,0.05,0.0
982,q_learning,2,0.8781,9.54,2670,cpu,3,28,21.56,0.05,0.0
983,q_learning,2,0.8798,9.7,2670,cpu,10,89,95.62,0.05,0.0
984,q_learning,2,0.8805,9.52,2670,cpu,6,40,52.97,0.05,0.0
985,q_learning,2,0.8825,9.66,2670,cpu,13,106,125.08,0.05,0.0
986,q_learning,2,0.8843,9.8,2670,cpu,13,95,126.49,0.05,0.0
987,q_learning,2,0.8847,9.76,2670,cpu,3,20,21.24,0.05,0.0
988,q_learning,2,0.8857,9.66,2670,cpu,8,55,73.94,0.05,0.0
989,q_learning,2,0.8882,9.9,2673,cpu,17,127,169.01,0.05,0.0
990,q_learning,2,0.8908,9.98,2682,cpu,17,130,170.08,0.05,0.0
991,q_learning,2,0.8919,10.02,2682,cpu,8,60,73.59,0.05,0.0
992,q_learning,2,0.8928,10.0,2682,cpu,6,51,53.96,0.05,0.0
993,q_learning,2,0.8947,10.04,2682,cpu,11,101,107.61,0.05,0.0
994,q_learning,2,0.8971,10.1,2682,cpu,15,125,147.81,0.05,0.0
995,q_learning,2,0.8981,10.06,2682,cpu,8,49,73.4,0.05,0.0
996,q_learning,2,0.8999,10.26,2685,cpu,13,95,125.89,0.05,0.0
997,q_learning,2,0.9007,10.12,2685,cpu,6,46,52.71,0.05,0.0
998,q_learning,2,0.9008,10.0,2685,cpu,0,5,-9.64,0.05,0.0
999,q_learning,2,0.9027,10.18,2691,cpu,16,93,155.44,0.05,0.0
1000,q_learning,2,0.9032,9.98,2694,cpu,4,27,30.78,0.05,0.0
1001,q_learning,2,0.9054,10.12,2694,cpu,16,103,157.34,0.05,0.0
1002,q_learning,2,0.9071,10.16,2694,cpu,10,94,97.07,0.05,0.0
1003,q_learning,2,0.9099,10.46,2706,cpu,17,147,168.81,0.05,0.0
1004,q_learning,2,0.9122,10.72,2709,cpu,14,119,137.76,0.05,0.0
1005,q_learning,2,0.9144,10.66,2709,cpu,14,116,138.69,0.05,0.0
1006,q_learning,2,0.9156,10.52,2709,cpu,8,63,74.06,0.05,0.0
1007,q_learning,2,0.9164,10.38,2709,cpu,6,42,52.35,0.05,0.0
1008,q_learning,2,0.9166,10.06,2709,cpu,1,10,0.72,0.05,0.0
1009,q_learning,2,0.9174,9.96,2709,cpu,6,46,53.51,0.05,0.0
1010,q_learning,2,0.9183,9.76,2709,cpu,5,49,43.67,0.05,0.0
1011,q_learning,2,0.9194,9.64,2709,cpu,8,56,73.63,0.05,0.0
1012,q_learning,2,0.9207,9.44,2709,cpu,7,71,63.67,0.05,0.0
1013,q_learning,2,0.923,9.56,2709,cpu,13,119,128.25,0.05,0.0
1014,q_learning,2,0.9247,9.82,2709,cpu,15,84,145.72,0.05,0.0
1015,q_learning,2,0.9266,9.86,2709,cpu,13,102,127.12,0.05,0.0
1016,q_learning,2,0.9287,10.04,2715,cpu,16,110,157.57,0.05,0.0
1017,q_learning,2,0.9298,9.94,2715,cpu,7,57,63.61,0.05,0.0
1018,q_learning,2,0.9312,9.98,2715,cpu,11,69,104.73,0.05,0.0
1019,q_learning,2,0.9319,9.74,2718,cpu,5,37,41.99,0.05,0.0
1020,q_learning,2,0.9348,9.88,2733,cpu,17,153,170.35,0.05,0.0
1021,q_learning,2,0.9358,9.74,2733,cpu,8,52,73.27,0.05,0.0
1022,q_learning,2,0.9362,9.56,2733,cpu,4,24,31.51,0.05,0.0
1023,q_learning,2,0.9384,9.6,2742,cpu,13,111,126.73,0.05,0.0
1024,q_learning,2,0.9405,9.78,2745,cpu,17,105,167.43,0.05,0.0
1025,q_learning,2,0.9409,9.76,2745,cpu,3,25,21.69,0.05,0.0
1026,q_learning,2,0.9412,9.58,2745,cpu,2,13,10.7,0.05,0.0
1027,q_learning,2,0.9433,9.68,2748,cpu,14,112,138.53,0.05,0.0
1028,q_learning,2,0.9446,9.76,2748,cpu,13,67,123.77,0.05,0.0
1029,q_learning,2,0.9467,9.86,2751,cpu,13,110,126.84,0.05,0.0
1030,q_learning,2,0.948,9.92,2751,cpu,11,67,104.75,0.05,0.0
1031,q_learning,2,0.9493,9.86,2751,cpu,9,65,84.75,0.05,0.0
1032,q_learning,2,0.9509,10.04,2751,cpu,12,89,115.04,0.05,0.0
1033,q_learning,2,0.9511,9.88,2751,cpu,2,10,10.63,0.05,0.0
1034,q_learning,2,0.9537,10.1,2775,cpu,17,134,168.04,0.05,0.0
1035,q_learning,2,0.9553,10.04,2775,cpu,10,82,95.79,0.05,0.0
1036,q_learning,2,0.9564,9.98,2775,cpu,10,61,94.5,0.05,0.0
1037,q_learning,2,0.9584,10.18,2775,cpu,13,101,126.23,0.05,0.0
1038,q_learning,2,0.9605,10.28,2781,cpu,13,116,127.38,0.05,0.0
1039,q_learning,2,0.9635,10.24,2784,cpu,15,157,150.09,0.05,0.0
1040,q_learning,2,0.9658,10.18,2784,cpu,14,118,138.07,0.05,0.0
1041,q_learning,2,0.9687,10.36,2796,cpu,17,154,170.84,0.05,0.0
1042,q_learning,2,0.9701,10.4,2796,cpu,8,77,74.92,0.05,0.0
1043,q_learning,2,0.9728,10.5,2796,cpu,16,137,160.2,0.05,0.0
1044,q_learning,2,0.9737,10.34,2796,cpu,7,53,63.25,0.05,0.0
1045,q_learning,2,0.976,10.48,2796,cpu,15,116,146.8,0.05,0.0
1046,q_learning,2,0.9781,10.44,2796,cpu,11,120,106.92,0.05,0.0
1047,q_learning,2,0.9796,10.56,2796,cpu,12,70,114.33,0.05,0.0
1048,q_learning,2,0.9814,10.88,2799,cpu,16,94,156.13,0.05,0.0
1049,q_learning,2,0.9827,10.76,2802,cpu,10,69,93.82,0.05,0.0
1050,q_learning,2,0.9841,10.86,2802,cpu,9,76,85.14,0.05,0.0
1051,q_learning,2,0.986,10.8,2802,cpu,13,98,126.96,0.05,0.0
1052,q_learning,2,0.9879,10.82,2802,cpu,11,102,105.9,0.05,0.0
1053,q_learning,2,0.9905,10.84,2811,cpu,18,127,178.52,0.05,0.0
1054,q_learning,2,0.9931,10.86,2817,cpu,15,141,150.65,0.05,0.0
1055,q_learning,2,0.994,10.7,2820,cpu,6,53,53.34,0.05,0.0
1056,q_learning,2,0.9965,10.88,2829,cpu,17,122,167.16,0.05,0.0
1057,q_learning,2,0.999,11.04,2832,cpu,14,136,139.89,0.05,0.0
1058,q_learning,2,1.001,11.32,2835,cpu,15,105,147.41,0.05,0.0
1059,q_learning,2,1.0023,11.36,2835,cpu,8,72,75.47,0.05,0.0
1060,q_learning,2,1.0031,11.4,2835,cpu,7,40,62.88,0.05,0.0
1061,q_learning,2,1.0052,11.54,2838,cpu,15,106,147.3,0.05,0.0
1062,q_learning,2,1.0057,11.48,2838,cpu,4,23,31.02,0.05,0.0
1063,q_learning,2,1.0062,11.3,2838,cpu,4,26,31.69,0.05,0.0
1064,q_learning,2,1.0077,11.24,2838,cpu,12,84,115.59,0.05,0.0
1065,q_learning,2,1.0089,11.18,2838,cpu,10,67,94.44,0.05,0.0
1066,q_learning,2,1.0097,10.94,2838,cpu,4,46,33.09,0.05,0.0
1067,q_learning,2,1.0102,10.86,2838,cpu,3,28,21.96,0.05,0.0
1068,q_learning,2,1.0108,10.72,2838,cpu,4,31,32.14,0.05,0.0
1069,q_learning,2,1.0126,10.86,2838,cpu,12,96,116.67,0.05,0.0
1070,q_learning,2,1.0136,10.68,2838,cpu,8,52,72.87,0.05,0.0
1071,q_learning,2,1.016,10.86,2841,cpu,17,124,168.14,0.05,0.0
1072,q_learning,2,1.0187,11.12,2841,cpu,17,144,169.54,0.05,0.0
1073,q_learning,2,1.021,11.12,2841,cpu,13,118,128.16,0.05,0.0
1074,q_learning,2,1.0233,11.02,2841,cpu,12,120,115.83,0.05,0.0
1075,q_learning,2,1.0245,11.16,2844,cpu,10,63,94.08,0.05,0.0
1076,q_learning,2,1.0262,11.42,2847,cpu,15,91,145.95,0.05,0.0
1077,q_learning,2,1.0271,11.24,2847,cpu,5,49,43.67,0.05,0.0
1078,q_learning,2,1.0273,11.02,2847,cpu,2,9,10.54,0.05,0.0
1079,q_learning,2,1.0274,10.76,2847,cpu,0,6,-9.75,0.05,0.0
1080,q_learning,2,1.0285,10.7,2847,cpu,8,54,72.85,0.05,0.0
1081,q_learning,2,1.0307,10.78,2847,cpu,13,111,127.93,0.05,0.0
1082,q_learning,2,1.0312,10.62,2847,cpu,4,26,31.69,0.05,0.0
1083,q_learning,2,1.0334,10.82,2847,cpu,12,118,116.05,0.05,0.0
1084,q_learning,2,1.0355,10.72,2847,cpu,12,111,118.02,0.05,0.0
1085,q_learning,2,1.0362,10.6,2847,cpu,4,40,32.35,0.05,0.0
1086,q_learning,2,1.0366,10.44,2847,cpu,2,19,11.04,0.05,0.0
1087,q_learning,2,1.0373,10.28,2847,cpu,5,36,42.1,0.05,0.0
1088,q_learning,2,1.0375,10.06,2847,cpu,2,11,10.72,0.05,0.0
1089,q_learning,2,1.0395,10.0,2850,cpu,12,104,116.99,0.05,0.0
1090,q_learning,2,1.0412,9.9,2850,cpu,9,87,85.73,0.05,0.0
1091,q_learning,2,1.0425,9.7,2850,cpu,7,77,65.21,0.05,0.0
1092,q_learning,2,1.0429,9.58,2850,cpu,2,18,11.15,0.05,0.0
1093,q_learning,2,1.0449,9.5,2850,cpu,12,112,117.51,0.05,0.0
1094,q_learning,2,1.0471,9.68,2850,cpu,16,102,156.85,0.05,0.0
1095,q_learning,2,1.0485,9.56,2850,cpu,9,79,84.41,0.05,0.0
1096,q_learning,2,1.0497,9.46,2850,cpu,6,64,52.13,0.05,0.0
1097,q_learning,2,1.0515,9.46,2853,cpu,12,98,116.05,0.05,0.0
1098,q_learning,2,1.0536,9.42,2856,cpu,14,108,135.17,0.05,0.0
1099,q_learning,2,1.0559,9.48,2856,cpu,13,118,128.36,0.05,0.0
1100,q_learning,2,1.0574,9.56,2856,cpu,13,74,124.6,0.05,0.0
1101,q_learning,2,1.0589,9.54,2856,cpu,12,78,114.45,0.05,0.0
1102,q_learning,2,1.0594,9.4,2859,cpu,4,28,32.07,0.05,0.0
1103,q_learning,2,1.0614,9.26,2859,cpu,11,105,104.37,0.05,0.0
1104,q_learning,2,1.0637,9.3,2868,cpu,17,112,167.66,0.05,0.0
1105,q_learning,2,1.0646,9.3,2868,cpu,6,52,53.85,0.05,0.0
1106,q_learning,2,1.0663,9.16,2871,cpu,10,91,95.2,0.05,0.0
1107,q_learning,2,1.0688,9.22,2880,cpu,17,128,169.3,0.05,0.0
1108,q_learning,2,1.0719,9.2,2883,cpu,14,163,141.52,0.05,0.0
1109,q_learning,2,1.0735,9.24,2886,cpu,10,81,95.5,0.05,0.0
1110,q_learning,2,1.075,9.26,2889,cpu,8,84,76.15,0.05,0.0
1111,q_learning,2,1.0771,9.2,2889,cpu,12,117,116.16,0.05,0.0
1112,q_learning,2,1.0796,9.4,2889,cpu,14,124,139.01,0.05,0.0
1113,q_learning,2,1.0811,9.5,2889,cpu,9,79,85.61,0.05,0.0
1114,q_learning,2,1.0813,9.3,2889,cpu,2,11,10.72,0.05,0.0
1115,q_learning,2,1.0838,9.44,2898,cpu,17,131,168.57,0.05,0.0
1116,q_learning,2,1.0848,9.46,2898,cpu,5,58,43.68,0.05,0.0
1117,q_learning,2,1.0865,9.64,2901,cpu,12,87,116.26,0.05,0.0
1118,q_learning,2,1.0885,9.76,2901,cpu,10,105,97.86,0.05,0.0
1119,q_learning,2,1.0904,9.8,2901,cpu,14,99,136.36,0.05,0.0
1120,q_learning,2,1.0929,9.98,2904,cpu,17,131,168.97,0.05,0.0
1121,q_learning,2,1.0957,10.0,2916,cpu,18,140,178.49,0.05,0.0
1122,q_learning,2,1.0959,9.66,2916,cpu,0,10,-9.59,0.05,0.0
1123,q_learning,2,1.0982,9.72,2922,cpu,16,116,158.11,0.05,0.0
1124,q_learning,2,1.0997,9.66,2922,cpu,9,84,85.66,0.05,0.0
1125,q_learning,2,1.1009,9.58,2922,cpu,6,69,54.78,0.05,0.0
1126,q_learning,2,1.102,9.4,2925,cpu,6,58,53.99,0.05,0.0
1127,q_learning,2,1.1027,9.42,2925,cpu,6,36,52.01,0.05,0.0
1128,q_learning,2,1.1046,9.66,2928,cpu,14,98,136.47,0.05,0.0
1129,q_learning,2,1.1063,9.92,2928,cpu,13,84,125.7,0.05,0.0
1130,q_learning,2,1.1064,9.76,2931,cpu,0,10,-9.59,0.05,0.0
1131,q_learning,2,1.1067,9.54,2931,cpu,2,13,10.7,0.05,0.0
1132,q_learning,2,1.1087,9.74,2934,cpu,14,106,137.99,0.05,0.0
1133,q_learning,2,1.1116,9.84,2937,cpu,17,148,170.5,0.05,0.0
1134,q_learning,2,1.1118,9.64,2937,cpu,2,13,10.9,0.05,0.0
1135,q_learning,2,1.1134,9.78,2937,cpu,11,79,105.03,0.05,0.0
1136,q_learning,2,1.1151,9.98,2937,cpu,12,90,116.53,0.05,0.0
1137,q_learning,2,1.1168,10.02,2937,cpu,7,95,64.83,0.05,0.0
1138,q_learning,2,1.1183,10.14,2937,cpu,8,86,75.33,0.05,0.0
1139,q_learning,2,1.1205,10.22,2937,cpu,16,111,158.26,0.05,0.0
1140,q_learning,2,1.1215,10.16,2937,cpu,6,49,53.18,0.05,0.0
1141,q_learning,2,1.1224,10.12,2940,cpu,5,54,43.52,0.05,0.0
1142,q_learning,2,1.1235,10.2,2940,cpu,6,58,53.99,0.05,0.0
1143,q_learning,2,1.1255,10.18,2940,cpu,11,109,108.13,0.05,0.0
1144,q_learning,2,1.1278,10.18,2943,cpu,16,121,157.76,0.05,0.0
1145,q_learning,2,1.1294,10.18,2943,cpu,9,80,86.1,0.05,0.0
1146,q_learning,2,1.132,10.34,2946,cpu,14,136,137.69,0.05,0.0
1147,q_learning,2,1.134,10.34,2949,cpu,12,106,116.37,0.05,0.0
1148,q_learning,2,1.1355,10.26,2949,cpu,10,80,95.21,0.05,0.0
1149,q_learning,2,1.1362,10.1,2949,cpu,5,37,42.39,0.05,0.0
1150,q_learning,2,1.138,10.1,2952,cpu,13,91,124.93,0.05,0.0
1151,q_learning,2,1.1395,10.06,2952,cpu,10,82,94.79,0.05,0.0
1152,q_learning,2,1.1401,10.08,2952,cpu,5,34,42.52,0.05,0.0
1153,q_learning,2,1.1414,10.04,2952,cpu,9,68,84.62,0.05,0.0
1154,q_learning,2,1.1423,9.8,2952,cpu,5,50,43.36,0.05,0.0
1155,q_learning,2,1.1437,9.84,2952,cpu,8,75,75.74,0.05,0.0
1156,q_learning,2,1.146,9.98,2955,cpu,17,113,167.55,0.05,0.0
1157,q_learning,2,1.1462,9.68,2955,cpu,2,13,10.9,0.05,0.0
1158,q_learning,2,1.1475,9.58,2955,cpu,9,66,84.84,0.05,0.0
1159,q_learning,2,1.1484,9.52,2955,cpu,7,51,63.27,0.05,0.0
1160,q_learning,2,1.1503,9.56,2955,cpu,10,103,96.28,0.05,0.0
1161,q_learning,2,1.1529,9.68,2967,cpu,18,133,178.06,0.05,0.0
1162,q_learning,2,1.1547,9.64,2967,cpu,12,93,115.4,0.05,0.0
1163,q_learning,2,1.1553,9.58,2967,cpu,6,27,51.2,0.05,0.0
1164,q_learning,2,1.1572,9.8,2976,cpu,13,101,126.63,0.05,0.0
1165,q_learning,2,1.1578,9.5,2976,cpu,2,34,12.19,0.05,0.0
1166,q_learning,2,1.1592,9.6,2976,cpu,10,71,94.6,0.05,0.0
1167,q_learning,2,1.16,9.48,2976,cpu,6,45,53.02,0.05,0.0
1168,q_learning,2,1.1614,9.52,2976,cpu,12,73,114.6,0.05,0.0
1169,q_learning,2,1.1619,9.32,2976,cpu,4,26,31.69,0.05,0.0
1170,q_learning,2,1.1631,9.14,2979,cpu,8,64,73.55,0.05,0.0
1171,q_learning,2,1.1651,9.04,2979,cpu,13,101,127.03,0.05,0.0
1172,q_learning,2,1.1668,9.34,2982,cpu,15,89,145.57,0.05,0.0
1173,q_learning,2,1.1679,9.22,2982,cpu,10,57,93.94,0.05,0.0
1174,q_learning,2,1.1694,9.26,2982,cpu,11,78,105.14,0.05,0.0
1175,q_learning,2,1.1703,9.26,2982,cpu,6,54,53.43,0.05,0.0
1176,q_learning,2,1.1733,9.48,2985,cpu,17,151,169.57,0.05,0.0
1177,q_learning,2,1.1756,9.66,2985,cpu,15,123,148.63,0.05,0.0
1178,q_learning,2,1.1783,9.74,2991,cpu,18,141,180.38,0.05,0.0
1179,q_learning,2,1.18,9.72,2994,cpu,12,85,115.88,0.05,0.0
1180,q_learning,2,1.1801,9.72,2994,cpu,0,6,-9.55,0.05,0.0
1181,q_learning,2,1.1817,9.84,2994,cpu,8,88,76.11,0.05,0.0
1182,q_learning,2,1.1818,9.58,2994,cpu,1,10,0.72,0.05,0.0
1183,q_learning,2,1.1829,9.4,2994,cpu,8,53,72.56,0.05,0.0
1184,q_learning,2,1.1852,9.68,2997,cpu,16,120,158.07,0.05,0.0
1185,q_learning,2,1.1869,9.68,2997,cpu,11,91,105.51,0.05,0.0
1186,q_learning,2,1.1875,9.52,3000,cpu,4,33,31.72,0.05,0.0
1187,q_learning,2,1.1893,9.64,3003,cpu,13,89,125.95,0.05,0.0
1188,q_learning,2,1.1911,9.72,3003,cpu,12,98,116.05,0.05,0.0
1189,q_learning,2,1.1918,9.52,3003,cpu,6,40,51.97,0.05,0.0
1190,q_learning,2,1.1944,9.76,3003,cpu,18,135,178.44,0.05,0.0
1191,q_learning,2,1.1953,9.8,3006,cpu,7,49,62.49,0.05,0.0
1192,q_learning,2,1.1955,9.72,3006,cpu,2,10,10.63,0.05,0.0
1193,q_learning,2,1.1973,9.7,3006,cpu,10,89,96.42,0.05,0.0
1194,q_learning,2,1.1992,9.64,3012,cpu,13,104,126.3,0.05,0.0
1195,q_learning,2,1.1994,9.48,3012,cpu,1,8,0.54,0.05,0.0
1196,q_learning,2,1.2011,9.48,3012,cpu,14,91,135.84,0.05,0.0
1197,q_learning,2,1.2024,9.4,3012,cpu,8,69,75.0,0.05,0.0
1198,q_learning,2,1.2034,9.36,3012,cpu,8,53,73.36,0.05,0.0
1199,q_learning,2,1.2054,9.54,3015,cpu,14,101,135.74,0.05,0.0
1200,q_learning,2,1.2063,9.4,3015,cpu,6,50,52.67,0.05,0.0
1201,q_learning,2,1.2087,9.54,3018,cpu,17,124,168.94,0.05,0.0
1202,q_learning,2,1.2106,9.72,3018,cpu,14,103,136.32,0.05,0.0
1203,q_learning,2,1.2134,9.88,3018,cpu,17,143,168.85,0.05,0.0
1204,q_learning,2,1.2146,9.98,3018,cpu,10,62,94.19,0.05,0.0
1205,q_learning,2,1.2148,9.84,3018,cpu,1,12,0.5,0.05,0.0
1206,q_learning,2,1.216,9.66,3018,cpu,8,67,75.02,0.05,0.0
1207,q_learning,2,1.2173,9.74,3018,cpu,6,75,54.52,0.05,0.0
1208,q_learning,2,1.2181,9.66,3018,cpu,5,40,42.06,0.05,0.0
1209,q_learning,2,1.2203,9.84,3018,cpu,16,114,157.33,0.05,0.0
1210,q_learning,2,1.2219,9.86,3018,cpu,11,86,105.86,0.05,0.0
1211,q_learning,2,1.2235,9.76,3021,cpu,13,79,125.45,0.05,0.0
1212,q_learning,2,1.2261,9.82,3021,cpu,15,142,149.14,0.05,0.0
1213,q_learning,2,1.2265,9.72,3021,cpu,1,20,1.02,0.05,0.0
1214,q_learning,2,1.2282,9.68,3027,cpu,11,95,104.47,0.05,0.0
1215,q_learning,2,1.2298,9.88,3027,cpu,12,77,114.76,0.05,0.0
1216,q_learning,2,1.2322,10.02,3036,cpu,17,125,168.43,0.05,0.0
1217,q_learning,2,1.233,10.04,3036,cpu,7,46,63.42,0.05,0.0
1218,q_learning,2,1.2345,10.02,3036,cpu,11,81,105.01,0.05,0.0
1219,q_learning,2,1.2355,10.04,3036,cpu,5,55,43.41,0.05,0.0
1220,q_learning,2,1.2367,10.02,3036,cpu,7,62,63.66,0.05,0.0
1221,q_learning,2,1.2384,9.96,3036,cpu,10,89,96.22,0.05,0.0
1222,q_learning,2,1.2401,9.88,3036,cpu,11,95,107.07,0.05,0.0
1223,q_learning,2,1.2427,10.02,3045,cpu,17,132,168.06,0.05,0.0
1224,q_learning,2,1.2449,10.06,3051,cpu,13,117,126.87,0.05,0.0
1225,q_learning,2,1.2461,10.06,3051,cpu,6,65,54.62,0.05,0.0
1226,q_learning,2,1.2467,9.8,3054,cpu,4,31,31.94,0.05,0.0
1227,q_learning,2,1.248,9.68,3057,cpu,9,70,84.2,0.05,0.0
1228,q_learning,2,1.249,9.46,3057,cpu,7,59,64.39,0.05,0.0
1229,q_learning,2,1.2504,9.48,3060,cpu,13,71,124.93,0.05,0.0
1230,q_learning,2,1.2533,9.84,3066,cpu,18,151,180.28,0.05,0.0
1231,q_learning,2,1.2534,9.68,3066,cpu,0,6,-9.55,0.05,0.0
1232,q_learning,2,1.2537,9.7,3066,cpu,2,15,10.88,0.05,0.0
1233,q_learning,2,1.2542,9.62,3066,cpu,4,27,31.98,0.05,0.0
1234,q_learning,2,1.2563,9.6,3066,cpu,15,101,147.25,0.05,0.0
1235,q_learning,2,1.2574,9.5,3066,cpu,6,62,53.95,0.05,0.0
1236,q_learning,2,1.2579,9.52,3066,cpu,5,29,41.87,0.05,0.0
1237,q_learning,2,1.2593,9.48,3066,cpu,11,74,105.38,0.05,0.0
1238,q_learning,2,1.2602,9.38,3066,cpu,7,49,63.29,0.05,0.0
1239,q_learning,2,1.2631,9.58,3072,cpu,16,150,159.77,0.05,0.0
1240,q_learning,2,1.2644,9.4,3072,cpu,9,68,84.82,0.05,0.0
1241,q_learning,2,1.2656,9.44,3072,cpu,9,68,82.22,0.05,0.0
1242,q_learning,2,1.2668,9.6,3072,cpu,10,66,93.55,0.05,0.0
1243,q_learning,2,1.267,9.4,3072,cpu,0,8,-9.37,0.05,0.0
1244,q_learning,2,1.2674,9.2,3072,cpu,3,27,21.67,0.05,0.0
1245,q_learning,2,1.2677,9.2,3072,cpu,1,14,0.88,0.05,0.0
1246,q_learning,2,1.269,9.12,3075,cpu,10,68,94.33,0.05,0.0
1247,q_learning,2,1.2711,9.18,3075,cpu,11,115,108.07,0.05,0.0
1248,q_learning,2,1.2738,9.34,3078,cpu,16,142,160.65,0.05,0.0
1249,q_learning,2,1.2759,9.28,3078,cpu,11,113,106.49,0.05,0.0
1250,q_learning,2,1.2764,9.22,3078,cpu,3,28,22.16,0.05,0.0
1251,q_learning,2,1.2787,9.12,3078,cpu,12,128,118.95,0.05,0.0
1252,q_learning,2,1.2791,8.88,3078,cpu,2,22,11.51,0.05,0.0
1253,q_learning,2,1.2798,8.64,3078,cpu,5,36,42.7,0.05,0.0
1254,q_learning,2,1.2815,8.76,3078,cpu,16,84,155.63,0.05,0.0
1255,q_learning,2,1.2836,9.06,3081,cpu,16,107,157.3,0.05,0.0
1256,q_learning,2,1.286,9.18,3081,cpu,14,125,138.9,0.05,0.0
1257,q_learning,2,1.2888,9.4,3090,cpu,17,142,167.76,0.05,0.0
1258,q_learning,2,1.2907,9.54,3090,cpu,12,105,116.68,0.05,0.0
1259,q_learning,2,1.2911,9.32,3090,cpu,5,20,41.26,0.05,0.0
1260,q_learning,2,1.2921,9.22,3090,cpu,6,57,53.9,0.05,0.0
1261,q_learning,2,1.2926,9.02,3090,cpu,3,28,22.16,0.05,0.0
1262,q_learning,2,1.2955,9.08,3102,cpu,18,150,179.99,0.05,0.0
1263,q_learning,2,1.2979,9.36,3105,cpu,15,120,147.56,0.05,0.0
1264,q_learning,2,1.2981,9.16,3105,cpu,1,8,0.54,0.05,0.0
1265,q_learning,2,1.2995,9.08,3105,cpu,8,79,74.3,0.05,0.0
1266,q_learning,2,1.2998,8.78,3105,cpu,2,19,11.24,0.05,0.0
1267,q_learning,2,1.3009,8.8,3105,cpu,8,62,74.57,0.05,0.0
1268,q_learning,2,1.3026,8.76,3108,cpu,9,93,85.67,0.05,0.0
1269,q_learning,2,1.3032,8.72,3111,cpu,3,32,21.92,0.05,0.0
1270,q_learning,2,1.3054,8.92,3114,cpu,17,110,166.48,0.05,0.0
1271,q_learning,2,1.3076,9.02,3114,cpu,15,115,147.71,0.05,0.0
1272,q_learning,2,1.3094,9.14,3120,cpu,17,93,165.75,0.05,0.0
1273,q_learning,2,1.3121,9.16,3123,cpu,18,139,179.4,0.05,0.0
1274,q_learning,2,1.3138,9.16,3123,cpu,13,85,125.59,0.05,0.0
1275,q_learning,2,1.3153,9.22,3123,cpu,9,78,85.12,0.05,0.0
1276,q_learning,2,1.3162,9.28,3123,cpu,7,50,63.38,0.05,0.0
1277,q_learning,2,1.3166,9.18,3123,cpu,4,20,31.15,0.05,0.0
1278,q_learning,2,1.3179,9.24,3126,cpu,10,70,94.91,0.05,0.0
1279,q_learning,2,1.3201,9.28,3126,cpu,15,121,148.85,0.05,0.0
1280,q_learning,2,1.3205,8.96,3126,cpu,2,20,11.33,0.05,0.0
1281,q_learning,2,1.321,9.02,3126,cpu,3,24,21.6,0.05,0.0
1282,q_learning,2,1.3211,8.98,3126,cpu,0,7,-9.46,0.05,0.0
1283,q_learning,2,1.3214,8.94,3126,cpu,2,14,10.79,0.05,0.0
1284,q_learning,2,1.3224,8.76,3126,cpu,6,57,52.9,0.05,0.0
1285,q_learning,2,1.323,8.76,3126,cpu,6,33,52.14,0.05,0.0
1286,q_learning,2,1.3242,8.8,3126,cpu,7,66,64.82,0.05,0.0
1287,q_learning,2,1.3261,8.82,3126,cpu,12,102,116.01,0.05,0.0
1288,q_learning,2,1.328,8.98,3129,cpu,15,99,145.67,0.05,0.0
1289,q_learning,2,1.3288,8.8,3132,cpu,7,38,62.1,0.05,0.0
1290,q_learning,2,1.3308,8.86,3132,cpu,12,109,117.84,0.05,0.0
1291,q_learning,2,1.3328,8.92,3132,cpu,12,106,117.57,0.05,0.0
1292,q_learning,2,1.3353,9.06,3138,cpu,17,129,167.59,0.05,0.0
1293,q_learning,2,1.337,9.36,3138,cpu,15,86,145.1,0.05,0.0
1294,q_learning,2,1.3399,9.6,3138,cpu,15,144,150.32,0.05,0.0
1295,q_learning,2,1.3404,9.66,3141,cpu,4,27,31.78,0.05,0.0
1296,q_learning,2,1.3413,9.58,3141,cpu,6,56,52.21,0.05,0.0
1297,q_learning,2,1.3421,9.5,3141,cpu,7,43,62.75,0.05,0.0
1298,q_learning,2,1.3431,9.36,3141,cpu,9,54,83.16,0.05,0.0
1299,q_learning,2,1.3439,9.3,3141,cpu,8,37,72.52,0.05,0.0
1300,q_learning,2,1.3447,9.34,3141,cpu,5,43,42.33,0.05,0.0
1301,q_learning,2,1.3462,9.26,3141,cpu,8,81,75.28,0.05,0.0
1302,q_learning,2,1.3486,9.52,3141,cpu,15,126,148.5,0.05,0.0
1303,q_learning,2,1.3493,9.52,3144,cpu,5,35,42.41,0.05,0.0
1304,q_learning,2,1.3511,9.44,3144,cpu,12,101,116.32,0.05,0.0
1305,q_learning,2,1.3514,9.16,3144,cpu,2,15,10.68,0.05,0.0
1306,q_learning,2,1.3526,9.08,3144,cpu,10,59,94.12,0.05,0.0
1307,q_learning,2,1.3534,8.84,3144,cpu,5,46,42.8,0.05,0.0
1308,q_learning,2,1.354,8.68,3144,cpu,4,32,32.03,0.05,0.0
1309,q_learning,2,1.3544,8.62,3144,cpu,2,20,11.33,0.05,0.0
1310,q_learning,2,1.356,8.78,3144,cpu,14,82,135.23,0.05,0.0
1311,q_learning,2,1.3571,8.82,3144,cpu,5,60,43.66,0.05,0.0
1312,q_learning,2,1.3591,8.7,3144,cpu,12,109,116.04,0.05,0.0
1313,q_learning,2,1.3601,8.58,3144,cpu,9,51,83.49,0.05,0.0
1314,q_learning,2,1.3611,8.76,3144,cpu,10,52,93.69,0.05,0.0
1315,q_learning,2,1.3637,8.96,3153,cpu,18,129,178.3,0.05,0.0
1316,q_learning,2,1.3646,9.04,3153,cpu,6,46,52.71,0.05,0.0
1317,q_learning,2,1.3667,9.12,3153,cpu,12,111,117.22,0.05,0.0
1318,q_learning,2,1.3677,9.12,3153,cpu,9,56,84.14,0.05,0.0
1319,q_learning,2,1.3691,9.24,3153,cpu,9,73,83.87,0.05,0.0
1320,q_learning,2,1.3715,9.18,3156,cpu,14,123,139.52,0.05,0.0
1321,q_learning,2,1.3726,9.06,3156,cpu,9,59,84.01,0.05,0.0
1322,q_learning,2,1.3739,8.88,3159,cpu,8,73,75.56,0.05,0.0
1323,q_learning,2,1.3742,8.58,3159,cpu,3,11,20.63,0.05,0.0
1324,q_learning,2,1.3758,8.6,3159,cpu,14,86,135.79,0.05,0.0
1325,q_learning,2,1.3765,8.52,3159,cpu,5,38,42.08,0.05,0.0
1326,q_learning,2,1.3778,8.58,3159,cpu,10,67,94.44,0.05,0.0
1327,q_learning,2,1.378,8.54,3162,cpu,2,14,10.59,0.05,0.0
1328,q_learning,2,1.3804,8.66,3168,cpu,16,118,156.89,0.05,0.0
1329,q_learning,2,1.3821,8.56,3168,cpu,10,91,96.0,0.05,0.0
1330,q_learning,2,1.3843,8.82,3168,cpu,15,115,148.11,0.05,0.0
1331,q_learning,2,1.3864,9.08,3168,cpu,16,113,157.64,0.05,0.0
1332,q_learning,2,1.3876,9.28,3168,cpu,10,61,93.5,0.05,0.0
1333,q_learning,2,1.3886,9.34,3168,cpu,5,55,44.01,0.05,0.0
1334,q_learning,2,1.3909,9.56,3171,cpu,17,114,167.84,0.05,0.0
1335,q_learning,2,1.3916,9.52,3171,cpu,4,40,32.95,0.05,0.0
1336,q_learning,2,1.3926,9.52,3171,cpu,7,54,63.74,0.05,0.0
1337,q_learning,2,1.3957,9.64,3171,cpu,18,164,181.05,0.05,0.0
1338,q_learning,2,1.397,9.52,3171,cpu,9,67,84.13,0.05,0.0
1339,q_learning,2,1.3987,9.58,3177,cpu,10,90,95.71,0.05,0.0
1340,q_learning,2,1.4002,9.58,3177,cpu,12,82,115.01,0.05,0.0
1341,q_learning,2,1.4021,9.6,3177,cpu,13,103,126.61,0.05,0.0
1342,q_learning,2,1.4032,9.4,3177,cpu,7,59,63.59,0.05,0.0
1343,q_learning,2,1.4042,9.24,3177,cpu,7,47,62.91,0.05,0.0
1344,q_learning,2,1.4053,9.14,3180,cpu,10,58,93.63,0.05,0.0
1345,q_learning,2,1.4056,9.14,3180,cpu,4,17,30.88,0.05,0.0
1346,q_learning,2,1.4076,9.3,3180,cpu,14,110,137.95,0.05,0.0
1347,q_learning,2,1.4086,9.36,3180,cpu,10,51,93.6,0.05,0.0
1348,q_learning,2,1.4099,9.36,3180,cpu,9,74,84.36,0.05,0.0
1349,q_learning,2,1.4115,9.4,3180,cpu,10,85,95.46,0.05,0.0
1350,q_learning,2,1.4131,9.52,3183,cpu,11,78,105.14,0.05,0.0
1351,q_learning,2,1.4136,9.44,3183,cpu,4,29,31.36,0.05,0.0
1352,q_learning,2,1.4155,9.42,3186,cpu,14,98,136.87,0.05,0.0
1353,q_learning,2,1.4168,9.5,3186,cpu,9,70,85.0,0.05,0.0
1354,q_learning,2,1.4175,9.34,3186,cpu,4,42,32.13,0.05,0.0
1355,q_learning,2,1.4193,9.56,3189,cpu,13,89,125.15,0.05,0.0
1356,q_learning,2,1.421,9.58,3189,cpu,11,89,105.53,0.05,0.0
1357,q_learning,2,1.4231,9.78,3192,cpu,15,113,146.33,0.05,0.0
1358,q_learning,2,1.4242,9.8,3192,cpu,5,59,42.17,0.05,0.0
1359,q_learning,2,1.4246,9.82,3192,cpu,3,22,21.42,0.05,0.0
1360,q_learning,2,1.4264,9.8,3192,cpu,13,97,126.87,0.05,0.0
1361,q_learning,2,1.4276,9.86,3192,cpu,8,69,75.0,0.05,0.0
1362,q_learning,2,1.4283,9.7,3192,cpu,4,36,32.59,0.05,0.0
1363,q_learning,2,1.4287,9.6,3195,cpu,4,22,31.33,0.05,0.0
1364,q_learning,2,1.429,9.42,3195,cpu,1,13,0.59,0.05,0.0
1365,q_learning,2,1.4301,9.2,3195,cpu,7,56,63.72,0.05,0.0
1366,q_learning,2,1.4323,9.4,3195,cpu,16,115,158.22,0.05,0.0
1367,q_learning,2,1.4343,9.44,3198,cpu,14,110,137.35,0.05,0.0
1368,q_learning,2,1.4356,9.44,3198,cpu,9,72,83.38,0.05,0.0
1369,q_learning,2,1.4375,9.54,3201,cpu,14,94,135.91,0.05,0.0
1370,q_learning,2,1.4391,9.52,3201,cpu,13,84,126.1,0.05,0.0
1371,q_learning,2,1.4404,9.5,3201,cpu,8,69,75.2,0.05,0.0
1372,q_learning,2,1.4419,9.54,3201,cpu,10,81,95.1,0.05,0.0
1373,q_learning,2,1.4443,9.82,3204,cpu,17,124,167.34,0.05,0.0
1374,q_learning,2,1.4464,9.78,3204,cpu,12,109,116.24,0.05,0.0
1375,q_learning,2,1.4496,10.04,3210,cpu,18,168,181.21,0.05,0.0
1376,q_learning,2,1.4523,10.14,3213,cpu,15,145,148.81,0.05,0.0
1377,q_learning,2,1.4543,10.36,3213,cpu,13,108,128.46,0.05,0.0
1378,q_learning,2,1.4553,10.12,3213,cpu,4,51,32.94,0.05,0.0
1379,q_learning,2,1.456,10.06,3213,cpu,7,39,62.79,0.05,0.0
1380,q_learning,2,1.4564,9.8,3213,cpu,2,23,11.8,0.05,0.0
1381,q_learning,2,1.4583,9.76,3213,cpu,14,96,135.69,0.05,0.0
1382,q_learning,2,1.4602,9.84,3213,cpu,14,101,136.34,0.05,0.0
1383,q_learning,2,1.4607,9.8,3213,cpu,3,26,21.78,0.05,0.0
1384,q_learning,2,1.4635,9.82,3216,cpu,18,142,180.07,0.05,0.0
1385,q_learning,2,1.4641,9.78,3216,cpu,2,36,11.97,0.05,0.0
1386,q_learning,2,1.4662,9.92,3219,cpu,14,110,136.75,0.05,0.0
1387,q_learning,2,1.4669,9.64,3219,cpu,4,38,32.77,0.05,0.0
1388,q_learning,2,1.4692,9.72,3222,cpu,13,128,127.46,0.05,0.0
1389,q_learning,2,1.4712,9.78,3225,cpu,13,101,127.23,0.05,0.0
1390,q_learning,2,1.473,9.76,3228,cpu,11,97,105.25,0.05,0.0
1391,q_learning,2,1.4747,9.74,3228,cpu,12,92,116.71,0.05,0.0
1392,q_learning,2,1.4769,9.9,3228,cpu,15,112,146.84,0.05,0.0
1393,q_learning,2,1.4774,9.84,3228,cpu,4,31,32.34,0.05,0.0
1394,q_learning,2,1.4782,9.74,3228,cpu,5,44,43.02,0.05,0.0
1395,q_learning,2,1.4796,9.84,3228,cpu,9,68,84.62,0.05,0.0
1396,q_learning,2,1.4818,9.8,3228,cpu,12,120,118.63,0.05,0.0
1397,q_learning,2,1.4829,9.82,3228,cpu,11,58,104.14,0.05,0.0
1398,q_learning,2,1.4842,9.82,3228,cpu,9,73,85.47,0.05,0.0
1399,q_learning,2,1.4862,9.84,3228,cpu,11,107,107.15,0.05,0.0
1400,q_learning,2,1.4882,9.88,3228,cpu,13,103,127.81,0.05,0.0
1401,q_learning,2,1.49,10.06,3228,cpu,13,95,125.49,0.05,0.0
1402,q_learning,2,1.4915,9.98,3228,cpu,10,78,95.23,0.05,0.0
1403,q_learning,2,1.4916,9.82,3228,cpu,1,8,0.54,0.05,0.0
1404,q_learning,2,1.4929,9.94,3228,cpu,10,68,93.13,0.05,0.0
1405,q_learning,2,1.4939,9.8,3228,cpu,6,56,53.01,0.05,0.0
1406,q_learning,2,1.4962,9.92,3228,cpu,17,114,168.44,0.05,0.0
1407,q_learning,2,1.4997,10.04,3243,cpu,21,184,211.18,0.05,0.0
1408,q_learning,2,1.503,10.36,3252,cpu,21,170,210.92,0.05,0.0
1409,q_learning,2,1.505,10.58,3252,cpu,14,100,136.45,0.05,0.0
1410,q_learning,2,1.5063,10.5,3252,cpu,9,71,85.49,0.05,0.0
1411,q_learning,2,1.509,10.64,3252,cpu,15,143,147.63,0.05,0.0
1412,q_learning,2,1.5103,10.78,3255,cpu,11,68,104.84,0.05,0.0
1413,q_learning,2,1.5134,11.02,3258,cpu,16,156,159.51,0.05,0.0
1414,q_learning,2,1.5148,11.2,3258,cpu,10,79,96.12,0.05,0.0
1415,q_learning,2,1.5167,11.3,3258,cpu,12,103,116.3,0.05,0.0
1416,q_learning,2,1.5182,11.14,3258,cpu,8,82,75.77,0.05,0.0
1417,q_learning,2,1.5187,10.9,3258,cpu,2,27,11.16,0.05,0.0
1418,q_learning,2,1.519,10.76,3258,cpu,2,16,10.77,0.05,0.0
1419,q_learning,2,1.5201,10.66,3258,cpu,9,60,83.7,0.05,0.0
1420,q_learning,2,1.523,10.7,3258,cpu,15,155,148.31,0.05,0.0
1421,q_learning,2,1.5244,10.74,3258,cpu,10,75,95.36,0.05,0.0
1422,q_learning,2,1.5251,10.62,3258,cpu,4,39,32.26,0.05,0.0
1423,q_learning,2,1.5277,10.58,3258,cpu,15,140,149.76,0.05,0.0
1424,q_learning,2,1.5289,10.46,3258,cpu,6,65,54.02,0.05,0.0
1425,q_learning,2,1.5295,10.16,3258,cpu,3,29,21.65,0.05,0.0
1426,q_learning,2,1.5312,10.16,3261,cpu,15,87,144.79,0.05,0.0
1427,q_learning,2,1.5317,9.98,3261,cpu,4,32,31.03,0.05,0.0
1428,q_learning,2,1.5334,10.1,3261,cpu,10,89,96.42,0.05,0.0
1429,q_learning,2,1.5336,9.98,3261,cpu,1,10,0.72,0.05,0.0
1430,q_learning,2,1.5339,9.98,3261,cpu,2,22,11.71,0.05,0.0
1431,q_learning,2,1.5363,10.04,3264,cpu,17,123,167.45,0.05,0.0
1432,q_learning,2,1.539,10.1,3267,cpu,17,139,169.89,0.05,0.0
1433,q_learning,2,1.5393,10.06,3267,cpu,1,14,0.48,0.05,0.0
1434,q_learning,2,1.5416,10.04,3270,cpu,17,119,168.69,0.05,0.0
1435,q_learning,2,1.5432,10.22,3270,cpu,11,86,106.26,0.05,0.0
1436,q_learning,2,1.5455,10.3,3276,cpu,18,117,178.42,0.05,0.0
1437,q_learning,2,1.5481,10.58,3279,cpu,18,132,179.57,0.05,0.0
1438,q_learning,2,1.55,10.6,3279,cpu,14,100,136.25,0.05,0.0
1439,q_learning,2,1.552,10.66,3282,cpu,16,107,157.3,0.05,0.0
1440,q_learning,2,1.553,10.58,3282,cpu,7,52,63.36,0.05,0.0
1441,q_learning,2,1.5541,10.46,3282,cpu,6,62,53.15,0.05,0.0
1442,q_learning,2,1.555,10.28,3282,cpu,6,46,53.31,0.05,0.0
1443,q_learning,2,1.5574,10.46,3282,cpu,13,135,129.49,0.05,0.0
1444,q_learning,2,1.5602,10.68,3285,cpu,16,148,161.19,0.05,0.0
1445,q_learning,2,1.5612,10.64,3285,cpu,7,56,63.32,0.05,0.0
1446,q_learning,2,1.5618,10.46,3285,cpu,3,32,21.32,0.05,0.0
1447,q_learning,2,1.5636,10.46,3285,cpu,11,98,106.74,0.05,0.0
1448,q_learning,2,1.5639,10.3,3285,cpu,1,17,1.35,0.05,0.0
1449,q_learning,2,1.5651,10.28,3288,cpu,10,60,94.21,0.05,0.0
1450,q_learning,2,1.5667,10.2,3288,cpu,9,91,85.49,0.05,0.0
1451,q_learning,2,1.5689,10.24,3291,cpu,15,117,146.69,0.05,0.0
1452,q_learning,2,1.5697,10.12,3291,cpu,4,43,32.42,0.05,0.0
1453,q_learning,2,1.5703,10.2,3291,cpu,5,33,42.03,0.05,0.0
1454,q_learning,2,1.5705,10.02,3291,cpu,1,9,0.43,0.05,0.0
1455,q_learning,2,1.5721,10.1,3291,cpu,10,82,93.99,0.05,0.0
1456,q_learning,2,1.5735,10.0,3291,cpu,12,78,115.65,0.05,0.0
1457,q_learning,2,1.5753,9.82,3294,cpu,12,96,115.27,0.05,0.0
1458,q_learning,2,1.5758,9.5,3294,cpu,5,28,41.78,0.05,0.0
1459,q_learning,2,1.5764,9.3,3297,cpu,4,29,31.36,0.05,0.0
1460,q_learning,2,1.5775,9.32,3297,cpu,10,63,93.28,0.05,0.0
1461,q_learning,2,1.5785,9.16,3297,cpu,7,50,62.58,0.05,0.0
1462,q_learning,2,1.5795,9.12,3297,cpu,9,49,83.11,0.05,0.0
1463,q_learning,2,1.5807,9.02,3297,cpu,11,66,104.66,0.05,0.0
1464,q_learning,2,1.581,8.86,3297,cpu,2,12,10.81,0.05,0.0
1465,q_learning,2,1.5811,8.62,3297,cpu,0,5,-9.64,0.05,0.0
1466,q_learning,2,1.5826,8.74,3297,cpu,14,77,135.38,0.05,0.0
1467,q_learning,2,1.5853,9.04,3297,cpu,17,142,168.76,0.05,0.0
1468,q_learning,2,1.5867,9.2,3297,cpu,10,79,95.32,0.05,0.0
1469,q_learning,2,1.5873,9.08,3297,cpu,3,32,22.32,0.05,0.0
1470,q_learning,2,1.5895,9.06,3297,cpu,14,116,138.29,0.05,0.0
1471,q_learning,2,1.5902,8.94,3297,cpu,4,37,32.88,0.05,0.0
1472,q_learning,2,1.5924,9.14,3300,cpu,14,119,138.36,0.05,0.0
1473,q_learning,2,1.5936,9.06,3300,cpu,11,66,104.06,0.05,0.0
1474,q_learning,2,1.5954,9.2,3300,cpu,13,92,125.82,0.05,0.0
1475,q_learning,2,1.5986,9.56,3318,cpu,21,159,209.93,0.05,0.0
1476,q_learning,2,1.5997,9.42,3318,cpu,8,60,73.99,0.05,0.0
1477,q_learning,2,1.6002,9.4,3318,cpu,3,27,21.87,0.05,0.0
1478,q_learning,2,1.6007,9.28,3318,cpu,4,26,31.69,0.05,0.0
1479,q_learning,2,1.6018,9.46,3321,cpu,10,60,93.61,0.05,0.0
1480,q_learning,2,1.6021,9.46,3321,cpu,2,16,11.17,0.05,0.0
1481,q_learning,2,1.6032,9.24,3321,cpu,6,62,52.95,0.05,0.0
1482,q_learning,2,1.605,9.16,3321,cpu,13,93,126.31,0.05,0.0
1483,q_learning,2,1.6064,9.32,3321,cpu,9,73,84.67,0.05,0.0
1484,q_learning,2,1.6069,9.08,3324,cpu,5,30,41.76,0.05,0.0
1485,q_learning,2,1.6076,8.98,3324,cpu,6,36,52.21,0.05,0.0
1486,q_learning,2,1.608,8.64,3324,cpu,1,24,1.38,0.05,0.0
1487,q_learning,2,1.611,8.64,3324,cpu,18,153,179.46,0.05,0.0
1488,q_learning,2,1.6129,8.6,3324,cpu,12,102,116.01,0.05,0.0
1489,q_learning,2,1.6158,8.64,3327,cpu,18,151,180.08,0.05,0.0
1490,q_learning,2,1.616,8.52,3327,cpu,1,8,0.34,0.05,0.0
1491,q_learning,2,1.6186,8.74,3330,cpu,17,137,168.51,0.05,0.0
1492,q_learning,2,1.6214,8.96,3333,cpu,17,144,169.94,0.05,0.0
1493,q_learning,2,1.6218,8.78,3336,cpu,4,23,31.62,0.05,0.0
1494,q_learning,2,1.6232,8.64,3336,cpu,9,71,85.09,0.05,0.0
1495,q_learning,2,1.6243,8.64,3336,cpu,7,62,63.86,0.05,0.0
1496,q_learning,2,1.6254,8.78,3336,cpu,10,58,93.43,0.05,0.0
1497,q_learning,2,1.6268,8.74,3336,cpu,9,81,84.79,0.05,0.0
1498,q_learning,2,1.6272,8.76,3336,cpu,2,18,10.55,0.05,0.0
1499,q_learning,2,1.6291,8.76,3336,cpu,10,104,96.57,0.05,0.0
1500,q_learning,2,1.6304,8.78,3336,cpu,10,66,93.55,0.05,0.0
1501,q_learning,2,1.6331,8.82,3339,cpu,17,140,168.38,0.05,0.0
1502,q_learning,2,1.6347,8.96,3339,cpu,11,89,106.13,0.05,0.0
1503,q_learning,2,1.6358,9.02,3339,cpu,8,56,73.83,0.05,0.0
1504,q_learning,2,1.6375,9.26,3339,cpu,13,90,125.24,0.05,0.0
1505,q_learning,2,1.6403,9.36,3342,cpu,15,144,147.92,0.05,0.0
1506,q_learning,2,1.6425,9.44,3342,cpu,16,114,158.53,0.05,0.0
1507,q_learning,2,1.6444,9.46,3342,cpu,13,105,127.59,0.05,0.0
1508,q_learning,2,1.6453,9.44,3342,cpu,4,50,33.05,0.05,0.0
1509,q_learning,2,1.6481,9.68,3342,cpu,16,138,158.69,0.05,0.0
1510,q_learning,2,1.6504,9.74,3342,cpu,13,133,127.51,0.05,0.0
1511,q_learning,2,1.6514,9.74,3342,cpu,7,61,64.37,0.05,0.0
1512,q_learning,2,1.6518,9.64,3342,cpu,4,19,31.26,0.05,0.0
1513,q_learning,2,1.6545,9.76,3345,cpu,17,138,169.4,0.05,0.0
1514,q_learning,2,1.6572,10.04,3345,cpu,16,139,158.78,0.05,0.0
1515,q_learning,2,1.6584,10.18,3345,cpu,7,67,62.71,0.05,0.0
1516,q_learning,2,1.6598,10.14,3345,cpu,12,72,114.51,0.05,0.0
1517,q_learning,2,1.6624,10.12,3345,cpu,16,134,157.73,0.05,0.0
1518,q_learning,2,1.6658,10.32,3345,cpu,20,174,201.57,0.05,0.0
1519,q_learning,2,1.6671,10.46,3345,cpu,10,70,94.31,0.05,0.0
1520,q_learning,2,1.6678,10.26,3345,cpu,4,41,32.64,0.05,0.0
1521,q_learning,2,1.6708,10.54,3360,cpu,18,149,177.7,0.05,0.0
1522,q_learning,2,1.6726,10.48,3363,cpu,11,96,106.16,0.05,0.0
1523,q_learning,2,1.6728,10.3,3363,cpu,2,10,10.63,0.05,0.0
1524,q_learning,2,1.675,10.28,3363,cpu,12,122,116.61,0.05,0.0
1525,q_learning,2,1.6767,10.1,3366,cpu,12,88,115.55,0.05,0.0
1526,q_learning,2,1.6804,10.36,3375,cpu,21,190,211.52,0.05,0.0
1527,q_learning,2,1.683,10.6,3375,cpu,15,141,150.05,0.05,0.0
1528,q_learning,2,1.6834,10.6,3378,cpu,4,21,31.04,0.05,0.0
1529,q_learning,2,1.6857,10.74,3387,cpu,17,120,168.78,0.05,0.0
1530,q_learning,2,1.688,10.98,3390,cpu,14,120,139.05,0.05,0.0
1531,q_learning,2,1.6895,11.06,3390,cpu,10,79,95.32,0.05,0.0
1532,q_learning,2,1.6909,10.98,3390,cpu,9,75,85.65,0.05,0.0
1533,q_learning,2,1.6926,11.06,3390,cpu,13,90,126.64,0.05,0.0
1534,q_learning,2,1.6954,11.28,3390,cpu,16,151,158.66,0.05,0.0
1535,q_learning,2,1.6958,11.2,3390,cpu,2,19,11.44,0.05,0.0
1536,q_learning,2,1.6969,11.3,3390,cpu,6,58,54.39,0.05,0.0
1537,q_learning,2,1.6993,11.28,3393,cpu,17,128,168.1,0.05,0.0
1538,q_learning,2,1.7007,11.28,3393,cpu,12,69,114.44,0.05,0.0
1539,q_learning,2,1.7014,11.02,3396,cpu,5,44,42.62,0.05,0.0
1540,q_learning,2,1.7034,11.3,3396,cpu,15,100,145.96,0.05,0.0
1541,q_learning,2,1.7048,11.14,3396,cpu,9,73,84.67,0.05,0.0
1542,q_learning,2,1.7064,11.0,3396,cpu,10,89,96.22,0.05,0.0
1543,q_learning,2,1.7082,11.16,3396,cpu,12,96,115.87,0.05,0.0
1544,q_learning,2,1.7085,11.02,3396,cpu,2,18,11.15,0.05,0.0
1545,q_learning,2,1.7109,11.24,3402,cpu,18,122,178.07,0.05,0.0
1546,q_learning,2,1.713,11.26,3402,cpu,11,114,107.78,0.05,0.0
1547,q_learning,2,1.7136,11.14,3402,cpu,3,30,21.94,0.05,0.0
1548,q_learning,2,1.7151,11.34,3402,cpu,12,82,115.41,0.05,0.0
1549,q_learning,2,1.7168,11.4,3402,cpu,13,88,125.66,0.05,0.0
1550,q_learning,2,1.7173,11.26,3402,cpu,3,30,22.14,0.05,0.0
1551,q_learning,2,1.7181,11.06,3402,cpu,7,40,62.28,0.05,0.0
1552,q_learning,2,1.7204,11.1,3402,cpu,13,127,127.17,0.05,0.0
1553,q_learning,2,1.7219,11.1,3402,cpu,8,79,75.7,0.05,0.0
1554,q_learning,2,1.7232,11.06,3402,cpu,11,70,104.22,0.05,0.0
1555,q_learning,2,1.7249,10.98,3402,cpu,11,96,106.36,0.05,0.0
1556,q_learning,2,1.7253,10.7,3402,cpu,2,17,11.06,0.05,0.0
1557,q_learning,2,1.7263,10.6,3402,cpu,8,57,74.32,0.05,0.0
1558,q_learning,2,1.7288,10.86,3420,cpu,17,127,167.41,0.05,0.0
1559,q_learning,2,1.7305,10.8,3420,cpu,13,89,124.75,0.05,0.0
1560,q_learning,2,1.7324,10.8,3420,cpu,13,97,126.87,0.05,0.0
1561,q_learning,2,1.7333,10.8,3420,cpu,7,53,62.85,0.05,0.0
1562,q_learning,2,1.7336,10.78,3420,cpu,3,15,20.79,0.05,0.0
1563,q_learning,2,1.7346,10.58,3420,cpu,7,53,63.85,0.05,0.0
1564,q_learning,2,1.7357,10.4,3420,cpu,7,60,64.28,0.05,0.0
1565,q_learning,2,1.7371,10.46,3420,cpu,10,81,95.5,0.05,0.0
1566,q_learning,2,1.7394,10.6,3420,cpu,19,114,187.06,0.05,0.0
1567,q_learning,2,1.7415,10.48,3420,cpu,10,114,97.47,0.05,0.0
1568,q_learning,2,1.7428,10.3,3420,cpu,11,71,104.71,0.05,0.0
1569,q_learning,2,1.7432,10.14,3420,cpu,2,23,10.6,0.05,0.0
1570,q_learning,2,1.7456,10.46,3423,cpu,20,122,198.49,0.05,0.0
1571,q_learning,2,1.7471,10.34,3423,cpu,12,73,115.0,0.05,0.0
1572,q_learning,2,1.7477,10.18,3423,cpu,3,34,22.5,0.05,0.0
1573,q_learning,2,1.7491,10.32,3426,cpu,9,80,84.9,0.05,0.0
1574,q_learning,2,1.7511,10.38,3429,cpu,15,103,146.43,0.05,0.0
1575,q_learning,2,1.7523,10.3,3429,cpu,8,65,74.84,0.05,0.0
1576,q_learning,2,1.7531,9.98,3429,cpu,5,42,43.04,0.05,0.0
1577,q_learning,2,1.7539,9.84,3429,cpu,8,44,72.35,0.05,0.0
1578,q_learning,2,1.755,9.92,3429,cpu,8,59,73.3,0.05,0.0
1579,q_learning,2,1.7563,9.78,3429,cpu,10,66,94.75,0.05,0.0
1580,q_learning,2,1.7565,9.54,3429,cpu,2,11,10.72,0.05,0.0
1581,q_learning,2,1.7576,9.5,3429,cpu,8,57,73.12,0.05,0.0
1582,q_learning,2,1.7592,9.56,3429,cpu,12,90,116.53,0.05,0.0
1583,q_learning,2,1.7607,9.5,3429,cpu,10,77,94.74,0.05,0.0
1584,q_learning,2,1.7625,9.44,3429,cpu,13,95,126.29,0.05,0.0
1585,q_learning,2,1.765,9.68,3429,cpu,14,137,137.58,0.05,0.0
1586,q_learning,2,1.767,9.82,3429,cpu,13,106,126.28,0.05,0.0
1587,q_learning,2,1.7696,9.78,3429,cpu,15,141,148.85,0.05,0.0
1588,q_learning,2,1.7699,9.58,3429,cpu,2,18,11.35,0.05,0.0
1589,q_learning,2,1.7714,9.68,3429,cpu,10,78,95.23,0.05,0.0
1590,q_learning,2,1.772,9.44,3429,cpu,3,34,22.1,0.05,0.0
1591,q_learning,2,1.7738,9.52,3432,cpu,13,98,127.16,0.05,0.0
1592,q_learning,2,1.7746,9.44,3432,cpu,6,39,52.28,0.05,0.0
1593,q_learning,2,1.7749,9.24,3432,cpu,2,15,11.08,0.05,0.0
1594,q_learning,2,1.7762,9.4,3432,cpu,10,73,93.78,0.05,0.0
1595,q_learning,2,1.7793,9.44,3435,cpu,20,157,200.64,0.05,0.0
1596,q_learning,2,1.7807,9.42,3435,cpu,10,79,94.72,0.05,0.0
1597,q_learning,2,1.7823,9.54,3435,cpu,9,88,86.22,0.05,0.0
1598,q_learning,2,1.7828,9.36,3435,cpu,3,27,21.87,0.05,0.0
1599,q_learning,2,1.7843,9.32,3435,cpu,11,84,105.68,0.05,0.0
1600,q_learning,2,1.7847,9.3,3435,cpu,2,20,11.33,0.05,0.0
1601,q_learning,2,1.7875,9.52,3435,cpu,18,148,179.81,0.05,0.0
1602,q_learning,2,1.789,9.48,3435,cpu,11,81,105.81,0.05,0.0
1603,q_learning,2,1.7918,9.7,3438,cpu,19,148,189.92,0.05,0.0
1604,q_learning,2,1.7939,9.76,3441,cpu,14,113,136.42,0.05,0.0
1605,q_learning,2,1.7945,9.6,3441,cpu,3,34,22.1,0.05,0.0
1606,q_learning,2,1.7974,9.88,3441,cpu,16,155,161.02,0.05,0.0
1607,q_learning,2,1.7977,9.76,3441,cpu,2,18,10.75,0.05,0.0
1608,q_learning,2,1.7986,9.58,3441,cpu,8,47,72.82,0.05,0.0
1609,q_learning,2,1.8,9.54,3441,cpu,11,72,104.8,0.05,0.0
1610,q_learning,2,1.8001,9.28,3441,cpu,0,7,-9.66,0.05,0.0
1611,q_learning,2,1.8006,9.22,3441,cpu,4,30,32.05,0.05,0.0
1612,q_learning,2,1.8014,9.3,3444,cpu,7,43,62.75,0.05,0.0
1613,q_learning,2,1.8022,9.24,3444,cpu,4,46,32.69,0.05,0.0
1614,q_learning,2,1.8026,9.14,3444,cpu,2,20,10.93,0.05,0.0
1615,q_learning,2,1.8027,8.98,3444,cpu,2,7,10.16,0.05,0.0
1616,q_learning,2,1.8043,8.76,3444,cpu,8,83,75.26,0.05,0.0
1617,q_learning,2,1.8052,8.74,3444,cpu,9,49,82.31,0.05,0.0
1618,q_learning,2,1.8061,8.68,3444,cpu,8,46,72.93,0.05,0.0
1619,q_learning,2,1.8066,8.7,3444,cpu,3,28,22.16,0.05,0.0
1620,q_learning,2,1.8088,8.54,3444,cpu,12,123,117.5,0.05,0.0
1621,q_learning,2,1.8101,8.5,3444,cpu,10,65,94.46,0.05,0.0
1622,q_learning,2,1.8136,8.84,3447,cpu,20,186,203.65,0.05,0.0
1623,q_learning,2,1.8166,9.02,3450,cpu,18,156,180.73,0.05,0.0
1624,q_learning,2,1.8183,8.94,3450,cpu,11,99,107.03,0.05,0.0
1625,q_learning,2,1.8196,8.92,3450,cpu,7,72,64.36,0.05,0.0
1626,q_learning,2,1.8206,8.98,3450,cpu,8,51,73.58,0.05,0.0
1627,q_learning,2,1.8223,9.08,3453,cpu,13,87,125.77,0.05,0.0
1628,q_learning,2,1.8231,9.06,3453,cpu,7,45,62.93,0.05,0.0
1629,q_learning,2,1.8233,8.9,3453,cpu,2,8,10.25,0.05,0.0
1630,q_learning,2,1.8254,9.12,3453,cpu,13,115,127.89,0.05,0.0
1631,q_learning,2,1.8281,9.36,3456,cpu,20,141,200.0,0.05,0.0
1632,q_learning,2,1.8284,9.14,3456,cpu,1,14,0.88,0.05,0.0
1633,q_learning,2,1.8312,9.3,3459,cpu,18,145,179.14,0.05,0.0
1634,q_learning,2,1.8317,9.12,3459,cpu,4,29,31.96,0.05,0.0
1635,q_learning,2,1.8337,9.18,3459,cpu,17,105,167.03,0.05,0.0
1636,q_learning,2,1.8357,9.22,3462,cpu,15,104,147.12,0.05,0.0
1637,q_learning,2,1.8359,8.92,3462,cpu,0,10,-9.39,0.05,0.0
1638,q_learning,2,1.8368,9.0,3462,cpu,6,47,53.2,0.05,0.0
1639,q_learning,2,1.839,9.06,3462,cpu,13,114,127.6,0.05,0.0
1640,q_learning,2,1.8397,9.1,3462,cpu,5,37,42.59,0.05,0.0
1641,q_learning,2,1.8406,9.0,3465,cpu,8,51,73.18,0.05,0.0
1642,q_learning,2,1.8417,9.06,3465,cpu,9,61,83.79,0.05,0.0
1643,q_learning,2,1.845,9.44,3468,cpu,21,169,212.23,0.05,0.0
1644,q_learning,2,1.8471,9.48,3468,cpu,12,109,118.04,0.05,0.0
1645,q_learning,2,1.8479,9.2,3468,cpu,6,45,52.82,0.05,0.0
1646,q_learning,2,1.8498,9.32,3471,cpu,16,99,156.18,0.05,0.0
1647,q_learning,2,1.85,9.14,3471,cpu,0,11,-9.3,0.05,0.0
1648,q_learning,2,1.852,9.42,3474,cpu,17,102,166.76,0.05,0.0
1649,q_learning,2,1.8535,9.44,3477,cpu,12,79,115.74,0.05,0.0
1650,q_learning,2,1.8548,9.58,3477,cpu,9,67,84.33,0.05,0.0
1651,q_learning,2,1.8567,9.48,3477,cpu,13,97,126.67,0.05,0.0
1652,q_learning,2,1.8574,9.36,3477,cpu,5,41,42.75,0.05,0.0
1653,q_learning,2,1.8579,9.06,3477,cpu,4,27,31.58,0.05,0.0
1654,q_learning,2,1.86,9.12,3480,cpu,17,103,166.85,0.05,0.0
1655,q_learning,2,1.8612,9.18,3480,cpu,6,68,54.69,0.05,0.0
1656,q_learning,2,1.8633,9.12,3480,cpu,13,107,126.57,0.05,0.0
1657,q_learning,2,1.864,9.14,3480,cpu,3,40,22.84,0.05,0.0
1658,q_learning,2,1.8664,9.36,3483,cpu,19,123,187.67,0.05,0.0
1659,q_learning,2,1.8672,9.26,3483,cpu,6,44,52.93,0.05,0.0
1660,q_learning,2,1.8683,9.4,3483,cpu,7,58,63.7,0.05,0.0
1661,q_learning,2,1.87,9.54,3483,cpu,11,91,106.31,0.05,0.0
1662,q_learning,2,1.8701,9.42,3483,cpu,1,9,0.63,0.05,0.0
1663,q_learning,2,1.8707,9.42,3483,cpu,4,29,32.16,0.05,0.0
1664,q_learning,2,1.8731,9.8,3486,cpu,21,120,208.02,0.05,0.0
1665,q_learning,2,1.8742,9.9,3486,cpu,7,59,63.59,0.05,0.0
1666,q_learning,2,1.8752,9.94,3486,cpu,10,56,92.65,0.05,0.0
1667,q_learning,2,1.8766,9.94,3486,cpu,9,78,84.92,0.05,0.0
1668,q_learning,2,1.8792,10.14,3486,cpu,18,133,178.66,0.05,0.0
1669,q_learning,2,1.882,10.44,3489,cpu,18,147,180.52,0.05,0.0
1670,q_learning,2,1.8835,10.42,3489,cpu,11,81,105.21,0.05,0.0
1671,q_learning,2,1.8858,10.52,3489,cpu,15,122,147.34,0.05,0.0
1672,q_learning,2,1.8877,10.4,3492,cpu,14,100,136.25,0.05,0.0
1673,q_learning,2,1.8887,10.18,3492,cpu,7,55,63.63,0.05,0.0
1674,q_learning,2,1.8916,10.38,3504,cpu,21,149,210.03,0.05,0.0
1675,q_learning,2,1.8918,10.3,3504,cpu,3,11,20.63,0.05,0.0
1676,q_learning,2,1.8931,10.34,3504,cpu,10,74,94.47,0.05,0.0
1677,q_learning,2,1.8945,10.26,3504,cpu,9,74,83.96,0.05,0.0
1678,q_learning,2,1.8966,10.46,3507,cpu,17,109,167.19,0.05,0.0
1679,q_learning,2,1.8991,10.76,3510,cpu,17,128,169.1,0.05,0.0
1680,q_learning,2,1.9,10.64,3510,cpu,7,49,63.69,0.05,0.0
1681,q_learning,2,1.9018,10.5,3510,cpu,13,96,125.98,0.05,0.0
1682,q_learning,2,1.9034,10.76,3510,cpu,14,85,135.9,0.05,0.0
1683,q_learning,2,1.9048,10.6,3510,cpu,10,70,93.91,0.05,0.0
1684,q_learning,2,1.906,10.68,3510,cpu,8,68,74.11,0.05,0.0
1685,q_learning,2,1.9073,10.5,3510,cpu,8,71,75.38,0.05,0.0
1686,q_learning,2,1.909,10.4,3510,cpu,10,89,96.02,0.05,0.0
1687,q_learning,2,1.9115,10.74,3513,cpu,17,132,168.26,0.05,0.0
1688,q_learning,2,1.914,10.94,3516,cpu,16,129,158.48,0.05,0.0
1689,q_learning,2,1.9143,10.74,3519,cpu,3,21,20.93,0.05,0.0
1690,q_learning,2,1.9163,10.88,3519,cpu,12,106,116.77,0.05,0.0
1691,q_learning,2,1.9171,10.84,3519,cpu,6,42,52.95,0.05,0.0
1692,q_learning,2,1.9179,10.82,3519,cpu,8,46,72.73,0.05,0.0
1693,q_learning,2,1.9189,10.54,3519,cpu,7,51,63.27,0.05,0.0
1694,q_learning,2,1.9202,10.52,3519,cpu,11,71,103.71,0.05,0.0
1695,q_learning,2,1.9217,10.56,3519,cpu,8,80,76.19,0.05,0.0
1696,q_learning,2,1.922,10.3,3519,cpu,3,17,20.77,0.05,0.0
1697,q_learning,2,1.9228,10.36,3519,cpu,3,44,22.0,0.05,0.0
1698,q_learning,2,1.924,10.24,3522,cpu,11,65,104.17,0.05,0.0
1699,q_learning,2,1.9247,10.08,3522,cpu,4,38,32.57,0.05,0.0
1700,q_learning,2,1.9257,10.06,3522,cpu,8,55,73.74,0.05,0.0
1701,q_learning,2,1.9267,9.94,3522,cpu,7,55,63.63,0.05,0.0
1702,q_learning,2,1.9277,9.96,3522,cpu,6,55,53.52,0.05,0.0
1703,q_learning,2,1.9285,10.0,3522,cpu,6,46,53.11,0.05,0.0
1704,q_learning,2,1.9303,9.88,3522,cpu,11,97,105.05,0.05,0.0
1705,q_learning,2,1.9308,9.82,3522,cpu,3,32,21.92,0.05,0.0
1706,q_learning,2,1.9318,9.7,3522,cpu,7,54,64.14,0.05,0.0
1707,q_learning,2,1.9337,9.9,3522,cpu,13,101,126.63,0.05,0.0
1708,q_learning,2,1.9349,9.68,3522,cpu,8,68,74.71,0.05,0.0
1709,q_learning,2,1.9376,9.9,3525,cpu,17,138,169.6,0.05,0.0
1710,q_learning,2,1.9387,9.92,3525,cpu,8,62,73.97,0.05,0.0
1711,q_learning,2,1.9397,9.82,3525,cpu,6,54,52.83,0.05,0.0
1712,q_learning,2,1.9415,10.04,3525,cpu,12,94,115.89,0.05,0.0
1713,q_learning,2,1.9421,10.04,3525,cpu,4,35,32.7,0.05,0.0
1714,q_learning,2,1.9445,9.92,3525,cpu,15,129,149.97,0.05,0.0
1715,q_learning,2,1.9463,10.0,3525,cpu,11,95,104.67,0.05,0.0
1716,q_learning,2,1.9492,10.16,3528,cpu,18,154,180.55,0.05,0.0
1717,q_learning,2,1.9504,10.12,3528,cpu,7,67,64.71,0.05,0.0
1718,q_learning,2,1.9525,10.08,3531,cpu,16,107,157.9,0.05,0.0
1719,q_learning,2,1.9542,9.98,3531,cpu,13,89,125.55,0.05,0.0
1720,q_learning,2,1.9559,10.0,3531,cpu,12,92,116.11,0.05,0.0
1721,q_learning,2,1.9571,9.9,3531,cpu,10,67,94.24,0.05,0.0
1722,q_learning,2,1.9594,9.9,3531,cpu,14,123,137.92,0.05,0.0
1723,q_learning,2,1.9604,9.92,3531,cpu,8,51,73.58,0.05,0.0
1724,q_learning,2,1.9631,9.84,3534,cpu,17,141,169.27,0.05,0.0
1725,q_learning,2,1.9643,9.9,3534,cpu,6,63,53.84,0.05,0.0
1726,q_learning,2,1.9676,10.12,3549,cpu,21,176,211.66,0.05,0.0
1727,q_learning,2,1.97,10.32,3552,cpu,19,120,188.0,0.05,0.0
1728,q_learning,2,1.971,10.12,3552,cpu,7,51,63.87,0.05,0.0
1729,q_learning,2,1.9734,10.16,3552,cpu,19,124,188.56,0.05,0.0
1730,q_learning,2,1.9753,10.3,3552,cpu,14,100,135.45,0.05,0.0
1731,q_learning,2,1.9771,10.28,3552,cpu,12,95,115.98,0.05,0.0
1732,q_learning,2,1.9781,10.14,3552,cpu,7,59,64.19,0.05,0.0
1733,q_learning,2,1.9786,10.0,3552,cpu,3,23,21.51,0.05,0.0
1734,q_learning,2,1.9798,10.02,3552,cpu,9,63,84.37,0.05,0.0
1735,q_learning,2,1.9819,10.1,3552,cpu,12,113,118.0,0.05,0.0
1736,q_learning,2,1.984,10.18,3552,cpu,14,113,136.62,0.05,0.0
1737,q_learning,2,1.9841,9.84,3552,cpu,0,5,-9.84,0.05,0.0
1738,q_learning,2,1.9854,9.74,3552,cpu,11,70,104.22,0.05,0.0
1739,q_learning,2,1.9863,9.78,3552,cpu,5,48,42.58,0.05,0.0
1740,q_learning,2,1.9871,9.66,3552,cpu,6,45,53.22,0.05,0.0
1741,q_learning,2,1.9906,9.96,3561,cpu,21,184,211.98,0.05,0.0
1742,q_learning,2,1.993,10.18,3567,cpu,19,121,188.89,0.05,0.0
1743,q_learning,2,1.9956,10.32,3567,cpu,14,144,139.61,0.05,0.0
1744,q_learning,2,1.9981,10.46,3570,cpu,18,130,178.79,0.05,0.0
1745,q_learning,2,1.9997,10.56,3570,cpu,13,83,125.81,0.05,0.0
1746,q_learning,2,2.0022,10.84,3573,cpu,17,133,166.35,0.05,0.0
1747,q_learning,2,2.0047,11.14,3579,cpu,18,125,178.94,0.05,0.0
1748,q_learning,2,2.0081,11.3,3582,cpu,19,178,191.62,0.05,0.0
1749,q_learning,2,2.0095,11.4,3582,cpu,9,82,86.08,0.05,0.0
1750,q_learning,2,2.0099,11.26,3582,cpu,1,22,1.8,0.05,0.0
1751,q_learning,2,2.0118,11.34,3582,cpu,11,104,106.08,0.05,0.0
1752,q_learning,2,2.0139,11.52,3582,cpu,15,110,147.66,0.05,0.0
1753,q_learning,2,2.0142,11.46,3582,cpu,3,14,20.9,0.05,0.0
1754,q_learning,2,2.015,11.38,3582,cpu,7,42,62.86,0.05,0.0
1755,q_learning,2,2.0181,11.66,3582,cpu,17,164,169.14,0.05,0.0
1756,q_learning,2,2.0212,11.88,3585,cpu,18,166,181.23,0.05,0.0
1757,q_learning,2,2.0233,11.92,3585,cpu,15,110,147.26,0.05,0.0
1758,q_learning,2,2.0242,11.88,3585,cpu,6,46,52.51,0.05,0.0
1759,q_learning,2,2.0257,11.7,3585,cpu,8,81,72.28,0.05,0.0
1760,q_learning,2,2.0275,11.76,3585,cpu,11,100,106.92,0.05,0.0
1761,q_learning,2,2.0282,11.76,3585,cpu,6,38,52.39,0.05,0.0
1762,q_learning,2,2.0285,11.58,3585,cpu,3,17,21.17,0.05,0.0
1763,q_learning,2,2.0291,11.58,3585,cpu,4,31,31.94,0.05,0.0
1764,q_learning,2,2.0298,11.38,3585,cpu,5,40,42.86,0.05,0.0
1765,q_learning,2,2.0328,11.52,3585,cpu,18,153,179.46,0.05,0.0
1766,q_learning,2,2.033,11.18,3585,cpu,1,16,1.06,0.05,0.0
1767,q_learning,2,2.0342,11.18,3588,cpu,7,64,63.84,0.05,0.0
1768,q_learning,2,2.0351,11.0,3588,cpu,7,54,63.94,0.05,0.0
1769,q_learning,2,2.0373,11.0,3588,cpu,13,115,127.09,0.05,0.0
1770,q_learning,2,2.0385,10.9,3588,cpu,7,65,64.93,0.05,0.0
1771,q_learning,2,2.0388,10.76,3588,cpu,3,19,20.95,0.05,0.0
1772,q_learning,2,2.0399,10.6,3588,cpu,6,58,54.19,0.05,0.0
1773,q_learning,2,2.041,10.56,3588,cpu,6,65,52.62,0.05,0.0
1774,q_learning,2,2.0412,10.24,3588,cpu,1,10,0.72,0.05,0.0
1775,q_learning,2,2.0425,10.28,3588,cpu,8,74,74.25,0.05,0.0
1776,q_learning,2,2.0448,10.12,3591,cpu,13,122,128.12,0.05,0.0
1777,q_learning,2,2.0462,9.92,3591,cpu,9,73,85.07,0.05,0.0
1778,q_learning,2,2.0469,9.92,3591,cpu,7,42,63.06,0.05,0.0
1779,q_learning,2,2.0477,9.66,3591,cpu,6,41,52.46,0.05,0.0
1780,q_learning,2,2.0498,9.66,3591,cpu,14,110,137.75,0.05,0.0
1781,q_learning,2,2.0507,9.56,3591,cpu,7,52,63.76,0.05,0.0
1782,q_learning,2,2.0515,9.56,3591,cpu,7,41,62.17,0.05,0.0
1783,q_learning,2,2.0531,9.74,3591,cpu,12,89,115.64,0.05,0.0
1784,q_learning,2,2.0538,9.68,3591,cpu,6,34,52.23,0.05,0.0
1785,q_learning,2,2.056,9.76,3591,cpu,16,118,156.49,0.05,0.0
1786,q_learning,2,2.0567,9.56,3591,cpu,4,38,32.57,0.05,0.0
1787,q_learning,2,2.0588,9.88,3591,cpu,16,111,155.66,0.05,0.0
1788,q_learning,2,2.0607,9.94,3594,cpu,14,100,136.05,0.05,0.0
1789,q_learning,2,2.0621,10.02,3594,cpu,9,78,85.52,0.05,0.0
1790,q_learning,2,2.0637,10.16,3594,cpu,13,79,124.85,0.05,0.0
1791,q_learning,2,2.0651,9.94,3597,cpu,10,73,94.58,0.05,0.0
1792,q_learning,2,2.067,9.8,3597,cpu,12,105,117.88,0.05,0.0
1793,q_learning,2,2.0681,9.68,3597,cpu,8,61,73.88,0.05,0.0
1794,q_learning,2,2.0709,9.7,3600,cpu,19,145,189.85,0.05,0.0
1795,q_learning,2,2.0731,9.76,3600,cpu,16,119,159.18,0.05,0.0
1796,q_learning,2,2.0734,9.46,3603,cpu,2,17,10.86,0.05,0.0
1797,q_learning,2,2.0736,9.14,3603,cpu,2,9,10.54,0.05,0.0
1798,q_learning,2,2.0751,8.92,3603,cpu,8,85,75.64,0.05,0.0
1799,q_learning,2,2.0775,9.06,3603,cpu,16,125,157.52,0.05,0.0
1800,q_learning,2,2.0797,9.32,3603,cpu,14,118,136.07,0.05,0.0
1801,q_learning,2,2.0828,9.48,3606,cpu,19,157,190.13,0.05,0.0
1802,q_learning,2,2.0834,9.32,3606,cpu,7,36,62.32,0.05,0.0
1803,q_learning,2,2.0838,9.3,3606,cpu,2,22,11.11,0.05,0.0
1804,q_learning,2,2.0856,9.36,3606,cpu,10,101,97.3,0.05,0.0
1805,q_learning,2,2.0864,9.14,3606,cpu,6,40,52.97,0.05,0.0
1806,q_learning,2,2.0871,8.9,3606,cpu,6,38,52.39,0.05,0.0
1807,q_learning,2,2.0885,8.74,3606,cpu,7,80,65.08,0.05,0.0
1808,q_learning,2,2.0887,8.64,3606,cpu,1,8,0.54,0.05,0.0
1809,q_learning,2,2.0895,8.56,3606,cpu,4,44,32.91,0.05,0.0
1810,q_learning,2,2.0897,8.36,3606,cpu,1,14,1.08,0.05,0.0
1811,q_learning,2,2.0902,8.3,3606,cpu,3,27,22.07,0.05,0.0
1812,q_learning,2,2.0912,8.36,3606,cpu,6,56,53.81,0.05,0.0
1813,q_learning,2,2.0929,8.58,3606,cpu,15,90,145.26,0.05,0.0
1814,q_learning,2,2.0934,8.54,3606,cpu,3,25,21.69,0.05,0.0
1815,q_learning,2,2.0953,8.46,3606,cpu,14,104,137.01,0.05,0.0
1816,q_learning,2,2.0965,8.58,3606,cpu,7,66,64.62,0.05,0.0
1817,q_learning,2,2.097,8.54,3606,cpu,5,26,41.8,0.05,0.0
1818,q_learning,2,2.0995,8.74,3606,cpu,17,127,168.21,0.05,0.0
1819,q_learning,2,2.1002,8.62,3606,cpu,7,40,61.68,0.05,0.0
1820,q_learning,2,2.1015,8.68,3606,cpu,10,72,94.49,0.05,0.0
1821,q_learning,2,2.1024,8.74,3606,cpu,6,50,53.67,0.05,0.0
1822,q_learning,2,2.1037,8.82,3606,cpu,10,65,94.06,0.05,0.0
1823,q_learning,2,2.1051,8.88,3606,cpu,9,74,84.16,0.05,0.0
1824,q_learning,2,2.1067,9.08,3606,cpu,11,93,106.09,0.05,0.0
1825,q_learning,2,2.107,8.96,3606,cpu,2,17,10.66,0.05,0.0
1826,q_learning,2,2.109,8.98,3606,cpu,14,102,136.43,0.05,0.0
1827,q_learning,2,2.1113,9.1,3606,cpu,15,127,147.39,0.05,0.0
1828,q_learning,2,2.1138,9.32,3606,cpu,18,122,178.87,0.05,0.0
1829,q_learning,2,2.1144,9.3,3609,cpu,5,37,42.19,0.05,0.0
1830,q_learning,2,2.1156,9.22,3609,cpu,10,64,94.37,0.05,0.0
1831,q_learning,2,2.1157,9.1,3609,cpu,1,6,0.36,0.05,0.0
1832,q_learning,2,2.1171,9.22,3609,cpu,13,73,124.51,0.05,0.0
1833,q_learning,2,2.1188,9.24,3609,cpu,13,90,125.04,0.05,0.0
1834,q_learning,2,2.1195,9.18,3609,cpu,3,36,22.08,0.05,0.0
1835,q_learning,2,2.1209,9.02,3612,cpu,8,77,74.92,0.05,0.0
1836,q_learning,2,2.1226,9.22,3615,cpu,14,91,134.84,0.05,0.0
1837,q_learning,2,2.1232,8.96,3615,cpu,3,32,21.92,0.05,0.0
1838,q_learning,2,2.1246,8.86,3615,cpu,9,75,85.25,0.05,0.0
1839,q_learning,2,2.1258,8.8,3615,cpu,6,71,54.76,0.05,0.0
1840,q_learning,2,2.1277,8.76,3615,cpu,11,103,106.79,0.05,0.0
1841,q_learning,2,2.1293,8.78,3615,cpu,11,86,106.26,0.05,0.0
1842,q_learning,2,2.1301,8.64,3615,cpu,5,42,42.84,0.05,0.0
1843,q_learning,2,2.1311,8.64,3618,cpu,8,57,72.32,0.05,0.0
1844,q_learning,2,2.1339,8.62,3621,cpu,18,145,177.54,0.05,0.0
1845,q_learning,2,2.1358,8.52,3621,cpu,11,104,107.08,0.05,0.0
1846,q_learning,2,2.1388,8.86,3621,cpu,19,154,191.06,0.05,0.0
1847,q_learning,2,2.1411,9.1,3621,cpu,14,126,138.79,0.05,0.0
1848,q_learning,2,2.1439,9.36,3642,cpu,21,146,209.76,0.05,0.0
1849,q_learning,2,2.1458,9.3,3645,cpu,13,95,124.69,0.05,0.0
1850,q_learning,2,2.1463,9.08,3645,cpu,3,26,21.78,0.05,0.0
1851,q_learning,2,2.1473,8.86,3645,cpu,8,54,73.65,0.05,0.0
1852,q_learning,2,2.1481,8.82,3645,cpu,5,44,43.42,0.05,0.0
1853,q_learning,2,2.1501,9.02,3648,cpu,12,107,116.26,0.05,0.0
1854,q_learning,2,2.1529,9.16,3651,cpu,17,155,170.73,0.05,0.0
1855,q_learning,2,2.1533,9.08,3651,cpu,2,24,11.89,0.05,0.0
1856,q_learning,2,2.1538,9.02,3651,cpu,3,27,21.67,0.05,0.0
1857,q_learning,2,2.1557,9.14,3651,cpu,13,94,126.2,0.05,0.0
1858,q_learning,2,2.1584,9.46,3651,cpu,17,144,170.74,0.05,0.0
1859,q_learning,2,2.1601,9.6,3651,cpu,11,93,106.69,0.05,0.0
1860,q_learning,2,2.1604,9.6,3651,cpu,1,22,1.2,0.05,0.0
1861,q_learning,2,2.1612,9.64,3651,cpu,5,44,42.42,0.05,0.0
1862,q_learning,2,2.1627,9.68,3651,cpu,8,79,74.9,0.05,0.0
1863,q_learning,2,2.1645,9.66,3651,cpu,14,94,134.91,0.05,0.0
1864,q_learning,2,2.1654,9.7,3651,cpu,5,46,42.6,0.05,0.0
1865,q_learning,2,2.1664,9.58,3651,cpu,8,59,73.9,0.05,0.0
1866,q_learning,2,2.167,9.52,3651,cpu,4,34,32.21,0.05,0.0
1867,q_learning,2,2.1693,9.74,3651,cpu,16,120,155.07,0.05,0.0
1868,q_learning,2,2.1699,9.48,3651,cpu,4,32,31.63,0.05,0.0
1869,q_learning,2,2.1702,9.38,3651,cpu,2,16,10.77,0.05,0.0
1870,q_learning,2,2.1711,9.28,3651,cpu,5,48,42.98,0.05,0.0
1871,q_learning,2,2.1717,9.28,3651,cpu,6,36,52.01,0.05,0.0
1872,q_learning,2,2.1731,9.3,3651,cpu,11,74,104.78,0.05,0.0
1873,q_learning,2,2.175,9.4,3654,cpu,14,104,136.81,0.05,0.0
1874,q_learning,2,2.1754,9.22,3654,cpu,2,17,10.86,0.05,0.0
1875,q_learning,2,2.1784,9.54,3654,cpu,18,157,179.62,0.05,0.0
1876,q_learning,2,2.1803,9.5,3654,cpu,12,100,117.23,0.05,0.0
1877,q_learning,2,2.1821,9.44,3654,cpu,12,98,115.45,0.05,0.0
1878,q_learning,2,2.1841,9.34,3654,cpu,13,107,126.57,0.05,0.0
1879,q_learning,2,2.186,9.52,3654,cpu,14,102,136.83,0.05,0.0
1880,q_learning,2,2.1882,9.62,3654,cpu,15,117,147.29,0.05,0.0
1881,q_learning,2,2.1896,9.76,3654,cpu,8,74,75.45,0.05,0.0
1882,q_learning,2,2.1901,9.56,3654,cpu,3,30,21.74,0.05,0.0
1883,q_learning,2,2.1909,9.38,3654,cpu,4,45,32.4,0.05,0.0
1884,q_learning,2,2.1925,9.52,3654,cpu,10,93,94.98,0.05,0.0
1885,q_learning,2,2.1938,9.52,3654,cpu,8,68,73.91,0.05,0.0
1886,q_learning,2,2.1942,9.32,3657,cpu,4,21,31.04,0.05,0.0
1887,q_learning,2,2.1946,9.32,3657,cpu,3,25,21.49,0.05,0.0
1888,q_learning,2,2.1969,9.44,3657,cpu,15,121,148.65,0.05,0.0
1889,q_learning,2,2.1979,9.42,3657,cpu,5,53,43.63,0.05,0.0
1890,q_learning,2,2.2004,9.54,3660,cpu,17,135,168.33,0.05,0.0
1891,q_learning,2,2.2035,9.72,3666,cpu,20,161,199.0,0.05,0.0
1892,q_learning,2,2.2044,9.74,3666,cpu,6,50,53.67,0.05,0.0
1893,q_learning,2,2.206,9.78,3666,cpu,10,86,95.75,0.05,0.0
1894,q_learning,2,2.2072,9.6,3666,cpu,9,69,84.31,0.05,0.0
1895,q_learning,2,2.2089,9.64,3666,cpu,13,85,125.59,0.05,0.0
1896,q_learning,2,2.21,9.42,3669,cpu,8,65,74.04,0.05,0.0
1897,q_learning,2,2.2104,9.16,3669,cpu,1,20,1.42,0.05,0.0
1898,q_learning,2,2.2129,9.04,3669,cpu,15,132,149.04,0.05,0.0
1899,q_learning,2,2.2149,9.02,3669,cpu,12,109,117.24,0.05,0.0
1900,q_learning,2,2.2162,9.1,3669,cpu,7,71,64.87,0.05,0.0
1901,q_learning,2,2.2188,9.28,3675,cpu,17,143,166.65,0.05,0.0
1902,q_learning,2,2.2196,9.28,3675,cpu,5,43,42.13,0.05,0.0
1903,q_learning,2,2.2222,9.4,3675,cpu,18,134,179.55,0.05,0.0
1904,q_learning,2,2.225,9.34,3675,cpu,14,153,138.62,0.05,0.0
1905,q_learning,2,2.2259,9.42,3678,cpu,6,51,53.76,0.05,0.0
1906,q_learning,2,2.2276,9.62,3678,cpu,13,90,125.44,0.05,0.0
1907,q_learning,2,2.2279,9.4,3678,cpu,2,18,11.35,0.05,0.0
1908,q_learning,2,2.2297,9.28,3678,cpu,11,89,106.33,0.05,0.0
1909,q_learning,2,2.2314,9.28,3678,cpu,11,92,105.2,0.05,0.0
1910,q_learning,2,2.2336,9.6,3678,cpu,17,118,168.8,0.05,0.0
1911,q_learning,2,2.234,9.56,3678,cpu,3,21,21.33,0.05,0.0
1912,q_learning,2,2.2365,9.7,3678,cpu,15,139,149.27,0.05,0.0
1913,q_learning,2,2.2386,9.62,3678,cpu,10,114,97.27,0.05,0.0
1914,q_learning,2,2.2399,9.7,3678,cpu,9,73,84.07,0.05,0.0
1915,q_learning,2,2.2409,9.76,3678,cpu,11,53,103.69,0.05,0.0
1916,q_learning,2,2.2429,10.02,3684,cpu,17,104,167.14,0.05,0.0
1917,q_learning,2,2.2441,9.9,3684,cpu,10,62,94.39,0.05,0.0
1918,q_learning,2,2.2467,10.1,3684,cpu,14,143,139.92,0.05,0.0
1919,q_learning,2,2.2491,10.46,3687,cpu,20,118,198.13,0.05,0.0
1920,q_learning,2,2.2497,10.46,3687,cpu,5,32,42.14,0.05,0.0
1921,q_learning,2,2.2514,10.54,3687,cpu,10,85,94.86,0.05,0.0
1922,q_learning,2,2.2526,10.5,3687,cpu,9,63,83.77,0.05,0.0
1923,q_learning,2,2.2556,10.64,3693,cpu,21,151,209.81,0.05,0.0
1924,q_learning,2,2.2562,10.7,3693,cpu,5,35,42.21,0.05,0.0
1925,q_learning,2,2.2575,10.5,3693,cpu,8,71,74.78,0.05,0.0
1926,q_learning,2,2.2596,10.54,3693,cpu,14,113,138.02,0.05,0.0
1927,q_learning,2,2.2601,10.38,3693,cpu,4,24,31.31,0.05,0.0
1928,q_learning,2,2.2619,10.38,3693,cpu,13,101,126.23,0.05,0.0
1929,q_learning,2,2.2635,10.3,3693,cpu,10,78,95.23,0.05,0.0
1930,q_learning,2,2.2638,10.08,3693,cpu,4,16,30.99,0.05,0.0
1931,q_learning,2,2.265,10.08,3693,cpu,8,61,73.88,0.05,0.0
1932,q_learning,2,2.2662,10.18,3693,cpu,8,67,74.22,0.05,0.0
1933,q_learning,2,2.2668,10.2,3693,cpu,5,35,42.41,0.05,0.0
1934,q_learning,2,2.2689,10.28,3693,cpu,14,115,137.2,0.05,0.0
1935,q_learning,2,2.2715,10.46,3693,cpu,17,133,168.55,0.05,0.0
1936,q_learning,2,2.2738,10.66,3693,cpu,14,120,138.85,0.05,0.0
1937,q_learning,2,2.2763,11.0,3696,cpu,20,126,199.25,0.05,0.0
1938,q_learning,2,2.2785,11.06,3699,cpu,18,113,177.66,0.05,0.0
1939,q_learning,2,2.2813,11.32,3702,cpu,18,142,177.07,0.05,0.0
1940,q_learning,2,2.2839,11.34,3702,cpu,18,135,179.44,0.05,0.0
1941,q_learning,2,2.2857,11.16,3702,cpu,11,100,106.92,0.05,0.0
1942,q_learning,2,2.2875,11.3,3702,cpu,13,92,126.22,0.05,0.0
1943,q_learning,2,2.2892,11.32,3702,cpu,11,87,105.95,0.05,0.0
1944,q_learning,2,2.2902,11.34,3702,cpu,10,57,93.14,0.05,0.0
1945,q_learning,2,2.2913,11.2,3702,cpu,6,58,54.59,0.05,0.0
1946,q_learning,2,2.2933,11.4,3702,cpu,18,103,176.96,0.05,0.0
1947,q_learning,2,2.2937,11.46,3705,cpu,4,23,31.42,0.05,0.0
1948,q_learning,2,2.2961,11.5,3708,cpu,17,118,167.6,0.05,0.0
1949,q_learning,2,2.2986,11.6,3708,cpu,17,134,169.64,0.05,0.0
1950,q_learning,2,2.3001,11.66,3708,cpu,10,79,94.72,0.05,0.0
1951,q_learning,2,2.3011,11.48,3708,cpu,8,55,73.74,0.05,0.0
1952,q_learning,2,2.3037,11.66,3708,cpu,14,143,137.92,0.05,0.0
1953,q_learning,2,2.3046,11.42,3708,cpu,6,46,52.91,0.05,0.0
1954,q_learning,2,2.3057,11.28,3708,cpu,7,62,63.86,0.05,0.0
1955,q_learning,2,2.307,11.34,3708,cpu,9,73,84.87,0.05,0.0
1956,q_learning,2,2.3077,11.18,3708,cpu,5,39,42.77,0.05,0.0
1957,q_learning,2,2.3092,11.32,3708,cpu,9,84,85.26,0.05,0.0
1958,q_learning,2,2.3106,11.3,3708,cpu,10,75,94.56,0.05,0.0
1959,q_learning,2,2.3114,11.18,3708,cpu,5,43,42.93,0.05,0.0
1960,q_learning,2,2.3123,11.0,3708,cpu,8,51,73.18,0.05,0.0
1961,q_learning,2,2.3139,11.16,3708,cpu,11,83,105.79,0.05,0.0
1962,q_learning,2,2.3156,11.06,3708,cpu,10,93,96.78,0.05,0.0
1963,q_learning,2,2.3188,11.22,3708,cpu,18,176,179.53,0.05,0.0
1964,q_learning,2,2.3206,11.28,3708,cpu,12,95,116.18,0.05,0.0
1965,q_learning,2,2.3217,11.16,3708,cpu,5,58,44.28,0.05,0.0
1966,q_learning,2,2.3222,10.86,3708,cpu,2,28,11.45,0.05,0.0
1967,q_learning,2,2.3246,11.08,3714,cpu,21,121,206.91,0.05,0.0
1968,q_learning,2,2.3255,10.96,3714,cpu,8,52,73.87,0.05,0.0
1969,q_learning,2,2.3258,10.6,3714,cpu,2,14,10.79,0.05,0.0
1970,q_learning,2,2.3263,10.54,3714,cpu,2,33,12.1,0.05,0.0
1971,q_learning,2,2.327,10.42,3714,cpu,4,40,32.55,0.05,0.0
1972,q_learning,2,2.3275,10.34,3714,cpu,5,22,41.04,0.05,0.0
1973,q_learning,2,2.3289,10.14,3714,cpu,11,78,105.34,0.05,0.0
1974,q_learning,2,2.3305,10.26,3714,cpu,11,82,105.3,0.05,0.0
1975,q_learning,2,2.3309,10.14,3714,cpu,2,23,11.8,0.05,0.0
1976,q_learning,2,2.3328,10.1,3714,cpu,12,105,117.48,0.05,0.0
1977,q_learning,2,2.3341,10.18,3714,cpu,8,73,73.96,0.05,0.0
1978,q_learning,2,2.3357,10.18,3714,cpu,13,87,126.37,0.05,0.0
1979,q_learning,2,2.338,10.3,3714,cpu,16,119,158.18,0.05,0.0
1980,q_learning,2,2.3387,10.32,3714,cpu,5,38,42.68,0.05,0.0
1981,q_learning,2,2.3398,10.36,3714,cpu,10,57,93.34,0.05,0.0
1982,q_learning,2,2.3423,10.54,3714,cpu,17,135,169.73,0.05,0.0
1983,q_learning,2,2.3431,10.56,3714,cpu,6,40,51.97,0.05,0.0
1984,q_learning,2,2.3434,10.32,3714,cpu,2,19,11.44,0.05,0.0
1985,q_learning,2,2.3442,10.12,3714,cpu,7,43,62.95,0.05,0.0
1986,q_learning,2,2.346,10.14,3717,cpu,15,90,145.06,0.05,0.0
1987,q_learning,2,2.3473,9.9,3717,cpu,8,70,74.89,0.05,0.0
1988,q_learning,2,2.3498,9.9,3720,cpu,18,129,178.7,0.05,0.0
1989,q_learning,2,2.3506,9.68,3720,cpu,7,46,63.22,0.05,0.0
1990,q_learning,2,2.351,9.36,3720,cpu,2,23,11.6,0.05,0.0
1991,q_learning,2,2.3515,9.18,3720,cpu,2,27,11.56,0.05,0.0
1992,q_learning,2,2.3546,9.32,3729,cpu,20,163,198.98,0.05,0.0
1993,q_learning,2,2.355,9.22,3729,cpu,6,21,51.06,0.05,0.0
1994,q_learning,2,2.3554,9.06,3729,cpu,2,20,10.93,0.05,0.0
1995,q_learning,2,2.3577,9.26,3732,cpu,16,119,158.58,0.05,0.0
1996,q_learning,2,2.3603,9.22,3732,cpu,16,139,156.98,0.05,0.0
1997,q_learning,2,2.3625,9.42,3732,cpu,14,117,137.98,0.05,0.0
1998,q_learning,2,2.3633,9.16,3732,cpu,4,45,32.8,0.05,0.0
1999,q_learning,2,2.3639,8.92,3732,cpu,5,35,42.61,0.05,0.0
2000,q_learning,2,2.3642,8.76,3732,cpu,2,13,10.5,0.05,0.0
