episode,model,seed,elapsed_seconds,moving_avg_score,model_size,device,score,steps,reward,epsilon,loss
1,greedy,1,0.0027,27.0,0,cpu,27,225,274.33,0.0,0.0
2,greedy,1,0.0036,19.5,0,cpu,12,80,115.83,0.0,0.0
3,greedy,1,0.0072,23.6667,0,cpu,32,306,323.97,0.0,0.0
4,greedy,1,0.0091,21.75,0,cpu,16,181,157.76,0.0,0.0
5,greedy,1,0.0109,22.0,0,cpu,23,135,229.79,0.0,0.0
6,greedy,1,0.013,22.1667,0,cpu,23,173,229.01,0.0,0.0
7,greedy,1,0.0144,21.1429,0,cpu,15,136,147.2,0.0,0.0
8,greedy,1,0.0163,21.125,0,cpu,21,162,211.4,0.0,0.0
9,greedy,1,0.0201,22.4444,0,cpu,33,290,334.24,0.0,0.0
10,greedy,1,0.0222,22.7,0,cpu,25,180,250.46,0.0,0.0
11,greedy,1,0.0242,22.5455,0,cpu,21,185,211.27,0.0,0.0
12,greedy,1,0.0248,21.25,0,cpu,7,59,63.59,0.0,0.0
13,greedy,1,0.0262,20.9231,0,cpu,17,120,167.98,0.0,0.0
14,greedy,1,0.0291,21.1429,0,cpu,24,195,239.7,0.0,0.0
15,greedy,1,0.0309,20.8,0,cpu,16,169,159.88,0.0,0.0
16,greedy,1,0.0325,20.75,0,cpu,20,131,199.5,0.0,0.0
17,greedy,1,0.0345,20.7647,0,cpu,21,174,210.08,0.0,0.0
18,greedy,1,0.0363,20.5556,0,cpu,17,154,171.04,0.0,0.0
19,greedy,1,0.0378,20.3684,0,cpu,17,136,168.82,0.0,0.0
20,greedy,1,0.0397,20.55,0,cpu,24,155,240.3,0.0,0.0
21,greedy,1,0.0403,19.9524,0,cpu,8,63,74.66,0.0,0.0
22,greedy,1,0.0431,20.1818,0,cpu,25,232,253.34,0.0,0.0
23,greedy,1,0.0454,20.3913,0,cpu,25,186,251.6,0.0,0.0
24,greedy,1,0.0461,19.9583,0,cpu,10,71,95.4,0.0,0.0
25,greedy,1,0.0479,19.96,0,cpu,20,161,199.2,0.0,0.0
26,greedy,1,0.0519,20.3462,0,cpu,30,335,302.36,0.0,0.0
27,greedy,1,0.0539,20.4444,0,cpu,23,160,230.24,0.0,0.0
28,greedy,1,0.0552,20.3214,0,cpu,17,112,166.86,0.0,0.0
29,greedy,1,0.0569,20.2414,0,cpu,18,151,180.28,0.0,0.0
30,greedy,1,0.0593,20.2667,0,cpu,21,184,210.58,0.0,0.0
31,greedy,1,0.0607,20.1613,0,cpu,17,112,167.86,0.0,0.0
32,greedy,1,0.0634,20.375,0,cpu,27,234,272.14,0.0,0.0
33,greedy,1,0.0646,20.1515,0,cpu,13,110,128.04,0.0,0.0
34,greedy,1,0.0658,19.8529,0,cpu,10,59,93.92,0.0,0.0
35,greedy,1,0.068,19.8286,0,cpu,19,191,192.39,0.0,0.0
36,greedy,1,0.07,19.8333,0,cpu,20,159,199.02,0.0,0.0
37,greedy,1,0.0717,19.8378,0,cpu,20,156,201.55,0.0,0.0
38,greedy,1,0.0748,20.1579,0,cpu,32,245,326.48,0.0,0.0
39,greedy,1,0.0757,19.9231,0,cpu,11,83,106.19,0.0,0.0
40,greedy,1,0.0783,20.15,0,cpu,29,206,292.04,0.0,0.0
41,greedy,1,0.0795,19.9756,0,cpu,13,115,127.09,0.0,0.0
42,greedy,1,0.0806,19.8333,0,cpu,14,106,137.79,0.0,0.0
43,greedy,1,0.082,19.814,0,cpu,19,119,188.91,0.0,0.0
44,greedy,1,0.0863,20.0227,0,cpu,29,356,295.74,0.0,0.0
45,greedy,1,0.0877,19.9778,0,cpu,18,126,178.83,0.0,0.0
46,greedy,1,0.0904,20.2391,0,cpu,32,227,325.66,0.0,0.0
47,greedy,1,0.0917,20.1489,0,cpu,16,120,158.47,0.0,0.0
48,greedy,1,0.0934,20.1458,0,cpu,20,138,199.33,0.0,0.0
49,greedy,1,0.0948,20.0612,0,cpu,16,123,159.54,0.0,0.0
50,greedy,1,0.0965,20.0,0,cpu,17,154,170.04,0.0,0.0
51,greedy,1,0.0989,19.94,0,cpu,24,213,242.92,0.0,0.0
52,greedy,1,0.0994,19.82,0,cpu,6,39,52.28,0.0,0.0
53,greedy,1,0.1013,19.58,0,cpu,20,159,199.42,0.0,0.0
54,greedy,1,0.1038,19.64,0,cpu,19,220,189.6,0.0,0.0
55,greedy,1,0.1049,19.46,0,cpu,14,99,136.36,0.0,0.0
56,greedy,1,0.1064,19.34,0,cpu,17,138,170.4,0.0,0.0
57,greedy,1,0.1092,19.58,0,cpu,27,226,271.62,0.0,0.0
58,greedy,1,0.1128,19.86,0,cpu,35,295,356.91,0.0,0.0
59,greedy,1,0.1162,19.82,0,cpu,31,290,318.02,0.0,0.0
60,greedy,1,0.1173,19.58,0,cpu,13,97,124.47,0.0,0.0
61,greedy,1,0.1183,19.42,0,cpu,13,85,126.19,0.0,0.0
62,greedy,1,0.1197,19.6,0,cpu,16,125,158.72,0.0,0.0
63,greedy,1,0.1206,19.52,0,cpu,13,92,126.02,0.0,0.0
64,greedy,1,0.1251,19.8,0,cpu,38,354,387.35,0.0,0.0
65,greedy,1,0.1259,19.68,0,cpu,10,64,94.57,0.0,0.0
66,greedy,1,0.129,19.9,0,cpu,31,259,318.83,0.0,0.0
67,greedy,1,0.1316,20.0,0,cpu,26,224,262.33,0.0,0.0
68,greedy,1,0.1341,20.12,0,cpu,23,234,235.5,0.0,0.0
69,greedy,1,0.1356,20.16,0,cpu,19,119,188.51,0.0,0.0
70,greedy,1,0.1405,20.46,0,cpu,39,416,399.04,0.0,0.0
71,greedy,1,0.1427,20.82,0,cpu,26,170,259.47,0.0,0.0
72,greedy,1,0.145,20.8,0,cpu,24,194,244.01,0.0,0.0
73,greedy,1,0.1466,20.66,0,cpu,18,153,181.86,0.0,0.0
74,greedy,1,0.1473,20.62,0,cpu,8,61,74.08,0.0,0.0
75,greedy,1,0.1479,20.42,0,cpu,10,62,94.39,0.0,0.0
76,greedy,1,0.1495,20.22,0,cpu,20,128,199.63,0.0,0.0
77,greedy,1,0.1502,19.94,0,cpu,9,65,84.75,0.0,0.0
78,greedy,1,0.1519,20.0,0,cpu,20,147,200.94,0.0,0.0
79,greedy,1,0.1534,20.06,0,cpu,21,134,208.48,0.0,0.0
80,greedy,1,0.155,20.02,0,cpu,19,146,189.54,0.0,0.0
81,greedy,1,0.156,20.0,0,cpu,16,81,155.16,0.0,0.0
82,greedy,1,0.1575,19.8,0,cpu,17,135,169.33,0.0,0.0
83,greedy,1,0.1594,19.94,0,cpu,20,161,199.4,0.0,0.0
84,greedy,1,0.161,20.06,0,cpu,16,151,157.66,0.0,0.0
85,greedy,1,0.1623,20.06,0,cpu,19,110,186.3,0.0,0.0
86,greedy,1,0.1656,20.3,0,cpu,32,288,325.15,0.0,0.0
87,greedy,1,0.1667,20.16,0,cpu,13,112,128.62,0.0,0.0
88,greedy,1,0.1689,19.98,0,cpu,23,179,230.75,0.0,0.0
89,greedy,1,0.1701,20.08,0,cpu,16,112,158.15,0.0,0.0
90,greedy,1,0.172,19.96,0,cpu,23,167,231.47,0.0,0.0
91,greedy,1,0.1747,20.28,0,cpu,29,241,297.99,0.0,0.0
92,greedy,1,0.1774,20.48,0,cpu,24,224,237.91,0.0,0.0
93,greedy,1,0.1791,20.46,0,cpu,18,162,178.87,0.0,0.0
94,greedy,1,0.1801,20.12,0,cpu,12,91,116.62,0.0,0.0
95,greedy,1,0.1844,20.6,0,cpu,42,353,427.3,0.0,0.0
96,greedy,1,0.1854,20.2,0,cpu,12,89,116.24,0.0,0.0
97,greedy,1,0.1863,20.12,0,cpu,12,82,115.21,0.0,0.0
98,greedy,1,0.188,20.14,0,cpu,21,149,209.83,0.0,0.0
99,greedy,1,0.1898,20.24,0,cpu,21,167,210.45,0.0,0.0
100,greedy,1,0.191,20.18,0,cpu,14,111,137.64,0.0,0.0
101,greedy,1,0.1933,20.1,0,cpu,20,209,201.52,0.0,0.0
102,greedy,1,0.1947,20.3,0,cpu,16,119,158.38,0.0,0.0
103,greedy,1,0.1963,20.24,0,cpu,17,154,169.44,0.0,0.0
104,greedy,1,0.1987,20.42,0,cpu,28,206,282.13,0.0,0.0
105,greedy,1,0.2006,20.62,0,cpu,24,158,241.17,0.0,0.0
106,greedy,1,0.2017,20.52,0,cpu,12,103,117.7,0.0,0.0
107,greedy,1,0.2037,20.38,0,cpu,20,181,200.4,0.0,0.0
108,greedy,1,0.2052,20.02,0,cpu,17,140,169.18,0.0,0.0
109,greedy,1,0.2064,19.68,0,cpu,14,118,136.27,0.0,0.0
110,greedy,1,0.2074,19.64,0,cpu,11,92,106.6,0.0,0.0
111,greedy,1,0.2098,19.88,0,cpu,25,205,250.31,0.0,0.0
112,greedy,1,0.2121,20.0,0,cpu,22,197,220.66,0.0,0.0
113,greedy,1,0.2143,20.2,0,cpu,23,205,233.09,0.0,0.0
114,greedy,1,0.2165,19.86,0,cpu,21,206,211.96,0.0,0.0
115,greedy,1,0.218,20.0,0,cpu,17,131,169.37,0.0,0.0
116,greedy,1,0.2193,19.7,0,cpu,16,106,157.21,0.0,0.0
117,greedy,1,0.2212,19.6,0,cpu,21,161,210.51,0.0,0.0
118,greedy,1,0.2236,19.66,0,cpu,26,223,265.24,0.0,0.0
119,greedy,1,0.225,19.6,0,cpu,16,119,158.38,0.0,0.0
120,greedy,1,0.2277,19.4,0,cpu,29,217,293.63,0.0,0.0
121,greedy,1,0.23,19.24,0,cpu,18,186,179.63,0.0,0.0
122,greedy,1,0.2316,19.12,0,cpu,18,146,181.23,0.0,0.0
123,greedy,1,0.2339,19.24,0,cpu,24,199,241.26,0.0,0.0
124,greedy,1,0.2353,19.4,0,cpu,16,123,158.14,0.0,0.0
125,greedy,1,0.2373,19.64,0,cpu,22,181,222.42,0.0,0.0
126,greedy,1,0.2391,19.64,0,cpu,20,159,199.82,0.0,0.0
127,greedy,1,0.2399,19.7,0,cpu,12,74,114.69,0.0,0.0
128,greedy,1,0.241,19.58,0,cpu,14,96,137.29,0.0,0.0
129,greedy,1,0.2442,19.72,0,cpu,28,287,284.62,0.0,0.0
130,greedy,1,0.2483,20.0,0,cpu,33,351,338.73,0.0,0.0
131,greedy,1,0.2498,20.06,0,cpu,19,131,189.99,0.0,0.0
132,greedy,1,0.2515,20.12,0,cpu,20,158,200.93,0.0,0.0
133,greedy,1,0.2535,20.14,0,cpu,21,181,210.91,0.0,0.0
134,greedy,1,0.2561,20.4,0,cpu,29,220,293.1,0.0,0.0
135,greedy,1,0.2583,20.54,0,cpu,26,193,262.14,0.0,0.0
136,greedy,1,0.2601,20.3,0,cpu,20,164,200.67,0.0,0.0
137,greedy,1,0.2625,20.54,0,cpu,25,201,252.15,0.0,0.0
138,greedy,1,0.2637,20.36,0,cpu,14,125,139.1,0.0,0.0
139,greedy,1,0.2649,20.34,0,cpu,15,107,148.19,0.0,0.0
140,greedy,1,0.2695,20.56,0,cpu,34,398,349.47,0.0,0.0
141,greedy,1,0.2708,20.28,0,cpu,15,126,149.5,0.0,0.0
142,greedy,1,0.272,20.08,0,cpu,14,118,138.87,0.0,0.0
143,greedy,1,0.273,19.98,0,cpu,13,96,125.58,0.0,0.0
144,greedy,1,0.2762,20.36,0,cpu,31,271,316.31,0.0,0.0
145,greedy,1,0.2771,19.76,0,cpu,12,81,116.12,0.0,0.0
146,greedy,1,0.2782,19.74,0,cpu,11,107,108.55,0.0,0.0
147,greedy,1,0.2805,20.04,0,cpu,27,203,274.15,0.0,0.0
148,greedy,1,0.2818,19.96,0,cpu,17,113,167.75,0.0,0.0
149,greedy,1,0.2837,20.0,0,cpu,23,181,230.73,0.0,0.0
150,greedy,1,0.2854,20.06,0,cpu,17,151,171.97,0.0,0.0
151,greedy,1,0.2869,19.98,0,cpu,16,137,158.8,0.0,0.0
152,greedy,1,0.2884,20.04,0,cpu,19,135,188.95,0.0,0.0
153,greedy,1,0.2898,20.0,0,cpu,15,130,146.66,0.0,0.0
154,greedy,1,0.2926,20.0,0,cpu,28,250,284.69,0.0,0.0
155,greedy,1,0.2942,19.84,0,cpu,16,145,161.12,0.0,0.0
156,greedy,1,0.2953,19.88,0,cpu,14,109,138.26,0.0,0.0
157,greedy,1,0.2975,19.98,0,cpu,25,198,254.88,0.0,0.0
158,greedy,1,0.3002,20.16,0,cpu,26,236,261.61,0.0,0.0
159,greedy,1,0.3014,20.18,0,cpu,15,111,146.55,0.0,0.0
160,greedy,1,0.3036,20.4,0,cpu,22,195,222.68,0.0,0.0
161,greedy,1,0.3047,20.2,0,cpu,15,112,147.44,0.0,0.0
162,greedy,1,0.306,20.06,0,cpu,15,116,148.8,0.0,0.0
163,greedy,1,0.308,19.96,0,cpu,18,193,180.86,0.0,0.0
164,greedy,1,0.3097,19.9,0,cpu,18,157,179.82,0.0,0.0
165,greedy,1,0.3111,19.88,0,cpu,16,124,158.43,0.0,0.0
166,greedy,1,0.3118,19.74,0,cpu,9,72,85.38,0.0,0.0
167,greedy,1,0.3137,19.78,0,cpu,23,174,231.3,0.0,0.0
168,greedy,1,0.3163,19.78,0,cpu,26,236,264.41,0.0,0.0
169,greedy,1,0.3177,19.74,0,cpu,14,130,138.75,0.0,0.0
170,greedy,1,0.3194,19.54,0,cpu,19,153,189.97,0.0,0.0
171,greedy,1,0.3216,19.66,0,cpu,24,198,242.57,0.0,0.0
172,greedy,1,0.3233,19.68,0,cpu,19,159,191.71,0.0,0.0
173,greedy,1,0.3247,19.54,0,cpu,17,137,169.51,0.0,0.0
174,greedy,1,0.3257,19.46,0,cpu,12,98,117.45,0.0,0.0
175,greedy,1,0.3289,19.6,0,cpu,29,255,296.05,0.0,0.0
176,greedy,1,0.3331,19.84,0,cpu,32,353,330.8,0.0,0.0
177,greedy,1,0.3341,19.86,0,cpu,13,97,126.07,0.0,0.0
178,greedy,1,0.3351,19.86,0,cpu,14,91,136.64,0.0,0.0
179,greedy,1,0.338,19.82,0,cpu,26,254,264.43,0.0,0.0
180,greedy,1,0.3395,19.52,0,cpu,18,145,179.14,0.0,0.0
181,greedy,1,0.3415,19.58,0,cpu,22,182,221.31,0.0,0.0
182,greedy,1,0.3433,19.52,0,cpu,17,167,167.61,0.0,0.0
183,greedy,1,0.3457,19.56,0,cpu,23,206,231.58,0.0,0.0
184,greedy,1,0.3477,19.5,0,cpu,26,172,261.25,0.0,0.0
185,greedy,1,0.3512,19.7,0,cpu,36,283,364.54,0.0,0.0
186,greedy,1,0.353,19.68,0,cpu,19,168,190.52,0.0,0.0
187,greedy,1,0.3545,19.56,0,cpu,19,130,189.1,0.0,0.0
188,greedy,1,0.3563,19.7,0,cpu,21,166,211.76,0.0,0.0
189,greedy,1,0.3591,19.92,0,cpu,26,266,265.31,0.0,0.0
190,greedy,1,0.3605,19.52,0,cpu,14,132,138.73,0.0,0.0
191,greedy,1,0.3627,19.62,0,cpu,20,212,203.39,0.0,0.0
192,greedy,1,0.3648,19.9,0,cpu,28,174,281.45,0.0,0.0
193,greedy,1,0.3663,20.0,0,cpu,18,146,180.63,0.0,0.0
194,greedy,1,0.3673,19.62,0,cpu,12,97,116.96,0.0,0.0
195,greedy,1,0.3692,19.8,0,cpu,21,156,211.86,0.0,0.0
196,greedy,1,0.37,19.82,0,cpu,12,78,115.65,0.0,0.0
197,greedy,1,0.3719,19.72,0,cpu,22,170,221.23,0.0,0.0
198,greedy,1,0.3758,20.06,0,cpu,34,340,346.65,0.0,0.0
199,greedy,1,0.379,20.26,0,cpu,33,267,335.77,0.0,0.0
200,greedy,1,0.3834,20.64,0,cpu,36,383,370.74,0.0,0.0
201,greedy,1,0.3853,20.72,0,cpu,20,163,200.98,0.0,0.0
202,greedy,1,0.3862,20.56,0,cpu,11,90,106.42,0.0,0.0
203,greedy,1,0.388,20.72,0,cpu,23,155,230.79,0.0,0.0
204,greedy,1,0.3909,20.74,0,cpu,29,266,293.64,0.0,0.0
205,greedy,1,0.3936,20.88,0,cpu,23,237,231.37,0.0,0.0
206,greedy,1,0.3956,21.1,0,cpu,25,170,250.96,0.0,0.0
207,greedy,1,0.3976,21.08,0,cpu,24,185,241.8,0.0,0.0
208,greedy,1,0.3982,20.72,0,cpu,8,49,73.4,0.0,0.0
209,greedy,1,0.4,20.78,0,cpu,18,169,182.5,0.0,0.0
210,greedy,1,0.4024,20.82,0,cpu,24,214,242.81,0.0,0.0
211,greedy,1,0.4048,21.04,0,cpu,26,216,261.81,0.0,0.0
212,greedy,1,0.4072,21.26,0,cpu,26,219,263.28,0.0,0.0
213,greedy,1,0.4099,21.44,0,cpu,27,247,274.91,0.0,0.0
214,greedy,1,0.4125,21.6,0,cpu,26,226,263.71,0.0,0.0
215,greedy,1,0.4164,21.96,0,cpu,34,331,344.04,0.0,0.0
216,greedy,1,0.4179,22.18,0,cpu,20,142,199.89,0.0,0.0
217,greedy,1,0.4202,22.22,0,cpu,25,197,253.59,0.0,0.0
218,greedy,1,0.4206,21.84,0,cpu,7,44,62.84,0.0,0.0
219,greedy,1,0.4221,21.9,0,cpu,17,136,168.62,0.0,0.0
220,greedy,1,0.4252,22.14,0,cpu,31,270,314.02,0.0,0.0
221,greedy,1,0.4273,22.06,0,cpu,20,191,201.5,0.0,0.0
222,greedy,1,0.4292,22.08,0,cpu,20,170,197.21,0.0,0.0
223,greedy,1,0.4303,22.06,0,cpu,16,101,156.76,0.0,0.0
224,greedy,1,0.4345,22.54,0,cpu,36,357,367.6,0.0,0.0
225,greedy,1,0.4353,22.14,0,cpu,9,79,84.01,0.0,0.0
226,greedy,1,0.4371,21.9,0,cpu,20,158,201.73,0.0,0.0
227,greedy,1,0.4384,22.0,0,cpu,18,123,177.76,0.0,0.0
228,greedy,1,0.44,22.08,0,cpu,18,153,179.86,0.0,0.0
229,greedy,1,0.4406,21.76,0,cpu,10,55,93.76,0.0,0.0
230,greedy,1,0.4427,21.86,0,cpu,23,185,230.69,0.0,0.0
231,greedy,1,0.4446,21.8,0,cpu,19,181,187.69,0.0,0.0
232,greedy,1,0.4467,21.96,0,cpu,25,182,252.64,0.0,0.0
233,greedy,1,0.4487,21.96,0,cpu,23,183,230.11,0.0,0.0
234,greedy,1,0.4503,21.86,0,cpu,21,136,208.86,0.0,0.0
235,greedy,1,0.4518,21.54,0,cpu,20,128,196.63,0.0,0.0
236,greedy,1,0.4538,21.58,0,cpu,21,181,210.71,0.0,0.0
237,greedy,1,0.456,21.74,0,cpu,27,187,271.31,0.0,0.0
238,greedy,1,0.4592,21.88,0,cpu,28,278,283.81,0.0,0.0
239,greedy,1,0.4617,21.88,0,cpu,26,214,262.63,0.0,0.0
240,greedy,1,0.4631,21.96,0,cpu,18,141,180.78,0.0,0.0
241,greedy,1,0.4651,21.94,0,cpu,19,187,190.03,0.0,0.0
242,greedy,1,0.4668,21.82,0,cpu,22,146,219.67,0.0,0.0
243,greedy,1,0.4696,22.08,0,cpu,31,223,314.79,0.0,0.0
244,greedy,1,0.4714,22.18,0,cpu,17,176,169.22,0.0,0.0
245,greedy,1,0.4744,22.32,0,cpu,28,254,286.65,0.0,0.0
246,greedy,1,0.476,22.5,0,cpu,21,144,209.58,0.0,0.0
247,greedy,1,0.4784,22.54,0,cpu,24,209,239.56,0.0,0.0
248,greedy,1,0.4805,22.38,0,cpu,26,175,263.32,0.0,0.0
249,greedy,1,0.4833,22.24,0,cpu,26,240,263.57,0.0,0.0
250,greedy,1,0.4853,21.88,0,cpu,18,183,181.56,0.0,0.0
251,greedy,1,0.4871,21.86,0,cpu,19,159,189.91,0.0,0.0
252,greedy,1,0.4896,22.12,0,cpu,24,222,244.73,0.0,0.0
253,greedy,1,0.4916,22.12,0,cpu,23,169,231.85,0.0,0.0
254,greedy,1,0.4933,21.9,0,cpu,18,149,179.7,0.0,0.0
255,greedy,1,0.4944,21.7,0,cpu,13,85,124.59,0.0,0.0
256,greedy,1,0.4961,21.54,0,cpu,17,168,170.9,0.0,0.0
257,greedy,1,0.4983,21.52,0,cpu,23,197,234.97,0.0,0.0
258,greedy,1,0.5005,21.8,0,cpu,22,191,222.12,0.0,0.0
259,greedy,1,0.5017,21.72,0,cpu,14,107,136.68,0.0,0.0
260,greedy,1,0.5035,21.58,0,cpu,17,163,167.85,0.0,0.0
261,greedy,1,0.5066,21.72,0,cpu,33,253,338.91,0.0,0.0
262,greedy,1,0.5097,21.74,0,cpu,27,275,275.83,0.0,0.0
263,greedy,1,0.5129,21.9,0,cpu,35,267,355.99,0.0,0.0
264,greedy,1,0.5141,21.7,0,cpu,16,98,156.89,0.0,0.0
265,greedy,1,0.5168,21.58,0,cpu,28,235,283.34,0.0,0.0
266,greedy,1,0.5197,21.8,0,cpu,31,238,316.94,0.0,0.0
267,greedy,1,0.5206,21.52,0,cpu,11,85,104.17,0.0,0.0
268,greedy,1,0.521,21.48,0,cpu,5,45,42.91,0.0,0.0
269,greedy,1,0.5221,21.42,0,cpu,14,97,136.18,0.0,0.0
270,greedy,1,0.5232,21.02,0,cpu,11,105,107.97,0.0,0.0
271,greedy,1,0.5248,20.98,0,cpu,18,139,179.2,0.0,0.0
272,greedy,1,0.5267,21.04,0,cpu,23,158,230.86,0.0,0.0
273,greedy,1,0.5288,21.16,0,cpu,22,194,222.19,0.0,0.0
274,greedy,1,0.5304,20.8,0,cpu,18,150,178.39,0.0,0.0
275,greedy,1,0.531,20.8,0,cpu,9,65,82.75,0.0,0.0
276,greedy,1,0.5332,20.86,0,cpu,23,200,232.04,0.0,0.0
277,greedy,1,0.5336,20.62,0,cpu,6,38,52.79,0.0,0.0
278,greedy,1,0.5354,20.64,0,cpu,19,147,190.63,0.0,0.0
279,greedy,1,0.5375,20.9,0,cpu,23,187,232.07,0.0,0.0
280,greedy,1,0.5387,20.72,0,cpu,14,116,138.09,0.0,0.0
281,greedy,1,0.5426,21.04,0,cpu,35,316,358.2,0.0,0.0
282,greedy,1,0.5433,20.72,0,cpu,9,70,84.6,0.0,0.0
283,greedy,1,0.5453,20.72,0,cpu,23,180,230.24,0.0,0.0
284,greedy,1,0.5472,20.78,0,cpu,24,170,241.85,0.0,0.0
285,greedy,1,0.5486,20.74,0,cpu,18,121,177.58,0.0,0.0
286,greedy,1,0.5505,20.7,0,cpu,19,166,189.34,0.0,0.0
287,greedy,1,0.5522,20.54,0,cpu,19,142,188.58,0.0,0.0
288,greedy,1,0.5531,20.24,0,cpu,13,83,124.61,0.0,0.0
289,greedy,1,0.5546,20.16,0,cpu,22,132,218.81,0.0,0.0
290,greedy,1,0.5569,20.28,0,cpu,24,205,243.0,0.0,0.0
291,greedy,1,0.5585,20.24,0,cpu,17,135,170.13,0.0,0.0
292,greedy,1,0.56,20.12,0,cpu,16,134,159.53,0.0,0.0
293,greedy,1,0.5623,19.98,0,cpu,24,203,242.42,0.0,0.0
294,greedy,1,0.5641,20.04,0,cpu,20,179,202.82,0.0,0.0
295,greedy,1,0.5663,19.96,0,cpu,24,198,241.17,0.0,0.0
296,greedy,1,0.5687,20.06,0,cpu,26,196,263.81,0.0,0.0
297,greedy,1,0.5705,20.02,0,cpu,22,157,220.46,0.0,0.0
298,greedy,1,0.5715,19.76,0,cpu,13,96,125.18,0.0,0.0
299,greedy,1,0.573,19.58,0,cpu,17,127,169.21,0.0,0.0
300,greedy,1,0.5752,19.66,0,cpu,22,185,222.58,0.0,0.0
301,greedy,1,0.5765,19.56,0,cpu,14,127,139.68,0.0,0.0
302,greedy,1,0.5775,19.34,0,cpu,13,92,125.82,0.0,0.0
303,greedy,1,0.5802,19.42,0,cpu,27,235,273.83,0.0,0.0
304,greedy,1,0.5812,19.28,0,cpu,11,90,105.42,0.0,0.0
305,greedy,1,0.5836,19.52,0,cpu,25,208,253.78,0.0,0.0
306,greedy,1,0.5851,19.58,0,cpu,20,123,198.38,0.0,0.0
307,greedy,1,0.5863,19.36,0,cpu,12,114,118.09,0.0,0.0
308,greedy,1,0.5874,19.16,0,cpu,12,106,117.77,0.0,0.0
309,greedy,1,0.5889,19.18,0,cpu,15,145,150.21,0.0,0.0
310,greedy,1,0.5909,19.26,0,cpu,21,165,210.47,0.0,0.0
311,greedy,1,0.5921,18.88,0,cpu,14,118,137.47,0.0,0.0
312,greedy,1,0.595,18.92,0,cpu,29,235,295.45,0.0,0.0
313,greedy,1,0.5965,18.56,0,cpu,17,149,170.99,0.0,0.0
314,greedy,1,0.5984,18.66,0,cpu,21,176,210.26,0.0,0.0
315,greedy,1,0.5996,18.38,0,cpu,14,105,137.3,0.0,0.0
316,greedy,1,0.6009,18.1,0,cpu,17,118,167.8,0.0,0.0
317,greedy,1,0.6038,18.42,0,cpu,27,253,277.85,0.0,0.0
318,greedy,1,0.6048,18.54,0,cpu,11,85,105.57,0.0,0.0
319,greedy,1,0.6062,18.62,0,cpu,18,128,179.41,0.0,0.0
320,greedy,1,0.6083,18.88,0,cpu,24,192,242.23,0.0,0.0
321,greedy,1,0.6091,18.72,0,cpu,10,75,95.56,0.0,0.0
322,greedy,1,0.6113,18.64,0,cpu,19,199,193.11,0.0,0.0
323,greedy,1,0.6136,18.66,0,cpu,23,201,231.93,0.0,0.0
324,greedy,1,0.615,18.62,0,cpu,16,127,157.7,0.0,0.0
325,greedy,1,0.6167,18.8,0,cpu,18,144,179.05,0.0,0.0
326,greedy,1,0.6184,18.7,0,cpu,18,148,178.81,0.0,0.0
327,greedy,1,0.6192,18.82,0,cpu,12,69,114.24,0.0,0.0
328,greedy,1,0.6229,19.08,0,cpu,32,323,330.5,0.0,0.0
329,greedy,1,0.6245,19.0,0,cpu,19,132,188.48,0.0,0.0
330,greedy,1,0.6257,19.02,0,cpu,15,101,147.05,0.0,0.0
331,greedy,1,0.6266,18.48,0,cpu,8,79,75.3,0.0,0.0
332,greedy,1,0.628,18.64,0,cpu,17,125,168.03,0.0,0.0
333,greedy,1,0.6301,18.62,0,cpu,22,186,221.87,0.0,0.0
334,greedy,1,0.6318,18.52,0,cpu,19,153,191.37,0.0,0.0
335,greedy,1,0.6338,18.6,0,cpu,22,169,218.54,0.0,0.0
336,greedy,1,0.6345,18.38,0,cpu,8,70,75.29,0.0,0.0
337,greedy,1,0.6386,18.8,0,cpu,40,320,409.11,0.0,0.0
338,greedy,1,0.6406,18.98,0,cpu,22,163,222.0,0.0,0.0
339,greedy,1,0.643,19.08,0,cpu,27,202,272.26,0.0,0.0
340,greedy,1,0.6443,18.94,0,cpu,17,121,169.07,0.0,0.0
341,greedy,1,0.645,18.82,0,cpu,11,62,104.5,0.0,0.0
342,greedy,1,0.6463,18.86,0,cpu,18,119,178.4,0.0,0.0
343,greedy,1,0.648,18.74,0,cpu,18,162,180.07,0.0,0.0
344,greedy,1,0.6507,18.88,0,cpu,27,234,274.74,0.0,0.0
345,greedy,1,0.6526,18.84,0,cpu,22,159,220.24,0.0,0.0
346,greedy,1,0.6537,18.56,0,cpu,12,103,118.1,0.0,0.0
347,greedy,1,0.655,18.48,0,cpu,18,122,177.27,0.0,0.0
348,greedy,1,0.656,18.5,0,cpu,14,90,136.75,0.0,0.0
349,greedy,1,0.6587,18.7,0,cpu,27,236,272.92,0.0,0.0
350,greedy,1,0.6616,18.86,0,cpu,30,234,305.87,0.0,0.0
351,greedy,1,0.6641,19.02,0,cpu,22,226,222.27,0.0,0.0
352,greedy,1,0.6662,19.18,0,cpu,21,182,211.2,0.0,0.0
353,greedy,1,0.668,19.08,0,cpu,22,158,220.55,0.0,0.0
354,greedy,1,0.6708,19.46,0,cpu,30,227,302.64,0.0,0.0
355,greedy,1,0.6727,19.42,0,cpu,23,167,230.27,0.0,0.0
356,greedy,1,0.674,19.34,0,cpu,16,112,157.55,0.0,0.0
357,greedy,1,0.6769,19.66,0,cpu,28,239,284.9,0.0,0.0
358,greedy,1,0.678,19.7,0,cpu,14,111,138.24,0.0,0.0
359,greedy,1,0.6792,19.74,0,cpu,17,102,166.96,0.0,0.0
360,greedy,1,0.6812,19.72,0,cpu,20,190,203.01,0.0,0.0
361,greedy,1,0.6829,19.84,0,cpu,20,162,199.29,0.0,0.0
362,greedy,1,0.6856,19.82,0,cpu,28,217,283.52,0.0,0.0
363,greedy,1,0.6871,19.84,0,cpu,18,127,179.32,0.0,0.0
364,greedy,1,0.689,19.86,0,cpu,22,169,220.94,0.0,0.0
365,greedy,1,0.6904,19.9,0,cpu,16,125,159.52,0.0,0.0
366,greedy,1,0.6915,19.82,0,cpu,13,113,125.91,0.0,0.0
367,greedy,1,0.6937,19.66,0,cpu,19,185,191.25,0.0,0.0
368,greedy,1,0.6957,19.84,0,cpu,20,183,201.18,0.0,0.0
369,greedy,1,0.6976,19.86,0,cpu,19,171,189.79,0.0,0.0
370,greedy,1,0.6988,19.66,0,cpu,14,113,137.62,0.0,0.0
371,greedy,1,0.7002,19.76,0,cpu,15,127,145.19,0.0,0.0
372,greedy,1,0.7006,19.52,0,cpu,7,43,62.95,0.0,0.0
373,greedy,1,0.7034,19.52,0,cpu,23,244,232.8,0.0,0.0
374,greedy,1,0.7042,19.42,0,cpu,11,73,105.49,0.0,0.0
375,greedy,1,0.7058,19.44,0,cpu,19,136,189.04,0.0,0.0
376,greedy,1,0.7098,19.76,0,cpu,34,326,346.79,0.0,0.0
377,greedy,1,0.7117,19.9,0,cpu,19,132,187.48,0.0,0.0
378,greedy,1,0.7127,19.5,0,cpu,12,93,115.4,0.0,0.0
379,greedy,1,0.7148,19.62,0,cpu,25,182,253.64,0.0,0.0
380,greedy,1,0.7168,19.74,0,cpu,21,180,212.42,0.0,0.0
381,greedy,1,0.7181,19.86,0,cpu,14,120,137.45,0.0,0.0
382,greedy,1,0.7188,19.64,0,cpu,6,47,53.4,0.0,0.0
383,greedy,1,0.721,19.62,0,cpu,21,199,210.73,0.0,0.0
384,greedy,1,0.7225,19.62,0,cpu,19,128,189.52,0.0,0.0
385,greedy,1,0.7242,19.58,0,cpu,20,150,198.41,0.0,0.0
386,greedy,1,0.7256,19.8,0,cpu,19,123,188.87,0.0,0.0
387,greedy,1,0.7284,19.5,0,cpu,25,233,252.83,0.0,0.0
388,greedy,1,0.7309,19.6,0,cpu,27,228,274.8,0.0,0.0
389,greedy,1,0.7332,19.5,0,cpu,22,209,221.34,0.0,0.0
390,greedy,1,0.7352,19.6,0,cpu,22,170,221.83,0.0,0.0
391,greedy,1,0.7377,19.88,0,cpu,25,217,253.59,0.0,0.0
392,greedy,1,0.7393,19.9,0,cpu,19,139,189.31,0.0,0.0
393,greedy,1,0.7429,20.18,0,cpu,32,305,329.48,0.0,0.0
394,greedy,1,0.745,20.06,0,cpu,21,181,212.71,0.0,0.0
395,greedy,1,0.7472,20.08,0,cpu,23,210,229.74,0.0,0.0
396,greedy,1,0.7483,20.1,0,cpu,13,107,126.97,0.0,0.0
397,greedy,1,0.7513,20.24,0,cpu,25,261,252.15,0.0,0.0
398,greedy,1,0.7543,20.5,0,cpu,27,261,272.77,0.0,0.0
399,greedy,1,0.7562,20.36,0,cpu,20,184,202.67,0.0,0.0
400,greedy,1,0.7573,20.02,0,cpu,13,106,126.48,0.0,0.0
401,greedy,1,0.7588,19.94,0,cpu,18,131,178.68,0.0,0.0
402,greedy,1,0.7602,19.9,0,cpu,19,104,187.16,0.0,0.0
403,greedy,1,0.7631,20.02,0,cpu,28,249,284.4,0.0,0.0
404,greedy,1,0.7651,19.82,0,cpu,20,173,198.68,0.0,0.0
405,greedy,1,0.7671,19.76,0,cpu,20,169,200.32,0.0,0.0
406,greedy,1,0.7695,19.94,0,cpu,25,210,254.76,0.0,0.0
407,greedy,1,0.7701,19.52,0,cpu,7,62,63.66,0.0,0.0
408,greedy,1,0.7724,19.74,0,cpu,25,193,251.63,0.0,0.0
409,greedy,1,0.7735,19.72,0,cpu,16,99,157.18,0.0,0.0
410,greedy,1,0.7753,19.64,0,cpu,16,150,160.17,0.0,0.0
411,greedy,1,0.7768,19.58,0,cpu,17,136,168.02,0.0,0.0
412,greedy,1,0.7785,19.36,0,cpu,17,157,166.11,0.0,0.0
413,greedy,1,0.7801,19.4,0,cpu,20,143,198.18,0.0,0.0
414,greedy,1,0.7816,19.3,0,cpu,17,141,168.67,0.0,0.0
415,greedy,1,0.7845,19.56,0,cpu,29,240,292.3,0.0,0.0
416,greedy,1,0.7863,19.68,0,cpu,19,154,189.86,0.0,0.0
417,greedy,1,0.787,19.48,0,cpu,9,62,83.88,0.0,0.0
418,greedy,1,0.7889,19.62,0,cpu,27,164,271.84,0.0,0.0
419,greedy,1,0.7904,19.58,0,cpu,17,134,168.24,0.0,0.0
420,greedy,1,0.7918,19.66,0,cpu,18,122,178.87,0.0,0.0
421,greedy,1,0.7934,19.68,0,cpu,16,142,157.25,0.0,0.0
422,greedy,1,0.7939,19.7,0,cpu,8,51,73.58,0.0,0.0
423,greedy,1,0.7953,19.6,0,cpu,18,123,178.16,0.0,0.0
424,greedy,1,0.7965,19.66,0,cpu,14,113,136.02,0.0,0.0
425,greedy,1,0.7995,19.8,0,cpu,26,258,261.79,0.0,0.0
426,greedy,1,0.8018,19.58,0,cpu,23,201,233.13,0.0,0.0
427,greedy,1,0.8039,19.72,0,cpu,26,182,261.55,0.0,0.0
428,greedy,1,0.8072,20.1,0,cpu,31,291,316.31,0.0,0.0
429,greedy,1,0.8093,20.02,0,cpu,21,177,211.75,0.0,0.0
430,greedy,1,0.8111,20.0,0,cpu,20,161,201.4,0.0,0.0
431,greedy,1,0.8128,20.14,0,cpu,21,161,212.11,0.0,0.0
432,greedy,1,0.8168,20.78,0,cpu,38,332,390.97,0.0,0.0
433,greedy,1,0.8186,20.72,0,cpu,18,152,179.97,0.0,0.0
434,greedy,1,0.8211,20.82,0,cpu,24,235,242.1,0.0,0.0
435,greedy,1,0.8228,20.78,0,cpu,18,148,180.81,0.0,0.0
436,greedy,1,0.8249,20.84,0,cpu,22,172,221.21,0.0,0.0
437,greedy,1,0.8259,20.62,0,cpu,14,89,136.66,0.0,0.0
438,greedy,1,0.8273,20.38,0,cpu,15,121,148.45,0.0,0.0
439,greedy,1,0.8294,20.38,0,cpu,22,193,221.9,0.0,0.0
440,greedy,1,0.8312,20.3,0,cpu,18,166,181.83,0.0,0.0
441,greedy,1,0.8318,19.94,0,cpu,7,54,62.14,0.0,0.0
442,greedy,1,0.8331,19.86,0,cpu,15,122,148.74,0.0,0.0
443,greedy,1,0.8351,19.66,0,cpu,22,163,219.2,0.0,0.0
444,greedy,1,0.8365,19.54,0,cpu,15,135,148.71,0.0,0.0
445,greedy,1,0.8383,19.42,0,cpu,17,176,168.42,0.0,0.0
446,greedy,1,0.8392,19.36,0,cpu,10,75,93.56,0.0,0.0
447,greedy,1,0.8402,19.1,0,cpu,12,97,116.36,0.0,0.0
448,greedy,1,0.8412,18.8,0,cpu,12,98,116.85,0.0,0.0
449,greedy,1,0.8445,19.06,0,cpu,33,273,338.31,0.0,0.0
450,greedy,1,0.8491,19.54,0,cpu,37,410,378.08,0.0,0.0
451,greedy,1,0.8512,19.58,0,cpu,20,198,201.73,0.0,0.0
452,greedy,1,0.8532,19.64,0,cpu,22,177,220.66,0.0,0.0
453,greedy,1,0.8558,19.64,0,cpu,28,217,285.92,0.0,0.0
454,greedy,1,0.8582,19.74,0,cpu,25,204,254.42,0.0,0.0
455,greedy,1,0.8591,19.6,0,cpu,13,87,126.57,0.0,0.0
456,greedy,1,0.86,19.36,0,cpu,13,72,125.22,0.0,0.0
457,greedy,1,0.8617,19.62,0,cpu,20,156,199.35,0.0,0.0
458,greedy,1,0.8644,19.62,0,cpu,25,236,252.9,0.0,0.0
459,greedy,1,0.8658,19.62,0,cpu,16,127,159.3,0.0,0.0
460,greedy,1,0.8676,19.72,0,cpu,21,157,211.95,0.0,0.0
461,greedy,1,0.8693,19.76,0,cpu,19,147,190.03,0.0,0.0
462,greedy,1,0.8717,19.98,0,cpu,28,203,281.06,0.0,0.0
463,greedy,1,0.8752,20.24,0,cpu,33,291,338.93,0.0,0.0
464,greedy,1,0.8764,20.22,0,cpu,16,106,157.41,0.0,0.0
465,greedy,1,0.8779,20.02,0,cpu,19,133,188.17,0.0,0.0
466,greedy,1,0.8799,20.04,0,cpu,20,185,202.16,0.0,0.0
467,greedy,1,0.8836,20.54,0,cpu,34,317,346.78,0.0,0.0
468,greedy,1,0.8851,20.28,0,cpu,14,133,136.22,0.0,0.0
469,greedy,1,0.8861,20.2,0,cpu,13,88,125.46,0.0,0.0
470,greedy,1,0.8884,20.26,0,cpu,21,217,211.55,0.0,0.0
471,greedy,1,0.8896,20.18,0,cpu,12,109,116.64,0.0,0.0
472,greedy,1,0.8921,20.54,0,cpu,26,211,263.76,0.0,0.0
473,greedy,1,0.8942,20.64,0,cpu,23,173,231.61,0.0,0.0
474,greedy,1,0.8961,20.78,0,cpu,21,174,211.08,0.0,0.0
475,greedy,1,0.8988,20.8,0,cpu,27,224,272.24,0.0,0.0
476,greedy,1,0.9001,20.6,0,cpu,13,127,126.37,0.0,0.0
477,greedy,1,0.9024,20.58,0,cpu,25,186,251.0,0.0,0.0
478,greedy,1,0.9042,20.4,0,cpu,22,163,221.6,0.0,0.0
479,greedy,1,0.906,20.42,0,cpu,22,150,220.83,0.0,0.0
480,greedy,1,0.9079,20.42,0,cpu,20,165,200.36,0.0,0.0
481,greedy,1,0.9091,20.28,0,cpu,14,108,137.57,0.0,0.0
482,greedy,1,0.9104,19.84,0,cpu,16,118,158.49,0.0,0.0
483,greedy,1,0.9125,19.94,0,cpu,23,192,233.52,0.0,0.0
484,greedy,1,0.9155,20.04,0,cpu,29,262,293.28,0.0,0.0
485,greedy,1,0.9166,19.92,0,cpu,12,115,118.78,0.0,0.0
486,greedy,1,0.9193,20.0,0,cpu,26,214,265.23,0.0,0.0
487,greedy,1,0.9223,20.3,0,cpu,29,250,293.2,0.0,0.0
488,greedy,1,0.9246,20.48,0,cpu,24,194,239.21,0.0,0.0
489,greedy,1,0.9276,20.56,0,cpu,26,267,266.0,0.0,0.0
490,greedy,1,0.9286,20.44,0,cpu,12,95,116.78,0.0,0.0
491,greedy,1,0.9309,20.8,0,cpu,25,210,253.16,0.0,0.0
492,greedy,1,0.9331,21.0,0,cpu,25,190,253.76,0.0,0.0
493,greedy,1,0.9348,20.94,0,cpu,19,155,189.75,0.0,0.0
494,greedy,1,0.9365,21.04,0,cpu,20,137,198.04,0.0,0.0
495,greedy,1,0.9394,21.26,0,cpu,28,254,286.65,0.0,0.0
496,greedy,1,0.9408,21.42,0,cpu,18,126,178.83,0.0,0.0
497,greedy,1,0.9418,21.4,0,cpu,11,94,105.78,0.0,0.0
498,greedy,1,0.9438,21.54,0,cpu,19,164,188.36,0.0,0.0
499,greedy,1,0.945,21.24,0,cpu,18,105,177.14,0.0,0.0
500,greedy,1,0.9457,20.74,0,cpu,12,67,114.46,0.0,0.0
501,greedy,1,0.9474,20.74,0,cpu,20,154,200.77,0.0,0.0
502,greedy,1,0.9491,20.64,0,cpu,17,148,169.9,0.0,0.0
503,greedy,1,0.9511,20.44,0,cpu,18,191,180.48,0.0,0.0
504,greedy,1,0.9532,20.36,0,cpu,21,178,210.64,0.0,0.0
505,greedy,1,0.9546,20.44,0,cpu,17,125,167.03,0.0,0.0
506,greedy,1,0.9559,20.46,0,cpu,14,116,138.29,0.0,0.0
507,greedy,1,0.9595,20.66,0,cpu,30,312,304.89,0.0,0.0
508,greedy,1,0.9623,20.62,0,cpu,23,263,231.71,0.0,0.0
509,greedy,1,0.9632,20.54,0,cpu,12,82,115.21,0.0,0.0
510,greedy,1,0.9659,20.66,0,cpu,27,245,273.93,0.0,0.0
511,greedy,1,0.9682,20.8,0,cpu,26,184,262.93,0.0,0.0
512,greedy,1,0.9708,20.76,0,cpu,26,231,261.76,0.0,0.0
513,greedy,1,0.9733,20.62,0,cpu,26,227,260.4,0.0,0.0
514,greedy,1,0.9753,20.68,0,cpu,19,186,192.14,0.0,0.0
515,greedy,1,0.9771,20.62,0,cpu,16,157,159.8,0.0,0.0
516,greedy,1,0.9795,20.68,0,cpu,23,224,233.6,0.0,0.0
517,greedy,1,0.9812,20.34,0,cpu,17,158,168.0,0.0,0.0
518,greedy,1,0.9825,20.32,0,cpu,13,122,127.72,0.0,0.0
519,greedy,1,0.9861,20.8,0,cpu,37,288,375.7,0.0,0.0
520,greedy,1,0.9879,20.82,0,cpu,22,167,220.96,0.0,0.0
521,greedy,1,0.9906,21.08,0,cpu,25,227,252.69,0.0,0.0
522,greedy,1,0.9932,21.12,0,cpu,28,212,283.47,0.0,0.0
523,greedy,1,0.9951,21.14,0,cpu,24,169,240.16,0.0,0.0
524,greedy,1,0.9974,21.24,0,cpu,26,199,261.88,0.0,0.0
525,greedy,1,0.9986,21.0,0,cpu,15,102,146.94,0.0,0.0
526,greedy,1,0.9995,20.96,0,cpu,11,87,105.35,0.0,0.0
527,greedy,1,1.0007,20.76,0,cpu,15,102,146.94,0.0,0.0
528,greedy,1,1.0015,20.52,0,cpu,10,79,94.52,0.0,0.0
529,greedy,1,1.003,20.38,0,cpu,15,116,147.6,0.0,0.0
530,greedy,1,1.0063,20.58,0,cpu,30,295,311.76,0.0,0.0
531,greedy,1,1.0076,20.6,0,cpu,15,107,145.99,0.0,0.0
532,greedy,1,1.0097,20.66,0,cpu,19,188,192.72,0.0,0.0
533,greedy,1,1.0114,20.54,0,cpu,17,148,168.3,0.0,0.0
534,greedy,1,1.0134,20.38,0,cpu,21,177,210.75,0.0,0.0
535,greedy,1,1.0153,20.58,0,cpu,22,168,221.65,0.0,0.0
536,greedy,1,1.0165,20.34,0,cpu,14,108,137.17,0.0,0.0
537,greedy,1,1.0176,20.02,0,cpu,13,94,126.8,0.0,0.0
538,greedy,1,1.0198,20.0,0,cpu,23,186,233.98,0.0,0.0
539,greedy,1,1.0207,19.7,0,cpu,11,92,106.0,0.0,0.0
540,greedy,1,1.0234,20.04,0,cpu,29,232,295.38,0.0,0.0
541,greedy,1,1.0254,19.96,0,cpu,21,163,209.09,0.0,0.0
542,greedy,1,1.0269,19.82,0,cpu,18,128,175.01,0.0,0.0
543,greedy,1,1.0276,19.66,0,cpu,11,57,104.05,0.0,0.0
544,greedy,1,1.0296,19.68,0,cpu,21,187,211.25,0.0,0.0
545,greedy,1,1.0307,19.42,0,cpu,15,100,146.96,0.0,0.0
546,greedy,1,1.0327,19.42,0,cpu,18,177,178.82,0.0,0.0
547,greedy,1,1.0355,19.76,0,cpu,28,238,284.01,0.0,0.0
548,greedy,1,1.0372,19.74,0,cpu,18,166,181.23,0.0,0.0
549,greedy,1,1.0387,19.76,0,cpu,19,135,189.55,0.0,0.0
550,greedy,1,1.041,20.04,0,cpu,26,208,263.89,0.0,0.0
551,greedy,1,1.0439,20.22,0,cpu,29,255,293.25,0.0,0.0
552,greedy,1,1.0456,20.26,0,cpu,19,153,189.17,0.0,0.0
553,greedy,1,1.0478,20.38,0,cpu,24,196,242.39,0.0,0.0
554,greedy,1,1.0505,20.44,0,cpu,24,238,242.77,0.0,0.0
555,greedy,1,1.0523,20.46,0,cpu,18,156,178.53,0.0,0.0
556,greedy,1,1.0533,20.44,0,cpu,13,98,127.16,0.0,0.0
557,greedy,1,1.0553,20.32,0,cpu,24,185,241.4,0.0,0.0
558,greedy,1,1.0577,20.44,0,cpu,29,208,292.42,0.0,0.0
559,greedy,1,1.0588,20.48,0,cpu,14,101,137.54,0.0,0.0
560,greedy,1,1.0605,20.36,0,cpu,21,145,210.07,0.0,0.0
561,greedy,1,1.0641,20.54,0,cpu,35,308,356.88,0.0,0.0
562,greedy,1,1.0651,20.32,0,cpu,15,98,144.58,0.0,0.0
563,greedy,1,1.0677,20.3,0,cpu,25,227,253.09,0.0,0.0
564,greedy,1,1.0699,20.46,0,cpu,27,177,272.21,0.0,0.0
565,greedy,1,1.071,20.44,0,cpu,15,96,146.0,0.0,0.0
566,greedy,1,1.073,20.42,0,cpu,22,189,218.54,0.0,0.0
567,greedy,1,1.0747,20.46,0,cpu,19,153,191.17,0.0,0.0
568,greedy,1,1.076,20.54,0,cpu,17,120,167.18,0.0,0.0
569,greedy,1,1.0782,20.28,0,cpu,24,183,238.82,0.0,0.0
570,greedy,1,1.0787,20.02,0,cpu,9,53,83.67,0.0,0.0
571,greedy,1,1.0816,20.08,0,cpu,28,255,285.74,0.0,0.0
572,greedy,1,1.0823,19.72,0,cpu,10,72,95.49,0.0,0.0
573,greedy,1,1.083,19.4,0,cpu,8,69,75.2,0.0,0.0
574,greedy,1,1.0851,19.28,0,cpu,20,188,201.03,0.0,0.0
575,greedy,1,1.0867,19.3,0,cpu,16,139,159.78,0.0,0.0
576,greedy,1,1.0881,19.42,0,cpu,17,124,167.34,0.0,0.0
577,greedy,1,1.0893,19.36,0,cpu,12,116,116.07,0.0,0.0
578,greedy,1,1.0915,19.58,0,cpu,21,199,209.73,0.0,0.0
579,greedy,1,1.093,19.62,0,cpu,17,124,167.34,0.0,0.0
580,greedy,1,1.095,19.42,0,cpu,20,170,200.01,0.0,0.0
581,greedy,1,1.0985,19.72,0,cpu,30,303,307.08,0.0,0.0
582,greedy,1,1.0997,19.6,0,cpu,13,115,126.89,0.0,0.0
583,greedy,1,1.1012,19.58,0,cpu,16,149,160.08,0.0,0.0
584,greedy,1,1.102,19.38,0,cpu,11,75,105.47,0.0,0.0
585,greedy,1,1.1032,19.2,0,cpu,13,106,127.08,0.0,0.0
586,greedy,1,1.1039,19.12,0,cpu,10,71,94.8,0.0,0.0
587,greedy,1,1.1054,19.2,0,cpu,17,137,169.11,0.0,0.0
588,greedy,1,1.108,19.32,0,cpu,29,212,294.38,0.0,0.0
589,greedy,1,1.1123,19.74,0,cpu,32,351,328.22,0.0,0.0
590,greedy,1,1.1133,19.38,0,cpu,11,92,106.6,0.0,0.0
591,greedy,1,1.1175,19.74,0,cpu,39,325,396.85,0.0,0.0
592,greedy,1,1.1187,19.62,0,cpu,12,111,115.02,0.0,0.0
593,greedy,1,1.1202,19.8,0,cpu,20,129,199.52,0.0,0.0
594,greedy,1,1.1237,19.98,0,cpu,30,294,304.27,0.0,0.0
595,greedy,1,1.1253,20.02,0,cpu,17,155,168.53,0.0,0.0
596,greedy,1,1.1274,20.06,0,cpu,20,185,199.36,0.0,0.0
597,greedy,1,1.1285,19.76,0,cpu,13,106,127.28,0.0,0.0
598,greedy,1,1.1306,19.9,0,cpu,25,185,253.11,0.0,0.0
599,greedy,1,1.1331,20.0,0,cpu,24,228,243.87,0.0,0.0
600,greedy,1,1.1349,19.9,0,cpu,21,157,208.75,0.0,0.0
601,greedy,1,1.1371,19.72,0,cpu,20,177,200.04,0.0,0.0
602,greedy,1,1.1386,19.74,0,cpu,20,128,199.63,0.0,0.0
603,greedy,1,1.1419,19.9,0,cpu,32,269,327.24,0.0,0.0
604,greedy,1,1.1441,19.84,0,cpu,21,160,211.62,0.0,0.0
605,greedy,1,1.1473,20.04,0,cpu,28,275,281.94,0.0,0.0
606,greedy,1,1.1498,20.28,0,cpu,25,212,255.14,0.0,0.0
607,greedy,1,1.1521,20.26,0,cpu,23,185,231.89,0.0,0.0
608,greedy,1,1.1541,20.12,0,cpu,22,164,220.29,0.0,0.0
609,greedy,1,1.1552,20.1,0,cpu,13,97,126.07,0.0,0.0
610,greedy,1,1.1566,19.98,0,cpu,15,132,150.44,0.0,0.0
611,greedy,1,1.1582,19.64,0,cpu,18,131,178.28,0.0,0.0
612,greedy,1,1.1609,19.9,0,cpu,28,204,282.95,0.0,0.0
613,greedy,1,1.1623,19.7,0,cpu,15,133,149.53,0.0,0.0
614,greedy,1,1.1634,19.38,0,cpu,11,107,105.75,0.0,0.0
615,greedy,1,1.1691,19.88,0,cpu,40,444,413.27,0.0,0.0
616,greedy,1,1.1698,19.62,0,cpu,9,63,84.57,0.0,0.0
617,greedy,1,1.172,19.68,0,cpu,22,187,222.36,0.0,0.0
618,greedy,1,1.1737,19.74,0,cpu,20,155,199.46,0.0,0.0
619,greedy,1,1.1762,19.76,0,cpu,25,202,253.84,0.0,0.0
620,greedy,1,1.1793,20.16,0,cpu,29,253,294.27,0.0,0.0
621,greedy,1,1.1809,20.02,0,cpu,21,130,206.72,0.0,0.0
622,greedy,1,1.1825,20.18,0,cpu,18,142,180.87,0.0,0.0
623,greedy,1,1.1882,20.9,0,cpu,44,438,452.37,0.0,0.0
624,greedy,1,1.1907,21.0,0,cpu,25,213,253.43,0.0,0.0
625,greedy,1,1.1919,20.96,0,cpu,14,110,136.35,0.0,0.0
626,greedy,1,1.1929,20.88,0,cpu,13,88,124.46,0.0,0.0
627,greedy,1,1.1966,21.28,0,cpu,32,298,323.45,0.0,0.0
628,greedy,1,1.1972,21.04,0,cpu,9,55,83.85,0.0,0.0
629,greedy,1,1.2001,21.28,0,cpu,29,236,294.74,0.0,0.0
630,greedy,1,1.2016,21.28,0,cpu,20,128,198.03,0.0,0.0
631,greedy,1,1.2034,21.1,0,cpu,21,164,211.58,0.0,0.0
632,greedy,1,1.2044,21.08,0,cpu,12,91,113.82,0.0,0.0
633,greedy,1,1.2058,21.04,0,cpu,14,137,138.78,0.0,0.0
634,greedy,1,1.2081,21.34,0,cpu,26,207,262.8,0.0,0.0
635,greedy,1,1.2102,21.48,0,cpu,20,172,200.99,0.0,0.0
636,greedy,1,1.2114,21.58,0,cpu,15,116,147.0,0.0,0.0
637,greedy,1,1.214,21.66,0,cpu,21,237,210.35,0.0,0.0
638,greedy,1,1.2156,21.42,0,cpu,17,143,169.85,0.0,0.0
639,greedy,1,1.2178,21.22,0,cpu,22,193,220.3,0.0,0.0
640,greedy,1,1.2205,21.4,0,cpu,20,223,198.98,0.0,0.0
641,greedy,1,1.2228,21.06,0,cpu,22,197,222.26,0.0,0.0
642,greedy,1,1.224,21.1,0,cpu,14,107,137.88,0.0,0.0
643,greedy,1,1.2267,21.14,0,cpu,22,220,219.73,0.0,0.0
644,greedy,1,1.2293,20.96,0,cpu,21,180,211.62,0.0,0.0
645,greedy,1,1.2313,21.0,0,cpu,19,166,188.54,0.0,0.0
646,greedy,1,1.2329,21.0,0,cpu,20,135,200.06,0.0,0.0
647,greedy,1,1.2356,21.22,0,cpu,24,221,246.04,0.0,0.0
648,greedy,1,1.2384,21.2,0,cpu,24,258,243.17,0.0,0.0
649,greedy,1,1.2405,21.12,0,cpu,20,184,199.67,0.0,0.0
650,greedy,1,1.2415,20.98,0,cpu,14,86,136.19,0.0,0.0
651,greedy,1,1.2423,20.82,0,cpu,12,73,114.6,0.0,0.0
652,greedy,1,1.2459,21.08,0,cpu,33,280,339.14,0.0,0.0
653,greedy,1,1.248,20.96,0,cpu,26,154,259.23,0.0,0.0
654,greedy,1,1.2501,21.0,0,cpu,23,173,231.21,0.0,0.0
655,greedy,1,1.2508,20.66,0,cpu,11,66,104.86,0.0,0.0
656,greedy,1,1.2526,20.52,0,cpu,18,141,178.38,0.0,0.0
657,greedy,1,1.256,20.64,0,cpu,29,286,295.64,0.0,0.0
658,greedy,1,1.2582,20.6,0,cpu,20,160,200.31,0.0,0.0
659,greedy,1,1.2598,20.74,0,cpu,20,135,197.86,0.0,0.0
660,greedy,1,1.2625,20.98,0,cpu,27,218,273.7,0.0,0.0
661,greedy,1,1.2644,21.0,0,cpu,19,176,192.44,0.0,0.0
662,greedy,1,1.2656,20.7,0,cpu,13,105,128.19,0.0,0.0
663,greedy,1,1.2683,20.96,0,cpu,28,229,285.0,0.0,0.0
664,greedy,1,1.2691,20.96,0,cpu,11,66,103.86,0.0,0.0
665,greedy,1,1.27,20.36,0,cpu,10,86,96.35,0.0,0.0
666,greedy,1,1.2726,20.66,0,cpu,24,227,242.38,0.0,0.0
667,greedy,1,1.2735,20.46,0,cpu,12,77,115.76,0.0,0.0
668,greedy,1,1.2748,20.34,0,cpu,14,113,138.62,0.0,0.0
669,greedy,1,1.2772,20.22,0,cpu,19,213,189.77,0.0,0.0
670,greedy,1,1.279,20.1,0,cpu,23,151,231.23,0.0,0.0
671,greedy,1,1.2813,20.02,0,cpu,17,191,167.97,0.0,0.0
672,greedy,1,1.2844,20.26,0,cpu,30,230,303.71,0.0,0.0
673,greedy,1,1.2867,19.76,0,cpu,19,186,192.94,0.0,0.0
674,greedy,1,1.2904,19.94,0,cpu,34,292,343.53,0.0,0.0
675,greedy,1,1.2915,19.94,0,cpu,14,109,138.26,0.0,0.0
676,greedy,1,1.2942,20.12,0,cpu,22,215,222.68,0.0,0.0
677,greedy,1,1.2964,19.96,0,cpu,24,177,241.88,0.0,0.0
678,greedy,1,1.2988,20.22,0,cpu,22,210,221.43,0.0,0.0
679,greedy,1,1.3011,20.06,0,cpu,21,185,211.87,0.0,0.0
680,greedy,1,1.303,19.98,0,cpu,16,153,159.44,0.0,0.0
681,greedy,1,1.3047,19.92,0,cpu,18,150,178.59,0.0,0.0
682,greedy,1,1.3065,20.04,0,cpu,18,172,181.17,0.0,0.0
683,greedy,1,1.3099,20.48,0,cpu,36,287,367.5,0.0,0.0
684,greedy,1,1.311,20.2,0,cpu,12,99,116.14,0.0,0.0
685,greedy,1,1.3129,20.24,0,cpu,22,154,218.59,0.0,0.0
686,greedy,1,1.3141,20.24,0,cpu,15,118,149.18,0.0,0.0
687,greedy,1,1.3155,20.16,0,cpu,17,128,166.9,0.0,0.0
688,greedy,1,1.3174,20.22,0,cpu,20,161,201.0,0.0,0.0
689,greedy,1,1.3186,20.04,0,cpu,13,103,126.41,0.0,0.0
690,greedy,1,1.3195,19.86,0,cpu,11,76,105.56,0.0,0.0
691,greedy,1,1.3225,19.98,0,cpu,28,253,285.16,0.0,0.0
692,greedy,1,1.3243,20.14,0,cpu,22,154,221.19,0.0,0.0
693,greedy,1,1.3262,20.12,0,cpu,21,157,211.55,0.0,0.0
694,greedy,1,1.3291,20.18,0,cpu,24,231,241.94,0.0,0.0
695,greedy,1,1.3304,20.06,0,cpu,13,114,125.4,0.0,0.0
696,greedy,1,1.3315,19.9,0,cpu,12,101,116.52,0.0,0.0
697,greedy,1,1.333,19.7,0,cpu,14,123,137.32,0.0,0.0
698,greedy,1,1.3378,19.94,0,cpu,36,332,366.35,0.0,0.0
699,greedy,1,1.3402,20.06,0,cpu,26,181,262.26,0.0,0.0
700,greedy,1,1.342,20.16,0,cpu,19,163,189.67,0.0,0.0
701,greedy,1,1.3453,20.52,0,cpu,30,266,307.95,0.0,0.0
702,greedy,1,1.3461,20.08,0,cpu,11,63,104.39,0.0,0.0
703,greedy,1,1.3498,20.22,0,cpu,33,309,337.35,0.0,0.0
704,greedy,1,1.3504,19.9,0,cpu,7,54,63.74,0.0,0.0
705,greedy,1,1.3516,20.0,0,cpu,16,96,157.11,0.0,0.0
706,greedy,1,1.3545,20.18,0,cpu,27,224,273.24,0.0,0.0
707,greedy,1,1.358,20.28,0,cpu,34,281,346.54,0.0,0.0
708,greedy,1,1.3589,20.02,0,cpu,7,83,62.95,0.0,0.0
709,greedy,1,1.3606,19.98,0,cpu,18,126,176.83,0.0,0.0
710,greedy,1,1.363,19.92,0,cpu,24,209,242.76,0.0,0.0
711,greedy,1,1.365,19.9,0,cpu,18,183,182.96,0.0,0.0
712,greedy,1,1.3667,19.96,0,cpu,16,150,160.57,0.0,0.0
713,greedy,1,1.3696,19.88,0,cpu,24,232,243.83,0.0,0.0
714,greedy,1,1.3736,20.3,0,cpu,32,338,325.85,0.0,0.0
715,greedy,1,1.3748,20.38,0,cpu,14,99,136.36,0.0,0.0
716,greedy,1,1.378,20.4,0,cpu,25,233,254.43,0.0,0.0
717,greedy,1,1.3793,20.44,0,cpu,14,117,138.38,0.0,0.0
718,greedy,1,1.3799,20.34,0,cpu,9,55,84.05,0.0,0.0
719,greedy,1,1.3811,20.22,0,cpu,13,112,128.02,0.0,0.0
720,greedy,1,1.3829,20.16,0,cpu,20,154,200.77,0.0,0.0
721,greedy,1,1.3864,20.48,0,cpu,33,262,335.92,0.0,0.0
722,greedy,1,1.388,20.26,0,cpu,19,143,189.07,0.0,0.0
723,greedy,1,1.3907,20.38,0,cpu,25,236,254.7,0.0,0.0
724,greedy,1,1.3918,19.96,0,cpu,13,74,125.2,0.0,0.0
725,greedy,1,1.3949,20.24,0,cpu,28,251,283.78,0.0,0.0
726,greedy,1,1.3977,20.46,0,cpu,33,218,331.56,0.0,0.0
727,greedy,1,1.3999,20.46,0,cpu,24,175,240.9,0.0,0.0
728,greedy,1,1.4046,20.8,0,cpu,39,384,401.96,0.0,0.0
729,greedy,1,1.4063,20.74,0,cpu,18,141,179.38,0.0,0.0
730,greedy,1,1.4089,20.88,0,cpu,23,225,230.49,0.0,0.0
731,greedy,1,1.4115,21.12,0,cpu,30,195,303.16,0.0,0.0
732,greedy,1,1.4136,21.12,0,cpu,18,178,178.71,0.0,0.0
733,greedy,1,1.4151,20.76,0,cpu,18,131,177.88,0.0,0.0
734,greedy,1,1.4181,21.16,0,cpu,32,245,324.68,0.0,0.0
735,greedy,1,1.4203,21.16,0,cpu,22,189,221.14,0.0,0.0
736,greedy,1,1.4214,21.12,0,cpu,13,107,127.57,0.0,0.0
737,greedy,1,1.4234,21.18,0,cpu,20,185,200.76,0.0,0.0
738,greedy,1,1.4243,21.08,0,cpu,15,77,145.29,0.0,0.0
739,greedy,1,1.4255,21.1,0,cpu,14,103,137.12,0.0,0.0
740,greedy,1,1.4277,21.28,0,cpu,20,194,201.97,0.0,0.0
741,greedy,1,1.4292,21.06,0,cpu,17,135,169.13,0.0,0.0
742,greedy,1,1.4321,21.18,0,cpu,28,256,284.23,0.0,0.0
743,greedy,1,1.4341,21.12,0,cpu,18,183,178.96,0.0,0.0
744,greedy,1,1.4367,21.26,0,cpu,31,216,313.76,0.0,0.0
745,greedy,1,1.4378,21.28,0,cpu,14,97,136.58,0.0,0.0
746,greedy,1,1.4394,21.42,0,cpu,19,145,187.65,0.0,0.0
747,greedy,1,1.4418,21.64,0,cpu,25,206,251.2,0.0,0.0
748,greedy,1,1.4434,21.3,0,cpu,19,136,189.84,0.0,0.0
749,greedy,1,1.447,21.44,0,cpu,33,312,337.62,0.0,0.0
750,greedy,1,1.4487,21.46,0,cpu,20,150,200.21,0.0,0.0
751,greedy,1,1.4504,21.28,0,cpu,21,144,209.98,0.0,0.0
752,greedy,1,1.4539,21.8,0,cpu,37,286,378.92,0.0,0.0
753,greedy,1,1.4552,21.46,0,cpu,16,117,156.2,0.0,0.0
754,greedy,1,1.4569,21.78,0,cpu,23,145,230.69,0.0,0.0
755,greedy,1,1.4591,21.92,0,cpu,23,187,229.87,0.0,0.0
756,greedy,1,1.4632,22.0,0,cpu,31,373,317.09,0.0,0.0
757,greedy,1,1.4661,21.84,0,cpu,26,265,263.22,0.0,0.0
758,greedy,1,1.4674,22.04,0,cpu,17,121,168.67,0.0,0.0
759,greedy,1,1.4692,22.1,0,cpu,21,165,211.87,0.0,0.0
760,greedy,1,1.4705,21.96,0,cpu,17,106,167.52,0.0,0.0
761,greedy,1,1.4722,22.02,0,cpu,21,161,209.51,0.0,0.0
762,greedy,1,1.4738,22.12,0,cpu,21,145,209.27,0.0,0.0
763,greedy,1,1.4758,22.04,0,cpu,20,183,202.38,0.0,0.0
764,greedy,1,1.4786,22.0,0,cpu,30,236,306.45,0.0,0.0
765,greedy,1,1.4804,22.12,0,cpu,20,168,202.83,0.0,0.0
766,greedy,1,1.4817,21.88,0,cpu,13,124,127.7,0.0,0.0
767,greedy,1,1.4824,21.84,0,cpu,12,59,114.14,0.0,0.0
768,greedy,1,1.4843,22.02,0,cpu,18,168,181.41,0.0,0.0
769,greedy,1,1.4861,22.06,0,cpu,15,176,149.2,0.0,0.0
770,greedy,1,1.488,22.02,0,cpu,18,188,180.61,0.0,0.0
771,greedy,1,1.49,21.82,0,cpu,23,191,233.43,0.0,0.0
772,greedy,1,1.4915,21.78,0,cpu,17,133,168.95,0.0,0.0
773,greedy,1,1.4932,21.62,0,cpu,17,156,170.02,0.0,0.0
774,greedy,1,1.4964,21.9,0,cpu,27,243,274.75,0.0,0.0
775,greedy,1,1.4975,21.66,0,cpu,16,88,155.79,0.0,0.0
776,greedy,1,1.4994,21.42,0,cpu,21,175,212.77,0.0,0.0
777,greedy,1,1.5019,21.38,0,cpu,22,182,223.51,0.0,0.0
778,greedy,1,1.503,20.9,0,cpu,15,83,144.63,0.0,0.0
779,greedy,1,1.504,20.82,0,cpu,14,83,135.32,0.0,0.0
780,greedy,1,1.5055,20.68,0,cpu,16,125,156.72,0.0,0.0
781,greedy,1,1.5079,20.54,0,cpu,23,196,232.08,0.0,0.0
782,greedy,1,1.5095,20.52,0,cpu,17,133,168.35,0.0,0.0
783,greedy,1,1.5109,20.44,0,cpu,14,112,138.13,0.0,0.0
784,greedy,1,1.5128,20.22,0,cpu,21,165,210.47,0.0,0.0
785,greedy,1,1.5141,20.02,0,cpu,12,128,115.15,0.0,0.0
786,greedy,1,1.5151,20.1,0,cpu,17,76,164.62,0.0,0.0
787,greedy,1,1.5168,20.06,0,cpu,18,149,180.1,0.0,0.0
788,greedy,1,1.5205,20.36,0,cpu,30,309,307.22,0.0,0.0
789,greedy,1,1.5223,20.4,0,cpu,16,142,160.45,0.0,0.0
790,greedy,1,1.5236,20.36,0,cpu,18,121,178.58,0.0,0.0
791,greedy,1,1.5262,20.54,0,cpu,26,201,263.06,0.0,0.0
792,greedy,1,1.5284,20.42,0,cpu,22,167,221.56,0.0,0.0
793,greedy,1,1.5317,20.48,0,cpu,21,235,210.57,0.0,0.0
794,greedy,1,1.5329,20.14,0,cpu,14,103,136.32,0.0,0.0
795,greedy,1,1.5344,20.14,0,cpu,14,116,136.69,0.0,0.0
796,greedy,1,1.5368,20.24,0,cpu,24,211,244.54,0.0,0.0
797,greedy,1,1.5377,20.02,0,cpu,14,76,135.29,0.0,0.0
798,greedy,1,1.5391,19.92,0,cpu,14,122,137.03,0.0,0.0
799,greedy,1,1.5407,19.62,0,cpu,18,139,179.4,0.0,0.0
800,greedy,1,1.5434,19.74,0,cpu,26,219,261.68,0.0,0.0
801,greedy,1,1.5455,19.76,0,cpu,22,183,222.0,0.0,0.0
802,greedy,1,1.5467,19.26,0,cpu,12,117,115.36,0.0,0.0
803,greedy,1,1.5492,19.44,0,cpu,25,201,252.95,0.0,0.0
804,greedy,1,1.5506,19.36,0,cpu,19,119,187.71,0.0,0.0
805,greedy,1,1.5514,19.12,0,cpu,11,70,104.82,0.0,0.0
806,greedy,1,1.5536,18.9,0,cpu,20,162,202.49,0.0,0.0
807,greedy,1,1.5568,18.98,0,cpu,30,250,305.11,0.0,0.0
808,greedy,1,1.5588,19.04,0,cpu,20,182,202.89,0.0,0.0
809,greedy,1,1.5603,18.94,0,cpu,16,126,159.21,0.0,0.0
810,greedy,1,1.5621,19.04,0,cpu,22,162,219.31,0.0,0.0
811,greedy,1,1.563,18.84,0,cpu,11,76,103.16,0.0,0.0
812,greedy,1,1.564,18.68,0,cpu,13,85,125.59,0.0,0.0
813,greedy,1,1.5661,18.76,0,cpu,24,184,241.91,0.0,0.0
814,greedy,1,1.5671,18.36,0,cpu,10,75,95.36,0.0,0.0
815,greedy,1,1.5691,18.32,0,cpu,18,115,176.84,0.0,0.0
816,greedy,1,1.5716,18.54,0,cpu,24,210,243.25,0.0,0.0
817,greedy,1,1.5731,18.56,0,cpu,13,139,126.45,0.0,0.0
818,greedy,1,1.5742,18.44,0,cpu,12,93,115.8,0.0,0.0
819,greedy,1,1.5762,18.58,0,cpu,22,174,221.19,0.0,0.0
820,greedy,1,1.5777,18.6,0,cpu,19,119,187.71,0.0,0.0
821,greedy,1,1.579,18.48,0,cpu,17,119,167.09,0.0,0.0
822,greedy,1,1.5815,18.58,0,cpu,22,209,223.34,0.0,0.0
823,greedy,1,1.5829,18.6,0,cpu,18,125,179.14,0.0,0.0
824,greedy,1,1.5838,18.28,0,cpu,11,88,106.84,0.0,0.0
825,greedy,1,1.5856,18.34,0,cpu,19,143,188.87,0.0,0.0
826,greedy,1,1.5876,18.36,0,cpu,22,179,221.24,0.0,0.0
827,greedy,1,1.5897,18.38,0,cpu,23,170,231.54,0.0,0.0
828,greedy,1,1.5915,18.5,0,cpu,21,152,209.5,0.0,0.0
829,greedy,1,1.5928,18.56,0,cpu,17,119,167.29,0.0,0.0
830,greedy,1,1.5957,18.8,0,cpu,28,240,282.79,0.0,0.0
831,greedy,1,1.5973,18.74,0,cpu,20,140,199.31,0.0,0.0
832,greedy,1,1.5987,18.68,0,cpu,14,124,139.81,0.0,0.0
833,greedy,1,1.5998,18.64,0,cpu,12,97,117.56,0.0,0.0
834,greedy,1,1.6022,18.74,0,cpu,26,191,262.36,0.0,0.0
835,greedy,1,1.6035,18.72,0,cpu,11,111,105.11,0.0,0.0
836,greedy,1,1.6062,18.88,0,cpu,25,228,252.58,0.0,0.0
837,greedy,1,1.6071,18.74,0,cpu,11,89,105.73,0.0,0.0
838,greedy,1,1.6102,18.72,0,cpu,29,258,297.52,0.0,0.0
839,greedy,1,1.611,18.6,0,cpu,10,61,94.5,0.0,0.0
840,greedy,1,1.6157,19.0,0,cpu,38,379,387.0,0.0,0.0
841,greedy,1,1.6181,18.88,0,cpu,20,192,201.19,0.0,0.0
842,greedy,1,1.6199,18.72,0,cpu,14,92,135.73,0.0,0.0
843,greedy,1,1.6214,18.6,0,cpu,15,137,148.49,0.0,0.0
844,greedy,1,1.6238,18.72,0,cpu,20,167,201.14,0.0,0.0
845,greedy,1,1.6246,18.64,0,cpu,10,79,94.52,0.0,0.0
846,greedy,1,1.6262,18.54,0,cpu,19,136,188.04,0.0,0.0
847,greedy,1,1.6268,18.42,0,cpu,8,44,73.15,0.0,0.0
848,greedy,1,1.6287,18.54,0,cpu,20,166,200.45,0.0,0.0
849,greedy,1,1.631,18.66,0,cpu,24,201,242.64,0.0,0.0
850,greedy,1,1.6341,18.66,0,cpu,26,273,264.94,0.0,0.0
851,greedy,1,1.6381,18.88,0,cpu,33,293,337.11,0.0,0.0
852,greedy,1,1.6396,19.0,0,cpu,18,132,179.37,0.0,0.0
853,greedy,1,1.6415,18.9,0,cpu,20,169,201.12,0.0,0.0
854,greedy,1,1.6428,18.82,0,cpu,15,115,148.11,0.0,0.0
855,greedy,1,1.6448,18.92,0,cpu,16,136,159.91,0.0,0.0
856,greedy,1,1.6472,18.98,0,cpu,23,206,232.38,0.0,0.0
857,greedy,1,1.6497,18.88,0,cpu,25,220,255.46,0.0,0.0
858,greedy,1,1.6529,19.02,0,cpu,27,256,274.32,0.0,0.0
859,greedy,1,1.6545,19.12,0,cpu,21,126,207.56,0.0,0.0
860,greedy,1,1.6569,19.1,0,cpu,21,216,214.26,0.0,0.0
861,greedy,1,1.6589,19.28,0,cpu,20,167,201.74,0.0,0.0
862,greedy,1,1.662,19.54,0,cpu,26,181,259.46,0.0,0.0
863,greedy,1,1.6636,19.38,0,cpu,16,138,159.09,0.0,0.0
864,greedy,1,1.6665,19.7,0,cpu,26,229,264.78,0.0,0.0
865,greedy,1,1.6694,19.76,0,cpu,21,200,213.82,0.0,0.0
866,greedy,1,1.6706,19.56,0,cpu,14,109,136.26,0.0,0.0
867,greedy,1,1.6745,19.96,0,cpu,33,306,337.68,0.0,0.0
868,greedy,1,1.6775,20.28,0,cpu,28,233,286.76,0.0,0.0
869,greedy,1,1.6809,20.44,0,cpu,30,275,305.76,0.0,0.0
870,greedy,1,1.6818,20.3,0,cpu,12,79,114.54,0.0,0.0
871,greedy,1,1.6843,20.52,0,cpu,28,188,284.11,0.0,0.0
872,greedy,1,1.6872,20.64,0,cpu,28,217,282.52,0.0,0.0
873,greedy,1,1.6888,20.58,0,cpu,15,140,148.76,0.0,0.0
874,greedy,1,1.691,20.88,0,cpu,26,173,262.54,0.0,0.0
875,greedy,1,1.6926,20.84,0,cpu,17,129,169.79,0.0,0.0
876,greedy,1,1.6958,20.74,0,cpu,17,173,168.95,0.0,0.0
877,greedy,1,1.6986,20.86,0,cpu,29,212,293.98,0.0,0.0
878,greedy,1,1.702,21.06,0,cpu,31,270,317.42,0.0,0.0
879,greedy,1,1.7029,20.92,0,cpu,10,82,96.19,0.0,0.0
880,greedy,1,1.7044,20.72,0,cpu,18,125,175.34,0.0,0.0
881,greedy,1,1.7074,20.9,0,cpu,29,243,295.17,0.0,0.0
882,greedy,1,1.7098,21.1,0,cpu,24,203,243.62,0.0,0.0
883,greedy,1,1.7109,21.06,0,cpu,10,92,95.09,0.0,0.0
884,greedy,1,1.7129,20.98,0,cpu,22,172,220.81,0.0,0.0
885,greedy,1,1.7152,21.24,0,cpu,24,193,241.12,0.0,0.0
886,greedy,1,1.7174,21.14,0,cpu,20,189,203.12,0.0,0.0
887,greedy,1,1.7203,21.48,0,cpu,28,249,285.0,0.0,0.0
888,greedy,1,1.7228,21.36,0,cpu,23,214,233.3,0.0,0.0
889,greedy,1,1.7239,21.42,0,cpu,13,98,127.36,0.0,0.0
890,greedy,1,1.7251,20.9,0,cpu,12,114,117.69,0.0,0.0
891,greedy,1,1.7268,20.88,0,cpu,19,153,190.37,0.0,0.0
892,greedy,1,1.7286,21.0,0,cpu,20,154,198.97,0.0,0.0
893,greedy,1,1.7302,21.02,0,cpu,16,138,158.69,0.0,0.0
894,greedy,1,1.7326,21.0,0,cpu,19,217,189.53,0.0,0.0
895,greedy,1,1.7355,21.34,0,cpu,27,239,275.39,0.0,0.0
896,greedy,1,1.7371,21.32,0,cpu,18,145,177.34,0.0,0.0
897,greedy,1,1.7406,21.8,0,cpu,32,279,325.94,0.0,0.0
898,greedy,1,1.743,21.84,0,cpu,22,207,222.56,0.0,0.0
899,greedy,1,1.7451,21.76,0,cpu,20,155,199.06,0.0,0.0
900,greedy,1,1.7464,21.56,0,cpu,16,117,157.6,0.0,0.0
901,greedy,1,1.7482,21.3,0,cpu,20,138,197.93,0.0,0.0
902,greedy,1,1.7518,21.54,0,cpu,30,258,304.83,0.0,0.0
903,greedy,1,1.754,21.56,0,cpu,21,169,211.43,0.0,0.0
904,greedy,1,1.7549,21.5,0,cpu,12,73,115.4,0.0,0.0
905,greedy,1,1.7564,21.48,0,cpu,15,125,148.41,0.0,0.0
906,greedy,1,1.758,21.42,0,cpu,20,144,199.67,0.0,0.0
907,greedy,1,1.76,21.34,0,cpu,21,157,209.35,0.0,0.0
908,greedy,1,1.7618,21.14,0,cpu,17,159,171.09,0.0,0.0
909,greedy,1,1.7642,21.08,0,cpu,18,230,181.19,0.0,0.0
910,greedy,1,1.7654,20.96,0,cpu,15,107,147.99,0.0,0.0
911,greedy,1,1.7664,20.82,0,cpu,13,90,125.24,0.0,0.0
912,greedy,1,1.7691,20.88,0,cpu,29,205,291.75,0.0,0.0
913,greedy,1,1.771,20.98,0,cpu,21,171,212.01,0.0,0.0
914,greedy,1,1.7731,20.9,0,cpu,22,173,222.7,0.0,0.0
915,greedy,1,1.7758,20.96,0,cpu,24,235,245.3,0.0,0.0
916,greedy,1,1.7783,21.14,0,cpu,23,196,230.88,0.0,0.0
917,greedy,1,1.781,21.06,0,cpu,29,208,295.22,0.0,0.0
918,greedy,1,1.7822,20.8,0,cpu,15,106,147.5,0.0,0.0
919,greedy,1,1.7835,20.48,0,cpu,14,111,136.24,0.0,0.0
920,greedy,1,1.7853,20.58,0,cpu,17,150,168.48,0.0,0.0
921,greedy,1,1.7871,20.38,0,cpu,18,139,178.2,0.0,0.0
922,greedy,1,1.7893,20.24,0,cpu,21,202,209.8,0.0,0.0
923,greedy,1,1.7911,20.3,0,cpu,18,164,178.85,0.0,0.0
924,greedy,1,1.7921,20.0,0,cpu,11,83,105.79,0.0,0.0
925,greedy,1,1.7943,20.08,0,cpu,21,188,209.14,0.0,0.0
926,greedy,1,1.7962,20.14,0,cpu,20,169,199.12,0.0,0.0
927,greedy,1,1.7972,19.78,0,cpu,11,91,105.71,0.0,0.0
928,greedy,1,1.7992,19.58,0,cpu,21,179,211.53,0.0,0.0
929,greedy,1,1.8018,20.0,0,cpu,31,179,310.83,0.0,0.0
930,greedy,1,1.8069,20.28,0,cpu,32,345,328.08,0.0,0.0
931,greedy,1,1.8092,20.22,0,cpu,26,178,263.19,0.0,0.0
932,greedy,1,1.8125,20.32,0,cpu,29,259,296.01,0.0,0.0
933,greedy,1,1.8137,20.4,0,cpu,14,103,136.72,0.0,0.0
934,greedy,1,1.8161,20.46,0,cpu,25,195,252.21,0.0,0.0
935,greedy,1,1.8186,20.48,0,cpu,25,191,251.85,0.0,0.0
936,greedy,1,1.8206,20.46,0,cpu,19,153,189.37,0.0,0.0
937,greedy,1,1.8226,20.3,0,cpu,20,157,199.04,0.0,0.0
938,greedy,1,1.8246,20.26,0,cpu,21,160,210.82,0.0,0.0
939,greedy,1,1.8275,20.5,0,cpu,25,208,253.38,0.0,0.0
940,greedy,1,1.8302,20.74,0,cpu,24,213,240.32,0.0,0.0
941,greedy,1,1.831,20.52,0,cpu,8,60,72.79,0.0,0.0
942,greedy,1,1.8322,20.44,0,cpu,16,105,157.12,0.0,0.0
943,greedy,1,1.8336,20.48,0,cpu,18,119,178.0,0.0,0.0
944,greedy,1,1.8369,20.7,0,cpu,30,265,306.26,0.0,0.0
945,greedy,1,1.8397,20.72,0,cpu,28,233,283.56,0.0,0.0
946,greedy,1,1.842,20.84,0,cpu,24,196,243.39,0.0,0.0
947,greedy,1,1.843,20.44,0,cpu,12,82,116.01,0.0,0.0
948,greedy,1,1.8436,20.12,0,cpu,6,56,52.21,0.0,0.0
949,greedy,1,1.8445,19.96,0,cpu,12,68,114.95,0.0,0.0
950,greedy,1,1.8462,20.02,0,cpu,19,137,188.93,0.0,0.0
951,greedy,1,1.8479,19.94,0,cpu,16,153,160.04,0.0,0.0
952,greedy,1,1.851,19.9,0,cpu,28,254,282.65,0.0,0.0
953,greedy,1,1.8539,19.98,0,cpu,25,234,253.12,0.0,0.0
954,greedy,1,1.8549,19.96,0,cpu,11,86,104.86,0.0,0.0
955,greedy,1,1.8577,20.18,0,cpu,26,218,263.19,0.0,0.0
956,greedy,1,1.8595,20.2,0,cpu,21,146,210.56,0.0,0.0
957,greedy,1,1.8611,20.1,0,cpu,16,137,160.4,0.0,0.0
958,greedy,1,1.8629,20.12,0,cpu,18,167,181.52,0.0,0.0
959,greedy,1,1.8643,20.08,0,cpu,16,120,158.07,0.0,0.0
960,greedy,1,1.8662,20.2,0,cpu,21,168,210.34,0.0,0.0
961,greedy,1,1.867,20.16,0,cpu,11,69,105.13,0.0,0.0
962,greedy,1,1.8693,19.98,0,cpu,20,210,202.21,0.0,0.0
963,greedy,1,1.8712,19.92,0,cpu,18,168,179.01,0.0,0.0
964,greedy,1,1.8735,19.94,0,cpu,23,201,233.13,0.0,0.0
965,greedy,1,1.8768,20.06,0,cpu,30,266,305.75,0.0,0.0
966,greedy,1,1.8802,20.24,0,cpu,32,268,327.15,0.0,0.0
967,greedy,1,1.8818,19.98,0,cpu,16,142,156.65,0.0,0.0
968,greedy,1,1.8833,19.94,0,cpu,13,136,126.98,0.0,0.0
969,greedy,1,1.8869,20.18,0,cpu,26,291,263.76,0.0,0.0
970,greedy,1,1.8884,20.2,0,cpu,18,129,176.3,0.0,0.0
971,greedy,1,1.8894,20.06,0,cpu,11,87,106.35,0.0,0.0
972,greedy,1,1.8897,19.76,0,cpu,6,33,52.34,0.0,0.0
973,greedy,1,1.8912,19.72,0,cpu,16,133,157.64,0.0,0.0
974,greedy,1,1.8919,19.66,0,cpu,8,63,74.66,0.0,0.0
975,greedy,1,1.8941,19.62,0,cpu,19,160,189.8,0.0,0.0
976,greedy,1,1.8956,19.54,0,cpu,16,140,160.07,0.0,0.0
977,greedy,1,1.8964,19.52,0,cpu,10,81,95.1,0.0,0.0
978,greedy,1,1.898,19.46,0,cpu,18,130,178.59,0.0,0.0
979,greedy,1,1.8994,19.2,0,cpu,18,121,178.58,0.0,0.0
980,greedy,1,1.9016,18.98,0,cpu,21,195,212.57,0.0,0.0
981,greedy,1,1.9041,18.94,0,cpu,24,203,240.02,0.0,0.0
982,greedy,1,1.9055,18.66,0,cpu,15,117,147.49,0.0,0.0
983,greedy,1,1.9073,18.78,0,cpu,20,159,202.22,0.0,0.0
984,greedy,1,1.9077,18.4,0,cpu,6,32,51.05,0.0,0.0
985,greedy,1,1.9088,18.2,0,cpu,15,96,147.2,0.0,0.0
986,greedy,1,1.9108,18.22,0,cpu,20,174,203.37,0.0,0.0
987,greedy,1,1.9132,18.24,0,cpu,21,210,211.92,0.0,0.0
988,greedy,1,1.9154,18.3,0,cpu,24,176,242.59,0.0,0.0
989,greedy,1,1.9176,18.28,0,cpu,24,190,244.65,0.0,0.0
990,greedy,1,1.9209,18.32,0,cpu,26,266,262.91,0.0,0.0
991,greedy,1,1.9231,18.58,0,cpu,21,176,212.06,0.0,0.0
992,greedy,1,1.9254,18.76,0,cpu,25,193,250.63,0.0,0.0
993,greedy,1,1.9284,18.96,0,cpu,28,257,283.92,0.0,0.0
994,greedy,1,1.9301,18.7,0,cpu,17,156,168.42,0.0,0.0
995,greedy,1,1.9318,18.48,0,cpu,17,159,168.69,0.0,0.0
996,greedy,1,1.9327,18.24,0,cpu,12,82,115.01,0.0,0.0
997,greedy,1,1.9356,18.44,0,cpu,22,250,222.43,0.0,0.0
998,greedy,1,1.937,18.68,0,cpu,18,115,177.44,0.0,0.0
999,greedy,1,1.9379,18.7,0,cpu,13,89,126.15,0.0,0.0
1000,greedy,1,1.9401,18.78,0,cpu,23,186,233.58,0.0,0.0
1001,greedy,1,1.9428,18.92,0,cpu,23,228,234.36,0.0,0.0
1002,greedy,1,1.9457,18.96,0,cpu,30,241,305.9,0.0,0.0
1003,greedy,1,1.9487,19.1,0,cpu,32,241,325.32,0.0,0.0
1004,greedy,1,1.9504,19.26,0,cpu,19,142,189.18,0.0,0.0
1005,greedy,1,1.9532,19.28,0,cpu,27,234,273.94,0.0,0.0
1006,greedy,1,1.9554,19.3,0,cpu,22,191,222.12,0.0,0.0
1007,greedy,1,1.9574,19.42,0,cpu,22,168,221.05,0.0,0.0
1008,greedy,1,1.9607,19.64,0,cpu,29,251,294.29,0.0,0.0
1009,greedy,1,1.9623,19.7,0,cpu,19,137,187.93,0.0,0.0
1010,greedy,1,1.9636,19.54,0,cpu,13,121,126.23,0.0,0.0
1011,greedy,1,1.9651,19.6,0,cpu,14,139,137.16,0.0,0.0
1012,greedy,1,1.968,19.7,0,cpu,25,233,254.43,0.0,0.0
1013,greedy,1,1.9689,19.64,0,cpu,15,71,144.35,0.0,0.0
1014,greedy,1,1.9724,19.76,0,cpu,29,302,293.48,0.0,0.0
1015,greedy,1,1.9741,19.56,0,cpu,20,151,200.9,0.0,0.0
1016,greedy,1,1.9757,19.32,0,cpu,20,131,199.3,0.0,0.0
1017,greedy,1,1.9781,19.48,0,cpu,24,206,241.49,0.0,0.0
1018,greedy,1,1.98,19.62,0,cpu,20,160,200.51,0.0,0.0
1019,greedy,1,1.9823,19.62,0,cpu,26,192,264.85,0.0,0.0
1020,greedy,1,1.9854,19.78,0,cpu,26,260,265.37,0.0,0.0
1021,greedy,1,1.9867,19.88,0,cpu,16,120,157.47,0.0,0.0
1022,greedy,1,1.9886,20.18,0,cpu,21,168,211.34,0.0,0.0
1023,greedy,1,1.9896,20.08,0,cpu,11,88,106.44,0.0,0.0
1024,greedy,1,1.9913,20.28,0,cpu,18,152,178.97,0.0,0.0
1025,greedy,1,1.9958,20.58,0,cpu,34,354,348.11,0.0,0.0
1026,greedy,1,1.9986,20.82,0,cpu,28,229,284.0,0.0,0.0
1027,greedy,1,2.0019,21.12,0,cpu,25,277,253.79,0.0,0.0
1028,greedy,1,2.0037,21.14,0,cpu,19,156,189.84,0.0,0.0
1029,greedy,1,2.0071,21.32,0,cpu,27,281,273.57,0.0,0.0
1030,greedy,1,2.0074,20.98,0,cpu,4,29,30.76,0.0,0.0
1031,greedy,1,2.0093,20.86,0,cpu,18,163,177.36,0.0,0.0
1032,greedy,1,2.0108,20.88,0,cpu,16,132,159.35,0.0,0.0
1033,greedy,1,2.0126,20.88,0,cpu,20,168,200.43,0.0,0.0
1034,greedy,1,2.0148,21.2,0,cpu,22,192,220.81,0.0,0.0
1035,greedy,1,2.018,21.4,0,cpu,25,266,252.2,0.0,0.0
1036,greedy,1,2.0191,21.24,0,cpu,12,103,115.9,0.0,0.0
1037,greedy,1,2.0206,21.2,0,cpu,19,138,189.82,0.0,0.0
1038,greedy,1,2.0226,21.08,0,cpu,18,179,181.0,0.0,0.0
1039,greedy,1,2.0239,20.92,0,cpu,16,119,157.78,0.0,0.0
1040,greedy,1,2.0256,20.78,0,cpu,19,145,189.85,0.0,0.0
1041,greedy,1,2.0292,21.08,0,cpu,36,285,366.72,0.0,0.0
1042,greedy,1,2.031,21.0,0,cpu,21,157,209.15,0.0,0.0
1043,greedy,1,2.0335,20.96,0,cpu,26,213,263.54,0.0,0.0
1044,greedy,1,2.0351,21.0,0,cpu,19,143,188.47,0.0,0.0
1045,greedy,1,2.0375,21.14,0,cpu,24,215,241.9,0.0,0.0
1046,greedy,1,2.0396,21.32,0,cpu,21,187,211.25,0.0,0.0
1047,greedy,1,2.0422,21.42,0,cpu,27,218,275.5,0.0,0.0
1048,greedy,1,2.0436,21.38,0,cpu,16,128,158.39,0.0,0.0
1049,greedy,1,2.0465,21.64,0,cpu,26,259,264.08,0.0,0.0
1050,greedy,1,2.0502,21.86,0,cpu,34,311,347.44,0.0,0.0
1051,greedy,1,2.0526,21.86,0,cpu,23,202,231.62,0.0,0.0
1052,greedy,1,2.0536,21.58,0,cpu,16,84,155.03,0.0,0.0
1053,greedy,1,2.0552,21.34,0,cpu,20,148,199.43,0.0,0.0
1054,greedy,1,2.0567,21.32,0,cpu,18,131,178.88,0.0,0.0
1055,greedy,1,2.0579,21.06,0,cpu,14,97,136.78,0.0,0.0
1056,greedy,1,2.0603,21.16,0,cpu,27,201,274.77,0.0,0.0
1057,greedy,1,2.0612,20.98,0,cpu,13,75,125.09,0.0,0.0
1058,greedy,1,2.0647,21.04,0,cpu,32,295,327.18,0.0,0.0
1059,greedy,1,2.0676,21.22,0,cpu,28,249,286.6,0.0,0.0
1060,greedy,1,2.0684,21.18,0,cpu,11,84,106.28,0.0,0.0
1061,greedy,1,2.0709,21.38,0,cpu,24,206,243.29,0.0,0.0
1062,greedy,1,2.0721,21.18,0,cpu,15,105,147.41,0.0,0.0
1063,greedy,1,2.0748,21.36,0,cpu,24,230,240.25,0.0,0.0
1064,greedy,1,2.0771,21.22,0,cpu,22,188,222.05,0.0,0.0
1065,greedy,1,2.0783,21.14,0,cpu,16,104,157.43,0.0,0.0
1066,greedy,1,2.0799,21.1,0,cpu,18,158,180.11,0.0,0.0
1067,greedy,1,2.0815,20.98,0,cpu,18,146,179.03,0.0,0.0
1068,greedy,1,2.0825,20.82,0,cpu,12,88,114.55,0.0,0.0
1069,greedy,1,2.0853,20.86,0,cpu,28,239,282.3,0.0,0.0
1070,greedy,1,2.0877,20.76,0,cpu,21,207,214.25,0.0,0.0
1071,greedy,1,2.0903,20.92,0,cpu,24,227,241.98,0.0,0.0
1072,greedy,1,2.0908,20.64,0,cpu,7,36,62.32,0.0,0.0
1073,greedy,1,2.0931,20.82,0,cpu,20,198,202.33,0.0,0.0
1074,greedy,1,2.0951,20.84,0,cpu,19,159,189.51,0.0,0.0
1075,greedy,1,2.0967,20.54,0,cpu,19,143,190.47,0.0,0.0
1076,greedy,1,2.1,20.66,0,cpu,34,267,347.88,0.0,0.0
1077,greedy,1,2.1018,20.52,0,cpu,18,164,180.65,0.0,0.0
1078,greedy,1,2.1035,20.54,0,cpu,20,151,200.5,0.0,0.0
1079,greedy,1,2.1051,20.36,0,cpu,18,148,179.61,0.0,0.0
1080,greedy,1,2.1088,20.94,0,cpu,33,281,337.03,0.0,0.0
1081,greedy,1,2.1111,20.94,0,cpu,18,148,178.41,0.0,0.0
1082,greedy,1,2.1131,21.02,0,cpu,20,177,202.24,0.0,0.0
1083,greedy,1,2.1143,20.98,0,cpu,18,111,177.48,0.0,0.0
1084,greedy,1,2.1166,21.08,0,cpu,27,183,272.35,0.0,0.0
1085,greedy,1,2.1197,21.12,0,cpu,27,265,276.73,0.0,0.0
1086,greedy,1,2.1211,21.22,0,cpu,17,134,168.44,0.0,0.0
1087,greedy,1,2.1232,21.22,0,cpu,19,196,190.84,0.0,0.0
1088,greedy,1,2.1239,21.06,0,cpu,10,59,94.12,0.0,0.0
1089,greedy,1,2.1256,21.14,0,cpu,20,142,199.29,0.0,0.0
1090,greedy,1,2.1279,21.2,0,cpu,22,192,224.21,0.0,0.0
1091,greedy,1,2.1308,21.08,0,cpu,30,257,306.54,0.0,0.0
1092,greedy,1,2.1334,21.22,0,cpu,28,211,281.98,0.0,0.0
1093,greedy,1,2.1348,20.96,0,cpu,13,121,127.23,0.0,0.0
1094,greedy,1,2.1364,20.98,0,cpu,20,143,200.18,0.0,0.0
1095,greedy,1,2.1377,20.82,0,cpu,16,117,158.6,0.0,0.0
1096,greedy,1,2.1403,20.94,0,cpu,27,226,274.42,0.0,0.0
1097,greedy,1,2.1439,21.04,0,cpu,32,276,325.27,0.0,0.0
1098,greedy,1,2.1444,20.88,0,cpu,8,51,73.58,0.0,0.0
1099,greedy,1,2.1463,20.76,0,cpu,20,176,199.55,0.0,0.0
1100,greedy,1,2.1481,20.48,0,cpu,20,162,199.89,0.0,0.0
1101,greedy,1,2.1495,20.34,0,cpu,16,118,157.49,0.0,0.0
1102,greedy,1,2.1505,20.3,0,cpu,14,85,135.7,0.0,0.0
1103,greedy,1,2.1521,20.28,0,cpu,19,131,189.79,0.0,0.0
1104,greedy,1,2.1535,20.26,0,cpu,17,126,169.32,0.0,0.0
1105,greedy,1,2.155,20.4,0,cpu,21,133,209.79,0.0,0.0
1106,greedy,1,2.1564,20.2,0,cpu,17,128,169.3,0.0,0.0
1107,greedy,1,2.1603,20.52,0,cpu,29,334,292.96,0.0,0.0
1108,greedy,1,2.1616,20.22,0,cpu,17,114,168.24,0.0,0.0
1109,greedy,1,2.1622,19.84,0,cpu,9,61,84.39,0.0,0.0
1110,greedy,1,2.1641,20.02,0,cpu,20,162,200.29,0.0,0.0
1111,greedy,1,2.1674,20.14,0,cpu,30,280,307.01,0.0,0.0
1112,greedy,1,2.1713,20.48,0,cpu,32,343,324.7,0.0,0.0
1113,greedy,1,2.1727,20.34,0,cpu,17,121,167.67,0.0,0.0
1114,greedy,1,2.1748,20.38,0,cpu,24,174,243.01,0.0,0.0
1115,greedy,1,2.1767,20.46,0,cpu,20,172,201.39,0.0,0.0
1116,greedy,1,2.179,20.56,0,cpu,23,208,233.16,0.0,0.0
1117,greedy,1,2.1811,20.58,0,cpu,19,197,189.13,0.0,0.0
1118,greedy,1,2.1836,20.88,0,cpu,27,201,268.77,0.0,0.0
1119,greedy,1,2.1867,20.96,0,cpu,32,255,326.58,0.0,0.0
1120,greedy,1,2.1878,20.82,0,cpu,14,104,136.81,0.0,0.0
1121,greedy,1,2.1893,20.74,0,cpu,20,128,197.83,0.0,0.0
1122,greedy,1,2.1928,21.2,0,cpu,30,287,303.64,0.0,0.0
1123,greedy,1,2.1947,21.2,0,cpu,20,167,202.54,0.0,0.0
1124,greedy,1,2.1962,21.16,0,cpu,17,143,168.65,0.0,0.0
1125,greedy,1,2.1974,21.1,0,cpu,16,102,157.65,0.0,0.0
1126,greedy,1,2.1987,20.76,0,cpu,17,120,168.98,0.0,0.0
1127,greedy,1,2.201,20.82,0,cpu,21,194,209.28,0.0,0.0
1128,greedy,1,2.202,20.68,0,cpu,13,93,126.31,0.0,0.0
1129,greedy,1,2.2038,20.74,0,cpu,21,155,208.97,0.0,0.0
1130,greedy,1,2.2048,20.38,0,cpu,15,98,146.38,0.0,0.0
1131,greedy,1,2.2067,20.52,0,cpu,25,158,248.28,0.0,0.0
1132,greedy,1,2.2083,20.52,0,cpu,20,126,198.65,0.0,0.0
1133,greedy,1,2.2099,20.46,0,cpu,15,148,148.48,0.0,0.0
1134,greedy,1,2.2128,20.5,0,cpu,29,255,294.05,0.0,0.0
1135,greedy,1,2.2141,20.24,0,cpu,14,125,136.7,0.0,0.0
1136,greedy,1,2.2152,20.16,0,cpu,13,96,126.98,0.0,0.0
1137,greedy,1,2.2178,20.18,0,cpu,20,232,200.19,0.0,0.0
1138,greedy,1,2.2193,20.34,0,cpu,18,121,177.38,0.0,0.0
1139,greedy,1,2.2206,20.26,0,cpu,16,128,158.99,0.0,0.0
1140,greedy,1,2.2232,20.34,0,cpu,26,212,260.65,0.0,0.0
1141,greedy,1,2.2259,20.2,0,cpu,23,228,231.56,0.0,0.0
1142,greedy,1,2.2292,20.2,0,cpu,28,292,286.47,0.0,0.0
1143,greedy,1,2.2316,20.46,0,cpu,26,196,261.01,0.0,0.0
1144,greedy,1,2.2344,20.6,0,cpu,27,251,274.47,0.0,0.0
1145,greedy,1,2.2351,20.44,0,cpu,8,59,74.3,0.0,0.0
1146,greedy,1,2.236,20.12,0,cpu,11,90,104.42,0.0,0.0
1147,greedy,1,2.2385,19.96,0,cpu,24,226,244.49,0.0,0.0
1148,greedy,1,2.2407,20.22,0,cpu,21,193,211.19,0.0,0.0
1149,greedy,1,2.2431,20.3,0,cpu,24,196,241.99,0.0,0.0
1150,greedy,1,2.2446,20.14,0,cpu,12,130,116.13,0.0,0.0
1151,greedy,1,2.2465,20.16,0,cpu,17,149,167.99,0.0,0.0
1152,greedy,1,2.2483,20.24,0,cpu,18,160,180.29,0.0,0.0
1153,greedy,1,2.2525,20.52,0,cpu,33,333,333.51,0.0,0.0
1154,greedy,1,2.2538,20.52,0,cpu,17,117,168.91,0.0,0.0
1155,greedy,1,2.2553,20.38,0,cpu,14,132,137.13,0.0,0.0
1156,greedy,1,2.2573,20.44,0,cpu,20,183,200.38,0.0,0.0
1157,greedy,1,2.258,20.0,0,cpu,7,60,62.68,0.0,0.0
1158,greedy,1,2.2612,20.3,0,cpu,32,254,327.29,0.0,0.0
1159,greedy,1,2.2623,20.44,0,cpu,16,103,157.54,0.0,0.0
1160,greedy,1,2.2634,20.26,0,cpu,11,90,106.42,0.0,0.0
1161,greedy,1,2.264,19.82,0,cpu,8,55,73.14,0.0,0.0
1162,greedy,1,2.2659,19.54,0,cpu,18,180,183.29,0.0,0.0
1163,greedy,1,2.2691,19.78,0,cpu,29,264,295.46,0.0,0.0
1164,greedy,1,2.272,19.84,0,cpu,27,242,275.06,0.0,0.0
1165,greedy,1,2.2753,19.94,0,cpu,25,269,253.27,0.0,0.0
1166,greedy,1,2.2773,19.86,0,cpu,19,156,187.84,0.0,0.0
1167,greedy,1,2.2797,20.0,0,cpu,26,199,261.88,0.0,0.0
1168,greedy,1,2.2823,19.94,0,cpu,24,219,244.26,0.0,0.0
1169,greedy,1,2.2846,19.76,0,cpu,23,195,230.79,0.0,0.0
1170,greedy,1,2.2874,20.04,0,cpu,28,238,284.61,0.0,0.0
1171,greedy,1,2.2899,20.12,0,cpu,24,214,243.21,0.0,0.0
1172,greedy,1,2.2905,19.66,0,cpu,7,59,64.59,0.0,0.0
1173,greedy,1,2.2917,19.48,0,cpu,11,111,104.31,0.0,0.0
1174,greedy,1,2.2937,19.52,0,cpu,19,163,187.87,0.0,0.0
1175,greedy,1,2.2974,19.9,0,cpu,35,307,356.19,0.0,0.0
1176,greedy,1,2.3009,20.1,0,cpu,27,304,273.64,0.0,0.0
1177,greedy,1,2.3024,20.02,0,cpu,17,130,167.68,0.0,0.0
1178,greedy,1,2.3041,20.14,0,cpu,19,152,187.28,0.0,0.0
1179,greedy,1,2.3068,20.3,0,cpu,29,233,290.87,0.0,0.0
1180,greedy,1,2.3087,20.46,0,cpu,23,149,230.45,0.0,0.0
1181,greedy,1,2.3099,20.24,0,cpu,14,108,137.77,0.0,0.0
1182,greedy,1,2.3128,20.44,0,cpu,30,245,302.06,0.0,0.0
1183,greedy,1,2.3148,20.58,0,cpu,22,169,220.74,0.0,0.0
1184,greedy,1,2.3152,20.14,0,cpu,7,33,62.05,0.0,0.0
1185,greedy,1,2.3176,20.34,0,cpu,24,217,246.88,0.0,0.0
1186,greedy,1,2.3203,20.56,0,cpu,24,227,240.98,0.0,0.0
1187,greedy,1,2.3218,20.52,0,cpu,18,134,178.75,0.0,0.0
1188,greedy,1,2.3251,20.72,0,cpu,28,285,284.24,0.0,0.0
1189,greedy,1,2.3266,20.72,0,cpu,16,120,158.47,0.0,0.0
1190,greedy,1,2.3291,20.78,0,cpu,29,207,295.73,0.0,0.0
1191,greedy,1,2.3318,20.86,0,cpu,27,239,273.99,0.0,0.0
1192,greedy,1,2.3332,20.58,0,cpu,14,117,135.78,0.0,0.0
1193,greedy,1,2.3345,20.36,0,cpu,15,121,147.85,0.0,0.0
1194,greedy,1,2.3387,20.52,0,cpu,35,334,357.42,0.0,0.0
1195,greedy,1,2.3412,20.84,0,cpu,24,219,244.66,0.0,0.0
1196,greedy,1,2.3427,20.98,0,cpu,18,131,178.08,0.0,0.0
1197,greedy,1,2.3451,21.06,0,cpu,28,201,283.08,0.0,0.0
1198,greedy,1,2.3464,20.88,0,cpu,12,127,116.46,0.0,0.0
1199,greedy,1,2.3484,20.84,0,cpu,22,178,219.15,0.0,0.0
1200,greedy,1,2.3493,20.82,0,cpu,11,83,104.79,0.0,0.0
1201,greedy,1,2.3508,20.84,0,cpu,18,124,178.25,0.0,0.0
1202,greedy,1,2.3537,21.06,0,cpu,29,249,293.91,0.0,0.0
1203,greedy,1,2.355,20.74,0,cpu,17,120,167.58,0.0,0.0
1204,greedy,1,2.3576,20.94,0,cpu,27,212,271.16,0.0,0.0
1205,greedy,1,2.3608,21.28,0,cpu,31,259,314.63,0.0,0.0
1206,greedy,1,2.3627,21.34,0,cpu,23,170,229.54,0.0,0.0
1207,greedy,1,2.3646,21.6,0,cpu,20,176,200.15,0.0,0.0
1208,greedy,1,2.3676,21.48,0,cpu,26,253,262.94,0.0,0.0
1209,greedy,1,2.3689,21.5,0,cpu,17,115,167.73,0.0,0.0
1210,greedy,1,2.3695,21.46,0,cpu,9,59,83.41,0.0,0.0
1211,greedy,1,2.3714,21.68,0,cpu,19,190,190.7,0.0,0.0
1212,greedy,1,2.3732,21.64,0,cpu,16,156,157.91,0.0,0.0
1213,greedy,1,2.3753,21.56,0,cpu,25,173,252.03,0.0,0.0
1214,greedy,1,2.3782,21.62,0,cpu,30,238,305.63,0.0,0.0
1215,greedy,1,2.3805,21.66,0,cpu,27,207,274.11,0.0,0.0
1216,greedy,1,2.3847,21.98,0,cpu,35,344,356.32,0.0,0.0
1217,greedy,1,2.3867,21.86,0,cpu,20,166,201.25,0.0,0.0
1218,greedy,1,2.388,21.7,0,cpu,16,128,158.79,0.0,0.0
1219,greedy,1,2.3891,21.5,0,cpu,13,94,126.2,0.0,0.0
1220,greedy,1,2.3901,21.2,0,cpu,13,92,124.22,0.0,0.0
1221,greedy,1,2.3929,21.24,0,cpu,26,213,261.74,0.0,0.0
1222,greedy,1,2.3954,21.66,0,cpu,28,214,285.25,0.0,0.0
1223,greedy,1,2.3983,22.02,0,cpu,29,248,294.62,0.0,0.0
1224,greedy,1,2.4006,22.06,0,cpu,21,193,209.99,0.0,0.0
1225,greedy,1,2.4031,21.86,0,cpu,25,219,254.17,0.0,0.0
1226,greedy,1,2.4043,21.64,0,cpu,16,112,157.55,0.0,0.0
1227,greedy,1,2.4061,21.66,0,cpu,18,163,180.96,0.0,0.0
1228,greedy,1,2.4085,21.74,0,cpu,23,186,230.58,0.0,0.0
1229,greedy,1,2.4107,21.62,0,cpu,23,192,231.92,0.0,0.0
1230,greedy,1,2.4154,21.92,0,cpu,38,398,387.91,0.0,0.0
1231,greedy,1,2.4163,21.86,0,cpu,11,88,106.64,0.0,0.0
1232,greedy,1,2.4189,21.82,0,cpu,28,200,281.19,0.0,0.0
1233,greedy,1,2.42,21.62,0,cpu,12,109,118.04,0.0,0.0
1234,greedy,1,2.422,21.9,0,cpu,21,185,211.87,0.0,0.0
1235,greedy,1,2.4242,21.88,0,cpu,23,181,230.53,0.0,0.0
1236,greedy,1,2.4254,21.66,0,cpu,13,111,127.13,0.0,0.0
1237,greedy,1,2.4279,21.72,0,cpu,21,218,211.04,0.0,0.0
1238,greedy,1,2.4307,21.66,0,cpu,25,251,252.85,0.0,0.0
1239,greedy,1,2.4316,21.6,0,cpu,13,70,123.84,0.0,0.0
1240,greedy,1,2.4332,21.42,0,cpu,20,134,199.17,0.0,0.0
1241,greedy,1,2.4355,21.36,0,cpu,24,185,239.6,0.0,0.0
1242,greedy,1,2.4384,21.72,0,cpu,32,241,323.12,0.0,0.0
1243,greedy,1,2.4396,21.7,0,cpu,14,120,139.25,0.0,0.0
1244,greedy,1,2.4405,21.2,0,cpu,10,89,96.62,0.0,0.0
1245,greedy,1,2.4436,21.34,0,cpu,31,251,315.51,0.0,0.0
1246,greedy,1,2.4448,21.28,0,cpu,15,108,148.08,0.0,0.0
1247,greedy,1,2.4465,21.1,0,cpu,19,158,189.82,0.0,0.0
1248,greedy,1,2.4488,21.34,0,cpu,24,196,242.19,0.0,0.0
1249,greedy,1,2.4511,21.3,0,cpu,20,204,201.47,0.0,0.0
1250,greedy,1,2.452,21.32,0,cpu,12,70,114.33,0.0,0.0
1251,greedy,1,2.4525,21.12,0,cpu,8,51,73.38,0.0,0.0
1252,greedy,1,2.4544,21.02,0,cpu,24,162,239.93,0.0,0.0
1253,greedy,1,2.457,21.2,0,cpu,26,226,267.91,0.0,0.0
1254,greedy,1,2.4596,21.18,0,cpu,26,208,262.89,0.0,0.0
1255,greedy,1,2.4602,20.74,0,cpu,9,57,84.23,0.0,0.0
1256,greedy,1,2.4637,20.84,0,cpu,28,315,286.74,0.0,0.0
1257,greedy,1,2.4659,20.9,0,cpu,23,186,229.58,0.0,0.0
1258,greedy,1,2.4672,20.7,0,cpu,16,119,157.38,0.0,0.0
1259,greedy,1,2.4692,20.76,0,cpu,20,168,202.03,0.0,0.0
1260,greedy,1,2.4716,21.08,0,cpu,25,223,254.33,0.0,0.0
1261,greedy,1,2.4731,21.04,0,cpu,17,129,169.39,0.0,0.0
1262,greedy,1,2.4744,21.0,0,cpu,14,107,136.88,0.0,0.0
1263,greedy,1,2.4765,20.98,0,cpu,24,178,242.37,0.0,0.0
1264,greedy,1,2.4779,20.76,0,cpu,19,125,186.65,0.0,0.0
1265,greedy,1,2.4806,20.74,0,cpu,26,234,263.63,0.0,0.0
1266,greedy,1,2.4816,20.3,0,cpu,13,91,126.73,0.0,0.0
1267,greedy,1,2.4841,20.4,0,cpu,25,212,252.94,0.0,0.0
1268,greedy,1,2.486,20.42,0,cpu,17,178,170.4,0.0,0.0
1269,greedy,1,2.4892,20.78,0,cpu,31,262,316.3,0.0,0.0
1270,greedy,1,2.4904,20.8,0,cpu,14,104,137.41,0.0,0.0
1271,greedy,1,2.4917,20.56,0,cpu,14,107,137.48,0.0,0.0
1272,greedy,1,2.4953,20.6,0,cpu,30,284,308.37,0.0,0.0
1273,greedy,1,2.4969,20.36,0,cpu,17,124,167.74,0.0,0.0
1274,greedy,1,2.4995,20.48,0,cpu,27,218,273.3,0.0,0.0
1275,greedy,1,2.5037,20.66,0,cpu,34,353,350.62,0.0,0.0
1276,greedy,1,2.5055,20.76,0,cpu,21,161,211.11,0.0,0.0
1277,greedy,1,2.5071,20.8,0,cpu,20,132,199.39,0.0,0.0
1278,greedy,1,2.508,20.54,0,cpu,10,75,93.96,0.0,0.0
1279,greedy,1,2.5117,20.72,0,cpu,32,312,327.31,0.0,0.0
1280,greedy,1,2.5131,20.34,0,cpu,19,122,188.38,0.0,0.0
1281,greedy,1,2.5148,20.52,0,cpu,20,152,201.79,0.0,0.0
1282,greedy,1,2.5159,20.22,0,cpu,13,101,126.63,0.0,0.0
1283,greedy,1,2.5171,20.28,0,cpu,15,112,147.84,0.0,0.0
1284,greedy,1,2.518,20.06,0,cpu,10,72,94.49,0.0,0.0
1285,greedy,1,2.5199,20.08,0,cpu,24,154,240.01,0.0,0.0
1286,greedy,1,2.5216,20.28,0,cpu,23,148,230.56,0.0,0.0
1287,greedy,1,2.5229,20.14,0,cpu,14,116,136.49,0.0,0.0
1288,greedy,1,2.5262,20.28,0,cpu,32,272,325.71,0.0,0.0
1289,greedy,1,2.5284,20.48,0,cpu,23,184,233.2,0.0,0.0
1290,greedy,1,2.5299,20.42,0,cpu,17,150,167.88,0.0,0.0
1291,greedy,1,2.5326,20.52,0,cpu,29,220,295.7,0.0,0.0
1292,greedy,1,2.5348,20.38,0,cpu,25,183,251.33,0.0,0.0
1293,greedy,1,2.537,20.52,0,cpu,21,193,209.99,0.0,0.0
1294,greedy,1,2.5382,20.58,0,cpu,13,110,127.44,0.0,0.0
1295,greedy,1,2.5416,20.56,0,cpu,30,282,304.39,0.0,0.0
1296,greedy,1,2.5427,20.52,0,cpu,13,102,124.72,0.0,0.0
1297,greedy,1,2.5457,20.62,0,cpu,24,269,240.36,0.0,0.0
1298,greedy,1,2.5482,20.64,0,cpu,25,219,254.37,0.0,0.0
1299,greedy,1,2.5489,20.44,0,cpu,10,64,94.37,0.0,0.0
1300,greedy,1,2.5532,20.98,0,cpu,39,320,399.0,0.0,0.0
1301,greedy,1,2.5564,21.44,0,cpu,31,267,314.35,0.0,0.0
1302,greedy,1,2.5577,21.24,0,cpu,14,107,137.68,0.0,0.0
1303,greedy,1,2.5595,21.12,0,cpu,20,152,200.79,0.0,0.0
1304,greedy,1,2.5617,20.98,0,cpu,19,196,191.44,0.0,0.0
1305,greedy,1,2.5625,21.02,0,cpu,11,71,104.91,0.0,0.0
1306,greedy,1,2.5658,21.08,0,cpu,31,284,317.68,0.0,0.0
1307,greedy,1,2.5664,20.74,0,cpu,6,49,52.98,0.0,0.0
1308,greedy,1,2.5685,20.82,0,cpu,20,180,198.51,0.0,0.0
1309,greedy,1,2.5695,20.62,0,cpu,10,93,94.78,0.0,0.0
1310,greedy,1,2.5708,20.44,0,cpu,16,126,156.81,0.0,0.0
1311,greedy,1,2.573,20.6,0,cpu,25,176,249.5,0.0,0.0
1312,greedy,1,2.5747,20.72,0,cpu,20,142,199.49,0.0,0.0
1313,greedy,1,2.5757,20.48,0,cpu,12,90,115.73,0.0,0.0
1314,greedy,1,2.5793,20.7,0,cpu,30,318,307.43,0.0,0.0
1315,greedy,1,2.5822,20.78,0,cpu,30,242,304.59,0.0,0.0
1316,greedy,1,2.5841,20.88,0,cpu,18,172,179.77,0.0,0.0
1317,greedy,1,2.5857,20.72,0,cpu,17,139,169.69,0.0,0.0
1318,greedy,1,2.5878,20.9,0,cpu,26,187,263.4,0.0,0.0
1319,greedy,1,2.5888,20.54,0,cpu,13,88,125.26,0.0,0.0
1320,greedy,1,2.5896,20.44,0,cpu,9,81,85.19,0.0,0.0
1321,greedy,1,2.5919,20.64,0,cpu,24,181,238.84,0.0,0.0
1322,greedy,1,2.595,20.58,0,cpu,27,260,275.68,0.0,0.0
1323,greedy,1,2.5965,20.56,0,cpu,16,145,160.72,0.0,0.0
1324,greedy,1,2.5985,20.48,0,cpu,23,174,229.5,0.0,0.0
1325,greedy,1,2.6007,20.24,0,cpu,22,190,222.43,0.0,0.0
1326,greedy,1,2.6019,20.1,0,cpu,14,100,136.05,0.0,0.0
1327,greedy,1,2.6027,19.88,0,cpu,9,77,84.43,0.0,0.0
1328,greedy,1,2.6064,20.36,0,cpu,34,323,347.72,0.0,0.0
1329,greedy,1,2.6085,20.1,0,cpu,19,172,192.08,0.0,0.0
1330,greedy,1,2.6099,20.04,0,cpu,16,125,158.92,0.0,0.0
1331,greedy,1,2.6113,19.98,0,cpu,17,133,167.35,0.0,0.0
1332,greedy,1,2.6125,20.02,0,cpu,15,113,147.33,0.0,0.0
1333,greedy,1,2.6136,19.96,0,cpu,12,104,118.19,0.0,0.0
1334,greedy,1,2.6144,19.96,0,cpu,10,75,95.76,0.0,0.0
1335,greedy,1,2.6164,19.94,0,cpu,23,170,230.74,0.0,0.0
1336,greedy,1,2.6193,20.1,0,cpu,31,230,315.22,0.0,0.0
1337,greedy,1,2.6204,20.16,0,cpu,17,104,167.34,0.0,0.0
1338,greedy,1,2.624,20.2,0,cpu,34,289,343.86,0.0,0.0
1339,greedy,1,2.6269,20.3,0,cpu,28,238,284.21,0.0,0.0
1340,greedy,1,2.6287,20.4,0,cpu,22,166,222.47,0.0,0.0
1341,greedy,1,2.6309,20.22,0,cpu,20,198,199.53,0.0,0.0
1342,greedy,1,2.6338,20.34,0,cpu,31,236,314.96,0.0,0.0
1343,greedy,1,2.6358,20.4,0,cpu,24,167,239.98,0.0,0.0
1344,greedy,1,2.6367,20.38,0,cpu,12,82,113.81,0.0,0.0
1345,greedy,1,2.6382,20.14,0,cpu,18,141,179.98,0.0,0.0
1346,greedy,1,2.6397,20.22,0,cpu,17,136,170.02,0.0,0.0
1347,greedy,1,2.6413,20.1,0,cpu,18,132,179.97,0.0,0.0
1348,greedy,1,2.6425,19.88,0,cpu,14,113,138.82,0.0,0.0
1349,greedy,1,2.6429,19.84,0,cpu,8,36,72.23,0.0,0.0
1350,greedy,1,2.6443,19.4,0,cpu,17,115,168.73,0.0,0.0
1351,greedy,1,2.6455,19.1,0,cpu,16,115,158.22,0.0,0.0
1352,greedy,1,2.6469,19.14,0,cpu,16,131,159.26,0.0,0.0
1353,greedy,1,2.6488,19.22,0,cpu,24,149,239.36,0.0,0.0
1354,greedy,1,2.6508,19.2,0,cpu,18,177,181.42,0.0,0.0
1355,greedy,1,2.6525,19.38,0,cpu,20,146,198.45,0.0,0.0
1356,greedy,1,2.655,19.26,0,cpu,25,217,253.99,0.0,0.0
1357,greedy,1,2.6585,19.76,0,cpu,31,287,316.15,0.0,0.0
1358,greedy,1,2.6593,19.54,0,cpu,9,75,83.85,0.0,0.0
1359,greedy,1,2.6608,19.68,0,cpu,17,131,168.57,0.0,0.0
1360,greedy,1,2.6624,19.68,0,cpu,16,164,155.23,0.0,0.0
1361,greedy,1,2.6643,19.68,0,cpu,25,143,248.93,0.0,0.0
1362,greedy,1,2.6651,19.52,0,cpu,12,74,114.49,0.0,0.0
1363,greedy,1,2.6661,19.54,0,cpu,13,92,126.02,0.0,0.0
1364,greedy,1,2.6682,19.38,0,cpu,22,178,223.35,0.0,0.0
1365,greedy,1,2.6706,19.28,0,cpu,25,214,251.32,0.0,0.0
1366,greedy,1,2.6724,19.28,0,cpu,18,163,180.16,0.0,0.0
1367,greedy,1,2.6729,19.08,0,cpu,7,55,63.23,0.0,0.0
1368,greedy,1,2.6764,19.18,0,cpu,31,280,316.72,0.0,0.0
1369,greedy,1,2.6784,19.38,0,cpu,23,181,231.33,0.0,0.0
1370,greedy,1,2.6797,19.52,0,cpu,16,123,159.54,0.0,0.0
1371,greedy,1,2.6816,19.42,0,cpu,19,161,189.29,0.0,0.0
1372,greedy,1,2.6842,19.38,0,cpu,25,218,253.28,0.0,0.0
1373,greedy,1,2.6869,19.6,0,cpu,27,236,275.52,0.0,0.0
1374,greedy,1,2.6881,19.44,0,cpu,15,114,148.42,0.0,0.0
1375,greedy,1,2.6903,19.5,0,cpu,25,189,252.27,0.0,0.0
1376,greedy,1,2.6921,19.56,0,cpu,17,152,169.06,0.0,0.0
1377,greedy,1,2.6939,19.8,0,cpu,21,152,209.1,0.0,0.0
1378,greedy,1,2.6951,19.46,0,cpu,17,113,168.35,0.0,0.0
1379,greedy,1,2.6975,19.52,0,cpu,22,209,221.74,0.0,0.0
1380,greedy,1,2.6988,19.52,0,cpu,16,126,157.41,0.0,0.0
1381,greedy,1,2.7005,19.54,0,cpu,18,153,180.06,0.0,0.0
1382,greedy,1,2.702,19.52,0,cpu,14,142,139.83,0.0,0.0
1383,greedy,1,2.7052,19.88,0,cpu,30,280,303.41,0.0,0.0
1384,greedy,1,2.7067,20.08,0,cpu,20,139,199.62,0.0,0.0
1385,greedy,1,2.7075,19.82,0,cpu,10,84,93.17,0.0,0.0
1386,greedy,1,2.7088,19.48,0,cpu,14,113,137.82,0.0,0.0
1387,greedy,1,2.7102,19.48,0,cpu,17,118,167.4,0.0,0.0
1388,greedy,1,2.7123,19.32,0,cpu,26,182,260.95,0.0,0.0
1389,greedy,1,2.713,18.96,0,cpu,10,56,93.65,0.0,0.0
1390,greedy,1,2.7146,18.86,0,cpu,17,145,169.43,0.0,0.0
1391,greedy,1,2.7175,18.98,0,cpu,26,253,263.14,0.0,0.0
1392,greedy,1,2.7195,18.74,0,cpu,19,178,192.02,0.0,0.0
1393,greedy,1,2.7221,18.84,0,cpu,29,212,294.98,0.0,0.0
1394,greedy,1,2.7251,19.28,0,cpu,34,225,342.9,0.0,0.0
1395,greedy,1,2.7277,19.48,0,cpu,28,224,284.95,0.0,0.0
1396,greedy,1,2.7324,20.02,0,cpu,44,372,451.63,0.0,0.0
1397,greedy,1,2.7343,20.1,0,cpu,22,167,218.16,0.0,0.0
1398,greedy,1,2.7355,20.1,0,cpu,14,106,135.39,0.0,0.0
1399,greedy,1,2.7374,20.36,0,cpu,21,181,209.71,0.0,0.0
1400,greedy,1,2.7388,20.32,0,cpu,15,138,149.98,0.0,0.0
1401,greedy,1,2.7402,20.34,0,cpu,17,124,167.74,0.0,0.0
1402,greedy,1,2.7419,20.46,0,cpu,22,150,219.03,0.0,0.0
1403,greedy,1,2.7437,20.3,0,cpu,16,144,159.03,0.0,0.0
1404,greedy,1,2.7457,20.4,0,cpu,23,175,230.99,0.0,0.0
1405,greedy,1,2.7468,20.28,0,cpu,14,93,135.42,0.0,0.0
1406,greedy,1,2.7491,20.32,0,cpu,27,191,271.27,0.0,0.0
1407,greedy,1,2.7511,20.2,0,cpu,25,163,250.93,0.0,0.0
1408,greedy,1,2.7528,20.42,0,cpu,20,144,198.87,0.0,0.0
1409,greedy,1,2.7552,20.58,0,cpu,25,215,253.61,0.0,0.0
1410,greedy,1,2.7561,20.52,0,cpu,13,73,125.31,0.0,0.0
1411,greedy,1,2.7586,20.54,0,cpu,26,217,263.5,0.0,0.0
1412,greedy,1,2.7625,21.0,0,cpu,35,315,357.31,0.0,0.0
1413,greedy,1,2.765,21.14,0,cpu,20,234,200.77,0.0,0.0
1414,greedy,1,2.7658,20.9,0,cpu,10,75,95.36,0.0,0.0
1415,greedy,1,2.7674,20.78,0,cpu,19,135,188.95,0.0,0.0
1416,greedy,1,2.7713,21.1,0,cpu,34,332,346.53,0.0,0.0
1417,greedy,1,2.7732,21.4,0,cpu,22,168,222.05,0.0,0.0
1418,greedy,1,2.7752,21.22,0,cpu,22,171,220.52,0.0,0.0
1419,greedy,1,2.7769,21.12,0,cpu,18,154,181.75,0.0,0.0
1420,greedy,1,2.7778,21.12,0,cpu,16,80,155.27,0.0,0.0
1421,greedy,1,2.7793,21.14,0,cpu,20,129,199.12,0.0,0.0
1422,greedy,1,2.7809,21.02,0,cpu,19,153,189.77,0.0,0.0
1423,greedy,1,2.7854,21.24,0,cpu,38,366,390.23,0.0,0.0
1424,greedy,1,2.7871,21.32,0,cpu,19,148,188.92,0.0,0.0
1425,greedy,1,2.788,21.08,0,cpu,13,102,126.72,0.0,0.0
1426,greedy,1,2.7897,21.2,0,cpu,23,151,229.23,0.0,0.0
1427,greedy,1,2.7923,21.28,0,cpu,25,227,254.29,0.0,0.0
1428,greedy,1,2.7931,21.18,0,cpu,12,82,115.81,0.0,0.0
1429,greedy,1,2.7974,21.54,0,cpu,40,344,408.87,0.0,0.0
1430,greedy,1,2.7983,21.48,0,cpu,13,92,125.22,0.0,0.0
1431,greedy,1,2.7996,21.4,0,cpu,14,119,138.36,0.0,0.0
1432,greedy,1,2.8001,21.32,0,cpu,10,49,93.42,0.0,0.0
1433,greedy,1,2.8031,21.34,0,cpu,31,252,318.2,0.0,0.0
1434,greedy,1,2.8046,21.3,0,cpu,18,143,179.56,0.0,0.0
1435,greedy,1,2.8068,21.66,0,cpu,28,191,282.38,0.0,0.0
1436,greedy,1,2.8091,21.88,0,cpu,25,216,253.7,0.0,0.0
1437,greedy,1,2.8119,22.08,0,cpu,27,239,273.39,0.0,0.0
1438,greedy,1,2.8139,22.04,0,cpu,24,177,241.88,0.0,0.0
1439,greedy,1,2.8159,22.26,0,cpu,21,187,211.25,0.0,0.0
1440,greedy,1,2.8184,22.36,0,cpu,22,231,221.72,0.0,0.0
1441,greedy,1,2.8202,22.22,0,cpu,19,161,190.49,0.0,0.0
1442,greedy,1,2.8232,22.36,0,cpu,26,263,263.84,0.0,0.0
1443,greedy,1,2.8253,22.26,0,cpu,24,178,241.37,0.0,0.0
1444,greedy,1,2.8276,22.0,0,cpu,21,202,210.0,0.0,0.0
1445,greedy,1,2.8294,21.86,0,cpu,21,162,209.2,0.0,0.0
1446,greedy,1,2.8307,21.22,0,cpu,12,122,118.41,0.0,0.0
1447,greedy,1,2.8321,21.12,0,cpu,17,134,169.04,0.0,0.0
1448,greedy,1,2.833,21.08,0,cpu,12,88,114.35,0.0,0.0
1449,greedy,1,2.8355,21.12,0,cpu,23,204,232.8,0.0,0.0
1450,greedy,1,2.8368,21.08,0,cpu,13,123,128.41,0.0,0.0
1451,greedy,1,2.8385,21.12,0,cpu,19,155,191.55,0.0,0.0
1452,greedy,1,2.8413,21.26,0,cpu,29,239,294.61,0.0,0.0
1453,greedy,1,2.8432,21.36,0,cpu,21,155,210.17,0.0,0.0
1454,greedy,1,2.8442,21.2,0,cpu,15,90,145.26,0.0,0.0
1455,greedy,1,2.8453,21.22,0,cpu,15,99,147.47,0.0,0.0
1456,greedy,1,2.846,20.88,0,cpu,10,76,94.85,0.0,0.0
1457,greedy,1,2.8482,20.8,0,cpu,21,197,211.15,0.0,0.0
1458,greedy,1,2.8507,20.86,0,cpu,23,232,232.92,0.0,0.0
1459,greedy,1,2.853,20.84,0,cpu,24,205,242.4,0.0,0.0
1460,greedy,1,2.8544,20.92,0,cpu,17,130,167.08,0.0,0.0
1461,greedy,1,2.8554,20.62,0,cpu,11,93,106.89,0.0,0.0
1462,greedy,1,2.857,20.32,0,cpu,20,141,199.2,0.0,0.0
1463,greedy,1,2.8579,20.16,0,cpu,12,77,115.36,0.0,0.0
1464,greedy,1,2.8605,20.4,0,cpu,22,213,223.9,0.0,0.0
1465,greedy,1,2.8634,20.62,0,cpu,30,236,302.25,0.0,0.0
1466,greedy,1,2.8652,20.32,0,cpu,19,170,189.9,0.0,0.0
1467,greedy,1,2.8661,20.14,0,cpu,13,74,125.0,0.0,0.0
1468,greedy,1,2.8691,20.26,0,cpu,28,268,286.31,0.0,0.0
1469,greedy,1,2.8712,20.32,0,cpu,21,201,210.51,0.0,0.0
1470,greedy,1,2.8733,20.42,0,cpu,21,184,209.98,0.0,0.0
1471,greedy,1,2.8754,20.4,0,cpu,19,179,186.31,0.0,0.0
1472,greedy,1,2.8781,20.54,0,cpu,26,235,261.92,0.0,0.0
1473,greedy,1,2.8807,20.2,0,cpu,21,250,214.72,0.0,0.0
1474,greedy,1,2.8821,20.14,0,cpu,16,133,160.04,0.0,0.0
1475,greedy,1,2.884,20.26,0,cpu,19,162,191.18,0.0,0.0
1476,greedy,1,2.8865,20.32,0,cpu,26,213,263.94,0.0,0.0
1477,greedy,1,2.8881,20.2,0,cpu,19,161,189.69,0.0,0.0
1478,greedy,1,2.8906,20.54,0,cpu,29,202,293.28,0.0,0.0
1479,greedy,1,2.8931,20.26,0,cpu,26,217,264.9,0.0,0.0
1480,greedy,1,2.8944,20.32,0,cpu,16,126,159.01,0.0,0.0
1481,greedy,1,2.8969,20.58,0,cpu,27,219,273.99,0.0,0.0
1482,greedy,1,2.8995,20.82,0,cpu,22,249,223.94,0.0,0.0
1483,greedy,1,2.9006,20.44,0,cpu,12,111,117.02,0.0,0.0
1484,greedy,1,2.9033,20.56,0,cpu,24,241,243.24,0.0,0.0
1485,greedy,1,2.9062,20.6,0,cpu,30,255,305.96,0.0,0.0
1486,greedy,1,2.9083,20.56,0,cpu,23,181,230.93,0.0,0.0
1487,greedy,1,2.9102,20.46,0,cpu,22,160,220.93,0.0,0.0
1488,greedy,1,2.9123,20.44,0,cpu,23,181,228.33,0.0,0.0
1489,greedy,1,2.9164,20.7,0,cpu,34,344,346.41,0.0,0.0
1490,greedy,1,2.9172,20.46,0,cpu,10,84,96.57,0.0,0.0
1491,greedy,1,2.9192,20.52,0,cpu,22,168,220.25,0.0,0.0
1492,greedy,1,2.9208,20.38,0,cpu,19,148,189.32,0.0,0.0
1493,greedy,1,2.9231,20.36,0,cpu,23,209,232.05,0.0,0.0
1494,greedy,1,2.9252,20.44,0,cpu,25,155,250.01,0.0,0.0
1495,greedy,1,2.9297,20.8,0,cpu,39,376,396.84,0.0,0.0
1496,greedy,1,2.9307,20.82,0,cpu,13,95,126.49,0.0,0.0
1497,greedy,1,2.9327,20.88,0,cpu,20,181,200.8,0.0,0.0
1498,greedy,1,2.9342,21.0,0,cpu,18,128,178.01,0.0,0.0
1499,greedy,1,2.9353,20.84,0,cpu,15,98,145.58,0.0,0.0
1500,greedy,1,2.9373,21.04,0,cpu,23,168,231.36,0.0,0.0
1501,greedy,1,2.9377,20.74,0,cpu,4,45,31.4,0.0,0.0
1502,greedy,1,2.9403,20.68,0,cpu,26,225,263.42,0.0,0.0
1503,greedy,1,2.9423,20.72,0,cpu,23,160,232.04,0.0,0.0
1504,greedy,1,2.9435,20.74,0,cpu,16,95,155.82,0.0,0.0
1505,greedy,1,2.9452,20.84,0,cpu,20,148,199.23,0.0,0.0
1506,greedy,1,2.9477,21.16,0,cpu,26,208,262.69,0.0,0.0
1507,greedy,1,2.9486,21.0,0,cpu,13,79,125.65,0.0,0.0
1508,greedy,1,2.9512,21.1,0,cpu,28,207,283.22,0.0,0.0
1509,greedy,1,2.9533,21.08,0,cpu,23,189,230.45,0.0,0.0
1510,greedy,1,2.955,21.08,0,cpu,17,151,169.77,0.0,0.0
1511,greedy,1,2.9585,21.48,0,cpu,31,282,316.5,0.0,0.0
1512,greedy,1,2.9601,21.46,0,cpu,19,131,189.99,0.0,0.0
1513,greedy,1,2.9615,21.54,0,cpu,16,115,157.62,0.0,0.0
1514,greedy,1,2.963,21.48,0,cpu,19,137,188.73,0.0,0.0
1515,greedy,1,2.9648,21.3,0,cpu,21,159,211.13,0.0,0.0
1516,greedy,1,2.9663,21.26,0,cpu,17,128,169.3,0.0,0.0
1517,greedy,1,2.9684,21.44,0,cpu,22,183,222.0,0.0,0.0
1518,greedy,1,2.9703,21.3,0,cpu,21,159,209.93,0.0,0.0
1519,greedy,1,2.972,21.28,0,cpu,20,154,200.37,0.0,0.0
1520,greedy,1,2.9748,21.42,0,cpu,28,238,283.61,0.0,0.0
1521,greedy,1,2.977,21.36,0,cpu,16,180,158.67,0.0,0.0
1522,greedy,1,2.9795,21.3,0,cpu,23,202,231.02,0.0,0.0
1523,greedy,1,2.9823,21.54,0,cpu,33,220,334.74,0.0,0.0
1524,greedy,1,2.9845,21.7,0,cpu,24,179,242.66,0.0,0.0
1525,greedy,1,2.9856,21.54,0,cpu,11,103,104.19,0.0,0.0
1526,greedy,1,2.9888,21.74,0,cpu,36,264,365.43,0.0,0.0
1527,greedy,1,2.9908,21.78,0,cpu,21,177,209.35,0.0,0.0
1528,greedy,1,2.9941,21.72,0,cpu,26,287,263.0,0.0,0.0
1529,greedy,1,2.9947,21.36,0,cpu,8,50,73.49,0.0,0.0
1530,greedy,1,2.9965,21.5,0,cpu,23,159,231.75,0.0,0.0
1531,greedy,1,2.9993,21.54,0,cpu,29,227,295.53,0.0,0.0
1532,greedy,1,3.0024,21.66,0,cpu,28,210,285.09,0.0,0.0
1533,greedy,1,3.0029,21.54,0,cpu,6,45,52.02,0.0,0.0
1534,greedy,1,3.0059,21.72,0,cpu,33,245,336.39,0.0,0.0
1535,greedy,1,3.0081,21.52,0,cpu,20,192,202.59,0.0,0.0
1536,greedy,1,3.0095,21.42,0,cpu,18,126,177.23,0.0,0.0
1537,greedy,1,3.0101,21.08,0,cpu,5,51,43.25,0.0,0.0
1538,greedy,1,3.0103,20.66,0,cpu,2,13,10.9,0.0,0.0
1539,greedy,1,3.0126,20.42,0,cpu,22,201,222.02,0.0,0.0
1540,greedy,1,3.0143,20.62,0,cpu,20,159,202.42,0.0,0.0
1541,greedy,1,3.0153,20.5,0,cpu,16,84,154.83,0.0,0.0
1542,greedy,1,3.0177,20.58,0,cpu,23,197,232.17,0.0,0.0
1543,greedy,1,3.0196,20.52,0,cpu,20,162,200.89,0.0,0.0
1544,greedy,1,3.02,20.14,0,cpu,6,34,52.43,0.0,0.0
1545,greedy,1,3.0215,19.74,0,cpu,19,136,189.24,0.0,0.0
1546,greedy,1,3.0232,19.9,0,cpu,21,144,210.78,0.0,0.0
1547,greedy,1,3.0272,20.14,0,cpu,32,313,327.8,0.0,0.0
1548,greedy,1,3.0285,20.0,0,cpu,11,85,104.77,0.0,0.0
1549,greedy,1,3.0292,19.9,0,cpu,10,69,93.82,0.0,0.0
1550,greedy,1,3.0323,20.0,0,cpu,28,259,282.3,0.0,0.0
1551,greedy,1,3.0336,20.22,0,cpu,15,118,146.78,0.0,0.0
1552,greedy,1,3.0346,20.0,0,cpu,15,87,145.39,0.0,0.0
1553,greedy,1,3.0367,19.94,0,cpu,20,167,201.14,0.0,0.0
1554,greedy,1,3.0374,19.78,0,cpu,8,58,74.41,0.0,0.0
1555,greedy,1,3.039,19.76,0,cpu,19,130,187.9,0.0,0.0
1556,greedy,1,3.0419,19.8,0,cpu,28,254,283.05,0.0,0.0
1557,greedy,1,3.0439,19.96,0,cpu,21,168,209.54,0.0,0.0
1558,greedy,1,3.0487,20.12,0,cpu,36,387,371.1,0.0,0.0
1559,greedy,1,3.0492,19.78,0,cpu,6,46,52.51,0.0,0.0
1560,greedy,1,3.0515,19.94,0,cpu,25,193,253.63,0.0,0.0
1561,greedy,1,3.0526,19.56,0,cpu,12,91,115.02,0.0,0.0
1562,greedy,1,3.0537,19.46,0,cpu,14,90,134.95,0.0,0.0
1563,greedy,1,3.0551,19.46,0,cpu,16,122,158.85,0.0,0.0
1564,greedy,1,3.0558,19.28,0,cpu,10,67,93.84,0.0,0.0
1565,greedy,1,3.0571,19.14,0,cpu,14,119,138.76,0.0,0.0
1566,greedy,1,3.0599,19.36,0,cpu,28,247,286.22,0.0,0.0
1567,greedy,1,3.0615,19.24,0,cpu,16,143,159.54,0.0,0.0
1568,greedy,1,3.0633,19.28,0,cpu,23,153,230.21,0.0,0.0
1569,greedy,1,3.0647,19.24,0,cpu,18,123,176.96,0.0,0.0
1570,greedy,1,3.0658,18.9,0,cpu,11,94,107.18,0.0,0.0
1571,greedy,1,3.0677,18.9,0,cpu,16,149,159.68,0.0,0.0
1572,greedy,1,3.071,19.1,0,cpu,33,226,332.08,0.0,0.0
1573,greedy,1,3.0741,19.0,0,cpu,28,256,282.83,0.0,0.0
1574,greedy,1,3.0748,18.72,0,cpu,10,60,94.01,0.0,0.0
1575,greedy,1,3.0756,18.7,0,cpu,10,83,96.48,0.0,0.0
1576,greedy,1,3.0787,18.5,0,cpu,26,208,263.29,0.0,0.0
1577,greedy,1,3.08,18.42,0,cpu,17,122,167.36,0.0,0.0
1578,greedy,1,3.0826,18.46,0,cpu,28,208,281.31,0.0,0.0
1579,greedy,1,3.0847,18.72,0,cpu,21,195,212.17,0.0,0.0
1580,greedy,1,3.0866,18.72,0,cpu,23,149,230.05,0.0,0.0
1581,greedy,1,3.0881,18.46,0,cpu,16,151,159.86,0.0,0.0
1582,greedy,1,3.089,18.1,0,cpu,10,84,96.37,0.0,0.0
1583,greedy,1,3.0911,18.46,0,cpu,24,174,240.21,0.0,0.0
1584,greedy,1,3.0938,18.3,0,cpu,25,243,255.73,0.0,0.0
1585,greedy,1,3.0957,18.34,0,cpu,22,150,218.23,0.0,0.0
1586,greedy,1,3.0977,18.38,0,cpu,20,189,199.72,0.0,0.0
1587,greedy,1,3.1002,18.78,0,cpu,25,209,251.07,0.0,0.0
1588,greedy,1,3.1033,19.34,0,cpu,30,260,303.21,0.0,0.0
1589,greedy,1,3.105,19.28,0,cpu,19,159,191.31,0.0,0.0
1590,greedy,1,3.1072,19.36,0,cpu,24,198,242.37,0.0,0.0
1591,greedy,1,3.1078,19.2,0,cpu,8,50,73.49,0.0,0.0
1592,greedy,1,3.1103,19.34,0,cpu,30,213,305.78,0.0,0.0
1593,greedy,1,3.1118,19.26,0,cpu,16,126,159.01,0.0,0.0
1594,greedy,1,3.1125,19.36,0,cpu,11,71,105.31,0.0,0.0
1595,greedy,1,3.1136,19.26,0,cpu,14,106,136.39,0.0,0.0
1596,greedy,1,3.1162,19.36,0,cpu,26,233,262.74,0.0,0.0
1597,greedy,1,3.1177,19.04,0,cpu,16,134,159.33,0.0,0.0
1598,greedy,1,3.1184,19.0,0,cpu,9,68,82.42,0.0,0.0
1599,greedy,1,3.1205,19.24,0,cpu,22,176,221.97,0.0,0.0
1600,greedy,1,3.1232,19.2,0,cpu,26,230,262.07,0.0,0.0
1601,greedy,1,3.1247,19.2,0,cpu,15,127,148.19,0.0,0.0
1602,greedy,1,3.1263,19.26,0,cpu,18,153,179.26,0.0,0.0
1603,greedy,1,3.1294,19.54,0,cpu,34,249,345.46,0.0,0.0
1604,greedy,1,3.1333,20.06,0,cpu,34,322,345.23,0.0,0.0
1605,greedy,1,3.1351,20.02,0,cpu,17,167,170.81,0.0,0.0
1606,greedy,1,3.1376,19.98,0,cpu,26,215,261.52,0.0,0.0
1607,greedy,1,3.1395,19.94,0,cpu,19,171,187.79,0.0,0.0
1608,greedy,1,3.1407,19.52,0,cpu,15,112,147.84,0.0,0.0
1609,greedy,1,3.1435,19.94,0,cpu,27,241,277.37,0.0,0.0
1610,greedy,1,3.1461,20.0,0,cpu,28,233,283.16,0.0,0.0
1611,greedy,1,3.1484,20.32,0,cpu,28,186,282.13,0.0,0.0
1612,greedy,1,3.1501,20.48,0,cpu,22,154,220.39,0.0,0.0
1613,greedy,1,3.1527,20.68,0,cpu,26,214,262.63,0.0,0.0
1614,greedy,1,3.1554,20.98,0,cpu,25,237,253.59,0.0,0.0
1615,greedy,1,3.1558,20.82,0,cpu,6,42,53.15,0.0,0.0
1616,greedy,1,3.1576,20.7,0,cpu,22,156,219.37,0.0,0.0
1617,greedy,1,3.1595,20.78,0,cpu,20,159,200.42,0.0,0.0
1618,greedy,1,3.1612,20.7,0,cpu,19,152,191.08,0.0,0.0
1619,greedy,1,3.1626,20.7,0,cpu,18,122,179.27,0.0,0.0
1620,greedy,1,3.1641,20.78,0,cpu,15,137,148.09,0.0,0.0
1621,greedy,1,3.1646,20.64,0,cpu,9,48,83.22,0.0,0.0
1622,greedy,1,3.166,20.3,0,cpu,16,135,158.42,0.0,0.0
1623,greedy,1,3.1677,20.1,0,cpu,18,148,181.21,0.0,0.0
1624,greedy,1,3.1688,20.2,0,cpu,15,99,146.47,0.0,0.0
1625,greedy,1,3.1701,20.28,0,cpu,14,115,136.8,0.0,0.0
1626,greedy,1,3.171,20.0,0,cpu,12,91,116.22,0.0,0.0
1627,greedy,1,3.1724,19.96,0,cpu,15,136,149.0,0.0,0.0
1628,greedy,1,3.175,19.9,0,cpu,25,233,254.63,0.0,0.0
1629,greedy,1,3.1778,20.04,0,cpu,28,241,284.88,0.0,0.0
1630,greedy,1,3.1789,19.88,0,cpu,15,98,146.58,0.0,0.0
1631,greedy,1,3.1802,19.9,0,cpu,17,120,168.38,0.0,0.0
1632,greedy,1,3.1822,20.06,0,cpu,18,180,180.49,0.0,0.0
1633,greedy,1,3.1834,19.86,0,cpu,14,118,138.07,0.0,0.0
1634,greedy,1,3.1847,19.68,0,cpu,16,118,158.29,0.0,0.0
1635,greedy,1,3.1853,19.44,0,cpu,10,54,93.67,0.0,0.0
1636,greedy,1,3.1868,19.4,0,cpu,18,129,178.3,0.0,0.0
1637,greedy,1,3.1885,19.32,0,cpu,21,145,210.67,0.0,0.0
1638,greedy,1,3.1909,19.24,0,cpu,26,202,263.15,0.0,0.0
1639,greedy,1,3.1927,19.34,0,cpu,24,143,239.42,0.0,0.0
1640,greedy,1,3.1951,19.38,0,cpu,26,199,264.08,0.0,0.0
1641,greedy,1,3.1956,19.38,0,cpu,8,56,73.23,0.0,0.0
1642,greedy,1,3.1981,19.36,0,cpu,29,206,294.24,0.0,0.0
1643,greedy,1,3.1987,19.16,0,cpu,6,60,52.57,0.0,0.0
1644,greedy,1,3.2003,19.3,0,cpu,18,151,178.68,0.0,0.0
1645,greedy,1,3.2037,19.6,0,cpu,29,294,293.76,0.0,0.0
1646,greedy,1,3.2044,19.22,0,cpu,7,65,62.33,0.0,0.0
1647,greedy,1,3.2064,19.28,0,cpu,19,184,189.16,0.0,0.0
1648,greedy,1,3.2075,19.36,0,cpu,13,96,126.18,0.0,0.0
1649,greedy,1,3.2109,19.62,0,cpu,35,277,359.29,0.0,0.0
1650,greedy,1,3.2118,19.36,0,cpu,13,84,126.1,0.0,0.0
1651,greedy,1,3.2131,19.4,0,cpu,17,129,169.39,0.0,0.0
1652,greedy,1,3.2167,19.7,0,cpu,33,296,335.78,0.0,0.0
1653,greedy,1,3.2179,19.32,0,cpu,15,117,148.89,0.0,0.0
1654,greedy,1,3.2192,18.94,0,cpu,15,116,147.0,0.0,0.0
1655,greedy,1,3.2209,19.0,0,cpu,20,152,200.59,0.0,0.0
1656,greedy,1,3.2215,18.68,0,cpu,10,50,93.11,0.0,0.0
1657,greedy,1,3.2229,18.6,0,cpu,15,131,149.15,0.0,0.0
1658,greedy,1,3.2244,18.64,0,cpu,17,145,170.23,0.0,0.0
1659,greedy,1,3.2263,18.54,0,cpu,22,179,223.44,0.0,0.0
1660,greedy,1,3.2274,18.2,0,cpu,11,90,106.62,0.0,0.0
1661,greedy,1,3.2304,18.22,0,cpu,29,265,295.35,0.0,0.0
1662,greedy,1,3.2325,18.16,0,cpu,19,195,194.15,0.0,0.0
1663,greedy,1,3.2338,17.96,0,cpu,16,118,157.49,0.0,0.0
1664,greedy,1,3.2367,17.96,0,cpu,25,258,253.48,0.0,0.0
1665,greedy,1,3.2386,18.3,0,cpu,23,156,229.88,0.0,0.0
1666,greedy,1,3.24,18.18,0,cpu,16,127,157.9,0.0,0.0
1667,greedy,1,3.2411,18.04,0,cpu,13,93,125.51,0.0,0.0
1668,greedy,1,3.243,18.08,0,cpu,21,175,210.17,0.0,0.0
1669,greedy,1,3.2451,18.18,0,cpu,23,179,232.55,0.0,0.0
1670,greedy,1,3.2462,18.2,0,cpu,16,96,157.11,0.0,0.0
1671,greedy,1,3.2475,18.32,0,cpu,15,128,148.48,0.0,0.0
1672,greedy,1,3.2493,18.4,0,cpu,20,166,201.45,0.0,0.0
1673,greedy,1,3.2518,18.58,0,cpu,27,209,272.69,0.0,0.0
1674,greedy,1,3.2535,18.64,0,cpu,18,159,181.6,0.0,0.0
1675,greedy,1,3.2554,18.78,0,cpu,21,162,208.2,0.0,0.0
1676,greedy,1,3.2576,18.86,0,cpu,16,226,156.81,0.0,0.0
1677,greedy,1,3.2583,18.76,0,cpu,10,68,94.73,0.0,0.0
1678,greedy,1,3.2606,18.7,0,cpu,22,199,222.04,0.0,0.0
1679,greedy,1,3.2622,18.54,0,cpu,20,140,199.51,0.0,0.0
1680,greedy,1,3.2647,18.76,0,cpu,26,221,262.66,0.0,0.0
1681,greedy,1,3.2666,18.78,0,cpu,18,178,182.51,0.0,0.0
1682,greedy,1,3.2683,18.76,0,cpu,17,141,166.47,0.0,0.0
1683,greedy,1,3.2695,18.76,0,cpu,14,110,137.95,0.0,0.0
1684,greedy,1,3.2717,18.94,0,cpu,25,189,252.87,0.0,0.0
1685,greedy,1,3.2728,19.0,0,cpu,13,105,127.39,0.0,0.0
1686,greedy,1,3.2743,18.96,0,cpu,16,141,160.16,0.0,0.0
1687,greedy,1,3.276,18.94,0,cpu,20,149,200.12,0.0,0.0
1688,greedy,1,3.2778,18.74,0,cpu,16,160,156.87,0.0,0.0
1689,greedy,1,3.2791,18.6,0,cpu,17,119,167.89,0.0,0.0
1690,greedy,1,3.2812,18.54,0,cpu,23,183,231.71,0.0,0.0
1691,greedy,1,3.2826,18.78,0,cpu,20,125,198.76,0.0,0.0
1692,greedy,1,3.286,18.74,0,cpu,27,297,271.21,0.0,0.0
1693,greedy,1,3.289,19.16,0,cpu,27,269,279.09,0.0,0.0
1694,greedy,1,3.2917,19.42,0,cpu,31,228,312.24,0.0,0.0
1695,greedy,1,3.2926,19.1,0,cpu,13,91,126.73,0.0,0.0
1696,greedy,1,3.2939,19.3,0,cpu,17,108,166.1,0.0,0.0
1697,greedy,1,3.2947,19.12,0,cpu,10,80,95.41,0.0,0.0
1698,greedy,1,3.2963,19.24,0,cpu,19,142,189.98,0.0,0.0
1699,greedy,1,3.2978,18.9,0,cpu,18,141,180.18,0.0,0.0
1700,greedy,1,3.3,19.14,0,cpu,25,189,253.27,0.0,0.0
1701,greedy,1,3.3028,19.34,0,cpu,27,237,275.01,0.0,0.0
1702,greedy,1,3.3051,19.2,0,cpu,26,201,262.26,0.0,0.0
1703,greedy,1,3.308,19.48,0,cpu,29,256,295.74,0.0,0.0
1704,greedy,1,3.3089,19.38,0,cpu,10,84,94.57,0.0,0.0
1705,greedy,1,3.3104,19.32,0,cpu,17,136,169.22,0.0,0.0
1706,greedy,1,3.3115,19.4,0,cpu,14,111,137.84,0.0,0.0
1707,greedy,1,3.315,19.78,0,cpu,34,295,347.4,0.0,0.0
1708,greedy,1,3.3171,19.94,0,cpu,25,189,251.07,0.0,0.0
1709,greedy,1,3.3206,20.16,0,cpu,33,288,336.86,0.0,0.0
1710,greedy,1,3.3222,20.26,0,cpu,16,152,159.35,0.0,0.0
1711,greedy,1,3.3233,19.94,0,cpu,13,98,124.76,0.0,0.0
1712,greedy,1,3.3267,20.24,0,cpu,34,301,349.74,0.0,0.0
1713,greedy,1,3.3282,20.24,0,cpu,16,135,159.22,0.0,0.0
1714,greedy,1,3.3295,20.06,0,cpu,16,127,158.5,0.0,0.0
1715,greedy,1,3.33,19.74,0,cpu,7,48,62.6,0.0,0.0
1716,greedy,1,3.332,19.8,0,cpu,19,193,191.97,0.0,0.0
1717,greedy,1,3.3326,19.74,0,cpu,10,59,92.92,0.0,0.0
1718,greedy,1,3.3337,19.6,0,cpu,14,105,137.9,0.0,0.0
1719,greedy,1,3.3377,19.82,0,cpu,34,339,351.56,0.0,0.0
1720,greedy,1,3.3399,19.98,0,cpu,24,205,240.6,0.0,0.0
1721,greedy,1,3.3412,20.0,0,cpu,16,116,157.91,0.0,0.0
1722,greedy,1,3.3425,19.94,0,cpu,17,119,168.49,0.0,0.0
1723,greedy,1,3.3437,19.7,0,cpu,15,113,147.13,0.0,0.0
1724,greedy,1,3.3467,19.92,0,cpu,29,268,296.42,0.0,0.0
1725,greedy,1,3.3482,19.84,0,cpu,17,133,165.95,0.0,0.0
1726,greedy,1,3.3488,19.68,0,cpu,8,69,74.0,0.0,0.0
1727,greedy,1,3.3513,19.98,0,cpu,25,225,251.71,0.0,0.0
1728,greedy,1,3.3549,20.26,0,cpu,36,286,369.61,0.0,0.0
1729,greedy,1,3.3559,20.12,0,cpu,13,86,125.88,0.0,0.0
1730,greedy,1,3.3572,19.92,0,cpu,16,124,157.83,0.0,0.0
1731,greedy,1,3.3589,19.96,0,cpu,20,155,200.46,0.0,0.0
1732,greedy,1,3.3605,19.98,0,cpu,18,139,177.6,0.0,0.0
1733,greedy,1,3.3616,19.96,0,cpu,13,92,126.42,0.0,0.0
1734,greedy,1,3.3636,19.86,0,cpu,20,184,202.87,0.0,0.0
1735,greedy,1,3.3652,19.98,0,cpu,19,162,191.18,0.0,0.0
1736,greedy,1,3.3682,20.22,0,cpu,28,260,283.19,0.0,0.0
1737,greedy,1,3.3697,20.16,0,cpu,17,121,168.27,0.0,0.0
1738,greedy,1,3.3721,20.32,0,cpu,24,225,244.8,0.0,0.0
1739,greedy,1,3.3742,20.4,0,cpu,21,183,213.09,0.0,0.0
1740,greedy,1,3.3763,20.34,0,cpu,20,197,202.24,0.0,0.0
1741,greedy,1,3.3794,20.62,0,cpu,34,266,344.19,0.0,0.0
1742,greedy,1,3.3814,20.6,0,cpu,26,173,259.74,0.0,0.0
1743,greedy,1,3.3839,20.56,0,cpu,25,229,253.87,0.0,0.0
1744,greedy,1,3.3863,20.44,0,cpu,25,197,251.79,0.0,0.0
1745,greedy,1,3.3879,20.54,0,cpu,18,153,181.06,0.0,0.0
1746,greedy,1,3.3896,20.58,0,cpu,19,155,190.15,0.0,0.0
1747,greedy,1,3.3918,20.84,0,cpu,23,185,231.69,0.0,0.0
1748,greedy,1,3.3954,21.0,0,cpu,27,313,273.85,0.0,0.0
1749,greedy,1,3.3968,20.98,0,cpu,17,126,166.52,0.0,0.0
1750,greedy,1,3.3974,20.64,0,cpu,8,56,74.03,0.0,0.0
1751,greedy,1,3.401,20.74,0,cpu,32,310,327.73,0.0,0.0
1752,greedy,1,3.4039,20.76,0,cpu,27,259,275.19,0.0,0.0
1753,greedy,1,3.4063,20.66,0,cpu,24,206,243.09,0.0,0.0
1754,greedy,1,3.4081,20.82,0,cpu,18,161,178.98,0.0,0.0
1755,greedy,1,3.4097,20.86,0,cpu,19,150,190.1,0.0,0.0
1756,greedy,1,3.4113,20.92,0,cpu,17,137,166.91,0.0,0.0
1757,greedy,1,3.4123,20.5,0,cpu,13,97,127.07,0.0,0.0
1758,greedy,1,3.4157,20.64,0,cpu,32,294,325.29,0.0,0.0
1759,greedy,1,3.4185,20.62,0,cpu,32,226,325.77,0.0,0.0
1760,greedy,1,3.4207,20.76,0,cpu,23,191,231.43,0.0,0.0
1761,greedy,1,3.4215,20.74,0,cpu,12,71,115.02,0.0,0.0
1762,greedy,1,3.4229,20.4,0,cpu,17,127,167.21,0.0,0.0
1763,greedy,1,3.425,20.58,0,cpu,25,179,252.17,0.0,0.0
1764,greedy,1,3.4262,20.56,0,cpu,15,113,148.13,0.0,0.0
1765,greedy,1,3.4267,20.56,0,cpu,7,41,62.97,0.0,0.0
1766,greedy,1,3.4277,20.44,0,cpu,13,86,126.28,0.0,0.0
1767,greedy,1,3.4289,20.5,0,cpu,13,113,127.31,0.0,0.0
1768,greedy,1,3.4316,20.76,0,cpu,27,233,273.05,0.0,0.0
1769,greedy,1,3.4331,20.46,0,cpu,19,141,189.09,0.0,0.0
1770,greedy,1,3.434,20.26,0,cpu,14,86,135.39,0.0,0.0
1771,greedy,1,3.437,20.52,0,cpu,29,252,297.78,0.0,0.0
1772,greedy,1,3.4389,20.58,0,cpu,20,164,200.87,0.0,0.0
1773,greedy,1,3.4399,20.52,0,cpu,12,91,116.82,0.0,0.0
1774,greedy,1,3.4429,20.48,0,cpu,27,276,274.32,0.0,0.0
1775,greedy,1,3.4442,20.48,0,cpu,17,118,167.8,0.0,0.0
1776,greedy,1,3.4457,20.66,0,cpu,17,141,170.47,0.0,0.0
1777,greedy,1,3.4465,20.38,0,cpu,11,72,105.2,0.0,0.0
1778,greedy,1,3.4481,19.98,0,cpu,16,155,157.62,0.0,0.0
1779,greedy,1,3.4499,20.16,0,cpu,22,152,220.01,0.0,0.0
1780,greedy,1,3.4509,20.1,0,cpu,13,89,126.75,0.0,0.0
1781,greedy,1,3.4526,20.04,0,cpu,17,156,166.62,0.0,0.0
1782,greedy,1,3.455,20.14,0,cpu,23,215,230.79,0.0,0.0
1783,greedy,1,3.4565,20.24,0,cpu,18,136,178.13,0.0,0.0
1784,greedy,1,3.458,20.18,0,cpu,17,135,169.53,0.0,0.0
1785,greedy,1,3.4594,20.12,0,cpu,16,131,158.86,0.0,0.0
1786,greedy,1,3.4609,19.98,0,cpu,21,130,208.92,0.0,0.0
1787,greedy,1,3.462,19.88,0,cpu,12,116,115.47,0.0,0.0
1788,greedy,1,3.4644,19.92,0,cpu,26,207,261.6,0.0,0.0
1789,greedy,1,3.466,19.92,0,cpu,21,155,209.57,0.0,0.0
1790,greedy,1,3.4666,19.68,0,cpu,8,60,73.79,0.0,0.0
1791,greedy,1,3.4681,19.3,0,cpu,15,130,148.66,0.0,0.0
1792,greedy,1,3.4699,19.26,0,cpu,24,147,240.58,0.0,0.0
1793,greedy,1,3.4728,19.38,0,cpu,31,249,314.93,0.0,0.0
1794,greedy,1,3.4742,19.22,0,cpu,17,144,170.54,0.0,0.0
1795,greedy,1,3.4759,19.24,0,cpu,19,149,189.01,0.0,0.0
1796,greedy,1,3.4773,19.22,0,cpu,18,122,178.07,0.0,0.0
1797,greedy,1,3.4786,19.08,0,cpu,16,113,156.64,0.0,0.0
1798,greedy,1,3.4814,19.06,0,cpu,26,254,263.23,0.0,0.0
1799,greedy,1,3.4834,19.2,0,cpu,24,178,240.37,0.0,0.0
1800,greedy,1,3.4855,19.58,0,cpu,27,172,271.96,0.0,0.0
1801,greedy,1,3.4872,19.34,0,cpu,20,150,201.01,0.0,0.0
1802,greedy,1,3.491,19.48,0,cpu,34,333,348.82,0.0,0.0
1803,greedy,1,3.4926,19.32,0,cpu,16,155,161.02,0.0,0.0
1804,greedy,1,3.4937,19.26,0,cpu,15,96,145.8,0.0,0.0
1805,greedy,1,3.4963,19.48,0,cpu,30,217,304.14,0.0,0.0
1806,greedy,1,3.4975,19.46,0,cpu,16,111,157.86,0.0,0.0
1807,greedy,1,3.5004,19.84,0,cpu,32,249,327.24,0.0,0.0
1808,greedy,1,3.5012,19.42,0,cpu,11,75,104.87,0.0,0.0
1809,greedy,1,3.5025,19.08,0,cpu,15,115,147.51,0.0,0.0
1810,greedy,1,3.504,19.0,0,cpu,19,139,189.11,0.0,0.0
1811,greedy,1,3.5066,19.34,0,cpu,29,229,294.71,0.0,0.0
1812,greedy,1,3.5097,19.64,0,cpu,32,272,324.11,0.0,0.0
1813,greedy,1,3.5111,19.5,0,cpu,18,120,178.69,0.0,0.0
1814,greedy,1,3.513,19.64,0,cpu,22,166,220.27,0.0,0.0
1815,greedy,1,3.515,19.94,0,cpu,22,185,222.38,0.0,0.0
1816,greedy,1,3.516,19.96,0,cpu,14,88,135.57,0.0,0.0
1817,greedy,1,3.5206,20.52,0,cpu,41,378,421.44,0.0,0.0
1818,greedy,1,3.524,20.58,0,cpu,30,295,305.96,0.0,0.0
1819,greedy,1,3.5251,20.42,0,cpu,11,92,105.4,0.0,0.0
1820,greedy,1,3.5277,20.66,0,cpu,26,219,264.28,0.0,0.0
1821,greedy,1,3.5284,20.26,0,cpu,9,64,83.86,0.0,0.0
1822,greedy,1,3.5296,20.14,0,cpu,14,111,137.84,0.0,0.0
1823,greedy,1,3.5307,20.16,0,cpu,13,92,126.42,0.0,0.0
1824,greedy,1,3.5324,19.96,0,cpu,17,166,170.52,0.0,0.0
1825,greedy,1,3.5346,20.04,0,cpu,21,194,211.68,0.0,0.0
1826,greedy,1,3.5356,19.96,0,cpu,13,80,124.94,0.0,0.0
1827,greedy,1,3.5383,20.28,0,cpu,27,242,271.46,0.0,0.0
1828,greedy,1,3.541,20.5,0,cpu,27,230,275.58,0.0,0.0
1829,greedy,1,3.5422,20.4,0,cpu,17,108,167.7,0.0,0.0
1830,greedy,1,3.5447,20.64,0,cpu,25,228,255.98,0.0,0.0
1831,greedy,1,3.5455,20.52,0,cpu,11,74,105.38,0.0,0.0
1832,greedy,1,3.5471,20.46,0,cpu,20,148,198.63,0.0,0.0
1833,greedy,1,3.5499,20.62,0,cpu,26,255,264.72,0.0,0.0
1834,greedy,1,3.5524,20.78,0,cpu,25,215,253.21,0.0,0.0
1835,greedy,1,3.553,20.6,0,cpu,7,62,63.46,0.0,0.0
1836,greedy,1,3.5536,20.32,0,cpu,7,63,64.15,0.0,0.0
1837,greedy,1,3.5564,20.52,0,cpu,22,269,220.74,0.0,0.0
1838,greedy,1,3.5594,20.66,0,cpu,33,242,335.32,0.0,0.0
1839,greedy,1,3.5629,20.92,0,cpu,34,300,348.05,0.0,0.0
1840,greedy,1,3.5652,21.28,0,cpu,26,194,261.83,0.0,0.0
1841,greedy,1,3.5674,21.48,0,cpu,25,176,250.5,0.0,0.0
1842,greedy,1,3.5694,21.46,0,cpu,23,175,232.19,0.0,0.0
1843,greedy,1,3.5708,21.16,0,cpu,16,134,157.93,0.0,0.0
1844,greedy,1,3.5727,21.24,0,cpu,21,179,210.13,0.0,0.0
1845,greedy,1,3.5735,21.1,0,cpu,12,85,114.88,0.0,0.0
1846,greedy,1,3.5742,20.92,0,cpu,9,62,84.48,0.0,0.0
1847,greedy,1,3.5752,20.88,0,cpu,14,106,137.59,0.0,0.0
1848,greedy,1,3.5781,21.02,0,cpu,33,238,335.96,0.0,0.0
1849,greedy,1,3.5795,20.96,0,cpu,21,121,207.51,0.0,0.0
1850,greedy,1,3.5818,20.8,0,cpu,19,214,188.26,0.0,0.0
1851,greedy,1,3.583,20.68,0,cpu,14,104,137.01,0.0,0.0
1852,greedy,1,3.5851,20.44,0,cpu,22,188,219.25,0.0,0.0
1853,greedy,1,3.5868,20.54,0,cpu,21,152,209.3,0.0,0.0
1854,greedy,1,3.5885,20.66,0,cpu,21,157,211.95,0.0,0.0
1855,greedy,1,3.5898,20.42,0,cpu,18,120,179.09,0.0,0.0
1856,greedy,1,3.5905,20.3,0,cpu,10,77,94.74,0.0,0.0
1857,greedy,1,3.5941,20.3,0,cpu,32,307,328.26,0.0,0.0
1858,greedy,1,3.5963,20.46,0,cpu,19,193,189.97,0.0,0.0
1859,greedy,1,3.5976,20.48,0,cpu,16,121,158.96,0.0,0.0
1860,greedy,1,3.5987,20.4,0,cpu,15,103,146.63,0.0,0.0
1861,greedy,1,3.6002,20.2,0,cpu,19,142,187.18,0.0,0.0
1862,greedy,1,3.601,19.78,0,cpu,11,73,104.09,0.0,0.0
1863,greedy,1,3.6024,19.74,0,cpu,16,114,155.73,0.0,0.0
1864,greedy,1,3.6044,19.76,0,cpu,23,182,230.82,0.0,0.0
1865,greedy,1,3.6056,19.6,0,cpu,14,113,136.82,0.0,0.0
1866,greedy,1,3.6065,19.54,0,cpu,11,85,106.57,0.0,0.0
1867,greedy,1,3.6077,18.98,0,cpu,13,110,128.24,0.0,0.0
1868,greedy,1,3.6091,18.64,0,cpu,13,136,126.78,0.0,0.0
1869,greedy,1,3.6105,18.74,0,cpu,16,134,159.33,0.0,0.0
1870,greedy,1,3.6119,18.5,0,cpu,14,118,138.07,0.0,0.0
1871,greedy,1,3.6129,18.62,0,cpu,15,95,147.11,0.0,0.0
1872,greedy,1,3.6147,18.72,0,cpu,19,165,191.05,0.0,0.0
1873,greedy,1,3.6158,18.68,0,cpu,11,109,105.33,0.0,0.0
1874,greedy,1,3.6174,18.68,0,cpu,17,141,168.27,0.0,0.0
1875,greedy,1,3.6191,18.62,0,cpu,18,157,179.42,0.0,0.0
1876,greedy,1,3.6214,18.84,0,cpu,24,212,242.43,0.0,0.0
1877,greedy,1,3.6227,18.66,0,cpu,18,117,178.82,0.0,0.0
1878,greedy,1,3.6238,18.36,0,cpu,12,109,116.44,0.0,0.0
1879,greedy,1,3.6249,18.3,0,cpu,14,113,137.82,0.0,0.0
1880,greedy,1,3.6259,18.04,0,cpu,12,88,116.15,0.0,0.0
1881,greedy,1,3.6273,18.2,0,cpu,19,121,188.29,0.0,0.0
1882,greedy,1,3.631,18.42,0,cpu,31,298,315.54,0.0,0.0
1883,greedy,1,3.633,18.34,0,cpu,22,186,221.67,0.0,0.0
1884,greedy,1,3.6341,18.06,0,cpu,11,99,106.63,0.0,0.0
1885,greedy,1,3.6353,18.22,0,cpu,15,110,147.46,0.0,0.0
1886,greedy,1,3.6362,18.3,0,cpu,11,80,104.12,0.0,0.0
1887,greedy,1,3.6375,18.2,0,cpu,17,118,168.4,0.0,0.0
1888,greedy,1,3.6398,18.04,0,cpu,25,205,252.11,0.0,0.0
1889,greedy,1,3.6417,17.72,0,cpu,18,189,180.7,0.0,0.0
1890,greedy,1,3.6431,17.54,0,cpu,17,125,168.23,0.0,0.0
1891,greedy,1,3.6461,17.58,0,cpu,27,263,271.55,0.0,0.0
1892,greedy,1,3.6491,17.72,0,cpu,30,261,307.7,0.0,0.0
1893,greedy,1,3.6526,18.0,0,cpu,30,310,305.51,0.0,0.0
1894,greedy,1,3.6539,17.94,0,cpu,18,123,178.96,0.0,0.0
1895,greedy,1,3.6555,18.1,0,cpu,20,148,198.03,0.0,0.0
1896,greedy,1,3.6567,18.24,0,cpu,16,117,158.6,0.0,0.0
1897,greedy,1,3.6606,18.66,0,cpu,35,331,355.95,0.0,0.0
1898,greedy,1,3.6622,18.3,0,cpu,15,155,150.31,0.0,0.0
1899,greedy,1,3.6646,18.4,0,cpu,26,221,263.06,0.0,0.0
1900,greedy,1,3.6655,18.26,0,cpu,12,86,115.97,0.0,0.0
1901,greedy,1,3.6669,18.3,0,cpu,16,140,159.47,0.0,0.0
1902,greedy,1,3.6698,18.42,0,cpu,28,234,283.85,0.0,0.0
1903,greedy,1,3.6716,18.28,0,cpu,14,172,139.13,0.0,0.0
1904,greedy,1,3.6741,18.46,0,cpu,30,216,304.25,0.0,0.0
1905,greedy,1,3.6766,18.72,0,cpu,31,202,314.1,0.0,0.0
1906,greedy,1,3.6792,19.02,0,cpu,25,215,252.61,0.0,0.0
1907,greedy,1,3.6805,18.76,0,cpu,19,119,186.71,0.0,0.0
1908,greedy,1,3.6836,18.98,0,cpu,30,269,305.42,0.0,0.0
1909,greedy,1,3.6865,19.26,0,cpu,30,235,304.16,0.0,0.0
1910,greedy,1,3.6876,19.26,0,cpu,15,96,146.6,0.0,0.0
1911,greedy,1,3.6905,19.52,0,cpu,32,251,328.42,0.0,0.0
1912,greedy,1,3.6932,19.84,0,cpu,27,237,275.81,0.0,0.0
1913,greedy,1,3.6964,20.2,0,cpu,34,263,345.92,0.0,0.0
1914,greedy,1,3.6994,20.28,0,cpu,27,274,272.74,0.0,0.0
1915,greedy,1,3.7011,20.4,0,cpu,20,156,199.55,0.0,0.0
1916,greedy,1,3.703,20.58,0,cpu,20,156,198.75,0.0,0.0
1917,greedy,1,3.7039,20.56,0,cpu,12,89,115.44,0.0,0.0
1918,greedy,1,3.7064,20.84,0,cpu,27,228,275.0,0.0,0.0
1919,greedy,1,3.7073,20.76,0,cpu,12,94,116.89,0.0,0.0
1920,greedy,1,3.7082,20.68,0,cpu,10,84,96.17,0.0,0.0
1921,greedy,1,3.7093,20.62,0,cpu,12,106,117.97,0.0,0.0
1922,greedy,1,3.7116,20.76,0,cpu,26,201,264.86,0.0,0.0
1923,greedy,1,3.7122,20.74,0,cpu,10,65,94.26,0.0,0.0
1924,greedy,1,3.7136,20.76,0,cpu,18,123,177.56,0.0,0.0
1925,greedy,1,3.7142,20.56,0,cpu,8,61,74.68,0.0,0.0
1926,greedy,1,3.718,20.76,0,cpu,34,322,346.43,0.0,0.0
1927,greedy,1,3.7213,21.04,0,cpu,32,274,323.69,0.0,0.0
1928,greedy,1,3.7226,21.08,0,cpu,14,117,135.38,0.0,0.0
1929,greedy,1,3.7235,21.1,0,cpu,15,89,145.77,0.0,0.0
1930,greedy,1,3.7264,21.4,0,cpu,27,261,274.17,0.0,0.0
1931,greedy,1,3.729,21.56,0,cpu,27,209,274.09,0.0,0.0
1932,greedy,1,3.7299,21.16,0,cpu,11,89,106.53,0.0,0.0
1933,greedy,1,3.7307,20.94,0,cpu,11,74,104.18,0.0,0.0
1934,greedy,1,3.7324,21.14,0,cpu,21,149,209.43,0.0,0.0
1935,greedy,1,3.7335,21.12,0,cpu,14,109,138.46,0.0,0.0
1936,greedy,1,3.7346,21.16,0,cpu,13,102,127.92,0.0,0.0
1937,greedy,1,3.7376,21.42,0,cpu,30,250,304.31,0.0,0.0
1938,greedy,1,3.7405,21.46,0,cpu,27,265,273.33,0.0,0.0
1939,greedy,1,3.7413,21.34,0,cpu,12,79,114.94,0.0,0.0
1940,greedy,1,3.7428,21.36,0,cpu,18,113,178.26,0.0,0.0
1941,greedy,1,3.7444,21.2,0,cpu,19,150,188.7,0.0,0.0
1942,greedy,1,3.7461,21.02,0,cpu,21,159,211.53,0.0,0.0
1943,greedy,1,3.7466,20.56,0,cpu,7,42,62.86,0.0,0.0
1944,greedy,1,3.7479,20.52,0,cpu,16,124,157.83,0.0,0.0
1945,greedy,1,3.7491,20.44,0,cpu,16,116,157.31,0.0,0.0
1946,greedy,1,3.7501,20.38,0,cpu,13,97,126.47,0.0,0.0
1947,greedy,1,3.7518,20.06,0,cpu,19,150,189.7,0.0,0.0
1948,greedy,1,3.7545,20.26,0,cpu,25,232,252.34,0.0,0.0
1949,greedy,1,3.756,20.1,0,cpu,18,133,179.86,0.0,0.0
1950,greedy,1,3.7592,20.46,0,cpu,30,292,305.09,0.0,0.0
1951,greedy,1,3.7621,20.74,0,cpu,30,244,304.37,0.0,0.0
1952,greedy,1,3.7642,20.68,0,cpu,25,183,252.73,0.0,0.0
1953,greedy,1,3.7671,21.04,0,cpu,32,253,322.8,0.0,0.0
1954,greedy,1,3.7681,20.68,0,cpu,12,93,116.2,0.0,0.0
1955,greedy,1,3.7711,20.52,0,cpu,23,277,235.57,0.0,0.0
1956,greedy,1,3.7728,20.4,0,cpu,19,153,188.57,0.0,0.0
1957,greedy,1,3.7747,20.44,0,cpu,21,179,211.73,0.0,0.0
1958,greedy,1,3.7767,20.22,0,cpu,19,181,190.29,0.0,0.0
1959,greedy,1,3.7773,19.76,0,cpu,7,53,62.65,0.0,0.0
1960,greedy,1,3.7798,20.0,0,cpu,27,217,273.81,0.0,0.0
1961,greedy,1,3.781,19.66,0,cpu,15,116,149.0,0.0,0.0
1962,greedy,1,3.7832,19.56,0,cpu,22,194,220.99,0.0,0.0
1963,greedy,1,3.7847,19.2,0,cpu,16,150,159.37,0.0,0.0
1964,greedy,1,3.7871,19.14,0,cpu,24,210,245.25,0.0,0.0
1965,greedy,1,3.79,19.32,0,cpu,29,261,295.19,0.0,0.0
1966,greedy,1,3.7918,19.36,0,cpu,22,168,220.45,0.0,0.0
1967,greedy,1,3.7931,19.44,0,cpu,16,109,156.68,0.0,0.0
1968,greedy,1,3.7951,19.28,0,cpu,19,184,191.16,0.0,0.0
1969,greedy,1,3.7958,19.26,0,cpu,11,67,104.55,0.0,0.0
1970,greedy,1,3.7983,19.58,0,cpu,26,218,262.79,0.0,0.0
1971,greedy,1,3.8,19.78,0,cpu,22,157,221.06,0.0,0.0
1972,greedy,1,3.8016,19.64,0,cpu,19,141,190.09,0.0,0.0
1973,greedy,1,3.8035,19.9,0,cpu,23,166,231.38,0.0,0.0
1974,greedy,1,3.8065,20.16,0,cpu,31,254,314.98,0.0,0.0
1975,greedy,1,3.8069,20.14,0,cpu,7,43,62.75,0.0,0.0
1976,greedy,1,3.8075,19.58,0,cpu,6,56,54.41,0.0,0.0
1977,greedy,1,3.8116,19.72,0,cpu,39,338,396.82,0.0,0.0
1978,greedy,1,3.8131,19.86,0,cpu,21,137,209.15,0.0,0.0
1979,greedy,1,3.815,20.02,0,cpu,23,170,228.54,0.0,0.0
1980,greedy,1,3.8172,19.94,0,cpu,23,205,232.09,0.0,0.0
1981,greedy,1,3.8191,19.8,0,cpu,20,169,200.32,0.0,0.0
1982,greedy,1,3.8196,19.72,0,cpu,7,47,61.91,0.0,0.0
1983,greedy,1,3.8202,19.66,0,cpu,8,61,74.68,0.0,0.0
1984,greedy,1,3.8224,19.72,0,cpu,24,205,241.4,0.0,0.0
1985,greedy,1,3.8242,19.8,0,cpu,18,174,181.55,0.0,0.0
1986,greedy,1,3.8258,19.92,0,cpu,19,124,188.36,0.0,0.0
1987,greedy,1,3.8283,19.88,0,cpu,28,197,282.12,0.0,0.0
1988,greedy,1,3.8304,19.74,0,cpu,20,194,201.37,0.0,0.0
1989,greedy,1,3.8319,19.84,0,cpu,17,143,166.65,0.0,0.0
1990,greedy,1,3.8333,19.8,0,cpu,16,124,157.23,0.0,0.0
1991,greedy,1,3.8344,19.64,0,cpu,11,100,104.52,0.0,0.0
1992,greedy,1,3.8356,19.5,0,cpu,14,114,137.31,0.0,0.0
1993,greedy,1,3.8363,19.56,0,cpu,10,69,95.02,0.0,0.0
1994,greedy,1,3.839,19.72,0,cpu,24,249,243.36,0.0,0.0
1995,greedy,1,3.8405,19.74,0,cpu,17,131,168.37,0.0,0.0
1996,greedy,1,3.8419,19.84,0,cpu,18,129,178.1,0.0,0.0
1997,greedy,1,3.8435,19.84,0,cpu,19,141,190.09,0.0,0.0
1998,greedy,1,3.8453,19.72,0,cpu,19,152,188.08,0.0,0.0
1999,greedy,1,3.8471,19.78,0,cpu,21,164,212.18,0.0,0.0
2000,greedy,1,3.8487,19.62,0,cpu,22,145,218.38,0.0,0.0
