episode,model,seed,elapsed_seconds,moving_avg_score,model_size,device,score,steps,reward,epsilon,loss
1,q_learning,1,0.0005,1.0,48,cpu,1,32,-0.9,0.995,0.0
2,q_learning,1,0.0007,0.5,63,cpu,0,14,-10.43,0.99003,0.0
3,q_learning,1,0.001,0.3333,75,cpu,0,25,-11.04,0.98507,0.0
4,q_learning,1,0.0012,0.25,84,cpu,0,11,-9.7,0.98015,0.0
5,q_learning,1,0.0013,0.2,102,cpu,0,12,-10.41,0.97525,0.0
6,q_learning,1,0.002,0.3333,138,cpu,1,49,-0.57,0.97037,0.0
7,q_learning,1,0.0023,0.2857,150,cpu,0,26,-10.35,0.96552,0.0
8,q_learning,1,0.0026,0.25,153,cpu,0,16,-10.45,0.96069,0.0
9,q_learning,1,0.0027,0.2222,159,cpu,0,8,-10.37,0.95589,0.0
10,q_learning,1,0.0029,0.2,165,cpu,0,13,-10.32,0.95111,0.0
11,q_learning,1,0.003,0.1818,168,cpu,0,14,-10.63,0.94635,0.0
12,q_learning,1,0.0033,0.1667,171,cpu,0,24,-9.93,0.94162,0.0
13,q_learning,1,0.0035,0.1538,177,cpu,0,10,-9.59,0.93691,0.0
14,q_learning,1,0.0037,0.1429,177,cpu,0,13,-9.92,0.93223,0.0
15,q_learning,1,0.0039,0.1333,189,cpu,0,18,-10.47,0.92757,0.0
16,q_learning,1,0.004,0.125,192,cpu,0,6,-9.75,0.92293,0.0
17,q_learning,1,0.0044,0.1176,192,cpu,0,27,-10.86,0.91832,0.0
18,q_learning,1,0.0047,0.1667,198,cpu,1,19,0.13,0.91372,0.0
19,q_learning,1,0.0051,0.1579,207,cpu,0,33,-10.92,0.90916,0.0
20,q_learning,1,0.0053,0.2,210,cpu,1,13,0.39,0.90461,0.0
21,q_learning,1,0.0055,0.1905,210,cpu,0,13,-10.32,0.90009,0.0
22,q_learning,1,0.0058,0.2273,210,cpu,1,22,0.0,0.89559,0.0
23,q_learning,1,0.006,0.2174,210,cpu,0,9,-9.68,0.89111,0.0
24,q_learning,1,0.0061,0.2083,210,cpu,0,10,-9.79,0.88665,0.0
25,q_learning,1,0.0064,0.2,213,cpu,0,20,-10.89,0.88222,0.0
26,q_learning,1,0.0066,0.1923,216,cpu,0,15,-9.94,0.87781,0.0
27,q_learning,1,0.0068,0.1852,219,cpu,0,12,-9.81,0.87342,0.0
28,q_learning,1,0.0069,0.1786,219,cpu,0,6,-10.55,0.86905,0.0
29,q_learning,1,0.0071,0.1724,219,cpu,0,14,-10.63,0.86471,0.0
30,q_learning,1,0.0073,0.1667,219,cpu,0,16,-10.05,0.86038,0.0
31,q_learning,1,0.0076,0.1613,219,cpu,0,19,-10.58,0.85608,0.0
32,q_learning,1,0.0078,0.1875,231,cpu,1,15,0.57,0.8518,0.0
33,q_learning,1,0.0083,0.2121,240,cpu,1,39,-0.07,0.84754,0.0
34,q_learning,1,0.0087,0.2353,261,cpu,1,22,0.8,0.84331,0.0
35,q_learning,1,0.0093,0.2286,264,cpu,0,48,-10.57,0.83909,0.0
36,q_learning,1,0.0096,0.2222,264,cpu,0,17,-10.56,0.83489,0.0
37,q_learning,1,0.0101,0.2432,270,cpu,1,15,-0.63,0.83072,0.0
38,q_learning,1,0.0105,0.2368,273,cpu,0,26,-10.15,0.82657,0.0
39,q_learning,1,0.0114,0.2564,288,cpu,1,69,-1.37,0.82243,0.0
40,q_learning,1,0.0119,0.25,288,cpu,0,36,-10.85,0.81832,0.0
41,q_learning,1,0.0126,0.2439,291,cpu,0,48,-10.57,0.81423,0.0
42,q_learning,1,0.0133,0.2619,318,cpu,1,44,-0.62,0.81016,0.0
43,q_learning,1,0.0137,0.3256,330,cpu,3,23,20.11,0.80611,0.0
44,q_learning,1,0.0141,0.3409,339,cpu,1,31,-0.39,0.80208,0.0
45,q_learning,1,0.0145,0.3333,339,cpu,0,26,-10.55,0.79807,0.0
46,q_learning,1,0.0147,0.3696,348,cpu,2,11,9.92,0.79408,0.0
47,q_learning,1,0.0149,0.383,354,cpu,1,14,0.48,0.7901,0.0
48,q_learning,1,0.0153,0.4375,372,cpu,3,28,20.16,0.78615,0.0
49,q_learning,1,0.0155,0.4286,372,cpu,0,15,-10.54,0.78222,0.0
50,q_learning,1,0.0156,0.42,372,cpu,0,6,-10.55,0.77831,0.0
51,q_learning,1,0.0159,0.4,375,cpu,0,21,-9.8,0.77442,0.0
52,q_learning,1,0.0161,0.4,381,cpu,0,9,-9.28,0.77055,0.0
53,q_learning,1,0.017,0.42,390,cpu,1,69,-0.97,0.7667,0.0
54,q_learning,1,0.0176,0.44,399,cpu,1,40,0.02,0.76286,0.0
55,q_learning,1,0.0178,0.44,399,cpu,0,15,-9.94,0.75905,0.0
56,q_learning,1,0.0182,0.44,402,cpu,1,24,0.38,0.75525,0.0
57,q_learning,1,0.0186,0.48,414,cpu,2,27,9.96,0.75148,0.0
58,q_learning,1,0.0189,0.5,414,cpu,1,17,0.35,0.74772,0.0
59,q_learning,1,0.0191,0.52,417,cpu,1,16,0.46,0.74398,0.0
60,q_learning,1,0.0193,0.52,417,cpu,0,15,-10.74,0.74026,0.0
61,q_learning,1,0.0194,0.52,417,cpu,0,7,-9.46,0.73656,0.0
62,q_learning,1,0.0201,0.54,423,cpu,1,46,0.56,0.73288,0.0
63,q_learning,1,0.0204,0.56,426,cpu,1,21,0.51,0.72921,0.0
64,q_learning,1,0.0206,0.56,426,cpu,0,12,-10.01,0.72557,0.0
65,q_learning,1,0.0209,0.56,432,cpu,0,15,-9.74,0.72194,0.0
66,q_learning,1,0.0213,0.56,432,cpu,0,28,-10.77,0.71833,0.0
67,q_learning,1,0.0214,0.56,432,cpu,0,11,-10.5,0.71474,0.0
68,q_learning,1,0.0219,0.54,432,cpu,0,32,-10.81,0.71116,0.0
69,q_learning,1,0.0223,0.56,438,cpu,1,28,-0.06,0.70761,0.0
70,q_learning,1,0.0225,0.54,444,cpu,0,13,-9.92,0.70407,0.0
71,q_learning,1,0.0229,0.56,450,cpu,1,21,0.11,0.70055,0.0
72,q_learning,1,0.0232,0.54,450,cpu,0,21,-9.8,0.69705,0.0
73,q_learning,1,0.0235,0.54,450,cpu,0,21,-9.6,0.69356,0.0
74,q_learning,1,0.0236,0.54,453,cpu,0,11,-10.3,0.69009,0.0
75,q_learning,1,0.0241,0.54,453,cpu,0,29,-9.68,0.68664,0.0
76,q_learning,1,0.0242,0.54,453,cpu,0,8,-9.97,0.68321,0.0
77,q_learning,1,0.0249,0.54,456,cpu,0,55,-10.34,0.67979,0.0
78,q_learning,1,0.0252,0.54,459,cpu,0,13,-9.72,0.67639,0.0
79,q_learning,1,0.0255,0.56,462,cpu,1,26,-0.64,0.67301,0.0
80,q_learning,1,0.0257,0.56,465,cpu,0,8,-9.77,0.66965,0.0
81,q_learning,1,0.026,0.58,471,cpu,1,20,0.02,0.6663,0.0
82,q_learning,1,0.0262,0.56,471,cpu,0,13,-9.92,0.66297,0.0
83,q_learning,1,0.0264,0.54,471,cpu,0,17,-9.96,0.65965,0.0
84,q_learning,1,0.0269,0.54,474,cpu,1,32,0.5,0.65635,0.0
85,q_learning,1,0.0276,0.58,480,cpu,2,45,10.38,0.65307,0.0
86,q_learning,1,0.028,0.62,483,cpu,2,25,10.38,0.64981,0.0
87,q_learning,1,0.0281,0.62,483,cpu,1,6,0.36,0.64656,0.0
88,q_learning,1,0.0283,0.62,486,cpu,0,12,-10.01,0.64333,0.0
89,q_learning,1,0.0289,0.64,489,cpu,2,36,11.37,0.64011,0.0
90,q_learning,1,0.0296,0.68,495,cpu,2,43,11.0,0.63691,0.0
91,q_learning,1,0.03,0.7,498,cpu,1,33,0.39,0.63372,0.0
92,q_learning,1,0.0304,0.7,504,cpu,1,25,0.27,0.63056,0.0
93,q_learning,1,0.0306,0.64,507,cpu,0,14,-9.63,0.6274,0.0
94,q_learning,1,0.0316,0.66,513,cpu,2,70,10.63,0.62427,0.0
95,q_learning,1,0.032,0.68,516,cpu,1,24,0.18,0.62114,0.0
96,q_learning,1,0.0327,0.66,522,cpu,1,47,0.85,0.61804,0.0
97,q_learning,1,0.033,0.66,525,cpu,1,20,-0.38,0.61495,0.0
98,q_learning,1,0.0332,0.62,525,cpu,1,13,0.59,0.61187,0.0
99,q_learning,1,0.0335,0.62,525,cpu,0,18,-9.87,0.60881,0.0
100,q_learning,1,0.0338,0.64,525,cpu,1,19,0.33,0.60577,0.0
101,q_learning,1,0.0339,0.64,525,cpu,0,8,-9.57,0.60274,0.0
102,q_learning,1,0.034,0.64,525,cpu,0,10,-9.79,0.59973,0.0
103,q_learning,1,0.0342,0.62,525,cpu,0,11,-9.7,0.59673,0.0
104,q_learning,1,0.0346,0.64,525,cpu,2,28,10.45,0.59375,0.0
105,q_learning,1,0.035,0.68,525,cpu,2,26,10.47,0.59078,0.0
106,q_learning,1,0.0352,0.66,525,cpu,0,7,-9.66,0.58782,0.0
107,q_learning,1,0.0356,0.66,525,cpu,2,29,11.34,0.58488,0.0
108,q_learning,1,0.0366,0.68,531,cpu,2,60,9.53,0.58196,0.0
109,q_learning,1,0.0371,0.7,534,cpu,2,35,11.08,0.57905,0.0
110,q_learning,1,0.0377,0.74,537,cpu,2,37,10.26,0.57615,0.0
111,q_learning,1,0.0379,0.76,537,cpu,1,15,0.37,0.57327,0.0
112,q_learning,1,0.039,0.78,546,cpu,2,68,10.65,0.57041,0.0
113,q_learning,1,0.0391,0.8,549,cpu,2,9,10.34,0.56756,0.0
114,q_learning,1,0.0406,0.86,558,cpu,3,97,20.57,0.56472,0.0
115,q_learning,1,0.0409,0.88,558,cpu,1,19,0.53,0.56189,0.0
116,q_learning,1,0.0411,0.9,558,cpu,1,12,-0.1,0.55908,0.0
117,q_learning,1,0.0413,0.9,561,cpu,0,14,-9.43,0.55629,0.0
118,q_learning,1,0.0417,0.94,567,cpu,2,23,10.8,0.55351,0.0
119,q_learning,1,0.0424,0.96,570,cpu,2,48,10.45,0.55074,0.0
120,q_learning,1,0.0429,1.0,570,cpu,2,33,10.3,0.54799,0.0
121,q_learning,1,0.0433,0.98,570,cpu,0,24,-9.53,0.54525,0.0
122,q_learning,1,0.0434,0.98,570,cpu,0,6,-9.55,0.54252,0.0
123,q_learning,1,0.0443,1.02,576,cpu,2,58,11.55,0.53981,0.0
124,q_learning,1,0.0445,1.02,579,cpu,0,16,-9.65,0.53711,0.0
125,q_learning,1,0.0448,1.04,582,cpu,1,15,0.37,0.53442,0.0
126,q_learning,1,0.0452,1.08,585,cpu,2,24,10.69,0.53175,0.0
127,q_learning,1,0.0453,1.1,585,cpu,1,7,0.45,0.52909,0.0
128,q_learning,1,0.0464,1.2,606,cpu,5,66,41.0,0.52645,0.0
129,q_learning,1,0.0465,1.18,606,cpu,0,6,-9.75,0.52381,0.0
130,q_learning,1,0.0467,1.22,615,cpu,2,12,10.41,0.5212,0.0
131,q_learning,1,0.047,1.24,615,cpu,2,14,10.39,0.51859,0.0
132,q_learning,1,0.0476,1.28,615,cpu,2,44,10.89,0.516,0.0
133,q_learning,1,0.0483,1.32,615,cpu,2,41,11.02,0.51342,0.0
134,q_learning,1,0.0485,1.3,615,cpu,0,11,-9.7,0.51085,0.0
135,q_learning,1,0.0486,1.28,615,cpu,1,12,0.3,0.5083,0.0
136,q_learning,1,0.0488,1.26,615,cpu,1,12,0.7,0.50575,0.0
137,q_learning,1,0.0491,1.28,615,cpu,2,14,10.79,0.50322,0.0
138,q_learning,1,0.0499,1.34,615,cpu,3,49,21.85,0.50071,0.0
139,q_learning,1,0.0502,1.34,615,cpu,2,19,10.84,0.49821,0.0
140,q_learning,1,0.0505,1.32,615,cpu,1,21,0.51,0.49571,0.0
141,q_learning,1,0.0512,1.36,621,cpu,3,44,21.2,0.49324,0.0
142,q_learning,1,0.0517,1.4,621,cpu,3,29,20.85,0.49077,0.0
143,q_learning,1,0.052,1.42,621,cpu,1,18,0.44,0.48832,0.0
144,q_learning,1,0.0521,1.38,621,cpu,0,10,-9.59,0.48587,0.0
145,q_learning,1,0.0526,1.4,621,cpu,2,27,10.36,0.48344,0.0
146,q_learning,1,0.0529,1.4,621,cpu,1,19,1.33,0.48103,0.0
147,q_learning,1,0.0533,1.42,624,cpu,2,25,10.18,0.47862,0.0
148,q_learning,1,0.0537,1.44,630,cpu,2,27,10.56,0.47623,0.0
149,q_learning,1,0.0546,1.52,639,cpu,4,48,30.87,0.47385,0.0
150,q_learning,1,0.0547,1.52,639,cpu,1,11,0.41,0.47148,0.0
151,q_learning,1,0.0558,1.56,639,cpu,2,68,10.25,0.46912,0.0
152,q_learning,1,0.0564,1.58,639,cpu,1,35,0.57,0.46678,0.0
153,q_learning,1,0.0567,1.58,639,cpu,0,18,-9.87,0.46444,0.0
154,q_learning,1,0.0574,1.58,642,cpu,2,49,10.94,0.46212,0.0
155,q_learning,1,0.0576,1.56,642,cpu,1,13,0.39,0.45981,0.0
156,q_learning,1,0.0584,1.62,642,cpu,3,47,21.47,0.45751,0.0
157,q_learning,1,0.0586,1.58,645,cpu,0,10,-9.79,0.45522,0.0
158,q_learning,1,0.0587,1.54,645,cpu,0,7,-10.26,0.45295,0.0
159,q_learning,1,0.0599,1.54,648,cpu,2,79,10.84,0.45068,0.0
160,q_learning,1,0.0602,1.52,648,cpu,1,23,0.49,0.44843,0.0
161,q_learning,1,0.0603,1.5,648,cpu,0,6,-9.55,0.44619,0.0
162,q_learning,1,0.0606,1.48,648,cpu,1,21,0.71,0.44396,0.0
163,q_learning,1,0.0608,1.46,648,cpu,1,11,0.41,0.44174,0.0
164,q_learning,1,0.061,1.42,648,cpu,1,8,0.54,0.43953,0.0
165,q_learning,1,0.0616,1.48,651,cpu,4,36,30.79,0.43733,0.0
166,q_learning,1,0.0626,1.54,651,cpu,4,58,31.57,0.43514,0.0
167,q_learning,1,0.0629,1.56,651,cpu,1,17,0.55,0.43297,0.0
168,q_learning,1,0.0631,1.56,651,cpu,2,12,10.41,0.4308,0.0
169,q_learning,1,0.0632,1.54,651,cpu,1,6,0.36,0.42865,0.0
170,q_learning,1,0.0639,1.56,651,cpu,3,41,21.93,0.4265,0.0
171,q_learning,1,0.0643,1.58,651,cpu,1,24,0.18,0.42437,0.0
172,q_learning,1,0.0645,1.62,654,cpu,2,11,10.52,0.42225,0.0
173,q_learning,1,0.0647,1.62,654,cpu,2,11,10.52,0.42014,0.0
174,q_learning,1,0.0648,1.62,654,cpu,0,8,-9.77,0.41804,0.0
175,q_learning,1,0.0654,1.66,654,cpu,3,31,20.63,0.41595,0.0
176,q_learning,1,0.0657,1.64,654,cpu,1,20,0.62,0.41387,0.0
177,q_learning,1,0.0659,1.64,654,cpu,1,13,0.39,0.4118,0.0
178,q_learning,1,0.0662,1.56,654,cpu,1,18,0.44,0.40974,0.0
179,q_learning,1,0.0665,1.58,654,cpu,1,17,0.95,0.40769,0.0
180,q_learning,1,0.0667,1.54,654,cpu,0,13,-9.72,0.40565,0.0
181,q_learning,1,0.067,1.54,654,cpu,2,22,11.31,0.40362,0.0
182,q_learning,1,0.0677,1.54,654,cpu,2,45,10.78,0.40161,0.0
183,q_learning,1,0.068,1.52,654,cpu,1,14,0.48,0.3996,0.0
184,q_learning,1,0.0683,1.56,654,cpu,2,20,11.53,0.3976,0.0
185,q_learning,1,0.0691,1.64,663,cpu,5,49,41.67,0.39561,0.0
186,q_learning,1,0.0695,1.66,663,cpu,2,19,10.64,0.39363,0.0
187,q_learning,1,0.07,1.66,666,cpu,2,32,10.81,0.39167,0.0
188,q_learning,1,0.0701,1.6,666,cpu,0,6,-9.55,0.38971,0.0
189,q_learning,1,0.0706,1.64,669,cpu,4,27,31.18,0.38776,0.0
190,q_learning,1,0.0717,1.68,672,cpu,3,67,21.87,0.38582,0.0
191,q_learning,1,0.072,1.62,675,cpu,0,20,-10.29,0.38389,0.0
192,q_learning,1,0.0722,1.56,675,cpu,0,13,-9.52,0.38197,0.0
193,q_learning,1,0.0729,1.62,675,cpu,4,42,32.13,0.38006,0.0
194,q_learning,1,0.0732,1.66,675,cpu,2,12,10.41,0.37816,0.0
195,q_learning,1,0.0734,1.64,675,cpu,1,11,0.61,0.37627,0.0
196,q_learning,1,0.0735,1.62,678,cpu,0,8,-9.77,0.37439,0.0
197,q_learning,1,0.0739,1.62,678,cpu,2,19,10.84,0.37252,0.0
198,q_learning,1,0.0748,1.68,687,cpu,5,54,42.12,0.37066,0.0
199,q_learning,1,0.0758,1.7,696,cpu,5,62,42.24,0.3688,0.0
200,q_learning,1,0.0768,1.76,696,cpu,4,56,32.79,0.36696,0.0
201,q_learning,1,0.0777,1.8,699,cpu,4,55,33.1,0.36512,0.0
202,q_learning,1,0.0783,1.84,702,cpu,3,32,21.72,0.3633,0.0
203,q_learning,1,0.0787,1.88,702,cpu,2,26,11.47,0.36148,0.0
204,q_learning,1,0.0793,1.88,702,cpu,2,29,11.14,0.35967,0.0
205,q_learning,1,0.0801,1.96,708,cpu,5,48,41.38,0.35788,0.0
206,q_learning,1,0.0809,1.96,708,cpu,3,42,21.62,0.35609,0.0
207,q_learning,1,0.0811,1.98,711,cpu,1,14,0.48,0.35431,0.0
208,q_learning,1,0.0819,2.04,714,cpu,3,45,22.09,0.35253,0.0
209,q_learning,1,0.0821,2.02,714,cpu,1,10,0.52,0.35077,0.0
210,q_learning,1,0.0822,2.0,714,cpu,0,11,-9.7,0.34902,0.0
211,q_learning,1,0.0826,2.04,714,cpu,2,21,11.62,0.34727,0.0
212,q_learning,1,0.0831,2.08,714,cpu,3,29,21.45,0.34554,0.0
213,q_learning,1,0.0834,2.12,720,cpu,3,16,20.68,0.34381,0.0
214,q_learning,1,0.0843,2.16,720,cpu,3,55,21.59,0.34209,0.0
215,q_learning,1,0.085,2.14,720,cpu,3,43,21.51,0.34038,0.0
216,q_learning,1,0.0858,2.12,720,cpu,3,42,21.62,0.33868,0.0
217,q_learning,1,0.0865,2.18,720,cpu,4,43,31.82,0.33698,0.0
218,q_learning,1,0.0873,2.2,720,cpu,3,47,21.87,0.3353,0.0
219,q_learning,1,0.0875,2.22,720,cpu,2,9,10.34,0.33362,0.0
220,q_learning,1,0.0878,2.2,720,cpu,2,18,11.15,0.33195,0.0
221,q_learning,1,0.088,2.2,720,cpu,1,12,0.3,0.33029,0.0
222,q_learning,1,0.0881,2.16,720,cpu,0,6,-9.55,0.32864,0.0
223,q_learning,1,0.0889,2.22,729,cpu,5,40,40.86,0.327,0.0
224,q_learning,1,0.0896,2.26,729,cpu,2,42,11.71,0.32536,0.0
225,q_learning,1,0.0899,2.24,732,cpu,2,20,10.73,0.32374,0.0
226,q_learning,1,0.0904,2.26,732,cpu,2,26,11.27,0.32212,0.0
227,q_learning,1,0.0906,2.28,732,cpu,2,12,10.81,0.32051,0.0
228,q_learning,1,0.0908,2.26,732,cpu,0,8,-9.57,0.31891,0.0
229,q_learning,1,0.0913,2.28,732,cpu,2,33,10.3,0.31731,0.0
230,q_learning,1,0.0919,2.36,732,cpu,4,33,31.92,0.31572,0.0
231,q_learning,1,0.0924,2.36,732,cpu,2,33,11.7,0.31415,0.0
232,q_learning,1,0.0931,2.4,732,cpu,4,39,31.66,0.31258,0.0
233,q_learning,1,0.0936,2.44,735,cpu,3,31,21.43,0.31101,0.0
234,q_learning,1,0.0938,2.42,735,cpu,1,6,0.36,0.30946,0.0
235,q_learning,1,0.0942,2.38,735,cpu,3,27,20.87,0.30791,0.0
236,q_learning,1,0.095,2.44,741,cpu,5,43,41.93,0.30637,0.0
237,q_learning,1,0.0954,2.44,741,cpu,2,22,10.91,0.30484,0.0
238,q_learning,1,0.0959,2.48,747,cpu,2,27,10.76,0.30331,0.0
239,q_learning,1,0.0963,2.5,756,cpu,5,21,40.95,0.3018,0.0
240,q_learning,1,0.0969,2.48,756,cpu,2,37,11.06,0.30029,0.0
241,q_learning,1,0.0974,2.56,759,cpu,4,27,31.38,0.29879,0.0
242,q_learning,1,0.0976,2.58,762,cpu,1,15,0.77,0.29729,0.0
243,q_learning,1,0.0983,2.58,762,cpu,4,38,32.17,0.29581,0.0
244,q_learning,1,0.0993,2.62,765,cpu,4,64,32.31,0.29433,0.0
245,q_learning,1,0.0999,2.68,765,cpu,4,32,31.63,0.29286,0.0
246,q_learning,1,0.1002,2.7,765,cpu,1,17,0.35,0.29139,0.0
247,q_learning,1,0.1004,2.7,765,cpu,2,13,10.7,0.28994,0.0
248,q_learning,1,0.1006,2.6,765,cpu,0,11,-9.9,0.28849,0.0
249,q_learning,1,0.1008,2.52,765,cpu,1,9,0.43,0.28704,0.0
250,q_learning,1,0.102,2.52,768,cpu,4,74,32.81,0.28561,0.0
251,q_learning,1,0.1026,2.54,774,cpu,5,37,41.99,0.28418,0.0
252,q_learning,1,0.103,2.52,774,cpu,2,22,11.31,0.28276,0.0
253,q_learning,1,0.1038,2.56,777,cpu,4,46,31.49,0.28135,0.0
254,q_learning,1,0.1047,2.62,783,cpu,5,47,42.89,0.27994,0.0
255,q_learning,1,0.1049,2.54,783,cpu,1,10,0.52,0.27854,0.0
256,q_learning,1,0.1051,2.5,783,cpu,1,9,0.63,0.27715,0.0
257,q_learning,1,0.1053,2.5,783,cpu,1,9,0.63,0.27576,0.0
258,q_learning,1,0.1055,2.48,786,cpu,2,12,10.61,0.27438,0.0
259,q_learning,1,0.1059,2.5,789,cpu,2,25,11.38,0.27301,0.0
260,q_learning,1,0.1066,2.58,789,cpu,4,44,32.51,0.27164,0.0
261,q_learning,1,0.107,2.6,789,cpu,3,18,21.06,0.27029,0.0
262,q_learning,1,0.1073,2.58,789,cpu,2,20,11.13,0.26893,0.0
263,q_learning,1,0.1078,2.56,789,cpu,2,25,10.78,0.26759,0.0
264,q_learning,1,0.1082,2.56,789,cpu,3,27,21.47,0.26625,0.0
265,q_learning,1,0.1084,2.52,792,cpu,1,11,0.81,0.26492,0.0
266,q_learning,1,0.1091,2.56,792,cpu,5,40,42.06,0.2636,0.0
267,q_learning,1,0.11,2.56,792,cpu,4,52,32.03,0.26228,0.0
268,q_learning,1,0.1104,2.56,795,cpu,3,26,21.18,0.26097,0.0
269,q_learning,1,0.1112,2.62,801,cpu,5,40,42.46,0.25966,0.0
270,q_learning,1,0.1117,2.64,801,cpu,3,30,22.14,0.25836,0.0
271,q_learning,1,0.1122,2.68,801,cpu,3,29,21.85,0.25707,0.0
272,q_learning,1,0.1123,2.68,801,cpu,0,5,-9.64,0.25579,0.0
273,q_learning,1,0.1127,2.64,801,cpu,3,23,21.31,0.25451,0.0
274,q_learning,1,0.1136,2.7,813,cpu,5,50,41.76,0.25324,0.0
275,q_learning,1,0.1139,2.72,813,cpu,3,12,20.32,0.25197,0.0
276,q_learning,1,0.1146,2.78,828,cpu,5,40,41.46,0.25071,0.0
277,q_learning,1,0.115,2.8,831,cpu,3,23,21.51,0.24946,0.0
278,q_learning,1,0.1154,2.86,831,cpu,3,26,20.58,0.24821,0.0
279,q_learning,1,0.1157,2.86,831,cpu,2,12,10.81,0.24697,0.0
280,q_learning,1,0.116,2.82,831,cpu,2,20,10.73,0.24573,0.0
281,q_learning,1,0.1162,2.82,831,cpu,2,11,10.72,0.2445,0.0
282,q_learning,1,0.1164,2.78,831,cpu,2,9,10.54,0.24328,0.0
283,q_learning,1,0.1167,2.78,831,cpu,3,18,20.66,0.24206,0.0
284,q_learning,1,0.1173,2.84,831,cpu,4,32,32.03,0.24085,0.0
285,q_learning,1,0.1177,2.86,831,cpu,4,22,30.93,0.23965,0.0
286,q_learning,1,0.1179,2.78,831,cpu,1,11,0.81,0.23845,0.0
287,q_learning,1,0.1184,2.8,834,cpu,3,29,21.45,0.23726,0.0
288,q_learning,1,0.1188,2.82,834,cpu,3,21,20.93,0.23607,0.0
289,q_learning,1,0.1194,2.82,837,cpu,5,35,41.81,0.23489,0.0
290,q_learning,1,0.1199,2.84,837,cpu,3,24,21.2,0.23372,0.0
291,q_learning,1,0.1207,2.86,837,cpu,5,48,42.38,0.23255,0.0
292,q_learning,1,0.1218,2.94,846,cpu,5,62,43.04,0.23139,0.0
293,q_learning,1,0.1227,2.96,855,cpu,5,47,42.69,0.23023,0.0
294,q_learning,1,0.1237,2.98,861,cpu,5,62,42.84,0.22908,0.0
295,q_learning,1,0.1243,2.94,861,cpu,2,31,11.92,0.22793,0.0
296,q_learning,1,0.1244,2.94,861,cpu,1,7,0.45,0.22679,0.0
297,q_learning,1,0.1253,3.0,870,cpu,5,55,42.81,0.22566,0.0
298,q_learning,1,0.1256,3.02,870,cpu,1,16,0.66,0.22453,0.0
299,q_learning,1,0.1259,3.04,870,cpu,2,14,10.59,0.22341,0.0
300,q_learning,1,0.1265,3.02,870,cpu,3,38,21.46,0.22229,0.0
301,q_learning,1,0.1267,2.96,870,cpu,2,9,10.54,0.22118,0.0
302,q_learning,1,0.1275,3.0,873,cpu,4,51,31.74,0.22007,0.0
303,q_learning,1,0.1279,2.94,873,cpu,1,24,1.18,0.21897,0.0
304,q_learning,1,0.1282,2.88,873,cpu,2,13,10.9,0.21788,0.0
305,q_learning,1,0.1288,2.96,885,cpu,5,35,41.81,0.21679,0.0
306,q_learning,1,0.1289,2.96,885,cpu,1,7,0.45,0.21571,0.0
307,q_learning,1,0.1297,3.04,891,cpu,5,39,41.77,0.21463,0.0
308,q_learning,1,0.1299,3.0,891,cpu,0,12,-9.41,0.21355,0.0
309,q_learning,1,0.1305,3.06,906,cpu,5,36,41.1,0.21249,0.0
310,q_learning,1,0.1311,3.08,906,cpu,5,33,41.83,0.21142,0.0
311,q_learning,1,0.1317,3.1,906,cpu,4,35,31.7,0.21037,0.0
312,q_learning,1,0.1323,3.14,906,cpu,4,29,31.56,0.20932,0.0
313,q_learning,1,0.133,3.18,906,cpu,4,44,31.91,0.20827,0.0
314,q_learning,1,0.1334,3.18,906,cpu,3,22,21.42,0.20723,0.0
315,q_learning,1,0.1341,3.24,906,cpu,4,42,32.13,0.20619,0.0
316,q_learning,1,0.1349,3.24,909,cpu,5,44,42.02,0.20516,0.0
317,q_learning,1,0.1354,3.24,909,cpu,4,31,31.54,0.20413,0.0
318,q_learning,1,0.1365,3.28,915,cpu,5,63,43.53,0.20311,0.0
319,q_learning,1,0.1371,3.28,918,cpu,5,32,42.14,0.2021,0.0
320,q_learning,1,0.1374,3.26,918,cpu,2,11,10.72,0.20109,0.0
321,q_learning,1,0.1375,3.2,918,cpu,0,6,-9.75,0.20008,0.0
322,q_learning,1,0.1379,3.24,918,cpu,2,21,11.42,0.19908,0.0
323,q_learning,1,0.1384,3.22,918,cpu,2,29,11.54,0.19809,0.0
324,q_learning,1,0.1388,3.18,921,cpu,3,25,21.29,0.1971,0.0
325,q_learning,1,0.1394,3.2,924,cpu,4,35,31.3,0.19611,0.0
326,q_learning,1,0.1403,3.2,933,cpu,5,51,42.65,0.19513,0.0
327,q_learning,1,0.1406,3.18,933,cpu,2,13,10.9,0.19415,0.0
328,q_learning,1,0.1407,3.14,933,cpu,1,10,0.72,0.19318,0.0
329,q_learning,1,0.1411,3.14,933,cpu,2,20,11.13,0.19222,0.0
330,q_learning,1,0.1419,3.2,933,cpu,5,44,42.22,0.19126,0.0
331,q_learning,1,0.1424,3.22,933,cpu,3,30,21.34,0.1903,0.0
332,q_learning,1,0.1429,3.26,933,cpu,4,33,31.72,0.18935,0.0
333,q_learning,1,0.1436,3.3,936,cpu,5,36,42.5,0.1884,0.0
334,q_learning,1,0.1444,3.32,942,cpu,5,45,42.71,0.18746,0.0
335,q_learning,1,0.1448,3.3,942,cpu,3,21,20.93,0.18652,0.0
336,q_learning,1,0.1458,3.38,948,cpu,5,54,42.72,0.18559,0.0
337,q_learning,1,0.1469,3.44,957,cpu,6,65,53.22,0.18466,0.0
338,q_learning,1,0.1471,3.4,957,cpu,1,8,0.54,0.18374,0.0
339,q_learning,1,0.1473,3.34,957,cpu,2,17,10.86,0.18282,0.0
340,q_learning,1,0.1477,3.32,957,cpu,2,19,11.04,0.18191,0.0
341,q_learning,1,0.1478,3.24,957,cpu,1,7,0.45,0.181,0.0
342,q_learning,1,0.1479,3.14,957,cpu,0,6,-9.95,0.18009,0.0
343,q_learning,1,0.1486,3.14,960,cpu,5,39,42.57,0.17919,0.0
344,q_learning,1,0.1492,3.1,960,cpu,3,35,22.59,0.1783,0.0
345,q_learning,1,0.1493,3.06,960,cpu,0,6,-9.55,0.1774,0.0
346,q_learning,1,0.1498,3.08,960,cpu,2,26,11.67,0.17652,0.0
347,q_learning,1,0.1509,3.1,972,cpu,6,63,53.84,0.17563,0.0
348,q_learning,1,0.1515,3.16,975,cpu,4,34,31.81,0.17476,0.0
349,q_learning,1,0.1519,3.16,975,cpu,2,22,11.11,0.17388,0.0
350,q_learning,1,0.1528,3.22,978,cpu,6,52,52.65,0.17301,0.0
351,q_learning,1,0.1535,3.28,984,cpu,5,40,41.66,0.17215,0.0
352,q_learning,1,0.154,3.3,984,cpu,5,23,41.53,0.17129,0.0
353,q_learning,1,0.1547,3.36,987,cpu,4,36,32.19,0.17043,0.0
354,q_learning,1,0.1556,3.44,999,cpu,6,54,52.83,0.16958,0.0
355,q_learning,1,0.156,3.42,999,cpu,4,22,31.53,0.16873,0.0
356,q_learning,1,0.1571,3.5,1008,cpu,5,60,42.26,0.16789,0.0
357,q_learning,1,0.1577,3.48,1008,cpu,4,33,31.72,0.16705,0.0
358,q_learning,1,0.1578,3.5,1008,cpu,1,8,0.34,0.16621,0.0
359,q_learning,1,0.158,3.42,1008,cpu,1,12,0.9,0.16538,0.0
360,q_learning,1,0.1584,3.36,1008,cpu,2,22,10.91,0.16455,0.0
361,q_learning,1,0.1589,3.34,1008,cpu,3,29,21.25,0.16373,0.0
362,q_learning,1,0.1595,3.32,1008,cpu,3,35,21.39,0.16291,0.0
363,q_learning,1,0.1602,3.34,1014,cpu,5,40,42.26,0.1621,0.0
364,q_learning,1,0.1611,3.36,1014,cpu,4,48,32.67,0.16129,0.0
365,q_learning,1,0.1612,3.28,1014,cpu,0,7,-9.46,0.16048,0.0
366,q_learning,1,0.1618,3.28,1017,cpu,5,30,41.16,0.15968,0.0
367,q_learning,1,0.1624,3.3,1017,cpu,5,34,41.12,0.15888,0.0
368,q_learning,1,0.1631,3.3,1023,cpu,5,39,42.57,0.15809,0.0
369,q_learning,1,0.1633,3.22,1023,cpu,1,9,0.23,0.1573,0.0
370,q_learning,1,0.1639,3.26,1026,cpu,4,32,31.43,0.15651,0.0
371,q_learning,1,0.1649,3.34,1026,cpu,4,59,32.26,0.15573,0.0
372,q_learning,1,0.165,3.3,1026,cpu,0,9,-9.88,0.15495,0.0
373,q_learning,1,0.1659,3.36,1026,cpu,5,51,42.25,0.15417,0.0
374,q_learning,1,0.1667,3.44,1035,cpu,7,45,63.13,0.1534,0.0
375,q_learning,1,0.1676,3.46,1035,cpu,5,47,43.09,0.15264,0.0
376,q_learning,1,0.1677,3.38,1035,cpu,1,6,0.36,0.15187,0.0
377,q_learning,1,0.1684,3.44,1035,cpu,5,43,42.93,0.15111,0.0
378,q_learning,1,0.1687,3.46,1035,cpu,2,15,10.68,0.15036,0.0
379,q_learning,1,0.17,3.6,1044,cpu,9,71,84.09,0.14961,0.0
380,q_learning,1,0.1705,3.58,1044,cpu,4,28,31.87,0.14886,0.0
381,q_learning,1,0.1707,3.52,1044,cpu,0,9,-9.68,0.14811,0.0
382,q_learning,1,0.1716,3.54,1047,cpu,5,51,42.85,0.14737,0.0
383,q_learning,1,0.1722,3.5,1047,cpu,3,33,21.81,0.14664,0.0
384,q_learning,1,0.1729,3.46,1047,cpu,3,41,22.33,0.1459,0.0
385,q_learning,1,0.1734,3.48,1050,cpu,4,26,31.89,0.14517,0.0
386,q_learning,1,0.1739,3.44,1050,cpu,3,28,21.76,0.14445,0.0
387,q_learning,1,0.1742,3.36,1050,cpu,2,20,11.13,0.14372,0.0
388,q_learning,1,0.1752,3.46,1059,cpu,6,51,53.36,0.14301,0.0
389,q_learning,1,0.1761,3.54,1065,cpu,6,54,53.23,0.14229,0.0
390,q_learning,1,0.1765,3.56,1065,cpu,3,19,21.35,0.14158,0.0
391,q_learning,1,0.1767,3.58,1068,cpu,2,12,10.61,0.14087,0.0
392,q_learning,1,0.1772,3.68,1071,cpu,5,27,41.29,0.14017,0.0
393,q_learning,1,0.1782,3.7,1074,cpu,6,57,53.1,0.13947,0.0
394,q_learning,1,0.1789,3.76,1080,cpu,6,38,51.99,0.13877,0.0
395,q_learning,1,0.1791,3.76,1080,cpu,0,6,-9.55,0.13808,0.0
396,q_learning,1,0.1793,3.76,1083,cpu,2,14,10.39,0.13739,0.0
397,q_learning,1,0.1798,3.72,1083,cpu,4,28,31.67,0.1367,0.0
398,q_learning,1,0.1808,3.74,1092,cpu,5,54,43.52,0.13601,0.0
399,q_learning,1,0.1823,3.88,1128,cpu,9,86,84.84,0.13533,0.0
400,q_learning,1,0.1838,3.94,1146,cpu,9,82,84.88,0.13466,0.0
401,q_learning,1,0.1849,3.98,1146,cpu,7,60,64.28,0.13398,0.0
402,q_learning,1,0.1859,4.0,1152,cpu,6,61,54.66,0.13331,0.0
403,q_learning,1,0.1864,3.96,1152,cpu,2,24,11.29,0.13265,0.0
404,q_learning,1,0.1871,3.92,1152,cpu,4,44,31.71,0.13199,0.0
405,q_learning,1,0.1879,3.92,1155,cpu,4,38,32.37,0.13133,0.0
406,q_learning,1,0.1885,3.92,1161,cpu,5,34,42.32,0.13067,0.0
407,q_learning,1,0.1895,3.96,1161,cpu,6,60,53.57,0.13002,0.0
408,q_learning,1,0.19,3.98,1164,cpu,2,24,11.49,0.12937,0.0
409,q_learning,1,0.1903,4.0,1164,cpu,2,15,11.08,0.12872,0.0
410,q_learning,1,0.1905,4.0,1164,cpu,2,15,11.08,0.12807,0.0
411,q_learning,1,0.1911,4.02,1167,cpu,4,33,31.92,0.12743,0.0
412,q_learning,1,0.192,4.12,1167,cpu,8,43,72.46,0.1268,0.0
413,q_learning,1,0.1925,4.08,1170,cpu,3,34,21.9,0.12616,0.0
414,q_learning,1,0.1931,4.06,1170,cpu,3,35,22.19,0.12553,0.0
415,q_learning,1,0.1934,4.14,1170,cpu,4,13,30.52,0.1249,0.0
416,q_learning,1,0.1946,4.2,1173,cpu,8,68,74.51,0.12428,0.0
417,q_learning,1,0.1948,4.12,1176,cpu,1,10,0.72,0.12366,0.0
418,q_learning,1,0.196,4.12,1179,cpu,5,62,43.24,0.12304,0.0
419,q_learning,1,0.1968,4.2,1182,cpu,5,49,43.27,0.12243,0.0
420,q_learning,1,0.1981,4.28,1182,cpu,8,72,73.67,0.12181,0.0
421,q_learning,1,0.199,4.3,1182,cpu,5,49,42.07,0.1212,0.0
422,q_learning,1,0.1994,4.32,1182,cpu,1,22,1.6,0.1206,0.0
423,q_learning,1,0.1997,4.3,1185,cpu,4,20,31.15,0.12,0.0
424,q_learning,1,0.2003,4.28,1188,cpu,6,32,52.05,0.1194,0.0
425,q_learning,1,0.2011,4.28,1194,cpu,5,45,43.11,0.1188,0.0
426,q_learning,1,0.202,4.38,1194,cpu,6,48,53.09,0.1182,0.0
427,q_learning,1,0.2027,4.4,1197,cpu,6,38,52.39,0.11761,0.0
428,q_learning,1,0.2041,4.46,1200,cpu,5,72,45.14,0.11702,0.0
429,q_learning,1,0.2052,4.44,1206,cpu,8,58,73.61,0.11644,0.0
430,q_learning,1,0.2059,4.44,1206,cpu,4,42,31.53,0.11586,0.0
431,q_learning,1,0.2063,4.48,1209,cpu,2,21,10.82,0.11528,0.0
432,q_learning,1,0.2074,4.56,1212,cpu,9,57,83.23,0.1147,0.0
433,q_learning,1,0.2091,4.68,1221,cpu,9,93,85.27,0.11413,0.0
434,q_learning,1,0.2095,4.68,1221,cpu,3,27,21.07,0.11356,0.0
435,q_learning,1,0.21,4.66,1221,cpu,3,24,21.4,0.11299,0.0
436,q_learning,1,0.2116,4.78,1233,cpu,9,85,85.15,0.11243,0.0
437,q_learning,1,0.2117,4.74,1233,cpu,0,5,-9.64,0.11186,0.0
438,q_learning,1,0.2126,4.76,1233,cpu,7,50,63.18,0.1113,0.0
439,q_learning,1,0.2137,4.74,1239,cpu,5,62,43.44,0.11075,0.0
440,q_learning,1,0.2145,4.78,1239,cpu,5,40,42.46,0.11019,0.0
441,q_learning,1,0.2146,4.76,1239,cpu,1,8,0.34,0.10964,0.0
442,q_learning,1,0.216,4.82,1245,cpu,8,76,74.43,0.10909,0.0
443,q_learning,1,0.217,4.88,1257,cpu,9,56,83.34,0.10855,0.0
444,q_learning,1,0.2178,4.84,1257,cpu,4,46,31.89,0.10801,0.0
445,q_learning,1,0.2185,4.96,1260,cpu,6,39,52.28,0.10747,0.0
446,q_learning,1,0.2198,5.04,1266,cpu,6,71,54.96,0.10693,0.0
447,q_learning,1,0.2214,5.14,1272,cpu,9,81,85.79,0.10639,0.0
448,q_learning,1,0.2216,5.06,1272,cpu,1,16,1.26,0.10586,0.0
449,q_learning,1,0.2219,4.92,1275,cpu,2,11,10.12,0.10533,0.0
450,q_learning,1,0.223,4.92,1290,cpu,9,59,83.81,0.10481,0.0
451,q_learning,1,0.2239,4.92,1290,cpu,7,49,63.29,0.10428,0.0
452,q_learning,1,0.2246,4.9,1293,cpu,5,41,41.75,0.10376,0.0
453,q_learning,1,0.2253,5.0,1305,cpu,7,39,61.79,0.10324,0.0
454,q_learning,1,0.2267,5.1,1320,cpu,9,77,84.23,0.10273,0.0
455,q_learning,1,0.2276,5.16,1326,cpu,7,51,62.67,0.10221,0.0
456,q_learning,1,0.2278,5.08,1326,cpu,1,12,0.7,0.1017,0.0
457,q_learning,1,0.2289,5.1,1329,cpu,7,56,63.92,0.10119,0.0
458,q_learning,1,0.23,5.18,1329,cpu,6,62,54.75,0.10069,0.0
459,q_learning,1,0.2314,5.32,1332,cpu,9,76,85.34,0.10018,0.0
460,q_learning,1,0.2327,5.46,1341,cpu,9,69,84.51,0.09968,0.0
461,q_learning,1,0.2328,5.38,1341,cpu,0,8,-9.37,0.09918,0.0
462,q_learning,1,0.2335,5.3,1341,cpu,4,36,32.39,0.09869,0.0
463,q_learning,1,0.2343,5.34,1341,cpu,5,46,43.2,0.09819,0.0
464,q_learning,1,0.2354,5.4,1344,cpu,6,65,53.02,0.0977,0.0
465,q_learning,1,0.2361,5.4,1344,cpu,4,34,32.41,0.09721,0.0
466,q_learning,1,0.2377,5.42,1353,cpu,9,90,86.4,0.09673,0.0
467,q_learning,1,0.2385,5.52,1356,cpu,6,41,52.26,0.09625,0.0
468,q_learning,1,0.2398,5.6,1365,cpu,9,72,84.18,0.09576,0.0
469,q_learning,1,0.24,5.52,1365,cpu,1,9,0.63,0.09529,0.0
470,q_learning,1,0.2412,5.54,1371,cpu,9,63,83.97,0.09481,0.0
471,q_learning,1,0.2425,5.6,1371,cpu,8,76,75.63,0.09433,0.0
472,q_learning,1,0.2432,5.66,1371,cpu,4,36,32.39,0.09386,0.0
473,q_learning,1,0.2444,5.76,1377,cpu,9,68,84.42,0.09339,0.0
474,q_learning,1,0.2451,5.72,1377,cpu,4,37,32.28,0.09293,0.0
475,q_learning,1,0.2454,5.66,1377,cpu,2,15,10.68,0.09246,0.0
476,q_learning,1,0.2465,5.66,1383,cpu,6,57,53.7,0.092,0.0
477,q_learning,1,0.2471,5.62,1383,cpu,4,33,32.32,0.09154,0.0
478,q_learning,1,0.2486,5.7,1395,cpu,9,84,84.46,0.09108,0.0
479,q_learning,1,0.2499,5.72,1407,cpu,9,71,84.69,0.09063,0.0
480,q_learning,1,0.2502,5.7,1407,cpu,3,15,20.79,0.09017,0.0
481,q_learning,1,0.251,5.76,1410,cpu,5,44,42.22,0.08972,0.0
482,q_learning,1,0.2516,5.64,1410,cpu,3,34,21.3,0.08927,0.0
483,q_learning,1,0.252,5.5,1413,cpu,2,26,11.07,0.08883,0.0
484,q_learning,1,0.2531,5.56,1419,cpu,6,62,52.95,0.08838,0.0
485,q_learning,1,0.2536,5.58,1422,cpu,4,27,31.18,0.08794,0.0
486,q_learning,1,0.2545,5.56,1425,cpu,8,45,73.04,0.0875,0.0
487,q_learning,1,0.255,5.66,1428,cpu,5,28,41.78,0.08706,0.0
488,q_learning,1,0.2554,5.56,1428,cpu,2,22,11.31,0.08663,0.0
489,q_learning,1,0.2558,5.5,1428,cpu,2,24,11.69,0.0862,0.0
490,q_learning,1,0.2564,5.48,1428,cpu,4,34,32.21,0.08576,0.0
491,q_learning,1,0.2573,5.58,1428,cpu,6,46,53.31,0.08534,0.0
492,q_learning,1,0.2585,5.58,1431,cpu,8,69,73.8,0.08491,0.0
493,q_learning,1,0.2589,5.46,1434,cpu,3,23,21.51,0.08448,0.0
494,q_learning,1,0.2598,5.52,1440,cpu,7,48,62.4,0.08406,0.0
495,q_learning,1,0.2606,5.52,1443,cpu,6,41,52.06,0.08364,0.0
496,q_learning,1,0.262,5.58,1443,cpu,9,74,84.36,0.08322,0.0
497,q_learning,1,0.2626,5.5,1443,cpu,5,31,42.05,0.08281,0.0
498,q_learning,1,0.2642,5.66,1446,cpu,9,88,85.62,0.08239,0.0
499,q_learning,1,0.2651,5.72,1446,cpu,5,56,43.3,0.08198,0.0
500,q_learning,1,0.2659,5.64,1446,cpu,5,43,42.93,0.08157,0.0
501,q_learning,1,0.2663,5.56,1446,cpu,3,22,21.22,0.08116,0.0
502,q_learning,1,0.267,5.56,1449,cpu,5,39,42.77,0.08076,0.0
503,q_learning,1,0.2684,5.6,1458,cpu,9,77,84.43,0.08035,0.0
504,q_learning,1,0.2696,5.6,1464,cpu,9,65,84.35,0.07995,0.0
505,q_learning,1,0.2704,5.52,1467,cpu,3,42,21.22,0.07955,0.0
506,q_learning,1,0.2719,5.68,1470,cpu,9,80,85.3,0.07916,0.0
507,q_learning,1,0.2733,5.72,1479,cpu,9,74,84.56,0.07876,0.0
508,q_learning,1,0.2746,5.78,1479,cpu,9,64,83.86,0.07837,0.0
509,q_learning,1,0.275,5.66,1479,cpu,3,27,21.07,0.07797,0.0
510,q_learning,1,0.2766,5.68,1497,cpu,10,82,94.79,0.07758,0.0
511,q_learning,1,0.2771,5.74,1497,cpu,3,33,22.21,0.0772,0.0
512,q_learning,1,0.2776,5.76,1500,cpu,5,23,41.53,0.07681,0.0
513,q_learning,1,0.2785,5.76,1503,cpu,5,48,43.18,0.07643,0.0
514,q_learning,1,0.2796,5.78,1506,cpu,7,62,63.66,0.07604,0.0
515,q_learning,1,0.2806,5.82,1509,cpu,6,53,53.54,0.07566,0.0
516,q_learning,1,0.2821,5.82,1512,cpu,9,82,86.28,0.07529,0.0
517,q_learning,1,0.2828,5.82,1512,cpu,6,37,52.7,0.07491,0.0
518,q_learning,1,0.2843,5.84,1515,cpu,10,82,95.59,0.07453,0.0
519,q_learning,1,0.2856,6.02,1524,cpu,10,68,94.73,0.07416,0.0
520,q_learning,1,0.2858,5.88,1524,cpu,2,8,10.45,0.07379,0.0
521,q_learning,1,0.287,5.96,1536,cpu,12,64,113.99,0.07342,0.0
522,q_learning,1,0.2872,5.9,1536,cpu,1,8,0.54,0.07305,0.0
523,q_learning,1,0.2878,5.82,1536,cpu,5,32,42.34,0.07269,0.0
524,q_learning,1,0.2886,5.82,1536,cpu,4,40,32.75,0.07233,0.0
525,q_learning,1,0.2903,6.04,1560,cpu,13,93,123.91,0.07196,0.0
526,q_learning,1,0.292,6.12,1560,cpu,10,92,96.69,0.0716,0.0
527,q_learning,1,0.2931,6.24,1566,cpu,10,56,93.45,0.07125,0.0
528,q_learning,1,0.2938,6.16,1566,cpu,5,42,42.44,0.07089,0.0
529,q_learning,1,0.2945,6.08,1566,cpu,5,38,42.48,0.07054,0.0
530,q_learning,1,0.295,6.08,1566,cpu,3,24,21.6,0.07018,0.0
531,q_learning,1,0.2963,6.16,1569,cpu,9,71,84.29,0.06983,0.0
532,q_learning,1,0.297,6.16,1569,cpu,3,38,22.66,0.06948,0.0
533,q_learning,1,0.2984,6.3,1578,cpu,9,80,85.3,0.06914,0.0
534,q_learning,1,0.2987,6.22,1578,cpu,2,16,10.17,0.06879,0.0
535,q_learning,1,0.2992,6.24,1581,cpu,5,27,41.89,0.06845,0.0
536,q_learning,1,0.3006,6.28,1590,cpu,10,71,94.6,0.0681,0.0
537,q_learning,1,0.3015,6.34,1593,cpu,8,52,72.87,0.06776,0.0
538,q_learning,1,0.3032,6.52,1599,cpu,11,86,105.66,0.06742,0.0
539,q_learning,1,0.3044,6.66,1608,cpu,9,65,83.75,0.06709,0.0
540,q_learning,1,0.3059,6.8,1620,cpu,11,79,104.23,0.06675,0.0
541,q_learning,1,0.3061,6.72,1620,cpu,2,11,10.72,0.06642,0.0
542,q_learning,1,0.3076,6.8,1629,cpu,12,77,114.96,0.06609,0.0
543,q_learning,1,0.309,6.9,1629,cpu,8,79,75.5,0.06576,0.0
544,q_learning,1,0.3096,6.88,1629,cpu,6,29,51.18,0.06543,0.0
545,q_learning,1,0.3103,6.86,1629,cpu,5,39,42.97,0.0651,0.0
546,q_learning,1,0.3119,6.86,1632,cpu,9,87,86.13,0.06477,0.0
547,q_learning,1,0.3131,6.9,1632,cpu,7,65,64.13,0.06445,0.0
548,q_learning,1,0.3143,6.86,1632,cpu,7,65,64.53,0.06413,0.0
549,q_learning,1,0.3161,7.02,1647,cpu,13,97,125.67,0.06381,0.0
550,q_learning,1,0.3174,7.12,1665,cpu,10,70,94.51,0.06349,0.0
551,q_learning,1,0.3191,7.24,1677,cpu,9,93,84.87,0.06317,0.0
552,q_learning,1,0.3198,7.24,1677,cpu,5,38,42.88,0.06286,0.0
553,q_learning,1,0.3211,7.24,1680,cpu,9,68,84.82,0.06254,0.0
554,q_learning,1,0.3214,7.1,1680,cpu,2,14,10.79,0.06223,0.0
555,q_learning,1,0.323,7.3,1695,cpu,13,84,125.1,0.06192,0.0
556,q_learning,1,0.3233,7.18,1698,cpu,3,19,21.35,0.06161,0.0
557,q_learning,1,0.324,7.14,1698,cpu,7,38,62.3,0.0613,0.0
558,q_learning,1,0.3245,7.02,1698,cpu,3,25,21.29,0.06099,0.0
559,q_learning,1,0.3251,7.06,1698,cpu,5,32,42.14,0.06069,0.0
560,q_learning,1,0.3253,6.9,1698,cpu,2,11,10.72,0.06038,0.0
561,q_learning,1,0.3263,6.96,1698,cpu,6,59,53.28,0.06008,0.0
562,q_learning,1,0.3268,6.92,1698,cpu,3,29,22.05,0.05978,0.0
563,q_learning,1,0.3281,7.0,1701,cpu,9,65,84.35,0.05948,0.0
564,q_learning,1,0.3295,7.06,1704,cpu,10,75,94.96,0.05919,0.0
565,q_learning,1,0.3309,7.12,1713,cpu,9,75,85.05,0.05889,0.0
566,q_learning,1,0.3326,7.12,1716,cpu,9,91,84.69,0.0586,0.0
567,q_learning,1,0.3332,7.14,1719,cpu,7,32,61.76,0.0583,0.0
568,q_learning,1,0.3342,7.1,1719,cpu,8,56,73.63,0.05801,0.0
569,q_learning,1,0.3351,7.08,1719,cpu,9,45,82.35,0.05772,0.0
570,q_learning,1,0.3372,7.28,1719,cpu,12,112,117.31,0.05743,0.0
571,q_learning,1,0.3392,7.26,1728,cpu,11,110,107.62,0.05715,0.0
572,q_learning,1,0.3404,7.46,1731,cpu,11,64,104.48,0.05686,0.0
573,q_learning,1,0.3406,7.36,1731,cpu,0,9,-9.28,0.05658,0.0
574,q_learning,1,0.3424,7.5,1740,cpu,11,97,106.25,0.05629,0.0
575,q_learning,1,0.3442,7.5,1749,cpu,13,95,126.09,0.05601,0.0
576,q_learning,1,0.3455,7.48,1758,cpu,9,69,84.31,0.05573,0.0
577,q_learning,1,0.3458,7.32,1758,cpu,2,17,11.06,0.05545,0.0
578,q_learning,1,0.3469,7.42,1758,cpu,10,54,93.87,0.05517,0.0
579,q_learning,1,0.3488,7.56,1761,cpu,12,100,115.83,0.0549,0.0
580,q_learning,1,0.35,7.66,1761,cpu,8,66,74.73,0.05462,0.0
581,q_learning,1,0.3515,7.68,1761,cpu,10,86,95.75,0.05435,0.0
582,q_learning,1,0.353,7.8,1761,cpu,9,76,85.74,0.05408,0.0
583,q_learning,1,0.3545,7.8,1764,cpu,9,80,85.7,0.05381,0.0
584,q_learning,1,0.3557,7.96,1767,cpu,10,68,94.53,0.05354,0.0
585,q_learning,1,0.3565,7.96,1767,cpu,5,45,42.91,0.05327,0.0
586,q_learning,1,0.3579,7.96,1770,cpu,10,75,94.96,0.05301,0.0
587,q_learning,1,0.3583,7.82,1770,cpu,1,18,1.04,0.05274,0.0
588,q_learning,1,0.3599,7.84,1773,cpu,12,90,115.13,0.05248,0.0
589,q_learning,1,0.3606,7.8,1773,cpu,7,36,61.92,0.05221,0.0
590,q_learning,1,0.3618,7.74,1773,cpu,8,62,73.97,0.05195,0.0
591,q_learning,1,0.3621,7.74,1773,cpu,2,19,11.04,0.05169,0.0
592,q_learning,1,0.3637,7.66,1773,cpu,8,82,73.97,0.05144,0.0
593,q_learning,1,0.3656,7.76,1785,cpu,13,102,126.92,0.05118,0.0
594,q_learning,1,0.3657,7.64,1785,cpu,0,6,-9.55,0.05092,0.0
595,q_learning,1,0.3671,7.76,1785,cpu,11,74,103.18,0.05067,0.0
596,q_learning,1,0.3676,7.68,1785,cpu,5,26,41.6,0.05041,0.0
597,q_learning,1,0.3685,7.64,1791,cpu,5,50,42.56,0.05016,0.0
598,q_learning,1,0.3705,7.76,1797,cpu,13,105,127.39,0.05,0.0
599,q_learning,1,0.3721,7.7,1806,cpu,10,75,93.76,0.05,0.0
600,q_learning,1,0.3733,7.68,1806,cpu,9,66,83.84,0.05,0.0
601,q_learning,1,0.3746,7.68,1815,cpu,9,66,83.64,0.05,0.0
602,q_learning,1,0.3757,7.72,1815,cpu,7,59,64.39,0.05,0.0
603,q_learning,1,0.3777,7.8,1821,cpu,13,105,126.39,0.05,0.0
604,q_learning,1,0.3784,7.84,1821,cpu,4,36,31.79,0.05,0.0
605,q_learning,1,0.3789,7.66,1824,cpu,4,27,31.78,0.05,0.0
606,q_learning,1,0.3804,7.86,1833,cpu,13,73,124.31,0.05,0.0
607,q_learning,1,0.3825,7.98,1839,cpu,13,114,127.8,0.05,0.0
608,q_learning,1,0.3838,8.08,1842,cpu,8,71,74.38,0.05,0.0
609,q_learning,1,0.3841,8.02,1842,cpu,2,12,10.61,0.05,0.0
610,q_learning,1,0.3861,8.24,1851,cpu,13,110,127.84,0.05,0.0
611,q_learning,1,0.3869,8.24,1851,cpu,6,40,52.37,0.05,0.0
612,q_learning,1,0.3886,8.44,1863,cpu,13,89,125.75,0.05,0.0
613,q_learning,1,0.3893,8.38,1866,cpu,6,37,52.3,0.05,0.0
614,q_learning,1,0.3907,8.36,1866,cpu,9,70,85.4,0.05,0.0
615,q_learning,1,0.3912,8.22,1866,cpu,2,32,12.21,0.05,0.0
616,q_learning,1,0.3916,8.1,1866,cpu,3,19,20.75,0.05,0.0
617,q_learning,1,0.3927,8.12,1866,cpu,8,60,72.99,0.05,0.0
618,q_learning,1,0.3936,8.08,1869,cpu,6,52,53.85,0.05,0.0
619,q_learning,1,0.3949,8.06,1869,cpu,8,67,75.22,0.05,0.0
620,q_learning,1,0.3968,8.08,1881,cpu,13,96,126.38,0.05,0.0
621,q_learning,1,0.3972,7.92,1887,cpu,3,22,20.82,0.05,0.0
622,q_learning,1,0.3988,7.9,1887,cpu,10,87,95.44,0.05,0.0
623,q_learning,1,0.3989,7.9,1887,cpu,0,9,-9.28,0.05,0.0
624,q_learning,1,0.4009,7.94,1905,cpu,13,108,126.06,0.05,0.0
625,q_learning,1,0.4027,7.92,1908,cpu,12,93,116.6,0.05,0.0
626,q_learning,1,0.4029,7.78,1908,cpu,2,10,10.63,0.05,0.0
627,q_learning,1,0.4033,7.78,1908,cpu,2,21,11.62,0.05,0.0
628,q_learning,1,0.4053,7.84,1917,cpu,13,106,127.28,0.05,0.0
629,q_learning,1,0.4068,7.82,1920,cpu,11,77,105.45,0.05,0.0
630,q_learning,1,0.4071,7.72,1923,cpu,3,17,21.17,0.05,0.0
631,q_learning,1,0.4094,7.78,1935,cpu,13,124,128.9,0.05,0.0
632,q_learning,1,0.4098,7.66,1935,cpu,3,19,21.15,0.05,0.0
633,q_learning,1,0.4105,7.56,1938,cpu,4,44,33.31,0.05,0.0
634,q_learning,1,0.4116,7.46,1941,cpu,5,55,43.41,0.05,0.0
635,q_learning,1,0.4127,7.54,1944,cpu,9,56,83.74,0.05,0.0
636,q_learning,1,0.4131,7.4,1944,cpu,3,24,21.6,0.05,0.0
637,q_learning,1,0.415,7.64,1947,cpu,13,98,125.96,0.05,0.0
638,q_learning,1,0.4156,7.48,1947,cpu,4,36,32.59,0.05,0.0
639,q_learning,1,0.4177,7.6,1956,cpu,13,112,127.22,0.05,0.0
640,q_learning,1,0.4195,7.7,1965,cpu,13,95,126.09,0.05,0.0
641,q_learning,1,0.4204,7.78,1965,cpu,6,48,53.09,0.05,0.0
642,q_learning,1,0.4215,7.76,1968,cpu,7,59,63.39,0.05,0.0
643,q_learning,1,0.4224,7.6,1968,cpu,5,48,42.38,0.05,0.0
644,q_learning,1,0.4236,7.78,1971,cpu,9,62,84.68,0.05,0.0
645,q_learning,1,0.4247,7.74,1971,cpu,9,60,84.3,0.05,0.0
646,q_learning,1,0.426,7.8,1974,cpu,8,74,74.85,0.05,0.0
647,q_learning,1,0.4283,7.94,1983,cpu,12,125,119.08,0.05,0.0
648,q_learning,1,0.4296,7.86,1983,cpu,9,67,83.93,0.05,0.0
649,q_learning,1,0.4311,7.86,1983,cpu,10,86,95.75,0.05,0.0
650,q_learning,1,0.4327,7.94,1986,cpu,13,81,125.03,0.05,0.0
651,q_learning,1,0.4342,7.98,1986,cpu,11,76,105.16,0.05,0.0
652,q_learning,1,0.4355,8.04,1986,cpu,10,70,94.71,0.05,0.0
653,q_learning,1,0.4369,7.94,1986,cpu,8,76,75.23,0.05,0.0
654,q_learning,1,0.4379,8.06,1992,cpu,10,51,92.8,0.05,0.0
655,q_learning,1,0.4391,8.12,1992,cpu,7,65,64.93,0.05,0.0
656,q_learning,1,0.4406,8.04,1992,cpu,9,80,84.3,0.05,0.0
657,q_learning,1,0.4411,7.86,1995,cpu,4,27,31.78,0.05,0.0
658,q_learning,1,0.442,7.82,1995,cpu,6,47,52.2,0.05,0.0
659,q_learning,1,0.4436,8.0,2004,cpu,11,90,106.02,0.05,0.0
660,q_learning,1,0.4441,7.82,2007,cpu,4,28,31.87,0.05,0.0
661,q_learning,1,0.4444,7.72,2010,cpu,1,11,0.61,0.05,0.0
662,q_learning,1,0.4459,7.66,2019,cpu,10,81,94.5,0.05,0.0
663,q_learning,1,0.447,7.66,2019,cpu,6,59,54.48,0.05,0.0
664,q_learning,1,0.4482,7.66,2022,cpu,9,67,84.93,0.05,0.0
665,q_learning,1,0.45,7.84,2028,cpu,11,97,106.45,0.05,0.0
666,q_learning,1,0.4523,8.04,2028,cpu,13,124,128.9,0.05,0.0
667,q_learning,1,0.454,8.12,2031,cpu,12,88,115.95,0.05,0.0
668,q_learning,1,0.456,8.26,2040,cpu,13,104,127.3,0.05,0.0
669,q_learning,1,0.457,8.22,2040,cpu,6,57,53.9,0.05,0.0
670,q_learning,1,0.4581,8.1,2043,cpu,7,59,63.39,0.05,0.0
671,q_learning,1,0.46,8.3,2043,cpu,13,102,125.92,0.05,0.0
672,q_learning,1,0.461,8.24,2043,cpu,7,58,64.1,0.05,0.0
673,q_learning,1,0.4624,8.42,2046,cpu,9,73,84.67,0.05,0.0
674,q_learning,1,0.4642,8.36,2052,cpu,10,98,97.23,0.05,0.0
675,q_learning,1,0.4664,8.38,2052,cpu,13,118,128.76,0.05,0.0
676,q_learning,1,0.468,8.56,2052,cpu,11,84,105.88,0.05,0.0
677,q_learning,1,0.4696,8.74,2052,cpu,11,90,106.42,0.05,0.0
678,q_learning,1,0.4708,8.66,2055,cpu,9,59,83.41,0.05,0.0
679,q_learning,1,0.472,8.6,2058,cpu,8,64,73.95,0.05,0.0
680,q_learning,1,0.4731,8.7,2058,cpu,8,60,74.39,0.05,0.0
681,q_learning,1,0.4746,8.66,2061,cpu,11,81,105.61,0.05,0.0
682,q_learning,1,0.4763,8.8,2064,cpu,10,94,96.67,0.05,0.0
683,q_learning,1,0.4766,8.76,2064,cpu,2,17,11.26,0.05,0.0
684,q_learning,1,0.4785,8.9,2067,cpu,12,98,117.05,0.05,0.0
685,q_learning,1,0.48,8.9,2070,cpu,9,83,85.77,0.05,0.0
686,q_learning,1,0.4804,8.88,2070,cpu,2,19,11.44,0.05,0.0
687,q_learning,1,0.4818,8.82,2073,cpu,10,82,95.59,0.05,0.0
688,q_learning,1,0.4825,8.82,2073,cpu,4,35,32.5,0.05,0.0
689,q_learning,1,0.4843,8.82,2079,cpu,13,96,127.18,0.05,0.0
690,q_learning,1,0.4851,8.7,2079,cpu,7,46,62.62,0.05,0.0
691,q_learning,1,0.4868,8.84,2088,cpu,13,87,125.57,0.05,0.0
692,q_learning,1,0.4876,8.8,2088,cpu,5,45,43.11,0.05,0.0
693,q_learning,1,0.4895,8.96,2100,cpu,13,102,126.12,0.05,0.0
694,q_learning,1,0.4899,8.82,2100,cpu,2,18,11.15,0.05,0.0
695,q_learning,1,0.4908,8.82,2103,cpu,9,49,83.51,0.05,0.0
696,q_learning,1,0.4917,8.76,2103,cpu,5,48,43.18,0.05,0.0
697,q_learning,1,0.4931,8.72,2106,cpu,10,76,94.85,0.05,0.0
698,q_learning,1,0.4936,8.6,2109,cpu,3,31,22.03,0.05,0.0
699,q_learning,1,0.4953,8.7,2127,cpu,15,86,145.3,0.05,0.0
700,q_learning,1,0.497,8.7,2133,cpu,13,83,125.61,0.05,0.0
701,q_learning,1,0.4979,8.64,2133,cpu,8,52,72.87,0.05,0.0
702,q_learning,1,0.4999,8.7,2136,cpu,13,108,127.66,0.05,0.0
703,q_learning,1,0.5007,8.66,2139,cpu,6,38,52.59,0.05,0.0
704,q_learning,1,0.5018,8.64,2139,cpu,9,59,84.01,0.05,0.0
705,q_learning,1,0.5038,8.78,2145,cpu,14,109,137.26,0.05,0.0
706,q_learning,1,0.5054,8.88,2151,cpu,14,82,134.63,0.05,0.0
707,q_learning,1,0.5058,8.86,2151,cpu,3,21,21.33,0.05,0.0
708,q_learning,1,0.5068,8.86,2151,cpu,6,56,53.81,0.05,0.0
709,q_learning,1,0.5076,8.74,2151,cpu,5,44,42.22,0.05,0.0
710,q_learning,1,0.5085,8.84,2154,cpu,9,47,83.13,0.05,0.0
711,q_learning,1,0.5089,8.86,2154,cpu,2,20,11.53,0.05,0.0
712,q_learning,1,0.5109,8.92,2154,cpu,13,112,127.82,0.05,0.0
713,q_learning,1,0.5121,8.92,2154,cpu,6,66,53.91,0.05,0.0
714,q_learning,1,0.5131,8.88,2154,cpu,7,51,63.67,0.05,0.0
715,q_learning,1,0.5139,8.8,2154,cpu,7,46,63.42,0.05,0.0
716,q_learning,1,0.516,8.8,2160,cpu,13,110,128.24,0.05,0.0
717,q_learning,1,0.5173,8.72,2163,cpu,8,74,74.45,0.05,0.0
718,q_learning,1,0.5195,8.74,2166,cpu,14,119,138.56,0.05,0.0
719,q_learning,1,0.5216,8.86,2169,cpu,12,114,116.89,0.05,0.0
720,q_learning,1,0.5222,8.82,2172,cpu,5,34,42.32,0.05,0.0
721,q_learning,1,0.5229,8.66,2175,cpu,5,35,42.21,0.05,0.0
722,q_learning,1,0.5246,8.78,2178,cpu,13,89,126.55,0.05,0.0
723,q_learning,1,0.5258,8.78,2178,cpu,9,71,85.09,0.05,0.0
724,q_learning,1,0.5277,8.82,2181,cpu,12,98,117.05,0.05,0.0
725,q_learning,1,0.5282,8.6,2181,cpu,2,28,12.05,0.05,0.0
726,q_learning,1,0.5286,8.46,2181,cpu,4,25,31.6,0.05,0.0
727,q_learning,1,0.5309,8.5,2184,cpu,13,121,128.83,0.05,0.0
728,q_learning,1,0.5318,8.46,2184,cpu,7,43,62.75,0.05,0.0
729,q_learning,1,0.5326,8.42,2184,cpu,6,44,53.13,0.05,0.0
730,q_learning,1,0.5328,8.3,2184,cpu,2,10,10.23,0.05,0.0
731,q_learning,1,0.534,8.22,2184,cpu,7,66,63.82,0.05,0.0
732,q_learning,1,0.5346,8.12,2184,cpu,5,32,42.14,0.05,0.0
733,q_learning,1,0.5353,8.2,2184,cpu,6,37,52.5,0.05,0.0
734,q_learning,1,0.5376,8.22,2187,cpu,13,116,128.18,0.05,0.0
735,q_learning,1,0.5383,8.16,2187,cpu,6,40,52.57,0.05,0.0
736,q_learning,1,0.5396,8.28,2187,cpu,8,70,73.69,0.05,0.0
737,q_learning,1,0.5405,8.22,2187,cpu,7,47,63.11,0.05,0.0
738,q_learning,1,0.5419,8.38,2190,cpu,12,77,114.36,0.05,0.0
739,q_learning,1,0.5437,8.32,2190,cpu,10,96,95.65,0.05,0.0
740,q_learning,1,0.5459,8.48,2193,cpu,15,116,147.4,0.05,0.0
741,q_learning,1,0.5478,8.48,2193,cpu,13,98,127.16,0.05,0.0
742,q_learning,1,0.5494,8.6,2202,cpu,11,85,105.77,0.05,0.0
743,q_learning,1,0.5517,8.6,2205,cpu,13,129,129.15,0.05,0.0
744,q_learning,1,0.5532,8.74,2205,cpu,9,80,83.7,0.05,0.0
745,q_learning,1,0.5553,8.78,2205,cpu,11,114,107.78,0.05,0.0
746,q_learning,1,0.556,8.8,2205,cpu,6,37,52.5,0.05,0.0
747,q_learning,1,0.5572,8.78,2205,cpu,9,64,84.46,0.05,0.0
748,q_learning,1,0.5582,8.86,2205,cpu,7,58,63.3,0.05,0.0
749,q_learning,1,0.5599,8.76,2214,cpu,10,90,95.71,0.05,0.0
750,q_learning,1,0.5603,8.54,2214,cpu,2,20,11.53,0.05,0.0
751,q_learning,1,0.5609,8.48,2214,cpu,5,35,42.01,0.05,0.0
752,q_learning,1,0.5624,8.4,2214,cpu,9,77,84.63,0.05,0.0
753,q_learning,1,0.5637,8.5,2214,cpu,11,67,104.75,0.05,0.0
754,q_learning,1,0.5639,8.36,2214,cpu,2,14,10.59,0.05,0.0
755,q_learning,1,0.5657,8.32,2220,cpu,12,92,115.71,0.05,0.0
756,q_learning,1,0.5675,8.3,2226,cpu,13,100,126.94,0.05,0.0
757,q_learning,1,0.5687,8.4,2226,cpu,8,66,74.13,0.05,0.0
758,q_learning,1,0.57,8.44,2229,cpu,8,68,75.11,0.05,0.0
759,q_learning,1,0.5717,8.56,2229,cpu,11,89,105.33,0.05,0.0
760,q_learning,1,0.5735,8.64,2229,cpu,13,95,125.49,0.05,0.0
761,q_learning,1,0.5753,8.86,2235,cpu,13,97,125.67,0.05,0.0
762,q_learning,1,0.5761,8.74,2235,cpu,7,46,63.22,0.05,0.0
763,q_learning,1,0.5764,8.66,2238,cpu,2,14,10.79,0.05,0.0
764,q_learning,1,0.5769,8.58,2238,cpu,3,31,22.03,0.05,0.0
765,q_learning,1,0.5779,8.58,2238,cpu,7,53,63.45,0.05,0.0
766,q_learning,1,0.5787,8.46,2238,cpu,7,45,63.13,0.05,0.0
767,q_learning,1,0.5798,8.48,2238,cpu,9,55,82.45,0.05,0.0
768,q_learning,1,0.5821,8.5,2256,cpu,15,123,147.03,0.05,0.0
769,q_learning,1,0.5834,8.44,2256,cpu,9,67,84.73,0.05,0.0
770,q_learning,1,0.584,8.44,2256,cpu,5,32,42.34,0.05,0.0
771,q_learning,1,0.5855,8.52,2256,cpu,9,82,85.88,0.05,0.0
772,q_learning,1,0.5872,8.48,2256,cpu,11,90,107.02,0.05,0.0
773,q_learning,1,0.5877,8.38,2256,cpu,4,25,31.2,0.05,0.0
774,q_learning,1,0.5891,8.32,2256,cpu,9,71,84.49,0.05,0.0
775,q_learning,1,0.5903,8.44,2256,cpu,8,63,74.26,0.05,0.0
776,q_learning,1,0.592,8.64,2262,cpu,14,91,136.04,0.05,0.0
777,q_learning,1,0.5937,8.64,2265,cpu,13,91,126.13,0.05,0.0
778,q_learning,1,0.5958,8.7,2265,cpu,10,107,94.44,0.05,0.0
779,q_learning,1,0.5964,8.66,2265,cpu,4,36,32.59,0.05,0.0
780,q_learning,1,0.5973,8.76,2265,cpu,7,46,62.82,0.05,0.0
781,q_learning,1,0.5978,8.7,2265,cpu,4,26,31.69,0.05,0.0
782,q_learning,1,0.5981,8.66,2265,cpu,3,18,21.06,0.05,0.0
783,q_learning,1,0.5993,8.72,2265,cpu,9,66,84.64,0.05,0.0
784,q_learning,1,0.6002,8.58,2268,cpu,6,51,52.76,0.05,0.0
785,q_learning,1,0.6019,8.66,2271,cpu,10,89,96.42,0.05,0.0
786,q_learning,1,0.6034,8.68,2274,cpu,9,84,84.46,0.05,0.0
787,q_learning,1,0.6059,8.82,2283,cpu,14,132,139.13,0.05,0.0
788,q_learning,1,0.607,8.72,2286,cpu,7,56,64.12,0.05,0.0
789,q_learning,1,0.6077,8.64,2286,cpu,6,42,52.75,0.05,0.0
790,q_learning,1,0.61,8.64,2295,cpu,15,119,147.67,0.05,0.0
791,q_learning,1,0.612,8.64,2298,cpu,13,111,127.93,0.05,0.0
792,q_learning,1,0.6146,8.7,2319,cpu,14,134,136.51,0.05,0.0
793,q_learning,1,0.6151,8.52,2322,cpu,4,29,31.96,0.05,0.0
794,q_learning,1,0.6167,8.56,2325,cpu,11,88,106.04,0.05,0.0
795,q_learning,1,0.6169,8.36,2325,cpu,1,10,0.72,0.05,0.0
796,q_learning,1,0.6191,8.54,2337,cpu,15,116,146.8,0.05,0.0
797,q_learning,1,0.6198,8.44,2337,cpu,4,35,32.5,0.05,0.0
798,q_learning,1,0.621,8.48,2340,cpu,9,64,84.46,0.05,0.0
799,q_learning,1,0.6217,8.38,2340,cpu,5,39,42.97,0.05,0.0
800,q_learning,1,0.6232,8.56,2343,cpu,11,77,105.05,0.05,0.0
801,q_learning,1,0.6245,8.62,2343,cpu,8,73,74.96,0.05,0.0
802,q_learning,1,0.6248,8.46,2343,cpu,1,13,0.19,0.05,0.0
803,q_learning,1,0.6268,8.54,2352,cpu,15,105,146.61,0.05,0.0
804,q_learning,1,0.6272,8.58,2355,cpu,4,23,30.82,0.05,0.0
805,q_learning,1,0.6284,8.48,2355,cpu,7,65,64.73,0.05,0.0
806,q_learning,1,0.6303,8.5,2355,cpu,14,98,136.07,0.05,0.0
807,q_learning,1,0.6313,8.5,2355,cpu,8,57,74.32,0.05,0.0
808,q_learning,1,0.6325,8.52,2355,cpu,9,63,84.37,0.05,0.0
809,q_learning,1,0.6336,8.48,2355,cpu,9,62,84.08,0.05,0.0
810,q_learning,1,0.6352,8.44,2361,cpu,11,84,104.68,0.05,0.0
811,q_learning,1,0.6358,8.22,2361,cpu,2,37,12.66,0.05,0.0
812,q_learning,1,0.6367,8.22,2361,cpu,7,48,63.4,0.05,0.0
813,q_learning,1,0.6387,8.44,2364,cpu,13,106,126.88,0.05,0.0
814,q_learning,1,0.6401,8.56,2364,cpu,9,75,85.05,0.05,0.0
815,q_learning,1,0.6415,8.62,2367,cpu,10,77,94.94,0.05,0.0
816,q_learning,1,0.6431,8.7,2370,cpu,11,87,106.15,0.05,0.0
817,q_learning,1,0.6454,8.82,2370,cpu,15,124,148.12,0.05,0.0
818,q_learning,1,0.6463,8.64,2370,cpu,6,46,53.51,0.05,0.0
819,q_learning,1,0.647,8.54,2370,cpu,4,36,32.19,0.05,0.0
820,q_learning,1,0.6474,8.5,2370,cpu,3,25,21.89,0.05,0.0
821,q_learning,1,0.6479,8.38,2370,cpu,3,26,21.38,0.05,0.0
822,q_learning,1,0.6489,8.34,2373,cpu,9,55,82.65,0.05,0.0
823,q_learning,1,0.6503,8.48,2376,cpu,11,76,105.56,0.05,0.0
824,q_learning,1,0.6519,8.52,2376,cpu,11,83,105.59,0.05,0.0
825,q_learning,1,0.6534,8.54,2379,cpu,9,82,85.68,0.05,0.0
826,q_learning,1,0.6536,8.28,2379,cpu,1,10,0.52,0.05,0.0
827,q_learning,1,0.6553,8.24,2385,cpu,11,90,106.82,0.05,0.0
828,q_learning,1,0.6562,8.16,2385,cpu,6,52,53.45,0.05,0.0
829,q_learning,1,0.6584,8.4,2391,cpu,16,117,156.8,0.05,0.0
830,q_learning,1,0.6604,8.56,2394,cpu,15,101,147.45,0.05,0.0
831,q_learning,1,0.6617,8.66,2394,cpu,9,72,85.38,0.05,0.0
832,q_learning,1,0.6637,8.86,2397,cpu,13,105,127.39,0.05,0.0
833,q_learning,1,0.6645,8.78,2397,cpu,5,46,43.4,0.05,0.0
834,q_learning,1,0.6661,8.84,2400,cpu,9,86,85.64,0.05,0.0
835,q_learning,1,0.6677,8.86,2403,cpu,11,90,106.42,0.05,0.0
836,q_learning,1,0.6695,8.94,2406,cpu,13,92,126.82,0.05,0.0
837,q_learning,1,0.6713,8.92,2406,cpu,13,93,126.31,0.05,0.0
838,q_learning,1,0.6725,8.94,2409,cpu,8,64,74.75,0.05,0.0
839,q_learning,1,0.6727,8.86,2409,cpu,2,12,10.61,0.05,0.0
840,q_learning,1,0.6743,8.82,2412,cpu,13,84,125.9,0.05,0.0
841,q_learning,1,0.6758,8.78,2412,cpu,11,83,105.19,0.05,0.0
842,q_learning,1,0.6776,8.78,2421,cpu,14,95,136.2,0.05,0.0
843,q_learning,1,0.678,8.74,2424,cpu,2,18,11.15,0.05,0.0
844,q_learning,1,0.6805,8.86,2433,cpu,17,132,168.86,0.05,0.0
845,q_learning,1,0.6806,8.84,2433,cpu,0,7,-9.46,0.05,0.0
846,q_learning,1,0.6808,8.58,2433,cpu,2,10,10.63,0.05,0.0
847,q_learning,1,0.6819,8.7,2436,cpu,10,58,94.03,0.05,0.0
848,q_learning,1,0.6835,8.78,2439,cpu,13,84,125.7,0.05,0.0
849,q_learning,1,0.6844,8.8,2439,cpu,6,50,53.67,0.05,0.0
850,q_learning,1,0.6853,8.74,2439,cpu,8,51,73.58,0.05,0.0
851,q_learning,1,0.6865,8.7,2439,cpu,6,62,54.75,0.05,0.0
852,q_learning,1,0.6873,8.82,2439,cpu,7,42,62.86,0.05,0.0
853,q_learning,1,0.688,8.58,2439,cpu,3,42,22.42,0.05,0.0
854,q_learning,1,0.6905,8.8,2439,cpu,15,135,148.51,0.05,0.0
855,q_learning,1,0.692,8.9,2442,cpu,12,81,115.72,0.05,0.0
856,q_learning,1,0.6935,8.82,2442,cpu,10,78,95.43,0.05,0.0
857,q_learning,1,0.6943,8.78,2445,cpu,6,45,52.42,0.05,0.0
858,q_learning,1,0.6951,8.72,2445,cpu,6,43,52.24,0.05,0.0
859,q_learning,1,0.6965,8.78,2445,cpu,12,70,115.13,0.05,0.0
860,q_learning,1,0.6976,8.72,2445,cpu,8,61,74.08,0.05,0.0
861,q_learning,1,0.6994,8.9,2448,cpu,11,101,106.61,0.05,0.0
862,q_learning,1,0.7019,9.1,2460,cpu,17,129,168.19,0.05,0.0
863,q_learning,1,0.7034,9.04,2460,cpu,10,81,95.5,0.05,0.0
864,q_learning,1,0.7051,9.12,2463,cpu,13,81,125.63,0.05,0.0
865,q_learning,1,0.7064,9.08,2463,cpu,8,70,74.89,0.05,0.0
866,q_learning,1,0.7082,9.08,2466,cpu,11,98,106.14,0.05,0.0
867,q_learning,1,0.7088,8.88,2466,cpu,5,35,42.41,0.05,0.0
868,q_learning,1,0.7109,9.02,2469,cpu,13,112,127.82,0.05,0.0
869,q_learning,1,0.7126,9.2,2472,cpu,13,90,126.04,0.05,0.0
870,q_learning,1,0.7147,9.4,2475,cpu,13,102,127.32,0.05,0.0
871,q_learning,1,0.7148,9.34,2475,cpu,0,8,-9.37,0.05,0.0
872,q_learning,1,0.7168,9.42,2475,cpu,13,105,126.39,0.05,0.0
873,q_learning,1,0.7193,9.46,2484,cpu,13,137,129.87,0.05,0.0
874,q_learning,1,0.72,9.38,2487,cpu,7,40,62.48,0.05,0.0
875,q_learning,1,0.7209,9.3,2487,cpu,5,43,43.33,0.05,0.0
876,q_learning,1,0.7225,9.48,2487,cpu,10,87,95.44,0.05,0.0
877,q_learning,1,0.7235,9.4,2487,cpu,7,53,63.45,0.05,0.0
878,q_learning,1,0.7248,9.42,2487,cpu,7,72,64.36,0.05,0.0
879,q_learning,1,0.7269,9.38,2490,cpu,14,111,137.44,0.05,0.0
880,q_learning,1,0.7274,9.14,2490,cpu,3,26,21.58,0.05,0.0
881,q_learning,1,0.7284,9.06,2490,cpu,5,57,43.59,0.05,0.0
882,q_learning,1,0.7305,9.08,2490,cpu,14,104,137.61,0.05,0.0
883,q_learning,1,0.7312,9.06,2490,cpu,4,40,31.35,0.05,0.0
884,q_learning,1,0.7316,8.96,2490,cpu,4,22,31.53,0.05,0.0
885,q_learning,1,0.7332,8.96,2490,cpu,11,88,106.44,0.05,0.0
886,q_learning,1,0.7344,8.9,2490,cpu,10,63,94.28,0.05,0.0
887,q_learning,1,0.7356,8.8,2493,cpu,8,63,74.06,0.05,0.0
888,q_learning,1,0.738,8.92,2493,cpu,14,126,139.79,0.05,0.0
889,q_learning,1,0.7395,9.12,2496,cpu,12,80,115.43,0.05,0.0
890,q_learning,1,0.7401,8.92,2499,cpu,3,32,22.12,0.05,0.0
891,q_learning,1,0.7423,9.02,2499,cpu,16,115,157.62,0.05,0.0
892,q_learning,1,0.7439,9.0,2502,cpu,13,83,125.01,0.05,0.0
893,q_learning,1,0.7451,9.12,2505,cpu,8,66,74.53,0.05,0.0
894,q_learning,1,0.7474,9.06,2505,cpu,14,115,138.8,0.05,0.0
895,q_learning,1,0.7496,9.36,2508,cpu,15,114,148.42,0.05,0.0
896,q_learning,1,0.751,9.54,2508,cpu,11,76,104.96,0.05,0.0
897,q_learning,1,0.7511,9.34,2508,cpu,0,9,-9.28,0.05,0.0
898,q_learning,1,0.7532,9.38,2508,cpu,15,112,147.44,0.05,0.0
899,q_learning,1,0.7545,9.42,2508,cpu,8,63,74.26,0.05,0.0
900,q_learning,1,0.7549,9.32,2508,cpu,3,22,21.42,0.05,0.0
901,q_learning,1,0.7566,9.42,2508,cpu,11,97,105.05,0.05,0.0
902,q_learning,1,0.7583,9.52,2514,cpu,12,86,116.37,0.05,0.0
903,q_learning,1,0.7596,9.64,2514,cpu,9,73,85.07,0.05,0.0
904,q_learning,1,0.7621,9.68,2526,cpu,17,132,168.46,0.05,0.0
905,q_learning,1,0.7628,9.54,2529,cpu,5,36,42.3,0.05,0.0
906,q_learning,1,0.7633,9.46,2532,cpu,6,21,51.06,0.05,0.0
907,q_learning,1,0.7651,9.58,2535,cpu,12,98,115.85,0.05,0.0
908,q_learning,1,0.7656,9.5,2535,cpu,2,28,11.45,0.05,0.0
909,q_learning,1,0.7659,9.32,2538,cpu,3,20,20.84,0.05,0.0
910,q_learning,1,0.768,9.44,2541,cpu,14,110,137.35,0.05,0.0
911,q_learning,1,0.769,9.38,2541,cpu,8,56,73.63,0.05,0.0
912,q_learning,1,0.7696,9.12,2544,cpu,4,31,32.14,0.05,0.0
913,q_learning,1,0.7704,9.02,2544,cpu,5,45,42.31,0.05,0.0
914,q_learning,1,0.7725,9.04,2547,cpu,14,108,137.37,0.05,0.0
915,q_learning,1,0.7743,9.16,2556,cpu,14,96,136.29,0.05,0.0
916,q_learning,1,0.7755,9.1,2556,cpu,8,68,74.31,0.05,0.0
917,q_learning,1,0.7772,9.24,2559,cpu,12,94,114.89,0.05,0.0
918,q_learning,1,0.7795,9.26,2559,cpu,14,116,138.29,0.05,0.0
919,q_learning,1,0.7815,9.3,2565,cpu,15,108,146.88,0.05,0.0
920,q_learning,1,0.7833,9.3,2568,cpu,13,91,126.73,0.05,0.0
921,q_learning,1,0.7851,9.54,2568,cpu,12,102,116.81,0.05,0.0
922,q_learning,1,0.7857,9.38,2571,cpu,5,32,41.54,0.05,0.0
923,q_learning,1,0.7863,9.2,2571,cpu,4,36,32.59,0.05,0.0
924,q_learning,1,0.7875,9.18,2574,cpu,6,65,52.82,0.05,0.0
925,q_learning,1,0.7883,9.18,2574,cpu,5,45,43.11,0.05,0.0
926,q_learning,1,0.7898,9.18,2577,cpu,10,81,95.7,0.05,0.0
927,q_learning,1,0.7908,9.16,2580,cpu,6,56,53.81,0.05,0.0
928,q_learning,1,0.7914,9.08,2580,cpu,3,32,21.72,0.05,0.0
929,q_learning,1,0.7928,8.96,2580,cpu,8,79,76.1,0.05,0.0
930,q_learning,1,0.7943,9.06,2580,cpu,8,81,75.68,0.05,0.0
931,q_learning,1,0.7959,9.14,2583,cpu,9,85,84.95,0.05,0.0
932,q_learning,1,0.7973,9.04,2583,cpu,9,77,84.83,0.05,0.0
933,q_learning,1,0.7988,9.16,2583,cpu,10,81,95.5,0.05,0.0
934,q_learning,1,0.8006,9.32,2583,cpu,12,102,115.61,0.05,0.0
935,q_learning,1,0.8029,9.4,2583,cpu,15,121,148.05,0.05,0.0
936,q_learning,1,0.8056,9.54,2589,cpu,17,142,169.36,0.05,0.0
937,q_learning,1,0.8064,9.46,2589,cpu,4,42,31.73,0.05,0.0
938,q_learning,1,0.8077,9.36,2592,cpu,9,71,84.29,0.05,0.0
939,q_learning,1,0.8103,9.44,2598,cpu,16,138,159.49,0.05,0.0
940,q_learning,1,0.8106,9.42,2598,cpu,2,19,11.24,0.05,0.0
941,q_learning,1,0.8127,9.42,2601,cpu,16,106,157.61,0.05,0.0
942,q_learning,1,0.8148,9.46,2604,cpu,15,108,146.68,0.05,0.0
943,q_learning,1,0.816,9.48,2604,cpu,9,68,83.62,0.05,0.0
944,q_learning,1,0.8177,9.38,2604,cpu,9,93,85.27,0.05,0.0
945,q_learning,1,0.8201,9.42,2613,cpu,17,129,168.79,0.05,0.0
946,q_learning,1,0.8223,9.48,2613,cpu,14,115,138.6,0.05,0.0
947,q_learning,1,0.8227,9.54,2613,cpu,3,20,20.44,0.05,0.0
948,q_learning,1,0.8247,9.5,2613,cpu,13,104,127.3,0.05,0.0
949,q_learning,1,0.827,9.58,2613,cpu,12,128,119.15,0.05,0.0
950,q_learning,1,0.8278,9.64,2613,cpu,6,47,53.0,0.05,0.0
951,q_learning,1,0.8302,9.76,2616,cpu,17,120,167.98,0.05,0.0
952,q_learning,1,0.8311,9.66,2616,cpu,7,53,63.65,0.05,0.0
953,q_learning,1,0.8321,9.62,2619,cpu,7,51,63.47,0.05,0.0
954,q_learning,1,0.8337,9.5,2619,cpu,11,89,105.13,0.05,0.0
955,q_learning,1,0.8353,9.62,2622,cpu,11,85,105.57,0.05,0.0
956,q_learning,1,0.8373,9.78,2631,cpu,14,107,137.28,0.05,0.0
957,q_learning,1,0.8395,9.86,2634,cpu,16,112,157.55,0.05,0.0
958,q_learning,1,0.841,10.0,2634,cpu,9,81,84.79,0.05,0.0
959,q_learning,1,0.8427,10.16,2637,cpu,11,95,106.27,0.05,0.0
960,q_learning,1,0.8445,10.12,2640,cpu,12,101,117.32,0.05,0.0
961,q_learning,1,0.8449,10.0,2643,cpu,2,20,11.13,0.05,0.0
962,q_learning,1,0.8462,10.08,2643,cpu,8,68,74.91,0.05,0.0
963,q_learning,1,0.8464,10.02,2646,cpu,2,14,10.59,0.05,0.0
964,q_learning,1,0.8469,9.82,2646,cpu,4,26,31.69,0.05,0.0
965,q_learning,1,0.8486,9.82,2649,cpu,14,87,134.68,0.05,0.0
966,q_learning,1,0.8503,9.9,2652,cpu,12,90,115.33,0.05,0.0
967,q_learning,1,0.8514,9.82,2652,cpu,8,60,74.59,0.05,0.0
968,q_learning,1,0.8528,9.76,2655,cpu,11,72,104.8,0.05,0.0
969,q_learning,1,0.8546,9.74,2664,cpu,14,93,136.02,0.05,0.0
970,q_learning,1,0.8564,9.74,2664,cpu,13,93,126.91,0.05,0.0
971,q_learning,1,0.8576,9.72,2664,cpu,11,63,104.59,0.05,0.0
972,q_learning,1,0.8579,9.68,2664,cpu,3,18,21.26,0.05,0.0
973,q_learning,1,0.8605,9.94,2673,cpu,17,139,169.69,0.05,0.0
974,q_learning,1,0.8615,9.96,2673,cpu,7,53,64.05,0.05,0.0
975,q_learning,1,0.8635,10.08,2673,cpu,11,110,107.42,0.05,0.0
976,q_learning,1,0.8638,9.92,2673,cpu,2,18,10.75,0.05,0.0
977,q_learning,1,0.8645,9.9,2673,cpu,5,35,42.21,0.05,0.0
978,q_learning,1,0.8669,10.12,2676,cpu,14,130,138.55,0.05,0.0
979,q_learning,1,0.8679,10.16,2676,cpu,10,56,93.85,0.05,0.0
980,q_learning,1,0.869,10.16,2676,cpu,8,60,74.19,0.05,0.0
981,q_learning,1,0.8701,10.14,2676,cpu,8,59,74.3,0.05,0.0
982,q_learning,1,0.8721,10.24,2676,cpu,14,103,137.92,0.05,0.0
983,q_learning,1,0.8737,10.2,2676,cpu,8,92,76.27,0.05,0.0
984,q_learning,1,0.8743,10.08,2676,cpu,6,29,51.58,0.05,0.0
985,q_learning,1,0.8749,9.86,2676,cpu,4,33,32.12,0.05,0.0
986,q_learning,1,0.8778,9.84,2685,cpu,16,159,158.78,0.05,0.0
987,q_learning,1,0.8795,9.98,2685,cpu,11,85,104.77,0.05,0.0
988,q_learning,1,0.8801,9.94,2685,cpu,7,36,62.52,0.05,0.0
989,q_learning,1,0.8803,9.66,2685,cpu,2,6,10.27,0.05,0.0
990,q_learning,1,0.882,9.86,2688,cpu,12,93,116.4,0.05,0.0
991,q_learning,1,0.8842,9.84,2691,cpu,15,117,147.09,0.05,0.0
992,q_learning,1,0.8856,9.74,2691,cpu,10,78,94.63,0.05,0.0
993,q_learning,1,0.8867,9.72,2694,cpu,8,58,73.61,0.05,0.0
994,q_learning,1,0.8881,9.76,2697,cpu,11,74,104.98,0.05,0.0
995,q_learning,1,0.8892,9.58,2697,cpu,8,61,74.28,0.05,0.0
996,q_learning,1,0.891,9.54,2700,cpu,12,98,116.45,0.05,0.0
997,q_learning,1,0.893,9.72,2703,cpu,12,110,117.13,0.05,0.0
998,q_learning,1,0.8951,9.74,2703,cpu,14,108,138.17,0.05,0.0
999,q_learning,1,0.8971,9.8,2706,cpu,15,101,147.25,0.05,0.0
1000,q_learning,1,0.8995,10.0,2706,cpu,16,130,159.17,0.05,0.0
1001,q_learning,1,0.9005,9.86,2706,cpu,10,51,92.8,0.05,0.0
1002,q_learning,1,0.9031,10.06,2724,cpu,17,135,167.93,0.05,0.0
1003,q_learning,1,0.9046,10.14,2724,cpu,11,78,104.74,0.05,0.0
1004,q_learning,1,0.9067,10.2,2724,cpu,14,111,135.64,0.05,0.0
1005,q_learning,1,0.9079,10.18,2724,cpu,10,66,93.95,0.05,0.0
1006,q_learning,1,0.9096,10.18,2724,cpu,14,85,135.7,0.05,0.0
1007,q_learning,1,0.9107,10.0,2727,cpu,7,63,64.55,0.05,0.0
1008,q_learning,1,0.9126,10.04,2730,cpu,11,100,105.92,0.05,0.0
1009,q_learning,1,0.9138,10.0,2730,cpu,9,63,84.37,0.05,0.0
1010,q_learning,1,0.9147,9.9,2730,cpu,7,49,63.09,0.05,0.0
1011,q_learning,1,0.916,10.08,2730,cpu,11,67,104.75,0.05,0.0
1012,q_learning,1,0.9171,10.04,2730,cpu,6,65,54.22,0.05,0.0
1013,q_learning,1,0.9184,10.18,2730,cpu,9,73,85.07,0.05,0.0
1014,q_learning,1,0.9209,10.44,2739,cpu,17,125,168.43,0.05,0.0
1015,q_learning,1,0.9229,10.4,2739,cpu,12,107,117.26,0.05,0.0
1016,q_learning,1,0.9232,10.2,2739,cpu,2,16,11.17,0.05,0.0
1017,q_learning,1,0.9262,10.38,2745,cpu,17,166,170.52,0.05,0.0
1018,q_learning,1,0.9267,10.2,2745,cpu,2,26,12.07,0.05,0.0
1019,q_learning,1,0.9287,10.18,2745,cpu,13,103,127.01,0.05,0.0
1020,q_learning,1,0.9295,10.04,2745,cpu,6,42,52.95,0.05,0.0
1021,q_learning,1,0.9312,10.1,2745,cpu,14,93,135.02,0.05,0.0
1022,q_learning,1,0.9338,10.38,2748,cpu,17,140,169.38,0.05,0.0
1023,q_learning,1,0.9342,10.12,2748,cpu,4,18,30.97,0.05,0.0
1024,q_learning,1,0.9343,9.98,2748,cpu,0,6,-9.55,0.05,0.0
1025,q_learning,1,0.936,10.0,2748,cpu,12,93,116.4,0.05,0.0
1026,q_learning,1,0.938,10.2,2748,cpu,12,104,117.19,0.05,0.0
1027,q_learning,1,0.9389,10.26,2748,cpu,8,50,73.49,0.05,0.0
1028,q_learning,1,0.9406,10.14,2751,cpu,8,91,75.98,0.05,0.0
1029,q_learning,1,0.9426,10.2,2757,cpu,13,111,127.53,0.05,0.0
1030,q_learning,1,0.9433,10.14,2757,cpu,5,40,42.66,0.05,0.0
1031,q_learning,1,0.9442,10.12,2757,cpu,7,46,62.62,0.05,0.0
1032,q_learning,1,0.946,10.06,2757,cpu,11,96,105.76,0.05,0.0
1033,q_learning,1,0.9461,9.92,2757,cpu,1,7,0.45,0.05,0.0
1034,q_learning,1,0.9488,10.12,2763,cpu,16,146,160.21,0.05,0.0
1035,q_learning,1,0.951,10.32,2763,cpu,14,113,137.02,0.05,0.0
1036,q_learning,1,0.9528,10.3,2763,cpu,15,91,146.35,0.05,0.0
1037,q_learning,1,0.9546,10.3,2763,cpu,11,96,106.16,0.05,0.0
1038,q_learning,1,0.956,10.38,2763,cpu,11,73,104.89,0.05,0.0
1039,q_learning,1,0.9587,10.66,2763,cpu,16,142,160.05,0.05,0.0
1040,q_learning,1,0.9607,10.76,2775,cpu,17,101,166.47,0.05,0.0
1041,q_learning,1,0.9622,10.72,2775,cpu,13,74,124.6,0.05,0.0
1042,q_learning,1,0.9632,10.66,2775,cpu,7,51,62.67,0.05,0.0
1043,q_learning,1,0.965,10.74,2778,cpu,12,100,117.83,0.05,0.0
1044,q_learning,1,0.967,10.8,2781,cpu,14,107,137.28,0.05,0.0
1045,q_learning,1,0.9674,10.72,2784,cpu,4,19,30.86,0.05,0.0
1046,q_learning,1,0.9678,10.54,2784,cpu,3,24,21.6,0.05,0.0
1047,q_learning,1,0.9704,10.6,2787,cpu,15,138,149.78,0.05,0.0
1048,q_learning,1,0.9724,10.6,2787,cpu,14,99,136.56,0.05,0.0
1049,q_learning,1,0.9735,10.44,2790,cpu,7,64,64.84,0.05,0.0
1050,q_learning,1,0.9752,10.34,2796,cpu,11,92,105.8,0.05,0.0
1051,q_learning,1,0.9777,10.48,2805,cpu,17,132,170.06,0.05,0.0
1052,q_learning,1,0.9804,10.48,2808,cpu,17,141,169.67,0.05,0.0
1053,q_learning,1,0.9822,10.54,2811,cpu,14,95,135.6,0.05,0.0
1054,q_learning,1,0.9838,10.52,2814,cpu,13,85,125.99,0.05,0.0
1055,q_learning,1,0.9857,10.62,2814,cpu,15,102,147.74,0.05,0.0
1056,q_learning,1,0.9879,10.6,2820,cpu,13,113,126.91,0.05,0.0
1057,q_learning,1,0.9895,10.72,2829,cpu,13,82,124.72,0.05,0.0
1058,q_learning,1,0.9922,10.84,2841,cpu,17,143,168.25,0.05,0.0
1059,q_learning,1,0.9932,10.84,2841,cpu,9,54,82.96,0.05,0.0
1060,q_learning,1,0.9945,10.9,2841,cpu,10,73,94.38,0.05,0.0
1061,q_learning,1,0.9971,11.02,2847,cpu,17,132,169.26,0.05,0.0
1062,q_learning,1,0.9994,11.2,2847,cpu,15,122,148.74,0.05,0.0
1063,q_learning,1,1.0002,11.14,2847,cpu,6,43,52.44,0.05,0.0
1064,q_learning,1,1.0008,10.92,2850,cpu,6,33,52.34,0.05,0.0
1065,q_learning,1,1.0029,11.02,2853,cpu,17,106,166.72,0.05,0.0
1066,q_learning,1,1.0043,11.18,2853,cpu,10,74,95.67,0.05,0.0
1067,q_learning,1,1.0052,10.94,2853,cpu,5,53,44.03,0.05,0.0
1068,q_learning,1,1.0071,11.14,2856,cpu,12,99,114.74,0.05,0.0
1069,q_learning,1,1.0091,11.2,2856,cpu,16,104,157.03,0.05,0.0
1070,q_learning,1,1.0109,11.32,2856,cpu,12,99,117.34,0.05,0.0
1071,q_learning,1,1.0119,11.14,2856,cpu,5,57,44.59,0.05,0.0
1072,q_learning,1,1.0136,11.02,2856,cpu,11,90,104.42,0.05,0.0
1073,q_learning,1,1.0145,11.06,2856,cpu,6,49,52.98,0.05,0.0
1074,q_learning,1,1.0165,11.36,2856,cpu,15,106,147.1,0.05,0.0
1075,q_learning,1,1.0173,11.22,2856,cpu,5,44,42.42,0.05,0.0
1076,q_learning,1,1.0181,11.1,2856,cpu,6,48,52.89,0.05,0.0
1077,q_learning,1,1.0183,10.98,2856,cpu,2,11,10.72,0.05,0.0
1078,q_learning,1,1.0201,11.04,2856,cpu,11,93,105.69,0.05,0.0
1079,q_learning,1,1.0208,10.86,2856,cpu,4,38,32.97,0.05,0.0
1080,q_learning,1,1.0218,10.92,2856,cpu,8,54,73.25,0.05,0.0
1081,q_learning,1,1.0225,10.86,2856,cpu,4,37,32.28,0.05,0.0
1082,q_learning,1,1.0233,10.74,2859,cpu,5,45,42.31,0.05,0.0
1083,q_learning,1,1.0249,10.96,2859,cpu,12,87,115.46,0.05,0.0
1084,q_learning,1,1.0263,10.86,2859,cpu,11,76,105.16,0.05,0.0
1085,q_learning,1,1.0266,10.62,2859,cpu,2,14,10.79,0.05,0.0
1086,q_learning,1,1.0275,10.46,2862,cpu,7,48,63.4,0.05,0.0
1087,q_learning,1,1.0281,10.34,2862,cpu,5,34,42.32,0.05,0.0
1088,q_learning,1,1.0298,10.36,2862,cpu,12,91,116.62,0.05,0.0
1089,q_learning,1,1.0312,10.22,2862,cpu,9,73,85.47,0.05,0.0
1090,q_learning,1,1.0327,10.1,2862,cpu,11,83,105.19,0.05,0.0
1091,q_learning,1,1.0347,10.14,2862,cpu,15,104,147.12,0.05,0.0
1092,q_learning,1,1.0354,10.12,2865,cpu,6,37,52.1,0.05,0.0
1093,q_learning,1,1.0377,10.22,2880,cpu,17,118,168.2,0.05,0.0
1094,q_learning,1,1.0389,10.14,2880,cpu,10,64,94.17,0.05,0.0
1095,q_learning,1,1.0413,10.4,2880,cpu,17,128,168.7,0.05,0.0
1096,q_learning,1,1.0426,10.52,2880,cpu,9,73,83.87,0.05,0.0
1097,q_learning,1,1.0435,10.32,2880,cpu,5,51,43.45,0.05,0.0
1098,q_learning,1,1.0442,10.16,2880,cpu,6,36,52.61,0.05,0.0
1099,q_learning,1,1.0445,10.06,2880,cpu,2,17,11.06,0.05,0.0
1100,q_learning,1,1.0456,9.98,2880,cpu,7,62,64.86,0.05,0.0
1101,q_learning,1,1.0468,9.78,2883,cpu,7,64,64.04,0.05,0.0
1102,q_learning,1,1.0482,9.66,2883,cpu,11,75,105.27,0.05,0.0
1103,q_learning,1,1.0493,9.5,2883,cpu,6,59,54.28,0.05,0.0
1104,q_learning,1,1.0505,9.5,2886,cpu,13,64,124.3,0.05,0.0
1105,q_learning,1,1.0529,9.54,2889,cpu,17,122,167.96,0.05,0.0
1106,q_learning,1,1.0533,9.32,2892,cpu,2,24,11.09,0.05,0.0
1107,q_learning,1,1.0552,9.3,2892,cpu,12,99,117.14,0.05,0.0
1108,q_learning,1,1.0572,9.22,2892,cpu,13,110,127.84,0.05,0.0
1109,q_learning,1,1.0592,9.34,2892,cpu,15,105,147.21,0.05,0.0
1110,q_learning,1,1.0616,9.42,2892,cpu,14,129,139.26,0.05,0.0
1111,q_learning,1,1.0627,9.2,2892,cpu,6,57,54.1,0.05,0.0
1112,q_learning,1,1.0647,9.16,2892,cpu,13,112,126.22,0.05,0.0
1113,q_learning,1,1.0656,9.16,2895,cpu,6,48,52.69,0.05,0.0
1114,q_learning,1,1.0685,9.38,2898,cpu,17,153,169.95,0.05,0.0
1115,q_learning,1,1.0694,9.16,2898,cpu,6,52,54.05,0.05,0.0
1116,q_learning,1,1.0696,9.0,2898,cpu,2,7,10.36,0.05,0.0
1117,q_learning,1,1.0707,9.06,2898,cpu,8,58,74.01,0.05,0.0
1118,q_learning,1,1.0727,9.08,2901,cpu,13,106,126.48,0.05,0.0
1119,q_learning,1,1.0746,9.06,2901,cpu,15,99,146.87,0.05,0.0
1120,q_learning,1,1.077,9.1,2904,cpu,14,133,136.42,0.05,0.0
1121,q_learning,1,1.079,9.26,2910,cpu,13,104,127.7,0.05,0.0
1122,q_learning,1,1.0807,9.28,2910,cpu,12,91,116.62,0.05,0.0
1123,q_learning,1,1.0831,9.5,2922,cpu,17,124,166.54,0.05,0.0
1124,q_learning,1,1.0858,9.54,2928,cpu,17,143,168.45,0.05,0.0
1125,q_learning,1,1.0862,9.48,2928,cpu,2,23,10.6,0.05,0.0
1126,q_learning,1,1.0876,9.58,2928,cpu,11,73,104.49,0.05,0.0
1127,q_learning,1,1.0896,9.78,2928,cpu,12,105,117.28,0.05,0.0
1128,q_learning,1,1.0904,9.6,2928,cpu,2,47,10.16,0.05,0.0
1129,q_learning,1,1.0925,9.8,2931,cpu,14,116,136.89,0.05,0.0
1130,q_learning,1,1.0938,9.86,2931,cpu,11,67,104.75,0.05,0.0
1131,q_learning,1,1.0955,10.02,2934,cpu,12,91,115.42,0.05,0.0
1132,q_learning,1,1.0965,10.06,2934,cpu,7,50,62.58,0.05,0.0
1133,q_learning,1,1.0972,9.92,2934,cpu,5,37,42.79,0.05,0.0
1134,q_learning,1,1.0994,9.96,2934,cpu,13,121,127.63,0.05,0.0
1135,q_learning,1,1.1015,10.22,2934,cpu,15,116,147.4,0.05,0.0
1136,q_learning,1,1.1037,10.42,2940,cpu,17,112,166.66,0.05,0.0
1137,q_learning,1,1.1053,10.54,2940,cpu,11,82,104.9,0.05,0.0
1138,q_learning,1,1.107,10.54,2940,cpu,12,88,116.55,0.05,0.0
1139,q_learning,1,1.1092,10.68,2940,cpu,16,117,157.6,0.05,0.0
1140,q_learning,1,1.1112,10.76,2943,cpu,15,106,147.5,0.05,0.0
1141,q_learning,1,1.1128,10.64,2943,cpu,9,83,83.57,0.05,0.0
1142,q_learning,1,1.1151,10.86,2946,cpu,17,118,168.4,0.05,0.0
1143,q_learning,1,1.1159,10.68,2946,cpu,8,41,72.88,0.05,0.0
1144,q_learning,1,1.1163,10.52,2946,cpu,2,24,11.29,0.05,0.0
1145,q_learning,1,1.1179,10.4,2946,cpu,11,83,104.99,0.05,0.0
1146,q_learning,1,1.1193,10.42,2946,cpu,10,76,95.65,0.05,0.0
1147,q_learning,1,1.1213,10.58,2949,cpu,13,103,126.81,0.05,0.0
1148,q_learning,1,1.1227,10.68,2949,cpu,11,74,104.78,0.05,0.0
1149,q_learning,1,1.1234,10.74,2949,cpu,5,37,42.39,0.05,0.0
1150,q_learning,1,1.1245,10.78,2949,cpu,9,56,83.34,0.05,0.0
1151,q_learning,1,1.126,10.9,2949,cpu,13,77,125.07,0.05,0.0
1152,q_learning,1,1.1277,10.96,2949,cpu,14,94,135.91,0.05,0.0
1153,q_learning,1,1.1305,11.18,2955,cpu,17,143,167.85,0.05,0.0
1154,q_learning,1,1.1325,11.2,2958,cpu,14,104,136.81,0.05,0.0
1155,q_learning,1,1.1351,11.18,2958,cpu,16,141,159.36,0.05,0.0
1156,q_learning,1,1.1376,11.46,2958,cpu,16,126,157.21,0.05,0.0
1157,q_learning,1,1.1377,11.24,2958,cpu,1,8,0.34,0.05,0.0
1158,q_learning,1,1.1388,11.16,2958,cpu,9,57,83.83,0.05,0.0
1159,q_learning,1,1.1404,11.12,2958,cpu,13,83,124.41,0.05,0.0
1160,q_learning,1,1.1413,10.96,2958,cpu,6,52,53.25,0.05,0.0
1161,q_learning,1,1.143,11.06,2961,cpu,11,93,106.49,0.05,0.0
1162,q_learning,1,1.1449,11.06,2970,cpu,13,101,125.83,0.05,0.0
1163,q_learning,1,1.1473,11.22,2973,cpu,14,123,137.12,0.05,0.0
1164,q_learning,1,1.1481,11.04,2973,cpu,8,45,72.84,0.05,0.0
1165,q_learning,1,1.1502,11.26,2976,cpu,17,105,167.23,0.05,0.0
1166,q_learning,1,1.1515,11.4,2979,cpu,9,72,83.58,0.05,0.0
1167,q_learning,1,1.1529,11.44,2979,cpu,10,77,95.34,0.05,0.0
1168,q_learning,1,1.1539,11.28,2979,cpu,5,58,43.48,0.05,0.0
1169,q_learning,1,1.1544,11.08,2979,cpu,5,20,41.26,0.05,0.0
1170,q_learning,1,1.1562,11.08,2982,cpu,14,96,136.49,0.05,0.0
1171,q_learning,1,1.1572,10.96,2982,cpu,7,53,63.65,0.05,0.0
1172,q_learning,1,1.1598,11.06,2982,cpu,17,140,169.38,0.05,0.0
1173,q_learning,1,1.1626,11.06,2985,cpu,17,139,167.89,0.05,0.0
1174,q_learning,1,1.1633,10.82,2985,cpu,5,38,42.28,0.05,0.0
1175,q_learning,1,1.1644,10.94,2985,cpu,8,62,73.97,0.05,0.0
1176,q_learning,1,1.1664,10.92,2988,cpu,10,109,93.82,0.05,0.0
1177,q_learning,1,1.1678,10.88,2991,cpu,10,76,94.45,0.05,0.0
1178,q_learning,1,1.1699,11.18,2994,cpu,17,112,167.66,0.05,0.0
1179,q_learning,1,1.1707,10.98,2994,cpu,4,40,32.95,0.05,0.0
1180,q_learning,1,1.1714,10.86,2994,cpu,5,42,41.84,0.05,0.0
1181,q_learning,1,1.1733,10.9,2994,cpu,14,95,137.2,0.05,0.0
1182,q_learning,1,1.1752,11.04,2997,cpu,14,102,137.23,0.05,0.0
1183,q_learning,1,1.1761,11.12,2997,cpu,9,46,83.04,0.05,0.0
1184,q_learning,1,1.1781,11.14,3000,cpu,14,111,136.84,0.05,0.0
1185,q_learning,1,1.1806,11.18,3003,cpu,17,126,168.72,0.05,0.0
1186,q_learning,1,1.1837,11.22,3021,cpu,19,163,189.87,0.05,0.0
1187,q_learning,1,1.1847,11.14,3021,cpu,7,56,63.32,0.05,0.0
1188,q_learning,1,1.1854,10.98,3021,cpu,4,40,31.35,0.05,0.0
1189,q_learning,1,1.1876,11.0,3030,cpu,17,112,168.06,0.05,0.0
1190,q_learning,1,1.1895,10.96,3033,cpu,13,98,126.96,0.05,0.0
1191,q_learning,1,1.1913,11.0,3033,cpu,11,100,106.32,0.05,0.0
1192,q_learning,1,1.1922,10.78,3033,cpu,6,50,53.87,0.05,0.0
1193,q_learning,1,1.1935,10.82,3033,cpu,10,74,94.47,0.05,0.0
1194,q_learning,1,1.1959,11.08,3033,cpu,15,125,149.21,0.05,0.0
1195,q_learning,1,1.1962,10.88,3033,cpu,1,16,1.06,0.05,0.0
1196,q_learning,1,1.1972,10.82,3033,cpu,7,53,63.45,0.05,0.0
1197,q_learning,1,1.199,10.8,3033,cpu,12,95,116.58,0.05,0.0
1198,q_learning,1,1.2005,10.84,3033,cpu,13,78,124.16,0.05,0.0
1199,q_learning,1,1.201,10.8,3033,cpu,3,28,21.56,0.05,0.0
1200,q_learning,1,1.2037,10.96,3036,cpu,17,145,169.43,0.05,0.0
1201,q_learning,1,1.2045,10.82,3039,cpu,6,44,52.73,0.05,0.0
1202,q_learning,1,1.2062,10.76,3039,cpu,11,88,106.24,0.05,0.0
1203,q_learning,1,1.207,10.54,3039,cpu,6,46,52.71,0.05,0.0
1204,q_learning,1,1.2099,10.62,3048,cpu,18,153,179.86,0.05,0.0
1205,q_learning,1,1.2117,10.52,3048,cpu,11,99,106.83,0.05,0.0
1206,q_learning,1,1.2147,10.54,3051,cpu,17,156,171.22,0.05,0.0
1207,q_learning,1,1.215,10.54,3051,cpu,1,16,0.86,0.05,0.0
1208,q_learning,1,1.216,10.52,3051,cpu,8,52,73.87,0.05,0.0
1209,q_learning,1,1.2161,10.28,3051,cpu,1,7,0.45,0.05,0.0
1210,q_learning,1,1.2176,10.38,3051,cpu,11,79,105.83,0.05,0.0
1211,q_learning,1,1.2197,10.48,3051,cpu,16,111,157.66,0.05,0.0
1212,q_learning,1,1.2208,10.4,3051,cpu,9,55,83.85,0.05,0.0
1213,q_learning,1,1.2211,10.18,3051,cpu,3,17,21.17,0.05,0.0
1214,q_learning,1,1.2217,10.14,3051,cpu,6,33,52.34,0.05,0.0
1215,q_learning,1,1.2242,10.14,3057,cpu,17,131,168.37,0.05,0.0
1216,q_learning,1,1.225,10.06,3057,cpu,5,47,43.69,0.05,0.0
1217,q_learning,1,1.2253,9.88,3057,cpu,1,14,1.08,0.05,0.0
1218,q_learning,1,1.2282,10.12,3060,cpu,17,154,170.24,0.05,0.0
1219,q_learning,1,1.2286,10.1,3060,cpu,4,19,31.26,0.05,0.0
1220,q_learning,1,1.2288,9.86,3060,cpu,2,10,10.63,0.05,0.0
1221,q_learning,1,1.2313,10.02,3060,cpu,15,132,149.64,0.05,0.0
1222,q_learning,1,1.2322,9.8,3060,cpu,6,54,52.63,0.05,0.0
1223,q_learning,1,1.2329,9.54,3060,cpu,4,39,32.66,0.05,0.0
1224,q_learning,1,1.2345,9.66,3060,cpu,11,86,106.66,0.05,0.0
1225,q_learning,1,1.2372,9.84,3066,cpu,17,144,169.14,0.05,0.0
1226,q_learning,1,1.2389,9.86,3066,cpu,11,89,105.53,0.05,0.0
1227,q_learning,1,1.2399,9.78,3066,cpu,6,61,54.26,0.05,0.0
1228,q_learning,1,1.241,9.6,3069,cpu,8,55,73.54,0.05,0.0
1229,q_learning,1,1.242,9.68,3069,cpu,8,53,73.76,0.05,0.0
1230,q_learning,1,1.2425,9.64,3069,cpu,3,32,22.52,0.05,0.0
1231,q_learning,1,1.2434,9.48,3069,cpu,6,53,52.34,0.05,0.0
1232,q_learning,1,1.2443,9.34,3069,cpu,7,46,63.22,0.05,0.0
1233,q_learning,1,1.2466,9.46,3069,cpu,15,120,148.16,0.05,0.0
1234,q_learning,1,1.2469,9.26,3069,cpu,4,17,30.88,0.05,0.0
1235,q_learning,1,1.2484,9.18,3072,cpu,13,77,125.07,0.05,0.0
1236,q_learning,1,1.249,8.88,3072,cpu,4,33,31.72,0.05,0.0
1237,q_learning,1,1.2504,8.94,3072,cpu,10,76,94.45,0.05,0.0
1238,q_learning,1,1.2514,8.98,3072,cpu,6,55,53.52,0.05,0.0
1239,q_learning,1,1.2525,8.84,3072,cpu,10,56,93.25,0.05,0.0
1240,q_learning,1,1.2543,8.82,3072,cpu,12,95,114.38,0.05,0.0
1241,q_learning,1,1.2549,8.68,3072,cpu,4,37,32.68,0.05,0.0
1242,q_learning,1,1.2564,8.78,3072,cpu,11,80,105.52,0.05,0.0
1243,q_learning,1,1.258,8.8,3072,cpu,11,83,105.99,0.05,0.0
1244,q_learning,1,1.2597,8.7,3072,cpu,10,97,97.14,0.05,0.0
1245,q_learning,1,1.2601,8.72,3075,cpu,2,24,10.29,0.05,0.0
1246,q_learning,1,1.261,8.74,3075,cpu,8,47,73.42,0.05,0.0
1247,q_learning,1,1.2613,8.54,3075,cpu,2,15,11.08,0.05,0.0
1248,q_learning,1,1.2619,8.36,3075,cpu,4,33,32.32,0.05,0.0
1249,q_learning,1,1.2645,8.64,3075,cpu,17,135,168.53,0.05,0.0
1250,q_learning,1,1.2669,8.62,3078,cpu,16,129,158.28,0.05,0.0
1251,q_learning,1,1.2676,8.6,3078,cpu,5,40,42.86,0.05,0.0
1252,q_learning,1,1.2704,8.72,3081,cpu,17,143,170.25,0.05,0.0
1253,q_learning,1,1.273,8.96,3087,cpu,18,138,178.71,0.05,0.0
1254,q_learning,1,1.2749,8.82,3087,cpu,11,102,107.1,0.05,0.0
1255,q_learning,1,1.2777,8.92,3090,cpu,16,153,158.64,0.05,0.0
1256,q_learning,1,1.2781,8.64,3090,cpu,3,16,21.08,0.05,0.0
1257,q_learning,1,1.2803,8.86,3090,cpu,12,123,119.5,0.05,0.0
1258,q_learning,1,1.282,8.94,3090,cpu,12,90,116.13,0.05,0.0
1259,q_learning,1,1.284,9.18,3090,cpu,13,105,127.59,0.05,0.0
1260,q_learning,1,1.2862,9.2,3090,cpu,12,121,118.92,0.05,0.0
1261,q_learning,1,1.2885,9.22,3096,cpu,17,113,166.75,0.05,0.0
1262,q_learning,1,1.2893,9.2,3096,cpu,8,47,72.82,0.05,0.0
1263,q_learning,1,1.2903,9.26,3096,cpu,6,53,53.74,0.05,0.0
1264,q_learning,1,1.2918,9.3,3096,cpu,8,85,76.24,0.05,0.0
1265,q_learning,1,1.2949,9.26,3099,cpu,15,170,148.86,0.05,0.0
1266,q_learning,1,1.2972,9.44,3102,cpu,14,117,136.58,0.05,0.0
1267,q_learning,1,1.2998,9.76,3108,cpu,17,139,170.29,0.05,0.0
1268,q_learning,1,1.2999,9.42,3108,cpu,0,5,-9.64,0.05,0.0
1269,q_learning,1,1.3012,9.54,3111,cpu,10,69,94.62,0.05,0.0
1270,q_learning,1,1.3015,9.54,3111,cpu,2,20,11.53,0.05,0.0
1271,q_learning,1,1.3032,9.46,3111,cpu,11,91,106.11,0.05,0.0
1272,q_learning,1,1.3067,9.74,3129,cpu,20,177,201.04,0.05,0.0
1273,q_learning,1,1.3101,10.08,3138,cpu,21,181,211.71,0.05,0.0
1274,q_learning,1,1.3112,10.02,3138,cpu,8,58,74.21,0.05,0.0
1275,q_learning,1,1.3144,10.1,3168,cpu,21,161,209.31,0.05,0.0
1276,q_learning,1,1.3151,9.96,3168,cpu,4,37,32.28,0.05,0.0
1277,q_learning,1,1.3155,9.9,3168,cpu,3,24,21.8,0.05,0.0
1278,q_learning,1,1.3169,9.96,3168,cpu,11,75,103.67,0.05,0.0
1279,q_learning,1,1.3193,10.12,3168,cpu,16,128,158.59,0.05,0.0
1280,q_learning,1,1.3212,10.26,3168,cpu,10,99,96.52,0.05,0.0
1281,q_learning,1,1.3235,10.4,3168,cpu,13,129,129.55,0.05,0.0
1282,q_learning,1,1.3243,10.36,3168,cpu,5,43,43.13,0.05,0.0
1283,q_learning,1,1.3245,10.1,3168,cpu,2,9,10.54,0.05,0.0
1284,q_learning,1,1.3264,10.3,3171,cpu,14,99,136.96,0.05,0.0
1285,q_learning,1,1.3276,10.22,3171,cpu,9,70,84.4,0.05,0.0
1286,q_learning,1,1.3286,10.24,3171,cpu,5,54,43.52,0.05,0.0
1287,q_learning,1,1.3297,10.2,3171,cpu,8,56,73.63,0.05,0.0
1288,q_learning,1,1.33,10.1,3171,cpu,1,16,1.26,0.05,0.0
1289,q_learning,1,1.3304,9.96,3171,cpu,3,23,21.51,0.05,0.0
1290,q_learning,1,1.3316,9.98,3174,cpu,13,61,124.03,0.05,0.0
1291,q_learning,1,1.333,10.14,3174,cpu,12,77,115.56,0.05,0.0
1292,q_learning,1,1.3352,10.2,3174,cpu,14,117,138.18,0.05,0.0
1293,q_learning,1,1.3381,10.24,3177,cpu,13,154,126.6,0.05,0.0
1294,q_learning,1,1.3387,10.12,3177,cpu,4,34,32.01,0.05,0.0
1295,q_learning,1,1.3398,10.2,3177,cpu,6,60,53.57,0.05,0.0
1296,q_learning,1,1.3411,10.2,3177,cpu,8,73,73.36,0.05,0.0
1297,q_learning,1,1.3413,10.18,3177,cpu,1,14,1.08,0.05,0.0
1298,q_learning,1,1.3427,10.34,3177,cpu,12,72,115.31,0.05,0.0
1299,q_learning,1,1.3433,10.08,3177,cpu,4,36,32.39,0.05,0.0
1300,q_learning,1,1.345,10.0,3177,cpu,12,90,115.93,0.05,0.0
1301,q_learning,1,1.348,10.26,3186,cpu,18,156,180.33,0.05,0.0
1302,q_learning,1,1.3513,10.28,3192,cpu,18,176,181.13,0.05,0.0
1303,q_learning,1,1.3529,10.12,3192,cpu,10,87,95.64,0.05,0.0
1304,q_learning,1,1.3544,10.12,3195,cpu,11,78,104.94,0.05,0.0
1305,q_learning,1,1.3556,10.02,3195,cpu,11,62,104.1,0.05,0.0
1306,q_learning,1,1.3561,10.02,3195,cpu,3,30,22.14,0.05,0.0
1307,q_learning,1,1.3567,9.84,3195,cpu,3,32,22.12,0.05,0.0
1308,q_learning,1,1.357,9.64,3195,cpu,2,16,11.17,0.05,0.0
1309,q_learning,1,1.3592,9.64,3195,cpu,13,121,127.63,0.05,0.0
1310,q_learning,1,1.3601,9.5,3195,cpu,5,49,42.47,0.05,0.0
1311,q_learning,1,1.362,9.5,3198,cpu,17,99,166.69,0.05,0.0
1312,q_learning,1,1.3654,9.74,3201,cpu,20,178,202.73,0.05,0.0
1313,q_learning,1,1.3664,9.74,3201,cpu,6,56,52.81,0.05,0.0
1314,q_learning,1,1.3684,9.82,3201,cpu,12,109,117.44,0.05,0.0
1315,q_learning,1,1.3695,9.72,3201,cpu,10,59,94.12,0.05,0.0
1316,q_learning,1,1.37,9.52,3201,cpu,4,24,31.51,0.05,0.0
1317,q_learning,1,1.3724,9.48,3204,cpu,15,130,149.06,0.05,0.0
1318,q_learning,1,1.3736,9.6,3204,cpu,6,68,54.29,0.05,0.0
1319,q_learning,1,1.3752,9.62,3207,cpu,11,83,104.39,0.05,0.0
1320,q_learning,1,1.3753,9.6,3207,cpu,1,9,0.63,0.05,0.0
1321,q_learning,1,1.3779,9.76,3219,cpu,19,133,187.57,0.05,0.0
1322,q_learning,1,1.3793,9.52,3219,cpu,8,76,74.83,0.05,0.0
1323,q_learning,1,1.3803,9.22,3219,cpu,6,58,53.59,0.05,0.0
1324,q_learning,1,1.3837,9.42,3222,cpu,18,180,179.89,0.05,0.0
1325,q_learning,1,1.3855,9.22,3225,cpu,11,103,105.99,0.05,0.0
1326,q_learning,1,1.3861,9.24,3225,cpu,5,34,42.52,0.05,0.0
1327,q_learning,1,1.3865,9.24,3225,cpu,3,22,21.42,0.05,0.0
1328,q_learning,1,1.3867,9.04,3225,cpu,1,10,0.52,0.05,0.0
1329,q_learning,1,1.3892,9.1,3234,cpu,19,126,188.34,0.05,0.0
1330,q_learning,1,1.3906,9.1,3234,cpu,10,76,95.45,0.05,0.0
1331,q_learning,1,1.3921,9.04,3234,cpu,10,82,95.99,0.05,0.0
1332,q_learning,1,1.3934,9.14,3234,cpu,10,67,94.64,0.05,0.0
1333,q_learning,1,1.3957,9.4,3234,cpu,15,124,147.12,0.05,0.0
1334,q_learning,1,1.3966,9.22,3234,cpu,5,46,43.2,0.05,0.0
1335,q_learning,1,1.3972,9.12,3234,cpu,4,39,32.46,0.05,0.0
1336,q_learning,1,1.4001,9.36,3240,cpu,17,148,170.3,0.05,0.0
1337,q_learning,1,1.4021,9.48,3240,cpu,14,110,136.95,0.05,0.0
1338,q_learning,1,1.4029,9.58,3240,cpu,6,41,52.46,0.05,0.0
1339,q_learning,1,1.404,9.68,3240,cpu,8,60,73.79,0.05,0.0
1340,q_learning,1,1.4043,9.46,3240,cpu,2,18,11.35,0.05,0.0
1341,q_learning,1,1.4052,9.32,3240,cpu,5,51,44.05,0.05,0.0
1342,q_learning,1,1.4055,9.08,3240,cpu,2,14,10.59,0.05,0.0
1343,q_learning,1,1.4068,9.02,3243,cpu,10,68,94.73,0.05,0.0
1344,q_learning,1,1.4092,9.28,3252,cpu,17,127,166.41,0.05,0.0
1345,q_learning,1,1.4114,9.5,3252,cpu,17,115,166.73,0.05,0.0
1346,q_learning,1,1.4122,9.48,3252,cpu,7,43,62.15,0.05,0.0
1347,q_learning,1,1.4142,9.8,3252,cpu,17,102,166.76,0.05,0.0
1348,q_learning,1,1.4144,9.58,3252,cpu,1,5,0.27,0.05,0.0
1349,q_learning,1,1.4158,9.7,3252,cpu,10,76,93.65,0.05,0.0
1350,q_learning,1,1.4175,9.74,3252,cpu,14,94,136.51,0.05,0.0
1351,q_learning,1,1.4206,9.72,3258,cpu,17,162,170.96,0.05,0.0
1352,q_learning,1,1.4227,9.66,3258,cpu,15,110,147.46,0.05,0.0
1353,q_learning,1,1.4243,9.66,3258,cpu,10,89,96.82,0.05,0.0
1354,q_learning,1,1.4263,9.7,3261,cpu,13,112,127.82,0.05,0.0
1355,q_learning,1,1.4286,9.82,3264,cpu,17,117,167.11,0.05,0.0
1356,q_learning,1,1.4298,9.92,3264,cpu,8,59,73.9,0.05,0.0
1357,q_learning,1,1.4324,10.18,3264,cpu,16,141,157.96,0.05,0.0
1358,q_learning,1,1.4354,10.54,3264,cpu,20,156,199.35,0.05,0.0
1359,q_learning,1,1.4382,10.64,3264,cpu,18,144,179.85,0.05,0.0
1360,q_learning,1,1.44,10.78,3264,cpu,12,97,116.76,0.05,0.0
1361,q_learning,1,1.4408,10.54,3264,cpu,5,46,43.0,0.05,0.0
1362,q_learning,1,1.442,10.32,3264,cpu,9,66,85.04,0.05,0.0
1363,q_learning,1,1.4452,10.58,3276,cpu,19,167,188.83,0.05,0.0
1364,q_learning,1,1.4473,10.6,3279,cpu,13,109,127.35,0.05,0.0
1365,q_learning,1,1.449,10.62,3279,cpu,11,94,106.38,0.05,0.0
1366,q_learning,1,1.4501,10.66,3282,cpu,6,61,54.06,0.05,0.0
1367,q_learning,1,1.4521,10.6,3282,cpu,12,107,118.06,0.05,0.0
1368,q_learning,1,1.4531,10.64,3282,cpu,8,56,73.63,0.05,0.0
1369,q_learning,1,1.4545,10.56,3282,cpu,7,72,64.36,0.05,0.0
1370,q_learning,1,1.4554,10.64,3282,cpu,5,54,42.32,0.05,0.0
1371,q_learning,1,1.4557,10.3,3282,cpu,2,13,10.9,0.05,0.0
1372,q_learning,1,1.4591,10.56,3294,cpu,21,179,211.53,0.05,0.0
1373,q_learning,1,1.4597,10.56,3294,cpu,6,31,52.16,0.05,0.0
1374,q_learning,1,1.4619,10.5,3294,cpu,15,119,147.47,0.05,0.0
1375,q_learning,1,1.4636,10.48,3294,cpu,10,89,93.62,0.05,0.0
1376,q_learning,1,1.4671,10.8,3306,cpu,21,187,213.05,0.05,0.0
1377,q_learning,1,1.4674,10.78,3306,cpu,2,17,11.06,0.05,0.0
1378,q_learning,1,1.4676,10.78,3306,cpu,1,8,0.54,0.05,0.0
1379,q_learning,1,1.4683,10.54,3306,cpu,7,41,62.77,0.05,0.0
1380,q_learning,1,1.4707,10.66,3306,cpu,16,120,158.07,0.05,0.0
1381,q_learning,1,1.4735,10.82,3312,cpu,18,149,179.3,0.05,0.0
1382,q_learning,1,1.4753,10.84,3312,cpu,11,97,106.85,0.05,0.0
1383,q_learning,1,1.4778,10.86,3312,cpu,16,130,156.97,0.05,0.0
1384,q_learning,1,1.4785,10.88,3312,cpu,6,40,52.77,0.05,0.0
1385,q_learning,1,1.4795,10.9,3312,cpu,5,52,43.34,0.05,0.0
1386,q_learning,1,1.4805,10.68,3312,cpu,6,57,53.5,0.05,0.0
1387,q_learning,1,1.4829,10.76,3312,cpu,18,125,179.14,0.05,0.0
1388,q_learning,1,1.4847,10.86,3312,cpu,11,100,107.12,0.05,0.0
1389,q_learning,1,1.4862,10.86,3312,cpu,8,84,75.35,0.05,0.0
1390,q_learning,1,1.4892,11.2,3315,cpu,19,156,190.84,0.05,0.0
1391,q_learning,1,1.4896,11.14,3315,cpu,2,24,11.89,0.05,0.0
1392,q_learning,1,1.4921,11.42,3315,cpu,16,135,158.02,0.05,0.0
1393,q_learning,1,1.4931,11.4,3318,cpu,9,53,83.67,0.05,0.0
1394,q_learning,1,1.495,11.3,3318,cpu,12,104,117.39,0.05,0.0
1395,q_learning,1,1.4961,11.08,3318,cpu,6,59,53.68,0.05,0.0
1396,q_learning,1,1.4964,11.0,3318,cpu,3,16,20.88,0.05,0.0
1397,q_learning,1,1.4984,10.92,3318,cpu,13,107,127.37,0.05,0.0
1398,q_learning,1,1.501,11.28,3330,cpu,19,135,188.95,0.05,0.0
1399,q_learning,1,1.5026,11.38,3333,cpu,15,83,145.23,0.05,0.0
1400,q_learning,1,1.5051,11.38,3336,cpu,14,135,140.0,0.05,0.0
1401,q_learning,1,1.508,11.44,3339,cpu,20,149,200.12,0.05,0.0
1402,q_learning,1,1.5085,11.22,3339,cpu,4,31,32.14,0.05,0.0
1403,q_learning,1,1.5095,11.16,3339,cpu,7,53,63.85,0.05,0.0
1404,q_learning,1,1.5109,11.12,3339,cpu,11,76,104.96,0.05,0.0
1405,q_learning,1,1.5122,10.96,3342,cpu,9,71,84.89,0.05,0.0
1406,q_learning,1,1.5139,11.06,3342,cpu,13,91,125.13,0.05,0.0
1407,q_learning,1,1.5146,10.84,3342,cpu,5,35,42.61,0.05,0.0
1408,q_learning,1,1.5149,10.48,3342,cpu,2,17,11.06,0.05,0.0
1409,q_learning,1,1.5153,10.16,3342,cpu,2,26,11.27,0.05,0.0
1410,q_learning,1,1.5162,10.04,3342,cpu,6,48,53.49,0.05,0.0
1411,q_learning,1,1.517,10.06,3342,cpu,6,44,52.93,0.05,0.0
1412,q_learning,1,1.5184,10.08,3342,cpu,10,79,95.32,0.05,0.0
1413,q_learning,1,1.5199,9.9,3342,cpu,10,81,94.9,0.05,0.0
1414,q_learning,1,1.5233,10.06,3357,cpu,21,173,211.59,0.05,0.0
1415,q_learning,1,1.5243,10.0,3357,cpu,8,54,73.65,0.05,0.0
1416,q_learning,1,1.526,10.1,3357,cpu,11,91,106.51,0.05,0.0
1417,q_learning,1,1.5282,10.1,3357,cpu,12,120,118.43,0.05,0.0
1418,q_learning,1,1.5301,10.2,3357,cpu,13,99,127.05,0.05,0.0
1419,q_learning,1,1.5326,10.46,3363,cpu,20,124,197.67,0.05,0.0
1420,q_learning,1,1.5328,10.4,3363,cpu,2,15,11.08,0.05,0.0
1421,q_learning,1,1.5345,10.58,3363,cpu,11,92,105.8,0.05,0.0
1422,q_learning,1,1.5379,10.58,3372,cpu,21,175,212.77,0.05,0.0
1423,q_learning,1,1.5384,10.5,3372,cpu,2,25,11.78,0.05,0.0
1424,q_learning,1,1.5403,10.48,3372,cpu,14,101,136.54,0.05,0.0
1425,q_learning,1,1.5417,10.48,3372,cpu,10,79,95.12,0.05,0.0
1426,q_learning,1,1.5442,10.4,3378,cpu,17,133,168.95,0.05,0.0
1427,q_learning,1,1.5446,10.42,3378,cpu,3,18,20.86,0.05,0.0
1428,q_learning,1,1.5451,10.46,3378,cpu,3,31,21.63,0.05,0.0
1429,q_learning,1,1.5457,10.38,3378,cpu,3,30,21.94,0.05,0.0
1430,q_learning,1,1.5474,10.34,3378,cpu,14,92,136.73,0.05,0.0
1431,q_learning,1,1.549,10.2,3378,cpu,11,82,104.9,0.05,0.0
1432,q_learning,1,1.5505,10.16,3378,cpu,9,83,85.97,0.05,0.0
1433,q_learning,1,1.5514,9.96,3378,cpu,6,52,52.85,0.05,0.0
1434,q_learning,1,1.5523,9.96,3378,cpu,6,50,53.47,0.05,0.0
1435,q_learning,1,1.5529,9.96,3378,cpu,5,34,41.32,0.05,0.0
1436,q_learning,1,1.5552,10.1,3381,cpu,13,118,128.76,0.05,0.0
1437,q_learning,1,1.5557,9.84,3381,cpu,5,32,42.14,0.05,0.0
1438,q_learning,1,1.5571,9.86,3381,cpu,12,73,115.2,0.05,0.0
1439,q_learning,1,1.5601,10.1,3384,cpu,20,157,200.44,0.05,0.0
1440,q_learning,1,1.562,9.98,3384,cpu,13,102,127.72,0.05,0.0
1441,q_learning,1,1.5648,10.34,3390,cpu,20,143,200.38,0.05,0.0
1442,q_learning,1,1.5664,10.24,3390,cpu,11,88,106.24,0.05,0.0
1443,q_learning,1,1.5675,10.2,3390,cpu,7,60,64.68,0.05,0.0
1444,q_learning,1,1.568,10.04,3393,cpu,4,28,31.47,0.05,0.0
1445,q_learning,1,1.5692,10.14,3393,cpu,11,63,104.59,0.05,0.0
1446,q_learning,1,1.5697,10.18,3393,cpu,5,28,41.78,0.05,0.0
1447,q_learning,1,1.5715,10.14,3393,cpu,11,93,106.49,0.05,0.0
1448,q_learning,1,1.5735,10.06,3393,cpu,15,106,146.7,0.05,0.0
1449,q_learning,1,1.5747,9.98,3393,cpu,11,65,103.77,0.05,0.0
1450,q_learning,1,1.5773,10.04,3396,cpu,17,137,169.11,0.05,0.0
1451,q_learning,1,1.5801,9.98,3402,cpu,17,143,168.45,0.05,0.0
1452,q_learning,1,1.5808,10.02,3402,cpu,6,39,52.28,0.05,0.0
1453,q_learning,1,1.5831,10.22,3402,cpu,17,120,168.78,0.05,0.0
1454,q_learning,1,1.5857,10.34,3405,cpu,17,140,169.18,0.05,0.0
1455,q_learning,1,1.587,10.34,3405,cpu,9,71,84.89,0.05,0.0
1456,q_learning,1,1.5897,10.38,3405,cpu,15,138,148.78,0.05,0.0
1457,q_learning,1,1.5914,10.52,3405,cpu,12,92,116.91,0.05,0.0
1458,q_learning,1,1.5925,10.66,3405,cpu,9,64,83.06,0.05,0.0
1459,q_learning,1,1.5928,10.68,3405,cpu,3,11,20.63,0.05,0.0
1460,q_learning,1,1.5939,10.74,3405,cpu,9,63,84.37,0.05,0.0
1461,q_learning,1,1.597,10.96,3408,cpu,17,160,170.98,0.05,0.0
1462,q_learning,1,1.5972,10.8,3408,cpu,2,12,10.61,0.05,0.0
1463,q_learning,1,1.6004,11.0,3408,cpu,20,171,199.7,0.05,0.0
1464,q_learning,1,1.6014,10.66,3408,cpu,4,54,34.01,0.05,0.0
1465,q_learning,1,1.6026,10.68,3411,cpu,9,68,85.02,0.05,0.0
1466,q_learning,1,1.6057,10.84,3414,cpu,19,150,188.1,0.05,0.0
1467,q_learning,1,1.608,10.96,3414,cpu,18,119,178.0,0.05,0.0
1468,q_learning,1,1.6088,10.86,3414,cpu,8,43,72.66,0.05,0.0
1469,q_learning,1,1.611,10.78,3414,cpu,16,111,157.46,0.05,0.0
1470,q_learning,1,1.613,10.96,3414,cpu,11,109,106.13,0.05,0.0
1471,q_learning,1,1.616,11.1,3414,cpu,18,156,180.33,0.05,0.0
1472,q_learning,1,1.6175,10.92,3414,cpu,12,77,114.16,0.05,0.0
1473,q_learning,1,1.6181,10.96,3414,cpu,4,36,32.19,0.05,0.0
1474,q_learning,1,1.6185,10.76,3414,cpu,4,22,31.13,0.05,0.0
1475,q_learning,1,1.6211,10.9,3420,cpu,17,131,168.77,0.05,0.0
1476,q_learning,1,1.6238,10.9,3420,cpu,17,140,169.38,0.05,0.0
1477,q_learning,1,1.6248,11.0,3420,cpu,8,56,73.83,0.05,0.0
1478,q_learning,1,1.625,10.94,3420,cpu,0,7,-9.66,0.05,0.0
1479,q_learning,1,1.6265,11.04,3420,cpu,8,84,75.95,0.05,0.0
1480,q_learning,1,1.6277,10.94,3420,cpu,9,65,84.15,0.05,0.0
1481,q_learning,1,1.6294,10.92,3420,cpu,10,91,94.8,0.05,0.0
1482,q_learning,1,1.6302,10.86,3420,cpu,6,45,52.22,0.05,0.0
1483,q_learning,1,1.6311,10.86,3420,cpu,6,53,53.54,0.05,0.0
1484,q_learning,1,1.6332,10.98,3420,cpu,12,115,118.18,0.05,0.0
1485,q_learning,1,1.6341,11.02,3420,cpu,7,49,63.29,0.05,0.0
1486,q_learning,1,1.6367,11.12,3420,cpu,18,131,179.88,0.05,0.0
1487,q_learning,1,1.6398,11.38,3420,cpu,18,162,180.47,0.05,0.0
1488,q_learning,1,1.64,11.16,3420,cpu,1,8,0.54,0.05,0.0
1489,q_learning,1,1.6425,11.1,3420,cpu,17,133,169.35,0.05,0.0
1490,q_learning,1,1.6438,11.04,3420,cpu,10,72,94.49,0.05,0.0
1491,q_learning,1,1.6444,10.76,3420,cpu,6,29,51.98,0.05,0.0
1492,q_learning,1,1.6466,10.88,3420,cpu,17,107,168.01,0.05,0.0
1493,q_learning,1,1.6497,11.08,3423,cpu,17,166,169.52,0.05,0.0
1494,q_learning,1,1.6503,11.1,3423,cpu,5,32,42.14,0.05,0.0
1495,q_learning,1,1.6519,11.12,3423,cpu,12,86,115.57,0.05,0.0
1496,q_learning,1,1.6539,11.26,3423,cpu,12,110,117.53,0.05,0.0
1497,q_learning,1,1.6562,11.3,3426,cpu,13,119,128.45,0.05,0.0
1498,q_learning,1,1.657,11.12,3426,cpu,6,46,53.11,0.05,0.0
1499,q_learning,1,1.6602,11.26,3426,cpu,18,168,183.01,0.05,0.0
1500,q_learning,1,1.6611,11.04,3426,cpu,6,52,53.85,0.05,0.0
1501,q_learning,1,1.6614,10.74,3426,cpu,2,17,11.26,0.05,0.0
1502,q_learning,1,1.6631,10.82,3429,cpu,10,90,95.71,0.05,0.0
1503,q_learning,1,1.6633,10.5,3429,cpu,1,12,0.7,0.05,0.0
1504,q_learning,1,1.666,10.54,3429,cpu,19,134,188.86,0.05,0.0
1505,q_learning,1,1.6664,10.42,3429,cpu,3,24,21.8,0.05,0.0
1506,q_learning,1,1.6684,10.42,3432,cpu,15,107,146.39,0.05,0.0
1507,q_learning,1,1.6706,10.5,3438,cpu,16,111,157.26,0.05,0.0
1508,q_learning,1,1.6735,10.66,3441,cpu,17,150,170.88,0.05,0.0
1509,q_learning,1,1.6764,10.92,3441,cpu,16,157,161.2,0.05,0.0
1510,q_learning,1,1.6772,10.86,3441,cpu,6,43,53.24,0.05,0.0
1511,q_learning,1,1.6773,10.54,3441,cpu,1,7,0.45,0.05,0.0
1512,q_learning,1,1.6775,10.52,3441,cpu,1,8,0.54,0.05,0.0
1513,q_learning,1,1.68,10.38,3441,cpu,13,137,127.27,0.05,0.0
1514,q_learning,1,1.6819,10.58,3444,cpu,14,98,137.07,0.05,0.0
1515,q_learning,1,1.6831,10.56,3444,cpu,8,71,75.18,0.05,0.0
1516,q_learning,1,1.6833,10.2,3444,cpu,1,11,0.81,0.05,0.0
1517,q_learning,1,1.6846,10.04,3444,cpu,10,68,94.73,0.05,0.0
1518,q_learning,1,1.686,10.08,3447,cpu,10,71,95.0,0.05,0.0
1519,q_learning,1,1.6863,9.82,3447,cpu,3,21,21.33,0.05,0.0
1520,q_learning,1,1.6883,9.92,3450,cpu,16,97,157.2,0.05,0.0
1521,q_learning,1,1.6902,9.88,3450,cpu,16,100,156.47,0.05,0.0
1522,q_learning,1,1.6913,9.76,3450,cpu,6,63,54.24,0.05,0.0
1523,q_learning,1,1.694,10.0,3453,cpu,16,144,157.43,0.05,0.0
1524,q_learning,1,1.6968,10.26,3453,cpu,17,144,170.54,0.05,0.0
1525,q_learning,1,1.6992,10.26,3456,cpu,17,131,168.57,0.05,0.0
1526,q_learning,1,1.7013,10.18,3456,cpu,13,114,127.0,0.05,0.0
1527,q_learning,1,1.7029,10.28,3456,cpu,13,84,125.5,0.05,0.0
1528,q_learning,1,1.7046,10.46,3456,cpu,9,91,86.29,0.05,0.0
1529,q_learning,1,1.7059,10.48,3456,cpu,9,68,84.82,0.05,0.0
1530,q_learning,1,1.7071,10.46,3456,cpu,8,71,75.58,0.05,0.0
1531,q_learning,1,1.7103,10.68,3459,cpu,21,166,211.16,0.05,0.0
1532,q_learning,1,1.7117,10.76,3459,cpu,10,74,95.07,0.05,0.0
1533,q_learning,1,1.7141,11.0,3462,cpu,18,118,177.71,0.05,0.0
1534,q_learning,1,1.7163,11.06,3462,cpu,15,112,148.24,0.05,0.0
1535,q_learning,1,1.7171,11.04,3462,cpu,6,44,53.13,0.05,0.0
1536,q_learning,1,1.7188,10.94,3462,cpu,13,93,126.71,0.05,0.0
1537,q_learning,1,1.7198,10.74,3462,cpu,8,55,73.94,0.05,0.0
1538,q_learning,1,1.7217,10.96,3462,cpu,12,97,116.96,0.05,0.0
1539,q_learning,1,1.7238,10.84,3462,cpu,11,114,105.38,0.05,0.0
1540,q_learning,1,1.7253,10.88,3462,cpu,12,82,114.81,0.05,0.0
1541,q_learning,1,1.7279,11.14,3462,cpu,19,130,188.7,0.05,0.0
1542,q_learning,1,1.7306,11.14,3471,cpu,17,137,168.31,0.05,0.0
1543,q_learning,1,1.7318,11.02,3471,cpu,11,61,103.01,0.05,0.0
1544,q_learning,1,1.7344,11.28,3474,cpu,18,138,179.11,0.05,0.0
1545,q_learning,1,1.7359,11.24,3474,cpu,10,77,95.14,0.05,0.0
1546,q_learning,1,1.7361,11.04,3474,cpu,2,14,10.99,0.05,0.0
1547,q_learning,1,1.7385,11.12,3474,cpu,17,117,168.31,0.05,0.0
1548,q_learning,1,1.7402,11.24,3474,cpu,12,86,115.77,0.05,0.0
1549,q_learning,1,1.7425,11.18,3474,cpu,15,124,148.72,0.05,0.0
1550,q_learning,1,1.7433,11.18,3474,cpu,6,43,52.64,0.05,0.0
1551,q_learning,1,1.7448,11.4,3477,cpu,13,71,123.93,0.05,0.0
1552,q_learning,1,1.746,11.32,3477,cpu,6,66,53.71,0.05,0.0
1553,q_learning,1,1.7478,11.6,3477,cpu,15,95,146.31,0.05,0.0
1554,q_learning,1,1.7482,11.26,3477,cpu,2,22,11.51,0.05,0.0
1555,q_learning,1,1.7492,11.34,3477,cpu,7,56,64.12,0.05,0.0
1556,q_learning,1,1.7522,11.46,3480,cpu,21,153,210.79,0.05,0.0
1557,q_learning,1,1.7535,11.28,3480,cpu,7,71,64.27,0.05,0.0
1558,q_learning,1,1.7539,10.98,3480,cpu,2,20,11.33,0.05,0.0
1559,q_learning,1,1.7549,10.8,3480,cpu,7,55,63.63,0.05,0.0
1560,q_learning,1,1.757,10.96,3480,cpu,14,110,138.35,0.05,0.0
1561,q_learning,1,1.7574,11.0,3480,cpu,3,26,21.38,0.05,0.0
1562,q_learning,1,1.7582,11.1,3480,cpu,6,41,53.06,0.05,0.0
1563,q_learning,1,1.759,10.98,3480,cpu,7,43,62.15,0.05,0.0
1564,q_learning,1,1.7618,11.06,3480,cpu,18,147,181.32,0.05,0.0
1565,q_learning,1,1.7637,11.12,3480,cpu,11,99,106.43,0.05,0.0
1566,q_learning,1,1.7663,11.42,3480,cpu,16,137,158.8,0.05,0.0
1567,q_learning,1,1.7667,11.26,3480,cpu,2,25,11.18,0.05,0.0
1568,q_learning,1,1.7671,11.12,3480,cpu,3,26,21.98,0.05,0.0
1569,q_learning,1,1.7696,11.36,3480,cpu,15,129,149.37,0.05,0.0
1570,q_learning,1,1.7708,11.22,3480,cpu,9,63,84.17,0.05,0.0
1571,q_learning,1,1.7711,10.96,3480,cpu,3,16,21.08,0.05,0.0
1572,q_learning,1,1.7741,11.22,3483,cpu,19,155,191.55,0.05,0.0
1573,q_learning,1,1.777,11.3,3486,cpu,20,153,201.28,0.05,0.0
1574,q_learning,1,1.7793,11.34,3492,cpu,19,110,187.1,0.05,0.0
1575,q_learning,1,1.7795,11.04,3492,cpu,2,11,10.72,0.05,0.0
1576,q_learning,1,1.7822,11.06,3492,cpu,14,145,139.9,0.05,0.0
1577,q_learning,1,1.7855,11.22,3501,cpu,21,172,211.3,0.05,0.0
1578,q_learning,1,1.7889,11.42,3507,cpu,19,175,190.75,0.05,0.0
1579,q_learning,1,1.79,11.42,3507,cpu,9,62,83.28,0.05,0.0
1580,q_learning,1,1.7912,11.42,3510,cpu,8,63,74.26,0.05,0.0
1581,q_learning,1,1.7939,11.36,3513,cpu,18,144,180.85,0.05,0.0
1582,q_learning,1,1.7944,11.22,3513,cpu,3,25,21.89,0.05,0.0
1583,q_learning,1,1.7953,11.0,3513,cpu,7,46,62.42,0.05,0.0
1584,q_learning,1,1.7963,10.82,3513,cpu,6,52,53.85,0.05,0.0
1585,q_learning,1,1.7983,10.96,3513,cpu,13,112,125.62,0.05,0.0
1586,q_learning,1,1.7988,10.74,3513,cpu,2,26,11.47,0.05,0.0
1587,q_learning,1,1.8003,10.8,3513,cpu,11,81,104.61,0.05,0.0
1588,q_learning,1,1.8026,10.9,3513,cpu,17,120,168.38,0.05,0.0
1589,q_learning,1,1.8042,10.86,3513,cpu,9,83,84.97,0.05,0.0
1590,q_learning,1,1.8057,10.86,3513,cpu,12,82,114.81,0.05,0.0
1591,q_learning,1,1.8061,10.52,3513,cpu,2,20,9.93,0.05,0.0
1592,q_learning,1,1.8076,10.38,3513,cpu,10,79,95.32,0.05,0.0
1593,q_learning,1,1.8089,10.34,3513,cpu,9,75,84.85,0.05,0.0
1594,q_learning,1,1.8107,10.24,3513,cpu,13,98,126.36,0.05,0.0
1595,q_learning,1,1.8126,10.28,3513,cpu,12,96,116.27,0.05,0.0
1596,q_learning,1,1.8135,10.36,3513,cpu,6,53,53.34,0.05,0.0
1597,q_learning,1,1.8168,10.44,3519,cpu,21,167,210.25,0.05,0.0
1598,q_learning,1,1.8188,10.46,3522,cpu,13,109,126.55,0.05,0.0
1599,q_learning,1,1.8198,10.26,3522,cpu,5,55,44.01,0.05,0.0
1600,q_learning,1,1.8224,10.5,3525,cpu,18,132,179.57,0.05,0.0
1601,q_learning,1,1.8241,10.46,3525,cpu,11,93,107.09,0.05,0.0
1602,q_learning,1,1.826,10.58,3525,cpu,12,104,115.39,0.05,0.0
1603,q_learning,1,1.8277,10.52,3525,cpu,12,94,116.69,0.05,0.0
1604,q_learning,1,1.8301,10.8,3525,cpu,16,119,156.98,0.05,0.0
1605,q_learning,1,1.8326,10.98,3525,cpu,16,131,155.66,0.05,0.0
1606,q_learning,1,1.833,10.62,3525,cpu,3,26,21.58,0.05,0.0
1607,q_learning,1,1.8359,10.9,3534,cpu,21,147,209.25,0.05,0.0
1608,q_learning,1,1.837,10.98,3534,cpu,6,60,54.17,0.05,0.0
1609,q_learning,1,1.8378,10.92,3534,cpu,4,40,32.95,0.05,0.0
1610,q_learning,1,1.8386,10.72,3534,cpu,4,46,32.89,0.05,0.0
1611,q_learning,1,1.8408,10.92,3534,cpu,13,118,128.56,0.05,0.0
1612,q_learning,1,1.8415,10.92,3537,cpu,6,39,51.68,0.05,0.0
1613,q_learning,1,1.8447,11.2,3543,cpu,21,169,210.63,0.05,0.0
1614,q_learning,1,1.8461,11.02,3543,cpu,9,73,85.07,0.05,0.0
1615,q_learning,1,1.8482,11.1,3543,cpu,15,109,147.17,0.05,0.0
1616,q_learning,1,1.8509,11.14,3543,cpu,18,140,179.89,0.05,0.0
1617,q_learning,1,1.8527,11.34,3546,cpu,12,93,116.4,0.05,0.0
1618,q_learning,1,1.8535,11.42,3546,cpu,7,46,63.22,0.05,0.0
1619,q_learning,1,1.8544,11.26,3546,cpu,7,48,63.6,0.05,0.0
1620,q_learning,1,1.8553,11.22,3546,cpu,7,44,63.04,0.05,0.0
1621,q_learning,1,1.8554,11.18,3546,cpu,1,8,0.54,0.05,0.0
1622,q_learning,1,1.8568,11.0,3546,cpu,10,77,95.14,0.05,0.0
1623,q_learning,1,1.8574,10.64,3546,cpu,2,31,12.32,0.05,0.0
1624,q_learning,1,1.8582,10.42,3546,cpu,8,42,72.77,0.05,0.0
1625,q_learning,1,1.8607,10.74,3546,cpu,18,131,179.48,0.05,0.0
1626,q_learning,1,1.8626,10.68,3546,cpu,11,102,105.9,0.05,0.0
1627,q_learning,1,1.8651,10.6,3546,cpu,17,132,167.66,0.05,0.0
1628,q_learning,1,1.8663,10.42,3546,cpu,10,60,92.81,0.05,0.0
1629,q_learning,1,1.867,10.34,3546,cpu,5,38,41.88,0.05,0.0
1630,q_learning,1,1.8692,10.5,3546,cpu,16,116,156.31,0.05,0.0
1631,q_learning,1,1.8697,10.2,3546,cpu,3,27,21.67,0.05,0.0
1632,q_learning,1,1.8702,10.22,3546,cpu,4,31,31.94,0.05,0.0
1633,q_learning,1,1.8721,10.28,3546,cpu,10,98,96.03,0.05,0.0
1634,q_learning,1,1.8724,10.22,3546,cpu,3,21,21.53,0.05,0.0
1635,q_learning,1,1.8726,9.98,3546,cpu,1,6,0.36,0.05,0.0
1636,q_learning,1,1.8754,10.36,3546,cpu,21,142,210.4,0.05,0.0
1637,q_learning,1,1.8778,10.5,3549,cpu,18,124,178.25,0.05,0.0
1638,q_learning,1,1.8793,10.36,3549,cpu,10,80,95.21,0.05,0.0
1639,q_learning,1,1.88,10.26,3549,cpu,4,39,32.86,0.05,0.0
1640,q_learning,1,1.8823,10.34,3549,cpu,16,115,158.22,0.05,0.0
1641,q_learning,1,1.8852,10.72,3558,cpu,21,152,210.5,0.05,0.0
1642,q_learning,1,1.8874,10.78,3558,cpu,13,116,126.78,0.05,0.0
1643,q_learning,1,1.8876,10.62,3558,cpu,1,10,0.52,0.05,0.0
1644,q_learning,1,1.8903,10.7,3558,cpu,17,147,170.21,0.05,0.0
1645,q_learning,1,1.8913,10.64,3558,cpu,9,52,82.98,0.05,0.0
1646,q_learning,1,1.8918,10.56,3558,cpu,2,26,11.87,0.05,0.0
1647,q_learning,1,1.8931,10.32,3558,cpu,9,74,83.16,0.05,0.0
1648,q_learning,1,1.8941,10.18,3558,cpu,6,54,53.63,0.05,0.0
1649,q_learning,1,1.8952,10.24,3558,cpu,8,62,74.57,0.05,0.0
1650,q_learning,1,1.8965,10.06,3558,cpu,9,67,84.73,0.05,0.0
1651,q_learning,1,1.8993,10.18,3561,cpu,17,150,170.88,0.05,0.0
1652,q_learning,1,1.901,10.18,3561,cpu,12,89,116.24,0.05,0.0
1653,q_learning,1,1.9043,10.34,3570,cpu,20,171,198.5,0.05,0.0
1654,q_learning,1,1.9076,10.44,3579,cpu,21,165,211.27,0.05,0.0
1655,q_learning,1,1.909,10.3,3579,cpu,9,79,86.01,0.05,0.0
1656,q_learning,1,1.9107,10.52,3579,cpu,14,94,135.91,0.05,0.0
1657,q_learning,1,1.9121,10.3,3579,cpu,10,71,94.4,0.05,0.0
1658,q_learning,1,1.9137,10.42,3582,cpu,12,86,115.57,0.05,0.0
1659,q_learning,1,1.9161,10.64,3582,cpu,15,122,147.94,0.05,0.0
1660,q_learning,1,1.9192,10.94,3591,cpu,19,161,190.49,0.05,0.0
1661,q_learning,1,1.9212,10.92,3591,cpu,12,108,117.15,0.05,0.0
1662,q_learning,1,1.923,11.0,3591,cpu,10,102,97.19,0.05,0.0
1663,q_learning,1,1.9258,10.96,3597,cpu,19,142,189.78,0.05,0.0
1664,q_learning,1,1.9262,10.82,3597,cpu,2,26,11.27,0.05,0.0
1665,q_learning,1,1.9277,10.76,3597,cpu,12,78,115.65,0.05,0.0
1666,q_learning,1,1.9299,10.7,3597,cpu,15,112,146.04,0.05,0.0
1667,q_learning,1,1.932,10.76,3600,cpu,15,110,147.06,0.05,0.0
1668,q_learning,1,1.9327,10.76,3600,cpu,7,41,62.57,0.05,0.0
1669,q_learning,1,1.9353,10.92,3600,cpu,15,136,149.6,0.05,0.0
1670,q_learning,1,1.9383,11.14,3600,cpu,18,155,181.64,0.05,0.0
1671,q_learning,1,1.9405,11.4,3600,cpu,14,120,136.05,0.05,0.0
1672,q_learning,1,1.9429,11.54,3600,cpu,17,126,168.52,0.05,0.0
1673,q_learning,1,1.9442,11.68,3600,cpu,9,70,85.0,0.05,0.0
1674,q_learning,1,1.9456,11.74,3600,cpu,11,78,105.54,0.05,0.0
1675,q_learning,1,1.9464,11.48,3600,cpu,5,42,42.84,0.05,0.0
1676,q_learning,1,1.9468,11.3,3600,cpu,2,18,9.95,0.05,0.0
1677,q_learning,1,1.9482,11.2,3600,cpu,12,73,114.2,0.05,0.0
1678,q_learning,1,1.9488,11.06,3600,cpu,3,38,22.26,0.05,0.0
1679,q_learning,1,1.9512,11.24,3600,cpu,14,128,138.97,0.05,0.0
1680,q_learning,1,1.953,11.16,3603,cpu,12,98,116.85,0.05,0.0
1681,q_learning,1,1.9553,11.42,3606,cpu,16,119,158.18,0.05,0.0
1682,q_learning,1,1.9581,11.7,3612,cpu,18,149,178.3,0.05,0.0
1683,q_learning,1,1.9612,11.88,3612,cpu,19,164,191.16,0.05,0.0
1684,q_learning,1,1.9617,11.88,3612,cpu,3,27,21.67,0.05,0.0
1685,q_learning,1,1.9623,11.98,3612,cpu,6,32,52.25,0.05,0.0
1686,q_learning,1,1.9634,11.66,3612,cpu,5,62,43.04,0.05,0.0
1687,q_learning,1,1.9654,11.56,3612,cpu,13,105,126.39,0.05,0.0
1688,q_learning,1,1.9675,11.64,3612,cpu,14,111,136.24,0.05,0.0
1689,q_learning,1,1.9678,11.58,3612,cpu,1,20,1.62,0.05,0.0
1690,q_learning,1,1.9693,11.52,3615,cpu,13,77,124.67,0.05,0.0
1691,q_learning,1,1.9714,11.38,3615,cpu,14,108,136.77,0.05,0.0
1692,q_learning,1,1.9739,11.42,3618,cpu,15,135,148.91,0.05,0.0
1693,q_learning,1,1.9743,11.44,3618,cpu,2,23,11.0,0.05,0.0
1694,q_learning,1,1.9763,11.32,3618,cpu,11,111,105.51,0.05,0.0
1695,q_learning,1,1.9778,11.3,3618,cpu,8,81,73.48,0.05,0.0
1696,q_learning,1,1.9788,11.4,3618,cpu,7,52,63.56,0.05,0.0
1697,q_learning,1,1.9801,11.4,3618,cpu,9,72,84.58,0.05,0.0
1698,q_learning,1,1.9825,11.62,3621,cpu,17,126,168.72,0.05,0.0
1699,q_learning,1,1.9844,11.74,3624,cpu,14,103,136.92,0.05,0.0
1700,q_learning,1,1.9876,11.94,3630,cpu,19,159,190.51,0.05,0.0
1701,q_learning,1,1.9879,11.62,3630,cpu,1,18,1.44,0.05,0.0
1702,q_learning,1,1.9901,11.72,3630,cpu,17,116,167.42,0.05,0.0
1703,q_learning,1,1.9906,11.38,3630,cpu,3,27,21.87,0.05,0.0
1704,q_learning,1,1.9915,11.02,3630,cpu,3,52,21.92,0.05,0.0
1705,q_learning,1,1.9946,11.2,3630,cpu,18,161,181.18,0.05,0.0
1706,q_learning,1,1.9961,11.12,3630,cpu,10,82,96.19,0.05,0.0
1707,q_learning,1,1.9963,10.94,3630,cpu,1,10,0.72,0.05,0.0
1708,q_learning,1,1.9965,10.74,3630,cpu,2,12,10.61,0.05,0.0
1709,q_learning,1,1.9981,10.62,3630,cpu,9,85,86.15,0.05,0.0
1710,q_learning,1,1.9988,10.34,3630,cpu,5,39,42.57,0.05,0.0
1711,q_learning,1,2.0014,10.52,3633,cpu,21,134,209.68,0.05,0.0
1712,q_learning,1,2.0035,10.62,3633,cpu,15,111,147.75,0.05,0.0
1713,q_learning,1,2.0039,10.3,3633,cpu,3,21,21.33,0.05,0.0
1714,q_learning,1,2.0056,10.46,3633,cpu,10,91,94.6,0.05,0.0
1715,q_learning,1,2.007,10.44,3633,cpu,11,74,104.98,0.05,0.0
1716,q_learning,1,2.0072,10.18,3633,cpu,2,11,10.52,0.05,0.0
1717,q_learning,1,2.0084,10.04,3633,cpu,8,65,73.84,0.05,0.0
1718,q_learning,1,2.0094,10.06,3636,cpu,8,56,73.23,0.05,0.0
1719,q_learning,1,2.0099,9.8,3636,cpu,2,26,12.07,0.05,0.0
1720,q_learning,1,2.0133,9.82,3636,cpu,19,181,191.29,0.05,0.0
1721,q_learning,1,2.0144,9.76,3636,cpu,11,55,103.27,0.05,0.0
1722,q_learning,1,2.0155,9.6,3636,cpu,9,58,83.72,0.05,0.0
1723,q_learning,1,2.017,9.6,3639,cpu,9,81,85.59,0.05,0.0
1724,q_learning,1,2.0204,9.8,3651,cpu,21,176,210.66,0.05,0.0
1725,q_learning,1,2.0209,9.76,3651,cpu,3,30,20.54,0.05,0.0
1726,q_learning,1,2.0224,9.96,3651,cpu,12,78,114.85,0.05,0.0
1727,q_learning,1,2.0246,9.98,3651,cpu,13,118,126.76,0.05,0.0
1728,q_learning,1,2.0268,10.2,3651,cpu,14,118,138.87,0.05,0.0
1729,q_learning,1,2.0287,10.16,3651,cpu,12,100,116.63,0.05,0.0
1730,q_learning,1,2.0301,10.12,3651,cpu,10,73,94.58,0.05,0.0
1731,q_learning,1,2.0304,9.84,3651,cpu,2,20,11.33,0.05,0.0
1732,q_learning,1,2.0308,9.52,3651,cpu,2,22,11.51,0.05,0.0
1733,q_learning,1,2.034,9.48,3651,cpu,17,169,169.59,0.05,0.0
1734,q_learning,1,2.0352,9.58,3651,cpu,8,68,75.11,0.05,0.0
1735,q_learning,1,2.0377,9.76,3651,cpu,15,128,148.88,0.05,0.0
1736,q_learning,1,2.04,9.94,3651,cpu,14,124,137.41,0.05,0.0
1737,q_learning,1,2.0416,9.92,3651,cpu,12,85,116.08,0.05,0.0
1738,q_learning,1,2.0427,9.82,3651,cpu,9,59,83.41,0.05,0.0
1739,q_learning,1,2.0449,10.12,3651,cpu,16,118,157.49,0.05,0.0
1740,q_learning,1,2.0469,10.1,3651,cpu,12,103,116.9,0.05,0.0
1741,q_learning,1,2.0498,10.22,3654,cpu,20,150,200.21,0.05,0.0
1742,q_learning,1,2.0507,10.08,3657,cpu,8,49,73.2,0.05,0.0
1743,q_learning,1,2.0518,10.2,3657,cpu,8,61,74.48,0.05,0.0
1744,q_learning,1,2.0555,10.42,3666,cpu,22,190,223.43,0.05,0.0
1745,q_learning,1,2.0582,10.6,3666,cpu,17,144,168.94,0.05,0.0
1746,q_learning,1,2.0611,10.82,3678,cpu,18,154,179.55,0.05,0.0
1747,q_learning,1,2.0629,10.92,3678,cpu,14,89,136.66,0.05,0.0
1748,q_learning,1,2.0651,10.86,3678,cpu,14,117,136.58,0.05,0.0
1749,q_learning,1,2.0664,10.78,3678,cpu,10,71,94.4,0.05,0.0
1750,q_learning,1,2.0674,10.54,3678,cpu,7,54,63.14,0.05,0.0
1751,q_learning,1,2.0692,10.82,3678,cpu,15,93,146.33,0.05,0.0
1752,q_learning,1,2.0698,10.62,3678,cpu,7,31,62.07,0.05,0.0
1753,q_learning,1,2.0714,10.78,3678,cpu,11,86,105.66,0.05,0.0
1754,q_learning,1,2.0719,10.78,3678,cpu,3,25,21.89,0.05,0.0
1755,q_learning,1,2.0733,10.6,3678,cpu,9,82,86.08,0.05,0.0
1756,q_learning,1,2.0741,10.52,3678,cpu,6,43,52.64,0.05,0.0
1757,q_learning,1,2.0758,10.72,3678,cpu,11,89,106.33,0.05,0.0
1758,q_learning,1,2.0759,10.7,3678,cpu,1,10,0.72,0.05,0.0
1759,q_learning,1,2.0763,10.56,3678,cpu,2,20,11.33,0.05,0.0
1760,q_learning,1,2.0767,10.54,3678,cpu,4,23,31.02,0.05,0.0
1761,q_learning,1,2.0769,10.18,3678,cpu,3,9,20.45,0.05,0.0
1762,q_learning,1,2.0777,10.02,3678,cpu,7,42,63.06,0.05,0.0
1763,q_learning,1,2.0788,10.12,3681,cpu,8,57,72.72,0.05,0.0
1764,q_learning,1,2.0816,10.26,3684,cpu,17,148,169.7,0.05,0.0
1765,q_learning,1,2.0837,10.32,3684,cpu,14,114,137.11,0.05,0.0
1766,q_learning,1,2.0853,10.42,3687,cpu,7,90,65.38,0.05,0.0
1767,q_learning,1,2.0866,10.4,3687,cpu,7,77,64.41,0.05,0.0
1768,q_learning,1,2.0891,10.6,3690,cpu,18,123,177.56,0.05,0.0
1769,q_learning,1,2.0897,10.68,3690,cpu,6,35,52.32,0.05,0.0
1770,q_learning,1,2.0926,10.7,3693,cpu,20,151,200.3,0.05,0.0
1771,q_learning,1,2.093,10.52,3693,cpu,2,24,10.89,0.05,0.0
1772,q_learning,1,2.0952,10.62,3696,cpu,14,116,137.89,0.05,0.0
1773,q_learning,1,2.0956,10.52,3699,cpu,4,21,31.04,0.05,0.0
1774,q_learning,1,2.0959,10.12,3699,cpu,1,14,0.28,0.05,0.0
1775,q_learning,1,2.0983,10.38,3699,cpu,16,127,156.5,0.05,0.0
1776,q_learning,1,2.0989,10.22,3699,cpu,4,32,32.43,0.05,0.0
1777,q_learning,1,2.0993,10.04,3699,cpu,4,25,31.6,0.05,0.0
1778,q_learning,1,2.1015,10.02,3699,cpu,13,117,125.47,0.05,0.0
1779,q_learning,1,2.1043,10.16,3699,cpu,19,137,190.13,0.05,0.0
1780,q_learning,1,2.1062,10.2,3699,cpu,12,100,115.23,0.05,0.0
1781,q_learning,1,2.1091,10.54,3702,cpu,19,155,189.35,0.05,0.0
1782,q_learning,1,2.1111,10.82,3702,cpu,16,107,157.5,0.05,0.0
1783,q_learning,1,2.1132,10.78,3702,cpu,15,102,146.54,0.05,0.0
1784,q_learning,1,2.1149,10.86,3702,cpu,12,90,116.13,0.05,0.0
1785,q_learning,1,2.117,10.82,3702,cpu,13,109,126.55,0.05,0.0
1786,q_learning,1,2.1193,10.84,3702,cpu,15,122,148.94,0.05,0.0
1787,q_learning,1,2.1201,10.7,3702,cpu,5,45,43.11,0.05,0.0
1788,q_learning,1,2.1216,10.68,3702,cpu,8,76,75.43,0.05,0.0
1789,q_learning,1,2.1241,10.68,3702,cpu,16,128,159.19,0.05,0.0
1790,q_learning,1,2.1248,10.54,3702,cpu,5,39,42.77,0.05,0.0
1791,q_learning,1,2.1254,10.22,3702,cpu,4,31,32.14,0.05,0.0
1792,q_learning,1,2.1275,10.34,3705,cpu,14,108,137.77,0.05,0.0
1793,q_learning,1,2.128,10.26,3705,cpu,4,32,31.03,0.05,0.0
1794,q_learning,1,2.1308,10.2,3705,cpu,19,140,188.2,0.05,0.0
1795,q_learning,1,2.1313,9.94,3705,cpu,4,28,31.47,0.05,0.0
1796,q_learning,1,2.1315,9.58,3705,cpu,0,8,-9.57,0.05,0.0
1797,q_learning,1,2.1324,9.4,3705,cpu,5,52,42.94,0.05,0.0
1798,q_learning,1,2.1333,9.22,3705,cpu,5,50,42.56,0.05,0.0
1799,q_learning,1,2.1367,9.44,3720,cpu,21,168,211.54,0.05,0.0
1800,q_learning,1,2.1368,9.3,3720,cpu,0,7,-9.46,0.05,0.0
1801,q_learning,1,2.1376,9.12,3720,cpu,6,40,52.17,0.05,0.0
1802,q_learning,1,2.1377,8.98,3720,cpu,0,5,-9.64,0.05,0.0
1803,q_learning,1,2.1383,8.86,3720,cpu,5,35,42.61,0.05,0.0
1804,q_learning,1,2.14,9.06,3720,cpu,13,90,126.04,0.05,0.0
1805,q_learning,1,2.1424,9.22,3720,cpu,17,124,166.94,0.05,0.0
1806,q_learning,1,2.1428,9.14,3720,cpu,2,22,10.91,0.05,0.0
1807,q_learning,1,2.1444,9.14,3720,cpu,11,82,105.1,0.05,0.0
1808,q_learning,1,2.1467,9.46,3720,cpu,17,114,166.84,0.05,0.0
1809,q_learning,1,2.1486,9.68,3720,cpu,13,105,126.99,0.05,0.0
1810,q_learning,1,2.1494,9.7,3720,cpu,5,40,42.46,0.05,0.0
1811,q_learning,1,2.1502,9.74,3720,cpu,5,47,43.29,0.05,0.0
1812,q_learning,1,2.1521,9.84,3726,cpu,12,100,117.43,0.05,0.0
1813,q_learning,1,2.1526,9.76,3726,cpu,4,30,32.25,0.05,0.0
1814,q_learning,1,2.1531,9.48,3726,cpu,3,24,21.4,0.05,0.0
1815,q_learning,1,2.1535,9.3,3726,cpu,5,22,41.44,0.05,0.0
1816,q_learning,1,2.1563,9.48,3729,cpu,16,144,155.43,0.05,0.0
1817,q_learning,1,2.158,9.6,3729,cpu,13,86,125.08,0.05,0.0
1818,q_learning,1,2.1596,9.5,3729,cpu,13,85,125.59,0.05,0.0
1819,q_learning,1,2.1607,9.56,3732,cpu,9,61,83.39,0.05,0.0
1820,q_learning,1,2.164,9.52,3732,cpu,18,173,181.26,0.05,0.0
1821,q_learning,1,2.1649,9.62,3732,cpu,7,50,63.58,0.05,0.0
1822,q_learning,1,2.1674,9.68,3735,cpu,17,128,168.3,0.05,0.0
1823,q_learning,1,2.1709,9.98,3735,cpu,19,179,190.51,0.05,0.0
1824,q_learning,1,2.1713,9.98,3735,cpu,1,22,0.8,0.05,0.0
1825,q_learning,1,2.1731,9.92,3735,cpu,13,98,127.16,0.05,0.0
1826,q_learning,1,2.1746,10.08,3735,cpu,12,81,115.32,0.05,0.0
1827,q_learning,1,2.1753,10.1,3735,cpu,5,38,42.48,0.05,0.0
1828,q_learning,1,2.1773,10.14,3735,cpu,15,105,147.01,0.05,0.0
1829,q_learning,1,2.1778,9.84,3735,cpu,4,24,31.71,0.05,0.0
1830,q_learning,1,2.1801,9.88,3735,cpu,14,122,139.23,0.05,0.0
1831,q_learning,1,2.1816,9.68,3735,cpu,9,79,86.01,0.05,0.0
1832,q_learning,1,2.1819,9.42,3735,cpu,3,16,20.88,0.05,0.0
1833,q_learning,1,2.1838,9.34,3735,cpu,11,105,106.57,0.05,0.0
1834,q_learning,1,2.1847,9.22,3735,cpu,6,51,53.16,0.05,0.0
1835,q_learning,1,2.1875,9.28,3738,cpu,16,142,159.45,0.05,0.0
1836,q_learning,1,2.1907,9.4,3741,cpu,21,170,211.52,0.05,0.0
1837,q_learning,1,2.192,9.48,3741,cpu,9,70,84.8,0.05,0.0
1838,q_learning,1,2.1936,9.56,3744,cpu,12,84,115.79,0.05,0.0
1839,q_learning,1,2.1949,9.42,3744,cpu,9,72,84.78,0.05,0.0
1840,q_learning,1,2.1964,9.5,3744,cpu,9,78,84.52,0.05,0.0
1841,q_learning,1,2.1971,9.48,3747,cpu,3,38,21.46,0.05,0.0
1842,q_learning,1,2.1988,9.4,3747,cpu,10,95,96.36,0.05,0.0
1843,q_learning,1,2.1994,9.42,3747,cpu,5,30,41.76,0.05,0.0
1844,q_learning,1,2.2005,9.18,3747,cpu,7,59,63.19,0.05,0.0
1845,q_learning,1,2.2008,9.16,3747,cpu,3,18,20.66,0.05,0.0
1846,q_learning,1,2.2014,9.24,3750,cpu,4,32,32.03,0.05,0.0
1847,q_learning,1,2.2032,9.38,3750,cpu,12,93,117.2,0.05,0.0
1848,q_learning,1,2.2063,9.7,3765,cpu,21,154,210.88,0.05,0.0
1849,q_learning,1,2.2089,9.62,3765,cpu,17,137,168.71,0.05,0.0
1850,q_learning,1,2.212,10.04,3774,cpu,21,157,210.35,0.05,0.0
1851,q_learning,1,2.2129,10.04,3774,cpu,6,47,52.2,0.05,0.0
1852,q_learning,1,2.2146,10.28,3774,cpu,12,91,116.42,0.05,0.0
1853,q_learning,1,2.217,10.5,3774,cpu,16,129,158.88,0.05,0.0
1854,q_learning,1,2.2185,10.48,3774,cpu,12,79,115.14,0.05,0.0
1855,q_learning,1,2.2189,10.18,3774,cpu,2,20,11.33,0.05,0.0
1856,q_learning,1,2.2216,10.48,3774,cpu,17,139,168.29,0.05,0.0
1857,q_learning,1,2.2229,10.44,3774,cpu,9,74,85.16,0.05,0.0
1858,q_learning,1,2.2251,10.34,3774,cpu,12,122,117.61,0.05,0.0
1859,q_learning,1,2.2278,10.4,3774,cpu,16,142,159.65,0.05,0.0
1860,q_learning,1,2.2308,10.7,3777,cpu,20,146,199.25,0.05,0.0
1861,q_learning,1,2.2312,10.7,3777,cpu,5,26,41.0,0.05,0.0
1862,q_learning,1,2.2332,10.76,3777,cpu,15,103,145.23,0.05,0.0
1863,q_learning,1,2.2345,10.86,3777,cpu,9,66,84.44,0.05,0.0
1864,q_learning,1,2.2371,11.16,3777,cpu,18,135,178.84,0.05,0.0
1865,q_learning,1,2.2378,11.1,3777,cpu,2,33,12.1,0.05,0.0
1866,q_learning,1,2.2399,11.12,3777,cpu,17,111,166.57,0.05,0.0
1867,q_learning,1,2.2406,10.98,3777,cpu,6,36,52.41,0.05,0.0
1868,q_learning,1,2.2414,10.86,3777,cpu,7,46,63.42,0.05,0.0
1869,q_learning,1,2.2432,10.88,3777,cpu,10,99,96.92,0.05,0.0
1870,q_learning,1,2.2442,10.64,3777,cpu,6,52,53.65,0.05,0.0
1871,q_learning,1,2.2456,10.7,3777,cpu,10,74,94.87,0.05,0.0
1872,q_learning,1,2.247,10.58,3777,cpu,11,75,104.67,0.05,0.0
1873,q_learning,1,2.2492,10.46,3777,cpu,13,119,126.45,0.05,0.0
1874,q_learning,1,2.2494,10.48,3777,cpu,2,10,10.63,0.05,0.0
1875,q_learning,1,2.25,10.36,3777,cpu,7,28,61.8,0.05,0.0
1876,q_learning,1,2.2507,10.22,3777,cpu,5,39,42.57,0.05,0.0
1877,q_learning,1,2.2517,10.22,3777,cpu,5,55,43.81,0.05,0.0
1878,q_learning,1,2.2545,10.26,3777,cpu,17,149,167.39,0.05,0.0
1879,q_learning,1,2.2562,10.36,3777,cpu,9,88,85.22,0.05,0.0
1880,q_learning,1,2.2568,10.18,3777,cpu,5,36,42.7,0.05,0.0
1881,q_learning,1,2.2589,10.28,3777,cpu,14,111,136.24,0.05,0.0
1882,q_learning,1,2.2595,10.3,3777,cpu,4,32,32.43,0.05,0.0
1883,q_learning,1,2.2608,10.3,3777,cpu,11,69,105.13,0.05,0.0
1884,q_learning,1,2.2615,10.28,3777,cpu,5,37,42.39,0.05,0.0
1885,q_learning,1,2.2641,10.32,3777,cpu,18,131,178.28,0.05,0.0
1886,q_learning,1,2.2667,10.22,3777,cpu,16,139,159.38,0.05,0.0
1887,q_learning,1,2.2691,10.36,3777,cpu,16,125,158.72,0.05,0.0
1888,q_learning,1,2.2707,10.32,3777,cpu,10,81,95.7,0.05,0.0
1889,q_learning,1,2.2731,10.5,3780,cpu,18,124,178.85,0.05,0.0
1890,q_learning,1,2.2741,10.48,3780,cpu,8,54,73.65,0.05,0.0
1891,q_learning,1,2.2748,10.48,3780,cpu,3,41,22.53,0.05,0.0
1892,q_learning,1,2.277,10.58,3783,cpu,15,110,146.66,0.05,0.0
1893,q_learning,1,2.2792,10.8,3783,cpu,16,113,157.44,0.05,0.0
1894,q_learning,1,2.282,11.04,3783,cpu,19,139,189.71,0.05,0.0
1895,q_learning,1,2.2852,11.34,3786,cpu,18,167,180.52,0.05,0.0
1896,q_learning,1,2.2864,11.44,3786,cpu,9,65,84.35,0.05,0.0
1897,q_learning,1,2.2874,11.36,3786,cpu,8,54,73.65,0.05,0.0
1898,q_learning,1,2.2887,11.1,3786,cpu,8,68,74.71,0.05,0.0
1899,q_learning,1,2.2906,11.0,3786,cpu,12,101,116.32,0.05,0.0
1900,q_learning,1,2.2935,10.88,3786,cpu,15,155,149.11,0.05,0.0
1901,q_learning,1,2.2945,10.92,3786,cpu,8,53,73.96,0.05,0.0
1902,q_learning,1,2.2978,11.1,3798,cpu,21,164,210.38,0.05,0.0
1903,q_learning,1,2.2991,10.98,3798,cpu,10,73,93.58,0.05,0.0
1904,q_learning,1,2.3011,11.0,3798,cpu,13,103,126.41,0.05,0.0
1905,q_learning,1,2.3041,11.4,3810,cpu,22,151,219.92,0.05,0.0
1906,q_learning,1,2.307,11.48,3813,cpu,21,145,209.47,0.05,0.0
1907,q_learning,1,2.3084,11.48,3813,cpu,9,77,83.63,0.05,0.0
1908,q_learning,1,2.3086,11.26,3813,cpu,1,15,1.17,0.05,0.0
1909,q_learning,1,2.3093,11.02,3813,cpu,4,39,33.06,0.05,0.0
1910,q_learning,1,2.3124,10.98,3813,cpu,18,160,180.69,0.05,0.0
1911,q_learning,1,2.3146,11.18,3813,cpu,15,119,148.87,0.05,0.0
1912,q_learning,1,2.3154,10.94,3813,cpu,3,45,21.49,0.05,0.0
1913,q_learning,1,2.3174,11.0,3813,cpu,12,105,116.68,0.05,0.0
1914,q_learning,1,2.3181,10.74,3813,cpu,5,43,42.53,0.05,0.0
1915,q_learning,1,2.319,10.82,3813,cpu,6,47,53.6,0.05,0.0
1916,q_learning,1,2.321,10.76,3813,cpu,14,103,137.72,0.05,0.0
1917,q_learning,1,2.3224,10.8,3813,cpu,8,76,75.63,0.05,0.0
1918,q_learning,1,2.3226,10.66,3813,cpu,0,10,-9.19,0.05,0.0
1919,q_learning,1,2.324,10.66,3816,cpu,10,75,94.96,0.05,0.0
1920,q_learning,1,2.3249,10.64,3816,cpu,5,54,42.72,0.05,0.0
1921,q_learning,1,2.3253,10.48,3816,cpu,2,23,11.8,0.05,0.0
1922,q_learning,1,2.3263,10.34,3816,cpu,4,56,33.59,0.05,0.0
1923,q_learning,1,2.3283,10.34,3816,cpu,13,106,126.28,0.05,0.0
1924,q_learning,1,2.3307,10.62,3819,cpu,16,126,159.21,0.05,0.0
1925,q_learning,1,2.3331,10.76,3819,cpu,14,128,138.37,0.05,0.0
1926,q_learning,1,2.334,10.82,3819,cpu,8,51,72.98,0.05,0.0
1927,q_learning,1,2.3367,11.08,3819,cpu,18,142,179.07,0.05,0.0
1928,q_learning,1,2.3385,10.96,3819,cpu,11,89,106.33,0.05,0.0
1929,q_learning,1,2.3393,10.94,3819,cpu,8,45,73.24,0.05,0.0
1930,q_learning,1,2.3415,11.12,3819,cpu,14,115,137.8,0.05,0.0
1931,q_learning,1,2.3422,10.94,3819,cpu,5,39,41.17,0.05,0.0
1932,q_learning,1,2.3441,11.1,3819,cpu,12,104,116.19,0.05,0.0
1933,q_learning,1,2.3455,11.12,3819,cpu,12,72,114.71,0.05,0.0
1934,q_learning,1,2.3483,11.36,3819,cpu,17,147,170.41,0.05,0.0
1935,q_learning,1,2.3492,11.16,3819,cpu,8,51,72.78,0.05,0.0
1936,q_learning,1,2.3524,11.26,3831,cpu,21,163,209.49,0.05,0.0
1937,q_learning,1,2.3541,11.2,3834,cpu,13,89,125.55,0.05,0.0
1938,q_learning,1,2.3561,11.3,3834,cpu,15,101,147.25,0.05,0.0
1939,q_learning,1,2.3582,11.2,3834,cpu,13,113,126.91,0.05,0.0
1940,q_learning,1,2.3599,11.28,3834,cpu,12,93,115.8,0.05,0.0
1941,q_learning,1,2.3612,11.38,3834,cpu,8,72,75.27,0.05,0.0
1942,q_learning,1,2.3616,11.14,3837,cpu,3,21,21.33,0.05,0.0
1943,q_learning,1,2.3619,10.84,3837,cpu,1,13,0.99,0.05,0.0
1944,q_learning,1,2.3624,10.54,3837,cpu,4,27,31.78,0.05,0.0
1945,q_learning,1,2.3634,10.36,3837,cpu,9,51,82.89,0.05,0.0
1946,q_learning,1,2.3641,10.26,3837,cpu,4,37,32.28,0.05,0.0
1947,q_learning,1,2.3657,10.32,3837,cpu,11,89,106.13,0.05,0.0
1948,q_learning,1,2.3678,10.46,3837,cpu,15,111,146.95,0.05,0.0
1949,q_learning,1,2.3683,10.28,3837,cpu,3,28,21.76,0.05,0.0
1950,q_learning,1,2.3687,10.0,3837,cpu,1,24,1.58,0.05,0.0
1951,q_learning,1,2.3702,10.02,3837,cpu,9,77,85.23,0.05,0.0
1952,q_learning,1,2.3723,9.92,3837,cpu,16,109,157.28,0.05,0.0
1953,q_learning,1,2.3742,9.96,3837,cpu,12,103,117.7,0.05,0.0
1954,q_learning,1,2.3746,9.76,3837,cpu,3,22,21.62,0.05,0.0
1955,q_learning,1,2.3782,9.74,3840,cpu,21,186,210.36,0.05,0.0
1956,q_learning,1,2.3799,9.56,3840,cpu,12,88,116.35,0.05,0.0
1957,q_learning,1,2.3804,9.46,3840,cpu,4,24,31.71,0.05,0.0
1958,q_learning,1,2.3827,9.7,3840,cpu,13,130,127.64,0.05,0.0
1959,q_learning,1,2.3853,10.04,3849,cpu,21,130,208.52,0.05,0.0
1960,q_learning,1,2.3857,9.74,3849,cpu,3,20,20.64,0.05,0.0
1961,q_learning,1,2.386,9.48,3849,cpu,2,18,11.15,0.05,0.0
1962,q_learning,1,2.3878,9.64,3849,cpu,11,94,105.38,0.05,0.0
1963,q_learning,1,2.3901,9.72,3849,cpu,16,118,157.49,0.05,0.0
1964,q_learning,1,2.394,10.04,3855,cpu,21,207,212.05,0.05,0.0
1965,q_learning,1,2.3952,10.1,3855,cpu,9,67,84.13,0.05,0.0
1966,q_learning,1,2.3964,9.98,3855,cpu,8,57,73.92,0.05,0.0
1967,q_learning,1,2.3995,10.16,3858,cpu,17,169,168.79,0.05,0.0
1968,q_learning,1,2.3999,10.2,3858,cpu,2,25,11.98,0.05,0.0
1969,q_learning,1,2.4013,10.18,3861,cpu,9,74,85.16,0.05,0.0
1970,q_learning,1,2.4036,10.4,3861,cpu,16,117,157.2,0.05,0.0
1971,q_learning,1,2.4063,10.7,3861,cpu,17,140,168.38,0.05,0.0
1972,q_learning,1,2.4073,10.8,3861,cpu,9,56,83.54,0.05,0.0
1973,q_learning,1,2.4089,10.72,3861,cpu,9,85,85.35,0.05,0.0
1974,q_learning,1,2.4102,10.6,3861,cpu,10,71,94.2,0.05,0.0
1975,q_learning,1,2.4131,10.7,3864,cpu,19,147,188.83,0.05,0.0
1976,q_learning,1,2.415,10.82,3864,cpu,14,99,136.16,0.05,0.0
1977,q_learning,1,2.4188,10.9,3873,cpu,22,201,222.82,0.05,0.0
1978,q_learning,1,2.4195,10.76,3873,cpu,4,38,32.97,0.05,0.0
1979,q_learning,1,2.4199,10.64,3873,cpu,2,21,11.42,0.05,0.0
1980,q_learning,1,2.4211,10.52,3876,cpu,8,61,73.88,0.05,0.0
1981,q_learning,1,2.4227,10.64,3876,cpu,11,89,106.33,0.05,0.0
1982,q_learning,1,2.4236,10.56,3876,cpu,8,48,73.31,0.05,0.0
1983,q_learning,1,2.4251,10.52,3876,cpu,10,81,95.5,0.05,0.0
1984,q_learning,1,2.426,10.28,3876,cpu,5,51,43.65,0.05,0.0
1985,q_learning,1,2.4273,10.32,3876,cpu,10,69,94.42,0.05,0.0
1986,q_learning,1,2.4289,10.16,3879,cpu,13,81,125.83,0.05,0.0
1987,q_learning,1,2.4293,9.92,3879,cpu,1,23,1.69,0.05,0.0
1988,q_learning,1,2.4297,9.68,3879,cpu,3,24,21.6,0.05,0.0
1989,q_learning,1,2.4326,9.72,3879,cpu,15,152,150.24,0.05,0.0
1990,q_learning,1,2.4354,9.9,3885,cpu,21,143,209.49,0.05,0.0
1991,q_learning,1,2.4356,9.76,3885,cpu,1,12,0.9,0.05,0.0
1992,q_learning,1,2.4366,9.82,3885,cpu,6,51,53.16,0.05,0.0
1993,q_learning,1,2.4379,9.96,3885,cpu,8,68,74.71,0.05,0.0
1994,q_learning,1,2.4389,10.02,3885,cpu,7,58,63.7,0.05,0.0
1995,q_learning,1,2.44,10.0,3885,cpu,8,56,73.63,0.05,0.0
1996,q_learning,1,2.4423,10.24,3888,cpu,16,120,157.47,0.05,0.0
1997,q_learning,1,2.4444,10.32,3888,cpu,15,113,147.73,0.05,0.0
1998,q_learning,1,2.4445,10.02,3888,cpu,0,6,-9.55,0.05,0.0
1999,q_learning,1,2.4473,10.3,3888,cpu,17,142,168.56,0.05,0.0
2000,q_learning,1,2.45,10.62,3894,cpu,17,139,169.49,0.05,0.0
