episode,model,seed,elapsed_seconds,moving_avg_score,model_size,device,score,steps,reward,epsilon,loss
1,q_learning,3,0.0004,1.0,30,cpu,1,25,0.27,0.995,0.0
2,q_learning,3,0.0006,0.5,54,cpu,0,17,-10.76,0.99003,0.0
3,q_learning,3,0.0008,0.3333,72,cpu,0,10,-10.19,0.98507,0.0
4,q_learning,3,0.0014,0.25,105,cpu,0,44,-10.93,0.98015,0.0
5,q_learning,3,0.0019,0.2,114,cpu,0,37,-10.76,0.97525,0.0
6,q_learning,3,0.0022,0.1667,120,cpu,0,26,-10.95,0.97037,0.0
7,q_learning,3,0.0027,0.1429,129,cpu,0,33,-10.92,0.96552,0.0
8,q_learning,3,0.0032,0.25,156,cpu,1,34,-0.12,0.96069,0.0
9,q_learning,3,0.0034,0.2222,162,cpu,0,12,-11.01,0.95589,0.0
10,q_learning,3,0.0038,0.2,165,cpu,0,34,-10.43,0.95111,0.0
11,q_learning,3,0.004,0.1818,168,cpu,0,10,-10.39,0.94635,0.0
12,q_learning,3,0.0042,0.1667,171,cpu,0,16,-9.65,0.94162,0.0
13,q_learning,3,0.0043,0.1538,171,cpu,0,7,-10.46,0.93691,0.0
14,q_learning,3,0.005,0.2143,174,cpu,1,52,-0.7,0.93223,0.0
15,q_learning,3,0.0056,0.2,183,cpu,0,42,-10.31,0.92757,0.0
16,q_learning,3,0.0058,0.1875,186,cpu,0,13,-10.32,0.92293,0.0
17,q_learning,3,0.0061,0.1765,189,cpu,0,25,-10.64,0.91832,0.0
18,q_learning,3,0.0064,0.1667,192,cpu,0,23,-10.42,0.91372,0.0
19,q_learning,3,0.0067,0.2105,204,cpu,1,18,-0.36,0.90916,0.0
20,q_learning,3,0.007,0.2,204,cpu,0,18,-10.47,0.90461,0.0
21,q_learning,3,0.0072,0.1905,204,cpu,0,19,-10.78,0.90009,0.0
22,q_learning,3,0.0074,0.1818,207,cpu,0,12,-9.41,0.89559,0.0
23,q_learning,3,0.0075,0.1739,207,cpu,0,8,-9.77,0.89111,0.0
24,q_learning,3,0.0076,0.1667,207,cpu,0,7,-10.46,0.88665,0.0
25,q_learning,3,0.008,0.2,219,cpu,1,23,-0.31,0.88222,0.0
26,q_learning,3,0.0081,0.1923,219,cpu,0,8,-10.37,0.87781,0.0
27,q_learning,3,0.0083,0.1852,222,cpu,0,13,-10.52,0.87342,0.0
28,q_learning,3,0.0084,0.1786,222,cpu,0,8,-10.37,0.86905,0.0
29,q_learning,3,0.0091,0.2069,228,cpu,1,53,0.19,0.86471,0.0
30,q_learning,3,0.0094,0.2,231,cpu,0,16,-10.65,0.86038,0.0
31,q_learning,3,0.0095,0.1935,231,cpu,0,8,-10.57,0.85608,0.0
32,q_learning,3,0.0099,0.1875,240,cpu,0,34,-10.43,0.8518,0.0
33,q_learning,3,0.0101,0.1818,246,cpu,0,10,-9.59,0.84754,0.0
34,q_learning,3,0.0103,0.1765,252,cpu,0,19,-10.18,0.84331,0.0
35,q_learning,3,0.0105,0.2,258,cpu,1,7,0.25,0.83909,0.0
36,q_learning,3,0.0106,0.1944,261,cpu,0,10,-9.99,0.83489,0.0
37,q_learning,3,0.0117,0.2162,279,cpu,1,73,-0.81,0.83072,0.0
38,q_learning,3,0.0118,0.2105,279,cpu,0,7,-10.06,0.82657,0.0
39,q_learning,3,0.0121,0.2308,285,cpu,1,20,0.22,0.82243,0.0
40,q_learning,3,0.0122,0.225,288,cpu,0,7,-9.86,0.81832,0.0
41,q_learning,3,0.0126,0.2439,315,cpu,1,31,-0.19,0.81423,0.0
42,q_learning,3,0.0132,0.2381,315,cpu,0,44,-10.53,0.81016,0.0
43,q_learning,3,0.0137,0.2558,318,cpu,1,34,-0.12,0.80611,0.0
44,q_learning,3,0.0141,0.2727,318,cpu,1,27,0.05,0.80208,0.0
45,q_learning,3,0.0144,0.2889,330,cpu,1,23,-0.31,0.79807,0.0
46,q_learning,3,0.0146,0.2826,333,cpu,0,10,-10.79,0.79408,0.0
47,q_learning,3,0.0149,0.2766,336,cpu,0,19,-9.98,0.7901,0.0
48,q_learning,3,0.015,0.3125,339,cpu,2,10,10.43,0.78615,0.0
49,q_learning,3,0.0154,0.3265,345,cpu,1,25,-0.53,0.78222,0.0
50,q_learning,3,0.0156,0.32,345,cpu,0,15,-9.74,0.77831,0.0
51,q_learning,3,0.0158,0.32,348,cpu,1,12,-0.1,0.77442,0.0
52,q_learning,3,0.0161,0.34,348,cpu,1,14,0.28,0.77055,0.0
53,q_learning,3,0.0162,0.36,351,cpu,1,9,0.03,0.7667,0.0
54,q_learning,3,0.0165,0.36,351,cpu,0,17,-9.56,0.76286,0.0
55,q_learning,3,0.0173,0.36,351,cpu,0,62,-10.31,0.75905,0.0
56,q_learning,3,0.0175,0.36,351,cpu,0,12,-10.61,0.75525,0.0
57,q_learning,3,0.0178,0.4,357,cpu,2,17,10.66,0.75148,0.0
58,q_learning,3,0.018,0.4,357,cpu,1,19,0.33,0.74772,0.0
59,q_learning,3,0.0184,0.42,366,cpu,1,27,0.05,0.74398,0.0
60,q_learning,3,0.0189,0.44,375,cpu,1,33,0.39,0.74026,0.0
61,q_learning,3,0.0193,0.44,375,cpu,0,28,-9.77,0.73656,0.0
62,q_learning,3,0.0195,0.44,375,cpu,0,8,-9.97,0.73288,0.0
63,q_learning,3,0.0196,0.44,378,cpu,0,9,-10.28,0.72921,0.0
64,q_learning,3,0.0197,0.42,381,cpu,0,8,-9.77,0.72557,0.0
65,q_learning,3,0.0201,0.46,387,cpu,2,26,10.27,0.72194,0.0
66,q_learning,3,0.0206,0.5,393,cpu,2,31,10.32,0.71833,0.0
67,q_learning,3,0.0208,0.5,393,cpu,0,13,-9.72,0.71474,0.0
68,q_learning,3,0.021,0.5,396,cpu,0,17,-10.96,0.71116,0.0
69,q_learning,3,0.0211,0.48,396,cpu,0,9,-10.28,0.70761,0.0
70,q_learning,3,0.0215,0.5,396,cpu,1,23,0.09,0.70407,0.0
71,q_learning,3,0.022,0.5,396,cpu,0,34,-10.83,0.70055,0.0
72,q_learning,3,0.0221,0.5,396,cpu,0,9,-9.88,0.69705,0.0
73,q_learning,3,0.0222,0.5,396,cpu,0,8,-10.17,0.69356,0.0
74,q_learning,3,0.0224,0.5,402,cpu,0,8,-10.37,0.69009,0.0
75,q_learning,3,0.0226,0.52,402,cpu,2,11,10.32,0.68664,0.0
76,q_learning,3,0.0228,0.52,402,cpu,0,17,-9.76,0.68321,0.0
77,q_learning,3,0.0234,0.56,402,cpu,2,39,10.64,0.67979,0.0
78,q_learning,3,0.0235,0.58,402,cpu,1,7,0.05,0.67639,0.0
79,q_learning,3,0.0236,0.56,402,cpu,0,6,-10.35,0.67301,0.0
80,q_learning,3,0.0238,0.56,405,cpu,0,13,-9.92,0.66965,0.0
81,q_learning,3,0.024,0.58,405,cpu,1,9,0.23,0.6663,0.0
82,q_learning,3,0.0241,0.58,405,cpu,0,6,-10.55,0.66297,0.0
83,q_learning,3,0.0244,0.6,405,cpu,1,17,0.35,0.65965,0.0
84,q_learning,3,0.0248,0.64,411,cpu,2,28,10.45,0.65635,0.0
85,q_learning,3,0.025,0.62,411,cpu,0,9,-9.88,0.65307,0.0
86,q_learning,3,0.0253,0.64,417,cpu,1,18,0.24,0.64981,0.0
87,q_learning,3,0.0255,0.64,417,cpu,1,17,0.35,0.64656,0.0
88,q_learning,3,0.0261,0.7,420,cpu,3,40,20.64,0.64333,0.0
89,q_learning,3,0.0266,0.72,423,cpu,2,32,10.61,0.64011,0.0
90,q_learning,3,0.0271,0.74,423,cpu,1,30,0.32,0.63691,0.0
91,q_learning,3,0.0273,0.74,423,cpu,1,9,0.23,0.63372,0.0
92,q_learning,3,0.0274,0.74,423,cpu,0,10,-9.99,0.63056,0.0
93,q_learning,3,0.0276,0.72,426,cpu,0,7,-9.86,0.6274,0.0
94,q_learning,3,0.0278,0.7,429,cpu,0,14,-9.63,0.62427,0.0
95,q_learning,3,0.028,0.68,429,cpu,0,11,-9.9,0.62114,0.0
96,q_learning,3,0.0282,0.68,432,cpu,0,17,-9.96,0.61804,0.0
97,q_learning,3,0.0284,0.68,432,cpu,0,10,-10.19,0.61495,0.0
98,q_learning,3,0.0286,0.68,441,cpu,2,17,10.06,0.61187,0.0
99,q_learning,3,0.0292,0.7,450,cpu,2,37,10.06,0.60881,0.0
100,q_learning,3,0.0298,0.72,450,cpu,1,41,0.51,0.60577,0.0
101,q_learning,3,0.0307,0.74,459,cpu,2,56,11.17,0.60274,0.0
102,q_learning,3,0.0311,0.76,462,cpu,2,22,10.71,0.59973,0.0
103,q_learning,3,0.0314,0.76,462,cpu,1,22,0.2,0.59673,0.0
104,q_learning,3,0.0318,0.78,462,cpu,1,22,1.0,0.59375,0.0
105,q_learning,3,0.0319,0.8,465,cpu,1,10,0.32,0.59078,0.0
106,q_learning,3,0.0323,0.82,468,cpu,1,20,0.42,0.58782,0.0
107,q_learning,3,0.0324,0.78,468,cpu,0,6,-9.95,0.58488,0.0
108,q_learning,3,0.033,0.78,471,cpu,1,36,0.86,0.58196,0.0
109,q_learning,3,0.0333,0.78,474,cpu,1,17,0.55,0.57905,0.0
110,q_learning,3,0.0335,0.76,474,cpu,0,17,-9.96,0.57615,0.0
111,q_learning,3,0.0339,0.8,480,cpu,2,20,10.93,0.57327,0.0
112,q_learning,3,0.0342,0.84,480,cpu,2,23,10.6,0.57041,0.0
113,q_learning,3,0.0344,0.84,483,cpu,0,10,-10.19,0.56756,0.0
114,q_learning,3,0.0347,0.88,483,cpu,2,17,10.46,0.56472,0.0
115,q_learning,3,0.0351,0.86,489,cpu,1,27,0.25,0.56189,0.0
116,q_learning,3,0.0353,0.84,501,cpu,1,15,0.37,0.55908,0.0
117,q_learning,3,0.0358,0.88,504,cpu,2,28,11.25,0.55629,0.0
118,q_learning,3,0.036,0.88,507,cpu,0,13,-9.52,0.55351,0.0
119,q_learning,3,0.0364,0.92,510,cpu,2,28,11.85,0.55074,0.0
120,q_learning,3,0.037,0.92,519,cpu,1,34,0.88,0.54799,0.0
121,q_learning,3,0.0374,0.92,519,cpu,0,26,-9.75,0.54525,0.0
122,q_learning,3,0.0377,0.98,519,cpu,3,19,20.55,0.54252,0.0
123,q_learning,3,0.0378,0.98,519,cpu,0,6,-9.75,0.53981,0.0
124,q_learning,3,0.0379,0.98,519,cpu,0,8,-10.37,0.53711,0.0
125,q_learning,3,0.0381,0.94,519,cpu,0,12,-9.61,0.53442,0.0
126,q_learning,3,0.0383,0.96,519,cpu,1,8,0.54,0.53175,0.0
127,q_learning,3,0.0386,0.96,522,cpu,2,24,10.89,0.52909,0.0
128,q_learning,3,0.039,0.96,522,cpu,1,23,0.89,0.52645,0.0
129,q_learning,3,0.0393,1.0,522,cpu,2,15,10.48,0.52381,0.0
130,q_learning,3,0.0394,1.0,525,cpu,0,10,-9.79,0.5212,0.0
131,q_learning,3,0.0396,1.0,528,cpu,1,13,0.59,0.51859,0.0
132,q_learning,3,0.0398,1.0,528,cpu,0,7,-9.66,0.516,0.0
133,q_learning,3,0.0401,1.0,534,cpu,1,23,0.49,0.51342,0.0
134,q_learning,3,0.0407,1.0,537,cpu,2,33,11.7,0.51085,0.0
135,q_learning,3,0.041,1.02,537,cpu,1,19,0.93,0.5083,0.0
136,q_learning,3,0.0414,1.0,537,cpu,0,27,-9.86,0.50575,0.0
137,q_learning,3,0.0416,0.98,537,cpu,0,9,-9.28,0.50322,0.0
138,q_learning,3,0.0418,0.92,540,cpu,0,12,-9.61,0.50071,0.0
139,q_learning,3,0.0423,0.92,543,cpu,2,34,11.99,0.49821,0.0
140,q_learning,3,0.0426,0.94,549,cpu,2,21,10.22,0.49571,0.0
141,q_learning,3,0.0433,0.92,555,cpu,0,48,-9.97,0.49324,0.0
142,q_learning,3,0.0439,0.96,558,cpu,2,39,10.84,0.49077,0.0
143,q_learning,3,0.0444,1.0,564,cpu,2,29,10.34,0.48832,0.0
144,q_learning,3,0.0446,1.02,564,cpu,1,15,0.37,0.48587,0.0
145,q_learning,3,0.0449,1.06,564,cpu,2,17,10.66,0.48344,0.0
146,q_learning,3,0.0452,1.08,564,cpu,1,15,0.57,0.48103,0.0
147,q_learning,3,0.0453,1.1,564,cpu,1,8,0.14,0.47862,0.0
148,q_learning,3,0.0459,1.12,564,cpu,3,39,22.15,0.47623,0.0
149,q_learning,3,0.0463,1.12,570,cpu,2,23,10.8,0.47385,0.0
150,q_learning,3,0.0467,1.12,573,cpu,1,27,0.65,0.47148,0.0
151,q_learning,3,0.0469,1.1,573,cpu,1,11,0.61,0.46912,0.0
152,q_learning,3,0.0473,1.1,573,cpu,2,24,10.29,0.46678,0.0
153,q_learning,3,0.0476,1.1,573,cpu,1,21,0.31,0.46444,0.0
154,q_learning,3,0.0485,1.12,576,cpu,2,53,10.5,0.46212,0.0
155,q_learning,3,0.0488,1.14,582,cpu,2,18,10.55,0.45981,0.0
156,q_learning,3,0.0494,1.16,585,cpu,2,37,11.86,0.45751,0.0
157,q_learning,3,0.0497,1.18,585,cpu,1,19,0.33,0.45522,0.0
158,q_learning,3,0.05,1.18,585,cpu,1,14,0.48,0.45295,0.0
159,q_learning,3,0.0504,1.2,588,cpu,2,23,11.2,0.45068,0.0
160,q_learning,3,0.0507,1.24,588,cpu,2,23,10.2,0.44843,0.0
161,q_learning,3,0.0512,1.24,588,cpu,2,31,10.52,0.44619,0.0
162,q_learning,3,0.0517,1.24,588,cpu,2,26,11.27,0.44396,0.0
163,q_learning,3,0.0521,1.3,591,cpu,3,22,21.42,0.44174,0.0
164,q_learning,3,0.0523,1.32,591,cpu,3,13,20.61,0.43953,0.0
165,q_learning,3,0.0532,1.36,594,cpu,3,54,21.1,0.43733,0.0
166,q_learning,3,0.0535,1.36,594,cpu,1,18,1.04,0.43514,0.0
167,q_learning,3,0.0537,1.32,594,cpu,0,10,-9.59,0.43297,0.0
168,q_learning,3,0.0541,1.36,597,cpu,2,26,10.87,0.4308,0.0
169,q_learning,3,0.0547,1.38,603,cpu,3,37,20.57,0.42865,0.0
170,q_learning,3,0.0549,1.36,606,cpu,0,11,-9.3,0.4265,0.0
171,q_learning,3,0.0553,1.4,606,cpu,2,20,10.53,0.42437,0.0
172,q_learning,3,0.0557,1.38,609,cpu,2,23,11.2,0.42225,0.0
173,q_learning,3,0.0566,1.48,639,cpu,5,54,41.52,0.42014,0.0
174,q_learning,3,0.0572,1.54,639,cpu,3,36,20.88,0.41804,0.0
175,q_learning,3,0.0573,1.56,639,cpu,1,7,0.45,0.41595,0.0
176,q_learning,3,0.0579,1.58,645,cpu,2,23,11.4,0.41387,0.0
177,q_learning,3,0.0584,1.6,648,cpu,3,29,20.45,0.4118,0.0
178,q_learning,3,0.0592,1.64,657,cpu,3,49,20.65,0.40974,0.0
179,q_learning,3,0.0595,1.64,660,cpu,2,18,10.75,0.40769,0.0
180,q_learning,3,0.0596,1.64,660,cpu,0,11,-9.3,0.40565,0.0
181,q_learning,3,0.0604,1.7,663,cpu,4,44,31.71,0.40362,0.0
182,q_learning,3,0.0609,1.72,666,cpu,1,34,0.68,0.40161,0.0
183,q_learning,3,0.0613,1.74,666,cpu,2,20,10.93,0.3996,0.0
184,q_learning,3,0.0614,1.7,666,cpu,0,7,-9.46,0.3976,0.0
185,q_learning,3,0.0617,1.72,669,cpu,2,17,10.66,0.39561,0.0
186,q_learning,3,0.0625,1.78,675,cpu,3,50,21.14,0.39363,0.0
187,q_learning,3,0.0634,1.86,681,cpu,4,55,31.7,0.39167,0.0
188,q_learning,3,0.0637,1.9,684,cpu,2,16,10.77,0.38971,0.0
189,q_learning,3,0.0646,1.92,687,cpu,3,50,21.94,0.38776,0.0
190,q_learning,3,0.0651,1.92,687,cpu,2,35,11.48,0.38582,0.0
191,q_learning,3,0.0658,1.98,690,cpu,3,35,20.59,0.38389,0.0
192,q_learning,3,0.0664,1.98,693,cpu,2,38,11.15,0.38197,0.0
193,q_learning,3,0.0673,2.02,693,cpu,4,53,31.12,0.38006,0.0
194,q_learning,3,0.0676,2.02,693,cpu,1,13,0.59,0.37816,0.0
195,q_learning,3,0.0677,2.02,696,cpu,2,7,9.96,0.37627,0.0
196,q_learning,3,0.0682,2.06,696,cpu,3,26,20.98,0.37439,0.0
197,q_learning,3,0.0685,2.1,696,cpu,3,21,20.93,0.37252,0.0
198,q_learning,3,0.0687,2.06,696,cpu,1,9,0.63,0.37066,0.0
199,q_learning,3,0.0691,2.06,699,cpu,2,24,11.29,0.3688,0.0
200,q_learning,3,0.0693,2.04,702,cpu,0,9,-9.68,0.36696,0.0
201,q_learning,3,0.0697,2.06,702,cpu,2,23,11.0,0.36512,0.0
202,q_learning,3,0.0705,2.12,720,cpu,5,50,43.36,0.3633,0.0
203,q_learning,3,0.0709,2.14,723,cpu,2,22,10.71,0.36148,0.0
204,q_learning,3,0.0711,2.12,723,cpu,1,12,0.5,0.35967,0.0
205,q_learning,3,0.0717,2.12,729,cpu,2,33,11.3,0.35788,0.0
206,q_learning,3,0.0727,2.18,741,cpu,5,58,41.88,0.35609,0.0
207,q_learning,3,0.0728,2.16,741,cpu,0,8,-9.37,0.35431,0.0
208,q_learning,3,0.0739,2.24,747,cpu,5,65,43.11,0.35253,0.0
209,q_learning,3,0.0742,2.22,747,cpu,1,14,0.28,0.35077,0.0
210,q_learning,3,0.0744,2.22,747,cpu,2,8,10.45,0.34902,0.0
211,q_learning,3,0.0749,2.22,750,cpu,2,30,10.43,0.34727,0.0
212,q_learning,3,0.0753,2.18,753,cpu,0,22,-9.71,0.34554,0.0
213,q_learning,3,0.0757,2.18,753,cpu,3,25,20.29,0.34381,0.0
214,q_learning,3,0.0759,2.16,756,cpu,2,13,10.1,0.34209,0.0
215,q_learning,3,0.0767,2.18,756,cpu,4,49,31.96,0.34038,0.0
216,q_learning,3,0.0771,2.2,756,cpu,2,23,11.2,0.33868,0.0
217,q_learning,3,0.0777,2.24,756,cpu,2,41,11.22,0.33698,0.0
218,q_learning,3,0.0779,2.24,756,cpu,2,13,10.3,0.3353,0.0
219,q_learning,3,0.0783,2.22,756,cpu,2,23,11.2,0.33362,0.0
220,q_learning,3,0.0788,2.26,756,cpu,2,30,12.03,0.33195,0.0
221,q_learning,3,0.0789,2.22,756,cpu,0,7,-9.66,0.33029,0.0
222,q_learning,3,0.0792,2.2,756,cpu,1,17,1.15,0.32864,0.0
223,q_learning,3,0.0793,2.1,756,cpu,0,7,-9.86,0.327,0.0
224,q_learning,3,0.0803,2.1,756,cpu,3,59,22.15,0.32536,0.0
225,q_learning,3,0.0808,2.18,765,cpu,5,30,41.36,0.32374,0.0
226,q_learning,3,0.0813,2.18,768,cpu,2,25,11.38,0.32212,0.0
227,q_learning,3,0.0822,2.22,774,cpu,5,55,43.01,0.32051,0.0
228,q_learning,3,0.0824,2.2,774,cpu,2,11,10.72,0.31891,0.0
229,q_learning,3,0.0826,2.16,774,cpu,0,12,-9.41,0.31731,0.0
230,q_learning,3,0.0835,2.24,780,cpu,4,54,33.21,0.31572,0.0
231,q_learning,3,0.0843,2.26,789,cpu,5,43,41.73,0.31415,0.0
232,q_learning,3,0.0847,2.3,792,cpu,3,21,20.93,0.31258,0.0
233,q_learning,3,0.085,2.3,792,cpu,2,18,10.55,0.31101,0.0
234,q_learning,3,0.0858,2.4,804,cpu,5,46,41.6,0.30946,0.0
235,q_learning,3,0.086,2.4,807,cpu,2,12,9.61,0.30791,0.0
236,q_learning,3,0.0864,2.42,810,cpu,4,18,30.57,0.30637,0.0
237,q_learning,3,0.0872,2.44,816,cpu,5,46,41.6,0.30484,0.0
238,q_learning,3,0.0874,2.42,816,cpu,1,12,0.1,0.30331,0.0
239,q_learning,3,0.0877,2.4,819,cpu,2,20,11.33,0.3018,0.0
240,q_learning,3,0.0883,2.4,819,cpu,2,38,11.15,0.30029,0.0
241,q_learning,3,0.0886,2.38,819,cpu,2,16,10.57,0.29879,0.0
242,q_learning,3,0.0892,2.38,822,cpu,2,37,12.06,0.29729,0.0
243,q_learning,3,0.0894,2.32,822,cpu,1,10,0.72,0.29581,0.0
244,q_learning,3,0.0897,2.32,822,cpu,1,16,0.26,0.29433,0.0
245,q_learning,3,0.0899,2.32,822,cpu,2,14,10.79,0.29286,0.0
246,q_learning,3,0.0908,2.36,828,cpu,5,46,41.6,0.29139,0.0
247,q_learning,3,0.0912,2.36,828,cpu,3,27,21.27,0.28994,0.0
248,q_learning,3,0.0918,2.4,828,cpu,3,29,21.45,0.28849,0.0
249,q_learning,3,0.0925,2.46,837,cpu,5,39,41.77,0.28704,0.0
250,q_learning,3,0.0929,2.52,837,cpu,3,25,21.29,0.28561,0.0
251,q_learning,3,0.0936,2.6,846,cpu,6,37,52.3,0.28418,0.0
252,q_learning,3,0.0941,2.58,846,cpu,4,27,31.58,0.28276,0.0
253,q_learning,3,0.0945,2.58,849,cpu,2,26,11.67,0.28135,0.0
254,q_learning,3,0.0954,2.64,852,cpu,4,52,32.43,0.27994,0.0
255,q_learning,3,0.0961,2.7,855,cpu,5,36,42.1,0.27854,0.0
256,q_learning,3,0.0964,2.64,858,cpu,2,20,10.93,0.27715,0.0
257,q_learning,3,0.0971,2.72,858,cpu,4,43,32.02,0.27576,0.0
258,q_learning,3,0.0982,2.72,870,cpu,5,62,42.24,0.27438,0.0
259,q_learning,3,0.0989,2.74,870,cpu,2,42,10.91,0.27301,0.0
260,q_learning,3,0.0992,2.74,870,cpu,2,13,10.5,0.27164,0.0
261,q_learning,3,0.0998,2.78,870,cpu,4,30,31.85,0.27029,0.0
262,q_learning,3,0.1003,2.88,879,cpu,5,27,41.29,0.26893,0.0
263,q_learning,3,0.1005,2.84,879,cpu,1,17,0.75,0.26759,0.0
264,q_learning,3,0.101,2.84,879,cpu,2,29,10.94,0.26625,0.0
265,q_learning,3,0.1015,2.82,882,cpu,3,33,21.01,0.26492,0.0
266,q_learning,3,0.1022,2.84,882,cpu,3,39,22.55,0.2636,0.0
267,q_learning,3,0.103,2.88,882,cpu,4,53,33.52,0.26228,0.0
268,q_learning,3,0.1039,2.96,888,cpu,6,51,51.76,0.26097,0.0
269,q_learning,3,0.1046,3.0,891,cpu,4,44,31.51,0.25966,0.0
270,q_learning,3,0.1049,3.0,891,cpu,2,17,10.86,0.25836,0.0
271,q_learning,3,0.1056,3.1,894,cpu,5,34,41.52,0.25707,0.0
272,q_learning,3,0.1061,3.16,894,cpu,4,31,30.94,0.25579,0.0
273,q_learning,3,0.1065,3.18,894,cpu,1,21,1.11,0.25451,0.0
274,q_learning,3,0.1067,3.16,894,cpu,2,14,10.99,0.25324,0.0
275,q_learning,3,0.1071,3.1,894,cpu,2,18,10.55,0.25197,0.0
276,q_learning,3,0.1074,3.1,897,cpu,2,19,11.04,0.25071,0.0
277,q_learning,3,0.1079,3.06,897,cpu,3,27,22.07,0.24946,0.0
278,q_learning,3,0.1083,3.06,897,cpu,2,21,10.82,0.24821,0.0
279,q_learning,3,0.109,3.16,903,cpu,5,40,41.26,0.24697,0.0
280,q_learning,3,0.1093,3.12,903,cpu,2,16,10.77,0.24573,0.0
281,q_learning,3,0.1097,3.08,903,cpu,3,24,21.0,0.2445,0.0
282,q_learning,3,0.1102,3.12,909,cpu,5,28,41.58,0.24328,0.0
283,q_learning,3,0.1109,3.18,918,cpu,5,37,41.19,0.24206,0.0
284,q_learning,3,0.1117,3.18,927,cpu,5,41,42.15,0.24085,0.0
285,q_learning,3,0.1118,3.16,927,cpu,1,8,0.54,0.23965,0.0
286,q_learning,3,0.1122,3.14,927,cpu,3,24,21.4,0.23845,0.0
287,q_learning,3,0.1126,3.1,927,cpu,3,21,20.93,0.23726,0.0
288,q_learning,3,0.1129,3.12,927,cpu,2,18,10.75,0.23607,0.0
289,q_learning,3,0.1132,3.14,927,cpu,3,15,20.39,0.23489,0.0
290,q_learning,3,0.1136,3.16,927,cpu,3,24,21.4,0.23372,0.0
291,q_learning,3,0.114,3.18,927,cpu,3,26,21.18,0.23255,0.0
292,q_learning,3,0.1144,3.16,927,cpu,1,17,1.15,0.23139,0.0
293,q_learning,3,0.1148,3.18,927,cpu,2,23,11.0,0.23023,0.0
294,q_learning,3,0.1155,3.28,927,cpu,6,37,52.3,0.22908,0.0
295,q_learning,3,0.1159,3.3,927,cpu,3,25,21.09,0.22793,0.0
296,q_learning,3,0.1163,3.24,927,cpu,2,17,10.66,0.22679,0.0
297,q_learning,3,0.1166,3.22,927,cpu,2,24,11.09,0.22566,0.0
298,q_learning,3,0.1169,3.2,927,cpu,2,17,10.86,0.22453,0.0
299,q_learning,3,0.1177,3.18,927,cpu,4,48,32.47,0.22341,0.0
300,q_learning,3,0.1182,3.16,927,cpu,2,30,11.83,0.22229,0.0
301,q_learning,3,0.1193,3.14,933,cpu,5,60,42.46,0.22118,0.0
302,q_learning,3,0.12,3.16,936,cpu,5,40,41.66,0.22007,0.0
303,q_learning,3,0.1208,3.2,936,cpu,4,46,32.69,0.21897,0.0
304,q_learning,3,0.1215,3.18,936,cpu,3,43,22.11,0.21788,0.0
305,q_learning,3,0.1221,3.12,939,cpu,2,31,11.92,0.21679,0.0
306,q_learning,3,0.1223,3.1,942,cpu,1,12,0.3,0.21571,0.0
307,q_learning,3,0.1231,3.12,948,cpu,5,43,42.53,0.21463,0.0
308,q_learning,3,0.1235,3.08,948,cpu,3,28,21.36,0.21355,0.0
309,q_learning,3,0.1246,3.18,960,cpu,7,56,63.32,0.21249,0.0
310,q_learning,3,0.1251,3.24,963,cpu,5,28,41.38,0.21142,0.0
311,q_learning,3,0.1254,3.18,963,cpu,1,18,0.44,0.21037,0.0
312,q_learning,3,0.1261,3.18,969,cpu,5,36,41.9,0.20932,0.0
313,q_learning,3,0.1272,3.26,984,cpu,5,63,42.13,0.20827,0.0
314,q_learning,3,0.1277,3.26,984,cpu,2,28,11.25,0.20723,0.0
315,q_learning,3,0.1279,3.22,984,cpu,1,17,0.95,0.20619,0.0
316,q_learning,3,0.1284,3.2,987,cpu,2,24,10.69,0.20516,0.0
317,q_learning,3,0.1294,3.28,993,cpu,8,58,73.61,0.20413,0.0
318,q_learning,3,0.1296,3.16,996,cpu,0,10,-9.39,0.20311,0.0
319,q_learning,3,0.1303,3.18,1002,cpu,5,40,42.46,0.2021,0.0
320,q_learning,3,0.1309,3.18,1002,cpu,2,36,12.17,0.20109,0.0
321,q_learning,3,0.1319,3.22,1002,cpu,7,60,63.08,0.20008,0.0
322,q_learning,3,0.1322,3.18,1005,cpu,2,17,10.86,0.19908,0.0
323,q_learning,3,0.1332,3.3,1014,cpu,7,53,62.45,0.19809,0.0
324,q_learning,3,0.1338,3.34,1014,cpu,4,31,31.74,0.1971,0.0
325,q_learning,3,0.1346,3.4,1023,cpu,5,46,41.8,0.19611,0.0
326,q_learning,3,0.1354,3.44,1023,cpu,4,48,32.67,0.19513,0.0
327,q_learning,3,0.1358,3.44,1023,cpu,3,20,21.04,0.19415,0.0
328,q_learning,3,0.1367,3.56,1026,cpu,8,52,73.27,0.19318,0.0
329,q_learning,3,0.1369,3.48,1026,cpu,1,9,0.43,0.19222,0.0
330,q_learning,3,0.1373,3.5,1026,cpu,3,20,20.44,0.19126,0.0
331,q_learning,3,0.138,3.54,1026,cpu,5,41,42.75,0.1903,0.0
332,q_learning,3,0.1384,3.52,1029,cpu,4,21,30.84,0.18935,0.0
333,q_learning,3,0.1388,3.5,1029,cpu,4,26,31.49,0.1884,0.0
334,q_learning,3,0.1394,3.48,1029,cpu,4,31,31.94,0.18746,0.0
335,q_learning,3,0.1406,3.58,1038,cpu,6,70,54.07,0.18652,0.0
336,q_learning,3,0.1409,3.56,1041,cpu,2,16,10.37,0.18559,0.0
337,q_learning,3,0.1411,3.52,1041,cpu,1,9,0.63,0.18466,0.0
338,q_learning,3,0.1421,3.56,1044,cpu,4,56,32.59,0.18374,0.0
339,q_learning,3,0.1423,3.54,1044,cpu,2,13,10.7,0.18282,0.0
340,q_learning,3,0.1436,3.6,1050,cpu,6,74,53.63,0.18191,0.0
341,q_learning,3,0.1444,3.64,1056,cpu,5,45,42.51,0.181,0.0
342,q_learning,3,0.1454,3.76,1068,cpu,7,56,63.12,0.18009,0.0
343,q_learning,3,0.1459,3.74,1068,cpu,1,26,1.76,0.17919,0.0
344,q_learning,3,0.1461,3.64,1068,cpu,1,11,0.61,0.1783,0.0
345,q_learning,3,0.1468,3.68,1074,cpu,5,43,42.13,0.1774,0.0
346,q_learning,3,0.1477,3.76,1080,cpu,6,48,52.29,0.17652,0.0
347,q_learning,3,0.1478,3.74,1080,cpu,1,6,0.36,0.17563,0.0
348,q_learning,3,0.1485,3.8,1080,cpu,5,39,42.37,0.17476,0.0
349,q_learning,3,0.1492,3.8,1080,cpu,4,39,31.86,0.17388,0.0
350,q_learning,3,0.1495,3.78,1080,cpu,1,12,0.3,0.17301,0.0
351,q_learning,3,0.1499,3.72,1083,cpu,2,21,11.62,0.17215,0.0
352,q_learning,3,0.1504,3.7,1083,cpu,4,25,31.6,0.17129,0.0
353,q_learning,3,0.1507,3.68,1086,cpu,3,18,20.86,0.17043,0.0
354,q_learning,3,0.151,3.66,1086,cpu,2,19,10.84,0.16958,0.0
355,q_learning,3,0.1512,3.62,1086,cpu,0,7,-9.66,0.16873,0.0
356,q_learning,3,0.1513,3.64,1086,cpu,2,10,10.43,0.16789,0.0
357,q_learning,3,0.1517,3.58,1086,cpu,2,24,10.89,0.16705,0.0
358,q_learning,3,0.1527,3.64,1089,cpu,6,61,52.66,0.16621,0.0
359,q_learning,3,0.1528,3.52,1089,cpu,1,6,0.36,0.16538,0.0
360,q_learning,3,0.1533,3.52,1092,cpu,5,27,41.49,0.16455,0.0
361,q_learning,3,0.1536,3.56,1092,cpu,3,16,20.48,0.16373,0.0
362,q_learning,3,0.154,3.5,1092,cpu,2,20,10.93,0.16291,0.0
363,q_learning,3,0.1542,3.44,1092,cpu,2,14,10.59,0.1621,0.0
364,q_learning,3,0.1548,3.5,1092,cpu,5,33,42.23,0.16129,0.0
365,q_learning,3,0.1552,3.52,1092,cpu,2,25,10.98,0.16048,0.0
366,q_learning,3,0.1554,3.48,1092,cpu,0,7,-9.46,0.15968,0.0
367,q_learning,3,0.1554,3.32,1092,cpu,0,5,-9.64,0.15888,0.0
368,q_learning,3,0.1562,3.4,1098,cpu,4,39,32.26,0.15809,0.0
369,q_learning,3,0.1569,3.4,1098,cpu,5,42,42.64,0.1573,0.0
370,q_learning,3,0.1574,3.4,1101,cpu,2,24,11.09,0.15651,0.0
371,q_learning,3,0.158,3.34,1104,cpu,4,35,31.7,0.15573,0.0
372,q_learning,3,0.1587,3.38,1104,cpu,4,37,32.28,0.15495,0.0
373,q_learning,3,0.1599,3.38,1110,cpu,7,64,63.24,0.15417,0.0
374,q_learning,3,0.1606,3.4,1110,cpu,5,40,42.66,0.1534,0.0
375,q_learning,3,0.1617,3.42,1113,cpu,6,59,53.08,0.15264,0.0
376,q_learning,3,0.1619,3.38,1113,cpu,2,11,10.72,0.15187,0.0
377,q_learning,3,0.1625,3.44,1116,cpu,6,37,51.9,0.15111,0.0
378,q_learning,3,0.1629,3.34,1116,cpu,3,18,21.06,0.15036,0.0
379,q_learning,3,0.1644,3.44,1122,cpu,6,88,54.69,0.14961,0.0
380,q_learning,3,0.1657,3.56,1140,cpu,9,67,84.13,0.14886,0.0
381,q_learning,3,0.1663,3.58,1143,cpu,6,30,51.47,0.14811,0.0
382,q_learning,3,0.1668,3.58,1143,cpu,4,29,31.56,0.14737,0.0
383,q_learning,3,0.1675,3.58,1146,cpu,4,40,31.75,0.14664,0.0
384,q_learning,3,0.1685,3.62,1146,cpu,6,54,52.83,0.1459,0.0
385,q_learning,3,0.1687,3.52,1146,cpu,1,14,0.88,0.14517,0.0
386,q_learning,3,0.1697,3.58,1146,cpu,5,56,43.7,0.14445,0.0
387,q_learning,3,0.17,3.6,1146,cpu,2,14,10.59,0.14372,0.0
388,q_learning,3,0.1702,3.54,1146,cpu,1,10,0.72,0.14301,0.0
389,q_learning,3,0.1705,3.54,1146,cpu,2,21,11.02,0.14229,0.0
390,q_learning,3,0.1714,3.52,1149,cpu,5,51,43.05,0.14158,0.0
391,q_learning,3,0.1722,3.56,1152,cpu,7,43,62.75,0.14087,0.0
392,q_learning,3,0.173,3.52,1155,cpu,5,42,42.84,0.14017,0.0
393,q_learning,3,0.1734,3.6,1158,cpu,5,22,41.04,0.13947,0.0
394,q_learning,3,0.1738,3.62,1158,cpu,2,21,11.42,0.13877,0.0
395,q_learning,3,0.1741,3.56,1158,cpu,2,13,10.7,0.13808,0.0
396,q_learning,3,0.1757,3.62,1167,cpu,9,89,85.51,0.13739,0.0
397,q_learning,3,0.1763,3.72,1167,cpu,6,31,51.96,0.1367,0.0
398,q_learning,3,0.1768,3.7,1170,cpu,4,27,31.58,0.13601,0.0
399,q_learning,3,0.1776,3.72,1170,cpu,5,46,42.8,0.13533,0.0
400,q_learning,3,0.178,3.76,1170,cpu,3,22,20.82,0.13466,0.0
401,q_learning,3,0.1784,3.78,1170,cpu,3,23,21.71,0.13398,0.0
402,q_learning,3,0.1786,3.74,1170,cpu,2,8,10.45,0.13331,0.0
403,q_learning,3,0.179,3.74,1173,cpu,3,22,21.02,0.13265,0.0
404,q_learning,3,0.1793,3.76,1173,cpu,3,16,20.68,0.13199,0.0
405,q_learning,3,0.1799,3.88,1176,cpu,6,34,52.03,0.13133,0.0
406,q_learning,3,0.1812,3.98,1182,cpu,7,70,63.58,0.13067,0.0
407,q_learning,3,0.1817,4.02,1182,cpu,4,29,32.16,0.13002,0.0
408,q_learning,3,0.1823,3.98,1182,cpu,4,30,31.45,0.12937,0.0
409,q_learning,3,0.1825,3.98,1182,cpu,1,7,0.45,0.12872,0.0
410,q_learning,3,0.183,3.92,1188,cpu,2,26,10.87,0.12807,0.0
411,q_learning,3,0.1837,3.94,1191,cpu,4,39,32.26,0.12743,0.0
412,q_learning,3,0.1845,4.04,1200,cpu,7,42,62.66,0.1268,0.0
413,q_learning,3,0.1858,4.18,1209,cpu,9,76,85.34,0.12616,0.0
414,q_learning,3,0.1864,4.18,1209,cpu,5,33,41.63,0.12553,0.0
415,q_learning,3,0.1876,4.26,1212,cpu,6,66,53.71,0.1249,0.0
416,q_learning,3,0.1879,4.28,1212,cpu,1,15,0.97,0.12428,0.0
417,q_learning,3,0.1883,4.34,1212,cpu,3,20,21.04,0.12366,0.0
418,q_learning,3,0.1895,4.44,1224,cpu,9,63,83.77,0.12304,0.0
419,q_learning,3,0.19,4.38,1224,cpu,2,28,11.45,0.12243,0.0
420,q_learning,3,0.1903,4.38,1224,cpu,2,18,10.95,0.12181,0.0
421,q_learning,3,0.1906,4.36,1224,cpu,3,17,20.77,0.1212,0.0
422,q_learning,3,0.1916,4.4,1224,cpu,6,49,53.58,0.1206,0.0
423,q_learning,3,0.1935,4.44,1233,cpu,9,104,86.46,0.12,0.0
424,q_learning,3,0.1946,4.52,1242,cpu,9,59,83.81,0.1194,0.0
425,q_learning,3,0.1952,4.5,1242,cpu,5,31,41.45,0.1188,0.0
426,q_learning,3,0.1953,4.46,1242,cpu,0,8,-9.37,0.1182,0.0
427,q_learning,3,0.1959,4.42,1242,cpu,4,35,32.3,0.11761,0.0
428,q_learning,3,0.1969,4.46,1245,cpu,5,55,43.01,0.11702,0.0
429,q_learning,3,0.198,4.52,1254,cpu,9,58,83.72,0.11644,0.0
430,q_learning,3,0.1986,4.4,1254,cpu,3,29,21.45,0.11586,0.0
431,q_learning,3,0.1993,4.4,1254,cpu,6,38,52.19,0.11528,0.0
432,q_learning,3,0.2004,4.5,1266,cpu,9,54,82.76,0.1147,0.0
433,q_learning,3,0.2013,4.54,1269,cpu,6,47,52.6,0.11413,0.0
434,q_learning,3,0.2025,4.56,1269,cpu,7,64,64.64,0.11356,0.0
435,q_learning,3,0.2034,4.66,1272,cpu,6,51,53.56,0.11299,0.0
436,q_learning,3,0.2044,4.68,1275,cpu,6,55,54.12,0.11243,0.0
437,q_learning,3,0.2051,4.78,1278,cpu,7,41,62.57,0.11186,0.0
438,q_learning,3,0.2063,4.94,1281,cpu,9,63,83.37,0.1113,0.0
439,q_learning,3,0.2067,4.92,1281,cpu,1,23,1.49,0.11075,0.0
440,q_learning,3,0.2077,4.94,1284,cpu,6,51,53.36,0.11019,0.0
441,q_learning,3,0.2081,4.86,1284,cpu,3,22,21.22,0.10964,0.0
442,q_learning,3,0.2095,4.94,1293,cpu,9,79,85.01,0.10909,0.0
443,q_learning,3,0.2107,4.96,1293,cpu,6,69,54.78,0.10855,0.0
444,q_learning,3,0.2111,4.98,1296,cpu,3,22,21.42,0.10801,0.0
445,q_learning,3,0.2114,4.98,1296,cpu,2,13,10.9,0.10747,0.0
446,q_learning,3,0.2124,4.96,1299,cpu,8,58,74.21,0.10693,0.0
447,q_learning,3,0.2135,4.92,1299,cpu,4,62,33.33,0.10639,0.0
448,q_learning,3,0.215,5.02,1308,cpu,9,80,84.1,0.10586,0.0
449,q_learning,3,0.2154,5.0,1308,cpu,4,20,31.35,0.10533,0.0
450,q_learning,3,0.217,5.12,1314,cpu,9,88,85.82,0.10481,0.0
451,q_learning,3,0.2177,5.14,1314,cpu,4,36,31.99,0.10428,0.0
452,q_learning,3,0.2188,5.26,1314,cpu,8,63,74.46,0.10376,0.0
453,q_learning,3,0.2197,5.32,1314,cpu,6,43,52.64,0.10324,0.0
454,q_learning,3,0.221,5.44,1317,cpu,9,72,84.98,0.10273,0.0
455,q_learning,3,0.2225,5.5,1323,cpu,9,87,84.73,0.10221,0.0
456,q_learning,3,0.2235,5.52,1326,cpu,8,51,72.98,0.1017,0.0
457,q_learning,3,0.2243,5.54,1326,cpu,5,43,42.53,0.10119,0.0
458,q_learning,3,0.2257,5.64,1329,cpu,9,73,84.47,0.10069,0.0
459,q_learning,3,0.2258,5.66,1329,cpu,2,7,10.16,0.10018,0.0
460,q_learning,3,0.2269,5.74,1329,cpu,6,56,53.21,0.09968,0.0
461,q_learning,3,0.2277,5.78,1329,cpu,6,41,52.66,0.09918,0.0
462,q_learning,3,0.2286,5.8,1329,cpu,8,47,73.02,0.09869,0.0
463,q_learning,3,0.2299,5.76,1329,cpu,7,73,64.05,0.09819,0.0
464,q_learning,3,0.2305,5.74,1329,cpu,4,33,32.32,0.0977,0.0
465,q_learning,3,0.2314,5.78,1332,cpu,8,46,72.93,0.09721,0.0
466,q_learning,3,0.2321,5.84,1332,cpu,4,37,32.28,0.09673,0.0
467,q_learning,3,0.233,5.94,1335,cpu,8,48,73.11,0.09625,0.0
468,q_learning,3,0.2341,5.88,1335,cpu,6,56,53.61,0.09576,0.0
469,q_learning,3,0.2349,5.92,1338,cpu,4,46,32.29,0.09529,0.0
470,q_learning,3,0.2362,6.04,1344,cpu,8,66,73.53,0.09481,0.0
471,q_learning,3,0.2369,6.08,1347,cpu,5,39,41.37,0.09433,0.0
472,q_learning,3,0.2385,6.14,1356,cpu,9,86,85.64,0.09386,0.0
473,q_learning,3,0.2392,6.06,1359,cpu,5,40,42.46,0.09339,0.0
474,q_learning,3,0.2415,6.06,1359,cpu,9,122,85.68,0.09293,0.0
475,q_learning,3,0.2427,6.14,1368,cpu,9,60,83.7,0.09246,0.0
476,q_learning,3,0.244,6.32,1377,cpu,9,68,84.42,0.092,0.0
477,q_learning,3,0.2458,6.42,1383,cpu,9,102,86.28,0.09154,0.0
478,q_learning,3,0.247,6.5,1386,cpu,9,63,83.97,0.09108,0.0
479,q_learning,3,0.2481,6.5,1389,cpu,9,52,83.58,0.09063,0.0
480,q_learning,3,0.2488,6.56,1392,cpu,6,40,52.57,0.09017,0.0
481,q_learning,3,0.2497,6.6,1395,cpu,8,41,72.48,0.08972,0.0
482,q_learning,3,0.2511,6.6,1398,cpu,9,74,84.56,0.08927,0.0
483,q_learning,3,0.2526,6.66,1410,cpu,9,80,83.9,0.08883,0.0
484,q_learning,3,0.2532,6.6,1410,cpu,4,37,32.08,0.08838,0.0
485,q_learning,3,0.2536,6.52,1410,cpu,2,18,10.75,0.08794,0.0
486,q_learning,3,0.2543,6.5,1410,cpu,5,38,42.68,0.0875,0.0
487,q_learning,3,0.2544,6.36,1410,cpu,0,6,-9.55,0.08706,0.0
488,q_learning,3,0.2558,6.36,1422,cpu,9,74,84.16,0.08663,0.0
489,q_learning,3,0.256,6.36,1422,cpu,1,13,0.79,0.0862,0.0
490,q_learning,3,0.2562,6.28,1425,cpu,2,11,10.12,0.08576,0.0
491,q_learning,3,0.2573,6.38,1428,cpu,8,58,73.41,0.08534,0.0
492,q_learning,3,0.2587,6.36,1428,cpu,8,73,74.36,0.08491,0.0
493,q_learning,3,0.2604,6.44,1437,cpu,10,92,96.09,0.08448,0.0
494,q_learning,3,0.2615,6.48,1437,cpu,5,61,43.35,0.08406,0.0
495,q_learning,3,0.2621,6.52,1437,cpu,4,33,32.12,0.08364,0.0
496,q_learning,3,0.2628,6.46,1440,cpu,5,41,41.55,0.08322,0.0
497,q_learning,3,0.2632,6.4,1440,cpu,1,23,1.29,0.08281,0.0
498,q_learning,3,0.264,6.3,1440,cpu,4,44,32.11,0.08239,0.0
499,q_learning,3,0.265,6.38,1440,cpu,8,53,73.36,0.08198,0.0
500,q_learning,3,0.2661,6.36,1446,cpu,8,50,73.29,0.08157,0.0
501,q_learning,3,0.2677,6.46,1449,cpu,9,87,85.53,0.08116,0.0
502,q_learning,3,0.2694,6.5,1458,cpu,10,90,95.51,0.08076,0.0
503,q_learning,3,0.2705,6.52,1464,cpu,7,64,64.24,0.08035,0.0
504,q_learning,3,0.2717,6.44,1470,cpu,5,69,44.47,0.07995,0.0
505,q_learning,3,0.2722,6.3,1470,cpu,2,26,11.87,0.07955,0.0
506,q_learning,3,0.274,6.34,1491,cpu,10,99,95.52,0.07916,0.0
507,q_learning,3,0.2746,6.28,1491,cpu,2,26,11.27,0.07876,0.0
508,q_learning,3,0.2796,6.3,1494,cpu,10,91,96.4,0.07837,0.0
509,q_learning,3,0.282,6.36,1494,cpu,5,47,43.09,0.07797,0.0
510,q_learning,3,0.2857,6.4,1500,cpu,8,74,75.05,0.07758,0.0
511,q_learning,3,0.2877,6.4,1500,cpu,6,51,53.76,0.0772,0.0
512,q_learning,3,0.2886,6.36,1500,cpu,6,50,53.47,0.07681,0.0
513,q_learning,3,0.2912,6.46,1503,cpu,12,65,114.48,0.07643,0.0
514,q_learning,3,0.2941,6.6,1521,cpu,11,86,105.06,0.07604,0.0
515,q_learning,3,0.2954,6.56,1524,cpu,6,71,54.56,0.07566,0.0
516,q_learning,3,0.2961,6.6,1527,cpu,6,39,52.88,0.07529,0.0
517,q_learning,3,0.2976,6.64,1533,cpu,10,78,95.63,0.07491,0.0
518,q_learning,3,0.2986,6.68,1536,cpu,8,53,72.76,0.07453,0.0
519,q_learning,3,0.299,6.66,1536,cpu,3,21,21.33,0.07416,0.0
520,q_learning,3,0.3001,6.72,1542,cpu,11,55,103.87,0.07379,0.0
521,q_learning,3,0.3007,6.7,1542,cpu,4,27,31.38,0.07342,0.0
522,q_learning,3,0.3017,6.68,1542,cpu,8,54,73.45,0.07305,0.0
523,q_learning,3,0.303,6.76,1551,cpu,9,73,84.87,0.07269,0.0
524,q_learning,3,0.3035,6.66,1551,cpu,4,26,31.49,0.07233,0.0
525,q_learning,3,0.3039,6.54,1554,cpu,3,21,20.73,0.07196,0.0
526,q_learning,3,0.3048,6.46,1557,cpu,5,50,42.16,0.0716,0.0
527,q_learning,3,0.3065,6.46,1560,cpu,9,96,86.54,0.07125,0.0
528,q_learning,3,0.3084,6.46,1563,cpu,9,102,86.28,0.07089,0.0
529,q_learning,3,0.3098,6.46,1566,cpu,9,71,84.89,0.07054,0.0
530,q_learning,3,0.3104,6.38,1569,cpu,2,34,12.19,0.07018,0.0
531,q_learning,3,0.3116,6.4,1572,cpu,9,68,84.62,0.06983,0.0
532,q_learning,3,0.3121,6.26,1572,cpu,2,27,11.96,0.06948,0.0
533,q_learning,3,0.3122,6.12,1572,cpu,2,6,10.27,0.06914,0.0
534,q_learning,3,0.3131,6.14,1572,cpu,5,48,43.58,0.06879,0.0
535,q_learning,3,0.3147,6.3,1584,cpu,10,86,95.75,0.06845,0.0
536,q_learning,3,0.3152,6.26,1584,cpu,3,31,22.03,0.0681,0.0
537,q_learning,3,0.3163,6.36,1590,cpu,5,55,43.01,0.06776,0.0
538,q_learning,3,0.3178,6.4,1599,cpu,11,77,104.85,0.06742,0.0
539,q_learning,3,0.3191,6.6,1602,cpu,11,69,104.33,0.06709,0.0
540,q_learning,3,0.3193,6.6,1602,cpu,2,13,10.3,0.06675,0.0
541,q_learning,3,0.32,6.52,1602,cpu,4,38,32.17,0.06642,0.0
542,q_learning,3,0.3213,6.5,1602,cpu,7,72,64.36,0.06609,0.0
543,q_learning,3,0.3223,6.46,1605,cpu,8,56,73.83,0.06576,0.0
544,q_learning,3,0.3238,6.54,1620,cpu,9,76,84.54,0.06543,0.0
545,q_learning,3,0.3253,6.66,1623,cpu,10,74,95.47,0.0651,0.0
546,q_learning,3,0.3254,6.58,1623,cpu,1,10,0.72,0.06477,0.0
547,q_learning,3,0.3269,6.76,1635,cpu,10,81,95.1,0.06445,0.0
548,q_learning,3,0.328,6.86,1638,cpu,9,54,83.96,0.06413,0.0
549,q_learning,3,0.3283,6.78,1641,cpu,4,17,30.88,0.06381,0.0
550,q_learning,3,0.3286,6.66,1641,cpu,2,17,10.86,0.06349,0.0
551,q_learning,3,0.3299,6.68,1641,cpu,10,68,94.73,0.06317,0.0
552,q_learning,3,0.3311,6.62,1644,cpu,7,68,63.0,0.06286,0.0
553,q_learning,3,0.3326,6.64,1644,cpu,8,81,75.48,0.06254,0.0
554,q_learning,3,0.3339,6.72,1647,cpu,9,63,83.37,0.06223,0.0
555,q_learning,3,0.3351,6.86,1647,cpu,9,67,84.93,0.06192,0.0
556,q_learning,3,0.3363,6.84,1650,cpu,9,64,84.46,0.06161,0.0
557,q_learning,3,0.3378,7.02,1662,cpu,11,75,104.27,0.0613,0.0
558,q_learning,3,0.3392,7.06,1668,cpu,12,74,115.49,0.06099,0.0
559,q_learning,3,0.3415,7.22,1683,cpu,13,117,126.47,0.06069,0.0
560,q_learning,3,0.3423,7.16,1683,cpu,5,40,42.46,0.06038,0.0
561,q_learning,3,0.3435,7.22,1692,cpu,9,68,83.82,0.06008,0.0
562,q_learning,3,0.3451,7.36,1698,cpu,13,85,125.59,0.05978,0.0
563,q_learning,3,0.3462,7.3,1704,cpu,9,60,83.7,0.05948,0.0
564,q_learning,3,0.3469,7.2,1707,cpu,6,36,52.01,0.05919,0.0
565,q_learning,3,0.3485,7.32,1713,cpu,12,86,115.77,0.05889,0.0
566,q_learning,3,0.3491,7.24,1713,cpu,2,27,11.96,0.0586,0.0
567,q_learning,3,0.3494,7.08,1713,cpu,2,15,10.68,0.0583,0.0
568,q_learning,3,0.351,7.08,1713,cpu,8,92,74.47,0.05801,0.0
569,q_learning,3,0.3515,7.08,1716,cpu,3,28,21.56,0.05772,0.0
570,q_learning,3,0.3524,6.96,1719,cpu,5,51,42.45,0.05743,0.0
571,q_learning,3,0.3537,7.08,1728,cpu,10,67,94.44,0.05715,0.0
572,q_learning,3,0.3551,7.08,1728,cpu,8,76,75.03,0.05686,0.0
573,q_learning,3,0.3558,6.98,1728,cpu,4,42,32.93,0.05658,0.0
574,q_learning,3,0.3561,6.94,1728,cpu,2,16,11.17,0.05629,0.0
575,q_learning,3,0.3566,6.98,1731,cpu,5,23,40.93,0.05601,0.0
576,q_learning,3,0.3582,7.08,1737,cpu,10,81,95.1,0.05573,0.0
577,q_learning,3,0.3585,6.92,1737,cpu,1,17,1.35,0.05545,0.0
578,q_learning,3,0.3591,6.84,1743,cpu,5,33,42.23,0.05517,0.0
579,q_learning,3,0.36,6.78,1743,cpu,6,57,53.7,0.0549,0.0
580,q_learning,3,0.3609,6.88,1743,cpu,7,50,62.98,0.05462,0.0
581,q_learning,3,0.3622,6.86,1743,cpu,8,70,75.29,0.05435,0.0
582,q_learning,3,0.3638,7.04,1743,cpu,11,88,105.84,0.05408,0.0
583,q_learning,3,0.3652,7.24,1755,cpu,12,70,113.73,0.05381,0.0
584,q_learning,3,0.3668,7.34,1755,cpu,10,78,95.63,0.05354,0.0
585,q_learning,3,0.3675,7.28,1755,cpu,7,36,62.52,0.05327,0.0
586,q_learning,3,0.3688,7.46,1761,cpu,12,68,114.95,0.05301,0.0
587,q_learning,3,0.3699,7.54,1761,cpu,9,57,84.03,0.05274,0.0
588,q_learning,3,0.3704,7.38,1761,cpu,3,25,21.09,0.05248,0.0
589,q_learning,3,0.3713,7.24,1761,cpu,4,50,32.65,0.05221,0.0
590,q_learning,3,0.3722,7.36,1761,cpu,8,51,73.38,0.05195,0.0
591,q_learning,3,0.3745,7.52,1767,cpu,12,118,118.05,0.05169,0.0
592,q_learning,3,0.3751,7.44,1767,cpu,3,33,22.21,0.05144,0.0
593,q_learning,3,0.376,7.44,1767,cpu,8,49,72.6,0.05118,0.0
594,q_learning,3,0.3768,7.36,1767,cpu,5,42,42.04,0.05092,0.0
595,q_learning,3,0.3775,7.28,1770,cpu,6,38,52.19,0.05067,0.0
596,q_learning,3,0.3791,7.48,1773,cpu,11,82,105.1,0.05041,0.0
597,q_learning,3,0.3793,7.32,1773,cpu,2,12,10.81,0.05016,0.0
598,q_learning,3,0.3805,7.34,1773,cpu,10,61,93.9,0.05,0.0
599,q_learning,3,0.3816,7.42,1776,cpu,8,63,73.66,0.05,0.0
600,q_learning,3,0.3828,7.54,1779,cpu,8,58,73.21,0.05,0.0
601,q_learning,3,0.3834,7.44,1779,cpu,5,32,41.94,0.05,0.0
602,q_learning,3,0.3842,7.46,1782,cpu,8,41,72.88,0.05,0.0
603,q_learning,3,0.3854,7.48,1785,cpu,9,66,84.24,0.05,0.0
604,q_learning,3,0.3867,7.48,1785,cpu,9,65,84.15,0.05,0.0
605,q_learning,3,0.3877,7.52,1788,cpu,11,53,103.49,0.05,0.0
606,q_learning,3,0.3888,7.52,1788,cpu,9,57,84.03,0.05,0.0
607,q_learning,3,0.389,7.32,1788,cpu,1,11,0.41,0.05,0.0
608,q_learning,3,0.3911,7.34,1800,cpu,13,105,125.99,0.05,0.0
609,q_learning,3,0.3918,7.16,1800,cpu,4,40,32.35,0.05,0.0
610,q_learning,3,0.3922,7.12,1800,cpu,3,20,20.84,0.05,0.0
611,q_learning,3,0.3934,7.14,1800,cpu,10,62,93.79,0.05,0.0
612,q_learning,3,0.3944,7.02,1803,cpu,7,54,62.74,0.05,0.0
613,q_learning,3,0.3961,7.02,1803,cpu,9,96,86.54,0.05,0.0
614,q_learning,3,0.3971,7.04,1803,cpu,7,57,62.81,0.05,0.0
615,q_learning,3,0.3997,7.06,1812,cpu,13,133,128.51,0.05,0.0
616,q_learning,3,0.4012,7.28,1821,cpu,13,84,125.5,0.05,0.0
617,q_learning,3,0.4034,7.5,1830,cpu,13,123,128.41,0.05,0.0
618,q_learning,3,0.4036,7.36,1830,cpu,1,9,0.63,0.05,0.0
619,q_learning,3,0.4045,7.44,1830,cpu,7,53,63.05,0.05,0.0
620,q_learning,3,0.4063,7.6,1839,cpu,13,90,126.44,0.05,0.0
621,q_learning,3,0.4083,7.66,1848,cpu,13,97,127.07,0.05,0.0
622,q_learning,3,0.4084,7.52,1848,cpu,1,7,0.45,0.05,0.0
623,q_learning,3,0.4086,7.46,1848,cpu,1,12,0.7,0.05,0.0
624,q_learning,3,0.4096,7.56,1848,cpu,7,53,63.65,0.05,0.0
625,q_learning,3,0.4097,7.48,1848,cpu,1,8,0.54,0.05,0.0
626,q_learning,3,0.4111,7.5,1851,cpu,11,73,104.89,0.05,0.0
627,q_learning,3,0.4122,7.62,1851,cpu,7,55,63.23,0.05,0.0
628,q_learning,3,0.4138,7.78,1866,cpu,13,86,125.68,0.05,0.0
629,q_learning,3,0.4154,7.92,1875,cpu,13,79,124.65,0.05,0.0
630,q_learning,3,0.4168,7.98,1875,cpu,10,70,94.51,0.05,0.0
631,q_learning,3,0.4175,7.9,1875,cpu,4,41,32.04,0.05,0.0
632,q_learning,3,0.4181,7.72,1881,cpu,2,31,10.72,0.05,0.0
633,q_learning,3,0.4187,7.54,1881,cpu,3,32,22.52,0.05,0.0
634,q_learning,3,0.4192,7.4,1881,cpu,3,30,21.34,0.05,0.0
635,q_learning,3,0.4212,7.48,1887,cpu,11,105,106.37,0.05,0.0
636,q_learning,3,0.4224,7.44,1890,cpu,10,65,94.46,0.05,0.0
637,q_learning,3,0.4234,7.38,1890,cpu,6,54,53.83,0.05,0.0
638,q_learning,3,0.4245,7.5,1893,cpu,9,53,83.67,0.05,0.0
639,q_learning,3,0.4264,7.68,1896,cpu,13,97,125.27,0.05,0.0
640,q_learning,3,0.4278,7.72,1896,cpu,10,78,95.63,0.05,0.0
641,q_learning,3,0.4291,7.62,1896,cpu,7,67,65.11,0.05,0.0
642,q_learning,3,0.431,7.82,1917,cpu,13,101,125.83,0.05,0.0
643,q_learning,3,0.4317,7.76,1917,cpu,5,40,43.06,0.05,0.0
644,q_learning,3,0.4334,7.88,1923,cpu,11,82,104.5,0.05,0.0
645,q_learning,3,0.4339,7.84,1923,cpu,4,29,31.76,0.05,0.0
646,q_learning,3,0.4353,7.82,1923,cpu,10,75,95.36,0.05,0.0
647,q_learning,3,0.4362,7.88,1926,cpu,5,45,42.91,0.05,0.0
648,q_learning,3,0.4369,7.78,1929,cpu,5,38,42.88,0.05,0.0
649,q_learning,3,0.4372,7.66,1929,cpu,2,18,10.95,0.05,0.0
650,q_learning,3,0.4389,7.7,1932,cpu,10,88,95.73,0.05,0.0
651,q_learning,3,0.4399,7.72,1932,cpu,6,58,54.39,0.05,0.0
652,q_learning,3,0.4419,7.78,1932,cpu,11,104,107.08,0.05,0.0
653,q_learning,3,0.442,7.62,1932,cpu,1,6,0.36,0.05,0.0
654,q_learning,3,0.4442,7.68,1938,cpu,12,115,117.78,0.05,0.0
655,q_learning,3,0.4452,7.62,1941,cpu,8,56,73.23,0.05,0.0
656,q_learning,3,0.4453,7.44,1944,cpu,0,6,-9.75,0.05,0.0
657,q_learning,3,0.447,7.62,1947,cpu,10,92,96.69,0.05,0.0
658,q_learning,3,0.4492,7.62,1950,cpu,13,111,127.93,0.05,0.0
659,q_learning,3,0.4495,7.6,1950,cpu,3,16,21.08,0.05,0.0
660,q_learning,3,0.4504,7.66,1953,cpu,6,45,52.82,0.05,0.0
661,q_learning,3,0.4508,7.5,1953,cpu,2,22,11.71,0.05,0.0
662,q_learning,3,0.4519,7.54,1959,cpu,9,58,83.92,0.05,0.0
663,q_learning,3,0.4535,7.58,1965,cpu,11,84,105.28,0.05,0.0
664,q_learning,3,0.454,7.54,1968,cpu,5,26,41.4,0.05,0.0
665,q_learning,3,0.4558,7.52,1971,cpu,12,92,116.31,0.05,0.0
666,q_learning,3,0.4572,7.42,1971,cpu,8,77,74.92,0.05,0.0
667,q_learning,3,0.4584,7.36,1977,cpu,10,58,93.83,0.05,0.0
668,q_learning,3,0.4592,7.48,1980,cpu,7,45,62.53,0.05,0.0
669,q_learning,3,0.4611,7.6,1983,cpu,13,96,126.18,0.05,0.0
670,q_learning,3,0.4612,7.36,1986,cpu,1,9,0.63,0.05,0.0
671,q_learning,3,0.4623,7.26,1986,cpu,8,57,73.92,0.05,0.0
672,q_learning,3,0.4636,7.44,1986,cpu,10,72,94.29,0.05,0.0
673,q_learning,3,0.4652,7.64,1986,cpu,11,84,105.88,0.05,0.0
674,q_learning,3,0.4662,7.62,1986,cpu,6,50,53.27,0.05,0.0
675,q_learning,3,0.4672,7.68,1986,cpu,4,52,33.63,0.05,0.0
676,q_learning,3,0.4686,7.64,1986,cpu,9,75,84.65,0.05,0.0
677,q_learning,3,0.4706,7.76,1995,cpu,13,108,127.46,0.05,0.0
678,q_learning,3,0.4713,7.62,1995,cpu,6,40,52.37,0.05,0.0
679,q_learning,3,0.472,7.46,1998,cpu,5,38,42.88,0.05,0.0
680,q_learning,3,0.4733,7.42,2001,cpu,8,69,74.2,0.05,0.0
681,q_learning,3,0.4746,7.54,2007,cpu,10,63,94.28,0.05,0.0
682,q_learning,3,0.4767,7.76,2010,cpu,13,115,127.89,0.05,0.0
683,q_learning,3,0.4772,7.78,2010,cpu,4,29,31.76,0.05,0.0
684,q_learning,3,0.4779,7.82,2010,cpu,5,37,42.79,0.05,0.0
685,q_learning,3,0.4805,7.9,2025,cpu,15,134,149.62,0.05,0.0
686,q_learning,3,0.4821,7.92,2028,cpu,11,87,106.55,0.05,0.0
687,q_learning,3,0.4839,8.06,2031,cpu,13,90,126.24,0.05,0.0
688,q_learning,3,0.485,8.06,2031,cpu,9,60,84.3,0.05,0.0
689,q_learning,3,0.4865,8.08,2040,cpu,14,82,135.83,0.05,0.0
690,q_learning,3,0.4879,8.08,2046,cpu,10,74,93.47,0.05,0.0
691,q_learning,3,0.4891,8.12,2049,cpu,9,62,84.28,0.05,0.0
692,q_learning,3,0.4906,8.08,2049,cpu,11,77,105.25,0.05,0.0
693,q_learning,3,0.4911,8.04,2049,cpu,3,25,21.29,0.05,0.0
694,q_learning,3,0.4924,8.0,2049,cpu,9,72,84.98,0.05,0.0
695,q_learning,3,0.4945,8.18,2055,cpu,13,109,127.35,0.05,0.0
696,q_learning,3,0.4957,8.14,2061,cpu,8,63,73.86,0.05,0.0
697,q_learning,3,0.4964,8.16,2061,cpu,6,41,52.86,0.05,0.0
698,q_learning,3,0.4966,8.1,2061,cpu,2,11,10.72,0.05,0.0
699,q_learning,3,0.4987,8.36,2082,cpu,15,107,145.99,0.05,0.0
700,q_learning,3,0.4992,8.22,2085,cpu,3,20,21.44,0.05,0.0
701,q_learning,3,0.5009,8.36,2088,cpu,13,92,126.62,0.05,0.0
702,q_learning,3,0.5014,8.2,2088,cpu,3,27,21.47,0.05,0.0
703,q_learning,3,0.5032,8.4,2094,cpu,11,93,105.09,0.05,0.0
704,q_learning,3,0.5051,8.38,2094,cpu,11,104,107.08,0.05,0.0
705,q_learning,3,0.5057,8.36,2094,cpu,7,36,62.32,0.05,0.0
706,q_learning,3,0.5065,8.5,2097,cpu,7,38,62.7,0.05,0.0
707,q_learning,3,0.5071,8.38,2100,cpu,4,31,31.74,0.05,0.0
708,q_learning,3,0.5081,8.28,2100,cpu,8,52,73.87,0.05,0.0
709,q_learning,3,0.5097,8.38,2100,cpu,8,87,76.42,0.05,0.0
710,q_learning,3,0.5099,8.28,2100,cpu,1,13,0.59,0.05,0.0
711,q_learning,3,0.5111,8.42,2100,cpu,9,66,84.04,0.05,0.0
712,q_learning,3,0.5134,8.52,2121,cpu,14,124,138.41,0.05,0.0
713,q_learning,3,0.5143,8.42,2121,cpu,6,45,53.02,0.05,0.0
714,q_learning,3,0.516,8.54,2124,cpu,11,90,106.62,0.05,0.0
715,q_learning,3,0.5167,8.38,2124,cpu,4,43,33.22,0.05,0.0
716,q_learning,3,0.5177,8.38,2124,cpu,8,54,73.85,0.05,0.0
717,q_learning,3,0.5195,8.42,2124,cpu,12,103,117.1,0.05,0.0
718,q_learning,3,0.5213,8.48,2124,cpu,10,98,96.63,0.05,0.0
719,q_learning,3,0.5218,8.32,2124,cpu,5,25,41.51,0.05,0.0
720,q_learning,3,0.5235,8.56,2130,cpu,13,91,125.33,0.05,0.0
721,q_learning,3,0.5248,8.56,2130,cpu,8,64,74.35,0.05,0.0
722,q_learning,3,0.5261,8.56,2130,cpu,10,71,94.6,0.05,0.0
723,q_learning,3,0.5277,8.52,2130,cpu,9,90,84.2,0.05,0.0
724,q_learning,3,0.5292,8.58,2130,cpu,9,78,85.12,0.05,0.0
725,q_learning,3,0.5309,8.76,2139,cpu,13,89,124.75,0.05,0.0
726,q_learning,3,0.5326,8.76,2139,cpu,9,84,85.66,0.05,0.0
727,q_learning,3,0.5345,8.72,2142,cpu,11,100,106.92,0.05,0.0
728,q_learning,3,0.5357,8.76,2145,cpu,8,69,74.6,0.05,0.0
729,q_learning,3,0.5368,8.84,2145,cpu,9,54,83.76,0.05,0.0
730,q_learning,3,0.5386,8.96,2148,cpu,14,92,136.33,0.05,0.0
731,q_learning,3,0.5396,8.88,2148,cpu,6,56,53.81,0.05,0.0
732,q_learning,3,0.5415,8.88,2151,cpu,13,95,125.89,0.05,0.0
733,q_learning,3,0.5434,9.02,2151,cpu,11,105,107.37,0.05,0.0
734,q_learning,3,0.5448,9.12,2154,cpu,10,81,94.5,0.05,0.0
735,q_learning,3,0.5467,9.08,2157,cpu,13,97,126.87,0.05,0.0
736,q_learning,3,0.5478,9.02,2163,cpu,8,61,73.28,0.05,0.0
737,q_learning,3,0.5488,8.92,2163,cpu,8,52,73.67,0.05,0.0
738,q_learning,3,0.5508,9.0,2169,cpu,13,102,126.72,0.05,0.0
739,q_learning,3,0.5522,8.9,2169,cpu,9,77,85.23,0.05,0.0
740,q_learning,3,0.5523,8.72,2169,cpu,1,8,0.54,0.05,0.0
741,q_learning,3,0.5538,8.7,2169,cpu,8,77,73.12,0.05,0.0
742,q_learning,3,0.5544,8.58,2172,cpu,5,37,42.59,0.05,0.0
743,q_learning,3,0.5558,8.72,2175,cpu,10,73,94.38,0.05,0.0
744,q_learning,3,0.5566,8.66,2178,cpu,6,45,53.02,0.05,0.0
745,q_learning,3,0.5581,8.52,2178,cpu,6,78,52.19,0.05,0.0
746,q_learning,3,0.56,8.62,2181,cpu,13,104,127.7,0.05,0.0
747,q_learning,3,0.5604,8.56,2181,cpu,3,26,21.78,0.05,0.0
748,q_learning,3,0.5623,8.78,2193,cpu,13,101,126.63,0.05,0.0
749,q_learning,3,0.5636,8.64,2196,cpu,8,69,73.8,0.05,0.0
750,q_learning,3,0.5653,8.8,2202,cpu,11,90,105.42,0.05,0.0
751,q_learning,3,0.5668,8.78,2202,cpu,12,74,115.09,0.05,0.0
752,q_learning,3,0.5681,8.86,2202,cpu,7,70,64.78,0.05,0.0
753,q_learning,3,0.5692,8.8,2202,cpu,8,58,74.21,0.05,0.0
754,q_learning,3,0.5711,8.88,2211,cpu,15,97,145.89,0.05,0.0
755,q_learning,3,0.5731,8.98,2214,cpu,12,108,116.35,0.05,0.0
756,q_learning,3,0.574,9.0,2214,cpu,8,42,72.57,0.05,0.0
757,q_learning,3,0.5752,9.1,2214,cpu,9,62,83.88,0.05,0.0
758,q_learning,3,0.576,9.06,2217,cpu,6,42,53.15,0.05,0.0
759,q_learning,3,0.5781,9.16,2223,cpu,13,110,127.84,0.05,0.0
760,q_learning,3,0.579,9.28,2223,cpu,7,52,63.96,0.05,0.0
761,q_learning,3,0.5798,9.24,2226,cpu,7,42,61.86,0.05,0.0
762,q_learning,3,0.5814,9.2,2226,cpu,12,80,116.03,0.05,0.0
763,q_learning,3,0.5834,9.36,2238,cpu,14,99,136.36,0.05,0.0
764,q_learning,3,0.5856,9.4,2244,cpu,13,118,128.16,0.05,0.0
765,q_learning,3,0.5866,9.48,2244,cpu,8,55,73.94,0.05,0.0
766,q_learning,3,0.5875,9.46,2244,cpu,7,49,63.49,0.05,0.0
767,q_learning,3,0.5892,9.48,2250,cpu,13,86,126.28,0.05,0.0
768,q_learning,3,0.5902,9.44,2253,cpu,8,53,73.76,0.05,0.0
769,q_learning,3,0.5926,9.62,2265,cpu,14,122,136.63,0.05,0.0
770,q_learning,3,0.5935,9.52,2265,cpu,8,47,72.82,0.05,0.0
771,q_learning,3,0.5943,9.48,2265,cpu,6,41,52.66,0.05,0.0
772,q_learning,3,0.5956,9.4,2265,cpu,6,74,55.23,0.05,0.0
773,q_learning,3,0.5971,9.44,2265,cpu,11,83,105.19,0.05,0.0
774,q_learning,3,0.5996,9.6,2283,cpu,17,123,167.65,0.05,0.0
775,q_learning,3,0.6008,9.54,2283,cpu,10,62,93.79,0.05,0.0
776,q_learning,3,0.6014,9.4,2283,cpu,2,32,12.61,0.05,0.0
777,q_learning,3,0.6016,9.2,2283,cpu,1,10,0.72,0.05,0.0
778,q_learning,3,0.6034,9.28,2283,cpu,12,98,116.65,0.05,0.0
779,q_learning,3,0.6052,9.32,2286,cpu,11,96,106.16,0.05,0.0
780,q_learning,3,0.6071,9.3,2292,cpu,13,97,127.27,0.05,0.0
781,q_learning,3,0.6087,9.42,2292,cpu,12,84,115.79,0.05,0.0
782,q_learning,3,0.6094,9.26,2292,cpu,5,36,42.5,0.05,0.0
783,q_learning,3,0.6106,9.18,2292,cpu,7,62,64.26,0.05,0.0
784,q_learning,3,0.6118,9.2,2292,cpu,11,62,103.9,0.05,0.0
785,q_learning,3,0.6119,8.94,2292,cpu,0,5,-9.64,0.05,0.0
786,q_learning,3,0.6143,9.12,2307,cpu,17,126,167.12,0.05,0.0
787,q_learning,3,0.6164,9.22,2307,cpu,13,106,127.88,0.05,0.0
788,q_learning,3,0.6182,9.2,2310,cpu,12,93,115.8,0.05,0.0
789,q_learning,3,0.6196,9.22,2316,cpu,10,79,94.72,0.05,0.0
790,q_learning,3,0.6222,9.5,2322,cpu,15,136,149.0,0.05,0.0
791,q_learning,3,0.6234,9.52,2322,cpu,9,65,84.35,0.05,0.0
792,q_learning,3,0.6247,9.56,2325,cpu,7,66,63.62,0.05,0.0
793,q_learning,3,0.6254,9.5,2325,cpu,7,39,62.59,0.05,0.0
794,q_learning,3,0.6264,9.54,2325,cpu,8,50,73.69,0.05,0.0
795,q_learning,3,0.6286,9.66,2331,cpu,12,121,117.72,0.05,0.0
796,q_learning,3,0.6298,9.5,2331,cpu,5,68,43.58,0.05,0.0
797,q_learning,3,0.6323,9.76,2331,cpu,16,128,156.99,0.05,0.0
798,q_learning,3,0.6328,9.6,2331,cpu,5,24,41.42,0.05,0.0
799,q_learning,3,0.6338,9.54,2331,cpu,5,57,43.99,0.05,0.0
800,q_learning,3,0.6364,9.66,2343,cpu,17,129,168.99,0.05,0.0
801,q_learning,3,0.6379,9.62,2343,cpu,10,81,96.1,0.05,0.0
802,q_learning,3,0.6393,9.74,2349,cpu,13,70,124.24,0.05,0.0
803,q_learning,3,0.6411,9.84,2352,cpu,13,97,126.27,0.05,0.0
804,q_learning,3,0.6426,9.76,2352,cpu,11,75,105.67,0.05,0.0
805,q_learning,3,0.643,9.6,2352,cpu,4,21,31.44,0.05,0.0
806,q_learning,3,0.6443,9.62,2352,cpu,9,69,84.11,0.05,0.0
807,q_learning,3,0.645,9.52,2352,cpu,4,40,32.55,0.05,0.0
808,q_learning,3,0.6457,9.52,2355,cpu,6,38,52.39,0.05,0.0
809,q_learning,3,0.6462,9.3,2355,cpu,2,29,12.34,0.05,0.0
810,q_learning,3,0.6473,9.38,2355,cpu,11,54,103.78,0.05,0.0
811,q_learning,3,0.6477,9.28,2355,cpu,2,21,10.82,0.05,0.0
812,q_learning,3,0.6481,9.1,2358,cpu,3,19,20.75,0.05,0.0
813,q_learning,3,0.6485,8.9,2358,cpu,4,23,31.42,0.05,0.0
814,q_learning,3,0.6511,8.9,2358,cpu,13,140,129.74,0.05,0.0
815,q_learning,3,0.6534,9.0,2358,cpu,13,125,128.19,0.05,0.0
816,q_learning,3,0.654,8.96,2358,cpu,5,34,42.32,0.05,0.0
817,q_learning,3,0.6553,8.88,2358,cpu,9,68,84.42,0.05,0.0
818,q_learning,3,0.6572,9.02,2364,cpu,15,96,145.6,0.05,0.0
819,q_learning,3,0.6595,9.04,2367,cpu,15,123,147.83,0.05,0.0
820,q_learning,3,0.6601,8.92,2367,cpu,2,30,11.63,0.05,0.0
821,q_learning,3,0.6603,8.86,2367,cpu,3,8,20.36,0.05,0.0
822,q_learning,3,0.6618,8.96,2367,cpu,11,85,105.37,0.05,0.0
823,q_learning,3,0.6635,8.98,2370,cpu,12,90,115.93,0.05,0.0
824,q_learning,3,0.6642,8.72,2370,cpu,4,40,32.35,0.05,0.0
825,q_learning,3,0.6656,8.72,2376,cpu,10,71,95.2,0.05,0.0
826,q_learning,3,0.6669,8.92,2376,cpu,12,65,114.08,0.05,0.0
827,q_learning,3,0.6685,9.12,2379,cpu,11,82,105.9,0.05,0.0
828,q_learning,3,0.6701,9.12,2382,cpu,12,88,115.35,0.05,0.0
829,q_learning,3,0.6711,9.04,2382,cpu,7,52,63.96,0.05,0.0
830,q_learning,3,0.6718,8.86,2382,cpu,4,38,32.97,0.05,0.0
831,q_learning,3,0.6735,8.9,2385,cpu,14,91,135.64,0.05,0.0
832,q_learning,3,0.6752,9.06,2388,cpu,13,87,125.77,0.05,0.0
833,q_learning,3,0.6762,9.04,2388,cpu,6,54,53.43,0.05,0.0
834,q_learning,3,0.6773,8.96,2388,cpu,7,55,64.23,0.05,0.0
835,q_learning,3,0.6781,9.08,2391,cpu,6,43,52.84,0.05,0.0
836,q_learning,3,0.679,8.88,2394,cpu,7,48,63.0,0.05,0.0
837,q_learning,3,0.6817,8.94,2394,cpu,16,143,160.94,0.05,0.0
838,q_learning,3,0.6825,8.78,2394,cpu,4,43,33.22,0.05,0.0
839,q_learning,3,0.6838,8.76,2397,cpu,9,72,84.78,0.05,0.0
840,q_learning,3,0.6849,8.64,2397,cpu,9,54,83.76,0.05,0.0
841,q_learning,3,0.6858,8.58,2397,cpu,6,53,53.74,0.05,0.0
842,q_learning,3,0.6878,8.7,2397,cpu,13,108,126.06,0.05,0.0
843,q_learning,3,0.6897,8.82,2400,cpu,13,101,127.43,0.05,0.0
844,q_learning,3,0.6921,8.94,2415,cpu,14,121,136.54,0.05,0.0
845,q_learning,3,0.693,8.82,2418,cpu,6,50,52.67,0.05,0.0
846,q_learning,3,0.6932,8.74,2418,cpu,1,12,0.9,0.05,0.0
847,q_learning,3,0.6952,8.68,2421,cpu,13,106,127.48,0.05,0.0
848,q_learning,3,0.697,8.82,2421,cpu,12,96,116.47,0.05,0.0
849,q_learning,3,0.6986,8.92,2421,cpu,10,82,95.79,0.05,0.0
850,q_learning,3,0.6999,8.72,2421,cpu,7,67,62.91,0.05,0.0
851,q_learning,3,0.7013,8.7,2421,cpu,9,79,85.41,0.05,0.0
852,q_learning,3,0.7028,8.66,2421,cpu,11,79,105.83,0.05,0.0
853,q_learning,3,0.7055,8.7,2424,cpu,15,149,147.57,0.05,0.0
854,q_learning,3,0.707,8.66,2424,cpu,9,78,85.12,0.05,0.0
855,q_learning,3,0.7091,8.84,2430,cpu,13,111,128.13,0.05,0.0
856,q_learning,3,0.7106,8.84,2430,cpu,9,85,85.35,0.05,0.0
857,q_learning,3,0.7129,9.06,2439,cpu,15,119,148.07,0.05,0.0
858,q_learning,3,0.7147,9.18,2439,cpu,12,98,116.45,0.05,0.0
859,q_learning,3,0.7169,9.42,2442,cpu,14,113,137.42,0.05,0.0
860,q_learning,3,0.7178,9.3,2442,cpu,5,49,43.27,0.05,0.0
861,q_learning,3,0.7196,9.5,2445,cpu,12,97,115.16,0.05,0.0
862,q_learning,3,0.7211,9.64,2445,cpu,10,82,95.59,0.05,0.0
863,q_learning,3,0.7217,9.64,2445,cpu,4,35,32.3,0.05,0.0
864,q_learning,3,0.7241,9.72,2454,cpu,17,122,167.96,0.05,0.0
865,q_learning,3,0.7252,9.56,2457,cpu,5,62,43.24,0.05,0.0
866,q_learning,3,0.7276,9.8,2466,cpu,17,126,168.92,0.05,0.0
867,q_learning,3,0.7287,9.78,2466,cpu,8,57,74.32,0.05,0.0
868,q_learning,3,0.7315,9.78,2472,cpu,15,145,148.41,0.05,0.0
869,q_learning,3,0.7332,9.66,2472,cpu,9,91,86.49,0.05,0.0
870,q_learning,3,0.7351,9.84,2472,cpu,11,104,106.68,0.05,0.0
871,q_learning,3,0.7374,10.12,2481,cpu,17,122,169.16,0.05,0.0
872,q_learning,3,0.7392,10.16,2487,cpu,13,94,126.0,0.05,0.0
873,q_learning,3,0.7398,10.0,2487,cpu,4,34,32.01,0.05,0.0
874,q_learning,3,0.7419,10.24,2493,cpu,16,102,157.65,0.05,0.0
875,q_learning,3,0.742,10.06,2493,cpu,1,10,0.32,0.05,0.0
876,q_learning,3,0.7447,10.16,2505,cpu,17,143,169.65,0.05,0.0
877,q_learning,3,0.7458,10.06,2505,cpu,6,58,54.19,0.05,0.0
878,q_learning,3,0.7473,10.02,2505,cpu,10,81,95.9,0.05,0.0
879,q_learning,3,0.748,9.98,2508,cpu,5,37,42.79,0.05,0.0
880,q_learning,3,0.75,10.18,2511,cpu,14,105,137.3,0.05,0.0
881,q_learning,3,0.7515,10.1,2514,cpu,10,78,95.23,0.05,0.0
882,q_learning,3,0.7519,9.88,2514,cpu,2,23,11.0,0.05,0.0
883,q_learning,3,0.7532,9.92,2514,cpu,8,70,74.89,0.05,0.0
884,q_learning,3,0.754,9.86,2517,cpu,4,47,32.78,0.05,0.0
885,q_learning,3,0.7554,9.96,2517,cpu,11,71,105.31,0.05,0.0
886,q_learning,3,0.7558,9.86,2517,cpu,2,22,11.71,0.05,0.0
887,q_learning,3,0.7566,9.66,2517,cpu,6,41,52.66,0.05,0.0
888,q_learning,3,0.7588,9.84,2517,cpu,13,117,128.47,0.05,0.0
889,q_learning,3,0.7604,9.88,2517,cpu,11,86,106.46,0.05,0.0
890,q_learning,3,0.7607,9.74,2517,cpu,2,17,10.66,0.05,0.0
891,q_learning,3,0.761,9.66,2517,cpu,2,16,11.17,0.05,0.0
892,q_learning,3,0.7628,9.66,2523,cpu,13,94,126.6,0.05,0.0
893,q_learning,3,0.7631,9.42,2523,cpu,1,17,1.15,0.05,0.0
894,q_learning,3,0.7642,9.28,2523,cpu,7,61,63.97,0.05,0.0
895,q_learning,3,0.7646,9.22,2523,cpu,3,21,21.33,0.05,0.0
896,q_learning,3,0.766,9.4,2523,cpu,10,73,94.78,0.05,0.0
897,q_learning,3,0.7684,9.48,2529,cpu,17,125,169.03,0.05,0.0
898,q_learning,3,0.7707,9.58,2541,cpu,17,118,167.0,0.05,0.0
899,q_learning,3,0.771,9.42,2541,cpu,2,17,11.06,0.05,0.0
900,q_learning,3,0.7716,9.4,2541,cpu,6,32,52.25,0.05,0.0
901,q_learning,3,0.7739,9.5,2547,cpu,14,124,137.61,0.05,0.0
902,q_learning,3,0.7745,9.32,2547,cpu,2,25,11.78,0.05,0.0
903,q_learning,3,0.7754,9.18,2550,cpu,8,46,73.33,0.05,0.0
904,q_learning,3,0.7755,9.0,2550,cpu,0,7,-9.46,0.05,0.0
905,q_learning,3,0.778,9.02,2559,cpu,14,128,135.97,0.05,0.0
906,q_learning,3,0.7789,8.98,2559,cpu,7,50,62.38,0.05,0.0
907,q_learning,3,0.7814,8.98,2562,cpu,15,126,148.5,0.05,0.0
908,q_learning,3,0.7835,8.98,2562,cpu,12,107,116.86,0.05,0.0
909,q_learning,3,0.7839,8.74,2562,cpu,2,21,11.42,0.05,0.0
910,q_learning,3,0.7853,8.82,2562,cpu,9,73,85.47,0.05,0.0
911,q_learning,3,0.7865,8.74,2562,cpu,8,64,74.55,0.05,0.0
912,q_learning,3,0.7886,8.84,2562,cpu,15,111,147.55,0.05,0.0
913,q_learning,3,0.7892,8.84,2565,cpu,4,30,32.25,0.05,0.0
914,q_learning,3,0.7906,8.7,2565,cpu,10,74,94.47,0.05,0.0
915,q_learning,3,0.7926,8.8,2565,cpu,10,99,96.92,0.05,0.0
916,q_learning,3,0.7938,8.68,2568,cpu,11,62,104.3,0.05,0.0
917,q_learning,3,0.7961,8.8,2568,cpu,14,122,136.63,0.05,0.0
918,q_learning,3,0.7982,8.8,2577,cpu,15,106,146.5,0.05,0.0
919,q_learning,3,0.8003,8.86,2580,cpu,12,113,115.8,0.05,0.0
920,q_learning,3,0.8015,8.72,2580,cpu,4,63,33.62,0.05,0.0
921,q_learning,3,0.8039,8.72,2589,cpu,17,128,168.9,0.05,0.0
922,q_learning,3,0.8044,8.56,2589,cpu,5,22,41.24,0.05,0.0
923,q_learning,3,0.8052,8.58,2589,cpu,5,45,42.51,0.05,0.0
924,q_learning,3,0.8076,8.56,2592,cpu,15,123,148.83,0.05,0.0
925,q_learning,3,0.8081,8.62,2592,cpu,4,25,31.2,0.05,0.0
926,q_learning,3,0.8086,8.38,2592,cpu,5,29,42.07,0.05,0.0
927,q_learning,3,0.8112,8.6,2601,cpu,17,134,168.84,0.05,0.0
928,q_learning,3,0.8131,8.66,2604,cpu,13,101,126.43,0.05,0.0
929,q_learning,3,0.8155,8.86,2604,cpu,15,126,148.5,0.05,0.0
930,q_learning,3,0.8165,8.76,2604,cpu,9,47,82.33,0.05,0.0
931,q_learning,3,0.8168,8.58,2604,cpu,1,15,1.17,0.05,0.0
932,q_learning,3,0.818,8.74,2604,cpu,10,64,94.57,0.05,0.0
933,q_learning,3,0.8202,8.82,2604,cpu,12,116,118.47,0.05,0.0
934,q_learning,3,0.8219,8.9,2604,cpu,8,99,77.7,0.05,0.0
935,q_learning,3,0.8221,8.68,2607,cpu,0,9,-9.68,0.05,0.0
936,q_learning,3,0.8226,8.7,2607,cpu,3,29,22.05,0.05,0.0
937,q_learning,3,0.8247,8.9,2610,cpu,16,102,157.45,0.05,0.0
938,q_learning,3,0.8271,8.92,2616,cpu,14,128,137.97,0.05,0.0
939,q_learning,3,0.8292,8.96,2619,cpu,13,111,127.33,0.05,0.0
940,q_learning,3,0.8294,8.98,2619,cpu,3,13,20.81,0.05,0.0
941,q_learning,3,0.8305,9.14,2619,cpu,10,56,93.85,0.05,0.0
942,q_learning,3,0.8308,8.92,2619,cpu,2,15,10.68,0.05,0.0
943,q_learning,3,0.8325,9.12,2619,cpu,11,90,106.62,0.05,0.0
944,q_learning,3,0.8345,9.22,2622,cpu,12,106,116.57,0.05,0.0
945,q_learning,3,0.8361,9.38,2625,cpu,11,83,105.59,0.05,0.0
946,q_learning,3,0.8374,9.36,2625,cpu,9,72,84.18,0.05,0.0
947,q_learning,3,0.8389,9.28,2625,cpu,13,78,125.56,0.05,0.0
948,q_learning,3,0.8401,9.1,2625,cpu,8,66,73.93,0.05,0.0
949,q_learning,3,0.8419,9.38,2628,cpu,16,86,155.41,0.05,0.0
950,q_learning,3,0.8439,9.56,2628,cpu,15,100,146.16,0.05,0.0
951,q_learning,3,0.8441,9.3,2628,cpu,1,10,0.72,0.05,0.0
952,q_learning,3,0.846,9.52,2631,cpu,13,104,125.9,0.05,0.0
953,q_learning,3,0.8482,9.66,2637,cpu,15,113,147.53,0.05,0.0
954,q_learning,3,0.8496,9.82,2637,cpu,8,71,73.98,0.05,0.0
955,q_learning,3,0.8505,9.68,2637,cpu,7,49,62.89,0.05,0.0
956,q_learning,3,0.8526,9.82,2637,cpu,14,113,137.82,0.05,0.0
957,q_learning,3,0.855,9.76,2640,cpu,12,132,116.71,0.05,0.0
958,q_learning,3,0.8553,9.54,2640,cpu,1,13,0.39,0.05,0.0
959,q_learning,3,0.857,9.76,2646,cpu,13,88,125.46,0.05,0.0
960,q_learning,3,0.8577,9.68,2649,cpu,5,39,42.57,0.05,0.0
961,q_learning,3,0.8584,9.62,2652,cpu,5,37,42.19,0.05,0.0
962,q_learning,3,0.8609,9.6,2655,cpu,14,132,138.13,0.05,0.0
963,q_learning,3,0.8614,9.62,2655,cpu,5,25,41.71,0.05,0.0
964,q_learning,3,0.8622,9.52,2655,cpu,5,43,42.93,0.05,0.0
965,q_learning,3,0.8648,9.64,2655,cpu,16,138,160.09,0.05,0.0
966,q_learning,3,0.8668,9.68,2658,cpu,13,103,127.21,0.05,0.0
967,q_learning,3,0.8687,9.66,2658,cpu,13,94,125.8,0.05,0.0
968,q_learning,3,0.8697,9.52,2658,cpu,8,58,73.61,0.05,0.0
969,q_learning,3,0.8713,9.5,2658,cpu,11,86,106.46,0.05,0.0
970,q_learning,3,0.8736,9.72,2664,cpu,15,118,147.78,0.05,0.0
971,q_learning,3,0.8754,9.62,2667,cpu,12,94,116.89,0.05,0.0
972,q_learning,3,0.8777,9.8,2667,cpu,14,124,139.01,0.05,0.0
973,q_learning,3,0.8795,9.92,2670,cpu,11,94,106.38,0.05,0.0
974,q_learning,3,0.8817,9.94,2673,cpu,16,114,156.53,0.05,0.0
975,q_learning,3,0.8835,10.12,2673,cpu,13,87,126.37,0.05,0.0
976,q_learning,3,0.8854,10.26,2673,cpu,12,100,116.23,0.05,0.0
977,q_learning,3,0.8869,10.12,2673,cpu,10,82,95.59,0.05,0.0
978,q_learning,3,0.8892,10.14,2676,cpu,14,119,137.96,0.05,0.0
979,q_learning,3,0.89,9.94,2679,cpu,5,42,42.04,0.05,0.0
980,q_learning,3,0.8913,9.96,2685,cpu,10,62,94.39,0.05,0.0
981,q_learning,3,0.8927,10.12,2688,cpu,9,73,85.27,0.05,0.0
982,q_learning,3,0.894,10.1,2688,cpu,9,69,84.91,0.05,0.0
983,q_learning,3,0.8961,10.12,2688,cpu,13,114,128.0,0.05,0.0
984,q_learning,3,0.8981,10.24,2688,cpu,14,101,136.74,0.05,0.0
985,q_learning,3,0.9001,10.5,2694,cpu,13,100,127.34,0.05,0.0
986,q_learning,3,0.9018,10.68,2694,cpu,12,90,116.33,0.05,0.0
987,q_learning,3,0.9022,10.42,2694,cpu,3,23,21.31,0.05,0.0
988,q_learning,3,0.9046,10.44,2697,cpu,15,123,149.03,0.05,0.0
989,q_learning,3,0.9052,10.26,2697,cpu,4,34,32.01,0.05,0.0
990,q_learning,3,0.9058,10.28,2697,cpu,4,36,32.39,0.05,0.0
991,q_learning,3,0.9077,10.3,2697,cpu,11,96,106.56,0.05,0.0
992,q_learning,3,0.9098,10.58,2700,cpu,16,105,156.72,0.05,0.0
993,q_learning,3,0.9105,10.48,2703,cpu,6,39,52.28,0.05,0.0
994,q_learning,3,0.9128,10.54,2709,cpu,15,114,146.22,0.05,0.0
995,q_learning,3,0.9137,10.52,2709,cpu,10,51,93.4,0.05,0.0
996,q_learning,3,0.9151,10.54,2712,cpu,10,72,94.49,0.05,0.0
997,q_learning,3,0.9169,10.54,2712,cpu,13,88,126.06,0.05,0.0
998,q_learning,3,0.9188,10.62,2715,cpu,12,99,116.54,0.05,0.0
999,q_learning,3,0.9196,10.4,2715,cpu,5,44,43.02,0.05,0.0
1000,q_learning,3,0.9208,10.28,2718,cpu,9,68,84.42,0.05,0.0
1001,q_learning,3,0.9236,10.58,2724,cpu,16,145,158.72,0.05,0.0
1002,q_learning,3,0.9259,10.6,2724,cpu,14,119,138.36,0.05,0.0
1003,q_learning,3,0.9265,10.38,2724,cpu,4,36,32.59,0.05,0.0
1004,q_learning,3,0.9296,10.56,2736,cpu,17,163,170.65,0.05,0.0
1005,q_learning,3,0.9316,10.68,2736,cpu,13,106,126.88,0.05,0.0
1006,q_learning,3,0.934,10.74,2745,cpu,17,122,168.76,0.05,0.0
1007,q_learning,3,0.9358,10.78,2745,cpu,14,96,136.69,0.05,0.0
1008,q_learning,3,0.9375,10.98,2745,cpu,11,88,105.84,0.05,0.0
1009,q_learning,3,0.939,10.94,2745,cpu,11,81,105.81,0.05,0.0
1010,q_learning,3,0.9421,11.16,2751,cpu,16,159,159.98,0.05,0.0
1011,q_learning,3,0.9434,11.3,2751,cpu,12,71,114.62,0.05,0.0
1012,q_learning,3,0.9439,11.1,2751,cpu,4,29,31.76,0.05,0.0
1013,q_learning,3,0.9459,11.26,2751,cpu,13,106,128.08,0.05,0.0
1014,q_learning,3,0.9485,11.46,2754,cpu,15,133,148.53,0.05,0.0
1015,q_learning,3,0.9498,11.34,2757,cpu,10,68,93.73,0.05,0.0
1016,q_learning,3,0.952,11.38,2757,cpu,15,118,147.78,0.05,0.0
1017,q_learning,3,0.9534,11.32,2757,cpu,10,76,95.45,0.05,0.0
1018,q_learning,3,0.9543,11.3,2757,cpu,7,49,63.49,0.05,0.0
1019,q_learning,3,0.9551,11.2,2757,cpu,6,40,52.97,0.05,0.0
1020,q_learning,3,0.9574,11.16,2757,cpu,13,124,128.5,0.05,0.0
1021,q_learning,3,0.9584,11.06,2757,cpu,7,56,64.12,0.05,0.0
1022,q_learning,3,0.9602,11.0,2757,cpu,11,96,106.16,0.05,0.0
1023,q_learning,3,0.9613,10.96,2757,cpu,9,57,83.03,0.05,0.0
1024,q_learning,3,0.9637,10.98,2760,cpu,17,125,169.03,0.05,0.0
1025,q_learning,3,0.9664,11.06,2763,cpu,17,143,170.05,0.05,0.0
1026,q_learning,3,0.9667,10.86,2763,cpu,2,13,10.7,0.05,0.0
1027,q_learning,3,0.9693,10.98,2766,cpu,16,135,159.62,0.05,0.0
1028,q_learning,3,0.971,10.98,2766,cpu,14,93,135.02,0.05,0.0
1029,q_learning,3,0.9718,11.02,2766,cpu,7,40,62.88,0.05,0.0
1030,q_learning,3,0.9735,10.98,2769,cpu,8,92,74.87,0.05,0.0
1031,q_learning,3,0.9748,10.94,2769,cpu,7,72,64.36,0.05,0.0
1032,q_learning,3,0.9772,11.04,2769,cpu,14,128,138.57,0.05,0.0
1033,q_learning,3,0.978,10.88,2769,cpu,5,49,43.67,0.05,0.0
1034,q_learning,3,0.9799,10.84,2772,cpu,12,102,117.21,0.05,0.0
1035,q_learning,3,0.9826,10.92,2775,cpu,17,138,169.6,0.05,0.0
1036,q_learning,3,0.9842,10.92,2775,cpu,12,84,115.19,0.05,0.0
1037,q_learning,3,0.9849,10.98,2775,cpu,6,37,52.1,0.05,0.0
1038,q_learning,3,0.9873,11.02,2778,cpu,17,128,168.9,0.05,0.0
1039,q_learning,3,0.9884,11.08,2778,cpu,7,56,63.72,0.05,0.0
1040,q_learning,3,0.9897,11.22,2778,cpu,11,70,102.82,0.05,0.0
1041,q_learning,3,0.9904,11.1,2778,cpu,5,35,42.41,0.05,0.0
1042,q_learning,3,0.9927,11.08,2784,cpu,15,120,146.36,0.05,0.0
1043,q_learning,3,0.9942,11.14,2784,cpu,9,84,85.86,0.05,0.0
1044,q_learning,3,0.9949,10.96,2784,cpu,6,35,51.52,0.05,0.0
1045,q_learning,3,0.9957,10.84,2784,cpu,4,47,32.38,0.05,0.0
1046,q_learning,3,0.9973,10.88,2784,cpu,12,87,115.46,0.05,0.0
1047,q_learning,3,0.9982,10.76,2784,cpu,7,46,63.02,0.05,0.0
1048,q_learning,3,0.9995,10.7,2784,cpu,9,68,84.22,0.05,0.0
1049,q_learning,3,1.0017,10.94,2787,cpu,17,114,168.64,0.05,0.0
1050,q_learning,3,1.0035,11.02,2790,cpu,13,96,126.38,0.05,0.0
1051,q_learning,3,1.0056,10.96,2790,cpu,13,108,128.26,0.05,0.0
1052,q_learning,3,1.0059,10.72,2790,cpu,2,20,11.53,0.05,0.0
1053,q_learning,3,1.0067,10.74,2790,cpu,5,42,43.04,0.05,0.0
1054,q_learning,3,1.0077,10.54,2790,cpu,7,51,63.07,0.05,0.0
1055,q_learning,3,1.0097,10.54,2790,cpu,13,107,126.97,0.05,0.0
1056,q_learning,3,1.0111,10.42,2790,cpu,11,76,105.16,0.05,0.0
1057,q_learning,3,1.0116,10.2,2790,cpu,3,28,22.16,0.05,0.0
1058,q_learning,3,1.0138,10.28,2790,cpu,15,113,147.93,0.05,0.0
1059,q_learning,3,1.0147,10.16,2790,cpu,5,49,43.27,0.05,0.0
1060,q_learning,3,1.0155,9.94,2790,cpu,5,47,42.89,0.05,0.0
1061,q_learning,3,1.0177,9.96,2793,cpu,13,114,127.6,0.05,0.0
1062,q_learning,3,1.0181,9.96,2796,cpu,4,23,31.22,0.05,0.0
1063,q_learning,3,1.0206,10.02,2799,cpu,16,128,159.39,0.05,0.0
1064,q_learning,3,1.0223,9.94,2799,cpu,11,94,106.38,0.05,0.0
1065,q_learning,3,1.0253,10.06,2802,cpu,16,158,161.09,0.05,0.0
1066,q_learning,3,1.0276,10.02,2805,cpu,13,121,127.23,0.05,0.0
1067,q_learning,3,1.0293,10.08,2808,cpu,13,90,126.04,0.05,0.0
1068,q_learning,3,1.0313,10.24,2811,cpu,15,107,146.39,0.05,0.0
1069,q_learning,3,1.0333,10.34,2811,cpu,11,106,107.46,0.05,0.0
1070,q_learning,3,1.034,10.2,2811,cpu,6,37,52.7,0.05,0.0
1071,q_learning,3,1.0347,10.14,2811,cpu,4,38,32.97,0.05,0.0
1072,q_learning,3,1.0367,10.22,2814,cpu,15,106,146.7,0.05,0.0
1073,q_learning,3,1.0373,10.12,2814,cpu,4,32,32.03,0.05,0.0
1074,q_learning,3,1.0391,10.02,2817,cpu,12,96,116.67,0.05,0.0
1075,q_learning,3,1.0413,10.02,2817,cpu,17,109,166.79,0.05,0.0
1076,q_learning,3,1.0419,10.08,2817,cpu,5,31,41.85,0.05,0.0
1077,q_learning,3,1.0421,9.8,2817,cpu,2,15,11.08,0.05,0.0
1078,q_learning,3,1.0427,9.6,2817,cpu,4,33,32.32,0.05,0.0
1079,q_learning,3,1.0446,9.72,2817,cpu,13,98,125.96,0.05,0.0
1080,q_learning,3,1.046,9.78,2817,cpu,11,78,105.34,0.05,0.0
1081,q_learning,3,1.0487,9.96,2820,cpu,16,140,160.27,0.05,0.0
1082,q_learning,3,1.0506,9.9,2820,cpu,11,97,105.85,0.05,0.0
1083,q_learning,3,1.0527,10.08,2820,cpu,14,114,137.51,0.05,0.0
1084,q_learning,3,1.0537,9.96,2820,cpu,6,52,53.05,0.05,0.0
1085,q_learning,3,1.0557,9.88,2820,cpu,13,112,127.62,0.05,0.0
1086,q_learning,3,1.057,9.82,2823,cpu,9,71,84.69,0.05,0.0
1087,q_learning,3,1.0594,9.96,2826,cpu,13,122,128.52,0.05,0.0
1088,q_learning,3,1.0616,9.92,2829,cpu,15,117,146.69,0.05,0.0
1089,q_learning,3,1.0626,9.96,2829,cpu,9,57,83.83,0.05,0.0
1090,q_learning,3,1.0635,9.86,2829,cpu,6,50,53.67,0.05,0.0
1091,q_learning,3,1.0649,9.96,2829,cpu,10,72,94.89,0.05,0.0
1092,q_learning,3,1.0675,10.0,2832,cpu,17,134,168.24,0.05,0.0
1093,q_learning,3,1.0699,10.14,2835,cpu,16,127,157.7,0.05,0.0
1094,q_learning,3,1.0708,10.12,2835,cpu,5,48,43.18,0.05,0.0
1095,q_learning,3,1.0712,10.1,2835,cpu,3,23,21.31,0.05,0.0
1096,q_learning,3,1.0733,10.14,2835,cpu,14,109,137.06,0.05,0.0
1097,q_learning,3,1.0739,10.08,2838,cpu,4,33,31.32,0.05,0.0
1098,q_learning,3,1.0749,10.06,2838,cpu,8,56,72.83,0.05,0.0
1099,q_learning,3,1.0761,9.88,2838,cpu,8,64,73.75,0.05,0.0
1100,q_learning,3,1.078,9.8,2838,cpu,9,104,87.06,0.05,0.0
1101,q_learning,3,1.0791,9.72,2838,cpu,9,60,84.5,0.05,0.0
1102,q_learning,3,1.0817,10.02,2844,cpu,17,139,169.09,0.05,0.0
1103,q_learning,3,1.0827,10.06,2844,cpu,7,52,63.56,0.05,0.0
1104,q_learning,3,1.084,10.14,2844,cpu,11,68,105.04,0.05,0.0
1105,q_learning,3,1.0842,9.88,2844,cpu,0,7,-9.46,0.05,0.0
1106,q_learning,3,1.0855,9.86,2844,cpu,10,73,94.98,0.05,0.0
1107,q_learning,3,1.0857,9.84,2844,cpu,2,11,10.52,0.05,0.0
1108,q_learning,3,1.0861,9.58,2844,cpu,2,18,10.75,0.05,0.0
1109,q_learning,3,1.0885,9.82,2847,cpu,17,128,169.3,0.05,0.0
1110,q_learning,3,1.0901,10.0,2853,cpu,14,83,135.52,0.05,0.0
1111,q_learning,3,1.0913,9.82,2853,cpu,4,61,33.04,0.05,0.0
1112,q_learning,3,1.0918,9.84,2853,cpu,5,31,42.05,0.05,0.0
1113,q_learning,3,1.0925,9.56,2853,cpu,2,36,11.57,0.05,0.0
1114,q_learning,3,1.0945,9.62,2853,cpu,14,104,137.81,0.05,0.0
1115,q_learning,3,1.0967,9.62,2859,cpu,16,117,158.8,0.05,0.0
1116,q_learning,3,1.0979,9.52,2859,cpu,8,65,74.84,0.05,0.0
1117,q_learning,3,1.1006,9.6,2871,cpu,17,142,169.36,0.05,0.0
1118,q_learning,3,1.1011,9.36,2871,cpu,3,26,21.58,0.05,0.0
1119,q_learning,3,1.1023,9.32,2871,cpu,9,63,83.77,0.05,0.0
1120,q_learning,3,1.1046,9.46,2874,cpu,13,125,126.99,0.05,0.0
1121,q_learning,3,1.1064,9.66,2874,cpu,14,90,135.95,0.05,0.0
1122,q_learning,3,1.107,9.46,2874,cpu,5,37,42.19,0.05,0.0
1123,q_learning,3,1.1079,9.46,2874,cpu,4,47,32.38,0.05,0.0
1124,q_learning,3,1.1087,9.32,2874,cpu,5,43,43.13,0.05,0.0
1125,q_learning,3,1.1091,9.04,2874,cpu,3,21,20.93,0.05,0.0
1126,q_learning,3,1.1102,9.1,2874,cpu,8,62,72.97,0.05,0.0
1127,q_learning,3,1.111,9.18,2874,cpu,6,41,52.86,0.05,0.0
1128,q_learning,3,1.1112,9.12,2874,cpu,1,12,0.7,0.05,0.0
1129,q_learning,3,1.112,9.0,2874,cpu,7,40,62.48,0.05,0.0
1130,q_learning,3,1.1123,8.82,2874,cpu,2,16,10.97,0.05,0.0
1131,q_learning,3,1.1137,8.68,2874,cpu,9,82,85.28,0.05,0.0
1132,q_learning,3,1.1154,8.68,2874,cpu,11,92,106.2,0.05,0.0
1133,q_learning,3,1.1166,8.56,2874,cpu,8,61,73.28,0.05,0.0
1134,q_learning,3,1.1179,8.62,2874,cpu,9,67,84.73,0.05,0.0
1135,q_learning,3,1.1187,8.46,2874,cpu,5,44,42.62,0.05,0.0
1136,q_learning,3,1.1201,8.56,2874,cpu,14,72,134.53,0.05,0.0
1137,q_learning,3,1.1226,8.58,2877,cpu,14,131,136.64,0.05,0.0
1138,q_learning,3,1.1244,8.5,2877,cpu,11,95,105.87,0.05,0.0
1139,q_learning,3,1.126,8.56,2877,cpu,12,86,115.97,0.05,0.0
1140,q_learning,3,1.1269,8.58,2877,cpu,7,49,63.49,0.05,0.0
1141,q_learning,3,1.1273,8.42,2877,cpu,2,22,11.11,0.05,0.0
1142,q_learning,3,1.1281,8.24,2877,cpu,8,44,72.75,0.05,0.0
1143,q_learning,3,1.1308,8.26,2883,cpu,17,144,170.14,0.05,0.0
1144,q_learning,3,1.1318,8.32,2883,cpu,8,50,72.69,0.05,0.0
1145,q_learning,3,1.132,8.28,2883,cpu,1,11,0.61,0.05,0.0
1146,q_learning,3,1.1326,8.08,2883,cpu,4,34,32.21,0.05,0.0
1147,q_learning,3,1.1334,8.08,2883,cpu,4,42,32.33,0.05,0.0
1148,q_learning,3,1.1345,8.06,2883,cpu,7,61,64.37,0.05,0.0
1149,q_learning,3,1.1356,8.06,2886,cpu,8,60,73.99,0.05,0.0
1150,q_learning,3,1.1366,8.02,2886,cpu,7,54,62.74,0.05,0.0
1151,q_learning,3,1.137,7.92,2886,cpu,4,25,31.4,0.05,0.0
1152,q_learning,3,1.1384,7.7,2886,cpu,6,74,53.83,0.05,0.0
1153,q_learning,3,1.1389,7.64,2889,cpu,4,33,32.52,0.05,0.0
1154,q_learning,3,1.1398,7.56,2892,cpu,7,44,62.24,0.05,0.0
1155,q_learning,3,1.142,7.82,2892,cpu,13,116,128.38,0.05,0.0
1156,q_learning,3,1.1426,7.7,2892,cpu,4,34,32.01,0.05,0.0
1157,q_learning,3,1.1441,7.84,2895,cpu,9,80,83.5,0.05,0.0
1158,q_learning,3,1.1472,8.12,2898,cpu,16,168,160.19,0.05,0.0
1159,q_learning,3,1.1479,7.88,2898,cpu,5,43,42.53,0.05,0.0
1160,q_learning,3,1.1483,7.64,2898,cpu,2,19,11.04,0.05,0.0
1161,q_learning,3,1.1506,7.9,2901,cpu,17,120,168.38,0.05,0.0
1162,q_learning,3,1.1529,8.12,2904,cpu,16,120,155.87,0.05,0.0
1163,q_learning,3,1.1549,8.38,2904,cpu,15,106,146.9,0.05,0.0
1164,q_learning,3,1.1558,8.18,2904,cpu,4,47,32.98,0.05,0.0
1165,q_learning,3,1.1566,8.0,2904,cpu,7,41,62.77,0.05,0.0
1166,q_learning,3,1.1592,8.18,2910,cpu,17,137,169.11,0.05,0.0
1167,q_learning,3,1.1594,7.86,2910,cpu,1,10,0.52,0.05,0.0
1168,q_learning,3,1.1616,8.08,2910,cpu,14,117,137.98,0.05,0.0
1169,q_learning,3,1.1635,8.16,2910,cpu,13,104,126.1,0.05,0.0
1170,q_learning,3,1.1655,8.14,2919,cpu,12,105,115.68,0.05,0.0
1171,q_learning,3,1.1659,7.94,2919,cpu,4,22,31.13,0.05,0.0
1172,q_learning,3,1.168,8.14,2919,cpu,15,106,146.3,0.05,0.0
1173,q_learning,3,1.1692,8.22,2919,cpu,8,66,74.73,0.05,0.0
1174,q_learning,3,1.1706,8.3,2919,cpu,9,79,85.61,0.05,0.0
1175,q_learning,3,1.1708,8.26,2919,cpu,1,9,0.63,0.05,0.0
1176,q_learning,3,1.1711,8.18,2919,cpu,4,18,31.17,0.05,0.0
1177,q_learning,3,1.1728,8.26,2919,cpu,10,89,95.02,0.05,0.0
1178,q_learning,3,1.1736,8.38,2922,cpu,7,42,62.86,0.05,0.0
1179,q_learning,3,1.1757,8.58,2931,cpu,17,104,167.14,0.05,0.0
1180,q_learning,3,1.1776,8.88,2937,cpu,17,95,166.53,0.05,0.0
1181,q_learning,3,1.1779,8.74,2937,cpu,2,20,11.53,0.05,0.0
1182,q_learning,3,1.1781,8.54,2937,cpu,1,9,0.63,0.05,0.0
1183,q_learning,3,1.1802,8.72,2943,cpu,17,107,167.81,0.05,0.0
1184,q_learning,3,1.1816,8.76,2943,cpu,11,76,103.96,0.05,0.0
1185,q_learning,3,1.1839,8.94,2943,cpu,14,118,137.87,0.05,0.0
1186,q_learning,3,1.1869,9.0,2964,cpu,17,164,168.74,0.05,0.0
1187,q_learning,3,1.1871,8.74,2964,cpu,1,6,0.36,0.05,0.0
1188,q_learning,3,1.1898,8.86,2970,cpu,17,141,170.07,0.05,0.0
1189,q_learning,3,1.1926,8.96,2973,cpu,17,146,167.92,0.05,0.0
1190,q_learning,3,1.1939,8.98,2973,cpu,8,71,74.38,0.05,0.0
1191,q_learning,3,1.1956,9.16,2973,cpu,11,86,105.86,0.05,0.0
1192,q_learning,3,1.1974,9.26,2973,cpu,13,94,126.6,0.05,0.0
1193,q_learning,3,1.1998,9.2,2979,cpu,14,126,137.59,0.05,0.0
1194,q_learning,3,1.2017,9.3,2982,cpu,13,97,125.87,0.05,0.0
1195,q_learning,3,1.203,9.44,2982,cpu,8,77,75.92,0.05,0.0
1196,q_learning,3,1.205,9.66,2985,cpu,15,104,145.72,0.05,0.0
1197,q_learning,3,1.207,9.86,2988,cpu,14,101,136.34,0.05,0.0
1198,q_learning,3,1.2094,9.98,2988,cpu,13,132,129.02,0.05,0.0
1199,q_learning,3,1.2096,9.84,2988,cpu,1,8,0.54,0.05,0.0
1200,q_learning,3,1.2121,10.0,2991,cpu,15,136,148.6,0.05,0.0
1201,q_learning,3,1.214,10.22,2991,cpu,15,97,146.29,0.05,0.0
1202,q_learning,3,1.2146,10.18,2991,cpu,4,32,32.03,0.05,0.0
1203,q_learning,3,1.2153,10.22,2991,cpu,6,37,52.7,0.05,0.0
1204,q_learning,3,1.2179,10.36,2991,cpu,14,138,138.27,0.05,0.0
1205,q_learning,3,1.2199,10.36,2994,cpu,13,107,127.17,0.05,0.0
1206,q_learning,3,1.2216,10.52,2997,cpu,12,90,115.73,0.05,0.0
1207,q_learning,3,1.2232,10.62,2997,cpu,14,81,134.14,0.05,0.0
1208,q_learning,3,1.2249,10.5,2997,cpu,10,88,95.93,0.05,0.0
1209,q_learning,3,1.2265,10.6,3000,cpu,10,88,95.33,0.05,0.0
1210,q_learning,3,1.2274,10.64,3000,cpu,4,52,33.43,0.05,0.0
1211,q_learning,3,1.2286,10.52,3000,cpu,11,63,104.39,0.05,0.0
1212,q_learning,3,1.2318,10.56,3009,cpu,18,169,179.7,0.05,0.0
1213,q_learning,3,1.2325,10.36,3009,cpu,5,36,42.3,0.05,0.0
1214,q_learning,3,1.2344,10.56,3009,cpu,14,102,136.03,0.05,0.0
1215,q_learning,3,1.2369,10.76,3015,cpu,17,126,167.72,0.05,0.0
1216,q_learning,3,1.2394,10.7,3015,cpu,14,136,137.89,0.05,0.0
1217,q_learning,3,1.2396,10.7,3015,cpu,1,11,0.81,0.05,0.0
1218,q_learning,3,1.2398,10.44,3015,cpu,1,9,0.63,0.05,0.0
1219,q_learning,3,1.2427,10.54,3027,cpu,18,146,179.43,0.05,0.0
1220,q_learning,3,1.2429,10.34,3027,cpu,2,11,10.72,0.05,0.0
1221,q_learning,3,1.2466,10.6,3030,cpu,17,202,172.36,0.05,0.0
1222,q_learning,3,1.2471,10.34,3030,cpu,2,29,12.14,0.05,0.0
1223,q_learning,3,1.2482,10.34,3030,cpu,8,58,73.81,0.05,0.0
1224,q_learning,3,1.251,10.46,3030,cpu,15,148,149.88,0.05,0.0
1225,q_learning,3,1.2525,10.66,3030,cpu,11,81,105.01,0.05,0.0
1226,q_learning,3,1.2533,10.68,3030,cpu,5,43,42.13,0.05,0.0
1227,q_learning,3,1.2551,10.74,3033,cpu,13,94,126.8,0.05,0.0
1228,q_learning,3,1.2557,10.7,3033,cpu,5,37,41.99,0.05,0.0
1229,q_learning,3,1.2586,10.7,3042,cpu,17,144,168.54,0.05,0.0
1230,q_learning,3,1.2606,10.68,3045,cpu,16,105,157.32,0.05,0.0
1231,q_learning,3,1.2618,10.8,3045,cpu,8,66,74.93,0.05,0.0
1232,q_learning,3,1.2631,10.98,3045,cpu,10,66,94.75,0.05,0.0
1233,q_learning,3,1.2634,10.68,3045,cpu,2,16,10.97,0.05,0.0
1234,q_learning,3,1.2638,10.5,3045,cpu,2,22,11.51,0.05,0.0
1235,q_learning,3,1.2651,10.4,3045,cpu,9,70,84.0,0.05,0.0
1236,q_learning,3,1.2665,10.22,3045,cpu,8,75,75.14,0.05,0.0
1237,q_learning,3,1.2682,10.4,3045,cpu,10,95,96.36,0.05,0.0
1238,q_learning,3,1.2702,10.28,3045,cpu,11,111,107.71,0.05,0.0
1239,q_learning,3,1.273,10.32,3051,cpu,19,145,189.45,0.05,0.0
1240,q_learning,3,1.2756,10.5,3054,cpu,17,121,165.67,0.05,0.0
1241,q_learning,3,1.2775,10.5,3054,cpu,11,107,106.95,0.05,0.0
1242,q_learning,3,1.2798,10.56,3054,cpu,16,121,158.96,0.05,0.0
1243,q_learning,3,1.2799,10.28,3054,cpu,0,7,-9.46,0.05,0.0
1244,q_learning,3,1.2833,10.38,3057,cpu,18,171,178.48,0.05,0.0
1245,q_learning,3,1.2853,10.48,3060,cpu,13,103,126.21,0.05,0.0
1246,q_learning,3,1.2859,10.26,3060,cpu,4,32,32.23,0.05,0.0
1247,q_learning,3,1.287,10.08,3060,cpu,5,57,43.99,0.05,0.0
1248,q_learning,3,1.2884,10.0,3060,cpu,9,75,85.25,0.05,0.0
1249,q_learning,3,1.291,10.28,3060,cpu,15,135,149.71,0.05,0.0
1250,q_learning,3,1.2929,10.22,3060,cpu,12,99,116.74,0.05,0.0
1251,q_learning,3,1.2931,9.98,3060,cpu,3,12,20.72,0.05,0.0
1252,q_learning,3,1.297,10.24,3063,cpu,17,203,170.25,0.05,0.0
1253,q_learning,3,1.2994,10.44,3063,cpu,16,120,158.07,0.05,0.0
1254,q_learning,3,1.301,10.34,3063,cpu,9,88,86.22,0.05,0.0
1255,q_learning,3,1.3019,10.18,3066,cpu,5,45,42.71,0.05,0.0
1256,q_learning,3,1.3034,10.14,3066,cpu,10,80,95.21,0.05,0.0
1257,q_learning,3,1.3047,10.04,3066,cpu,9,71,85.49,0.05,0.0
1258,q_learning,3,1.3071,10.2,3066,cpu,18,118,178.91,0.05,0.0
1259,q_learning,3,1.3075,10.06,3066,cpu,3,21,21.53,0.05,0.0
1260,q_learning,3,1.3093,10.22,3066,cpu,12,94,116.09,0.05,0.0
1261,q_learning,3,1.3097,10.06,3066,cpu,3,19,21.35,0.05,0.0
1262,q_learning,3,1.3113,9.94,3066,cpu,12,88,115.95,0.05,0.0
1263,q_learning,3,1.3143,10.2,3081,cpu,18,149,178.7,0.05,0.0
1264,q_learning,3,1.3169,10.24,3081,cpu,16,133,159.44,0.05,0.0
1265,q_learning,3,1.3186,10.14,3081,cpu,12,91,115.62,0.05,0.0
1266,q_learning,3,1.3194,9.98,3084,cpu,6,40,52.57,0.05,0.0
1267,q_learning,3,1.3216,10.24,3087,cpu,14,115,136.0,0.05,0.0
1268,q_learning,3,1.3234,10.44,3087,cpu,11,96,106.56,0.05,0.0
1269,q_learning,3,1.3264,10.38,3087,cpu,15,153,150.13,0.05,0.0
1270,q_learning,3,1.3289,10.62,3087,cpu,14,135,138.8,0.05,0.0
1271,q_learning,3,1.3316,10.6,3087,cpu,16,137,159.8,0.05,0.0
1272,q_learning,3,1.3334,10.8,3087,cpu,12,92,115.71,0.05,0.0
1273,q_learning,3,1.3346,10.86,3090,cpu,11,63,104.19,0.05,0.0
1274,q_learning,3,1.3348,10.58,3090,cpu,1,10,0.52,0.05,0.0
1275,q_learning,3,1.3355,10.5,3090,cpu,7,35,62.43,0.05,0.0
1276,q_learning,3,1.3378,10.74,3093,cpu,17,117,167.51,0.05,0.0
1277,q_learning,3,1.3385,10.62,3093,cpu,7,41,62.37,0.05,0.0
1278,q_learning,3,1.3415,10.86,3099,cpu,17,150,170.88,0.05,0.0
1279,q_learning,3,1.3431,10.72,3099,cpu,10,89,94.42,0.05,0.0
1280,q_learning,3,1.3452,10.64,3099,cpu,12,108,115.95,0.05,0.0
1281,q_learning,3,1.3464,10.66,3102,cpu,9,66,84.44,0.05,0.0
1282,q_learning,3,1.3481,10.66,3102,cpu,10,93,96.98,0.05,0.0
1283,q_learning,3,1.3497,10.84,3102,cpu,11,79,105.03,0.05,0.0
1284,q_learning,3,1.3504,10.88,3102,cpu,4,40,32.55,0.05,0.0
1285,q_learning,3,1.3526,11.02,3102,cpu,16,112,158.15,0.05,0.0
1286,q_learning,3,1.353,10.9,3102,cpu,2,22,11.11,0.05,0.0
1287,q_learning,3,1.3534,10.78,3102,cpu,4,25,31.6,0.05,0.0
1288,q_learning,3,1.3561,10.92,3111,cpu,18,135,178.04,0.05,0.0
1289,q_learning,3,1.3569,10.64,3111,cpu,5,46,42.4,0.05,0.0
1290,q_learning,3,1.3592,10.64,3114,cpu,17,115,167.33,0.05,0.0
1291,q_learning,3,1.3605,10.58,3114,cpu,8,69,73.4,0.05,0.0
1292,q_learning,3,1.3612,10.34,3114,cpu,4,39,32.46,0.05,0.0
1293,q_learning,3,1.363,10.62,3114,cpu,14,95,136.8,0.05,0.0
1294,q_learning,3,1.3636,10.32,3114,cpu,3,32,21.92,0.05,0.0
1295,q_learning,3,1.3641,10.12,3114,cpu,3,27,21.87,0.05,0.0
1296,q_learning,3,1.3668,10.38,3114,cpu,17,140,170.38,0.05,0.0
1297,q_learning,3,1.3696,10.56,3117,cpu,14,145,137.7,0.05,0.0
1298,q_learning,3,1.3724,10.72,3120,cpu,17,148,168.7,0.05,0.0
1299,q_learning,3,1.3743,10.64,3120,cpu,11,100,106.32,0.05,0.0
1300,q_learning,3,1.3773,10.76,3123,cpu,18,153,180.06,0.05,0.0
1301,q_learning,3,1.3792,10.98,3123,cpu,14,105,137.1,0.05,0.0
1302,q_learning,3,1.3815,10.96,3126,cpu,16,120,157.87,0.05,0.0
1303,q_learning,3,1.3828,10.86,3126,cpu,11,61,103.21,0.05,0.0
1304,q_learning,3,1.3848,10.98,3126,cpu,15,104,145.92,0.05,0.0
1305,q_learning,3,1.3853,10.94,3126,cpu,3,27,21.67,0.05,0.0
1306,q_learning,3,1.3871,11.02,3126,cpu,14,95,135.6,0.05,0.0
1307,q_learning,3,1.3897,11.18,3129,cpu,17,136,170.02,0.05,0.0
1308,q_learning,3,1.3907,10.98,3132,cpu,8,52,72.87,0.05,0.0
1309,q_learning,3,1.3928,11.18,3132,cpu,13,113,127.31,0.05,0.0
1310,q_learning,3,1.3943,11.12,3132,cpu,9,82,86.08,0.05,0.0
1311,q_learning,3,1.3947,11.12,3132,cpu,3,22,21.42,0.05,0.0
1312,q_learning,3,1.3972,11.22,3135,cpu,17,129,168.79,0.05,0.0
1313,q_learning,3,1.3981,11.04,3135,cpu,9,50,82.6,0.05,0.0
1314,q_learning,3,1.3994,10.9,3135,cpu,9,69,83.91,0.05,0.0
1315,q_learning,3,1.3996,10.66,3135,cpu,0,6,-9.75,0.05,0.0
1316,q_learning,3,1.4002,10.66,3135,cpu,6,38,52.79,0.05,0.0
1317,q_learning,3,1.4022,10.66,3135,cpu,14,105,136.9,0.05,0.0
1318,q_learning,3,1.4027,10.5,3135,cpu,3,24,21.8,0.05,0.0
1319,q_learning,3,1.4036,10.34,3135,cpu,7,49,63.29,0.05,0.0
1320,q_learning,3,1.4057,10.3,3138,cpu,12,117,116.76,0.05,0.0
1321,q_learning,3,1.4075,10.24,3138,cpu,13,93,126.11,0.05,0.0
1322,q_learning,3,1.4088,10.14,3138,cpu,7,74,65.54,0.05,0.0
1323,q_learning,3,1.4108,10.18,3141,cpu,13,107,125.77,0.05,0.0
1324,q_learning,3,1.4124,10.38,3141,cpu,11,87,106.55,0.05,0.0
1325,q_learning,3,1.415,10.56,3144,cpu,16,137,157.8,0.05,0.0
1326,q_learning,3,1.4172,10.5,3144,cpu,14,111,137.44,0.05,0.0
1327,q_learning,3,1.4185,10.54,3144,cpu,9,70,84.4,0.05,0.0
1328,q_learning,3,1.4197,10.34,3147,cpu,7,67,62.91,0.05,0.0
1329,q_learning,3,1.4225,10.48,3156,cpu,17,149,168.99,0.05,0.0
1330,q_learning,3,1.423,10.32,3159,cpu,4,27,31.78,0.05,0.0
1331,q_learning,3,1.4257,10.48,3168,cpu,17,137,169.31,0.05,0.0
1332,q_learning,3,1.4282,10.56,3171,cpu,14,130,137.75,0.05,0.0
1333,q_learning,3,1.429,10.46,3171,cpu,6,44,52.93,0.05,0.0
1334,q_learning,3,1.4293,10.4,3171,cpu,1,19,-0.27,0.05,0.0
1335,q_learning,3,1.4306,10.26,3171,cpu,9,73,84.27,0.05,0.0
1336,q_learning,3,1.4315,10.32,3171,cpu,5,45,43.31,0.05,0.0
1337,q_learning,3,1.4326,10.38,3171,cpu,7,60,64.08,0.05,0.0
1338,q_learning,3,1.4332,10.1,3171,cpu,4,36,32.19,0.05,0.0
1339,q_learning,3,1.4357,10.34,3177,cpu,17,128,167.5,0.05,0.0
1340,q_learning,3,1.4368,10.18,3177,cpu,9,56,83.54,0.05,0.0
1341,q_learning,3,1.4387,10.26,3177,cpu,12,102,117.21,0.05,0.0
1342,q_learning,3,1.441,10.44,3180,cpu,13,121,126.43,0.05,0.0
1343,q_learning,3,1.4427,10.4,3180,cpu,12,93,115.8,0.05,0.0
1344,q_learning,3,1.4441,10.56,3183,cpu,11,77,104.05,0.05,0.0
1345,q_learning,3,1.4455,10.64,3183,cpu,7,74,65.34,0.05,0.0
1346,q_learning,3,1.4482,10.72,3192,cpu,21,137,209.75,0.05,0.0
1347,q_learning,3,1.4498,10.64,3192,cpu,10,83,95.28,0.05,0.0
1348,q_learning,3,1.4511,10.46,3192,cpu,8,71,75.18,0.05,0.0
1349,q_learning,3,1.4512,10.26,3192,cpu,1,10,0.72,0.05,0.0
1350,q_learning,3,1.4536,10.24,3201,cpu,17,125,169.23,0.05,0.0
1351,q_learning,3,1.4543,10.1,3204,cpu,7,33,62.05,0.05,0.0
1352,q_learning,3,1.4556,9.96,3204,cpu,9,69,84.51,0.05,0.0
1353,q_learning,3,1.4561,9.82,3204,cpu,4,25,31.8,0.05,0.0
1354,q_learning,3,1.4564,9.58,3204,cpu,3,16,20.88,0.05,0.0
1355,q_learning,3,1.4578,9.74,3204,cpu,11,72,103.8,0.05,0.0
1356,q_learning,3,1.459,9.66,3204,cpu,10,64,94.17,0.05,0.0
1357,q_learning,3,1.4598,9.46,3207,cpu,7,43,62.55,0.05,0.0
1358,q_learning,3,1.461,9.48,3207,cpu,9,59,84.01,0.05,0.0
1359,q_learning,3,1.4623,9.38,3207,cpu,8,72,72.67,0.05,0.0
1360,q_learning,3,1.4641,9.44,3207,cpu,12,101,114.92,0.05,0.0
1361,q_learning,3,1.4659,9.6,3207,cpu,11,93,106.89,0.05,0.0
1362,q_learning,3,1.4682,9.56,3207,cpu,15,118,147.18,0.05,0.0
1363,q_learning,3,1.4693,9.58,3207,cpu,10,58,93.63,0.05,0.0
1364,q_learning,3,1.4698,9.44,3207,cpu,2,28,11.45,0.05,0.0
1365,q_learning,3,1.4699,9.46,3207,cpu,1,5,0.27,0.05,0.0
1366,q_learning,3,1.4721,9.6,3207,cpu,13,116,128.18,0.05,0.0
1367,q_learning,3,1.4747,9.64,3207,cpu,16,132,158.95,0.05,0.0
1368,q_learning,3,1.4756,9.72,3207,cpu,7,49,63.09,0.05,0.0
1369,q_learning,3,1.4766,9.74,3207,cpu,8,57,74.12,0.05,0.0
1370,q_learning,3,1.477,9.54,3207,cpu,2,23,11.2,0.05,0.0
1371,q_learning,3,1.4804,9.66,3222,cpu,19,178,188.82,0.05,0.0
1372,q_learning,3,1.481,9.6,3222,cpu,4,31,31.94,0.05,0.0
1373,q_learning,3,1.4812,9.38,3225,cpu,2,12,10.61,0.05,0.0
1374,q_learning,3,1.4824,9.3,3225,cpu,7,63,63.75,0.05,0.0
1375,q_learning,3,1.4833,9.12,3225,cpu,7,51,63.27,0.05,0.0
1376,q_learning,3,1.4848,9.12,3225,cpu,14,73,134.22,0.05,0.0
1377,q_learning,3,1.4866,9.16,3225,cpu,11,96,106.96,0.05,0.0
1378,q_learning,3,1.4892,9.36,3225,cpu,17,138,168.6,0.05,0.0
1379,q_learning,3,1.4905,9.18,3225,cpu,8,69,75.4,0.05,0.0
1380,q_learning,3,1.4919,9.3,3225,cpu,10,73,95.38,0.05,0.0
1381,q_learning,3,1.4937,9.18,3225,cpu,11,96,103.96,0.05,0.0
1382,q_learning,3,1.4938,8.92,3225,cpu,1,7,0.45,0.05,0.0
1383,q_learning,3,1.4952,8.96,3225,cpu,8,80,75.59,0.05,0.0
1384,q_learning,3,1.4961,9.02,3225,cpu,4,48,33.67,0.05,0.0
1385,q_learning,3,1.4975,9.04,3225,cpu,10,79,94.52,0.05,0.0
1386,q_learning,3,1.4998,9.2,3225,cpu,13,121,128.23,0.05,0.0
1387,q_learning,3,1.5009,9.18,3225,cpu,6,60,54.17,0.05,0.0
1388,q_learning,3,1.502,9.24,3225,cpu,7,60,63.68,0.05,0.0
1389,q_learning,3,1.5046,9.24,3225,cpu,17,138,169.8,0.05,0.0
1390,q_learning,3,1.5073,9.4,3237,cpu,17,142,169.36,0.05,0.0
1391,q_learning,3,1.5079,9.22,3237,cpu,3,32,21.52,0.05,0.0
1392,q_learning,3,1.5091,9.06,3237,cpu,5,64,43.42,0.05,0.0
1393,q_learning,3,1.5098,8.92,3237,cpu,5,40,42.46,0.05,0.0
1394,q_learning,3,1.5111,8.9,3240,cpu,10,71,95.2,0.05,0.0
1395,q_learning,3,1.5115,8.82,3240,cpu,3,21,21.33,0.05,0.0
1396,q_learning,3,1.513,8.58,3240,cpu,9,81,86.19,0.05,0.0
1397,q_learning,3,1.5153,8.68,3240,cpu,15,119,148.07,0.05,0.0
1398,q_learning,3,1.516,8.66,3240,cpu,7,34,62.14,0.05,0.0
1399,q_learning,3,1.517,8.78,3240,cpu,7,54,63.54,0.05,0.0
1400,q_learning,3,1.5192,8.72,3240,cpu,14,117,136.38,0.05,0.0
1401,q_learning,3,1.5197,8.62,3240,cpu,2,31,12.12,0.05,0.0
1402,q_learning,3,1.521,8.62,3240,cpu,9,71,84.49,0.05,0.0
1403,q_learning,3,1.5228,8.8,3240,cpu,13,89,126.55,0.05,0.0
1404,q_learning,3,1.5247,8.98,3240,cpu,12,102,115.61,0.05,0.0
1405,q_learning,3,1.5272,9.12,3249,cpu,18,126,178.23,0.05,0.0
1406,q_learning,3,1.5274,8.94,3249,cpu,1,14,0.68,0.05,0.0
1407,q_learning,3,1.5293,9.06,3249,cpu,13,99,126.25,0.05,0.0
1408,q_learning,3,1.5317,9.2,3249,cpu,16,130,158.57,0.05,0.0
1409,q_learning,3,1.5322,9.1,3249,cpu,3,26,21.78,0.05,0.0
1410,q_learning,3,1.5345,9.2,3249,cpu,17,116,167.82,0.05,0.0
1411,q_learning,3,1.5353,9.08,3249,cpu,5,45,42.91,0.05,0.0
1412,q_learning,3,1.5356,8.82,3249,cpu,2,14,10.99,0.05,0.0
1413,q_learning,3,1.5385,8.96,3258,cpu,17,155,169.13,0.05,0.0
1414,q_learning,3,1.5398,9.1,3258,cpu,9,71,84.49,0.05,0.0
1415,q_learning,3,1.5399,9.08,3258,cpu,0,6,-9.75,0.05,0.0
1416,q_learning,3,1.5414,9.06,3258,cpu,12,73,115.0,0.05,0.0
1417,q_learning,3,1.5431,9.0,3258,cpu,13,87,124.77,0.05,0.0
1418,q_learning,3,1.544,9.0,3258,cpu,7,53,62.25,0.05,0.0
1419,q_learning,3,1.5455,9.02,3258,cpu,9,80,85.1,0.05,0.0
1420,q_learning,3,1.5467,9.06,3258,cpu,4,69,34.16,0.05,0.0
1421,q_learning,3,1.5475,8.8,3258,cpu,6,45,52.62,0.05,0.0
1422,q_learning,3,1.5503,9.12,3264,cpu,20,137,199.24,0.05,0.0
1423,q_learning,3,1.5516,9.28,3264,cpu,10,71,94.6,0.05,0.0
1424,q_learning,3,1.5535,9.38,3264,cpu,12,100,116.83,0.05,0.0
1425,q_learning,3,1.5559,9.56,3264,cpu,16,125,158.12,0.05,0.0
1426,q_learning,3,1.5582,9.56,3267,cpu,14,123,138.92,0.05,0.0
1427,q_learning,3,1.5615,9.76,3279,cpu,21,164,210.18,0.05,0.0
1428,q_learning,3,1.5638,9.74,3282,cpu,16,123,159.14,0.05,0.0
1429,q_learning,3,1.5652,9.78,3282,cpu,10,74,94.67,0.05,0.0
1430,q_learning,3,1.5657,9.68,3282,cpu,5,25,41.31,0.05,0.0
1431,q_learning,3,1.5673,9.66,3282,cpu,10,84,95.77,0.05,0.0
1432,q_learning,3,1.5682,9.74,3282,cpu,5,54,43.92,0.05,0.0
1433,q_learning,3,1.5698,9.8,3282,cpu,11,82,105.1,0.05,0.0
1434,q_learning,3,1.5703,9.86,3285,cpu,7,30,61.78,0.05,0.0
1435,q_learning,3,1.5723,9.94,3285,cpu,14,103,136.92,0.05,0.0
1436,q_learning,3,1.5738,9.88,3285,cpu,10,83,95.68,0.05,0.0
1437,q_learning,3,1.575,9.92,3285,cpu,8,62,74.17,0.05,0.0
1438,q_learning,3,1.5759,9.9,3285,cpu,6,52,53.85,0.05,0.0
1439,q_learning,3,1.5775,9.8,3285,cpu,12,84,114.39,0.05,0.0
1440,q_learning,3,1.5786,9.6,3285,cpu,7,61,64.17,0.05,0.0
1441,q_learning,3,1.5799,9.74,3285,cpu,10,72,94.09,0.05,0.0
1442,q_learning,3,1.5803,9.68,3285,cpu,2,21,11.22,0.05,0.0
1443,q_learning,3,1.5815,9.74,3285,cpu,8,66,74.93,0.05,0.0
1444,q_learning,3,1.5843,9.9,3291,cpu,18,142,179.47,0.05,0.0
1445,q_learning,3,1.5847,9.92,3291,cpu,4,25,31.2,0.05,0.0
1446,q_learning,3,1.586,9.9,3291,cpu,8,69,75.0,0.05,0.0
1447,q_learning,3,1.5866,9.68,3291,cpu,4,36,31.99,0.05,0.0
1448,q_learning,3,1.5872,9.6,3291,cpu,3,29,21.85,0.05,0.0
1449,q_learning,3,1.5885,9.64,3291,cpu,9,71,84.69,0.05,0.0
1450,q_learning,3,1.5898,9.56,3294,cpu,10,71,95.0,0.05,0.0
1451,q_learning,3,1.5914,9.74,3294,cpu,11,85,105.37,0.05,0.0
1452,q_learning,3,1.5918,9.6,3294,cpu,2,21,11.22,0.05,0.0
1453,q_learning,3,1.5944,9.68,3294,cpu,17,139,170.69,0.05,0.0
1454,q_learning,3,1.5958,9.6,3294,cpu,8,78,75.81,0.05,0.0
1455,q_learning,3,1.5976,9.52,3294,cpu,14,95,135.8,0.05,0.0
1456,q_learning,3,1.598,9.56,3294,cpu,3,19,21.35,0.05,0.0
1457,q_learning,3,1.5999,9.5,3294,cpu,10,102,96.19,0.05,0.0
1458,q_learning,3,1.6019,9.48,3297,cpu,15,106,147.5,0.05,0.0
1459,q_learning,3,1.6035,9.64,3300,cpu,11,90,107.02,0.05,0.0
1460,q_learning,3,1.6062,9.66,3300,cpu,18,141,179.98,0.05,0.0
1461,q_learning,3,1.6081,9.78,3300,cpu,11,96,105.76,0.05,0.0
1462,q_learning,3,1.609,9.84,3300,cpu,5,51,44.05,0.05,0.0
1463,q_learning,3,1.6102,9.68,3300,cpu,9,67,84.33,0.05,0.0
1464,q_learning,3,1.6119,9.78,3303,cpu,14,91,136.04,0.05,0.0
1465,q_learning,3,1.6145,10.12,3306,cpu,17,133,168.75,0.05,0.0
1466,q_learning,3,1.6157,10.04,3306,cpu,8,64,74.95,0.05,0.0
1467,q_learning,3,1.6179,10.04,3306,cpu,13,119,128.45,0.05,0.0
1468,q_learning,3,1.6196,10.18,3306,cpu,14,91,136.24,0.05,0.0
1469,q_learning,3,1.6208,10.16,3309,cpu,8,65,74.44,0.05,0.0
1470,q_learning,3,1.622,10.28,3312,cpu,10,66,94.35,0.05,0.0
1471,q_learning,3,1.6232,10.32,3312,cpu,8,65,72.64,0.05,0.0
1472,q_learning,3,1.6259,10.22,3312,cpu,15,139,150.27,0.05,0.0
1473,q_learning,3,1.6261,10.04,3312,cpu,1,11,0.61,0.05,0.0
1474,q_learning,3,1.6277,10.02,3312,cpu,11,90,105.62,0.05,0.0
1475,q_learning,3,1.6291,9.9,3315,cpu,10,76,95.45,0.05,0.0
1476,q_learning,3,1.631,9.86,3315,cpu,12,98,116.85,0.05,0.0
1477,q_learning,3,1.6318,9.54,3315,cpu,5,48,43.18,0.05,0.0
1478,q_learning,3,1.6337,9.5,3315,cpu,14,94,136.71,0.05,0.0
1479,q_learning,3,1.6348,9.48,3315,cpu,9,60,84.3,0.05,0.0
1480,q_learning,3,1.6353,9.46,3315,cpu,4,27,31.18,0.05,0.0
1481,q_learning,3,1.6356,9.3,3315,cpu,2,16,11.17,0.05,0.0
1482,q_learning,3,1.6377,9.46,3318,cpu,13,112,128.02,0.05,0.0
1483,q_learning,3,1.6381,9.34,3318,cpu,5,26,41.8,0.05,0.0
1484,q_learning,3,1.6404,9.54,3321,cpu,17,115,168.53,0.05,0.0
1485,q_learning,3,1.6426,9.58,3321,cpu,16,111,157.06,0.05,0.0
1486,q_learning,3,1.6446,9.68,3321,cpu,15,102,146.94,0.05,0.0
1487,q_learning,3,1.6451,9.58,3321,cpu,3,32,22.12,0.05,0.0
1488,q_learning,3,1.6467,9.76,3321,cpu,15,81,145.65,0.05,0.0
1489,q_learning,3,1.6487,9.78,3321,cpu,13,108,127.66,0.05,0.0
1490,q_learning,3,1.6488,9.66,3321,cpu,1,6,0.36,0.05,0.0
1491,q_learning,3,1.6514,9.78,3324,cpu,16,132,158.15,0.05,0.0
1492,q_learning,3,1.6518,9.84,3324,cpu,5,20,41.26,0.05,0.0
1493,q_learning,3,1.6525,9.84,3327,cpu,8,37,72.32,0.05,0.0
1494,q_learning,3,1.6539,9.7,3327,cpu,11,74,105.58,0.05,0.0
1495,q_learning,3,1.6541,9.66,3327,cpu,2,13,10.9,0.05,0.0
1496,q_learning,3,1.6563,9.78,3330,cpu,14,116,138.69,0.05,0.0
1497,q_learning,3,1.6591,10.04,3330,cpu,17,145,169.03,0.05,0.0
1498,q_learning,3,1.6617,10.32,3330,cpu,17,137,169.51,0.05,0.0
1499,q_learning,3,1.6628,10.3,3330,cpu,8,63,74.66,0.05,0.0
1500,q_learning,3,1.6638,10.2,3330,cpu,5,59,44.57,0.05,0.0
1501,q_learning,3,1.6663,10.32,3330,cpu,17,124,167.74,0.05,0.0
1502,q_learning,3,1.6665,10.32,3330,cpu,2,9,10.54,0.05,0.0
1503,q_learning,3,1.6688,10.22,3330,cpu,12,127,116.66,0.05,0.0
1504,q_learning,3,1.6713,10.42,3333,cpu,18,131,178.08,0.05,0.0
1505,q_learning,3,1.6723,10.32,3333,cpu,9,54,83.36,0.05,0.0
1506,q_learning,3,1.6735,10.44,3333,cpu,9,60,82.9,0.05,0.0
1507,q_learning,3,1.6743,10.36,3333,cpu,6,43,52.84,0.05,0.0
1508,q_learning,3,1.6766,10.36,3333,cpu,15,118,147.58,0.05,0.0
1509,q_learning,3,1.6793,10.44,3333,cpu,15,148,148.88,0.05,0.0
1510,q_learning,3,1.6811,10.32,3333,cpu,12,94,115.69,0.05,0.0
1511,q_learning,3,1.6836,10.44,3333,cpu,17,131,167.97,0.05,0.0
1512,q_learning,3,1.6871,10.72,3336,cpu,19,184,192.56,0.05,0.0
1513,q_learning,3,1.6887,10.74,3336,cpu,10,93,95.98,0.05,0.0
1514,q_learning,3,1.6916,10.8,3339,cpu,17,145,168.43,0.05,0.0
1515,q_learning,3,1.6934,10.68,3339,cpu,11,100,106.32,0.05,0.0
1516,q_learning,3,1.6939,10.6,3339,cpu,4,26,31.69,0.05,0.0
1517,q_learning,3,1.6944,10.4,3339,cpu,3,24,20.6,0.05,0.0
1518,q_learning,3,1.6951,10.24,3339,cpu,6,41,52.66,0.05,0.0
1519,q_learning,3,1.6961,10.22,3339,cpu,7,54,63.54,0.05,0.0
1520,q_learning,3,1.6971,10.14,3339,cpu,6,57,53.1,0.05,0.0
1521,q_learning,3,1.6985,10.18,3339,cpu,10,72,94.69,0.05,0.0
1522,q_learning,3,1.699,9.92,3339,cpu,2,29,11.74,0.05,0.0
1523,q_learning,3,1.7009,10.12,3339,cpu,11,102,107.3,0.05,0.0
1524,q_learning,3,1.7012,9.94,3339,cpu,2,15,10.88,0.05,0.0
1525,q_learning,3,1.7029,9.94,3339,cpu,10,94,96.67,0.05,0.0
1526,q_learning,3,1.7052,10.06,3345,cpu,18,119,178.0,0.05,0.0
1527,q_learning,3,1.7071,10.22,3345,cpu,13,100,126.74,0.05,0.0
1528,q_learning,3,1.7098,10.3,3345,cpu,18,141,179.38,0.05,0.0
1529,q_learning,3,1.7105,10.24,3345,cpu,6,36,51.61,0.05,0.0
1530,q_learning,3,1.7117,10.34,3348,cpu,9,65,84.15,0.05,0.0
1531,q_learning,3,1.7145,10.64,3351,cpu,17,150,168.88,0.05,0.0
1532,q_learning,3,1.7171,10.7,3351,cpu,16,127,158.3,0.05,0.0
1533,q_learning,3,1.7188,10.84,3351,cpu,12,93,115.0,0.05,0.0
1534,q_learning,3,1.7197,10.62,3351,cpu,6,50,52.47,0.05,0.0
1535,q_learning,3,1.7214,10.62,3351,cpu,16,86,155.61,0.05,0.0
1536,q_learning,3,1.7227,10.48,3351,cpu,8,65,74.04,0.05,0.0
1537,q_learning,3,1.7234,10.52,3351,cpu,5,42,43.04,0.05,0.0
1538,q_learning,3,1.7249,10.38,3351,cpu,8,78,75.01,0.05,0.0
1539,q_learning,3,1.727,10.38,3351,cpu,13,110,126.24,0.05,0.0
1540,q_learning,3,1.7281,10.52,3351,cpu,8,60,74.19,0.05,0.0
1541,q_learning,3,1.7303,10.52,3354,cpu,16,114,156.73,0.05,0.0
1542,q_learning,3,1.7325,10.7,3354,cpu,14,112,136.33,0.05,0.0
1543,q_learning,3,1.7329,10.58,3354,cpu,2,18,11.35,0.05,0.0
1544,q_learning,3,1.7348,10.6,3354,cpu,12,102,117.21,0.05,0.0
1545,q_learning,3,1.7364,10.76,3354,cpu,10,85,95.86,0.05,0.0
1546,q_learning,3,1.7373,10.6,3354,cpu,6,50,53.27,0.05,0.0
1547,q_learning,3,1.7374,10.26,3354,cpu,0,6,-9.55,0.05,0.0
1548,q_learning,3,1.7409,10.26,3357,cpu,17,182,172.56,0.05,0.0
1549,q_learning,3,1.7419,10.24,3357,cpu,7,53,62.85,0.05,0.0
1550,q_learning,3,1.7431,10.32,3360,cpu,9,62,84.28,0.05,0.0
1551,q_learning,3,1.7461,10.28,3360,cpu,15,161,149.85,0.05,0.0
1552,q_learning,3,1.7485,10.58,3363,cpu,17,125,168.23,0.05,0.0
1553,q_learning,3,1.752,10.68,3363,cpu,17,181,169.87,0.05,0.0
1554,q_learning,3,1.7546,10.66,3363,cpu,17,138,169.4,0.05,0.0
1555,q_learning,3,1.7548,10.5,3363,cpu,1,11,0.81,0.05,0.0
1556,q_learning,3,1.7564,10.58,3363,cpu,13,80,125.34,0.05,0.0
1557,q_learning,3,1.7572,10.56,3363,cpu,5,43,42.93,0.05,0.0
1558,q_learning,3,1.7583,10.36,3363,cpu,5,58,44.28,0.05,0.0
1559,q_learning,3,1.759,10.16,3363,cpu,5,37,42.79,0.05,0.0
1560,q_learning,3,1.7591,9.92,3363,cpu,0,8,-9.37,0.05,0.0
1561,q_learning,3,1.7626,10.0,3372,cpu,21,181,211.11,0.05,0.0
1562,q_learning,3,1.7649,9.96,3375,cpu,17,112,167.86,0.05,0.0
1563,q_learning,3,1.7676,10.1,3375,cpu,17,140,169.78,0.05,0.0
1564,q_learning,3,1.7678,9.8,3375,cpu,2,13,10.7,0.05,0.0
1565,q_learning,3,1.7701,9.9,3378,cpu,16,118,158.29,0.05,0.0
1566,q_learning,3,1.7714,10.0,3378,cpu,9,71,84.69,0.05,0.0
1567,q_learning,3,1.7731,10.16,3378,cpu,11,92,105.6,0.05,0.0
1568,q_learning,3,1.7738,10.14,3381,cpu,5,36,42.3,0.05,0.0
1569,q_learning,3,1.7766,10.34,3381,cpu,17,138,170.2,0.05,0.0
1570,q_learning,3,1.7775,10.36,3384,cpu,7,49,63.49,0.05,0.0
1571,q_learning,3,1.7789,10.36,3387,cpu,10,76,95.65,0.05,0.0
1572,q_learning,3,1.7806,10.52,3387,cpu,10,94,97.27,0.05,0.0
1573,q_learning,3,1.7814,10.4,3387,cpu,5,41,41.95,0.05,0.0
1574,q_learning,3,1.7835,10.7,3387,cpu,17,99,165.69,0.05,0.0
1575,q_learning,3,1.7838,10.52,3387,cpu,1,16,1.06,0.05,0.0
1576,q_learning,3,1.7863,10.44,3387,cpu,14,139,138.96,0.05,0.0
1577,q_learning,3,1.7892,10.54,3390,cpu,18,147,180.92,0.05,0.0
1578,q_learning,3,1.7911,10.4,3390,cpu,11,103,106.39,0.05,0.0
1579,q_learning,3,1.7928,10.48,3393,cpu,10,93,94.78,0.05,0.0
1580,q_learning,3,1.7948,10.56,3393,cpu,13,104,126.9,0.05,0.0
1581,q_learning,3,1.7971,10.48,3393,cpu,13,128,127.86,0.05,0.0
1582,q_learning,3,1.8,10.58,3405,cpu,21,139,208.53,0.05,0.0
1583,q_learning,3,1.8011,10.56,3405,cpu,11,57,103.65,0.05,0.0
1584,q_learning,3,1.803,10.7,3405,cpu,13,101,126.23,0.05,0.0
1585,q_learning,3,1.8043,10.52,3405,cpu,7,74,64.54,0.05,0.0
1586,q_learning,3,1.8066,10.64,3405,cpu,14,120,137.85,0.05,0.0
1587,q_learning,3,1.8089,10.8,3408,cpu,13,122,127.52,0.05,0.0
1588,q_learning,3,1.8101,10.74,3408,cpu,5,66,43.4,0.05,0.0
1589,q_learning,3,1.8124,10.78,3408,cpu,15,125,148.21,0.05,0.0
1590,q_learning,3,1.8131,10.72,3408,cpu,5,37,42.59,0.05,0.0
1591,q_learning,3,1.8165,10.82,3423,cpu,21,173,211.19,0.05,0.0
1592,q_learning,3,1.8191,10.92,3423,cpu,19,134,188.86,0.05,0.0
1593,q_learning,3,1.8203,11.08,3423,cpu,10,62,94.39,0.05,0.0
1594,q_learning,3,1.8219,11.06,3423,cpu,11,88,106.24,0.05,0.0
1595,q_learning,3,1.8234,11.04,3423,cpu,9,76,83.74,0.05,0.0
1596,q_learning,3,1.8249,11.12,3423,cpu,10,82,95.39,0.05,0.0
1597,q_learning,3,1.8277,11.46,3423,cpu,17,147,170.41,0.05,0.0
1598,q_learning,3,1.8293,11.34,3423,cpu,11,82,106.1,0.05,0.0
1599,q_learning,3,1.8308,11.4,3423,cpu,10,85,95.86,0.05,0.0
1600,q_learning,3,1.8325,11.46,3423,cpu,12,87,115.06,0.05,0.0
1601,q_learning,3,1.8332,11.24,3426,cpu,4,38,32.17,0.05,0.0
1602,q_learning,3,1.8357,11.22,3426,cpu,16,131,158.86,0.05,0.0
1603,q_learning,3,1.8359,10.92,3426,cpu,2,14,10.99,0.05,0.0
1604,q_learning,3,1.8371,10.78,3426,cpu,10,64,94.37,0.05,0.0
1605,q_learning,3,1.839,10.98,3429,cpu,11,103,106.99,0.05,0.0
1606,q_learning,3,1.8412,11.0,3429,cpu,14,113,136.62,0.05,0.0
1607,q_learning,3,1.8438,11.16,3429,cpu,13,142,129.72,0.05,0.0
1608,q_learning,3,1.8454,11.34,3429,cpu,14,84,135.81,0.05,0.0
1609,q_learning,3,1.8477,11.58,3432,cpu,17,123,168.05,0.05,0.0
1610,q_learning,3,1.85,11.94,3438,cpu,18,113,177.66,0.05,0.0
1611,q_learning,3,1.8501,11.52,3438,cpu,0,7,-9.46,0.05,0.0
1612,q_learning,3,1.8519,11.46,3438,cpu,14,92,136.13,0.05,0.0
1613,q_learning,3,1.8541,11.4,3438,cpu,14,118,136.87,0.05,0.0
1614,q_learning,3,1.8565,11.6,3441,cpu,12,133,114.6,0.05,0.0
1615,q_learning,3,1.8582,11.46,3441,cpu,9,95,86.85,0.05,0.0
1616,q_learning,3,1.8598,11.5,3441,cpu,11,85,105.37,0.05,0.0
1617,q_learning,3,1.861,11.44,3441,cpu,8,69,75.0,0.05,0.0
1618,q_learning,3,1.863,11.62,3441,cpu,14,106,137.39,0.05,0.0
1619,q_learning,3,1.8648,11.6,3441,cpu,16,90,155.77,0.05,0.0
1620,q_learning,3,1.8664,11.68,3441,cpu,11,82,106.3,0.05,0.0
1621,q_learning,3,1.8678,11.66,3441,cpu,9,77,85.63,0.05,0.0
1622,q_learning,3,1.8704,11.8,3447,cpu,17,131,166.77,0.05,0.0
1623,q_learning,3,1.8723,11.94,3450,cpu,12,101,116.72,0.05,0.0
1624,q_learning,3,1.876,12.0,3453,cpu,20,189,203.72,0.05,0.0
1625,q_learning,3,1.8775,12.2,3453,cpu,11,78,105.54,0.05,0.0
1626,q_learning,3,1.8798,12.22,3453,cpu,15,125,149.01,0.05,0.0
1627,q_learning,3,1.8822,12.1,3453,cpu,12,132,117.71,0.05,0.0
1628,q_learning,3,1.8839,12.14,3453,cpu,13,84,124.9,0.05,0.0
1629,q_learning,3,1.8865,12.28,3456,cpu,17,137,169.51,0.05,0.0
1630,q_learning,3,1.8872,12.14,3456,cpu,6,34,51.63,0.05,0.0
1631,q_learning,3,1.888,11.96,3456,cpu,4,45,33.0,0.05,0.0
1632,q_learning,3,1.8896,11.72,3459,cpu,9,90,83.2,0.05,0.0
1633,q_learning,3,1.8917,11.8,3459,cpu,15,105,147.61,0.05,0.0
1634,q_learning,3,1.8921,11.6,3459,cpu,3,19,21.35,0.05,0.0
1635,q_learning,3,1.8928,11.56,3459,cpu,5,39,42.37,0.05,0.0
1636,q_learning,3,1.8932,11.36,3459,cpu,4,21,31.24,0.05,0.0
1637,q_learning,3,1.8961,11.46,3465,cpu,18,151,179.68,0.05,0.0
1638,q_learning,3,1.8983,11.68,3465,cpu,16,112,158.35,0.05,0.0
1639,q_learning,3,1.8997,11.56,3465,cpu,9,77,84.83,0.05,0.0
1640,q_learning,3,1.9016,11.68,3465,cpu,11,100,106.92,0.05,0.0
1641,q_learning,3,1.9017,11.28,3465,cpu,1,9,0.63,0.05,0.0
1642,q_learning,3,1.9029,11.08,3468,cpu,9,65,84.55,0.05,0.0
1643,q_learning,3,1.9039,11.0,3468,cpu,6,56,53.61,0.05,0.0
1644,q_learning,3,1.9058,11.08,3471,cpu,15,98,146.38,0.05,0.0
1645,q_learning,3,1.9068,11.04,3471,cpu,7,52,63.76,0.05,0.0
1646,q_learning,3,1.9072,10.88,3471,cpu,2,23,11.4,0.05,0.0
1647,q_learning,3,1.9089,10.74,3471,cpu,10,86,96.15,0.05,0.0
1648,q_learning,3,1.9096,10.62,3471,cpu,5,44,42.22,0.05,0.0
1649,q_learning,3,1.9125,10.76,3471,cpu,17,145,169.03,0.05,0.0
1650,q_learning,3,1.9146,10.86,3471,cpu,17,108,166.9,0.05,0.0
1651,q_learning,3,1.9153,10.88,3471,cpu,5,42,42.24,0.05,0.0
1652,q_learning,3,1.9185,10.92,3477,cpu,18,160,181.49,0.05,0.0
1653,q_learning,3,1.9197,11.08,3477,cpu,10,62,93.99,0.05,0.0
1654,q_learning,3,1.9227,11.26,3480,cpu,19,159,189.91,0.05,0.0
1655,q_learning,3,1.9242,11.22,3483,cpu,9,82,86.08,0.05,0.0
1656,q_learning,3,1.9274,11.32,3483,cpu,19,163,191.87,0.05,0.0
1657,q_learning,3,1.9284,11.22,3483,cpu,8,53,73.96,0.05,0.0
1658,q_learning,3,1.929,11.02,3483,cpu,4,32,32.03,0.05,0.0
1659,q_learning,3,1.9302,10.84,3483,cpu,8,66,74.73,0.05,0.0
1660,q_learning,3,1.9314,10.64,3483,cpu,8,62,74.37,0.05,0.0
1661,q_learning,3,1.9326,10.82,3483,cpu,9,62,83.48,0.05,0.0
1662,q_learning,3,1.9331,10.58,3483,cpu,2,25,11.18,0.05,0.0
1663,q_learning,3,1.9355,10.6,3483,cpu,15,129,146.97,0.05,0.0
1664,q_learning,3,1.9369,10.52,3483,cpu,8,73,75.56,0.05,0.0
1665,q_learning,3,1.9372,10.38,3483,cpu,2,18,10.75,0.05,0.0
1666,q_learning,3,1.9376,10.24,3483,cpu,4,21,31.04,0.05,0.0
1667,q_learning,3,1.9388,10.22,3483,cpu,7,63,64.15,0.05,0.0
1668,q_learning,3,1.9392,9.96,3483,cpu,1,23,1.29,0.05,0.0
1669,q_learning,3,1.9404,9.84,3483,cpu,10,64,94.37,0.05,0.0
1670,q_learning,3,1.9419,9.84,3483,cpu,11,75,105.27,0.05,0.0
1671,q_learning,3,1.9433,9.8,3483,cpu,7,78,64.9,0.05,0.0
1672,q_learning,3,1.9455,9.76,3483,cpu,15,113,148.33,0.05,0.0
1673,q_learning,3,1.9469,9.68,3483,cpu,8,80,74.59,0.05,0.0
1674,q_learning,3,1.9505,9.62,3489,cpu,17,185,171.83,0.05,0.0
1675,q_learning,3,1.9509,9.46,3489,cpu,3,20,20.84,0.05,0.0
1676,q_learning,3,1.9542,9.54,3492,cpu,19,173,192.57,0.05,0.0
1677,q_learning,3,1.9566,9.62,3492,cpu,16,129,159.28,0.05,0.0
1678,q_learning,3,1.9594,9.72,3498,cpu,18,139,178.6,0.05,0.0
1679,q_learning,3,1.9607,9.58,3498,cpu,10,69,94.42,0.05,0.0
1680,q_learning,3,1.9614,9.56,3498,cpu,5,41,42.55,0.05,0.0
1681,q_learning,3,1.9636,9.76,3498,cpu,14,116,137.69,0.05,0.0
1682,q_learning,3,1.9641,9.62,3501,cpu,2,26,11.27,0.05,0.0
1683,q_learning,3,1.9654,9.46,3501,cpu,7,76,65.52,0.05,0.0
1684,q_learning,3,1.9676,9.68,3501,cpu,14,110,137.55,0.05,0.0
1685,q_learning,3,1.9685,9.72,3501,cpu,7,48,63.0,0.05,0.0
1686,q_learning,3,1.97,9.88,3504,cpu,12,75,114.58,0.05,0.0
1687,q_learning,3,1.9707,9.64,3504,cpu,6,40,51.97,0.05,0.0
1688,q_learning,3,1.9717,9.44,3504,cpu,6,56,54.21,0.05,0.0
1689,q_learning,3,1.9722,9.36,3504,cpu,5,23,41.33,0.05,0.0
1690,q_learning,3,1.974,9.38,3504,cpu,12,94,116.29,0.05,0.0
1691,q_learning,3,1.9769,9.7,3504,cpu,17,147,169.61,0.05,0.0
1692,q_learning,3,1.9779,9.7,3504,cpu,9,54,82.76,0.05,0.0
1693,q_learning,3,1.9804,9.96,3507,cpu,19,126,188.94,0.05,0.0
1694,q_learning,3,1.9822,9.92,3507,cpu,13,96,126.98,0.05,0.0
1695,q_learning,3,1.9848,10.08,3507,cpu,15,134,149.42,0.05,0.0
1696,q_learning,3,1.9863,10.26,3507,cpu,11,78,105.54,0.05,0.0
1697,q_learning,3,1.9873,10.16,3507,cpu,5,56,43.5,0.05,0.0
1698,q_learning,3,1.9881,10.16,3507,cpu,5,41,42.95,0.05,0.0
1699,q_learning,3,1.9898,10.02,3507,cpu,10,92,95.49,0.05,0.0
1700,q_learning,3,1.9918,9.94,3510,cpu,13,99,127.05,0.05,0.0
1701,q_learning,3,1.9945,10.22,3513,cpu,19,140,189.6,0.05,0.0
1702,q_learning,3,1.9952,9.96,3513,cpu,5,33,42.43,0.05,0.0
1703,q_learning,3,1.9974,10.02,3516,cpu,13,120,126.74,0.05,0.0
1704,q_learning,3,2.0,9.96,3516,cpu,16,131,159.46,0.05,0.0
1705,q_learning,3,2.0004,9.8,3516,cpu,1,21,1.71,0.05,0.0
1706,q_learning,3,2.0009,9.5,3516,cpu,4,28,32.07,0.05,0.0
1707,q_learning,3,2.0015,9.42,3516,cpu,4,33,32.12,0.05,0.0
1708,q_learning,3,2.0051,9.74,3522,cpu,20,190,201.41,0.05,0.0
1709,q_learning,3,2.0057,9.68,3522,cpu,5,32,42.14,0.05,0.0
1710,q_learning,3,2.0076,9.8,3522,cpu,14,96,135.69,0.05,0.0
1711,q_learning,3,2.0079,9.66,3522,cpu,2,18,11.15,0.05,0.0
1712,q_learning,3,2.0094,9.84,3522,cpu,11,78,105.14,0.05,0.0
1713,q_learning,3,2.0122,9.86,3522,cpu,16,145,158.52,0.05,0.0
1714,q_learning,3,2.013,9.82,3522,cpu,6,46,52.71,0.05,0.0
1715,q_learning,3,2.0169,10.2,3525,cpu,21,194,213.28,0.05,0.0
1716,q_learning,3,2.0182,10.3,3528,cpu,9,68,82.82,0.05,0.0
1717,q_learning,3,2.0184,10.18,3528,cpu,1,10,0.32,0.05,0.0
1718,q_learning,3,2.0207,10.46,3528,cpu,15,127,147.59,0.05,0.0
1719,q_learning,3,2.0231,10.6,3528,cpu,17,123,168.65,0.05,0.0
1720,q_learning,3,2.0237,10.46,3528,cpu,4,35,32.5,0.05,0.0
1721,q_learning,3,2.0245,10.42,3528,cpu,5,39,42.57,0.05,0.0
1722,q_learning,3,2.026,10.34,3528,cpu,11,79,105.83,0.05,0.0
1723,q_learning,3,2.0282,10.5,3531,cpu,16,114,157.73,0.05,0.0
1724,q_learning,3,2.0287,10.22,3531,cpu,3,28,22.16,0.05,0.0
1725,q_learning,3,2.029,10.2,3531,cpu,2,13,10.9,0.05,0.0
1726,q_learning,3,2.031,10.1,3531,cpu,14,109,136.46,0.05,0.0
1727,q_learning,3,2.0335,10.04,3531,cpu,13,128,125.26,0.05,0.0
1728,q_learning,3,2.0344,9.78,3534,cpu,5,47,42.89,0.05,0.0
1729,q_learning,3,2.0368,9.9,3537,cpu,16,128,157.79,0.05,0.0
1730,q_learning,3,2.0371,9.88,3537,cpu,4,10,30.45,0.05,0.0
1731,q_learning,3,2.0402,10.0,3543,cpu,20,159,201.62,0.05,0.0
1732,q_learning,3,2.0417,10.18,3543,cpu,11,78,104.94,0.05,0.0
1733,q_learning,3,2.0426,10.22,3543,cpu,9,42,82.68,0.05,0.0
1734,q_learning,3,2.0431,9.98,3543,cpu,2,29,11.54,0.05,0.0
1735,q_learning,3,2.0434,9.9,3543,cpu,3,17,21.17,0.05,0.0
1736,q_learning,3,2.0452,9.92,3543,cpu,13,91,125.33,0.05,0.0
1737,q_learning,3,2.0468,10.0,3546,cpu,10,86,95.95,0.05,0.0
1738,q_learning,3,2.0488,10.14,3546,cpu,13,105,127.59,0.05,0.0
1739,q_learning,3,2.05,10.24,3546,cpu,10,59,93.92,0.05,0.0
1740,q_learning,3,2.0516,10.18,3546,cpu,9,89,85.51,0.05,0.0
1741,q_learning,3,2.0523,9.96,3546,cpu,6,37,51.9,0.05,0.0
1742,q_learning,3,2.0546,10.06,3546,cpu,14,120,135.65,0.05,0.0
1743,q_learning,3,2.0556,9.84,3546,cpu,8,53,73.36,0.05,0.0
1744,q_learning,3,2.0577,9.82,3552,cpu,12,112,115.91,0.05,0.0
1745,q_learning,3,2.0585,9.64,3552,cpu,6,44,52.33,0.05,0.0
1746,q_learning,3,2.0604,9.68,3552,cpu,13,97,126.87,0.05,0.0
1747,q_learning,3,2.0618,9.8,3552,cpu,11,74,103.78,0.05,0.0
1748,q_learning,3,2.0625,9.8,3552,cpu,5,38,41.48,0.05,0.0
1749,q_learning,3,2.0658,9.98,3555,cpu,19,166,189.54,0.05,0.0
1750,q_learning,3,2.0669,9.88,3555,cpu,8,63,74.46,0.05,0.0
1751,q_learning,3,2.0673,9.54,3555,cpu,2,21,10.62,0.05,0.0
1752,q_learning,3,2.0698,9.78,3558,cpu,17,126,168.12,0.05,0.0
1753,q_learning,3,2.0707,9.68,3558,cpu,8,50,73.69,0.05,0.0
1754,q_learning,3,2.073,9.68,3558,cpu,16,113,156.84,0.05,0.0
1755,q_learning,3,2.0733,9.74,3558,cpu,4,15,30.9,0.05,0.0
1756,q_learning,3,2.0749,9.86,3558,cpu,10,86,95.75,0.05,0.0
1757,q_learning,3,2.0756,9.88,3558,cpu,5,36,42.7,0.05,0.0
1758,q_learning,3,2.0761,9.56,3558,cpu,4,24,31.71,0.05,0.0
1759,q_learning,3,2.0791,9.84,3558,cpu,19,154,189.86,0.05,0.0
1760,q_learning,3,2.0817,9.94,3558,cpu,19,132,189.48,0.05,0.0
1761,q_learning,3,2.0851,10.24,3561,cpu,17,179,171.49,0.05,0.0
1762,q_learning,3,2.0882,10.44,3576,cpu,21,158,207.64,0.05,0.0
1763,q_learning,3,2.0887,10.22,3576,cpu,5,31,41.65,0.05,0.0
1764,q_learning,3,2.0912,10.4,3576,cpu,15,123,148.63,0.05,0.0
1765,q_learning,3,2.0943,10.4,3579,cpu,21,160,211.62,0.05,0.0
1766,q_learning,3,2.0952,10.36,3579,cpu,7,48,63.0,0.05,0.0
1767,q_learning,3,2.0975,10.66,3579,cpu,16,116,156.11,0.05,0.0
1768,q_learning,3,2.0983,10.48,3579,cpu,6,43,52.84,0.05,0.0
1769,q_learning,3,2.0993,10.24,3579,cpu,5,48,43.78,0.05,0.0
1770,q_learning,3,2.1018,10.52,3582,cpu,18,137,179.62,0.05,0.0
1771,q_learning,3,2.1024,10.46,3582,cpu,2,34,12.39,0.05,0.0
1772,q_learning,3,2.1048,10.58,3585,cpu,17,127,168.81,0.05,0.0
1773,q_learning,3,2.1056,10.36,3585,cpu,5,41,41.75,0.05,0.0
1774,q_learning,3,2.1075,10.56,3588,cpu,13,97,126.07,0.05,0.0
1775,q_learning,3,2.1121,10.96,3597,cpu,22,240,224.73,0.05,0.0
1776,q_learning,3,2.1127,10.78,3597,cpu,5,33,41.83,0.05,0.0
1777,q_learning,3,2.1152,10.8,3600,cpu,14,131,137.84,0.05,0.0
1778,q_learning,3,2.1167,10.96,3600,cpu,13,75,124.29,0.05,0.0
1779,q_learning,3,2.1175,10.8,3600,cpu,8,42,72.37,0.05,0.0
1780,q_learning,3,2.1188,10.9,3600,cpu,9,69,85.11,0.05,0.0
1781,q_learning,3,2.1214,10.86,3603,cpu,18,133,178.26,0.05,0.0
1782,q_learning,3,2.1236,10.96,3603,cpu,16,109,157.88,0.05,0.0
1783,q_learning,3,2.125,10.96,3603,cpu,9,76,84.34,0.05,0.0
1784,q_learning,3,2.1271,11.2,3603,cpu,14,109,137.06,0.05,0.0
1785,q_learning,3,2.1299,11.48,3606,cpu,17,148,171.1,0.05,0.0
1786,q_learning,3,2.1321,11.5,3609,cpu,14,114,136.91,0.05,0.0
1787,q_learning,3,2.1328,11.4,3609,cpu,5,35,42.41,0.05,0.0
1788,q_learning,3,2.1347,11.4,3609,cpu,13,100,127.34,0.05,0.0
1789,q_learning,3,2.1351,11.28,3609,cpu,4,22,31.33,0.05,0.0
1790,q_learning,3,2.1363,11.28,3609,cpu,9,64,84.26,0.05,0.0
1791,q_learning,3,2.1383,11.46,3609,cpu,15,106,147.5,0.05,0.0
1792,q_learning,3,2.1411,11.54,3612,cpu,18,138,178.71,0.05,0.0
1793,q_learning,3,2.1421,11.54,3612,cpu,8,54,73.25,0.05,0.0
1794,q_learning,3,2.1437,11.54,3615,cpu,12,86,115.77,0.05,0.0
1795,q_learning,3,2.146,11.74,3618,cpu,16,122,157.85,0.05,0.0
1796,q_learning,3,2.1467,11.56,3618,cpu,4,36,30.99,0.05,0.0
1797,q_learning,3,2.1483,11.56,3618,cpu,11,87,105.75,0.05,0.0
1798,q_learning,3,2.1507,11.76,3618,cpu,15,125,148.21,0.05,0.0
1799,q_learning,3,2.1528,11.66,3618,cpu,14,109,138.26,0.05,0.0
1800,q_learning,3,2.1547,11.76,3618,cpu,13,101,126.23,0.05,0.0
1801,q_learning,3,2.1556,11.84,3618,cpu,6,50,53.07,0.05,0.0
1802,q_learning,3,2.1577,11.78,3618,cpu,14,109,137.46,0.05,0.0
1803,q_learning,3,2.1596,11.86,3618,cpu,12,100,117.63,0.05,0.0
1804,q_learning,3,2.1626,11.9,3621,cpu,18,159,180.2,0.05,0.0
1805,q_learning,3,2.1638,12.06,3621,cpu,12,58,114.05,0.05,0.0
1806,q_learning,3,2.1639,11.88,3621,cpu,1,6,0.36,0.05,0.0
1807,q_learning,3,2.1665,12.08,3621,cpu,15,135,147.91,0.05,0.0
1808,q_learning,3,2.1678,12.16,3621,cpu,8,72,74.27,0.05,0.0
1809,q_learning,3,2.1698,12.1,3621,cpu,16,98,156.09,0.05,0.0
1810,q_learning,3,2.1728,12.06,3624,cpu,17,161,170.67,0.05,0.0
1811,q_learning,3,2.1743,11.9,3624,cpu,9,76,84.54,0.05,0.0
1812,q_learning,3,2.175,11.56,3624,cpu,4,39,32.26,0.05,0.0
1813,q_learning,3,2.1783,11.84,3627,cpu,19,176,190.04,0.05,0.0
1814,q_learning,3,2.1808,11.88,3627,cpu,17,130,167.88,0.05,0.0
1815,q_learning,3,2.1835,11.82,3630,cpu,18,139,178.6,0.05,0.0
1816,q_learning,3,2.185,11.82,3630,cpu,7,86,65.02,0.05,0.0
1817,q_learning,3,2.1869,11.78,3633,cpu,14,100,137.45,0.05,0.0
1818,q_learning,3,2.1872,11.68,3633,cpu,1,14,0.68,0.05,0.0
1819,q_learning,3,2.1899,11.96,3636,cpu,19,136,189.64,0.05,0.0
1820,q_learning,3,2.1934,11.96,3639,cpu,18,181,180.58,0.05,0.0
1821,q_learning,3,2.1957,12.28,3642,cpu,18,121,178.18,0.05,0.0
1822,q_learning,3,2.1969,12.12,3642,cpu,9,67,83.73,0.05,0.0
1823,q_learning,3,2.2,12.36,3645,cpu,17,163,169.25,0.05,0.0
1824,q_learning,3,2.2024,12.44,3645,cpu,17,124,168.14,0.05,0.0
1825,q_learning,3,2.2045,12.28,3645,cpu,14,113,136.22,0.05,0.0
1826,q_learning,3,2.2059,12.32,3645,cpu,7,79,64.39,0.05,0.0
1827,q_learning,3,2.2077,12.24,3645,cpu,10,94,96.67,0.05,0.0
1828,q_learning,3,2.2102,12.34,3648,cpu,18,129,178.9,0.05,0.0
1829,q_learning,3,2.2128,12.5,3651,cpu,16,136,158.71,0.05,0.0
1830,q_learning,3,2.214,12.44,3651,cpu,6,69,55.18,0.05,0.0
1831,q_learning,3,2.2157,12.36,3651,cpu,14,87,135.28,0.05,0.0
1832,q_learning,3,2.2167,12.16,3651,cpu,6,49,52.78,0.05,0.0
1833,q_learning,3,2.2195,12.32,3651,cpu,17,146,168.12,0.05,0.0
1834,q_learning,3,2.2223,12.4,3651,cpu,18,146,178.23,0.05,0.0
1835,q_learning,3,2.2259,12.42,3654,cpu,18,189,181.1,0.05,0.0
1836,q_learning,3,2.2272,12.32,3654,cpu,9,70,84.8,0.05,0.0
1837,q_learning,3,2.2278,12.26,3654,cpu,2,31,12.32,0.05,0.0
1838,q_learning,3,2.2297,12.26,3654,cpu,13,101,126.43,0.05,0.0
1839,q_learning,3,2.2302,12.28,3654,cpu,5,28,40.98,0.05,0.0
1840,q_learning,3,2.2321,12.32,3657,cpu,11,106,105.66,0.05,0.0
1841,q_learning,3,2.2327,12.06,3657,cpu,2,28,11.45,0.05,0.0
1842,q_learning,3,2.2335,11.82,3657,cpu,6,42,53.15,0.05,0.0
1843,q_learning,3,2.2351,11.96,3657,cpu,15,83,145.63,0.05,0.0
1844,q_learning,3,2.2358,11.8,3657,cpu,4,38,32.37,0.05,0.0
1845,q_learning,3,2.2382,11.76,3657,cpu,14,132,140.33,0.05,0.0
1846,q_learning,3,2.2387,11.74,3657,cpu,3,24,21.8,0.05,0.0
1847,q_learning,3,2.2404,11.78,3660,cpu,13,91,126.33,0.05,0.0
1848,q_learning,3,2.2412,11.54,3660,cpu,3,45,22.29,0.05,0.0
1849,q_learning,3,2.2429,11.46,3660,cpu,10,92,96.69,0.05,0.0
1850,q_learning,3,2.2456,11.56,3663,cpu,18,137,180.42,0.05,0.0
1851,q_learning,3,2.2467,11.58,3663,cpu,7,60,64.28,0.05,0.0
1852,q_learning,3,2.2477,11.52,3663,cpu,11,55,103.47,0.05,0.0
1853,q_learning,3,2.2496,11.54,3663,cpu,13,94,126.8,0.05,0.0
1854,q_learning,3,2.2502,11.24,3663,cpu,3,34,22.7,0.05,0.0
1855,q_learning,3,2.2527,11.36,3669,cpu,18,123,178.16,0.05,0.0
1856,q_learning,3,2.2531,11.4,3669,cpu,3,22,21.22,0.05,0.0
1857,q_learning,3,2.2533,11.12,3669,cpu,1,11,0.61,0.05,0.0
1858,q_learning,3,2.2542,11.1,3669,cpu,7,46,63.22,0.05,0.0
1859,q_learning,3,2.2565,11.1,3669,cpu,16,123,157.14,0.05,0.0
1860,q_learning,3,2.2598,11.16,3669,cpu,20,162,200.09,0.05,0.0
1861,q_learning,3,2.2612,11.12,3669,cpu,7,74,62.74,0.05,0.0
1862,q_learning,3,2.2635,11.34,3669,cpu,15,120,145.16,0.05,0.0
1863,q_learning,3,2.2645,11.1,3669,cpu,7,51,63.07,0.05,0.0
1864,q_learning,3,2.2668,11.1,3669,cpu,17,116,168.22,0.05,0.0
1865,q_learning,3,2.2703,11.08,3669,cpu,17,183,171.25,0.05,0.0
1866,q_learning,3,2.2732,11.32,3669,cpu,19,145,190.85,0.05,0.0
1867,q_learning,3,2.2736,11.14,3669,cpu,5,25,41.51,0.05,0.0
1868,q_learning,3,2.2748,11.32,3669,cpu,10,56,93.85,0.05,0.0
1869,q_learning,3,2.2753,10.98,3669,cpu,2,26,11.87,0.05,0.0
1870,q_learning,3,2.2776,10.92,3669,cpu,15,120,147.16,0.05,0.0
1871,q_learning,3,2.28,10.9,3672,cpu,17,124,167.34,0.05,0.0
1872,q_learning,3,2.2809,10.84,3672,cpu,6,50,53.47,0.05,0.0
1873,q_learning,3,2.2828,10.66,3672,cpu,8,98,75.01,0.05,0.0
1874,q_learning,3,2.2852,10.66,3675,cpu,17,123,168.25,0.05,0.0
1875,q_learning,3,2.2867,10.6,3675,cpu,11,84,105.08,0.05,0.0
1876,q_learning,3,2.2869,10.48,3675,cpu,1,12,0.9,0.05,0.0
1877,q_learning,3,2.2879,10.42,3675,cpu,7,54,63.54,0.05,0.0
1878,q_learning,3,2.2906,10.4,3675,cpu,17,143,168.65,0.05,0.0
1879,q_learning,3,2.2927,10.34,3675,cpu,13,109,127.75,0.05,0.0
1880,q_learning,3,2.2946,10.48,3675,cpu,13,96,126.18,0.05,0.0
1881,q_learning,3,2.2979,10.56,3678,cpu,18,174,179.75,0.05,0.0
1882,q_learning,3,2.3012,10.84,3678,cpu,20,170,200.41,0.05,0.0
1883,q_learning,3,2.3018,10.56,3678,cpu,3,30,21.94,0.05,0.0
1884,q_learning,3,2.3041,10.48,3678,cpu,14,122,137.63,0.05,0.0
1885,q_learning,3,2.3067,10.42,3678,cpu,15,139,149.87,0.05,0.0
1886,q_learning,3,2.3095,10.6,3681,cpu,18,140,180.49,0.05,0.0
1887,q_learning,3,2.3125,10.92,3681,cpu,18,158,178.51,0.05,0.0
1888,q_learning,3,2.3132,10.74,3681,cpu,4,36,32.19,0.05,0.0
1889,q_learning,3,2.3162,11.02,3681,cpu,19,155,189.95,0.05,0.0
1890,q_learning,3,2.3164,10.82,3681,cpu,1,7,0.45,0.05,0.0
1891,q_learning,3,2.3173,10.96,3681,cpu,9,46,83.04,0.05,0.0
1892,q_learning,3,2.3181,10.98,3681,cpu,7,42,62.26,0.05,0.0
1893,q_learning,3,2.3194,10.9,3681,cpu,11,72,105.2,0.05,0.0
1894,q_learning,3,2.3202,10.9,3681,cpu,4,43,33.22,0.05,0.0
1895,q_learning,3,2.3204,10.64,3681,cpu,1,12,0.7,0.05,0.0
1896,q_learning,3,2.3209,10.64,3681,cpu,3,27,21.67,0.05,0.0
1897,q_learning,3,2.3243,10.78,3681,cpu,20,174,200.57,0.05,0.0
1898,q_learning,3,2.3277,11.14,3690,cpu,21,173,210.19,0.05,0.0
1899,q_learning,3,2.3294,11.16,3693,cpu,11,94,106.98,0.05,0.0
1900,q_learning,3,2.3303,10.96,3693,cpu,8,49,73.2,0.05,0.0
1901,q_learning,3,2.3316,11.0,3693,cpu,9,66,84.24,0.05,0.0
1902,q_learning,3,2.3345,11.14,3696,cpu,18,149,179.7,0.05,0.0
1903,q_learning,3,2.3354,11.04,3696,cpu,8,48,73.11,0.05,0.0
1904,q_learning,3,2.336,11.08,3696,cpu,5,32,42.34,0.05,0.0
1905,q_learning,3,2.3363,10.78,3696,cpu,3,16,21.08,0.05,0.0
1906,q_learning,3,2.3389,11.04,3696,cpu,16,143,159.74,0.05,0.0
1907,q_learning,3,2.3395,11.1,3696,cpu,4,29,31.96,0.05,0.0
1908,q_learning,3,2.3427,11.34,3696,cpu,19,163,189.27,0.05,0.0
1909,q_learning,3,2.3457,11.4,3696,cpu,19,156,189.64,0.05,0.0
1910,q_learning,3,2.3462,11.06,3696,cpu,3,27,22.07,0.05,0.0
1911,q_learning,3,2.3468,11.04,3696,cpu,6,36,52.41,0.05,0.0
1912,q_learning,3,2.3487,11.02,3696,cpu,14,99,137.16,0.05,0.0
1913,q_learning,3,2.3497,11.0,3696,cpu,6,48,52.89,0.05,0.0
1914,q_learning,3,2.3518,11.0,3696,cpu,17,107,167.01,0.05,0.0
1915,q_learning,3,2.3547,11.02,3696,cpu,18,155,179.44,0.05,0.0
1916,q_learning,3,2.3574,10.96,3699,cpu,16,139,159.98,0.05,0.0
1917,q_learning,3,2.3594,11.18,3699,cpu,16,103,155.74,0.05,0.0
1918,q_learning,3,2.3606,11.14,3699,cpu,8,65,74.44,0.05,0.0
1919,q_learning,3,2.3632,11.38,3699,cpu,14,140,138.05,0.05,0.0
1920,q_learning,3,2.3636,11.14,3699,cpu,3,19,21.35,0.05,0.0
1921,q_learning,3,2.3641,10.86,3699,cpu,3,28,21.96,0.05,0.0
1922,q_learning,3,2.3646,10.8,3699,cpu,3,27,21.87,0.05,0.0
1923,q_learning,3,2.3659,10.84,3699,cpu,10,65,94.26,0.05,0.0
1924,q_learning,3,2.3688,10.86,3702,cpu,18,146,179.23,0.05,0.0
1925,q_learning,3,2.3707,10.9,3702,cpu,13,101,127.03,0.05,0.0
1926,q_learning,3,2.3722,11.06,3702,cpu,9,78,85.52,0.05,0.0
1927,q_learning,3,2.375,11.24,3702,cpu,16,144,160.03,0.05,0.0
1928,q_learning,3,2.379,11.32,3720,cpu,21,207,213.65,0.05,0.0
1929,q_learning,3,2.38,11.2,3720,cpu,7,54,63.74,0.05,0.0
1930,q_learning,3,2.3813,11.12,3720,cpu,9,68,84.82,0.05,0.0
1931,q_learning,3,2.3819,10.88,3720,cpu,6,31,51.76,0.05,0.0
1932,q_learning,3,2.3825,10.56,3720,cpu,4,28,31.87,0.05,0.0
1933,q_learning,3,2.3856,10.86,3723,cpu,18,164,180.45,0.05,0.0
1934,q_learning,3,2.3878,10.9,3723,cpu,16,117,157.4,0.05,0.0
1935,q_learning,3,2.3891,10.76,3723,cpu,8,72,74.27,0.05,0.0
1936,q_learning,3,2.3916,10.74,3726,cpu,17,123,168.85,0.05,0.0
1937,q_learning,3,2.3936,10.62,3726,cpu,12,104,115.99,0.05,0.0
1938,q_learning,3,2.3949,10.74,3726,cpu,10,69,93.82,0.05,0.0
1939,q_learning,3,2.3954,10.42,3726,cpu,3,31,20.23,0.05,0.0
1940,q_learning,3,2.3959,10.44,3726,cpu,2,28,11.45,0.05,0.0
1941,q_learning,3,2.3982,10.62,3726,cpu,18,117,177.82,0.05,0.0
1942,q_learning,3,2.4005,10.74,3732,cpu,13,119,127.25,0.05,0.0
1943,q_learning,3,2.4029,10.82,3732,cpu,15,122,147.54,0.05,0.0
1944,q_learning,3,2.4035,10.82,3735,cpu,4,33,31.32,0.05,0.0
1945,q_learning,3,2.4063,11.22,3744,cpu,21,142,210.2,0.05,0.0
1946,q_learning,3,2.4083,11.46,3744,cpu,15,96,146.8,0.05,0.0
1947,q_learning,3,2.4085,11.1,3744,cpu,2,16,11.17,0.05,0.0
1948,q_learning,3,2.4112,10.98,3744,cpu,15,136,148.0,0.05,0.0
1949,q_learning,3,2.4135,11.1,3747,cpu,17,121,169.07,0.05,0.0
1950,q_learning,3,2.4159,11.26,3747,cpu,16,123,157.94,0.05,0.0
1951,q_learning,3,2.4197,11.46,3747,cpu,19,195,193.55,0.05,0.0
1952,q_learning,3,2.4199,11.12,3747,cpu,1,13,0.39,0.05,0.0
1953,q_learning,3,2.421,11.12,3747,cpu,8,57,73.52,0.05,0.0
1954,q_learning,3,2.4212,11.06,3747,cpu,2,10,10.63,0.05,0.0
1955,q_learning,3,2.4219,11.14,3747,cpu,7,36,62.52,0.05,0.0
1956,q_learning,3,2.4226,10.9,3747,cpu,4,38,32.97,0.05,0.0
1957,q_learning,3,2.4244,11.04,3747,cpu,11,90,106.42,0.05,0.0
1958,q_learning,3,2.4276,11.06,3750,cpu,20,164,201.67,0.05,0.0
1959,q_learning,3,2.428,10.7,3750,cpu,1,22,1.8,0.05,0.0
1960,q_learning,3,2.4314,11.06,3768,cpu,21,170,210.52,0.05,0.0
1961,q_learning,3,2.4335,11.26,3771,cpu,16,105,157.12,0.05,0.0
1962,q_learning,3,2.4363,11.34,3771,cpu,18,146,179.43,0.05,0.0
1963,q_learning,3,2.4378,11.46,3771,cpu,12,82,116.21,0.05,0.0
1964,q_learning,3,2.4385,11.24,3771,cpu,6,38,51.39,0.05,0.0
1965,q_learning,3,2.4403,11.1,3771,cpu,11,90,104.02,0.05,0.0
1966,q_learning,3,2.4421,10.96,3771,cpu,9,98,84.92,0.05,0.0
1967,q_learning,3,2.4443,10.92,3771,cpu,14,116,139.09,0.05,0.0
1968,q_learning,3,2.4472,11.08,3771,cpu,16,151,157.66,0.05,0.0
1969,q_learning,3,2.4475,10.84,3771,cpu,2,20,11.53,0.05,0.0
1970,q_learning,3,2.4486,10.92,3771,cpu,7,60,63.08,0.05,0.0
1971,q_learning,3,2.4497,11.0,3771,cpu,7,51,63.47,0.05,0.0
1972,q_learning,3,2.451,11.1,3771,cpu,8,71,73.98,0.05,0.0
1973,q_learning,3,2.4521,11.06,3771,cpu,8,60,73.99,0.05,0.0
1974,q_learning,3,2.4547,11.02,3771,cpu,16,134,157.93,0.05,0.0
1975,q_learning,3,2.4572,11.08,3771,cpu,16,128,159.19,0.05,0.0
1976,q_learning,3,2.4575,10.92,3774,cpu,1,14,0.88,0.05,0.0
1977,q_learning,3,2.4579,10.66,3774,cpu,3,20,21.24,0.05,0.0
1978,q_learning,3,2.4582,10.3,3777,cpu,3,18,20.66,0.05,0.0
1979,q_learning,3,2.4588,10.24,3777,cpu,4,32,32.03,0.05,0.0
1980,q_learning,3,2.4612,10.32,3777,cpu,13,125,126.99,0.05,0.0
1981,q_learning,3,2.4628,10.4,3777,cpu,10,91,95.2,0.05,0.0
1982,q_learning,3,2.466,10.68,3777,cpu,18,158,181.71,0.05,0.0
1983,q_learning,3,2.4682,10.62,3777,cpu,15,111,146.15,0.05,0.0
1984,q_learning,3,2.4694,10.42,3777,cpu,6,70,54.07,0.05,0.0
1985,q_learning,3,2.4706,10.44,3777,cpu,9,68,85.02,0.05,0.0
1986,q_learning,3,2.4741,10.5,3783,cpu,20,181,199.0,0.05,0.0
1987,q_learning,3,2.4756,10.38,3783,cpu,6,80,55.97,0.05,0.0
1988,q_learning,3,2.4758,10.2,3783,cpu,1,12,0.9,0.05,0.0
1989,q_learning,3,2.4761,10.18,3783,cpu,2,13,10.9,0.05,0.0
1990,q_learning,3,2.4789,10.5,3792,cpu,18,144,179.45,0.05,0.0
1991,q_learning,3,2.4812,10.4,3792,cpu,13,124,128.1,0.05,0.0
1992,q_learning,3,2.4832,10.38,3792,cpu,12,100,116.43,0.05,0.0
1993,q_learning,3,2.4856,10.36,3792,cpu,14,126,136.39,0.05,0.0
1994,q_learning,3,2.4865,10.44,3792,cpu,8,52,73.67,0.05,0.0
1995,q_learning,3,2.4882,10.22,3792,cpu,10,91,96.2,0.05,0.0
1996,q_learning,3,2.4891,10.06,3792,cpu,7,52,63.36,0.05,0.0
1997,q_learning,3,2.4895,10.08,3792,cpu,3,21,21.53,0.05,0.0
1998,q_learning,3,2.4906,9.92,3792,cpu,7,57,64.01,0.05,0.0
1999,q_learning,3,2.4939,9.98,3795,cpu,20,164,202.27,0.05,0.0
2000,q_learning,3,2.4944,9.72,3795,cpu,3,25,21.69,0.05,0.0
