episode,model,seed,elapsed_seconds,moving_avg_score,model_size,device,score,steps,reward,epsilon,loss
1,double_dqn,2,0.0002,0.0,18563,cpu,0,14,-10.63,0.99734,0.0
2,double_dqn,2,0.0003,0.0,18563,cpu,0,12,-10.21,0.99506,0.0
3,double_dqn,2,0.0007,0.0,18563,cpu,0,43,-10.62,0.98689,0.0
4,double_dqn,2,0.0022,0.0,18563,cpu,0,33,-10.12,0.98062,0.596145
5,double_dqn,2,0.006,0.0,18563,cpu,0,11,-10.9,0.97853,0.293646
6,double_dqn,2,0.0137,0.0,18563,cpu,0,23,-10.02,0.97416,0.845576
7,double_dqn,2,0.0247,0.0,18563,cpu,0,33,-10.92,0.96789,0.229404
8,double_dqn,2,0.0274,0.0,18563,cpu,0,8,-10.57,0.96637,0.395255
9,double_dqn,2,0.0297,0.0,18563,cpu,0,7,-10.46,0.96504,0.226346
10,double_dqn,2,0.0349,0.0,18563,cpu,0,15,-9.54,0.96219,0.115954
11,double_dqn,2,0.0392,0.0,18563,cpu,0,13,-10.52,0.95972,0.222231
12,double_dqn,2,0.0415,0.0,18563,cpu,0,7,-10.26,0.95839,0.403667
13,double_dqn,2,0.0442,0.0,18563,cpu,0,8,-9.77,0.95687,0.03608
14,double_dqn,2,0.0465,0.0,18563,cpu,0,7,-10.26,0.95554,0.016551
15,double_dqn,2,0.056,0.0667,18563,cpu,1,29,-0.77,0.95003,0.039673
16,double_dqn,2,0.0606,0.0625,18563,cpu,0,14,-10.63,0.94737,0.302084
17,double_dqn,2,0.0638,0.0588,18563,cpu,0,10,-10.59,0.94547,0.332419
18,double_dqn,2,0.0733,0.0556,18563,cpu,0,29,-10.88,0.93996,0.341122
19,double_dqn,2,0.0809,0.0526,18563,cpu,0,23,-10.62,0.93559,0.086628
20,double_dqn,2,0.092,0.1,18563,cpu,1,34,0.08,0.92913,0.011246
21,double_dqn,2,0.0987,0.1429,18563,cpu,1,20,0.02,0.92533,0.286448
22,double_dqn,2,0.1029,0.1364,18563,cpu,0,13,-10.32,0.92286,0.011475
23,double_dqn,2,0.1079,0.1304,18563,cpu,0,15,-10.14,0.92001,0.242335
24,double_dqn,2,0.1144,0.1667,18563,cpu,1,20,0.82,0.91621,0.00948
25,double_dqn,2,0.1185,0.16,18563,cpu,0,12,-10.21,0.91393,0.235778
26,double_dqn,2,0.1228,0.1538,18563,cpu,0,13,-10.12,0.91146,0.559687
27,double_dqn,2,0.1304,0.1481,18563,cpu,0,23,-10.62,0.90709,0.021497
28,double_dqn,2,0.1386,0.1429,18563,cpu,0,25,-9.84,0.90234,0.01968
29,double_dqn,2,0.1422,0.1379,18563,cpu,0,11,-10.5,0.90025,0.281859
30,double_dqn,2,0.1462,0.1667,18563,cpu,1,12,0.3,0.89797,0.295672
31,double_dqn,2,0.1489,0.1613,18563,cpu,0,8,-9.57,0.89645,0.176991
32,double_dqn,2,0.1581,0.1875,18563,cpu,1,28,-0.26,0.89113,0.014605
33,double_dqn,2,0.1661,0.2121,18563,cpu,1,24,0.38,0.88657,0.068769
34,double_dqn,2,0.1812,0.2353,18563,cpu,1,46,-0.24,0.87783,0.019208
35,double_dqn,2,0.1838,0.2286,18563,cpu,0,8,-10.57,0.87631,0.295848
36,double_dqn,2,0.1864,0.25,18563,cpu,1,8,0.14,0.87479,0.57598
37,double_dqn,2,0.193,0.2432,18563,cpu,0,20,-10.49,0.87099,0.047654
38,double_dqn,2,0.1949,0.2368,18563,cpu,0,6,-10.55,0.86985,0.568345
39,double_dqn,2,0.1979,0.2308,18563,cpu,0,9,-10.88,0.86814,0.297492
40,double_dqn,2,0.2035,0.225,18563,cpu,0,17,-10.96,0.86491,0.014716
41,double_dqn,2,0.214,0.2195,18563,cpu,0,32,-10.61,0.85883,0.547682
42,double_dqn,2,0.2354,0.2143,18563,cpu,0,65,-10.84,0.84648,0.012211
43,double_dqn,2,0.2394,0.2326,18563,cpu,1,12,-0.3,0.8442,0.009609
44,double_dqn,2,0.2509,0.2273,18563,cpu,0,35,-10.34,0.83755,0.014163
45,double_dqn,2,0.2555,0.2222,18563,cpu,0,14,-10.03,0.83489,0.026163
46,double_dqn,2,0.2585,0.2174,18563,cpu,0,9,-10.28,0.83318,0.009888
47,double_dqn,2,0.2781,0.2128,18563,cpu,0,60,-11.29,0.82178,0.010168
48,double_dqn,2,0.284,0.2083,18563,cpu,0,18,-9.87,0.81836,0.008295
49,double_dqn,2,0.2867,0.2041,18563,cpu,0,8,-9.97,0.81684,0.293984
50,double_dqn,2,0.2976,0.2,18563,cpu,0,33,-10.12,0.81057,0.008668
51,double_dqn,2,0.3033,0.22,18563,cpu,1,17,0.15,0.80734,0.349066
52,double_dqn,2,0.3118,0.22,18563,cpu,0,26,-10.35,0.8024,0.038979
53,double_dqn,2,0.3151,0.22,18563,cpu,0,10,-10.19,0.8005,0.044706
54,double_dqn,2,0.321,0.22,18563,cpu,0,18,-10.47,0.79708,0.046585
55,double_dqn,2,0.3257,0.22,18563,cpu,0,14,-10.83,0.79442,0.043263
56,double_dqn,2,0.358,0.24,18563,cpu,1,99,-1.07,0.77561,0.023235
57,double_dqn,2,0.374,0.28,18563,cpu,2,48,9.85,0.76649,0.371388
58,double_dqn,2,0.3925,0.28,18563,cpu,0,56,-10.25,0.75585,0.030206
59,double_dqn,2,0.4033,0.3,18563,cpu,1,33,0.19,0.74958,0.032823
60,double_dqn,2,0.4117,0.32,18563,cpu,1,25,0.47,0.74483,0.301962
61,double_dqn,2,0.4224,0.32,18563,cpu,0,32,-10.21,0.73875,0.019302
62,double_dqn,2,0.427,0.32,18563,cpu,0,14,-10.03,0.73609,0.039361
63,double_dqn,2,0.4466,0.38,18563,cpu,3,59,20.35,0.72488,0.034381
64,double_dqn,2,0.4493,0.4,18563,cpu,1,8,0.34,0.72336,0.041116
65,double_dqn,2,0.4573,0.42,18563,cpu,2,24,10.49,0.7188,0.010392
66,double_dqn,2,0.459,0.44,18563,cpu,1,5,0.27,0.71785,0.015285
67,double_dqn,2,0.4664,0.46,18563,cpu,1,22,0.4,0.71367,0.607634
68,double_dqn,2,0.4749,0.5,18563,cpu,2,26,10.47,0.70873,0.034217
69,double_dqn,2,0.4968,0.54,18563,cpu,2,66,10.67,0.69619,0.286915
70,double_dqn,2,0.5061,0.56,18563,cpu,2,28,9.85,0.69087,0.023013
71,double_dqn,2,0.5112,0.56,18563,cpu,1,15,0.17,0.68802,0.036973
72,double_dqn,2,0.5149,0.58,18563,cpu,1,11,0.01,0.68593,0.57555
73,double_dqn,2,0.5195,0.6,18563,cpu,1,14,0.28,0.68327,0.052684
74,double_dqn,2,0.5229,0.58,18563,cpu,0,10,-9.39,0.68137,0.337098
75,double_dqn,2,0.5269,0.6,18563,cpu,1,12,0.7,0.67909,0.041037
76,double_dqn,2,0.5334,0.62,18563,cpu,1,19,0.33,0.67548,0.314563
77,double_dqn,2,0.5492,0.66,18563,cpu,2,47,9.96,0.66655,0.027765
78,double_dqn,2,0.5633,0.68,18563,cpu,1,43,0.89,0.65838,0.047845
79,double_dqn,2,0.5851,0.7,18563,cpu,1,66,-0.44,0.64584,0.281028
80,double_dqn,2,0.5885,0.7,18563,cpu,1,10,0.52,0.64394,0.779051
81,double_dqn,2,0.5985,0.74,18563,cpu,2,30,10.63,0.63824,0.315518
82,double_dqn,2,0.6015,0.74,18563,cpu,1,9,-0.17,0.63653,0.023716
83,double_dqn,2,0.6062,0.72,18563,cpu,0,14,-10.03,0.63387,0.033338
84,double_dqn,2,0.6152,0.72,18563,cpu,1,27,0.25,0.62874,0.028287
85,double_dqn,2,0.6196,0.76,18563,cpu,2,13,10.3,0.62627,0.302301
86,double_dqn,2,0.6245,0.74,18563,cpu,0,15,-10.74,0.62342,0.045193
87,double_dqn,2,0.6378,0.78,18563,cpu,2,40,10.53,0.61582,0.040701
88,double_dqn,2,0.6477,0.8,18563,cpu,1,30,-0.48,0.61012,0.274631
89,double_dqn,2,0.6531,0.82,18563,cpu,1,16,0.46,0.60708,0.057263
90,double_dqn,2,0.6587,0.84,18563,cpu,1,16,0.46,0.60404,0.032663
91,double_dqn,2,0.6657,0.86,18563,cpu,1,21,0.31,0.60005,0.065664
92,double_dqn,2,0.6694,0.9,18563,cpu,2,11,10.32,0.59796,0.035643
93,double_dqn,2,0.6858,0.96,18563,cpu,4,49,31.56,0.58865,0.463413
94,double_dqn,2,0.6901,0.96,18563,cpu,0,13,-9.52,0.58618,0.043267
95,double_dqn,2,0.6976,0.98,18563,cpu,1,22,0.4,0.582,0.024368
96,double_dqn,2,0.7039,0.98,18563,cpu,0,19,-9.58,0.57839,0.505494
97,double_dqn,2,0.7111,1.0,18563,cpu,1,21,0.51,0.5744,0.345136
98,double_dqn,2,0.7145,1.0,18563,cpu,0,10,-9.99,0.5725,0.034552
99,double_dqn,2,0.7192,1.02,18563,cpu,1,14,0.48,0.56984,0.831398
100,double_dqn,2,0.7283,1.04,18563,cpu,1,27,0.65,0.56471,0.303238
101,double_dqn,2,0.7353,1.02,18563,cpu,0,21,-10.0,0.56072,0.048237
102,double_dqn,2,0.7468,1.08,18563,cpu,3,34,21.5,0.55426,0.035942
103,double_dqn,2,0.7601,1.14,18563,cpu,3,40,21.84,0.54666,0.574163
104,double_dqn,2,0.7665,1.2,18563,cpu,3,19,20.75,0.54305,0.604362
105,double_dqn,2,0.7685,1.2,18563,cpu,0,6,-9.75,0.54191,0.510527
106,double_dqn,2,0.7841,1.2,18563,cpu,1,47,0.25,0.53298,0.333387
107,double_dqn,2,0.7972,1.18,18563,cpu,1,39,1.13,0.52557,0.24778
108,double_dqn,2,0.8089,1.22,18563,cpu,2,35,10.88,0.51892,0.302923
109,double_dqn,2,0.8155,1.22,18563,cpu,1,20,0.62,0.51512,0.064474
110,double_dqn,2,0.8328,1.28,18563,cpu,4,51,31.54,0.50543,0.541826
111,double_dqn,2,0.8509,1.34,18563,cpu,3,54,21.3,0.49517,0.528622
112,double_dqn,2,0.8594,1.38,18563,cpu,2,25,10.98,0.49042,0.366137
113,double_dqn,2,0.8625,1.32,18563,cpu,0,9,-9.68,0.48871,0.319304
114,double_dqn,2,0.8648,1.3,18563,cpu,0,7,-10.26,0.48738,0.044179
115,double_dqn,2,0.874,1.3,18563,cpu,2,27,10.76,0.48225,0.464247
116,double_dqn,2,0.8817,1.32,18563,cpu,2,23,10.4,0.47788,0.521003
117,double_dqn,2,0.8963,1.38,18563,cpu,4,43,30.42,0.46971,0.338975
118,double_dqn,2,0.9014,1.36,18563,cpu,1,15,0.57,0.46686,0.379737
119,double_dqn,2,0.9201,1.38,18563,cpu,3,56,21.08,0.45622,0.332387
120,double_dqn,2,0.9238,1.36,18563,cpu,1,11,0.61,0.45413,0.378944
121,double_dqn,2,0.9293,1.34,18563,cpu,0,16,-9.65,0.45109,0.3004
122,double_dqn,2,0.9394,1.36,18563,cpu,2,30,11.43,0.44539,0.310424
123,double_dqn,2,0.9519,1.4,18563,cpu,3,36,20.28,0.43855,0.182284
124,double_dqn,2,0.9584,1.42,18563,cpu,1,19,0.73,0.43494,0.332693
125,double_dqn,2,0.9609,1.4,18563,cpu,0,7,-9.66,0.43361,0.567653
126,double_dqn,2,0.9674,1.4,18563,cpu,1,19,-0.07,0.43,0.327478
127,double_dqn,2,0.9773,1.4,18563,cpu,2,29,10.74,0.42449,0.299199
128,double_dqn,2,0.9885,1.42,18563,cpu,2,33,10.9,0.41822,0.083777
129,double_dqn,2,1.0003,1.48,18563,cpu,4,34,31.81,0.41176,0.527862
130,double_dqn,2,1.0073,1.48,18563,cpu,1,21,0.51,0.40777,0.141672
131,double_dqn,2,1.0223,1.54,18563,cpu,5,44,42.82,0.39941,0.776811
132,double_dqn,2,1.0353,1.56,18563,cpu,2,38,10.95,0.39219,0.543837
133,double_dqn,2,1.055,1.66,18563,cpu,5,57,41.59,0.38136,0.656075
134,double_dqn,2,1.0621,1.68,18563,cpu,2,21,10.02,0.37737,0.916818
135,double_dqn,2,1.0764,1.68,18563,cpu,2,42,10.91,0.36939,0.52205
136,double_dqn,2,1.0947,1.76,18563,cpu,4,54,32.01,0.35913,0.50711
137,double_dqn,2,1.1174,1.84,18563,cpu,6,66,53.51,0.34659,0.101115
138,double_dqn,2,1.1225,1.84,18563,cpu,1,15,0.77,0.34374,0.838519
139,double_dqn,2,1.1286,1.84,18563,cpu,1,18,0.64,0.34032,0.382121
140,double_dqn,2,1.1425,1.92,18563,cpu,5,40,42.26,0.33272,0.78522
141,double_dqn,2,1.154,1.94,18563,cpu,2,33,10.7,0.32645,0.094891
142,double_dqn,2,1.1756,2.0,18563,cpu,5,63,42.13,0.31448,0.502859
143,double_dqn,2,1.179,1.92,18563,cpu,0,10,-9.39,0.31258,0.683051
144,double_dqn,2,1.1885,1.96,18563,cpu,2,28,10.25,0.30726,0.839416
145,double_dqn,2,1.1926,1.96,18563,cpu,1,12,0.3,0.30498,0.809813
146,double_dqn,2,1.1967,2.0,18563,cpu,2,12,10.41,0.3027,0.590996
147,double_dqn,2,1.2062,2.08,18563,cpu,5,27,41.09,0.29757,0.361415
148,double_dqn,2,1.2233,2.18,18563,cpu,5,50,42.36,0.28807,0.949863
149,double_dqn,2,1.2271,2.18,18563,cpu,1,11,0.41,0.28598,0.107404
150,double_dqn,2,1.2545,2.32,18563,cpu,8,79,73.3,0.27097,0.128829
151,double_dqn,2,1.2635,2.38,18563,cpu,3,26,20.98,0.26603,0.290849
152,double_dqn,2,1.2682,2.32,18563,cpu,0,14,-10.03,0.26337,0.332242
153,double_dqn,2,1.271,2.28,18563,cpu,1,8,0.54,0.26185,0.356851
154,double_dqn,2,1.3011,2.38,18563,cpu,8,87,72.82,0.24532,0.864443
155,double_dqn,2,1.3056,2.4,18563,cpu,1,13,0.59,0.24285,0.26455
156,double_dqn,2,1.319,2.46,18563,cpu,4,39,31.66,0.23544,0.771679
157,double_dqn,2,1.3277,2.5,18563,cpu,3,25,21.09,0.23069,0.743948
158,double_dqn,2,1.36,2.62,18563,cpu,8,94,74.45,0.21283,0.175655
159,double_dqn,2,1.3796,2.8,18563,cpu,10,56,93.25,0.20219,0.270519
160,double_dqn,2,1.3916,2.82,18563,cpu,5,35,41.81,0.19554,0.547164
161,double_dqn,2,1.4021,2.84,18563,cpu,4,30,31.45,0.18984,1.575976
162,double_dqn,2,1.417,2.92,18563,cpu,6,43,52.24,0.18167,0.062552
163,double_dqn,2,1.4324,3.04,18563,cpu,6,45,52.62,0.17312,0.127815
164,double_dqn,2,1.4398,3.08,18563,cpu,2,21,11.62,0.16913,0.601703
165,double_dqn,2,1.4463,3.14,18563,cpu,5,19,40.97,0.16552,0.63284
166,double_dqn,2,1.4577,3.18,18563,cpu,4,33,31.92,0.15925,1.73416
167,double_dqn,2,1.4701,3.18,18563,cpu,4,36,31.59,0.15241,0.875644
168,double_dqn,2,1.4996,3.34,18563,cpu,9,84,85.46,0.13645,0.497645
169,double_dqn,2,1.5034,3.3,18563,cpu,1,11,0.81,0.13436,0.117292
170,double_dqn,2,1.529,3.52,18563,cpu,12,74,114.49,0.1203,0.528099
171,double_dqn,2,1.5962,3.94,18563,cpu,21,193,209.19,0.08363,1.368155
172,double_dqn,2,1.6226,4.08,18563,cpu,9,76,85.74,0.06919,0.27211
173,double_dqn,2,1.6858,4.4,18563,cpu,19,181,189.49,0.05,1.823892
174,double_dqn,2,1.7332,4.76,18563,cpu,19,136,188.24,0.05,0.380274
175,double_dqn,2,1.7574,4.92,18563,cpu,8,69,74.6,0.05,1.099666
176,double_dqn,2,1.7841,5.18,18563,cpu,14,77,133.38,0.05,0.423892
177,double_dqn,2,1.8101,5.34,18563,cpu,10,75,95.36,0.05,0.452844
178,double_dqn,2,1.8334,5.46,18563,cpu,8,67,74.42,0.05,0.339243
179,double_dqn,2,1.8743,5.66,18563,cpu,14,118,137.07,0.05,1.378819
180,double_dqn,2,1.8971,5.84,18563,cpu,10,66,93.95,0.05,0.574829
181,double_dqn,2,1.9211,5.9,18563,cpu,8,68,74.11,0.05,0.742064
182,double_dqn,2,1.9532,6.06,18563,cpu,10,92,95.69,0.05,1.684308
183,double_dqn,2,1.9627,6.04,18563,cpu,4,27,31.58,0.05,0.615358
184,double_dqn,2,1.9655,6.02,18563,cpu,1,8,0.54,0.05,0.379533
185,double_dqn,2,2.0193,6.44,18563,cpu,23,154,229.9,0.05,0.775577
186,double_dqn,2,2.065,6.68,18563,cpu,16,131,157.26,0.05,0.910227
187,double_dqn,2,2.0824,6.7,18563,cpu,7,49,63.69,0.05,0.724906
188,double_dqn,2,2.0873,6.72,18563,cpu,2,14,10.99,0.05,1.101116
189,double_dqn,2,2.1308,6.98,18563,cpu,14,124,138.01,0.05,0.746644
190,double_dqn,2,2.1603,7.06,18563,cpu,9,85,84.35,0.05,0.945387
191,double_dqn,2,2.2175,7.46,18563,cpu,22,164,220.69,0.05,1.360278
192,double_dqn,2,2.2548,7.62,18563,cpu,13,107,127.57,0.05,0.3384
193,double_dqn,2,2.2757,7.8,18563,cpu,9,60,83.1,0.05,1.199338
194,double_dqn,2,2.3171,8.06,18563,cpu,15,119,147.47,0.05,1.793809
195,double_dqn,2,2.4107,8.58,18563,cpu,27,269,273.69,0.05,0.35574
196,double_dqn,2,2.4339,8.64,18563,cpu,5,67,44.89,0.05,1.138224
197,double_dqn,2,2.5045,8.94,18563,cpu,20,203,198.98,0.05,0.605464
198,double_dqn,2,2.5355,9.06,18563,cpu,11,89,106.13,0.05,0.744806
199,double_dqn,2,2.5698,9.28,18563,cpu,12,99,116.14,0.05,0.531918
200,double_dqn,2,2.6222,9.38,18563,cpu,13,151,127.93,0.05,0.839649
201,double_dqn,2,2.6239,9.32,18563,cpu,0,5,-9.64,0.05,0.687455
202,double_dqn,2,2.6538,9.54,18563,cpu,11,86,104.06,0.05,0.893935
203,double_dqn,2,2.6652,9.6,18563,cpu,4,32,32.03,0.05,0.124175
204,double_dqn,2,2.6787,9.58,18563,cpu,7,39,62.59,0.05,1.105239
205,double_dqn,2,2.717,9.76,18563,cpu,10,110,96.51,0.05,0.329532
206,double_dqn,2,2.7239,9.74,18563,cpu,3,20,20.84,0.05,0.590738
207,double_dqn,2,2.7471,9.86,18563,cpu,9,67,84.93,0.05,1.132028
208,double_dqn,2,2.7626,9.88,18563,cpu,9,44,81.86,0.05,0.839901
209,double_dqn,2,2.7941,9.9,18563,cpu,11,90,106.22,0.05,0.292259
210,double_dqn,2,2.8245,10.02,18563,cpu,11,87,105.55,0.05,1.095693
211,double_dqn,2,2.8573,10.16,18563,cpu,11,94,106.18,0.05,0.838588
212,double_dqn,2,2.947,10.54,18563,cpu,25,256,255.7,0.05,0.470283
213,double_dqn,2,3.0033,10.78,18563,cpu,18,160,179.69,0.05,0.352017
214,double_dqn,2,3.0518,11.02,18563,cpu,14,139,136.76,0.05,0.830756
215,double_dqn,2,3.0967,11.2,18563,cpu,14,129,138.66,0.05,1.256658
216,double_dqn,2,3.1579,11.48,18563,cpu,18,174,180.55,0.05,0.890609
217,double_dqn,2,3.1701,11.48,18563,cpu,4,35,32.1,0.05,0.630769
218,double_dqn,2,3.1858,11.44,18563,cpu,7,45,63.13,0.05,0.305636
219,double_dqn,2,3.2224,11.62,18563,cpu,10,105,96.46,0.05,0.842611
220,double_dqn,2,3.2584,11.62,18563,cpu,12,103,115.1,0.05,0.419294
221,double_dqn,2,3.2999,11.46,18563,cpu,13,120,126.34,0.05,2.111041
222,double_dqn,2,3.338,11.52,18563,cpu,12,110,116.33,0.05,1.365545
223,double_dqn,2,3.3543,11.24,18563,cpu,5,47,41.89,0.05,0.473412
224,double_dqn,2,3.4008,11.22,18563,cpu,18,133,178.66,0.05,0.754813
225,double_dqn,2,3.4064,11.1,18563,cpu,2,16,11.17,0.05,0.779579
226,double_dqn,2,3.4402,11.08,18563,cpu,13,97,127.27,0.05,0.985943
227,double_dqn,2,3.5181,11.34,18563,cpu,23,223,233.31,0.05,0.401355
228,double_dqn,2,3.5634,11.6,18563,cpu,21,129,208.23,0.05,0.522891
229,double_dqn,2,3.5879,11.46,18563,cpu,7,70,64.58,0.05,0.727006
230,double_dqn,2,3.6419,11.52,18563,cpu,13,155,128.09,0.05,1.155228
231,double_dqn,2,3.6631,11.5,18563,cpu,7,61,64.57,0.05,0.555391
232,double_dqn,2,3.7081,11.58,18563,cpu,14,130,138.75,0.05,0.539776
233,double_dqn,2,3.7482,11.86,18563,cpu,18,115,177.24,0.05,1.27681
234,double_dqn,2,3.7705,12.02,18563,cpu,9,64,83.06,0.05,0.466949
235,double_dqn,2,3.8328,11.9,18563,cpu,17,180,170.58,0.05,1.637798
236,double_dqn,2,3.8427,11.64,18563,cpu,3,28,22.16,0.05,0.977092
237,double_dqn,2,3.8929,11.9,18563,cpu,20,144,198.87,0.05,0.494665
238,double_dqn,2,3.9138,12.02,18563,cpu,8,60,74.39,0.05,0.615243
239,double_dqn,2,3.9589,12.06,18563,cpu,16,130,157.37,0.05,0.847458
240,double_dqn,2,4.0004,12.18,18563,cpu,15,119,148.87,0.05,0.427111
241,double_dqn,2,4.0357,12.0,18563,cpu,13,101,126.83,0.05,0.608555
242,double_dqn,2,4.0652,11.96,18563,cpu,11,84,106.08,0.05,0.675994
243,double_dqn,2,4.0906,12.0,18563,cpu,11,73,104.49,0.05,0.574808
244,double_dqn,2,4.1078,11.86,18563,cpu,8,49,72.6,0.05,1.140952
245,double_dqn,2,4.1326,11.5,18563,cpu,9,71,84.69,0.05,0.542403
246,double_dqn,2,4.1713,11.66,18563,cpu,13,111,126.73,0.05,0.519116
247,double_dqn,2,4.2201,11.58,18563,cpu,16,140,157.27,0.05,0.490818
248,double_dqn,2,4.2761,11.66,18563,cpu,15,161,148.05,0.05,0.274309
249,double_dqn,2,4.3211,11.74,18563,cpu,16,129,159.08,0.05,0.835507
250,double_dqn,2,4.3525,11.72,18563,cpu,12,90,115.53,0.05,0.697298
251,double_dqn,2,4.376,11.92,18563,cpu,10,67,94.64,0.05,1.37073
252,double_dqn,2,4.4141,11.94,18563,cpu,12,110,116.33,0.05,0.543835
253,double_dqn,2,4.4605,12.12,18563,cpu,13,133,129.71,0.05,0.439501
254,double_dqn,2,4.5309,12.4,18563,cpu,21,203,213.09,0.05,1.452076
255,double_dqn,2,4.5645,12.48,18563,cpu,14,96,135.89,0.05,0.755744
256,double_dqn,2,4.5858,12.62,18563,cpu,10,61,94.3,0.05,0.95924
257,double_dqn,2,4.5962,12.5,18563,cpu,3,30,21.74,0.05,0.91206
258,double_dqn,2,4.6028,12.4,18563,cpu,4,19,31.26,0.05,1.477014
259,double_dqn,2,4.6539,12.54,18563,cpu,18,146,178.83,0.05,0.78365
260,double_dqn,2,4.6679,12.46,18563,cpu,7,40,62.08,0.05,0.587274
261,double_dqn,2,4.6991,12.5,18563,cpu,13,90,125.64,0.05,1.236999
262,double_dqn,2,4.7177,12.16,18563,cpu,8,53,73.76,0.05,0.486719
263,double_dqn,2,4.7396,11.98,18563,cpu,9,62,83.48,0.05,1.310398
264,double_dqn,2,4.7924,12.06,18563,cpu,18,151,179.48,0.05,0.477249
265,double_dqn,2,4.8068,11.88,18563,cpu,5,41,42.95,0.05,1.04828
266,double_dqn,2,4.8451,11.8,18563,cpu,14,110,136.95,0.05,1.169931
267,double_dqn,2,4.9273,12.28,18563,cpu,28,236,283.83,0.05,1.040703
268,double_dqn,2,4.9513,12.32,18563,cpu,9,69,85.11,0.05,1.377111
269,double_dqn,2,4.9889,12.4,18563,cpu,14,107,137.08,0.05,0.719389
270,double_dqn,2,4.9977,12.24,18563,cpu,4,25,31.6,0.05,1.096513
271,double_dqn,2,5.0116,12.06,18563,cpu,4,40,32.95,0.05,0.636786
272,double_dqn,2,5.0207,11.88,18563,cpu,3,26,21.78,0.05,0.314005
273,double_dqn,2,5.0368,11.9,18563,cpu,6,46,53.31,0.05,0.93433
274,double_dqn,2,5.073,11.8,18563,cpu,13,103,126.01,0.05,0.848973
275,double_dqn,2,5.1051,12.02,18563,cpu,13,91,126.53,0.05,0.517676
276,double_dqn,2,5.1458,12.12,18563,cpu,18,115,177.24,0.05,0.805926
277,double_dqn,2,5.1902,12.0,18563,cpu,17,125,167.23,0.05,0.711105
278,double_dqn,2,5.2147,11.68,18563,cpu,5,69,40.67,0.05,0.442264
279,double_dqn,2,5.2756,11.9,18563,cpu,18,172,179.77,0.05,2.26018
280,double_dqn,2,5.2815,11.68,18563,cpu,2,17,11.26,0.05,0.391117
281,double_dqn,2,5.3033,11.74,18563,cpu,10,61,93.9,0.05,0.759448
282,double_dqn,2,5.3519,11.76,18563,cpu,15,138,148.38,0.05,0.588427
283,double_dqn,2,5.3917,11.74,18563,cpu,17,113,165.95,0.05,1.111372
284,double_dqn,2,5.4529,12.0,18563,cpu,22,174,221.19,0.05,2.081276
285,double_dqn,2,5.4604,11.72,18563,cpu,3,21,21.53,0.05,1.38727
286,double_dqn,2,5.4737,11.78,18563,cpu,6,38,52.59,0.05,0.96583
287,double_dqn,2,5.5223,11.66,18563,cpu,14,139,138.16,0.05,0.530371
288,double_dqn,2,5.5389,11.6,18563,cpu,5,47,42.09,0.05,0.6728
289,double_dqn,2,5.5827,11.56,18563,cpu,14,125,137.7,0.05,0.49626
290,double_dqn,2,5.6289,11.52,18563,cpu,13,132,129.02,0.05,1.065303
291,double_dqn,2,5.6353,11.32,18563,cpu,3,18,21.26,0.05,0.928429
292,double_dqn,2,5.6561,11.22,18563,cpu,6,59,54.28,0.05,1.058488
293,double_dqn,2,5.6823,11.2,18563,cpu,10,74,93.87,0.05,1.622743
294,double_dqn,2,5.7009,11.22,18563,cpu,9,53,82.87,0.05,0.767064
295,double_dqn,2,5.78,11.58,18563,cpu,27,224,272.64,0.05,0.564218
296,double_dqn,2,5.8343,11.76,18563,cpu,22,153,220.7,0.05,0.750764
297,double_dqn,2,5.8496,11.54,18563,cpu,5,44,43.22,0.05,0.156047
298,double_dqn,2,5.9319,11.74,18563,cpu,25,232,251.94,0.05,1.222278
299,double_dqn,2,5.9378,11.46,18563,cpu,2,17,10.86,0.05,0.424255
300,double_dqn,2,5.9509,11.34,18563,cpu,6,37,52.1,0.05,2.225728
301,double_dqn,2,5.9772,11.34,18563,cpu,10,73,94.38,0.05,0.265973
302,double_dqn,2,6.0076,11.34,18563,cpu,12,85,114.88,0.05,1.060391
303,double_dqn,2,6.021,11.2,18563,cpu,6,38,52.79,0.05,1.649135
304,double_dqn,2,6.0253,10.84,18563,cpu,3,12,20.32,0.05,0.758432
305,double_dqn,2,6.0429,10.72,18563,cpu,8,49,72.8,0.05,0.407853
306,double_dqn,2,6.1034,10.98,18563,cpu,23,171,230.63,0.05,1.204645
307,double_dqn,2,6.1727,11.42,18563,cpu,25,195,250.61,0.05,0.559788
308,double_dqn,2,6.1847,11.46,18563,cpu,6,34,52.43,0.05,0.842784
309,double_dqn,2,6.2091,11.26,18563,cpu,8,69,75.0,0.05,0.260623
310,double_dqn,2,6.2268,11.28,18563,cpu,8,50,72.89,0.05,1.028527
311,double_dqn,2,6.2688,11.26,18563,cpu,12,119,115.74,0.05,1.301627
312,double_dqn,2,6.2748,11.18,18563,cpu,4,17,30.88,0.05,0.672846
313,double_dqn,2,6.2918,11.08,18563,cpu,4,48,33.47,0.05,0.884776
314,double_dqn,2,6.3509,11.16,18563,cpu,22,167,222.16,0.05,1.555052
315,double_dqn,2,6.3844,11.28,18563,cpu,11,95,106.07,0.05,0.840335
316,double_dqn,2,6.4102,11.26,18563,cpu,13,73,124.31,0.05,1.152711
317,double_dqn,2,6.4127,10.72,18563,cpu,1,7,0.45,0.05,0.45398
318,double_dqn,2,6.4458,10.82,18563,cpu,14,94,136.51,0.05,0.748616
319,double_dqn,2,6.4793,10.8,18563,cpu,13,94,127.0,0.05,0.78649
320,double_dqn,2,6.4832,10.74,18563,cpu,1,11,0.81,0.05,0.779291
321,double_dqn,2,6.4884,10.7,18563,cpu,2,15,10.88,0.05,0.649627
322,double_dqn,2,6.4981,10.74,18563,cpu,5,27,41.69,0.05,0.479464
323,double_dqn,2,6.5256,10.82,18563,cpu,10,78,95.03,0.05,0.754493
324,double_dqn,2,6.5291,10.6,18563,cpu,2,10,10.63,0.05,0.915724
325,double_dqn,2,6.5637,10.56,18563,cpu,11,98,106.54,0.05,1.042232
326,double_dqn,2,6.606,10.48,18563,cpu,14,120,135.85,0.05,0.87565
327,double_dqn,2,6.6524,10.5,18563,cpu,18,131,177.28,0.05,0.836288
328,double_dqn,2,6.6987,10.66,18563,cpu,13,132,128.22,0.05,0.851687
329,double_dqn,2,6.716,10.38,18563,cpu,4,49,33.36,0.05,1.094645
330,double_dqn,2,6.7443,10.56,18563,cpu,11,80,104.92,0.05,0.562565
331,double_dqn,2,6.7694,10.54,18563,cpu,9,71,84.89,0.05,1.08084
332,double_dqn,2,6.7905,10.34,18563,cpu,5,60,42.86,0.05,1.958511
333,double_dqn,2,6.8253,10.22,18563,cpu,11,99,105.03,0.05,1.447401
334,double_dqn,2,6.8706,10.02,18563,cpu,12,129,117.64,0.05,0.556995
335,double_dqn,2,6.9223,10.32,18563,cpu,18,147,179.72,0.05,1.156558
336,double_dqn,2,6.9254,10.2,18563,cpu,0,9,-9.28,0.05,0.988979
337,double_dqn,2,6.9397,10.02,18563,cpu,5,41,42.15,0.05,0.517494
338,double_dqn,2,7.0026,10.34,18563,cpu,21,177,210.75,0.05,1.874294
339,double_dqn,2,7.0583,10.38,18563,cpu,16,158,158.29,0.05,0.620927
340,double_dqn,2,7.065,10.16,18563,cpu,2,19,11.44,0.05,0.796102
341,double_dqn,2,7.0855,10.24,18563,cpu,7,58,62.7,0.05,1.585988
342,double_dqn,2,7.0886,10.14,18563,cpu,1,9,0.43,0.05,0.545132
343,double_dqn,2,7.1207,10.18,18563,cpu,12,91,116.62,0.05,0.634364
344,double_dqn,2,7.1488,10.28,18563,cpu,14,79,135.76,0.05,0.502567
345,double_dqn,2,7.19,10.0,18563,cpu,13,117,127.87,0.05,0.668395
346,double_dqn,2,7.2129,9.72,18563,cpu,8,65,74.24,0.05,1.366185
347,double_dqn,2,7.257,9.9,18563,cpu,14,125,137.7,0.05,0.528731
348,double_dqn,2,7.3201,9.78,18563,cpu,19,178,188.22,0.05,0.891104
349,double_dqn,2,7.3709,10.04,18563,cpu,15,143,147.83,0.05,0.963741
350,double_dqn,2,7.4061,10.12,18563,cpu,10,100,95.21,0.05,1.001182
351,double_dqn,2,7.422,10.06,18563,cpu,7,45,63.13,0.05,1.177901
352,double_dqn,2,7.4378,9.94,18563,cpu,6,45,53.22,0.05,0.875235
353,double_dqn,2,7.4492,9.96,18563,cpu,7,32,62.16,0.05,0.791144
354,double_dqn,2,7.4818,10.12,18563,cpu,11,93,106.49,0.05,1.550703
355,double_dqn,2,7.5216,10.22,18563,cpu,13,113,127.31,0.05,0.827768
356,double_dqn,2,7.5371,9.86,18563,cpu,5,44,43.02,0.05,0.685729
357,double_dqn,2,7.5754,9.66,18563,cpu,15,109,146.97,0.05,0.884737
358,double_dqn,2,7.6054,9.74,18563,cpu,10,86,95.55,0.05,0.893307
359,double_dqn,2,7.6436,9.8,18563,cpu,11,109,107.53,0.05,0.292985
360,double_dqn,2,7.6742,9.84,18563,cpu,10,87,96.24,0.05,2.124497
361,double_dqn,2,7.74,9.96,18563,cpu,18,187,181.52,0.05,0.909473
362,double_dqn,2,7.7514,9.98,18563,cpu,5,32,42.34,0.05,1.098603
363,double_dqn,2,7.7549,9.94,18563,cpu,2,10,10.63,0.05,1.353658
364,double_dqn,2,7.7738,9.66,18563,cpu,8,54,73.25,0.05,1.031827
365,double_dqn,2,7.8111,9.68,18563,cpu,12,106,115.37,0.05,1.923793
366,double_dqn,2,7.8739,9.8,18563,cpu,19,179,191.31,0.05,0.686668
367,double_dqn,2,7.9164,10.04,18563,cpu,13,120,127.74,0.05,1.573291
368,double_dqn,2,7.9442,9.92,18563,cpu,8,79,76.1,0.05,1.392747
369,double_dqn,2,7.9834,9.92,18563,cpu,13,110,126.64,0.05,0.537171
370,double_dqn,2,8.0203,10.16,18563,cpu,13,103,126.61,0.05,1.328753
371,double_dqn,2,8.0884,10.54,18563,cpu,21,191,210.81,0.05,1.610875
372,double_dqn,2,8.113,10.62,18563,cpu,9,70,84.6,0.05,0.431413
373,double_dqn,2,8.1211,10.46,18563,cpu,2,23,11.6,0.05,1.425512
374,double_dqn,2,8.1551,10.64,18563,cpu,11,96,106.36,0.05,0.962734
375,double_dqn,2,8.2029,10.7,18563,cpu,14,135,138.4,0.05,1.111615
376,double_dqn,2,8.2649,10.96,18563,cpu,27,175,270.63,0.05,1.743523
377,double_dqn,2,8.3055,10.84,18563,cpu,12,115,117.78,0.05,1.343027
378,double_dqn,2,8.3537,10.88,18563,cpu,15,136,150.4,0.05,1.066328
379,double_dqn,2,8.3792,11.0,18563,cpu,10,72,94.29,0.05,1.102253
380,double_dqn,2,8.4117,11.06,18563,cpu,14,92,136.33,0.05,0.858043
381,double_dqn,2,8.4761,11.32,18563,cpu,22,181,221.62,0.05,1.676664
382,double_dqn,2,8.5214,11.44,18563,cpu,11,128,105.64,0.05,0.959486
383,double_dqn,2,8.5441,11.36,18563,cpu,7,64,64.04,0.05,1.473276
384,double_dqn,2,8.5828,11.34,18563,cpu,11,109,107.33,0.05,0.763286
385,double_dqn,2,8.6295,11.3,18563,cpu,16,132,157.75,0.05,1.240569
386,double_dqn,2,8.6391,11.36,18563,cpu,3,27,21.87,0.05,1.85027
387,double_dqn,2,8.6718,11.5,18563,cpu,12,92,116.11,0.05,1.057794
388,double_dqn,2,8.7108,11.4,18563,cpu,16,110,156.97,0.05,0.478958
389,double_dqn,2,8.744,11.32,18563,cpu,12,94,115.29,0.05,1.643479
390,double_dqn,2,8.7483,11.3,18563,cpu,1,12,0.5,0.05,1.600129
391,double_dqn,2,8.7611,11.24,18563,cpu,4,36,31.99,0.05,2.447651
392,double_dqn,2,8.7742,11.3,18563,cpu,4,37,32.28,0.05,1.012248
393,double_dqn,2,8.7881,11.16,18563,cpu,5,39,42.57,0.05,1.148386
394,double_dqn,2,8.8529,11.3,18563,cpu,21,182,211.8,0.05,1.090883
395,double_dqn,2,8.9025,11.38,18563,cpu,17,139,167.69,0.05,0.471333
396,double_dqn,2,8.93,11.44,18563,cpu,11,77,105.45,0.05,0.717249
397,double_dqn,2,8.9482,11.28,18563,cpu,6,51,52.96,0.05,1.066981
398,double_dqn,2,8.97,11.04,18563,cpu,7,60,63.88,0.05,1.664626
399,double_dqn,2,8.9934,10.92,18563,cpu,9,66,83.64,0.05,0.854837
400,double_dqn,2,9.0349,11.06,18563,cpu,17,116,167.62,0.05,0.717937
401,double_dqn,2,9.0742,11.16,18563,cpu,12,110,117.13,0.05,1.177257
402,double_dqn,2,9.1104,11.28,18563,cpu,12,102,117.21,0.05,1.055471
403,double_dqn,2,9.1636,11.52,18563,cpu,19,149,189.01,0.05,0.651663
404,double_dqn,2,9.1884,11.44,18563,cpu,7,70,64.78,0.05,1.18332
405,double_dqn,2,9.2522,11.62,18563,cpu,22,179,220.44,0.05,1.602639
406,double_dqn,2,9.3425,12.0,18563,cpu,24,254,244.21,0.05,1.065703
407,double_dqn,2,9.3599,11.86,18563,cpu,8,49,73.4,0.05,0.789252
408,double_dqn,2,9.3816,11.82,18563,cpu,8,61,73.88,0.05,0.905501
409,double_dqn,2,9.4254,11.92,18563,cpu,16,123,158.14,0.05,0.766364
410,double_dqn,2,9.488,12.1,18563,cpu,19,176,191.84,0.05,0.65672
411,double_dqn,2,9.5162,11.96,18563,cpu,11,79,105.63,0.05,0.688317
412,double_dqn,2,9.5598,12.1,18563,cpu,12,123,117.1,0.05,1.131415
413,double_dqn,2,9.6252,12.54,18563,cpu,24,183,242.22,0.05,0.921047
414,double_dqn,2,9.708,12.88,18563,cpu,25,231,256.45,0.05,2.126981
415,double_dqn,2,9.7696,13.12,18563,cpu,24,173,241.72,0.05,0.530415
416,double_dqn,2,9.8339,13.16,18563,cpu,21,183,211.49,0.05,1.682688
417,double_dqn,2,9.8902,13.28,18563,cpu,19,160,189.0,0.05,1.168017
418,double_dqn,2,9.937,13.44,18563,cpu,16,133,158.24,0.05,0.482323
419,double_dqn,2,9.9436,13.22,18563,cpu,2,19,10.84,0.05,1.170774
420,double_dqn,2,9.9902,13.24,18563,cpu,14,104,136.81,0.05,1.101013
421,double_dqn,2,10.0421,13.2,18563,cpu,19,139,187.71,0.05,2.155323
422,double_dqn,2,10.0567,13.08,18563,cpu,3,41,20.93,0.05,0.56152
423,double_dqn,2,10.0601,13.06,18563,cpu,1,9,0.63,0.05,1.036149
424,double_dqn,2,10.0943,13.06,18563,cpu,11,96,106.76,0.05,0.836076
425,double_dqn,2,10.1186,12.94,18563,cpu,8,68,73.11,0.05,1.368088
426,double_dqn,2,10.1396,12.52,18563,cpu,6,59,53.88,0.05,1.046256
427,double_dqn,2,10.1566,12.4,18563,cpu,6,48,53.49,0.05,1.182059
428,double_dqn,2,10.2121,12.52,18563,cpu,21,156,209.06,0.05,1.708458
429,double_dqn,2,10.2779,12.7,18563,cpu,19,181,189.49,0.05,0.614322
430,double_dqn,2,10.3089,12.68,18563,cpu,13,83,125.81,0.05,1.629256
431,double_dqn,2,10.3343,12.38,18563,cpu,7,69,64.29,0.05,1.439966
432,double_dqn,2,10.337,12.18,18563,cpu,1,7,0.45,0.05,1.132748
433,double_dqn,2,10.3531,12.16,18563,cpu,6,44,53.33,0.05,1.243664
434,double_dqn,2,10.387,12.18,18563,cpu,12,92,115.91,0.05,1.436652
435,double_dqn,2,10.4262,12.1,18563,cpu,12,109,117.04,0.05,2.0704
436,double_dqn,2,10.4664,12.3,18563,cpu,13,113,125.51,0.05,1.073045
437,double_dqn,2,10.4908,12.26,18563,cpu,10,68,95.13,0.05,1.260266
438,double_dqn,2,10.4968,11.98,18563,cpu,2,17,10.86,0.05,0.568172
439,double_dqn,2,10.519,11.94,18563,cpu,10,62,93.99,0.05,1.304296
440,double_dqn,2,10.5439,12.14,18563,cpu,11,70,105.02,0.05,0.359702
441,double_dqn,2,10.6005,12.46,18563,cpu,20,160,200.71,0.05,0.864195
442,double_dqn,2,10.6336,12.68,18563,cpu,15,94,146.42,0.05,0.986143
443,double_dqn,2,10.6671,12.86,18563,cpu,14,95,136.4,0.05,0.616594
444,double_dqn,2,10.6879,12.62,18563,cpu,9,59,84.01,0.05,0.682478
445,double_dqn,2,10.7133,12.48,18563,cpu,10,72,94.49,0.05,0.779162
446,double_dqn,2,10.7436,12.48,18563,cpu,11,86,104.86,0.05,0.615462
447,double_dqn,2,10.7704,12.54,18563,cpu,9,76,85.34,0.05,1.005691
448,double_dqn,2,10.7789,12.46,18563,cpu,3,24,21.6,0.05,1.442516
449,double_dqn,2,10.8455,12.9,18563,cpu,31,188,312.04,0.05,0.871963
450,double_dqn,2,10.8958,12.9,18563,cpu,17,143,168.85,0.05,1.348584
451,double_dqn,2,10.9362,12.86,18563,cpu,10,115,97.76,0.05,1.496989
452,double_dqn,2,10.9999,13.14,18563,cpu,26,181,261.46,0.05,1.57165
453,double_dqn,2,11.0353,12.98,18563,cpu,11,101,106.61,0.05,1.212928
454,double_dqn,2,11.066,13.02,18563,cpu,9,88,86.82,0.05,1.321123
455,double_dqn,2,11.0976,12.84,18563,cpu,13,90,126.44,0.05,1.198484
456,double_dqn,2,11.1334,12.62,18563,cpu,13,102,127.12,0.05,0.784361
457,double_dqn,2,11.1823,12.82,18563,cpu,18,138,179.71,0.05,0.821014
458,double_dqn,2,11.2112,12.86,18563,cpu,10,83,96.08,0.05,1.395415
459,double_dqn,2,11.2456,12.88,18563,cpu,17,98,166.4,0.05,0.658753
460,double_dqn,2,11.26,12.6,18563,cpu,5,41,42.75,0.05,0.670824
461,double_dqn,2,11.2982,12.68,18563,cpu,15,109,148.17,0.05,1.570969
462,double_dqn,2,11.3497,12.76,18563,cpu,16,147,157.7,0.05,0.828564
463,double_dqn,2,11.3904,12.54,18563,cpu,13,116,125.78,0.05,1.009709
464,double_dqn,2,11.4467,12.42,18563,cpu,19,161,189.29,0.05,0.810814
465,double_dqn,2,11.4953,12.3,18563,cpu,18,139,177.8,0.05,0.589455
466,double_dqn,2,11.5157,12.02,18563,cpu,7,58,64.3,0.05,0.930117
467,double_dqn,2,11.5245,11.7,18563,cpu,3,25,21.89,0.05,1.204549
468,double_dqn,2,11.5592,11.58,18563,cpu,10,99,96.72,0.05,0.956778
469,double_dqn,2,11.5722,11.66,18563,cpu,6,37,52.5,0.05,1.00679
470,double_dqn,2,11.5849,11.46,18563,cpu,4,36,32.79,0.05,1.787718
471,double_dqn,2,11.5943,11.2,18563,cpu,6,27,51.6,0.05,1.211988
472,double_dqn,2,11.5975,11.2,18563,cpu,3,9,20.45,0.05,0.801389
473,double_dqn,2,11.657,11.54,18563,cpu,18,146,178.43,0.05,0.546041
474,double_dqn,2,11.7296,11.74,18563,cpu,21,160,209.42,0.05,1.787065
475,double_dqn,2,11.7558,11.8,18563,cpu,11,62,104.1,0.05,0.948153
476,double_dqn,2,11.801,11.94,18563,cpu,13,105,126.19,0.05,1.322744
477,double_dqn,2,11.8276,12.0,18563,cpu,9,62,84.08,0.05,1.344651
478,double_dqn,2,11.8752,11.84,18563,cpu,13,111,126.53,0.05,0.423226
479,double_dqn,2,11.8867,11.54,18563,cpu,4,27,31.78,0.05,1.662769
480,double_dqn,2,11.9262,11.56,18563,cpu,14,92,136.73,0.05,0.945049
481,double_dqn,2,12.0006,11.8,18563,cpu,19,175,189.75,0.05,1.289227
482,double_dqn,2,12.0345,11.98,18563,cpu,10,80,95.81,0.05,0.665814
483,double_dqn,2,12.0817,12.14,18563,cpu,14,110,137.75,0.05,1.387087
484,double_dqn,2,12.1182,12.08,18563,cpu,9,80,85.1,0.05,1.111548
485,double_dqn,2,12.1723,12.12,18563,cpu,14,104,136.81,0.05,0.705718
486,double_dqn,2,12.244,12.22,18563,cpu,18,147,180.32,0.05,0.139913
487,double_dqn,2,12.2677,12.16,18563,cpu,7,58,63.9,0.05,0.76905
488,double_dqn,2,12.3282,12.46,18563,cpu,17,149,167.19,0.05,0.124053
489,double_dqn,2,12.4033,12.76,18563,cpu,25,188,253.78,0.05,0.555999
490,double_dqn,2,12.4573,13.0,18563,cpu,23,137,229.57,0.05,1.75013
491,double_dqn,2,12.4707,12.7,18563,cpu,5,34,42.52,0.05,1.625911
492,double_dqn,2,12.5138,12.64,18563,cpu,12,86,115.77,0.05,0.762272
493,double_dqn,2,12.581,12.74,18563,cpu,19,168,190.52,0.05,1.722615
494,double_dqn,2,12.5896,12.62,18563,cpu,3,22,21.02,0.05,1.490272
495,double_dqn,2,12.596,12.48,18563,cpu,3,16,21.08,0.05,1.358323
496,double_dqn,2,12.6249,12.46,18563,cpu,10,72,94.49,0.05,0.130887
497,double_dqn,2,12.6599,12.52,18563,cpu,12,88,115.15,0.05,1.539299
498,double_dqn,2,12.6713,12.52,18563,cpu,3,29,22.05,0.05,0.606835
499,double_dqn,2,12.7481,12.34,18563,cpu,22,196,221.97,0.05,0.597918
500,double_dqn,2,12.8268,12.4,18563,cpu,20,204,201.27,0.05,1.159212
501,double_dqn,2,12.833,12.24,18563,cpu,2,16,11.17,0.05,1.564629
502,double_dqn,2,12.8924,12.06,18563,cpu,17,154,170.24,0.05,1.212299
503,double_dqn,2,12.9152,12.02,18563,cpu,9,59,84.21,0.05,1.021003
504,double_dqn,2,12.9653,12.2,18563,cpu,18,129,178.7,0.05,0.960957
505,double_dqn,2,12.991,12.1,18563,cpu,8,66,73.93,0.05,1.090079
506,double_dqn,2,13.0068,11.92,18563,cpu,4,41,32.04,0.05,1.13978
507,double_dqn,2,13.0482,11.88,18563,cpu,16,107,158.1,0.05,0.606572
508,double_dqn,2,13.0672,11.8,18563,cpu,6,49,52.78,0.05,1.180586
509,double_dqn,2,13.1164,11.7,18563,cpu,12,127,119.06,0.05,0.840834
510,double_dqn,2,13.1798,12.0,18563,cpu,20,164,201.47,0.05,0.486142
511,double_dqn,2,13.2182,11.9,18563,cpu,10,100,96.81,0.05,0.799744
512,double_dqn,2,13.224,11.62,18563,cpu,2,15,10.88,0.05,0.935182
513,double_dqn,2,13.2636,11.7,18563,cpu,17,103,166.05,0.05,0.955209
514,double_dqn,2,13.3081,11.62,18563,cpu,15,116,147.4,0.05,1.487467
515,double_dqn,2,13.3278,11.4,18563,cpu,7,51,63.67,0.05,1.482285
516,double_dqn,2,13.3333,11.32,18563,cpu,3,14,20.5,0.05,0.442364
517,double_dqn,2,13.4032,11.64,18563,cpu,19,181,191.89,0.05,1.298476
518,double_dqn,2,13.4101,11.5,18563,cpu,3,18,21.06,0.05,2.756805
519,double_dqn,2,13.4319,11.52,18563,cpu,7,57,64.01,0.05,1.426472
520,double_dqn,2,13.4943,11.82,18563,cpu,19,162,190.58,0.05,2.069372
521,double_dqn,2,13.5497,12.04,18563,cpu,17,140,170.38,0.05,0.647761
522,double_dqn,2,13.5765,12.18,18563,cpu,10,67,94.04,0.05,0.897852
523,double_dqn,2,13.5907,11.92,18563,cpu,5,36,41.9,0.05,0.763944
524,double_dqn,2,13.6165,11.62,18563,cpu,6,65,52.62,0.05,0.649192
525,double_dqn,2,13.6319,11.52,18563,cpu,6,39,52.28,0.05,1.4147
526,double_dqn,2,13.6426,11.36,18563,cpu,5,27,41.89,0.05,1.189986
527,double_dqn,2,13.6915,11.58,18563,cpu,20,122,198.29,0.05,0.568663
528,double_dqn,2,13.758,11.68,18563,cpu,18,167,178.32,0.05,1.014888
529,double_dqn,2,13.78,11.82,18563,cpu,11,55,103.67,0.05,0.936868
530,double_dqn,2,13.8138,11.7,18563,cpu,8,86,75.73,0.05,0.588162
531,double_dqn,2,13.8577,11.62,18563,cpu,15,110,146.26,0.05,1.537802
532,double_dqn,2,13.9117,11.74,18563,cpu,16,135,158.42,0.05,0.999963
533,double_dqn,2,13.9353,11.66,18563,cpu,10,59,93.92,0.05,1.74548
534,double_dqn,2,13.9693,11.74,18563,cpu,13,85,125.99,0.05,0.581783
535,double_dqn,2,14.0261,11.8,18563,cpu,17,142,170.76,0.05,1.037799
536,double_dqn,2,14.0338,11.5,18563,cpu,3,19,21.15,0.05,1.195924
537,double_dqn,2,14.0772,11.64,18563,cpu,14,109,136.66,0.05,1.088377
538,double_dqn,2,14.1124,11.52,18563,cpu,11,88,106.24,0.05,1.425537
539,double_dqn,2,14.2156,11.62,18563,cpu,30,258,304.83,0.05,1.385576
540,double_dqn,2,14.2612,11.5,18563,cpu,17,114,167.64,0.05,0.608622
541,double_dqn,2,14.3288,11.76,18563,cpu,18,170,180.99,0.05,0.732671
542,double_dqn,2,14.3656,11.72,18563,cpu,10,92,95.49,0.05,1.233541
543,double_dqn,2,14.3993,11.56,18563,cpu,11,85,104.97,0.05,1.119445
544,double_dqn,2,14.4672,11.9,18563,cpu,20,171,201.3,0.05,0.954223
545,double_dqn,2,14.4801,11.94,18563,cpu,5,33,42.03,0.05,0.853107
546,double_dqn,2,14.4977,11.86,18563,cpu,6,43,53.04,0.05,1.602996
547,double_dqn,2,14.5071,11.68,18563,cpu,3,23,21.71,0.05,1.312698
548,double_dqn,2,14.5371,11.8,18563,cpu,9,76,84.94,0.05,0.683698
549,double_dqn,2,14.5519,11.44,18563,cpu,4,38,32.17,0.05,1.730116
550,double_dqn,2,14.5647,11.1,18563,cpu,3,33,22.21,0.05,1.173213
551,double_dqn,2,14.6283,11.42,18563,cpu,18,161,181.18,0.05,1.546053
552,double_dqn,2,14.6667,11.28,18563,cpu,10,88,95.93,0.05,1.324318
553,double_dqn,2,14.7187,11.42,18563,cpu,16,129,159.28,0.05,1.62414
554,double_dqn,2,14.7666,11.32,18563,cpu,13,124,127.3,0.05,1.783792
555,double_dqn,2,14.7987,11.4,18563,cpu,12,83,115.5,0.05,1.167995
556,double_dqn,2,14.871,11.68,18563,cpu,18,189,180.9,0.05,2.139159
557,double_dqn,2,14.8968,11.58,18563,cpu,11,67,103.75,0.05,1.039495
558,double_dqn,2,14.9413,11.8,18563,cpu,17,112,167.66,0.05,1.086267
559,double_dqn,2,14.9627,11.72,18563,cpu,8,55,73.34,0.05,1.649978
560,double_dqn,2,15.0055,11.56,18563,cpu,12,111,116.62,0.05,0.456861
561,double_dqn,2,15.036,11.54,18563,cpu,9,78,86.12,0.05,0.594793
562,double_dqn,2,15.0893,11.82,18563,cpu,16,139,157.98,0.05,1.600898
563,double_dqn,2,15.1697,11.96,18563,cpu,24,209,240.76,0.05,0.922009
564,double_dqn,2,15.1732,11.7,18563,cpu,2,9,10.54,0.05,1.684104
565,double_dqn,2,15.1856,11.62,18563,cpu,3,32,22.52,0.05,1.108874
566,double_dqn,2,15.2117,11.74,18563,cpu,9,66,84.84,0.05,1.690306
567,double_dqn,2,15.2715,11.74,18563,cpu,19,156,191.04,0.05,0.473963
568,double_dqn,2,15.2863,11.82,18563,cpu,7,38,62.3,0.05,1.194539
569,double_dqn,2,15.3484,12.04,18563,cpu,18,162,178.67,0.05,0.85545
570,double_dqn,2,15.3737,11.78,18563,cpu,6,66,54.71,0.05,0.625954
571,double_dqn,2,15.4081,11.66,18563,cpu,11,90,106.22,0.05,0.975355
572,double_dqn,2,15.4218,11.52,18563,cpu,3,36,22.28,0.05,1.120471
573,double_dqn,2,15.4314,11.48,18563,cpu,3,25,21.69,0.05,0.72928
574,double_dqn,2,15.4697,11.6,18563,cpu,12,100,115.63,0.05,1.652492
575,double_dqn,2,15.5246,11.92,18563,cpu,22,143,217.4,0.05,0.665873
576,double_dqn,2,15.5435,11.94,18563,cpu,6,47,53.4,0.05,1.363467
577,double_dqn,2,15.5636,11.66,18563,cpu,6,49,53.78,0.05,0.946577
578,double_dqn,2,15.6133,11.6,18563,cpu,15,111,147.75,0.05,0.465269
579,double_dqn,2,15.6654,11.68,18563,cpu,15,118,148.38,0.05,1.037305
580,double_dqn,2,15.7258,11.74,18563,cpu,11,91,106.31,0.05,1.49018
581,double_dqn,2,15.7334,11.48,18563,cpu,2,18,11.15,0.05,0.746171
582,double_dqn,2,15.795,11.46,18563,cpu,15,151,150.35,0.05,1.216422
583,double_dqn,2,15.8268,11.48,18563,cpu,11,81,104.81,0.05,2.247265
584,double_dqn,2,15.8451,11.32,18563,cpu,5,47,42.89,0.05,0.818388
585,double_dqn,2,15.8704,11.16,18563,cpu,9,63,84.17,0.05,1.348034
586,double_dqn,2,15.9344,11.46,18563,cpu,18,162,180.47,0.05,0.388105
587,double_dqn,2,16.0441,11.66,18563,cpu,24,282,246.33,0.05,0.960302
588,double_dqn,2,16.1043,11.82,18563,cpu,19,157,190.53,0.05,0.858023
589,double_dqn,2,16.1483,11.5,18563,cpu,14,105,137.1,0.05,1.641851
590,double_dqn,2,16.1935,11.44,18563,cpu,14,114,137.91,0.05,0.53571
591,double_dqn,2,16.2356,11.38,18563,cpu,15,106,145.9,0.05,1.023711
592,double_dqn,2,16.3127,11.64,18563,cpu,23,193,230.81,0.05,1.485772
593,double_dqn,2,16.3711,11.78,18563,cpu,18,147,179.12,0.05,0.678254
594,double_dqn,2,16.433,11.72,18563,cpu,17,160,168.78,0.05,0.765593
595,double_dqn,2,16.4887,11.94,18563,cpu,16,143,158.34,0.05,0.172522
596,double_dqn,2,16.5163,12.0,18563,cpu,9,71,84.49,0.05,0.985138
597,double_dqn,2,16.531,12.04,18563,cpu,5,38,42.88,0.05,1.187986
598,double_dqn,2,16.5407,11.9,18563,cpu,2,25,11.78,0.05,0.401497
599,double_dqn,2,16.5532,11.9,18563,cpu,4,32,31.83,0.05,0.975596
600,double_dqn,2,16.618,12.24,18563,cpu,20,166,199.05,0.05,1.393282
601,double_dqn,2,16.6486,12.14,18563,cpu,13,73,124.51,0.05,0.963648
602,double_dqn,2,16.6913,12.26,18563,cpu,16,107,157.1,0.05,1.092731
603,double_dqn,2,16.7647,12.38,18563,cpu,22,187,223.16,0.05,1.390288
604,double_dqn,2,16.7974,12.26,18563,cpu,7,85,66.33,0.05,1.422346
605,double_dqn,2,16.8227,12.26,18563,cpu,12,65,114.28,0.05,0.698219
606,double_dqn,2,16.8615,12.22,18563,cpu,16,100,156.27,0.05,1.263483
607,double_dqn,2,16.9212,12.48,18563,cpu,24,152,239.23,0.05,1.279034
608,double_dqn,2,16.947,12.28,18563,cpu,7,66,64.22,0.05,1.032867
609,double_dqn,2,16.958,12.2,18563,cpu,4,28,31.47,0.05,1.263487
610,double_dqn,2,16.9988,12.22,18563,cpu,13,106,127.68,0.05,1.118158
611,double_dqn,2,17.0315,12.32,18563,cpu,14,84,135.01,0.05,0.824674
612,double_dqn,2,17.0693,12.22,18563,cpu,11,97,106.65,0.05,1.081873
613,double_dqn,2,17.1198,12.04,18563,cpu,15,128,148.68,0.05,1.250569
614,double_dqn,2,17.1312,12.08,18563,cpu,4,29,31.76,0.05,1.682809
615,double_dqn,2,17.142,12.1,18563,cpu,4,27,31.38,0.05,0.388058
616,double_dqn,2,17.2008,12.32,18563,cpu,20,145,199.16,0.05,0.576344
617,double_dqn,2,17.2266,12.12,18563,cpu,9,64,84.46,0.05,1.086344
618,double_dqn,2,17.2401,12.04,18563,cpu,3,33,22.21,0.05,1.282501
619,double_dqn,2,17.2613,11.9,18563,cpu,11,53,103.29,0.05,1.297892
620,double_dqn,2,17.2951,11.96,18563,cpu,9,86,85.64,0.05,1.655149
621,double_dqn,2,17.325,11.92,18563,cpu,9,76,85.74,0.05,0.392197
622,double_dqn,2,17.3565,12.06,18563,cpu,10,81,95.3,0.05,1.295777
623,double_dqn,2,17.3883,12.2,18563,cpu,10,82,95.59,0.05,0.648586
624,double_dqn,2,17.4096,12.06,18563,cpu,5,55,44.21,0.05,1.240346
625,double_dqn,2,17.4277,11.74,18563,cpu,6,47,53.6,0.05,1.111879
626,double_dqn,2,17.494,12.04,18563,cpu,21,170,210.52,0.05,0.901717
627,double_dqn,2,17.5244,12.12,18563,cpu,10,76,95.85,0.05,1.267052
628,double_dqn,2,17.5575,12.0,18563,cpu,9,82,85.28,0.05,1.285826
629,double_dqn,2,17.574,11.82,18563,cpu,6,41,53.06,0.05,1.073127
630,double_dqn,2,17.581,11.64,18563,cpu,2,17,10.86,0.05,1.229732
631,double_dqn,2,17.6186,11.84,18563,cpu,12,93,116.8,0.05,0.881603
632,double_dqn,2,17.6658,11.82,18563,cpu,14,117,135.58,0.05,0.859555
633,double_dqn,2,17.6766,11.66,18563,cpu,3,27,22.07,0.05,0.551602
634,double_dqn,2,17.7095,11.82,18563,cpu,13,82,125.52,0.05,0.765771
635,double_dqn,2,17.7542,11.92,18563,cpu,14,110,137.55,0.05,1.175458
636,double_dqn,2,17.7602,11.6,18563,cpu,2,15,11.08,0.05,0.961386
637,double_dqn,2,17.8225,11.56,18563,cpu,22,153,217.7,0.05,1.378411
638,double_dqn,2,17.8656,11.46,18563,cpu,14,107,137.48,0.05,2.22135
639,double_dqn,2,17.8794,11.28,18563,cpu,5,34,41.72,0.05,0.870862
640,double_dqn,2,17.9378,11.38,18563,cpu,19,144,188.96,0.05,0.671321
641,double_dqn,2,17.9583,11.24,18563,cpu,8,50,73.09,0.05,1.738015
642,double_dqn,2,17.9909,10.94,18563,cpu,8,80,75.99,0.05,0.883554
643,double_dqn,2,18.0557,11.0,18563,cpu,21,159,211.73,0.05,1.222501
644,double_dqn,2,18.0763,10.78,18563,cpu,6,51,53.76,0.05,0.841603
645,double_dqn,2,18.1296,10.82,18563,cpu,18,131,177.08,0.05,0.788507
646,double_dqn,2,18.1697,10.86,18563,cpu,11,99,106.23,0.05,0.608068
647,double_dqn,2,18.2453,11.14,18563,cpu,19,186,190.54,0.05,1.680655
648,double_dqn,2,18.2795,11.34,18563,cpu,12,84,115.59,0.05,1.248865
649,double_dqn,2,18.3444,11.58,18563,cpu,16,160,159.67,0.05,1.126107
650,double_dqn,2,18.3541,11.24,18563,cpu,3,24,21.4,0.05,0.698666
651,double_dqn,2,18.3908,11.24,18563,cpu,13,91,126.13,0.05,0.911659
652,double_dqn,2,18.4111,11.08,18563,cpu,8,50,73.29,0.05,1.186312
653,double_dqn,2,18.4301,10.8,18563,cpu,8,47,72.22,0.05,2.352864
654,double_dqn,2,18.4546,10.88,18563,cpu,11,60,103.52,0.05,1.143075
655,double_dqn,2,18.4921,10.82,18563,cpu,9,93,86.87,0.05,0.599776
656,double_dqn,2,18.5421,10.8,18563,cpu,15,125,148.61,0.05,0.933318
657,double_dqn,2,18.5949,10.74,18563,cpu,21,135,207.17,0.05,0.676805
658,double_dqn,2,18.6204,10.76,18563,cpu,8,65,74.44,0.05,1.088797
659,double_dqn,2,18.6462,10.88,18563,cpu,10,65,92.66,0.05,1.113615
660,double_dqn,2,18.6664,10.74,18563,cpu,6,49,53.38,0.05,1.41628
661,double_dqn,2,18.7008,10.72,18563,cpu,13,88,126.06,0.05,2.081445
662,double_dqn,2,18.7326,10.74,18563,cpu,12,82,115.81,0.05,1.338392
663,double_dqn,2,18.788,10.76,18563,cpu,16,142,157.25,0.05,0.94795
664,double_dqn,2,18.8533,11.04,18563,cpu,18,169,180.3,0.05,0.661478
665,double_dqn,2,18.8972,11.28,18563,cpu,16,113,157.24,0.05,1.256636
666,double_dqn,2,18.9168,11.0,18563,cpu,6,49,53.58,0.05,2.36606
667,double_dqn,2,18.946,10.98,18563,cpu,8,74,75.45,0.05,0.813828
668,double_dqn,2,18.9625,11.0,18563,cpu,4,42,31.53,0.05,0.833128
669,double_dqn,2,18.9841,10.86,18563,cpu,4,56,33.79,0.05,1.712449
670,double_dqn,2,19.0476,11.1,18563,cpu,21,163,208.69,0.05,1.1991
671,double_dqn,2,19.1107,11.3,18563,cpu,19,162,191.78,0.05,0.53001
672,double_dqn,2,19.1844,11.54,18563,cpu,22,190,221.83,0.05,1.09305
673,double_dqn,2,19.2237,11.58,18563,cpu,12,102,116.21,0.05,1.920172
674,double_dqn,2,19.2393,11.58,18563,cpu,5,40,42.86,0.05,0.878196
675,double_dqn,2,19.3073,11.9,18563,cpu,22,175,219.68,0.05,0.992132
676,double_dqn,2,19.3641,11.84,18563,cpu,18,146,177.63,0.05,1.534483
677,double_dqn,2,19.3773,11.74,18563,cpu,5,34,42.32,0.05,1.02034
678,double_dqn,2,19.469,12.16,18563,cpu,30,236,303.05,0.05,1.356161
679,double_dqn,2,19.5251,12.4,18563,cpu,18,145,178.14,0.05,1.484369
680,double_dqn,2,19.5853,12.68,18563,cpu,16,153,161.64,0.05,0.992394
681,double_dqn,2,19.603,12.54,18563,cpu,5,46,42.8,0.05,0.433944
682,double_dqn,2,19.6147,12.3,18563,cpu,2,30,11.83,0.05,1.557865
683,double_dqn,2,19.667,12.5,18563,cpu,13,136,128.38,0.05,0.794055
684,double_dqn,2,19.7079,12.48,18563,cpu,12,105,116.08,0.05,0.511772
685,double_dqn,2,19.7669,12.6,18563,cpu,20,151,200.9,0.05,0.664748
686,double_dqn,2,19.7808,12.68,18563,cpu,6,35,52.32,0.05,1.338831
687,double_dqn,2,19.7962,12.32,18563,cpu,4,40,32.35,0.05,1.987565
688,double_dqn,2,19.8372,12.34,18563,cpu,15,105,148.01,0.05,1.908772
689,double_dqn,2,19.8693,12.44,18563,cpu,10,83,95.28,0.05,0.685576
690,double_dqn,2,19.8901,12.18,18563,cpu,6,54,52.23,0.05,0.61527
691,double_dqn,2,19.9193,12.16,18563,cpu,7,73,64.05,0.05,0.792889
692,double_dqn,2,19.9548,12.24,18563,cpu,12,90,115.73,0.05,1.202121
693,double_dqn,2,19.9595,11.86,18563,cpu,2,12,10.81,0.05,1.774294
694,double_dqn,2,19.9629,11.76,18563,cpu,1,9,0.43,0.05,1.55262
695,double_dqn,2,20.0143,11.68,18563,cpu,14,132,136.53,0.05,0.950841
696,double_dqn,2,20.0322,11.62,18563,cpu,8,45,72.64,0.05,0.848756
697,double_dqn,2,20.0869,11.6,18563,cpu,18,141,179.38,0.05,1.335921
698,double_dqn,2,20.1327,11.68,18563,cpu,16,118,157.29,0.05,1.08231
699,double_dqn,2,20.1818,11.62,18563,cpu,13,125,125.59,0.05,0.321656
700,double_dqn,2,20.228,11.84,18563,cpu,14,119,136.96,0.05,2.077626
701,double_dqn,2,20.2318,11.6,18563,cpu,1,10,0.52,0.05,1.631589
702,double_dqn,2,20.2767,11.66,18563,cpu,11,115,108.47,0.05,0.50077
703,double_dqn,2,20.3162,11.8,18563,cpu,15,101,146.45,0.05,0.668476
704,double_dqn,2,20.3345,11.72,18563,cpu,7,47,63.51,0.05,0.885918
705,double_dqn,2,20.3602,11.76,18563,cpu,11,66,104.86,0.05,2.066545
706,double_dqn,2,20.3925,11.68,18563,cpu,11,83,106.19,0.05,2.175133
707,double_dqn,2,20.4421,11.56,18563,cpu,15,127,148.39,0.05,1.027769
708,double_dqn,2,20.4972,11.76,18563,cpu,18,142,178.67,0.05,1.818577
709,double_dqn,2,20.5686,12.06,18563,cpu,25,183,251.53,0.05,1.415102
710,double_dqn,2,20.5863,12.08,18563,cpu,7,45,62.93,0.05,0.714736
711,double_dqn,2,20.6515,12.14,18563,cpu,16,168,159.39,0.05,1.041293
712,double_dqn,2,20.6861,12.12,18563,cpu,11,89,105.93,0.05,0.838816
713,double_dqn,2,20.7387,12.14,18563,cpu,17,136,168.22,0.05,1.429122
714,double_dqn,2,20.7621,11.94,18563,cpu,8,60,73.19,0.05,0.663738
715,double_dqn,2,20.8537,11.98,18563,cpu,18,236,182.73,0.05,1.244438
716,double_dqn,2,20.8944,12.18,18563,cpu,16,104,157.03,0.05,1.077901
717,double_dqn,2,20.9012,12.06,18563,cpu,2,18,11.15,0.05,1.207306
718,double_dqn,2,20.9536,12.3,18563,cpu,16,133,158.24,0.05,1.20111
719,double_dqn,2,20.9563,12.22,18563,cpu,0,7,-9.66,0.05,0.676152
720,double_dqn,2,20.982,11.96,18563,cpu,8,67,74.62,0.05,0.587923
721,double_dqn,2,20.986,11.6,18563,cpu,1,10,0.72,0.05,0.599778
722,double_dqn,2,21.005,11.34,18563,cpu,9,49,83.31,0.05,0.716387
723,double_dqn,2,21.0411,11.34,18563,cpu,12,92,116.11,0.05,1.381786
724,double_dqn,2,21.0566,11.38,18563,cpu,7,40,62.88,0.05,1.172019
725,double_dqn,2,21.0911,11.18,18563,cpu,12,89,116.64,0.05,1.146166
726,double_dqn,2,21.0935,10.82,18563,cpu,0,6,-9.55,0.05,1.891856
727,double_dqn,2,21.1069,10.86,18563,cpu,7,35,62.23,0.05,0.853211
728,double_dqn,2,21.148,10.58,18563,cpu,16,106,156.81,0.05,1.1707
729,double_dqn,2,21.2256,10.72,18563,cpu,25,198,252.48,0.05,1.801519
730,double_dqn,2,21.2664,10.62,18563,cpu,11,105,105.57,0.05,0.631684
731,double_dqn,2,21.3045,10.78,18563,cpu,13,98,126.56,0.05,1.076175
732,double_dqn,2,21.3199,10.84,18563,cpu,5,40,42.86,0.05,1.24303
733,double_dqn,2,21.3435,10.72,18563,cpu,7,60,64.28,0.05,1.588197
734,double_dqn,2,21.3732,10.7,18563,cpu,11,77,104.85,0.05,0.881743
735,double_dqn,2,21.3899,10.4,18563,cpu,5,43,43.13,0.05,0.764181
736,double_dqn,2,21.4253,10.5,18563,cpu,11,90,104.82,0.05,1.512501
737,double_dqn,2,21.4777,10.76,18563,cpu,17,135,168.73,0.05,0.873004
738,double_dqn,2,21.4811,10.48,18563,cpu,1,9,0.63,0.05,1.622411
739,double_dqn,2,21.4839,10.3,18563,cpu,1,7,0.25,0.05,0.957145
740,double_dqn,2,21.4862,10.18,18563,cpu,0,6,-9.55,0.05,0.353908
741,double_dqn,2,21.5186,10.26,18563,cpu,11,81,104.81,0.05,0.381196
742,double_dqn,2,21.5635,10.32,18563,cpu,15,111,147.95,0.05,0.706229
743,double_dqn,2,21.5956,10.52,18563,cpu,12,79,115.54,0.05,1.149253
744,double_dqn,2,21.6367,10.82,18563,cpu,16,100,157.27,0.05,1.619819
745,double_dqn,2,21.662,10.72,18563,cpu,9,63,84.77,0.05,1.827209
746,double_dqn,2,21.6722,10.66,18563,cpu,5,25,41.71,0.05,1.513762
747,double_dqn,2,21.6762,10.32,18563,cpu,1,10,0.72,0.05,1.092386
748,double_dqn,2,21.7207,10.3,18563,cpu,15,109,146.97,0.05,1.126462
749,double_dqn,2,21.7694,10.36,18563,cpu,16,121,156.96,0.05,1.056592
750,double_dqn,2,21.8129,10.4,18563,cpu,16,106,157.81,0.05,0.637912
751,double_dqn,2,21.869,10.74,18563,cpu,18,139,180.0,0.05,1.730223
752,double_dqn,2,21.8745,10.56,18563,cpu,2,13,10.9,0.05,1.699655
753,double_dqn,2,21.8896,10.38,18563,cpu,6,38,52.59,0.05,1.368068
754,double_dqn,2,21.908,10.4,18563,cpu,8,46,72.93,0.05,0.363987
755,double_dqn,2,21.9131,10.22,18563,cpu,2,12,10.81,0.05,1.431865
756,double_dqn,2,21.9427,10.2,18563,cpu,10,73,94.58,0.05,1.83863
757,double_dqn,2,22.0133,10.3,18563,cpu,20,172,201.19,0.05,1.57285
758,double_dqn,2,22.0557,10.24,18563,cpu,15,105,147.21,0.05,0.831034
759,double_dqn,2,22.0784,9.86,18563,cpu,6,56,54.21,0.05,0.409202
760,double_dqn,2,22.0982,9.84,18563,cpu,6,49,53.38,0.05,1.478429
761,double_dqn,2,22.1309,9.68,18563,cpu,8,78,74.21,0.05,0.7975
762,double_dqn,2,22.1728,9.66,18563,cpu,10,100,96.61,0.05,0.777645
763,double_dqn,2,22.1945,9.48,18563,cpu,8,52,73.47,0.05,0.582491
764,double_dqn,2,22.2036,9.38,18563,cpu,3,20,21.04,0.05,0.753276
765,double_dqn,2,22.2613,9.34,18563,cpu,16,140,159.67,0.05,1.20398
766,double_dqn,2,22.3467,9.62,18563,cpu,30,209,303.02,0.05,0.856642
767,double_dqn,2,22.3674,9.78,18563,cpu,10,51,93.2,0.05,0.996978
768,double_dqn,2,22.4198,9.76,18563,cpu,15,129,148.37,0.05,0.552632
769,double_dqn,2,22.4667,10.06,18563,cpu,15,118,147.78,0.05,1.164717
770,double_dqn,2,22.5041,10.1,18563,cpu,10,92,95.29,0.05,1.435452
771,double_dqn,2,22.546,10.32,18563,cpu,12,104,117.59,0.05,1.05898
772,double_dqn,2,22.5919,10.44,18563,cpu,15,118,148.18,0.05,1.332712
773,double_dqn,2,22.6453,10.56,18563,cpu,18,136,178.33,0.05,0.746195
774,double_dqn,2,22.6507,10.48,18563,cpu,3,14,20.9,0.05,0.908421
775,double_dqn,2,22.6656,10.42,18563,cpu,9,38,82.52,0.05,1.40489
776,double_dqn,2,22.6884,10.6,18563,cpu,9,59,83.81,0.05,1.091532
777,double_dqn,2,22.7035,10.56,18563,cpu,5,38,42.28,0.05,1.375277
778,double_dqn,2,22.7532,10.58,18563,cpu,17,127,167.41,0.05,1.761569
779,double_dqn,2,22.8203,10.52,18563,cpu,22,173,220.9,0.05,1.074156
780,double_dqn,2,22.8695,10.62,18563,cpu,16,127,157.7,0.05,1.193193
781,double_dqn,2,22.8885,10.54,18563,cpu,9,48,82.82,0.05,1.63798
782,double_dqn,2,22.9455,10.78,18563,cpu,17,145,171.23,0.05,0.664702
783,double_dqn,2,22.9937,10.96,18563,cpu,16,124,158.03,0.05,1.657914
784,double_dqn,2,23.0191,10.94,18563,cpu,10,65,94.26,0.05,0.997689
785,double_dqn,2,23.0901,11.26,18563,cpu,21,183,210.09,0.05,1.065823
786,double_dqn,2,23.1053,11.14,18563,cpu,5,39,42.97,0.05,1.219697
787,double_dqn,2,23.1705,11.14,18563,cpu,17,167,171.61,0.05,0.445308
788,double_dqn,2,23.1842,11.22,18563,cpu,5,35,42.41,0.05,0.953399
789,double_dqn,2,23.2046,11.36,18563,cpu,8,52,72.47,0.05,0.965019
790,double_dqn,2,23.2746,11.82,18563,cpu,23,180,229.44,0.05,0.452513
791,double_dqn,2,23.3123,11.92,18563,cpu,16,96,156.91,0.05,1.170812
792,double_dqn,2,23.3368,11.78,18563,cpu,8,63,74.26,0.05,0.760984
793,double_dqn,2,23.3535,11.66,18563,cpu,6,43,52.64,0.05,1.076196
794,double_dqn,2,23.3816,11.52,18563,cpu,9,72,85.18,0.05,0.356421
795,double_dqn,2,23.3998,11.44,18563,cpu,5,47,43.49,0.05,1.267539
796,double_dqn,2,23.4217,11.5,18563,cpu,8,56,73.63,0.05,0.762006
797,double_dqn,2,23.4877,11.88,18563,cpu,20,169,200.32,0.05,1.533223
798,double_dqn,2,23.5345,11.94,18563,cpu,18,120,177.49,0.05,1.881873
799,double_dqn,2,23.5651,11.84,18563,cpu,11,78,105.54,0.05,1.180502
800,double_dqn,2,23.5885,11.64,18563,cpu,6,59,54.48,0.05,1.933484
801,double_dqn,2,23.6233,11.48,18563,cpu,10,89,96.42,0.05,1.060278
802,double_dqn,2,23.6968,11.94,18563,cpu,25,189,249.47,0.05,0.863446
803,double_dqn,2,23.7262,12.02,18563,cpu,10,76,94.85,0.05,1.093949
804,double_dqn,2,23.7589,12.04,18563,cpu,9,84,84.46,0.05,0.680032
805,double_dqn,2,23.7783,12.12,18563,cpu,6,50,53.47,0.05,0.960156
806,double_dqn,2,23.8063,12.08,18563,cpu,8,72,75.47,0.05,1.046827
807,double_dqn,2,23.8437,11.92,18563,cpu,12,96,116.27,0.05,1.093227
808,double_dqn,2,23.8918,11.96,18563,cpu,17,123,167.85,0.05,1.281146
809,double_dqn,2,23.9854,12.4,18563,cpu,28,238,284.41,0.05,1.129349
810,double_dqn,2,23.998,12.38,18563,cpu,5,32,42.14,0.05,1.469855
811,double_dqn,2,24.056,12.54,18563,cpu,16,149,160.08,0.05,0.914603
812,double_dqn,2,24.0967,12.54,18563,cpu,10,104,97.77,0.05,0.763789
813,double_dqn,2,24.1347,12.58,18563,cpu,10,98,97.23,0.05,1.613929
814,double_dqn,2,24.1755,12.78,18563,cpu,13,105,127.19,0.05,0.852361
815,double_dqn,2,24.1894,12.52,18563,cpu,3,36,20.48,0.05,0.423214
816,double_dqn,2,24.2185,12.16,18563,cpu,12,74,114.49,0.05,0.690588
817,double_dqn,2,24.2867,12.32,18563,cpu,18,176,180.93,0.05,0.925038
818,double_dqn,2,24.3416,12.32,18563,cpu,15,142,147.54,0.05,0.958243
819,double_dqn,2,24.3452,12.04,18563,cpu,1,9,0.63,0.05,1.805993
820,double_dqn,2,24.3848,12.1,18563,cpu,13,102,127.32,0.05,1.653996
821,double_dqn,2,24.4187,12.1,18563,cpu,12,87,116.46,0.05,1.316778
822,double_dqn,2,24.4742,12.16,18563,cpu,18,143,180.56,0.05,1.742895
823,double_dqn,2,24.4975,11.96,18563,cpu,8,60,73.99,0.05,1.025995
824,double_dqn,2,24.5552,12.16,18563,cpu,13,128,128.06,0.05,1.644404
825,double_dqn,2,24.5658,12.08,18563,cpu,5,26,41.8,0.05,1.466202
826,double_dqn,2,24.6048,12.14,18563,cpu,12,99,116.34,0.05,0.586965
827,double_dqn,2,24.6179,12.1,18563,cpu,3,34,22.7,0.05,0.963898
828,double_dqn,2,24.6632,12.08,18563,cpu,16,117,157.8,0.05,1.230802
829,double_dqn,2,24.7128,11.92,18563,cpu,14,129,138.46,0.05,0.770162
830,double_dqn,2,24.7498,11.84,18563,cpu,12,96,116.67,0.05,1.944839
831,double_dqn,2,24.8141,12.02,18563,cpu,18,167,178.52,0.05,0.425048
832,double_dqn,2,24.8773,12.02,18563,cpu,17,164,170.34,0.05,1.546735
833,double_dqn,2,24.8875,11.8,18563,cpu,5,27,41.49,0.05,1.191372
834,double_dqn,2,24.9042,11.74,18563,cpu,7,43,62.35,0.05,1.935647
835,double_dqn,2,24.912,11.36,18563,cpu,2,20,11.53,0.05,1.12196
836,double_dqn,2,24.9324,11.46,18563,cpu,10,52,92.69,0.05,1.122397
837,double_dqn,2,24.971,11.38,18563,cpu,13,99,125.05,0.05,1.245771
838,double_dqn,2,25.0293,11.66,18563,cpu,19,151,189.39,0.05,1.177998
839,double_dqn,2,25.096,11.94,18563,cpu,22,170,218.43,0.05,0.76081
840,double_dqn,2,25.1434,11.72,18563,cpu,12,122,119.41,0.05,0.746279
841,double_dqn,2,25.1858,11.64,18563,cpu,12,111,116.22,0.05,0.841934
842,double_dqn,2,25.2396,11.84,18563,cpu,18,139,178.4,0.05,0.753714
843,double_dqn,2,25.2461,11.78,18563,cpu,3,17,21.17,0.05,0.655428
844,double_dqn,2,25.2548,11.68,18563,cpu,4,22,30.93,0.05,1.278849
845,double_dqn,2,25.3332,11.96,18563,cpu,19,202,193.78,0.05,1.319588
846,double_dqn,2,25.3935,12.2,18563,cpu,20,158,199.13,0.05,0.264539
847,double_dqn,2,25.4127,11.96,18563,cpu,8,50,73.09,0.05,1.091033
848,double_dqn,2,25.467,11.9,18563,cpu,15,142,148.94,0.05,0.823768
849,double_dqn,2,25.489,11.86,18563,cpu,9,58,84.12,0.05,0.609128
850,double_dqn,2,25.5184,11.94,18563,cpu,10,75,93.56,0.05,0.773646
851,double_dqn,2,25.5535,11.98,18563,cpu,12,88,116.15,0.05,0.912363
852,double_dqn,2,25.6245,11.88,18563,cpu,20,176,202.15,0.05,0.426111
853,double_dqn,2,25.6761,11.96,18563,cpu,14,128,137.77,0.05,0.630292
854,double_dqn,2,25.738,12.14,18563,cpu,18,154,177.95,0.05,1.449122
855,double_dqn,2,25.8013,12.42,18563,cpu,20,155,199.66,0.05,0.938506
856,double_dqn,2,25.8456,12.52,18563,cpu,13,101,126.03,0.05,1.310068
857,double_dqn,2,25.8495,12.28,18563,cpu,0,9,-9.28,0.05,1.510833
858,double_dqn,2,25.9612,12.46,18563,cpu,26,206,261.11,0.05,0.857119
859,double_dqn,2,25.984,12.08,18563,cpu,9,55,82.45,0.05,0.949728
860,double_dqn,2,26.0033,12.1,18563,cpu,6,47,51.6,0.05,1.02234
861,double_dqn,2,26.0486,12.1,18563,cpu,16,111,157.26,0.05,1.174441
862,double_dqn,2,26.1019,12.2,18563,cpu,15,131,147.75,0.05,1.500679
863,double_dqn,2,26.1123,12.08,18563,cpu,4,25,31.8,0.05,1.054939
864,double_dqn,2,26.1421,12.04,18563,cpu,11,74,104.98,0.05,1.688928
865,double_dqn,2,26.1664,12.12,18563,cpu,7,60,64.68,0.05,1.167953
866,double_dqn,2,26.2104,12.14,18563,cpu,13,109,127.75,0.05,0.714613
867,double_dqn,2,26.2531,12.0,18563,cpu,11,106,107.06,0.05,1.096768
868,double_dqn,2,26.3132,12.06,18563,cpu,18,149,179.7,0.05,1.59797
869,double_dqn,2,26.3611,12.36,18563,cpu,16,119,158.38,0.05,1.236158
870,double_dqn,2,26.4363,12.48,18563,cpu,19,188,191.92,0.05,1.231978
871,double_dqn,2,26.4772,12.44,18563,cpu,10,98,96.03,0.05,0.798952
872,double_dqn,2,26.5235,12.34,18563,cpu,13,115,128.09,0.05,1.617766
873,double_dqn,2,26.5453,12.3,18563,cpu,6,54,54.03,0.05,0.729096
874,double_dqn,2,26.5628,12.22,18563,cpu,9,45,82.95,0.05,1.392332
875,double_dqn,2,26.6288,12.48,18563,cpu,18,148,180.01,0.05,1.469021
876,double_dqn,2,26.7056,12.44,18563,cpu,10,65,94.66,0.05,0.807786
877,double_dqn,2,26.7705,12.58,18563,cpu,10,73,93.18,0.05,0.512122
878,double_dqn,2,26.8589,12.56,18563,cpu,15,167,150.39,0.05,0.793509
879,double_dqn,2,26.895,12.48,18563,cpu,10,89,94.82,0.05,0.303646
880,double_dqn,2,26.9182,12.38,18563,cpu,7,59,64.39,0.05,0.745961
881,double_dqn,2,26.9231,12.1,18563,cpu,4,12,30.63,0.05,1.347873
882,double_dqn,2,27.0106,12.28,18563,cpu,26,223,261.64,0.05,0.477773
883,double_dqn,2,27.0593,12.52,18563,cpu,17,125,168.23,0.05,2.2927
884,double_dqn,2,27.0878,12.58,18563,cpu,10,73,94.58,0.05,1.594667
885,double_dqn,2,27.1183,12.72,18563,cpu,9,75,85.65,0.05,1.497711
886,double_dqn,2,27.1487,12.68,18563,cpu,8,77,75.92,0.05,1.261615
887,double_dqn,2,27.195,12.74,18563,cpu,16,121,158.56,0.05,1.174573
888,double_dqn,2,27.2242,12.54,18563,cpu,9,76,85.74,0.05,0.805698
889,double_dqn,2,27.2789,12.44,18563,cpu,17,142,170.36,0.05,0.58321
890,double_dqn,2,27.3045,12.36,18563,cpu,8,67,74.82,0.05,1.308459
891,double_dqn,2,27.3155,12.24,18563,cpu,6,29,51.78,0.05,0.794571
892,double_dqn,2,27.3475,12.1,18563,cpu,11,84,105.88,0.05,0.828612
893,double_dqn,2,27.4143,12.5,18563,cpu,23,173,231.61,0.05,0.740464
894,double_dqn,2,27.4214,12.48,18563,cpu,3,19,20.75,0.05,0.965706
895,double_dqn,2,27.4418,12.24,18563,cpu,7,54,63.94,0.05,0.599358
896,double_dqn,2,27.4873,12.16,18563,cpu,16,119,156.78,0.05,1.436363
897,double_dqn,2,27.5357,12.24,18563,cpu,12,126,118.77,0.05,1.564828
898,double_dqn,2,27.5523,12.06,18563,cpu,6,42,52.75,0.05,0.777426
899,double_dqn,2,27.5848,12.12,18563,cpu,12,86,115.77,0.05,1.128396
900,double_dqn,2,27.605,12.1,18563,cpu,9,54,82.76,0.05,0.547981
901,double_dqn,2,27.6352,12.06,18563,cpu,10,78,95.43,0.05,1.649843
902,double_dqn,2,27.6494,11.82,18563,cpu,8,36,72.23,0.05,0.897126
903,double_dqn,2,27.6686,11.72,18563,cpu,9,50,83.4,0.05,0.64844
904,double_dqn,2,27.6811,11.42,18563,cpu,3,33,22.21,0.05,1.26322
905,double_dqn,2,27.7691,11.52,18563,cpu,25,229,249.87,0.05,1.482194
906,double_dqn,2,27.8362,11.7,18563,cpu,22,177,220.06,0.05,0.821789
907,double_dqn,2,27.8932,12.04,18563,cpu,17,150,168.68,0.05,0.389975
908,double_dqn,2,27.9315,11.84,18563,cpu,16,99,156.98,0.05,0.901183
909,double_dqn,2,27.944,11.72,18563,cpu,3,32,22.32,0.05,0.565657
910,double_dqn,2,27.9688,11.76,18563,cpu,8,65,74.24,0.05,0.763293
911,double_dqn,2,27.9927,11.6,18563,cpu,8,64,73.95,0.05,1.106716
912,double_dqn,2,28.0317,11.58,18563,cpu,14,103,134.92,0.05,1.297359
913,double_dqn,2,28.0568,11.62,18563,cpu,6,66,55.11,0.05,1.313582
914,double_dqn,2,28.0861,11.6,18563,cpu,10,77,95.54,0.05,1.595705
915,double_dqn,2,28.1231,11.68,18563,cpu,11,97,105.85,0.05,0.375954
916,double_dqn,2,28.1439,11.54,18563,cpu,6,50,53.47,0.05,0.308312
917,double_dqn,2,28.1987,11.68,18563,cpu,18,143,179.96,0.05,0.490468
918,double_dqn,2,28.2359,11.6,18563,cpu,14,97,136.38,0.05,0.601734
919,double_dqn,2,28.2443,11.34,18563,cpu,3,22,21.62,0.05,1.06031
920,double_dqn,2,28.2827,11.24,18563,cpu,14,101,136.54,0.05,1.674388
921,double_dqn,2,28.287,11.08,18563,cpu,2,11,10.72,0.05,1.548535
922,double_dqn,2,28.3074,10.98,18563,cpu,8,54,74.05,0.05,0.776891
923,double_dqn,2,28.3318,11.06,18563,cpu,10,64,94.57,0.05,1.72759
924,double_dqn,2,28.377,11.16,18563,cpu,14,120,137.45,0.05,1.389205
925,double_dqn,2,28.4574,11.28,18563,cpu,24,211,244.34,0.05,0.710254
926,double_dqn,2,28.4715,11.16,18563,cpu,4,37,31.88,0.05,1.014054
927,double_dqn,2,28.4902,11.12,18563,cpu,8,49,72.6,0.05,0.677498
928,double_dqn,2,28.4979,10.88,18563,cpu,3,20,21.24,0.05,1.479561
929,double_dqn,2,28.518,10.82,18563,cpu,7,52,63.56,0.05,1.479316
930,double_dqn,2,28.5619,10.98,18563,cpu,15,116,147.0,0.05,1.101837
931,double_dqn,2,28.5806,11.02,18563,cpu,6,49,52.58,0.05,0.967455
932,double_dqn,2,28.6315,10.78,18563,cpu,14,133,137.02,0.05,0.945365
933,double_dqn,2,28.6745,10.72,18563,cpu,14,112,137.73,0.05,0.561395
934,double_dqn,2,28.7306,10.84,18563,cpu,16,146,159.61,0.05,1.224717
935,double_dqn,2,28.7762,10.98,18563,cpu,16,119,158.38,0.05,1.351068
936,double_dqn,2,28.8298,11.2,18563,cpu,19,140,190.0,0.05,1.318059
937,double_dqn,2,28.8473,11.0,18563,cpu,6,47,53.4,0.05,2.330802
938,double_dqn,2,28.8876,11.08,18563,cpu,13,105,125.59,0.05,1.05802
939,double_dqn,2,28.9805,11.32,18563,cpu,29,242,295.48,0.05,1.850917
940,double_dqn,2,29.0141,11.4,18563,cpu,12,88,115.95,0.05,1.235759
941,double_dqn,2,29.0697,11.6,18563,cpu,16,146,159.41,0.05,1.379723
942,double_dqn,2,29.1053,11.62,18563,cpu,12,93,116.4,0.05,1.083135
943,double_dqn,2,29.1107,11.18,18563,cpu,1,14,1.08,0.05,0.904789
944,double_dqn,2,29.1149,11.14,18563,cpu,1,11,0.81,0.05,0.849091
945,double_dqn,2,29.1396,11.16,18563,cpu,8,64,73.55,0.05,1.293458
946,double_dqn,2,29.15,10.92,18563,cpu,4,27,31.78,0.05,1.552667
947,double_dqn,2,29.1785,10.86,18563,cpu,9,75,84.25,0.05,0.779439
948,double_dqn,2,29.1874,10.8,18563,cpu,3,23,21.71,0.05,1.293921
949,double_dqn,2,29.2516,10.98,18563,cpu,21,169,208.23,0.05,1.218989
950,double_dqn,2,29.2943,11.08,18563,cpu,14,112,138.53,0.05,0.522091
951,double_dqn,2,29.3311,11.12,18563,cpu,12,97,115.96,0.05,1.88161
952,double_dqn,2,29.3385,11.02,18563,cpu,3,19,21.35,0.05,0.818769
953,double_dqn,2,29.3807,11.12,18563,cpu,14,111,135.64,0.05,1.224107
954,double_dqn,2,29.4225,11.34,18563,cpu,14,110,137.55,0.05,1.171743
955,double_dqn,2,29.4751,11.12,18563,cpu,14,138,139.67,0.05,1.975286
956,double_dqn,2,29.5042,10.86,18563,cpu,9,76,85.74,0.05,1.84987
957,double_dqn,2,29.5353,10.78,18563,cpu,13,79,124.65,0.05,1.06075
958,double_dqn,2,29.585,10.68,18563,cpu,11,126,105.06,0.05,1.727613
959,double_dqn,2,29.6313,10.9,18563,cpu,14,118,138.07,0.05,1.059197
960,double_dqn,2,29.634,10.76,18563,cpu,1,7,0.45,0.05,0.655151
961,double_dqn,2,29.674,10.9,18563,cpu,15,100,146.36,0.05,1.375601
962,double_dqn,2,29.6805,10.66,18563,cpu,2,16,11.17,0.05,1.008513
963,double_dqn,2,29.7229,10.84,18563,cpu,15,106,147.3,0.05,0.487844
964,double_dqn,2,29.7899,11.04,18563,cpu,20,169,202.12,0.05,2.186827
965,double_dqn,2,29.836,11.16,18563,cpu,17,117,167.11,0.05,1.209291
966,double_dqn,2,29.8626,11.22,18563,cpu,9,67,84.93,0.05,0.728516
967,double_dqn,2,29.8729,10.92,18563,cpu,3,26,21.58,0.05,0.966091
968,double_dqn,2,29.9093,10.88,18563,cpu,12,93,116.2,0.05,2.121572
969,double_dqn,2,30.0053,11.18,18563,cpu,18,242,178.47,0.05,0.811322
970,double_dqn,2,30.0433,11.12,18563,cpu,11,96,106.56,0.05,1.013367
971,double_dqn,2,30.0756,11.26,18563,cpu,9,83,85.77,0.05,1.003181
972,double_dqn,2,30.1297,11.4,18563,cpu,15,136,148.2,0.05,1.169488
973,double_dqn,2,30.1465,11.32,18563,cpu,6,42,52.95,0.05,1.30466
974,double_dqn,2,30.1992,11.4,18563,cpu,18,133,178.46,0.05,0.835971
975,double_dqn,2,30.2177,11.0,18563,cpu,4,47,33.58,0.05,0.665105
976,double_dqn,2,30.2365,11.04,18563,cpu,6,47,53.4,0.05,1.474985
977,double_dqn,2,30.2593,11.06,18563,cpu,9,58,83.72,0.05,0.583966
978,double_dqn,2,30.3221,11.34,18563,cpu,17,158,169.0,0.05,1.285504
979,double_dqn,2,30.3774,11.52,18563,cpu,16,139,159.98,0.05,1.194499
980,double_dqn,2,30.4243,11.48,18563,cpu,13,119,127.25,0.05,0.954083
981,double_dqn,2,30.4593,11.56,18563,cpu,10,88,96.33,0.05,1.134595
982,double_dqn,2,30.4934,11.48,18563,cpu,10,86,96.15,0.05,1.283081
983,double_dqn,2,30.5661,11.6,18563,cpu,20,187,202.14,0.05,0.839051
984,double_dqn,2,30.6328,11.66,18563,cpu,19,173,190.17,0.05,0.949132
985,double_dqn,2,30.6371,11.36,18563,cpu,1,11,0.61,0.05,0.829387
986,double_dqn,2,30.6832,11.3,18563,cpu,16,120,157.47,0.05,0.651409
987,double_dqn,2,30.6972,11.28,18563,cpu,5,37,42.39,0.05,0.775643
988,double_dqn,2,30.7313,11.28,18563,cpu,13,89,126.35,0.05,0.798433
989,double_dqn,2,30.7581,10.9,18563,cpu,10,69,95.02,0.05,0.824477
990,double_dqn,2,30.7954,10.9,18563,cpu,12,99,115.34,0.05,1.369387
991,double_dqn,2,30.8049,10.62,18563,cpu,2,25,9.78,0.05,1.219752
992,double_dqn,2,30.8185,10.44,18563,cpu,3,36,22.88,0.05,1.211901
993,double_dqn,2,30.8213,10.42,18563,cpu,0,7,-9.46,0.05,0.893265
994,double_dqn,2,30.8659,10.66,18563,cpu,13,117,128.67,0.05,1.046928
995,double_dqn,2,30.8832,10.6,18563,cpu,5,46,42.6,0.05,1.252549
996,double_dqn,2,30.8901,10.56,18563,cpu,2,18,10.95,0.05,1.065057
997,double_dqn,2,30.9061,10.48,18563,cpu,5,42,43.24,0.05,0.765624
998,double_dqn,2,30.9088,10.44,18563,cpu,1,7,0.45,0.05,1.086957
999,double_dqn,2,30.9484,10.3,18563,cpu,14,102,136.23,0.05,0.870683
1000,double_dqn,2,30.9917,10.3,18563,cpu,14,113,136.42,0.05,1.075005
1001,double_dqn,2,31.0197,10.28,18563,cpu,11,74,104.98,0.05,0.533139
1002,double_dqn,2,31.0616,10.52,18563,cpu,15,110,147.46,0.05,0.946529
1003,double_dqn,2,31.0885,10.36,18563,cpu,6,70,54.07,0.05,0.819062
1004,double_dqn,2,31.1192,10.3,18563,cpu,11,80,105.52,0.05,0.736329
1005,double_dqn,2,31.192,10.52,18563,cpu,25,189,253.47,0.05,0.467325
1006,double_dqn,2,31.2106,10.44,18563,cpu,5,49,43.87,0.05,0.560845
1007,double_dqn,2,31.262,10.58,18563,cpu,20,134,198.77,0.05,0.986201
1008,double_dqn,2,31.3287,10.8,18563,cpu,22,175,221.48,0.05,1.621683
1009,double_dqn,2,31.3461,10.66,18563,cpu,7,46,62.82,0.05,1.637671
1010,double_dqn,2,31.3856,10.88,18563,cpu,12,104,115.39,0.05,1.247305
1011,double_dqn,2,31.4222,10.86,18563,cpu,14,95,136.0,0.05,1.539631
1012,double_dqn,2,31.4447,10.92,18563,cpu,5,60,43.86,0.05,1.891194
1013,double_dqn,2,31.4572,10.72,18563,cpu,5,33,42.03,0.05,1.254197
1014,double_dqn,2,31.5027,10.6,18563,cpu,14,120,138.25,0.05,1.286189
1015,double_dqn,2,31.5165,10.36,18563,cpu,5,36,42.7,0.05,1.446874
1016,double_dqn,2,31.5303,10.26,18563,cpu,4,36,32.19,0.05,0.886521
1017,double_dqn,2,31.575,10.52,18563,cpu,16,118,157.49,0.05,1.448578
1018,double_dqn,2,31.6271,10.64,18563,cpu,18,136,177.93,0.05,1.335321
1019,double_dqn,2,31.6983,10.72,18563,cpu,22,184,218.89,0.05,0.934817
1020,double_dqn,2,31.7007,10.5,18563,cpu,0,6,-9.75,0.05,0.789414
1021,double_dqn,2,31.7532,10.64,18563,cpu,16,127,157.9,0.05,1.807105
1022,double_dqn,2,31.8193,10.66,18563,cpu,16,129,158.48,0.05,1.395835
1023,double_dqn,2,31.8649,10.74,18563,cpu,10,120,96.01,0.05,2.084013
1024,double_dqn,2,31.8804,10.48,18563,cpu,5,41,42.95,0.05,1.226878
1025,double_dqn,2,31.933,10.8,18563,cpu,20,135,199.06,0.05,0.805056
1026,double_dqn,2,31.9661,10.9,18563,cpu,11,86,106.46,0.05,1.004611
1027,double_dqn,2,32.0042,10.94,18563,cpu,11,102,106.5,0.05,1.122733
1028,double_dqn,2,32.0322,10.78,18563,cpu,9,74,84.36,0.05,1.030895
1029,double_dqn,2,32.1091,10.92,18563,cpu,23,203,234.31,0.05,0.353858
1030,double_dqn,2,32.1291,10.8,18563,cpu,7,53,63.65,0.05,0.745882
1031,double_dqn,2,32.1498,10.68,18563,cpu,4,54,34.41,0.05,1.707122
1032,double_dqn,2,32.1527,10.48,18563,cpu,0,7,-9.46,0.05,1.094616
1033,double_dqn,2,32.2004,10.38,18563,cpu,15,126,147.3,0.05,1.052881
1034,double_dqn,2,32.2771,10.48,18563,cpu,24,202,242.53,0.05,1.163445
1035,double_dqn,2,32.3234,10.7,18563,cpu,12,123,118.1,0.05,0.783676
1036,double_dqn,2,32.3509,10.62,18563,cpu,12,72,114.71,0.05,0.749937
1037,double_dqn,2,32.373,10.76,18563,cpu,12,58,113.05,0.05,1.435003
1038,double_dqn,2,32.3928,10.68,18563,cpu,9,52,83.38,0.05,1.266455
1039,double_dqn,2,32.4086,10.6,18563,cpu,6,42,53.15,0.05,0.613535
1040,double_dqn,2,32.4322,10.48,18563,cpu,6,62,54.55,0.05,1.35314
1041,double_dqn,2,32.4428,10.52,18563,cpu,4,28,31.87,0.05,1.467343
1042,double_dqn,2,32.4565,10.54,18563,cpu,4,36,32.59,0.05,0.650576
1043,double_dqn,2,32.5278,10.94,18563,cpu,20,188,201.03,0.05,0.83307
1044,double_dqn,2,32.5675,11.02,18563,cpu,17,105,167.03,0.05,0.748951
1045,double_dqn,2,32.6242,11.34,18563,cpu,21,148,210.74,0.05,1.082385
1046,double_dqn,2,32.6547,11.54,18563,cpu,12,78,115.45,0.05,0.645072
1047,double_dqn,2,32.6788,11.64,18563,cpu,10,63,94.08,0.05,1.169374
1048,double_dqn,2,32.7078,11.84,18563,cpu,11,77,104.85,0.05,0.334364
1049,double_dqn,2,32.7105,11.58,18563,cpu,1,7,0.45,0.05,1.181339
1050,double_dqn,2,32.7905,11.74,18563,cpu,22,212,220.01,0.05,0.858337
1051,double_dqn,2,32.8285,11.82,18563,cpu,15,100,146.36,0.05,0.737081
1052,double_dqn,2,32.8725,11.76,18563,cpu,12,116,118.67,0.05,1.361992
1053,double_dqn,2,32.9194,11.96,18563,cpu,16,123,157.74,0.05,1.594361
1054,double_dqn,2,32.9233,11.76,18563,cpu,1,10,0.72,0.05,1.026396
1055,double_dqn,2,32.9882,11.68,18563,cpu,21,169,210.03,0.05,0.658062
1056,double_dqn,2,33.0633,11.98,18563,cpu,20,197,203.04,0.05,0.851342
1057,double_dqn,2,33.0837,11.76,18563,cpu,9,54,83.56,0.05,0.691899
1058,double_dqn,2,33.1147,11.56,18563,cpu,12,81,115.12,0.05,1.260421
1059,double_dqn,2,33.1201,11.44,18563,cpu,1,14,1.08,0.05,0.837782
1060,double_dqn,2,33.1444,11.36,18563,cpu,8,63,74.06,0.05,1.533064
1061,double_dqn,2,33.1698,11.3,18563,cpu,11,66,104.46,0.05,1.489285
1062,double_dqn,2,33.1902,11.38,18563,cpu,9,54,83.16,0.05,0.883705
1063,double_dqn,2,33.2057,11.34,18563,cpu,3,41,22.93,0.05,2.169845
1064,double_dqn,2,33.2237,11.18,18563,cpu,6,49,52.78,0.05,1.361178
1065,double_dqn,2,33.2451,11.22,18563,cpu,7,56,64.32,0.05,0.569222
1066,double_dqn,2,33.304,11.54,18563,cpu,20,156,200.95,0.05,0.351818
1067,double_dqn,2,33.3456,11.5,18563,cpu,14,110,136.55,0.05,1.716852
1068,double_dqn,2,33.3708,11.42,18563,cpu,14,67,134.48,0.05,1.684204
1069,double_dqn,2,33.4097,11.26,18563,cpu,14,104,135.41,0.05,0.751838
1070,double_dqn,2,33.417,11.32,18563,cpu,3,19,21.15,0.05,1.783545
1071,double_dqn,2,33.4727,11.36,18563,cpu,18,148,179.41,0.05,1.243825
1072,double_dqn,2,33.5507,11.46,18563,cpu,21,199,212.53,0.05,1.394184
1073,double_dqn,2,33.6065,11.66,18563,cpu,20,142,199.29,0.05,1.016146
1074,double_dqn,2,33.6243,11.7,18563,cpu,7,46,63.02,0.05,0.748127
1075,double_dqn,2,33.6505,11.5,18563,cpu,10,66,94.15,0.05,1.301392
1076,double_dqn,2,33.6763,11.48,18563,cpu,10,66,92.35,0.05,0.602742
1077,double_dqn,2,33.6945,11.36,18563,cpu,5,46,42.4,0.05,1.055808
1078,double_dqn,2,33.7211,11.38,18563,cpu,10,68,94.33,0.05,0.831021
1079,double_dqn,2,33.7673,11.18,18563,cpu,13,117,128.67,0.05,0.381322
1080,double_dqn,2,33.821,11.4,18563,cpu,18,135,177.24,0.05,1.003437
1081,double_dqn,2,33.8383,11.4,18563,cpu,4,44,32.31,0.05,0.597492
1082,double_dqn,2,33.8814,11.72,18563,cpu,16,110,158.37,0.05,1.167082
1083,double_dqn,2,33.9377,11.78,18563,cpu,18,143,177.76,0.05,1.733158
1084,double_dqn,2,33.9588,11.44,18563,cpu,7,53,63.65,0.05,1.667314
1085,double_dqn,2,33.9683,11.24,18563,cpu,2,24,11.89,0.05,0.810767
1086,double_dqn,2,34.0026,11.2,18563,cpu,10,86,95.95,0.05,0.722831
1087,double_dqn,2,34.0851,11.48,18563,cpu,26,210,261.87,0.05,0.610337
1088,double_dqn,2,34.1384,11.66,18563,cpu,18,134,177.75,0.05,1.110979
1089,double_dqn,2,34.1948,11.9,18563,cpu,18,141,178.98,0.05,1.532873
1090,double_dqn,2,34.2494,12.06,18563,cpu,14,138,137.07,0.05,1.553324
1091,double_dqn,2,34.2547,12.0,18563,cpu,1,13,0.59,0.05,1.651828
1092,double_dqn,2,34.282,12.1,18563,cpu,9,69,84.51,0.05,0.792631
1093,double_dqn,2,34.306,11.82,18563,cpu,6,61,53.86,0.05,1.684591
1094,double_dqn,2,34.3812,11.92,18563,cpu,22,188,221.85,0.05,0.666425
1095,double_dqn,2,34.3876,11.52,18563,cpu,1,16,1.06,0.05,1.449118
1096,double_dqn,2,34.4365,11.6,18563,cpu,16,123,158.34,0.05,1.13132
1097,double_dqn,2,34.4543,11.52,18563,cpu,6,45,53.22,0.05,2.037604
1098,double_dqn,2,34.5192,11.76,18563,cpu,23,164,229.0,0.05,1.059672
1099,double_dqn,2,34.5359,11.84,18563,cpu,5,43,42.73,0.05,0.711478
1100,double_dqn,2,34.5505,11.54,18563,cpu,7,38,62.5,0.05,0.509658
1101,double_dqn,2,34.5742,11.4,18563,cpu,8,62,74.57,0.05,0.790745
1102,double_dqn,2,34.6438,11.54,18563,cpu,19,182,190.78,0.05,0.683496
1103,double_dqn,2,34.7061,11.6,18563,cpu,19,163,187.67,0.05,1.611196
1104,double_dqn,2,34.7181,11.66,18563,cpu,4,32,32.43,0.05,0.662643
1105,double_dqn,2,34.7729,11.58,18563,cpu,17,144,169.94,0.05,1.681989
1106,double_dqn,2,34.7853,11.24,18563,cpu,3,33,22.21,0.05,0.941583
1107,double_dqn,2,34.8091,11.22,18563,cpu,8,62,74.37,0.05,1.249328
1108,double_dqn,2,34.8448,11.22,18563,cpu,12,93,116.8,0.05,1.933289
1109,double_dqn,2,34.8751,11.44,18563,cpu,12,77,114.96,0.05,0.369719
1110,double_dqn,2,34.9009,11.46,18563,cpu,9,67,84.33,0.05,0.368475
1111,double_dqn,2,34.964,11.64,18563,cpu,20,164,199.67,0.05,1.074439
1112,double_dqn,2,35.0116,11.78,18563,cpu,16,125,158.12,0.05,0.968068
1113,double_dqn,2,35.0519,11.98,18563,cpu,13,106,125.48,0.05,0.690903
1114,double_dqn,2,35.0696,11.98,18563,cpu,6,47,52.6,0.05,1.438444
1115,double_dqn,2,35.1022,12.02,18563,cpu,9,86,85.44,0.05,0.881093
1116,double_dqn,2,35.1383,11.88,18563,cpu,13,95,124.89,0.05,0.662472
1117,double_dqn,2,35.1995,12.02,18563,cpu,21,159,210.53,0.05,0.662394
1118,double_dqn,2,35.2539,12.06,18563,cpu,16,142,158.05,0.05,0.628844
1119,double_dqn,2,35.257,11.8,18563,cpu,1,8,0.54,0.05,1.118237
1120,double_dqn,2,35.2843,12.0,18563,cpu,13,71,124.33,0.05,0.990285
1121,double_dqn,2,35.3208,11.86,18563,cpu,11,95,107.27,0.05,1.274244
1122,double_dqn,2,35.3599,11.7,18563,cpu,13,105,126.99,0.05,0.954404
1123,double_dqn,2,35.3826,11.46,18563,cpu,8,60,73.79,0.05,1.368724
1124,double_dqn,2,35.4237,11.58,18563,cpu,13,108,127.86,0.05,1.105142
1125,double_dqn,2,35.5126,11.86,18563,cpu,24,230,243.25,0.05,1.504441
1126,double_dqn,2,35.5394,11.84,18563,cpu,9,70,84.8,0.05,1.343212
1127,double_dqn,2,35.5467,11.78,18563,cpu,2,19,11.24,0.05,1.555894
1128,double_dqn,2,35.588,11.88,18563,cpu,15,107,145.79,0.05,1.035311
1129,double_dqn,2,35.5991,11.7,18563,cpu,4,29,31.96,0.05,0.479328
1130,double_dqn,2,35.6363,11.6,18563,cpu,13,96,125.78,0.05,0.856687
1131,double_dqn,2,35.7276,12.04,18563,cpu,26,244,265.73,0.05,0.938392
1132,double_dqn,2,35.7503,11.86,18563,cpu,7,61,63.57,0.05,1.122707
1133,double_dqn,2,35.7893,11.76,18563,cpu,13,103,126.41,0.05,0.878071
1134,double_dqn,2,35.8163,11.84,18563,cpu,11,71,104.91,0.05,0.824469
1135,double_dqn,2,35.8452,12.02,18563,cpu,11,76,105.56,0.05,1.578273
1136,double_dqn,2,35.8644,11.9,18563,cpu,4,51,33.94,0.05,1.116129
1137,double_dqn,2,35.8879,11.54,18563,cpu,8,62,73.37,0.05,0.42295
1138,double_dqn,2,35.8947,11.22,18563,cpu,2,18,9.75,0.05,0.986446
1139,double_dqn,2,35.9287,11.04,18563,cpu,9,88,85.02,0.05,2.199254
1140,double_dqn,2,36.0315,11.26,18563,cpu,25,271,254.85,0.05,1.50243
1141,double_dqn,2,36.1008,11.68,18563,cpu,22,180,222.13,0.05,1.302086
1142,double_dqn,2,36.1187,11.68,18563,cpu,9,46,83.04,0.05,1.299359
1143,double_dqn,2,36.1238,11.6,18563,cpu,2,13,10.9,0.05,1.471912
1144,double_dqn,2,36.1628,11.42,18563,cpu,13,99,126.05,0.05,1.325947
1145,double_dqn,2,36.2004,11.62,18563,cpu,11,99,106.03,0.05,1.372541
1146,double_dqn,2,36.2233,11.5,18563,cpu,10,60,94.01,0.05,1.150069
1147,double_dqn,2,36.2806,11.76,18563,cpu,19,150,191.1,0.05,1.066949
1148,double_dqn,2,36.2996,11.46,18563,cpu,8,50,73.69,0.05,0.846117
1149,double_dqn,2,36.3266,11.54,18563,cpu,9,72,84.98,0.05,0.955549
1150,double_dqn,2,36.355,11.6,18563,cpu,10,74,94.87,0.05,0.960358
1151,double_dqn,2,36.409,11.78,18563,cpu,17,142,169.96,0.05,1.001851
1152,double_dqn,2,36.4362,11.56,18563,cpu,8,71,74.18,0.05,0.547394
1153,double_dqn,2,36.4894,11.56,18563,cpu,19,140,189.6,0.05,1.053716
1154,double_dqn,2,36.5199,11.68,18563,cpu,10,80,96.01,0.05,1.198503
1155,double_dqn,2,36.5989,11.78,18563,cpu,22,209,222.14,0.05,1.910851
1156,double_dqn,2,36.6409,12.0,18563,cpu,14,110,136.55,0.05,1.526761
1157,double_dqn,2,36.7009,12.2,18563,cpu,18,158,179.11,0.05,1.885956
1158,double_dqn,2,36.7221,12.14,18563,cpu,9,56,83.34,0.05,0.465719
1159,double_dqn,2,36.7427,12.04,18563,cpu,7,54,64.14,0.05,1.419037
1160,double_dqn,2,36.7685,12.08,18563,cpu,11,68,104.04,0.05,1.250048
1161,double_dqn,2,36.8127,11.98,18563,cpu,15,116,147.8,0.05,2.09166
1162,double_dqn,2,36.849,11.94,18563,cpu,14,95,135.6,0.05,0.897564
1163,double_dqn,2,36.8828,11.96,18563,cpu,14,90,135.75,0.05,1.28368
1164,double_dqn,2,36.9003,11.9,18563,cpu,3,46,23.38,0.05,0.786843
1165,double_dqn,2,36.948,12.1,18563,cpu,19,124,187.56,0.05,0.33408
1166,double_dqn,2,36.9926,12.16,18563,cpu,16,118,156.89,0.05,0.893514
1167,double_dqn,2,36.9972,11.76,18563,cpu,1,12,0.9,0.05,0.474049
1168,double_dqn,2,37.0416,11.74,18563,cpu,15,117,146.69,0.05,1.376566
1169,double_dqn,2,37.0945,12.04,18563,cpu,16,139,159.18,0.05,0.919964
1170,double_dqn,2,37.1538,12.14,18563,cpu,18,155,178.44,0.05,1.777699
1171,double_dqn,2,37.2076,12.28,18563,cpu,18,142,179.87,0.05,1.284855
1172,double_dqn,2,37.2321,12.22,18563,cpu,10,65,94.06,0.05,2.12235
1173,double_dqn,2,37.2886,12.42,18563,cpu,18,149,179.9,0.05,2.403641
1174,double_dqn,2,37.3426,12.48,18563,cpu,16,143,157.54,0.05,1.193665
1175,double_dqn,2,37.3834,12.22,18563,cpu,11,108,106.44,0.05,0.564828
1176,double_dqn,2,37.4367,12.44,18563,cpu,20,140,198.51,0.05,1.006535
1177,double_dqn,2,37.4731,12.64,18563,cpu,12,96,115.87,0.05,1.145445
1178,double_dqn,2,37.533,12.7,18563,cpu,18,155,179.04,0.05,1.237368
1179,double_dqn,2,37.5549,12.74,18563,cpu,6,55,54.12,0.05,1.817737
1180,double_dqn,2,37.5834,12.66,18563,cpu,9,72,84.78,0.05,0.475828
1181,double_dqn,2,37.5961,12.24,18563,cpu,5,32,42.34,0.05,1.277348
1182,double_dqn,2,37.6278,12.34,18563,cpu,12,80,114.23,0.05,1.109447
1183,double_dqn,2,37.6649,12.38,18563,cpu,15,94,146.42,0.05,0.887492
1184,double_dqn,2,37.6989,12.42,18563,cpu,13,86,126.08,0.05,0.907806
1185,double_dqn,2,37.7223,12.36,18563,cpu,8,59,73.9,0.05,0.49158
1186,double_dqn,2,37.7813,12.58,18563,cpu,15,150,150.06,0.05,1.017892
1187,double_dqn,2,37.8132,12.68,18563,cpu,13,80,124.74,0.05,0.792659
1188,double_dqn,2,37.8587,12.96,18563,cpu,16,115,157.22,0.05,1.377428
1189,double_dqn,2,37.8953,13.02,18563,cpu,12,92,116.71,0.05,0.774052
1190,double_dqn,2,37.9201,12.68,18563,cpu,8,63,73.46,0.05,0.836293
1191,double_dqn,2,37.9305,12.3,18563,cpu,3,27,22.07,0.05,2.265978
1192,double_dqn,2,37.9416,12.24,18563,cpu,6,28,51.49,0.05,0.51228
1193,double_dqn,2,37.9662,12.4,18563,cpu,10,62,94.39,0.05,0.615764
1194,double_dqn,2,38.0081,12.38,18563,cpu,12,106,117.77,0.05,0.710244
1195,double_dqn,2,38.0484,12.44,18563,cpu,14,102,135.23,0.05,0.823068
1196,double_dqn,2,38.0771,12.4,18563,cpu,8,72,74.87,0.05,1.335373
1197,double_dqn,2,38.1032,12.2,18563,cpu,9,66,84.84,0.05,0.914592
1198,double_dqn,2,38.1367,12.3,18563,cpu,13,85,125.99,0.05,1.102206
1199,double_dqn,2,38.181,12.3,18563,cpu,9,113,84.47,0.05,1.755012
1200,double_dqn,2,38.201,12.26,18563,cpu,8,51,73.58,0.05,1.020055
1201,double_dqn,2,38.2444,12.18,18563,cpu,13,109,126.75,0.05,0.646411
1202,double_dqn,2,38.3163,12.46,18563,cpu,22,182,222.31,0.05,0.907622
1203,double_dqn,2,38.3599,12.32,18563,cpu,12,110,117.13,0.05,0.904269
1204,double_dqn,2,38.3904,12.34,18563,cpu,11,77,105.45,0.05,1.376602
1205,double_dqn,2,38.4402,12.24,18563,cpu,17,126,168.92,0.05,0.986728
1206,double_dqn,2,38.5212,12.42,18563,cpu,23,205,231.69,0.05,0.530014
1207,double_dqn,2,38.5526,12.3,18563,cpu,12,81,115.12,0.05,1.711038
1208,double_dqn,2,38.5666,12.26,18563,cpu,7,37,62.61,0.05,1.058316
1209,double_dqn,2,38.5863,12.28,18563,cpu,8,51,72.18,0.05,1.293682
1210,double_dqn,2,38.6052,12.18,18563,cpu,6,50,53.07,0.05,1.569703
1211,double_dqn,2,38.6093,11.92,18563,cpu,2,11,10.72,0.05,1.737426
1212,double_dqn,2,38.6186,11.72,18563,cpu,4,24,31.71,0.05,0.824824
1213,double_dqn,2,38.6394,11.6,18563,cpu,8,53,73.36,0.05,0.899826
1214,double_dqn,2,38.649,11.64,18563,cpu,5,24,41.62,0.05,0.883122
1215,double_dqn,2,38.6786,11.44,18563,cpu,9,77,84.03,0.05,1.976172
1216,double_dqn,2,38.7164,11.4,18563,cpu,14,99,136.56,0.05,1.294197
1217,double_dqn,2,38.7603,11.66,18563,cpu,14,115,137.4,0.05,1.242061
1218,double_dqn,2,38.788,11.52,18563,cpu,8,73,75.16,0.05,1.677172
1219,double_dqn,2,38.8279,11.46,18563,cpu,13,105,127.79,0.05,0.762936
1220,double_dqn,2,38.8736,11.4,18563,cpu,15,120,148.16,0.05,0.696194
1221,double_dqn,2,38.931,11.42,18563,cpu,19,149,188.41,0.05,1.676174
1222,double_dqn,2,38.9694,11.46,18563,cpu,12,100,116.83,0.05,1.136637
1223,double_dqn,2,38.9812,11.24,18563,cpu,7,31,62.07,0.05,1.669375
1224,double_dqn,2,39.0183,11.16,18563,cpu,12,98,115.65,0.05,1.079544
1225,double_dqn,2,39.0579,11.18,18563,cpu,12,104,116.99,0.05,0.307072
1226,double_dqn,2,39.0793,10.88,18563,cpu,5,56,44.5,0.05,0.966748
1227,double_dqn,2,39.0861,10.68,18563,cpu,2,18,11.35,0.05,0.4249
1228,double_dqn,2,39.1398,10.64,18563,cpu,16,140,159.87,0.05,0.347429
1229,double_dqn,2,39.1761,10.74,18563,cpu,11,95,106.87,0.05,1.715676
1230,double_dqn,2,39.2482,10.96,18563,cpu,20,190,201.41,0.05,1.604312
1231,double_dqn,2,39.26,10.94,18563,cpu,4,31,32.34,0.05,0.809776
1232,double_dqn,2,39.3142,11.02,18563,cpu,16,142,159.25,0.05,1.199691
1233,double_dqn,2,39.318,10.74,18563,cpu,1,10,0.72,0.05,1.848919
1234,double_dqn,2,39.3718,10.84,18563,cpu,18,142,178.07,0.05,2.010185
1235,double_dqn,2,39.3901,10.8,18563,cpu,6,48,53.09,0.05,0.84829
1236,double_dqn,2,39.4377,10.8,18563,cpu,15,125,148.01,0.05,0.447641
1237,double_dqn,2,39.4403,10.54,18563,cpu,0,7,-9.46,0.05,1.179231
1238,double_dqn,2,39.4946,10.6,18563,cpu,19,143,190.27,0.05,1.65173
1239,double_dqn,2,39.5084,10.46,18563,cpu,5,36,42.7,0.05,1.408495
1240,double_dqn,2,39.5222,10.38,18563,cpu,4,36,32.79,0.05,1.593596
1241,double_dqn,2,39.5713,10.66,18563,cpu,17,129,169.19,0.05,1.071691
1242,double_dqn,2,39.5947,10.74,18563,cpu,10,61,94.5,0.05,0.877924
1243,double_dqn,2,39.6122,10.68,18563,cpu,7,46,62.62,0.05,1.10071
1244,double_dqn,2,39.6218,10.5,18563,cpu,3,25,21.29,0.05,1.362357
1245,double_dqn,2,39.6322,10.28,18563,cpu,3,27,22.07,0.05,0.794414
1246,double_dqn,2,39.6528,10.24,18563,cpu,6,53,53.54,0.05,1.212855
1247,double_dqn,2,39.6705,10.2,18563,cpu,7,47,63.11,0.05,1.212623
1248,double_dqn,2,39.6746,9.96,18563,cpu,1,11,0.81,0.05,0.687596
1249,double_dqn,2,39.7376,10.18,18563,cpu,20,165,199.76,0.05,1.283024
1250,double_dqn,2,39.7826,10.32,18563,cpu,15,118,147.38,0.05,1.241188
1251,double_dqn,2,39.797,10.12,18563,cpu,3,37,22.37,0.05,1.850287
1252,double_dqn,2,39.8171,9.86,18563,cpu,9,51,83.49,0.05,1.109491
1253,double_dqn,2,39.8264,9.7,18563,cpu,4,24,31.51,0.05,1.119077
1254,double_dqn,2,39.8585,9.68,18563,cpu,10,83,95.68,0.05,0.346504
1255,double_dqn,2,39.8791,9.54,18563,cpu,10,55,93.36,0.05,1.923784
1256,double_dqn,2,39.936,9.44,18563,cpu,18,151,178.48,0.05,1.049572
1257,double_dqn,2,39.9609,9.32,18563,cpu,6,66,54.71,0.05,0.718831
1258,double_dqn,2,40.0229,9.6,18563,cpu,21,162,210.6,0.05,0.823474
1259,double_dqn,2,40.0548,9.6,18563,cpu,8,83,76.26,0.05,1.23563
1260,double_dqn,2,40.0761,9.6,18563,cpu,6,56,53.61,0.05,0.539764
1261,double_dqn,2,40.0881,9.6,18563,cpu,2,31,12.52,0.05,0.881494
1262,double_dqn,2,40.1641,10.0,18563,cpu,24,199,243.86,0.05,0.428045
1263,double_dqn,2,40.188,9.98,18563,cpu,7,64,64.84,0.05,1.177268
1264,double_dqn,2,40.2002,10.0,18563,cpu,6,33,51.74,0.05,1.040423
1265,double_dqn,2,40.2361,10.14,18563,cpu,16,94,156.33,0.05,1.945582
1266,double_dqn,2,40.299,10.22,18563,cpu,18,166,180.23,0.05,2.162139
1267,double_dqn,2,40.324,10.1,18563,cpu,8,66,74.73,0.05,1.01257
1268,double_dqn,2,40.3904,10.32,18563,cpu,19,176,187.24,0.05,1.362712
1269,double_dqn,2,40.442,10.32,18563,cpu,13,135,129.49,0.05,0.649473
1270,double_dqn,2,40.5021,10.42,18563,cpu,20,158,200.73,0.05,0.965896
1271,double_dqn,2,40.558,10.38,18563,cpu,17,147,169.61,0.05,1.464786
1272,double_dqn,2,40.5886,10.34,18563,cpu,10,80,95.61,0.05,1.039683
1273,double_dqn,2,40.6451,10.52,18563,cpu,16,148,159.19,0.05,0.822436
1274,double_dqn,2,40.7009,10.74,18563,cpu,23,146,229.98,0.05,1.429919
1275,double_dqn,2,40.7455,10.82,18563,cpu,16,117,157.8,0.05,1.50423
1276,double_dqn,2,40.7912,11.02,18563,cpu,15,121,149.05,0.05,1.670562
1277,double_dqn,2,40.8226,11.18,18563,cpu,10,82,95.99,0.05,0.721114
1278,double_dqn,2,40.8328,10.92,18563,cpu,3,27,21.87,0.05,1.252896
1279,double_dqn,2,40.8851,11.02,18563,cpu,16,136,159.11,0.05,1.5089
1280,double_dqn,2,40.9093,10.78,18563,cpu,8,64,74.55,0.05,0.805821
1281,double_dqn,2,40.9654,11.08,18563,cpu,19,139,188.51,0.05,0.510993
1282,double_dqn,2,40.9999,10.94,18563,cpu,9,83,86.57,0.05,0.490771
1283,double_dqn,2,41.0522,11.24,18563,cpu,16,125,157.72,0.05,1.531519
1284,double_dqn,2,41.0954,11.14,18563,cpu,13,103,126.61,0.05,1.436143
1285,double_dqn,2,41.1138,11.1,18563,cpu,4,44,32.51,0.05,1.27111
1286,double_dqn,2,41.1526,11.04,18563,cpu,12,91,114.42,0.05,1.228968
1287,double_dqn,2,41.2088,11.3,18563,cpu,13,136,128.98,0.05,1.209829
1288,double_dqn,2,41.2321,11.08,18563,cpu,8,57,73.72,0.05,1.128248
1289,double_dqn,2,41.2844,11.26,18563,cpu,14,125,138.3,0.05,1.187079
1290,double_dqn,2,41.3338,11.52,18563,cpu,17,119,167.89,0.05,0.791555
1291,double_dqn,2,41.3529,11.3,18563,cpu,6,46,53.31,0.05,1.180668
1292,double_dqn,2,41.4234,11.42,18563,cpu,16,170,157.17,0.05,1.098366
1293,double_dqn,2,41.441,11.36,18563,cpu,4,43,33.02,0.05,0.574798
1294,double_dqn,2,41.5,11.6,18563,cpu,15,142,149.54,0.05,1.087616
1295,double_dqn,2,41.5628,11.88,18563,cpu,17,146,169.32,0.05,0.966882
1296,double_dqn,2,41.5878,11.9,18563,cpu,7,57,64.41,0.05,0.959187
1297,double_dqn,2,41.6076,11.88,18563,cpu,6,46,53.31,0.05,1.265787
1298,double_dqn,2,41.6155,11.94,18563,cpu,4,18,30.57,0.05,1.171808
1299,double_dqn,2,41.6631,11.78,18563,cpu,12,109,117.84,0.05,1.309057
1300,double_dqn,2,41.6875,11.58,18563,cpu,5,56,44.1,0.05,1.648692
1301,double_dqn,2,41.6904,11.54,18563,cpu,1,7,0.45,0.05,0.631355
1302,double_dqn,2,41.6987,11.38,18563,cpu,1,19,1.53,0.05,0.902914
1303,double_dqn,2,41.7392,11.54,18563,cpu,12,93,115.6,0.05,1.195393
1304,double_dqn,2,41.7836,11.58,18563,cpu,12,103,115.1,0.05,1.776113
1305,double_dqn,2,41.8239,11.58,18563,cpu,10,92,97.09,0.05,1.029816
1306,double_dqn,2,41.8619,11.42,18563,cpu,10,87,96.04,0.05,0.874189
1307,double_dqn,2,41.9096,11.6,18563,cpu,15,110,148.06,0.05,1.061074
1308,double_dqn,2,41.9184,11.24,18563,cpu,3,20,21.44,0.05,2.023389
1309,double_dqn,2,41.9839,11.36,18563,cpu,14,152,137.73,0.05,1.23771
1310,double_dqn,2,41.9892,11.28,18563,cpu,2,12,10.41,0.05,0.880212
1311,double_dqn,2,42.063,11.64,18563,cpu,20,169,201.12,0.05,0.627078
1312,double_dqn,2,42.0686,11.18,18563,cpu,1,13,-0.01,0.05,1.079624
1313,double_dqn,2,42.093,11.2,18563,cpu,8,56,73.23,0.05,1.579849
1314,double_dqn,2,42.0998,11.14,18563,cpu,3,16,21.08,0.05,1.412653
1315,double_dqn,2,42.1127,10.9,18563,cpu,4,29,31.96,0.05,1.29824
1316,double_dqn,2,42.1561,10.8,18563,cpu,13,99,126.85,0.05,1.367137
1317,double_dqn,2,42.1667,10.72,18563,cpu,4,25,31.8,0.05,1.416582
1318,double_dqn,2,42.199,10.5,18563,cpu,8,74,74.05,0.05,0.838873
1319,double_dqn,2,42.2454,10.5,18563,cpu,13,106,127.88,0.05,0.784461
1320,double_dqn,2,42.2763,10.28,18563,cpu,9,71,84.69,0.05,1.046432
1321,double_dqn,2,42.29,10.04,18563,cpu,5,32,42.34,0.05,1.176863
1322,double_dqn,2,42.2986,9.9,18563,cpu,3,20,21.44,0.05,1.149158
1323,double_dqn,2,42.3551,9.9,18563,cpu,16,128,158.59,0.05,1.057755
1324,double_dqn,2,42.4097,9.74,18563,cpu,15,124,147.32,0.05,0.38829
1325,double_dqn,2,42.4395,9.56,18563,cpu,7,68,64.4,0.05,1.387065
1326,double_dqn,2,42.4565,9.36,18563,cpu,5,39,41.97,0.05,1.491004
1327,double_dqn,2,42.506,9.46,18563,cpu,15,114,148.42,0.05,1.271874
1328,double_dqn,2,42.5452,9.66,18563,cpu,13,91,125.53,0.05,1.490372
1329,double_dqn,2,42.5725,9.54,18563,cpu,10,65,94.26,0.05,1.626813
1330,double_dqn,2,42.6391,9.78,18563,cpu,20,157,200.44,0.05,1.881917
1331,double_dqn,2,42.6512,9.44,18563,cpu,2,28,11.65,0.05,1.067222
1332,double_dqn,2,42.6771,9.48,18563,cpu,11,61,104.41,0.05,1.067114
1333,double_dqn,2,42.6928,9.24,18563,cpu,4,38,32.57,0.05,0.769776
1334,double_dqn,2,42.7103,9.08,18563,cpu,5,42,43.24,0.05,1.768877
1335,double_dqn,2,42.7691,9.36,18563,cpu,18,141,178.98,0.05,0.861552
1336,double_dqn,2,42.8146,9.36,18563,cpu,12,108,117.95,0.05,1.539121
1337,double_dqn,2,42.8577,9.36,18563,cpu,13,102,126.32,0.05,0.365979
1338,double_dqn,2,42.9631,9.68,18563,cpu,24,247,244.18,0.05,1.535011
1339,double_dqn,2,42.9918,9.56,18563,cpu,8,73,74.56,0.05,1.700717
1340,double_dqn,2,43.0219,9.4,18563,cpu,9,77,83.63,0.05,0.726741
1341,double_dqn,2,43.0722,9.52,18563,cpu,12,129,118.24,0.05,1.414044
1342,double_dqn,2,43.1278,9.56,18563,cpu,18,143,180.36,0.05,1.325326
1343,double_dqn,2,43.1321,9.52,18563,cpu,2,11,10.72,0.05,0.98862
1344,double_dqn,2,43.1571,9.38,18563,cpu,8,63,73.26,0.05,0.806609
1345,double_dqn,2,43.1795,9.22,18563,cpu,9,57,84.03,0.05,1.636971
1346,double_dqn,2,43.2236,9.4,18563,cpu,16,113,156.84,0.05,1.161103
1347,double_dqn,2,43.2508,9.48,18563,cpu,10,70,93.71,0.05,0.55113
1348,double_dqn,2,43.2977,9.66,18563,cpu,13,121,128.03,0.05,1.109566
1349,double_dqn,2,43.379,9.92,18563,cpu,25,212,252.14,0.05,1.260099
1350,double_dqn,2,43.3959,9.96,18563,cpu,7,44,62.24,0.05,1.501871
1351,double_dqn,2,43.4623,10.34,18563,cpu,20,173,200.88,0.05,0.809444
1352,double_dqn,2,43.5479,10.8,18563,cpu,24,223,244.42,0.05,1.451477
1353,double_dqn,2,43.5526,10.6,18563,cpu,2,12,10.81,0.05,1.12505
1354,double_dqn,2,43.6204,10.78,18563,cpu,21,177,212.75,0.05,2.25149
1355,double_dqn,2,43.6268,10.66,18563,cpu,4,17,30.68,0.05,1.118273
1356,double_dqn,2,43.691,10.86,18563,cpu,20,166,200.65,0.05,1.116496
1357,double_dqn,2,43.7275,10.8,18563,cpu,12,96,115.87,0.05,1.127107
1358,double_dqn,2,43.7558,10.94,18563,cpu,10,74,94.67,0.05,1.151962
1359,double_dqn,2,43.7792,10.8,18563,cpu,7,61,64.17,0.05,2.026782
1360,double_dqn,2,43.8156,11.0,18563,cpu,12,96,116.87,0.05,0.976591
1361,double_dqn,2,43.8602,10.96,18563,cpu,18,116,176.93,0.05,1.002321
1362,double_dqn,2,43.8759,11.1,18563,cpu,8,41,72.48,0.05,1.116689
1363,double_dqn,2,43.9202,11.2,18563,cpu,13,115,126.89,0.05,0.486618
1364,double_dqn,2,43.9481,11.32,18563,cpu,9,72,83.38,0.05,0.995299
1365,double_dqn,2,43.977,11.44,18563,cpu,10,76,95.25,0.05,0.925845
1366,double_dqn,2,44.0147,11.42,18563,cpu,12,99,115.94,0.05,2.579981
1367,double_dqn,2,44.0637,11.64,18563,cpu,15,129,149.17,0.05,1.364008
1368,double_dqn,2,44.1009,11.78,18563,cpu,15,98,145.78,0.05,0.375949
1369,double_dqn,2,44.1779,11.94,18563,cpu,21,200,210.02,0.05,1.023661
1370,double_dqn,2,44.1839,11.84,18563,cpu,4,16,30.99,0.05,1.23836
1371,double_dqn,2,44.2071,11.88,18563,cpu,7,61,63.77,0.05,1.459795
1372,double_dqn,2,44.2191,11.9,18563,cpu,4,31,31.94,0.05,1.56927
1373,double_dqn,2,44.2609,11.88,18563,cpu,15,109,146.97,0.05,1.055911
1374,double_dqn,2,44.3046,11.84,18563,cpu,13,114,128.2,0.05,0.988574
1375,double_dqn,2,44.3443,11.96,18563,cpu,13,103,126.41,0.05,0.819545
1376,double_dqn,2,44.3645,12.02,18563,cpu,8,53,73.16,0.05,0.88338
1377,double_dqn,2,44.3775,11.82,18563,cpu,5,34,42.32,0.05,0.51515
1378,double_dqn,2,44.4132,11.74,18563,cpu,9,93,84.47,0.05,0.959477
1379,double_dqn,2,44.5056,12.08,18563,cpu,27,242,273.26,0.05,1.393906
1380,double_dqn,2,44.5283,11.84,18563,cpu,8,59,74.1,0.05,1.762341
1381,double_dqn,2,44.5448,11.96,18563,cpu,8,43,72.86,0.05,0.718131
1382,double_dqn,2,44.6148,12.18,18563,cpu,22,183,218.6,0.05,1.684706
1383,double_dqn,2,44.6316,12.24,18563,cpu,7,44,62.84,0.05,0.941311
1384,double_dqn,2,44.6342,12.16,18563,cpu,1,7,0.45,0.05,0.813908
1385,double_dqn,2,44.7028,12.2,18563,cpu,20,177,201.84,0.05,1.248998
1386,double_dqn,2,44.7093,12.0,18563,cpu,2,17,11.06,0.05,0.83698
1387,double_dqn,2,44.7509,12.0,18563,cpu,13,110,127.04,0.05,1.749657
1388,double_dqn,2,44.7749,11.68,18563,cpu,8,63,74.46,0.05,1.459819
1389,double_dqn,2,44.7949,11.66,18563,cpu,7,52,62.96,0.05,0.856116
1390,double_dqn,2,44.8354,11.78,18563,cpu,15,106,147.5,0.05,0.635072
1391,double_dqn,2,44.8827,11.86,18563,cpu,16,125,158.12,0.05,1.267059
1392,double_dqn,2,44.9011,11.62,18563,cpu,6,48,53.49,0.05,1.080516
1393,double_dqn,2,44.9321,11.78,18563,cpu,10,80,95.21,0.05,1.021533
1394,double_dqn,2,44.9742,11.86,18563,cpu,12,110,117.53,0.05,1.089816
1395,double_dqn,2,44.9921,11.82,18563,cpu,7,47,63.31,0.05,1.518162
1396,double_dqn,2,45.0141,11.66,18563,cpu,8,58,74.01,0.05,1.086676
1397,double_dqn,2,45.0437,11.66,18563,cpu,10,77,95.74,0.05,1.212511
1398,double_dqn,2,45.1088,11.8,18563,cpu,20,170,202.01,0.05,1.467558
1399,double_dqn,2,45.1533,11.6,18563,cpu,15,114,148.62,0.05,0.608885
1400,double_dqn,2,45.2276,11.92,18563,cpu,23,195,230.59,0.05,0.642744
1401,double_dqn,2,45.28,11.92,18563,cpu,20,136,197.55,0.05,2.279986
1402,double_dqn,2,45.3221,11.78,18563,cpu,17,111,165.97,0.05,1.959992
1403,double_dqn,2,45.3488,11.92,18563,cpu,9,71,84.69,0.05,0.678144
1404,double_dqn,2,45.3584,11.56,18563,cpu,3,25,21.69,0.05,1.319285
1405,double_dqn,2,45.4051,11.74,18563,cpu,13,123,128.01,0.05,0.639353
1406,double_dqn,2,45.43,11.5,18563,cpu,8,65,74.44,0.05,1.695599
1407,double_dqn,2,45.4891,11.62,18563,cpu,18,154,177.55,0.05,1.86918
1408,double_dqn,2,45.5035,11.5,18563,cpu,4,37,32.88,0.05,0.994592
1409,double_dqn,2,45.5563,11.64,18563,cpu,14,134,138.51,0.05,1.430218
1410,double_dqn,2,45.5871,11.6,18563,cpu,10,78,95.63,0.05,1.588722
1411,double_dqn,2,45.5985,11.3,18563,cpu,3,29,22.25,0.05,0.792247
1412,double_dqn,2,45.6333,11.36,18563,cpu,11,87,105.95,0.05,0.778387
1413,double_dqn,2,45.6694,11.36,18563,cpu,13,91,125.93,0.05,0.905521
1414,double_dqn,2,45.6921,11.4,18563,cpu,11,57,103.65,0.05,1.473505
1415,double_dqn,2,45.8092,11.84,18563,cpu,32,291,327.22,0.05,1.314286
1416,double_dqn,2,45.8591,11.88,18563,cpu,14,125,138.9,0.05,0.519622
1417,double_dqn,2,45.8967,11.88,18563,cpu,15,95,146.31,0.05,1.317713
1418,double_dqn,2,45.9149,11.72,18563,cpu,7,46,63.42,0.05,0.500419
1419,double_dqn,2,45.9495,11.54,18563,cpu,12,87,116.06,0.05,0.204068
1420,double_dqn,2,45.9791,11.64,18563,cpu,9,74,84.96,0.05,0.657109
1421,double_dqn,2,46.0253,11.74,18563,cpu,12,116,117.67,0.05,1.412913
1422,double_dqn,2,46.0661,11.98,18563,cpu,16,102,157.25,0.05,1.18358
1423,double_dqn,2,46.1038,11.96,18563,cpu,14,94,136.31,0.05,0.746652
1424,double_dqn,2,46.1151,11.78,18563,cpu,4,28,32.07,0.05,1.034302
1425,double_dqn,2,46.1773,11.88,18563,cpu,18,155,179.64,0.05,1.197791
1426,double_dqn,2,46.2212,12.02,18563,cpu,15,111,146.35,0.05,1.385347
1427,double_dqn,2,46.2672,12.26,18563,cpu,17,116,166.22,0.05,1.27544
1428,double_dqn,2,46.2706,12.1,18563,cpu,1,8,0.54,0.05,1.348107
1429,double_dqn,2,46.3278,11.88,18563,cpu,16,144,158.43,0.05,1.105642
1430,double_dqn,2,46.3749,12.0,18563,cpu,14,119,138.96,0.05,0.96213
1431,double_dqn,2,46.4294,12.22,18563,cpu,19,136,187.04,0.05,1.242533
1432,double_dqn,2,46.4714,12.0,18563,cpu,11,106,107.06,0.05,0.853546
1433,double_dqn,2,46.527,12.24,18563,cpu,19,140,188.2,0.05,1.819623
1434,double_dqn,2,46.5414,12.28,18563,cpu,3,37,22.57,0.05,0.732031
1435,double_dqn,2,46.5777,12.16,18563,cpu,14,93,135.42,0.05,0.981952
1436,double_dqn,2,46.632,12.5,18563,cpu,19,142,189.98,0.05,0.992536
1437,double_dqn,2,46.6756,12.48,18563,cpu,12,112,117.71,0.05,0.607215
1438,double_dqn,2,46.679,12.34,18563,cpu,1,9,0.43,0.05,0.744768
1439,double_dqn,2,46.7009,12.3,18563,cpu,5,58,43.28,0.05,0.868654
1440,double_dqn,2,46.7359,12.24,18563,cpu,12,92,115.71,0.05,1.09472
1441,double_dqn,2,46.742,11.94,18563,cpu,1,16,1.26,0.05,1.102014
1442,double_dqn,2,46.7602,11.94,18563,cpu,6,47,53.0,0.05,0.91013
1443,double_dqn,2,46.801,12.02,18563,cpu,14,108,136.17,0.05,0.612994
1444,double_dqn,2,46.8344,11.96,18563,cpu,9,88,85.62,0.05,0.858015
1445,double_dqn,2,46.8863,12.18,18563,cpu,18,135,178.64,0.05,1.212786
1446,double_dqn,2,46.9084,12.16,18563,cpu,7,58,63.9,0.05,0.77297
1447,double_dqn,2,46.9812,12.44,18563,cpu,24,188,240.07,0.05,1.283932
1448,double_dqn,2,46.9947,12.12,18563,cpu,4,35,32.3,0.05,0.902049
1449,double_dqn,2,47.0499,12.26,18563,cpu,22,144,219.09,0.05,1.009128
1450,double_dqn,2,47.1069,12.1,18563,cpu,15,149,148.57,0.05,1.036315
1451,double_dqn,2,47.1349,11.9,18563,cpu,10,68,94.73,0.05,1.795439
1452,double_dqn,2,47.2097,11.92,18563,cpu,18,176,183.13,0.05,1.344372
1453,double_dqn,2,47.2659,12.16,18563,cpu,21,145,207.07,0.05,0.913642
1454,double_dqn,2,47.2926,12.28,18563,cpu,9,70,84.6,0.05,0.699218
1455,double_dqn,2,47.31,12.08,18563,cpu,3,46,23.38,0.05,1.079649
1456,double_dqn,2,47.3847,12.48,18563,cpu,28,195,283.34,0.05,1.053984
1457,double_dqn,2,47.3999,12.24,18563,cpu,6,40,52.57,0.05,0.784523
1458,double_dqn,2,47.4566,12.52,18563,cpu,18,149,178.3,0.05,0.726046
1459,double_dqn,2,47.4838,12.44,18563,cpu,10,71,94.6,0.05,1.201812
1460,double_dqn,2,47.4911,12.3,18563,cpu,3,19,21.15,0.05,0.991832
1461,double_dqn,2,47.5095,12.36,18563,cpu,6,48,53.29,0.05,1.586776
1462,double_dqn,2,47.5664,12.52,18563,cpu,19,148,188.32,0.05,0.531107
1463,double_dqn,2,47.6291,12.7,18563,cpu,22,164,221.89,0.05,1.326835
1464,double_dqn,2,47.686,12.88,18563,cpu,20,147,199.74,0.05,1.375693
1465,double_dqn,2,47.7369,12.54,18563,cpu,15,134,149.22,0.05,0.537673
1466,double_dqn,2,47.7562,12.42,18563,cpu,8,50,72.09,0.05,0.558502
1467,double_dqn,2,47.8189,12.5,18563,cpu,19,166,192.54,0.05,1.027858
1468,double_dqn,2,47.8324,12.48,18563,cpu,6,36,52.21,0.05,1.75573
1469,double_dqn,2,47.8729,12.52,18563,cpu,14,106,137.99,0.05,1.180213
1470,double_dqn,2,47.937,12.72,18563,cpu,19,164,191.16,0.05,0.935491
1471,double_dqn,2,47.9685,12.78,18563,cpu,15,83,145.43,0.05,1.336915
1472,double_dqn,2,48.0186,12.78,18563,cpu,16,134,160.13,0.05,1.375882
1473,double_dqn,2,48.0595,12.78,18563,cpu,14,109,137.86,0.05,0.651455
1474,double_dqn,2,48.0849,12.8,18563,cpu,5,66,44.6,0.05,1.152603
1475,double_dqn,2,48.1602,12.82,18563,cpu,19,180,190.6,0.05,1.525692
1476,double_dqn,2,48.2467,12.88,18563,cpu,18,164,177.25,0.05,1.036688
1477,double_dqn,2,48.2687,12.7,18563,cpu,8,53,72.76,0.05,0.354267
1478,double_dqn,2,48.3049,12.86,18563,cpu,9,65,84.15,0.05,0.813247
1479,double_dqn,2,48.3352,12.72,18563,cpu,9,71,85.09,0.05,1.441116
1480,double_dqn,2,48.3526,12.54,18563,cpu,5,42,43.24,0.05,1.038007
1481,double_dqn,2,48.3717,12.3,18563,cpu,7,48,63.2,0.05,0.835663
1482,double_dqn,2,48.4009,12.26,18563,cpu,9,74,84.76,0.05,0.858219
1483,double_dqn,2,48.429,12.08,18563,cpu,10,71,95.2,0.05,2.617008
1484,double_dqn,2,48.44,12.1,18563,cpu,4,28,31.27,0.05,1.308296
1485,double_dqn,2,48.4847,12.04,18563,cpu,11,111,107.11,0.05,1.280989
1486,double_dqn,2,48.5053,11.82,18563,cpu,8,51,73.58,0.05,1.345626
1487,double_dqn,2,48.5739,11.98,18563,cpu,20,172,200.39,0.05,0.63451
1488,double_dqn,2,48.6067,12.14,18563,cpu,9,76,85.14,0.05,0.935235
1489,double_dqn,2,48.6507,12.32,18563,cpu,14,110,136.95,0.05,1.601395
1490,double_dqn,2,48.6666,12.18,18563,cpu,5,40,42.86,0.05,0.801975
1491,double_dqn,2,48.699,12.42,18563,cpu,13,82,125.12,0.05,1.355169
1492,double_dqn,2,48.7405,12.62,18563,cpu,16,105,156.92,0.05,1.350707
1493,double_dqn,2,48.7916,12.64,18563,cpu,15,131,148.15,0.05,0.773013
1494,double_dqn,2,48.8307,12.72,18563,cpu,13,99,126.85,0.05,1.163492
1495,double_dqn,2,48.879,12.62,18563,cpu,13,125,128.39,0.05,1.35272
1496,double_dqn,2,48.9069,12.68,18563,cpu,10,69,94.42,0.05,2.271544
1497,double_dqn,2,48.9109,12.22,18563,cpu,1,10,0.72,0.05,0.601317
1498,double_dqn,2,48.9593,12.38,18563,cpu,12,123,117.1,0.05,0.73436
1499,double_dqn,2,48.9638,11.96,18563,cpu,1,12,0.9,0.05,1.295006
1500,double_dqn,2,49.0065,11.9,18563,cpu,12,113,117.0,0.05,0.967973
1501,double_dqn,2,49.0482,12.02,18563,cpu,16,109,156.28,0.05,1.065764
1502,double_dqn,2,49.0598,11.74,18563,cpu,4,31,32.34,0.05,2.008389
1503,double_dqn,2,49.1375,11.86,18563,cpu,27,201,272.77,0.05,1.46758
1504,double_dqn,2,49.1733,11.94,18563,cpu,13,92,125.62,0.05,0.965533
1505,double_dqn,2,49.2107,12.16,18563,cpu,14,98,137.07,0.05,0.208087
1506,double_dqn,2,49.2524,11.9,18563,cpu,15,109,147.37,0.05,0.888746
1507,double_dqn,2,49.3459,12.32,18563,cpu,27,244,274.64,0.05,0.710618
1508,double_dqn,2,49.3552,12.04,18563,cpu,4,24,31.51,0.05,1.308154
1509,double_dqn,2,49.3821,12.02,18563,cpu,9,71,85.29,0.05,0.836223
1510,double_dqn,2,49.4813,12.5,18563,cpu,27,260,271.68,0.05,1.048333
1511,double_dqn,2,49.5524,12.78,18563,cpu,20,181,200.6,0.05,0.519
1512,double_dqn,2,49.5927,12.64,18563,cpu,12,103,116.9,0.05,1.212089
1513,double_dqn,2,49.6089,12.34,18563,cpu,7,40,62.68,0.05,0.976366
1514,double_dqn,2,49.6298,12.08,18563,cpu,7,52,63.36,0.05,0.751436
1515,double_dqn,2,49.7005,12.18,18563,cpu,20,177,202.04,0.05,0.85083
1516,double_dqn,2,49.759,12.36,18563,cpu,17,146,170.32,0.05,1.583221
1517,double_dqn,2,49.7983,12.22,18563,cpu,12,100,117.03,0.05,0.820575
1518,double_dqn,2,49.8614,12.44,18563,cpu,17,159,170.89,0.05,1.170738
1519,double_dqn,2,49.8634,12.16,18563,cpu,0,5,-9.64,0.05,0.916281
1520,double_dqn,2,49.906,12.04,18563,cpu,13,108,126.86,0.05,1.092132
1521,double_dqn,2,49.9187,11.82,18563,cpu,4,32,32.03,0.05,0.711937
1522,double_dqn,2,49.9543,11.74,18563,cpu,12,89,114.24,0.05,1.012074
1523,double_dqn,2,49.9857,11.68,18563,cpu,11,79,103.63,0.05,1.369349
1524,double_dqn,2,50.0317,11.86,18563,cpu,14,116,136.89,0.05,1.039827
1525,double_dqn,2,50.0511,11.6,18563,cpu,6,49,53.58,0.05,1.622725
1526,double_dqn,2,50.0925,11.52,18563,cpu,14,105,136.7,0.05,0.365357
1527,double_dqn,2,50.1426,11.64,18563,cpu,14,126,136.79,0.05,0.547631
1528,double_dqn,2,50.2223,11.92,18563,cpu,23,199,233.15,0.05,1.784872
1529,double_dqn,2,50.2322,11.8,18563,cpu,3,25,21.49,0.05,1.390011
1530,double_dqn,2,50.2699,11.94,18563,cpu,12,94,115.49,0.05,1.210277
1531,double_dqn,2,50.2835,11.88,18563,cpu,4,35,32.7,0.05,1.281328
1532,double_dqn,2,50.3068,11.78,18563,cpu,4,59,31.86,0.05,0.625292
1533,double_dqn,2,50.3519,11.9,18563,cpu,16,114,157.73,0.05,1.504567
1534,double_dqn,2,50.3918,12.08,18563,cpu,13,101,126.03,0.05,0.787073
1535,double_dqn,2,50.4256,12.06,18563,cpu,10,85,95.66,0.05,1.568654
1536,double_dqn,2,50.456,12.06,18563,cpu,8,77,72.52,0.05,0.970866
1537,double_dqn,2,50.5337,12.12,18563,cpu,23,196,233.68,0.05,0.478615
1538,double_dqn,2,50.5535,12.04,18563,cpu,5,51,43.25,0.05,0.859959
1539,double_dqn,2,50.5743,11.88,18563,cpu,6,54,54.03,0.05,1.677748
1540,double_dqn,2,50.5924,11.9,18563,cpu,6,48,52.89,0.05,1.470731
1541,double_dqn,2,50.6399,11.92,18563,cpu,14,123,137.32,0.05,0.946797
1542,double_dqn,2,50.6447,11.62,18563,cpu,1,12,0.7,0.05,0.827501
1543,double_dqn,2,50.6972,11.7,18563,cpu,19,135,188.15,0.05,0.870323
1544,double_dqn,2,50.7358,11.82,18563,cpu,19,100,186.0,0.05,1.170289
1545,double_dqn,2,50.7897,11.96,18563,cpu,20,141,200.0,0.05,1.598642
1546,double_dqn,2,50.8335,12.1,18563,cpu,17,114,167.84,0.05,0.519703
1547,double_dqn,2,50.8722,12.38,18563,cpu,15,100,146.56,0.05,0.688889
1548,double_dqn,2,50.8853,12.24,18563,cpu,5,34,42.32,0.05,0.836231
1549,double_dqn,2,50.9262,12.42,18563,cpu,10,108,96.33,0.05,1.137495
1550,double_dqn,2,50.9577,12.36,18563,cpu,9,82,85.68,0.05,0.913917
1551,double_dqn,2,50.9759,12.14,18563,cpu,5,48,43.38,0.05,0.612681
1552,double_dqn,2,51.0404,12.42,18563,cpu,18,164,180.25,0.05,0.941571
1553,double_dqn,2,51.1098,12.34,18563,cpu,23,181,230.73,0.05,0.947446
1554,double_dqn,2,51.145,12.32,18563,cpu,12,92,116.11,0.05,1.035266
1555,double_dqn,2,51.1659,12.18,18563,cpu,7,55,62.83,0.05,1.476865
1556,double_dqn,2,51.198,12.04,18563,cpu,8,83,76.46,0.05,1.19959
1557,double_dqn,2,51.2118,11.58,18563,cpu,4,36,31.59,0.05,1.17394
1558,double_dqn,2,51.2302,11.6,18563,cpu,5,49,43.67,0.05,0.95963
1559,double_dqn,2,51.2625,11.66,18563,cpu,12,84,114.99,0.05,0.738641
1560,double_dqn,2,51.3151,11.46,18563,cpu,17,138,169.6,0.05,1.055528
1561,double_dqn,2,51.3344,11.24,18563,cpu,9,51,83.29,0.05,1.76046
1562,double_dqn,2,51.3861,11.36,18563,cpu,18,135,178.64,0.05,2.013247
1563,double_dqn,2,51.4283,11.54,18563,cpu,16,111,157.86,0.05,0.884046
1564,double_dqn,2,51.4732,11.74,18563,cpu,17,117,167.51,0.05,0.564378
1565,double_dqn,2,51.489,11.46,18563,cpu,6,41,53.06,0.05,1.020282
1566,double_dqn,2,51.5154,11.28,18563,cpu,8,69,73.6,0.05,1.093685
1567,double_dqn,2,51.5404,11.18,18563,cpu,7,65,63.73,0.05,0.624145
1568,double_dqn,2,51.5806,11.1,18563,cpu,13,105,124.59,0.05,1.063156
1569,double_dqn,2,51.6499,11.52,18563,cpu,21,180,211.02,0.05,1.010687
1570,double_dqn,2,51.6876,11.54,18563,cpu,14,98,135.87,0.05,1.023811
1571,double_dqn,2,51.7383,11.76,18563,cpu,15,134,149.42,0.05,1.583689
1572,double_dqn,2,51.7496,11.6,18563,cpu,4,30,32.05,0.05,0.690679
1573,double_dqn,2,51.7834,11.58,18563,cpu,10,89,97.02,0.05,1.398989
1574,double_dqn,2,51.7977,11.4,18563,cpu,5,38,41.48,0.05,0.574085
1575,double_dqn,2,51.8421,11.52,18563,cpu,12,117,118.76,0.05,1.032687
1576,double_dqn,2,51.8923,11.54,18563,cpu,15,132,148.04,0.05,0.661346
1577,double_dqn,2,51.9254,11.46,18563,cpu,10,87,96.24,0.05,2.354903
1578,double_dqn,2,51.9342,11.08,18563,cpu,4,22,31.53,0.05,1.218791
1579,double_dqn,2,51.9877,11.34,18563,cpu,16,139,158.58,0.05,1.361807
1580,double_dqn,2,52.0269,11.38,18563,cpu,14,103,136.32,0.05,1.042239
1581,double_dqn,2,52.0785,11.6,18563,cpu,15,135,148.51,0.05,0.64073
1582,double_dqn,2,52.1471,11.88,18563,cpu,18,178,182.51,0.05,1.660467
1583,double_dqn,2,52.156,11.6,18563,cpu,2,23,11.8,0.05,1.176947
1584,double_dqn,2,52.191,11.58,18563,cpu,12,92,115.11,0.05,1.634326
1585,double_dqn,2,52.2228,11.62,18563,cpu,12,83,116.1,0.05,0.786871
1586,double_dqn,2,52.2714,11.76,18563,cpu,15,126,147.1,0.05,0.715822
1587,double_dqn,2,52.3242,11.62,18563,cpu,16,138,159.49,0.05,0.441772
1588,double_dqn,2,52.3404,11.6,18563,cpu,4,43,33.02,0.05,0.308525
1589,double_dqn,2,52.3495,11.56,18563,cpu,4,24,31.71,0.05,1.188855
1590,double_dqn,2,52.4111,11.82,18563,cpu,19,162,191.18,0.05,1.079211
1591,double_dqn,2,52.4214,11.62,18563,cpu,4,27,31.78,0.05,1.671285
1592,double_dqn,2,52.4551,11.82,18563,cpu,11,88,106.64,0.05,0.590839
1593,double_dqn,2,52.4848,11.66,18563,cpu,11,79,105.63,0.05,1.263996
1594,double_dqn,2,52.5366,11.58,18563,cpu,15,136,148.0,0.05,0.218683
1595,double_dqn,2,52.5873,11.6,18563,cpu,21,132,209.7,0.05,1.632614
1596,double_dqn,2,52.6002,11.38,18563,cpu,6,34,51.63,0.05,0.91338
1597,double_dqn,2,52.6201,11.2,18563,cpu,6,52,51.65,0.05,1.604149
1598,double_dqn,2,52.6604,11.36,18563,cpu,13,104,126.7,0.05,0.803991
1599,double_dqn,2,52.6728,11.24,18563,cpu,4,33,32.32,0.05,0.933671
1600,double_dqn,2,52.6969,11.2,18563,cpu,7,64,64.64,0.05,0.430821
1601,double_dqn,2,52.7411,11.38,18563,cpu,14,116,138.29,0.05,1.55238
1602,double_dqn,2,52.8098,11.36,18563,cpu,17,181,171.07,0.05,1.47843
1603,double_dqn,2,52.8748,11.28,18563,cpu,19,170,187.7,0.05,0.851591
1604,double_dqn,2,52.8852,11.12,18563,cpu,4,27,31.78,0.05,1.092615
1605,double_dqn,2,52.9058,11.12,18563,cpu,7,54,63.54,0.05,1.611471
1606,double_dqn,2,52.9396,11.2,18563,cpu,12,88,115.55,0.05,0.812121
1607,double_dqn,2,52.9665,11.28,18563,cpu,8,70,74.89,0.05,1.479351
1608,double_dqn,2,53.0328,11.58,18563,cpu,20,174,201.37,0.05,1.182255
1609,double_dqn,2,53.0801,11.74,18563,cpu,20,124,198.67,0.05,1.630118
1610,double_dqn,2,53.1143,11.66,18563,cpu,13,89,125.35,0.05,0.737681
1611,double_dqn,2,53.1957,12.0,18563,cpu,26,212,261.65,0.05,2.070879
1612,double_dqn,2,53.2386,11.94,18563,cpu,15,113,148.33,0.05,0.914973
1613,double_dqn,2,53.3079,12.02,18563,cpu,20,182,201.69,0.05,1.031748
1614,double_dqn,2,53.3682,11.98,18563,cpu,15,156,151.0,0.05,0.650335
1615,double_dqn,2,53.4061,12.1,18563,cpu,12,99,115.74,0.05,0.889838
1616,double_dqn,2,53.4144,12.02,18563,cpu,4,22,31.13,0.05,1.022208
1617,double_dqn,2,53.4376,12.04,18563,cpu,8,62,74.57,0.05,1.249673
1618,double_dqn,2,53.4758,12.02,18563,cpu,12,102,115.61,0.05,1.788827
1619,double_dqn,2,53.5124,11.92,18563,cpu,16,95,156.22,0.05,1.70036
1620,double_dqn,2,53.5486,11.88,18563,cpu,12,92,115.91,0.05,1.000968
1621,double_dqn,2,53.6056,11.92,18563,cpu,17,143,168.85,0.05,1.001684
1622,double_dqn,2,53.6452,12.12,18563,cpu,14,100,136.85,0.05,0.853398
1623,double_dqn,2,53.6577,11.98,18563,cpu,3,32,21.92,0.05,0.566292
1624,double_dqn,2,53.7314,12.32,18563,cpu,22,187,222.36,0.05,1.441137
1625,double_dqn,2,53.8002,12.56,18563,cpu,24,174,241.21,0.05,0.643733
1626,double_dqn,2,53.825,12.42,18563,cpu,8,63,74.66,0.05,1.111665
1627,double_dqn,2,53.8282,12.24,18563,cpu,1,8,0.54,0.05,2.117998
1628,double_dqn,2,53.8753,12.5,18563,cpu,17,119,167.89,0.05,1.543435
1629,double_dqn,2,53.9109,12.46,18563,cpu,14,89,135.86,0.05,1.448291
1630,double_dqn,2,53.9261,12.28,18563,cpu,5,39,42.17,0.05,0.527308
1631,double_dqn,2,53.9759,12.28,18563,cpu,15,126,148.9,0.05,1.458514
1632,double_dqn,2,54.0003,12.1,18563,cpu,9,61,83.59,0.05,0.956547
1633,double_dqn,2,54.0039,12.08,18563,cpu,1,9,0.43,0.05,0.972621
1634,double_dqn,2,54.0417,12.06,18563,cpu,11,96,106.96,0.05,0.837672
1635,double_dqn,2,54.0947,12.18,18563,cpu,18,132,178.37,0.05,1.377915
1636,double_dqn,2,54.1486,12.18,18563,cpu,15,135,148.11,0.05,0.943753
1637,double_dqn,2,54.1527,11.86,18563,cpu,0,10,-9.19,0.05,1.130205
1638,double_dqn,2,54.1793,11.96,18563,cpu,9,67,84.93,0.05,1.765566
1639,double_dqn,2,54.2418,12.32,18563,cpu,22,158,216.95,0.05,0.949247
1640,double_dqn,2,54.2734,12.16,18563,cpu,11,79,103.63,0.05,0.841217
1641,double_dqn,2,54.3083,12.3,18563,cpu,11,88,106.04,0.05,0.444533
1642,double_dqn,2,54.3363,12.24,18563,cpu,8,70,74.89,0.05,1.451842
1643,double_dqn,2,54.3708,12.18,18563,cpu,8,87,76.22,0.05,1.781269
1644,double_dqn,2,54.4644,12.28,18563,cpu,20,237,200.04,0.05,0.951173
1645,double_dqn,2,54.5193,12.18,18563,cpu,16,138,160.49,0.05,0.95642
1646,double_dqn,2,54.5254,12.1,18563,cpu,2,16,10.57,0.05,1.330613
1647,double_dqn,2,54.5298,12.0,18563,cpu,1,11,0.81,0.05,0.18994
1648,double_dqn,2,54.5492,11.92,18563,cpu,9,50,83.4,0.05,1.094738
1649,double_dqn,2,54.6179,12.28,18563,cpu,22,180,220.93,0.05,0.493102
1650,double_dqn,2,54.6777,12.46,18563,cpu,16,154,159.73,0.05,0.844861
1651,double_dqn,2,54.7528,12.62,18563,cpu,22,196,223.37,0.05,1.189772
1652,double_dqn,2,54.7915,12.56,18563,cpu,14,101,136.14,0.05,0.95941
1653,double_dqn,2,54.8382,12.52,18563,cpu,17,122,167.36,0.05,0.975333
1654,double_dqn,2,54.8635,12.58,18563,cpu,7,66,64.42,0.05,0.618174
1655,double_dqn,2,54.9064,12.68,18563,cpu,12,113,118.6,0.05,1.301067
1656,double_dqn,2,55.0187,13.0,18563,cpu,28,290,283.29,0.05,0.877473
1657,double_dqn,2,55.0452,12.98,18563,cpu,7,69,63.69,0.05,0.505772
1658,double_dqn,2,55.0782,12.84,18563,cpu,13,87,126.17,0.05,1.134337
1659,double_dqn,2,55.0836,12.5,18563,cpu,3,14,20.7,0.05,0.981726
1660,double_dqn,2,55.1296,12.54,18563,cpu,15,119,147.67,0.05,1.936717
1661,double_dqn,2,55.1518,12.16,18563,cpu,7,56,63.12,0.05,1.820308
1662,double_dqn,2,55.1882,12.12,18563,cpu,13,97,126.07,0.05,1.720138
1663,double_dqn,2,55.2238,12.04,18563,cpu,16,94,156.73,0.05,0.892389
1664,double_dqn,2,55.2647,11.98,18563,cpu,12,107,117.26,0.05,1.143206
1665,double_dqn,2,55.2674,11.76,18563,cpu,1,7,0.45,0.05,1.162221
1666,double_dqn,2,55.2974,11.88,18563,cpu,10,79,96.12,0.05,1.069806
1667,double_dqn,2,55.3558,12.14,18563,cpu,21,152,210.5,0.05,1.09672
1668,double_dqn,2,55.3886,12.18,18563,cpu,14,86,134.19,0.05,1.040933
1669,double_dqn,2,55.4432,12.22,18563,cpu,18,143,178.76,0.05,1.691184
1670,double_dqn,2,55.486,12.28,18563,cpu,15,112,148.04,0.05,1.5905
1671,double_dqn,2,55.5324,12.24,18563,cpu,15,121,146.65,0.05,1.645119
1672,double_dqn,2,55.5987,12.36,18563,cpu,20,173,201.08,0.05,1.038944
1673,double_dqn,2,55.6084,12.32,18563,cpu,1,26,1.96,0.05,0.905317
1674,double_dqn,2,55.618,11.92,18563,cpu,2,25,10.58,0.05,1.023687
1675,double_dqn,2,55.6337,11.56,18563,cpu,6,41,52.86,0.05,1.418789
1676,double_dqn,2,55.6381,11.42,18563,cpu,1,11,0.81,0.05,1.038656
1677,double_dqn,2,55.6648,11.54,18563,cpu,7,69,64.49,0.05,1.341254
1678,double_dqn,2,55.6976,11.44,18563,cpu,12,87,116.06,0.05,0.570959
1679,double_dqn,2,55.7134,11.28,18563,cpu,6,41,52.46,0.05,1.406748
1680,double_dqn,2,55.7729,11.52,18563,cpu,17,156,169.22,0.05,0.930779
1681,double_dqn,2,55.8388,11.62,18563,cpu,20,173,202.08,0.05,1.613189
1682,double_dqn,2,55.8698,11.72,18563,cpu,14,81,135.54,0.05,0.184314
1683,double_dqn,2,55.8926,11.88,18563,cpu,9,59,84.01,0.05,0.724029
1684,double_dqn,2,55.9301,11.92,18563,cpu,13,98,126.96,0.05,1.65472
1685,double_dqn,2,55.9975,11.98,18563,cpu,21,175,211.17,0.05,1.356522
1686,double_dqn,2,56.0139,11.82,18563,cpu,7,44,62.84,0.05,1.484776
1687,double_dqn,2,56.0461,12.08,18563,cpu,13,85,125.59,0.05,1.835289
1688,double_dqn,2,56.0696,12.06,18563,cpu,8,62,74.57,0.05,1.24225
1689,double_dqn,2,56.1221,11.96,18563,cpu,17,137,168.91,0.05,1.693975
1690,double_dqn,2,56.1767,12.1,18563,cpu,18,142,178.67,0.05,1.247091
1691,double_dqn,2,56.1979,12.0,18563,cpu,6,55,54.12,0.05,0.903397
1692,double_dqn,2,56.2114,11.96,18563,cpu,6,35,52.52,0.05,0.465355
1693,double_dqn,2,56.2449,12.1,18563,cpu,15,88,146.48,0.05,1.109303
1694,double_dqn,2,56.2752,11.92,18563,cpu,11,79,105.23,0.05,0.140485
1695,double_dqn,2,56.2912,11.7,18563,cpu,5,42,42.84,0.05,2.08599
1696,double_dqn,2,56.3309,11.94,18563,cpu,14,104,137.21,0.05,2.203562
1697,double_dqn,2,56.4007,12.34,18563,cpu,21,182,212.4,0.05,0.888538
1698,double_dqn,2,56.4398,12.38,18563,cpu,11,103,107.39,0.05,1.444945
1699,double_dqn,2,56.458,12.08,18563,cpu,7,48,63.6,0.05,1.650499
1700,double_dqn,2,56.4879,11.96,18563,cpu,10,77,95.14,0.05,0.970165
1701,double_dqn,2,56.5629,11.96,18563,cpu,22,197,223.26,0.05,1.861292
1702,double_dqn,2,56.5917,11.88,18563,cpu,10,75,94.76,0.05,1.472991
1703,double_dqn,2,56.6081,11.66,18563,cpu,6,43,52.84,0.05,1.138649
1704,double_dqn,2,56.6182,11.6,18563,cpu,4,27,31.78,0.05,1.43077
1705,double_dqn,2,56.6671,11.66,18563,cpu,15,126,147.9,0.05,1.298054
1706,double_dqn,2,56.6915,11.26,18563,cpu,8,63,74.66,0.05,1.355322
1707,double_dqn,2,56.7535,11.56,18563,cpu,22,163,220.0,0.05,1.087024
1708,double_dqn,2,56.8188,11.64,18563,cpu,17,172,171.06,0.05,0.855949
1709,double_dqn,2,56.8866,11.96,18563,cpu,19,178,189.02,0.05,0.631138
1710,double_dqn,2,56.9255,11.88,18563,cpu,11,101,106.21,0.05,0.931831
1711,double_dqn,2,56.9471,11.9,18563,cpu,8,55,73.54,0.05,1.314191
1712,double_dqn,2,56.9873,11.86,18563,cpu,11,106,107.66,0.05,0.66204
1713,double_dqn,2,57.0246,11.78,18563,cpu,12,98,116.65,0.05,1.120006
1714,double_dqn,2,57.0704,11.82,18563,cpu,14,120,138.65,0.05,1.128302
1715,double_dqn,2,57.093,12.02,18563,cpu,11,59,103.83,0.05,0.949172
1716,double_dqn,2,57.1054,11.92,18563,cpu,5,32,42.14,0.05,0.631305
1717,double_dqn,2,57.1386,11.72,18563,cpu,11,86,106.06,0.05,1.386062
1718,double_dqn,2,57.1509,11.5,18563,cpu,3,31,22.43,0.05,2.295293
1719,double_dqn,2,57.1624,11.24,18563,cpu,5,30,42.16,0.05,1.431281
1720,double_dqn,2,57.2235,11.36,18563,cpu,21,160,210.42,0.05,1.023956
1721,double_dqn,2,57.2708,11.36,18563,cpu,15,123,149.63,0.05,0.902025
1722,double_dqn,2,57.33,11.36,18563,cpu,20,155,197.26,0.05,1.006978
1723,double_dqn,2,57.3966,11.78,18563,cpu,22,174,219.99,0.05,0.817594
1724,double_dqn,2,57.4373,11.98,18563,cpu,12,106,116.77,0.05,1.67962
1725,double_dqn,2,57.4706,12.16,18563,cpu,15,87,146.39,0.05,1.889665
1726,double_dqn,2,57.5466,12.56,18563,cpu,21,195,211.97,0.05,0.942788
1727,double_dqn,2,57.6079,12.82,18563,cpu,20,156,199.35,0.05,1.005279
1728,double_dqn,2,57.6642,12.94,18563,cpu,18,141,178.98,0.05,1.728204
1729,double_dqn,2,57.7244,13.18,18563,cpu,18,151,180.68,0.05,0.294444
1730,double_dqn,2,57.8055,13.3,18563,cpu,23,204,228.6,0.05,0.782945
1731,double_dqn,2,57.8248,13.0,18563,cpu,5,48,43.38,0.05,1.256917
1732,double_dqn,2,57.8297,12.78,18563,cpu,3,12,20.72,0.05,2.024974
1733,double_dqn,2,57.8518,12.72,18563,cpu,6,56,51.81,0.05,1.073413
1734,double_dqn,2,57.8734,12.6,18563,cpu,7,54,63.74,0.05,1.157202
1735,double_dqn,2,57.912,12.42,18563,cpu,12,97,116.56,0.05,0.755312
1736,double_dqn,2,57.9703,12.64,18563,cpu,18,147,180.32,0.05,1.475953
1737,double_dqn,2,57.9919,12.52,18563,cpu,7,55,64.03,0.05,0.942393
1738,double_dqn,2,58.0303,12.66,18563,cpu,15,97,147.09,0.05,1.101946
1739,double_dqn,2,58.0713,12.62,18563,cpu,15,103,146.23,0.05,0.639851
1740,double_dqn,2,58.1311,12.62,18563,cpu,18,150,181.19,0.05,1.676501
1741,double_dqn,2,58.1734,12.7,18563,cpu,10,107,97.24,0.05,1.001781
1742,double_dqn,2,58.2233,12.9,18563,cpu,16,125,156.52,0.05,1.322038
1743,double_dqn,2,58.2464,12.7,18563,cpu,5,58,44.28,0.05,0.748047
1744,double_dqn,2,58.3023,12.84,18563,cpu,18,140,179.49,0.05,0.604118
1745,double_dqn,2,58.3309,12.96,18563,cpu,11,72,105.0,0.05,1.179577
1746,double_dqn,2,58.3469,12.78,18563,cpu,5,40,42.66,0.05,0.729944
1747,double_dqn,2,58.3849,12.52,18563,cpu,8,96,77.43,0.05,0.920082
1748,double_dqn,2,58.4474,12.7,18563,cpu,20,156,200.15,0.05,1.01447
1749,double_dqn,2,58.4946,12.86,18563,cpu,15,118,148.98,0.05,1.951542
1750,double_dqn,2,58.4981,12.68,18563,cpu,1,9,0.63,0.05,1.033814
1751,double_dqn,2,58.5084,12.32,18563,cpu,4,26,31.89,0.05,1.227887
1752,double_dqn,2,58.571,12.48,18563,cpu,18,161,179.78,0.05,1.190417
1753,double_dqn,2,58.6009,12.52,18563,cpu,8,79,74.3,0.05,1.33259
1754,double_dqn,2,58.6645,12.8,18563,cpu,18,164,180.45,0.05,1.12799
1755,double_dqn,2,58.7045,12.8,18563,cpu,15,104,145.52,0.05,1.681664
1756,double_dqn,2,58.7391,12.9,18563,cpu,13,90,126.24,0.05,1.410873
1757,double_dqn,2,58.7844,12.72,18563,cpu,13,119,126.45,0.05,1.029852
1758,double_dqn,2,58.8037,12.54,18563,cpu,8,50,73.69,0.05,2.607492
1759,double_dqn,2,58.8503,12.42,18563,cpu,13,122,128.52,0.05,0.699701
1760,double_dqn,2,58.8862,12.44,18563,cpu,12,94,115.89,0.05,0.414713
1761,double_dqn,2,58.912,12.48,18563,cpu,10,67,92.84,0.05,1.274992
1762,double_dqn,2,58.9991,12.76,18563,cpu,25,225,252.51,0.05,1.049821
1763,double_dqn,2,59.0356,12.78,18563,cpu,13,95,126.49,0.05,1.205197
1764,double_dqn,2,59.0693,12.72,18563,cpu,11,88,106.64,0.05,1.287445
1765,double_dqn,2,59.1156,12.86,18563,cpu,18,121,178.98,0.05,1.378347
1766,double_dqn,2,59.1386,12.94,18563,cpu,9,59,84.21,0.05,0.564603
1767,double_dqn,2,59.1826,12.98,18563,cpu,13,114,127.0,0.05,0.936058
1768,double_dqn,2,59.1993,13.06,18563,cpu,7,43,62.95,0.05,1.335358
1769,double_dqn,2,59.2084,13.04,18563,cpu,4,24,31.51,0.05,0.577666
1770,double_dqn,2,59.2119,12.62,18563,cpu,0,9,-9.68,0.05,0.803754
1771,double_dqn,2,59.2244,12.42,18563,cpu,5,33,42.03,0.05,1.099167
1772,double_dqn,2,59.2489,12.18,18563,cpu,8,64,73.95,0.05,1.319454
1773,double_dqn,2,59.2905,11.94,18563,cpu,10,109,98.22,0.05,1.101838
1774,double_dqn,2,59.3375,12.02,18563,cpu,16,123,158.34,0.05,1.199852
1775,double_dqn,2,59.4029,12.16,18563,cpu,22,168,221.45,0.05,1.638047
1776,double_dqn,2,59.4193,11.86,18563,cpu,6,42,53.15,0.05,0.818767
1777,double_dqn,2,59.4516,11.66,18563,cpu,10,83,96.08,0.05,0.220357
1778,double_dqn,2,59.4798,11.52,18563,cpu,11,73,104.89,0.05,1.543202
1779,double_dqn,2,59.518,11.48,18563,cpu,16,102,156.65,0.05,1.430158
1780,double_dqn,2,59.5223,11.06,18563,cpu,2,11,10.72,0.05,0.392958
1781,double_dqn,2,59.5349,11.04,18563,cpu,4,34,32.21,0.05,0.811336
1782,double_dqn,2,59.5882,11.3,18563,cpu,16,141,158.36,0.05,1.117028
1783,double_dqn,2,59.6157,11.38,18563,cpu,10,72,94.49,0.05,1.734099
1784,double_dqn,2,59.6342,11.38,18563,cpu,7,48,63.0,0.05,1.229509
1785,double_dqn,2,59.6638,11.34,18563,cpu,10,76,95.45,0.05,1.402332
1786,double_dqn,2,59.6769,11.06,18563,cpu,4,34,32.41,0.05,1.001592
1787,double_dqn,2,59.6972,11.06,18563,cpu,7,53,63.25,0.05,1.531344
1788,double_dqn,2,59.7479,11.1,18563,cpu,17,132,167.86,0.05,0.557616
1789,double_dqn,2,59.7709,10.96,18563,cpu,8,60,74.59,0.05,0.983715
1790,double_dqn,2,59.8257,10.98,18563,cpu,19,144,189.96,0.05,1.29237
1791,double_dqn,2,59.8955,11.24,18563,cpu,23,182,230.02,0.05,1.183463
1792,double_dqn,2,59.902,10.96,18563,cpu,2,17,10.86,0.05,1.464123
1793,double_dqn,2,59.9379,11.2,18563,cpu,17,92,166.46,0.05,1.214006
1794,double_dqn,2,59.9973,11.22,18563,cpu,19,156,189.24,0.05,0.635552
1795,double_dqn,2,60.0695,11.44,18563,cpu,22,189,219.54,0.05,1.299275
1796,double_dqn,2,60.109,11.64,18563,cpu,15,104,147.72,0.05,0.871055
1797,double_dqn,2,60.1438,11.7,18563,cpu,11,89,104.73,0.05,0.910092
1798,double_dqn,2,60.185,11.58,18563,cpu,14,107,137.28,0.05,1.034404
1799,double_dqn,2,60.2459,11.64,18563,cpu,18,159,180.6,0.05,1.65073
1800,double_dqn,2,60.3142,11.96,18563,cpu,17,178,172.4,0.05,1.372455
1801,double_dqn,2,60.331,12.0,18563,cpu,6,44,53.13,0.05,1.305475
1802,double_dqn,2,60.3589,11.82,18563,cpu,9,72,85.38,0.05,1.594526
1803,double_dqn,2,60.3693,11.72,18563,cpu,3,27,21.87,0.05,1.390499
1804,double_dqn,2,60.408,11.56,18563,cpu,10,102,96.79,0.05,1.246007
1805,double_dqn,2,60.4716,11.64,18563,cpu,19,166,189.54,0.05,0.870019
1806,double_dqn,2,60.5114,11.62,18563,cpu,12,104,116.99,0.05,0.777443
1807,double_dqn,2,60.5945,11.8,18563,cpu,22,217,223.46,0.05,1.184715
1808,double_dqn,2,60.6435,11.92,18563,cpu,14,127,137.68,0.05,1.117052
1809,double_dqn,2,60.7009,11.94,18563,cpu,14,150,138.35,0.05,1.521389
1810,double_dqn,2,60.7309,11.9,18563,cpu,10,79,95.52,0.05,1.56366
1811,double_dqn,2,60.7891,12.1,18563,cpu,20,153,200.28,0.05,0.269723
1812,double_dqn,2,60.8403,11.9,18563,cpu,15,135,148.71,0.05,1.615272
1813,double_dqn,2,60.9101,11.94,18563,cpu,15,183,150.03,0.05,0.850149
1814,double_dqn,2,60.9133,11.76,18563,cpu,2,8,10.45,0.05,1.209738
1815,double_dqn,2,60.9506,11.6,18563,cpu,10,95,96.16,0.05,1.218344
1816,double_dqn,2,60.9784,11.62,18563,cpu,10,72,94.29,0.05,0.561537
1817,double_dqn,2,61.0083,11.56,18563,cpu,10,79,95.52,0.05,0.993688
1818,double_dqn,2,61.0425,11.64,18563,cpu,11,89,106.13,0.05,1.323719
1819,double_dqn,2,61.084,11.82,18563,cpu,13,110,126.04,0.05,1.083437
1820,double_dqn,2,61.1473,12.22,18563,cpu,20,165,198.76,0.05,1.074819
1821,double_dqn,2,61.154,12.16,18563,cpu,2,17,10.86,0.05,0.58654
1822,double_dqn,2,61.2472,12.48,18563,cpu,24,244,245.51,0.05,1.390152
1823,double_dqn,2,61.2699,12.48,18563,cpu,10,60,94.01,0.05,1.459917
1824,double_dqn,2,61.2853,12.24,18563,cpu,4,41,32.64,0.05,0.934271
1825,double_dqn,2,61.2962,11.84,18563,cpu,2,29,12.34,0.05,1.196661
1826,double_dqn,2,61.3182,11.88,18563,cpu,8,58,73.81,0.05,0.544268
1827,double_dqn,2,61.3529,11.9,18563,cpu,11,91,106.51,0.05,1.279781
1828,double_dqn,2,61.3631,11.74,18563,cpu,3,27,21.27,0.05,0.579594
1829,double_dqn,2,61.4184,11.8,18563,cpu,19,145,189.85,0.05,0.482092
1830,double_dqn,2,61.4494,11.98,18563,cpu,11,82,105.3,0.05,0.773974
1831,double_dqn,2,61.4798,12.12,18563,cpu,11,80,105.72,0.05,2.137948
1832,double_dqn,2,61.493,11.92,18563,cpu,6,34,52.43,0.05,1.058286
1833,double_dqn,2,61.5616,12.12,18563,cpu,20,173,200.68,0.05,0.230813
1834,double_dqn,2,61.5866,12.16,18563,cpu,9,63,84.57,0.05,0.783565
1835,double_dqn,2,61.6089,12.1,18563,cpu,7,56,63.92,0.05,0.303901
1836,double_dqn,2,61.6501,12.3,18563,cpu,14,103,136.52,0.05,0.652411
1837,double_dqn,2,61.6753,12.32,18563,cpu,8,64,74.55,0.05,0.913216
1838,double_dqn,2,61.7109,12.26,18563,cpu,14,89,135.86,0.05,1.164029
1839,double_dqn,2,61.7531,12.4,18563,cpu,15,106,146.5,0.05,1.866
1840,double_dqn,2,61.7702,12.12,18563,cpu,5,43,42.73,0.05,1.022603
1841,double_dqn,2,61.8175,11.96,18563,cpu,15,119,148.07,0.05,1.107831
1842,double_dqn,2,61.8514,12.14,18563,cpu,11,86,105.46,0.05,0.679384
1843,double_dqn,2,61.8673,11.92,18563,cpu,6,39,52.28,0.05,1.52592
1844,double_dqn,2,61.8785,11.62,18563,cpu,4,28,31.67,0.05,1.290179
1845,double_dqn,2,61.8919,11.28,18563,cpu,5,34,42.52,0.05,1.746493
1846,double_dqn,2,61.9567,11.44,18563,cpu,23,162,229.82,0.05,1.654457
1847,double_dqn,2,62.0369,11.62,18563,cpu,20,202,201.09,0.05,1.507772
1848,double_dqn,2,62.0674,11.54,18563,cpu,10,77,94.14,0.05,0.902895
1849,double_dqn,2,62.1183,11.48,18563,cpu,15,127,146.79,0.05,1.487568
1850,double_dqn,2,62.1395,11.3,18563,cpu,8,53,73.76,0.05,1.032815
1851,double_dqn,2,62.1526,11.26,18563,cpu,4,32,32.43,0.05,1.581073
1852,double_dqn,2,62.1801,11.3,18563,cpu,11,69,104.53,0.05,1.096648
1853,double_dqn,2,62.2028,11.36,18563,cpu,6,57,54.1,0.05,1.260335
1854,double_dqn,2,62.2306,11.32,18563,cpu,8,69,74.4,0.05,1.22249
1855,double_dqn,2,62.2339,10.96,18563,cpu,1,8,0.54,0.05,1.240837
1856,double_dqn,2,62.2367,10.74,18563,cpu,1,7,0.45,0.05,1.709237
1857,double_dqn,2,62.255,10.4,18563,cpu,5,46,42.8,0.05,0.616485
1858,double_dqn,2,62.2951,10.4,18563,cpu,14,100,136.05,0.05,0.868211
1859,double_dqn,2,62.3619,10.48,18563,cpu,18,168,179.41,0.05,0.828143
1860,double_dqn,2,62.3971,10.44,18563,cpu,8,89,76.2,0.05,1.166455
1861,double_dqn,2,62.4368,10.28,18563,cpu,12,99,117.34,0.05,0.396372
1862,double_dqn,2,62.4421,10.02,18563,cpu,2,13,10.9,0.05,1.289646
1863,double_dqn,2,62.4652,9.9,18563,cpu,9,58,83.92,0.05,1.740788
1864,double_dqn,2,62.5131,10.18,18563,cpu,16,119,158.18,0.05,0.629504
1865,double_dqn,2,62.5259,10.06,18563,cpu,4,32,32.03,0.05,0.506716
1866,double_dqn,2,62.5811,10.24,18563,cpu,19,143,189.47,0.05,1.644113
1867,double_dqn,2,62.5913,10.14,18563,cpu,5,26,41.8,0.05,0.843581
1868,double_dqn,2,62.6075,10.0,18563,cpu,4,43,33.22,0.05,0.932823
1869,double_dqn,2,62.6776,10.18,18563,cpu,22,180,221.73,0.05,1.005777
1870,double_dqn,2,62.7024,9.98,18563,cpu,10,65,94.26,0.05,1.30589
1871,double_dqn,2,62.7349,10.12,18563,cpu,9,85,85.75,0.05,1.443349
1872,double_dqn,2,62.7633,9.86,18563,cpu,11,74,104.98,0.05,1.164786
1873,double_dqn,2,62.8063,10.02,18563,cpu,18,111,176.48,0.05,1.52736
1874,double_dqn,2,62.8654,10.26,18563,cpu,16,153,158.84,0.05,1.282891
1875,double_dqn,2,62.8946,10.5,18563,cpu,14,77,135.18,0.05,1.34149
1876,double_dqn,2,62.9104,10.42,18563,cpu,4,42,31.93,0.05,0.793321
1877,double_dqn,2,62.9674,10.5,18563,cpu,15,148,149.68,0.05,1.11022
1878,double_dqn,2,63.0026,10.7,18563,cpu,13,92,125.22,0.05,0.537768
1879,double_dqn,2,63.0104,10.38,18563,cpu,3,20,21.44,0.05,0.909777
1880,double_dqn,2,63.0313,10.32,18563,cpu,8,55,73.54,0.05,1.210055
1881,double_dqn,2,63.1002,10.52,18563,cpu,21,180,213.22,0.05,1.064942
1882,double_dqn,2,63.1377,10.68,18563,cpu,14,96,135.89,0.05,0.516659
1883,double_dqn,2,63.1763,10.52,18563,cpu,12,100,115.83,0.05,1.544785
1884,double_dqn,2,63.185,10.38,18563,cpu,2,23,11.8,0.05,0.709522
1885,double_dqn,2,63.2359,10.54,18563,cpu,15,132,149.64,0.05,1.058908
1886,double_dqn,2,63.2565,10.42,18563,cpu,8,54,73.85,0.05,1.730707
1887,double_dqn,2,63.2785,10.4,18563,cpu,7,57,64.01,0.05,0.658263
1888,double_dqn,2,63.3065,10.32,18563,cpu,10,74,93.87,0.05,0.627792
1889,double_dqn,2,63.3924,10.56,18563,cpu,27,225,274.13,0.05,0.860908
1890,double_dqn,2,63.4116,10.58,18563,cpu,6,50,53.27,0.05,0.199534
1891,double_dqn,2,63.4841,10.76,18563,cpu,24,190,241.65,0.05,0.589758
1892,double_dqn,2,63.5355,10.88,18563,cpu,17,135,168.73,0.05,1.79654
1893,double_dqn,2,63.566,10.94,18563,cpu,9,80,85.1,0.05,0.998939
1894,double_dqn,2,63.5838,11.0,18563,cpu,7,46,62.02,0.05,1.04221
1895,double_dqn,2,63.6334,11.22,18563,cpu,16,129,157.48,0.05,1.460165
1896,double_dqn,2,63.7132,11.22,18563,cpu,23,207,232.07,0.05,1.524447
1897,double_dqn,2,63.7488,11.06,18563,cpu,12,93,114.6,0.05,0.883673
1898,double_dqn,2,63.7591,10.96,18563,cpu,5,27,41.89,0.05,0.656563
1899,double_dqn,2,63.8029,10.96,18563,cpu,15,115,148.11,0.05,0.968886
1900,double_dqn,2,63.8234,10.96,18563,cpu,8,54,73.65,0.05,2.313849
1901,double_dqn,2,63.8843,11.24,18563,cpu,18,159,180.0,0.05,0.744999
1902,double_dqn,2,63.9499,11.46,18563,cpu,22,168,219.65,0.05,0.60942
1903,double_dqn,2,64.042,11.9,18563,cpu,28,240,285.19,0.05,1.393351
1904,double_dqn,2,64.0586,11.88,18563,cpu,7,43,62.95,0.05,1.528215
1905,double_dqn,2,64.0937,12.08,18563,cpu,11,92,106.2,0.05,1.279359
1906,double_dqn,2,64.1076,12.12,18563,cpu,3,37,22.57,0.05,0.946745
1907,double_dqn,2,64.1799,12.52,18563,cpu,25,186,252.4,0.05,1.01389
1908,double_dqn,2,64.2195,12.44,18563,cpu,10,103,96.08,0.05,1.677767
1909,double_dqn,2,64.242,12.24,18563,cpu,8,59,73.7,0.05,0.539307
1910,double_dqn,2,64.2925,12.42,18563,cpu,17,132,169.66,0.05,2.178047
1911,double_dqn,2,64.3393,12.5,18563,cpu,16,122,158.25,0.05,1.266015
1912,double_dqn,2,64.3753,12.72,18563,cpu,13,94,125.2,0.05,1.228385
1913,double_dqn,2,64.4854,13.12,18563,cpu,29,286,297.64,0.05,1.432217
1914,double_dqn,2,64.4907,12.82,18563,cpu,1,14,1.08,0.05,1.485452
1915,double_dqn,2,64.5121,12.92,18563,cpu,9,55,83.85,0.05,0.318714
1916,double_dqn,2,64.5462,12.8,18563,cpu,13,89,124.95,0.05,1.025042
1917,double_dqn,2,64.6057,13.1,18563,cpu,20,155,201.46,0.05,0.670704
1918,double_dqn,2,64.6155,13.08,18563,cpu,3,26,21.98,0.05,1.669034
1919,double_dqn,2,64.6416,12.82,18563,cpu,9,67,84.93,0.05,1.772212
1920,double_dqn,2,64.6668,12.8,18563,cpu,9,65,84.95,0.05,0.969067
1921,double_dqn,2,64.6943,12.84,18563,cpu,11,72,103.6,0.05,0.755234
1922,double_dqn,2,64.7375,12.88,18563,cpu,13,113,126.31,0.05,1.271684
1923,double_dqn,2,64.8062,12.94,18563,cpu,21,178,209.84,0.05,0.699533
1924,double_dqn,2,64.836,12.82,18563,cpu,10,78,96.03,0.05,0.760844
1925,double_dqn,2,64.9409,13.22,18563,cpu,34,273,345.42,0.05,1.537224
1926,double_dqn,2,64.9966,13.46,18563,cpu,16,145,160.12,0.05,1.540743
1927,double_dqn,2,65.05,13.54,18563,cpu,19,138,187.42,0.05,1.368147
1928,double_dqn,2,65.0715,13.42,18563,cpu,7,56,64.12,0.05,1.298804
1929,double_dqn,2,65.0791,13.4,18563,cpu,2,20,10.93,0.05,1.197952
1930,double_dqn,2,65.1052,13.38,18563,cpu,7,68,63.8,0.05,1.416696
1931,double_dqn,2,65.1572,13.28,18563,cpu,16,135,157.62,0.05,1.765267
1932,double_dqn,2,65.1901,13.2,18563,cpu,10,86,95.75,0.05,0.716853
1933,double_dqn,2,65.2456,13.3,18563,cpu,17,146,171.32,0.05,1.280222
1934,double_dqn,2,65.3256,13.66,18563,cpu,20,209,200.72,0.05,1.155135
1935,double_dqn,2,65.3906,13.74,18563,cpu,19,170,190.3,0.05,1.605025
1936,double_dqn,2,65.4532,13.92,18563,cpu,17,163,171.05,0.05,0.988328
1937,double_dqn,2,65.4695,13.92,18563,cpu,7,43,62.35,0.05,1.130737
1938,double_dqn,2,65.5203,14.02,18563,cpu,15,131,149.15,0.05,0.98857
1939,double_dqn,2,65.5782,13.8,18563,cpu,16,146,159.81,0.05,0.770612
1940,double_dqn,2,65.6043,13.88,18563,cpu,10,65,94.46,0.05,1.246112
1941,double_dqn,2,65.6164,13.46,18563,cpu,3,31,22.23,0.05,1.182759
1942,double_dqn,2,65.6767,13.54,18563,cpu,21,152,210.9,0.05,0.665296
1943,double_dqn,2,65.7029,13.56,18563,cpu,10,65,94.66,0.05,0.623353
1944,double_dqn,2,65.7365,13.64,18563,cpu,11,84,105.88,0.05,1.324073
1945,double_dqn,2,65.7766,13.56,18563,cpu,12,102,117.21,0.05,1.299631
1946,double_dqn,2,65.8164,13.34,18563,cpu,12,101,114.92,0.05,0.987261
1947,double_dqn,2,65.8633,13.4,18563,cpu,15,117,148.29,0.05,1.69561
1948,double_dqn,2,65.9158,13.72,18563,cpu,21,131,209.01,0.05,0.686672
1949,double_dqn,2,65.967,13.76,18563,cpu,17,128,167.7,0.05,1.160484
1950,double_dqn,2,66.0362,13.92,18563,cpu,16,175,160.62,0.05,1.343601
1951,double_dqn,2,66.0551,13.68,18563,cpu,6,48,53.69,0.05,1.38696
1952,double_dqn,2,66.0883,13.46,18563,cpu,11,83,105.59,0.05,1.05701
1953,double_dqn,2,66.1566,13.28,18563,cpu,19,171,189.39,0.05,2.067162
1954,double_dqn,2,66.1797,13.28,18563,cpu,7,58,64.5,0.05,0.733564
1955,double_dqn,2,66.2063,13.22,18563,cpu,8,67,74.42,0.05,1.728625
1956,double_dqn,2,66.2664,13.56,18563,cpu,20,150,200.01,0.05,0.664766
1957,double_dqn,2,66.3124,13.36,18563,cpu,15,115,147.91,0.05,0.449357
1958,double_dqn,2,66.3573,13.46,18563,cpu,15,113,148.33,0.05,0.678845
1959,double_dqn,2,66.3799,13.5,18563,cpu,10,56,93.65,0.05,0.62165
1960,double_dqn,2,66.4058,13.34,18563,cpu,9,65,84.55,0.05,0.38759
1961,double_dqn,2,66.4578,13.4,18563,cpu,19,131,189.39,0.05,1.242321
1962,double_dqn,2,66.4697,13.24,18563,cpu,5,30,42.16,0.05,0.938822
1963,double_dqn,2,66.5386,13.08,18563,cpu,21,174,212.28,0.05,0.993006
1964,double_dqn,2,66.5545,13.2,18563,cpu,7,41,62.57,0.05,1.155307
1965,double_dqn,2,66.6448,13.54,18563,cpu,26,233,262.34,0.05,0.678881
1966,double_dqn,2,66.6738,13.48,18563,cpu,10,75,95.36,0.05,1.907733
1967,double_dqn,2,66.7244,13.36,18563,cpu,14,132,137.73,0.05,0.945195
1968,double_dqn,2,66.7401,13.4,18563,cpu,5,41,42.95,0.05,1.023588
1969,double_dqn,2,66.7781,13.56,18563,cpu,17,99,165.69,0.05,1.494539
1970,double_dqn,2,66.8264,13.66,18563,cpu,14,126,139.39,0.05,0.618007
1971,double_dqn,2,66.8496,13.7,18563,cpu,13,60,123.74,0.05,1.865203
1972,double_dqn,2,66.8714,13.6,18563,cpu,8,57,73.72,0.05,1.029041
1973,double_dqn,2,66.8994,13.36,18563,cpu,9,73,84.67,0.05,1.236743
1974,double_dqn,2,66.9633,13.58,18563,cpu,21,164,209.18,0.05,1.18867
1975,double_dqn,2,67.0257,13.34,18563,cpu,22,163,221.0,0.05,1.014956
1976,double_dqn,2,67.0524,13.22,18563,cpu,10,69,94.82,0.05,1.148671
1977,double_dqn,2,67.0915,13.08,18563,cpu,12,102,116.01,0.05,1.069338
1978,double_dqn,2,67.1188,13.12,18563,cpu,9,70,84.4,0.05,1.469439
1979,double_dqn,2,67.1629,13.36,18563,cpu,14,113,138.02,0.05,0.909307
1980,double_dqn,2,67.2221,13.56,18563,cpu,17,157,170.31,0.05,1.67898
1981,double_dqn,2,67.261,13.5,18563,cpu,13,102,127.12,0.05,0.824137
1982,double_dqn,2,67.2652,13.34,18563,cpu,2,11,10.72,0.05,0.760914
1983,double_dqn,2,67.3344,13.4,18563,cpu,20,181,202.8,0.05,1.441132
1984,double_dqn,2,67.3788,13.3,18563,cpu,15,117,147.09,0.05,0.935228
1985,double_dqn,2,67.4245,13.22,18563,cpu,15,120,148.96,0.05,0.954486
1986,double_dqn,2,67.4595,13.18,18563,cpu,15,91,145.75,0.05,1.054365
1987,double_dqn,2,67.4745,13.2,18563,cpu,8,39,71.9,0.05,1.77541
1988,double_dqn,2,67.4806,12.96,18563,cpu,3,16,21.08,0.05,1.145766
1989,double_dqn,2,67.5063,12.78,18563,cpu,7,68,64.4,0.05,1.082091
1990,double_dqn,2,67.5094,12.58,18563,cpu,0,8,-9.37,0.05,1.749443
1991,double_dqn,2,67.5635,12.8,18563,cpu,14,141,139.34,0.05,2.089452
1992,double_dqn,2,67.6023,12.68,18563,cpu,15,102,146.94,0.05,0.972312
1993,double_dqn,2,67.6319,12.7,18563,cpu,11,77,104.85,0.05,1.298879
1994,double_dqn,2,67.6974,12.96,18563,cpu,24,170,241.05,0.05,1.747726
1995,double_dqn,2,67.7487,13.04,18563,cpu,16,134,158.73,0.05,1.286403
1996,double_dqn,2,67.8156,13.12,18563,cpu,16,175,159.42,0.05,1.415275
1997,double_dqn,2,67.8663,13.16,18563,cpu,17,133,167.55,0.05,0.971458
1998,double_dqn,2,67.8966,12.94,18563,cpu,10,79,95.52,0.05,1.51119
1999,double_dqn,2,67.9428,12.9,18563,cpu,15,119,147.67,0.05,1.011292
2000,double_dqn,2,67.9803,12.82,18563,cpu,12,97,116.96,0.05,1.363897
