episode,model,seed,elapsed_seconds,moving_avg_score,model_size,device,score,steps,reward,epsilon,loss
1,dqn,3,0.0002,0.0,18563,cpu,0,19,-10.78,0.99639,0.0
2,dqn,3,0.0007,0.0,18563,cpu,0,52,-11.21,0.98651,0.0
3,dqn,3,0.0008,0.0,18563,cpu,0,6,-10.15,0.98537,0.0
4,dqn,3,0.0008,0.0,18563,cpu,0,7,-10.66,0.98404,0.0
5,dqn,3,0.0037,0.0,18563,cpu,0,23,-10.82,0.97967,0.004008
6,dqn,3,0.0131,0.0,18563,cpu,0,29,-10.08,0.97416,0.286115
7,dqn,3,0.0211,0.0,18563,cpu,0,25,-10.44,0.96941,0.52475
8,dqn,3,0.026,0.0,18563,cpu,0,15,-10.74,0.96656,1.021813
9,dqn,3,0.0292,0.0,18563,cpu,0,10,-9.39,0.96466,0.494468
10,dqn,3,0.0383,0.0,18563,cpu,0,28,-9.97,0.95934,0.30324
11,dqn,3,0.0528,0.1818,18563,cpu,2,45,10.58,0.95079,0.040619
12,dqn,3,0.0547,0.1667,18563,cpu,0,6,-10.35,0.94965,0.312348
13,dqn,3,0.0586,0.1538,18563,cpu,0,12,-10.01,0.94737,0.047176
14,dqn,3,0.0696,0.2857,18563,cpu,2,34,10.59,0.94091,0.0114
15,dqn,3,0.0731,0.2667,18563,cpu,0,11,-9.5,0.93882,0.299059
16,dqn,3,0.0844,0.25,18563,cpu,0,35,-10.54,0.93217,0.023736
17,dqn,3,0.0866,0.2353,18563,cpu,0,7,-9.66,0.93084,0.304646
18,dqn,3,0.0927,0.2222,18563,cpu,0,19,-10.38,0.92723,0.010626
19,dqn,3,0.1014,0.2105,18563,cpu,0,27,-10.66,0.9221,0.016954
20,dqn,3,0.1059,0.2,18563,cpu,0,14,-10.43,0.91944,0.281122
21,dqn,3,0.1145,0.1905,18563,cpu,0,27,-10.26,0.91431,0.016393
22,dqn,3,0.1239,0.1818,18563,cpu,0,29,-10.08,0.9088,0.293996
23,dqn,3,0.1336,0.1739,18563,cpu,0,30,-10.39,0.9031,0.025636
24,dqn,3,0.1369,0.1667,18563,cpu,0,10,-10.79,0.9012,0.273741
25,dqn,3,0.1462,0.2,18563,cpu,1,29,0.03,0.89569,0.277917
26,dqn,3,0.1523,0.1923,18563,cpu,0,19,-10.38,0.89208,0.290035
27,dqn,3,0.1555,0.1852,18563,cpu,0,10,-9.79,0.89018,0.289523
28,dqn,3,0.1581,0.1786,18563,cpu,0,8,-10.57,0.88866,0.015495
29,dqn,3,0.1648,0.1724,18563,cpu,0,21,-10.6,0.88467,0.538745
30,dqn,3,0.1738,0.1667,18563,cpu,0,28,-10.17,0.87935,0.2921
31,dqn,3,0.1955,0.1935,18563,cpu,1,68,-0.66,0.86643,0.279825
32,dqn,3,0.2011,0.1875,18563,cpu,0,17,-10.16,0.8632,0.003712
33,dqn,3,0.2053,0.2121,18563,cpu,1,13,0.19,0.86073,0.008254
34,dqn,3,0.2214,0.2059,18563,cpu,0,50,-10.19,0.85123,0.034545
35,dqn,3,0.2298,0.2,18563,cpu,0,26,-10.95,0.84629,0.020157
36,dqn,3,0.2356,0.2222,18563,cpu,1,18,1.04,0.84287,0.005719
37,dqn,3,0.2417,0.2162,18563,cpu,0,19,-10.78,0.83926,0.012835
38,dqn,3,0.2476,0.2368,18563,cpu,1,18,0.24,0.83584,0.006846
39,dqn,3,0.2505,0.2308,18563,cpu,0,9,-10.08,0.83413,0.244422
40,dqn,3,0.2572,0.225,18563,cpu,0,21,-10.6,0.83014,0.525525
41,dqn,3,0.2615,0.2439,18563,cpu,1,13,0.79,0.82767,0.015984
42,dqn,3,0.2724,0.2381,18563,cpu,0,34,-10.23,0.82121,0.005112
43,dqn,3,0.2763,0.2326,18563,cpu,0,12,-10.21,0.81893,0.010825
44,dqn,3,0.2805,0.2273,18563,cpu,0,13,-10.52,0.81646,0.04426
45,dqn,3,0.2978,0.2667,18563,cpu,2,53,10.3,0.80639,0.019571
46,dqn,3,0.3021,0.2826,18563,cpu,1,13,0.59,0.80392,0.265441
47,dqn,3,0.3047,0.2766,18563,cpu,0,8,-10.57,0.8024,0.023288
48,dqn,3,0.316,0.3125,18563,cpu,2,35,10.28,0.79575,0.020924
49,dqn,3,0.3215,0.3265,18563,cpu,1,17,-0.05,0.79252,0.023236
50,dqn,3,0.3327,0.32,18563,cpu,0,35,-10.54,0.78587,0.023269
51,dqn,3,0.3343,0.32,18563,cpu,0,5,-10.44,0.78492,0.030256
52,dqn,3,0.3376,0.34,18563,cpu,1,10,0.52,0.78302,0.401965
53,dqn,3,0.3418,0.36,18563,cpu,1,13,-0.21,0.78055,0.019788
54,dqn,3,0.3493,0.36,18563,cpu,0,23,-10.22,0.77618,0.283403
55,dqn,3,0.359,0.36,18563,cpu,0,30,-9.59,0.77048,0.680142
56,dqn,3,0.3662,0.4,18563,cpu,2,22,10.11,0.7663,0.013563
57,dqn,3,0.3694,0.4,18563,cpu,0,10,-10.59,0.7644,0.485824
58,dqn,3,0.3853,0.44,18563,cpu,2,49,10.74,0.75509,0.198545
59,dqn,3,0.397,0.44,18563,cpu,0,36,-10.85,0.74825,0.252653
60,dqn,3,0.4274,0.48,18563,cpu,2,94,10.19,0.73039,0.289185
61,dqn,3,0.4366,0.44,18563,cpu,0,28,-9.97,0.72507,0.335577
62,dqn,3,0.4392,0.44,18563,cpu,0,8,-9.97,0.72355,0.533984
63,dqn,3,0.4427,0.44,18563,cpu,0,11,-10.5,0.72146,0.019976
64,dqn,3,0.4453,0.4,18563,cpu,0,8,-10.17,0.71994,0.029411
65,dqn,3,0.4571,0.42,18563,cpu,1,36,-0.74,0.7131,0.236857
66,dqn,3,0.4601,0.44,18563,cpu,1,9,0.03,0.71139,0.125698
67,dqn,3,0.4636,0.44,18563,cpu,0,11,-9.7,0.7093,0.322027
68,dqn,3,0.4907,0.46,18563,cpu,1,84,-0.22,0.69334,0.177472
69,dqn,3,0.493,0.46,18563,cpu,0,7,-10.26,0.69201,0.074571
70,dqn,3,0.5071,0.48,18563,cpu,1,43,-0.11,0.68384,0.072011
71,dqn,3,0.511,0.48,18563,cpu,0,12,-10.21,0.68156,0.055742
72,dqn,3,0.5146,0.48,18563,cpu,0,11,-9.7,0.67947,0.293476
73,dqn,3,0.5173,0.48,18563,cpu,0,8,-9.77,0.67795,0.43843
74,dqn,3,0.5224,0.48,18563,cpu,0,16,-10.05,0.67491,0.182703
75,dqn,3,0.5407,0.48,18563,cpu,1,56,0.06,0.66427,0.176056
76,dqn,3,0.5448,0.5,18563,cpu,1,12,0.5,0.66199,0.069973
77,dqn,3,0.5498,0.54,18563,cpu,2,15,10.08,0.65914,0.31236
78,dqn,3,0.5539,0.54,18563,cpu,0,13,-10.92,0.65667,0.496207
79,dqn,3,0.5568,0.54,18563,cpu,0,9,-10.28,0.65496,0.200218
80,dqn,3,0.5624,0.56,18563,cpu,1,17,0.55,0.65173,0.150864
81,dqn,3,0.5736,0.58,18563,cpu,2,34,10.79,0.64527,0.070603
82,dqn,3,0.5883,0.62,18563,cpu,2,45,10.38,0.63672,0.040554
83,dqn,3,0.5923,0.6,18563,cpu,0,12,-9.81,0.63444,0.33582
84,dqn,3,0.5943,0.6,18563,cpu,0,6,-9.55,0.6333,0.112248
85,dqn,3,0.6201,0.64,18563,cpu,2,79,11.84,0.61829,0.1064
86,dqn,3,0.6342,0.64,18563,cpu,1,43,0.29,0.61012,0.068532
87,dqn,3,0.6398,0.66,18563,cpu,1,17,0.55,0.60689,0.222348
88,dqn,3,0.6513,0.68,18563,cpu,2,35,10.48,0.60024,0.216364
89,dqn,3,0.6543,0.7,18563,cpu,1,9,0.63,0.59853,0.197337
90,dqn,3,0.6618,0.74,18563,cpu,2,22,10.51,0.59435,0.58453
91,dqn,3,0.6696,0.76,18563,cpu,2,24,10.29,0.58979,0.051662
92,dqn,3,0.6791,0.78,18563,cpu,1,29,0.23,0.58428,0.168736
93,dqn,3,0.6938,0.84,18563,cpu,3,45,20.49,0.57573,0.368628
94,dqn,3,0.7034,0.86,18563,cpu,1,28,0.34,0.57041,0.161625
95,dqn,3,0.7148,0.9,18563,cpu,4,34,31.01,0.56395,1.113222
96,dqn,3,0.7349,0.94,18563,cpu,3,60,21.04,0.55255,0.077329
97,dqn,3,0.7454,0.98,18563,cpu,2,31,11.52,0.54666,0.048262
98,dqn,3,0.7509,0.96,18563,cpu,1,16,0.46,0.54362,0.05903
99,dqn,3,0.7555,0.96,18563,cpu,1,14,0.08,0.54096,0.743943
100,dqn,3,0.7659,1.0,18563,cpu,2,31,10.72,0.53507,0.28924
101,dqn,3,0.7733,1.06,18563,cpu,3,22,20.62,0.53089,0.355189
102,dqn,3,0.7858,1.08,18563,cpu,2,37,9.66,0.52386,0.264398
103,dqn,3,0.7931,1.06,18563,cpu,0,22,-10.11,0.51968,0.108707
104,dqn,3,0.7971,1.08,18563,cpu,1,12,0.7,0.5174,0.379908
105,dqn,3,0.818,1.18,18563,cpu,5,63,41.73,0.50543,0.309589
106,dqn,3,0.8258,1.16,18563,cpu,1,23,0.69,0.50106,0.722141
107,dqn,3,0.8395,1.2,18563,cpu,2,41,11.22,0.49327,0.251993
108,dqn,3,0.8506,1.2,18563,cpu,2,33,10.7,0.487,0.093158
109,dqn,3,0.855,1.22,18563,cpu,1,13,0.79,0.48453,0.525247
110,dqn,3,0.8593,1.2,18563,cpu,1,13,0.39,0.48206,0.551398
111,dqn,3,0.863,1.22,18563,cpu,1,11,0.41,0.47997,0.108151
112,dqn,3,0.8706,1.26,18563,cpu,2,22,10.71,0.47579,0.207123
113,dqn,3,0.8872,1.28,18563,cpu,1,50,0.92,0.46629,0.271781
114,dqn,3,0.9016,1.32,18563,cpu,2,43,11.2,0.45812,0.123478
115,dqn,3,0.9069,1.32,18563,cpu,1,16,0.46,0.45508,0.14027
116,dqn,3,0.9116,1.3,18563,cpu,0,14,-10.23,0.45242,0.712567
117,dqn,3,0.9143,1.3,18563,cpu,0,8,-9.37,0.4509,0.409252
118,dqn,3,0.9331,1.32,18563,cpu,2,57,10.46,0.44007,0.129975
119,dqn,3,0.9393,1.34,18563,cpu,1,18,1.44,0.43665,0.716314
120,dqn,3,0.9598,1.44,18563,cpu,6,61,52.26,0.42506,0.374225
121,dqn,3,0.9628,1.44,18563,cpu,0,9,-9.88,0.42335,0.780673
122,dqn,3,0.9738,1.48,18563,cpu,2,33,11.1,0.41708,0.198543
123,dqn,3,0.9843,1.5,18563,cpu,1,32,0.7,0.411,0.152093
124,dqn,3,0.9942,1.54,18563,cpu,2,29,11.34,0.40549,0.232402
125,dqn,3,1.0026,1.56,18563,cpu,2,25,10.98,0.40074,0.464867
126,dqn,3,1.0146,1.56,18563,cpu,1,36,0.26,0.3939,0.196765
127,dqn,3,1.0309,1.56,18563,cpu,2,49,11.14,0.38459,0.560142
128,dqn,3,1.0414,1.6,18563,cpu,2,31,11.12,0.3787,0.333923
129,dqn,3,1.0569,1.72,18563,cpu,6,46,52.51,0.36996,0.472642
130,dqn,3,1.0603,1.72,18563,cpu,1,10,0.52,0.36806,0.739813
131,dqn,3,1.0777,1.8,18563,cpu,6,52,51.85,0.35818,0.341409
132,dqn,3,1.0861,1.78,18563,cpu,1,25,1.07,0.35343,0.513367
133,dqn,3,1.0915,1.82,18563,cpu,2,16,10.37,0.35039,0.612363
134,dqn,3,1.0988,1.84,18563,cpu,1,22,0.4,0.34621,0.335184
135,dqn,3,1.1022,1.84,18563,cpu,2,10,10.43,0.34431,0.254139
136,dqn,3,1.1133,1.84,18563,cpu,1,33,1.19,0.33804,0.764058
137,dqn,3,1.1175,1.84,18563,cpu,1,12,0.7,0.33576,0.287893
138,dqn,3,1.1322,1.84,18563,cpu,2,43,10.8,0.32759,0.643891
139,dqn,3,1.1519,1.88,18563,cpu,3,59,23.15,0.31638,0.448057
140,dqn,3,1.1655,1.9,18563,cpu,3,40,21.44,0.30878,0.225428
141,dqn,3,1.1696,1.88,18563,cpu,1,12,0.9,0.3065,0.603881
142,dqn,3,1.1831,1.9,18563,cpu,2,40,10.93,0.2989,0.655845
143,dqn,3,1.1872,1.86,18563,cpu,1,12,0.7,0.29662,0.406278
144,dqn,3,1.2102,1.94,18563,cpu,5,68,41.38,0.2837,0.448642
145,dqn,3,1.2232,1.92,18563,cpu,3,38,21.26,0.27648,0.619134
146,dqn,3,1.2572,2.04,18563,cpu,9,100,83.9,0.25748,0.606289
147,dqn,3,1.2698,2.04,18563,cpu,2,37,10.86,0.25045,1.148102
148,dqn,3,1.2902,2.12,18563,cpu,5,60,43.46,0.23905,0.396447
149,dqn,3,1.3039,2.18,18563,cpu,4,40,31.55,0.23145,0.831542
150,dqn,3,1.3166,2.2,18563,cpu,3,38,21.66,0.22423,0.496614
151,dqn,3,1.3384,2.28,18563,cpu,7,64,63.04,0.21207,0.760938
152,dqn,3,1.3608,2.36,18563,cpu,6,65,51.62,0.19972,0.681151
153,dqn,3,1.3825,2.42,18563,cpu,3,63,22.31,0.18775,0.25572
154,dqn,3,1.388,2.44,18563,cpu,2,16,10.97,0.18471,0.279905
155,dqn,3,1.4006,2.42,18563,cpu,4,37,32.08,0.17768,0.335398
156,dqn,3,1.4175,2.52,18563,cpu,6,48,52.89,0.16856,0.297659
157,dqn,3,1.4271,2.5,18563,cpu,1,28,0.74,0.16324,0.929547
158,dqn,3,1.4333,2.52,18563,cpu,3,18,20.66,0.15982,0.495719
159,dqn,3,1.4395,2.54,18563,cpu,2,18,10.75,0.1564,0.161258
160,dqn,3,1.4675,2.66,18563,cpu,7,80,64.48,0.1412,0.728269
161,dqn,3,1.4734,2.68,18563,cpu,2,17,10.86,0.13797,0.421013
162,dqn,3,1.4869,2.72,18563,cpu,4,39,31.86,0.13056,1.225148
163,dqn,3,1.501,2.82,18563,cpu,6,40,52.57,0.12296,0.144878
164,dqn,3,1.5086,2.82,18563,cpu,2,22,11.31,0.11878,1.066881
165,dqn,3,1.5124,2.84,18563,cpu,2,11,10.72,0.11669,0.506928
166,dqn,3,1.5177,2.88,18563,cpu,2,15,10.68,0.11384,0.599341
167,dqn,3,1.5451,3.06,18563,cpu,9,79,83.41,0.09883,0.43078
168,dqn,3,1.5497,3.08,18563,cpu,3,13,20.61,0.09636,0.848832
169,dqn,3,1.5877,3.26,18563,cpu,10,109,96.02,0.07565,0.878296
170,dqn,3,1.6008,3.22,18563,cpu,4,38,31.57,0.06843,0.64886
171,dqn,3,1.6232,3.4,18563,cpu,9,64,84.26,0.05627,0.153003
172,dqn,3,1.6822,3.72,18563,cpu,18,170,175.59,0.05,0.473815
173,dqn,3,1.7177,3.94,18563,cpu,12,103,114.7,0.05,0.276481
174,dqn,3,1.7649,4.16,18563,cpu,13,137,126.07,0.05,0.222189
175,dqn,3,1.8459,4.64,18563,cpu,26,233,259.54,0.05,0.761935
176,dqn,3,1.8956,5.0,18563,cpu,19,143,188.67,0.05,0.324021
177,dqn,3,1.9479,5.3,18563,cpu,17,150,168.68,0.05,0.747284
178,dqn,3,1.9975,5.64,18563,cpu,19,142,188.18,0.05,0.555918
179,dqn,3,2.0273,5.72,18563,cpu,10,86,94.75,0.05,1.160722
180,dqn,3,2.0468,5.82,18563,cpu,6,56,53.41,0.05,0.740618
181,dqn,3,2.0761,5.9,18563,cpu,10,84,95.77,0.05,0.530358
182,dqn,3,2.0888,5.96,18563,cpu,4,36,31.79,0.05,0.759442
183,dqn,3,2.1439,6.28,18563,cpu,18,159,178.6,0.05,0.464494
184,dqn,3,2.1877,6.52,18563,cpu,13,125,127.99,0.05,0.799913
185,dqn,3,2.2107,6.62,18563,cpu,7,66,64.42,0.05,0.257056
186,dqn,3,2.2545,6.9,18563,cpu,15,125,145.41,0.05,0.751225
187,dqn,3,2.2753,7.0,18563,cpu,6,60,52.97,0.05,1.309788
188,dqn,3,2.3015,7.18,18563,cpu,11,75,104.07,0.05,0.596255
189,dqn,3,2.3638,7.5,18563,cpu,19,179,187.51,0.05,1.055353
190,dqn,3,2.4554,7.94,18563,cpu,25,262,251.44,0.05,0.895836
191,dqn,3,2.4611,7.98,18563,cpu,3,16,20.88,0.05,0.484861
192,dqn,3,2.4802,8.16,18563,cpu,11,55,103.67,0.05,0.425258
193,dqn,3,2.5116,8.36,18563,cpu,11,90,105.02,0.05,1.381353
194,dqn,3,2.5671,8.6,18563,cpu,17,160,169.18,0.05,0.319364
195,dqn,3,2.6153,8.88,18563,cpu,17,139,169.69,0.05,0.831934
196,dqn,3,2.6712,9.12,18563,cpu,21,161,210.31,0.05,1.165341
197,dqn,3,2.7608,9.62,18563,cpu,27,257,271.41,0.05,0.895168
198,dqn,3,2.8107,9.8,18563,cpu,14,144,138.41,0.05,0.794055
199,dqn,3,2.8284,9.86,18563,cpu,7,51,62.87,0.05,0.745885
200,dqn,3,2.8718,10.06,18563,cpu,13,125,127.59,0.05,0.643152
201,dqn,3,2.8798,9.96,18563,cpu,2,23,11.8,0.05,0.250857
202,dqn,3,2.9352,10.22,18563,cpu,19,160,189.0,0.05,1.310903
203,dqn,3,2.9859,10.5,18563,cpu,17,146,167.52,0.05,0.540978
204,dqn,3,3.0093,10.7,18563,cpu,12,67,114.26,0.05,0.779162
205,dqn,3,3.0337,10.78,18563,cpu,8,70,72.69,0.05,0.59857
206,dqn,3,3.0676,10.9,18563,cpu,12,98,115.65,0.05,0.452075
207,dqn,3,3.0707,10.88,18563,cpu,0,9,-9.28,0.05,0.870597
208,dqn,3,3.0769,10.9,18563,cpu,4,18,31.17,0.05,0.783415
209,dqn,3,3.1037,11.06,18563,cpu,10,77,94.94,0.05,0.860138
210,dqn,3,3.1521,11.32,18563,cpu,20,139,198.82,0.05,1.006836
211,dqn,3,3.1965,11.6,18563,cpu,16,128,158.79,0.05,0.882357
212,dqn,3,3.2143,11.64,18563,cpu,6,51,53.36,0.05,0.806451
213,dqn,3,3.266,11.88,18563,cpu,18,149,179.3,0.05,0.927719
214,dqn,3,3.2965,12.02,18563,cpu,9,88,84.62,0.05,0.389218
215,dqn,3,3.317,12.16,18563,cpu,9,59,84.21,0.05,0.675301
216,dqn,3,3.3386,12.3,18563,cpu,9,62,84.08,0.05,0.638543
217,dqn,3,3.3748,12.34,18563,cpu,11,104,106.68,0.05,0.709935
218,dqn,3,3.4171,12.6,18563,cpu,16,121,157.96,0.05,0.924729
219,dqn,3,3.4248,12.48,18563,cpu,4,22,31.33,0.05,0.51368
220,dqn,3,3.4903,12.76,18563,cpu,18,187,181.12,0.05,0.386725
221,dqn,3,3.5735,13.08,18563,cpu,25,239,253.57,0.05,1.12669
222,dqn,3,3.6132,13.02,18563,cpu,15,114,146.82,0.05,0.498074
223,dqn,3,3.6466,13.0,18563,cpu,11,96,105.36,0.05,0.905159
224,dqn,3,3.693,13.04,18563,cpu,15,133,149.53,0.05,1.056803
225,dqn,3,3.7097,12.66,18563,cpu,7,48,62.8,0.05,0.430816
226,dqn,3,3.724,12.36,18563,cpu,4,41,32.64,0.05,0.435354
227,dqn,3,3.732,12.1,18563,cpu,4,23,31.02,0.05,0.935058
228,dqn,3,3.7753,11.98,18563,cpu,13,125,126.19,0.05,1.135681
229,dqn,3,3.7832,11.82,18563,cpu,2,23,11.6,0.05,0.396188
230,dqn,3,3.8177,11.96,18563,cpu,13,99,126.85,0.05,0.872444
231,dqn,3,3.8721,12.2,18563,cpu,22,156,220.17,0.05,1.327498
232,dqn,3,3.9259,12.46,18563,cpu,17,155,168.13,0.05,1.024085
233,dqn,3,3.9439,12.2,18563,cpu,5,52,44.14,0.05,0.858647
234,dqn,3,4.0286,12.48,18563,cpu,27,242,270.86,0.05,0.624165
235,dqn,3,4.0465,12.52,18563,cpu,9,51,82.89,0.05,0.150213
236,dqn,3,4.0672,12.38,18563,cpu,8,59,74.1,0.05,0.859322
237,dqn,3,4.0885,12.4,18563,cpu,7,60,63.68,0.05,0.594131
238,dqn,3,4.0989,12.26,18563,cpu,4,30,31.85,0.05,0.263477
239,dqn,3,4.1197,12.06,18563,cpu,9,60,83.5,0.05,1.355446
240,dqn,3,4.1591,11.76,18563,cpu,10,113,96.18,0.05,1.989828
241,dqn,3,4.1931,11.94,18563,cpu,12,97,116.16,0.05,0.539457
242,dqn,3,4.2227,11.92,18563,cpu,10,85,94.46,0.05,1.060207
243,dqn,3,4.2597,12.0,18563,cpu,15,106,146.9,0.05,0.895647
244,dqn,3,4.3108,12.02,18563,cpu,18,146,180.03,0.05,0.73074
245,dqn,3,4.3625,12.0,18563,cpu,16,149,159.28,0.05,0.363877
246,dqn,3,4.3825,11.74,18563,cpu,8,57,73.72,0.05,0.923258
247,dqn,3,4.4515,11.68,18563,cpu,24,197,241.68,0.05,1.157429
248,dqn,3,4.466,11.48,18563,cpu,4,41,32.64,0.05,1.305249
249,dqn,3,4.5063,11.62,18563,cpu,14,115,135.4,0.05,0.815913
250,dqn,3,4.5419,11.62,18563,cpu,13,101,124.63,0.05,1.341545
251,dqn,3,4.5554,11.68,18563,cpu,5,39,41.97,0.05,0.969269
252,dqn,3,4.561,11.34,18563,cpu,2,16,10.97,0.05,0.430781
253,dqn,3,4.6437,11.6,18563,cpu,30,236,302.65,0.05,0.90326
254,dqn,3,4.6667,11.52,18563,cpu,8,66,74.93,0.05,0.583066
255,dqn,3,4.6967,11.6,18563,cpu,12,86,114.97,0.05,0.897068
256,dqn,3,4.718,11.5,18563,cpu,7,61,63.77,0.05,1.31939
257,dqn,3,4.7515,11.78,18563,cpu,14,96,136.09,0.05,1.431194
258,dqn,3,4.7762,11.88,18563,cpu,9,71,83.89,0.05,1.276863
259,dqn,3,4.8342,12.06,18563,cpu,19,166,191.14,0.05,0.566526
260,dqn,3,4.8557,11.86,18563,cpu,10,62,94.59,0.05,1.085004
261,dqn,3,4.8955,11.86,18563,cpu,16,114,157.13,0.05,0.786147
262,dqn,3,4.967,12.2,18563,cpu,23,205,231.89,0.05,1.252783
263,dqn,3,5.0146,12.12,18563,cpu,14,137,138.98,0.05,0.311691
264,dqn,3,5.0531,12.26,18563,cpu,16,110,156.37,0.05,0.758811
265,dqn,3,5.1187,12.56,18563,cpu,24,188,241.87,0.05,0.414826
266,dqn,3,5.1428,12.58,18563,cpu,10,69,95.02,0.05,0.380697
267,dqn,3,5.1994,12.66,18563,cpu,15,164,149.52,0.05,0.785242
268,dqn,3,5.2065,12.38,18563,cpu,2,20,10.53,0.05,1.586593
269,dqn,3,5.2677,12.8,18563,cpu,25,175,251.61,0.05,0.719337
270,dqn,3,5.2973,12.62,18563,cpu,9,85,86.15,0.05,0.585638
271,dqn,3,5.3416,12.44,18563,cpu,16,127,157.7,0.05,1.198977
272,dqn,3,5.3928,12.5,18563,cpu,18,147,180.12,0.05,0.422215
273,dqn,3,5.4278,12.6,18563,cpu,16,99,155.78,0.05,0.85171
274,dqn,3,5.4702,12.6,18563,cpu,15,121,148.85,0.05,0.568036
275,dqn,3,5.5139,12.78,18563,cpu,16,124,157.63,0.05,0.931704
276,dqn,3,5.5443,12.94,18563,cpu,12,87,116.26,0.05,2.188988
277,dqn,3,5.5911,13.22,18563,cpu,18,133,178.66,0.05,0.572459
278,dqn,3,5.5959,13.02,18563,cpu,3,14,20.9,0.05,0.802185
279,dqn,3,5.6497,13.34,18563,cpu,18,153,178.86,0.05,1.409452
280,dqn,3,5.7074,13.28,18563,cpu,10,79,95.92,0.05,1.238263
281,dqn,3,5.7233,12.98,18563,cpu,7,45,63.33,0.05,0.953502
282,dqn,3,5.7335,12.72,18563,cpu,4,29,31.96,0.05,0.349406
283,dqn,3,5.7499,12.76,18563,cpu,7,47,62.91,0.05,0.590369
284,dqn,3,5.7629,12.32,18563,cpu,5,37,42.59,0.05,1.099204
285,dqn,3,5.7985,12.4,18563,cpu,13,102,127.32,0.05,0.95959
286,dqn,3,5.8835,12.74,18563,cpu,25,242,251.64,0.05,1.217218
287,dqn,3,5.9182,12.84,18563,cpu,12,99,117.34,0.05,0.370224
288,dqn,3,5.9577,13.02,18563,cpu,13,113,127.91,0.05,0.688841
289,dqn,3,5.9794,13.0,18563,cpu,8,62,74.17,0.05,0.60172
290,dqn,3,5.9961,12.86,18563,cpu,3,48,22.96,0.05,0.585659
291,dqn,3,6.0246,12.8,18563,cpu,9,81,85.59,0.05,0.70991
292,dqn,3,6.0416,12.72,18563,cpu,6,46,52.71,0.05,0.82137
293,dqn,3,6.0896,12.68,18563,cpu,13,119,128.85,0.05,0.99656
294,dqn,3,6.1417,12.66,18563,cpu,17,144,167.34,0.05,0.682074
295,dqn,3,6.2139,12.82,18563,cpu,24,206,242.29,0.05,0.567875
296,dqn,3,6.2326,12.82,18563,cpu,8,54,72.85,0.05,0.813915
297,dqn,3,6.2791,12.66,18563,cpu,16,133,158.64,0.05,0.692305
298,dqn,3,6.3827,13.24,18563,cpu,33,296,337.18,0.05,0.63444
299,dqn,3,6.4338,13.3,18563,cpu,17,146,169.52,0.05,0.820507
300,dqn,3,6.4864,13.38,18563,cpu,17,148,169.9,0.05,0.763602
301,dqn,3,6.5111,13.48,18563,cpu,10,69,94.82,0.05,0.946647
302,dqn,3,6.551,13.74,18563,cpu,15,112,147.24,0.05,1.084952
303,dqn,3,6.558,13.16,18563,cpu,1,20,1.42,0.05,0.650604
304,dqn,3,6.5767,13.16,18563,cpu,8,53,73.56,0.05,1.763812
305,dqn,3,6.609,13.18,18563,cpu,13,91,126.13,0.05,1.082289
306,dqn,3,6.6403,13.24,18563,cpu,10,89,95.82,0.05,1.109708
307,dqn,3,6.6687,13.22,18563,cpu,13,80,125.54,0.05,1.344677
308,dqn,3,6.7172,13.34,18563,cpu,15,138,148.78,0.05,1.879086
309,dqn,3,6.7568,13.22,18563,cpu,13,113,127.31,0.05,1.070717
310,dqn,3,6.7635,13.1,18563,cpu,4,19,31.26,0.05,1.507689
311,dqn,3,6.812,13.18,18563,cpu,20,138,197.73,0.05,1.392153
312,dqn,3,6.8249,12.82,18563,cpu,5,37,41.99,0.05,0.992419
313,dqn,3,6.8344,12.64,18563,cpu,5,27,41.09,0.05,0.394842
314,dqn,3,6.8596,12.46,18563,cpu,7,72,64.76,0.05,0.606485
315,dqn,3,6.9314,12.38,18563,cpu,20,205,198.56,0.05,0.196012
316,dqn,3,6.9836,12.56,18563,cpu,19,149,188.21,0.05,1.344092
317,dqn,3,7.046,12.68,18563,cpu,21,178,211.24,0.05,0.618754
318,dqn,3,7.1118,13.04,18563,cpu,20,188,201.03,0.05,1.460627
319,dqn,3,7.1496,12.74,18563,cpu,10,108,95.53,0.05,0.86366
320,dqn,3,7.1638,12.64,18563,cpu,4,41,32.84,0.05,0.133007
321,dqn,3,7.1812,12.42,18563,cpu,5,49,43.87,0.05,1.16055
322,dqn,3,7.2306,12.42,18563,cpu,18,141,179.98,0.05,0.829395
323,dqn,3,7.2396,12.18,18563,cpu,4,26,31.49,0.05,0.766906
324,dqn,3,7.2967,12.22,18563,cpu,17,162,169.56,0.05,0.798391
325,dqn,3,7.3038,11.96,18563,cpu,3,20,21.44,0.05,0.548546
326,dqn,3,7.3691,12.14,18563,cpu,21,184,212.58,0.05,1.360892
327,dqn,3,7.4093,12.1,18563,cpu,16,114,156.33,0.05,0.722643
328,dqn,3,7.4347,12.28,18563,cpu,12,71,114.42,0.05,0.704831
329,dqn,3,7.4762,12.22,18563,cpu,15,117,146.49,0.05,1.399516
330,dqn,3,7.5047,12.2,18563,cpu,9,80,82.9,0.05,0.67644
331,dqn,3,7.5434,12.26,18563,cpu,10,109,95.22,0.05,0.991821
332,dqn,3,7.5523,12.26,18563,cpu,4,25,31.6,0.05,0.944281
333,dqn,3,7.581,12.28,18563,cpu,8,80,75.59,0.05,0.45683
334,dqn,3,7.6434,12.62,18563,cpu,22,167,218.76,0.05,1.3671
335,dqn,3,7.6647,12.48,18563,cpu,6,58,53.79,0.05,1.312888
336,dqn,3,7.7316,12.42,18563,cpu,22,186,223.07,0.05,0.836449
337,dqn,3,7.7337,12.18,18563,cpu,0,6,-9.55,0.05,0.900087
338,dqn,3,7.7645,12.14,18563,cpu,11,85,105.77,0.05,0.456695
339,dqn,3,7.7791,12.12,18563,cpu,7,41,62.37,0.05,1.263405
340,dqn,3,7.818,12.32,18563,cpu,13,110,127.04,0.05,0.859043
341,dqn,3,7.8338,12.22,18563,cpu,4,45,33.0,0.05,1.833542
342,dqn,3,7.8827,12.46,18563,cpu,18,138,177.71,0.05,1.420272
343,dqn,3,7.9054,12.36,18563,cpu,8,64,74.35,0.05,0.590716
344,dqn,3,7.9301,12.18,18563,cpu,8,70,74.09,0.05,1.041861
345,dqn,3,7.9533,11.88,18563,cpu,9,66,84.64,0.05,0.894929
346,dqn,3,7.9739,11.92,18563,cpu,10,58,93.83,0.05,1.100996
347,dqn,3,8.0041,11.8,18563,cpu,10,86,95.35,0.05,0.95769
348,dqn,3,8.0795,11.64,18563,cpu,25,214,253.12,0.05,0.660221
349,dqn,3,8.1169,11.52,18563,cpu,11,106,107.86,0.05,0.836142
350,dqn,3,8.1729,11.5,18563,cpu,16,159,157.38,0.05,1.274119
351,dqn,3,8.2169,11.6,18563,cpu,15,125,147.21,0.05,1.30293
352,dqn,3,8.2486,11.54,18563,cpu,12,90,115.73,0.05,1.242977
353,dqn,3,8.267,11.64,18563,cpu,6,52,53.85,0.05,0.837524
354,dqn,3,8.2987,11.64,18563,cpu,8,90,76.29,0.05,0.808173
355,dqn,3,8.3528,11.76,18563,cpu,19,149,189.01,0.05,1.609425
356,dqn,3,8.3828,11.78,18563,cpu,11,84,106.28,0.05,0.844318
357,dqn,3,8.4242,11.78,18563,cpu,13,116,126.78,0.05,1.213669
358,dqn,3,8.463,11.76,18563,cpu,14,109,136.06,0.05,0.476519
359,dqn,3,8.4874,11.68,18563,cpu,9,69,85.31,0.05,0.484757
360,dqn,3,8.4931,11.66,18563,cpu,3,16,20.88,0.05,0.999889
361,dqn,3,8.5283,11.48,18563,cpu,11,98,107.34,0.05,0.756579
362,dqn,3,8.5372,11.46,18563,cpu,4,24,31.71,0.05,1.073481
363,dqn,3,8.5896,11.66,18563,cpu,15,141,150.25,0.05,1.321663
364,dqn,3,8.594,11.56,18563,cpu,2,12,10.81,0.05,0.414023
365,dqn,3,8.6454,11.48,18563,cpu,16,144,159.43,0.05,1.271514
366,dqn,3,8.6914,11.44,18563,cpu,17,129,167.59,0.05,0.961828
367,dqn,3,8.7215,11.22,18563,cpu,10,85,95.86,0.05,0.91601
368,dqn,3,8.7469,11.04,18563,cpu,11,72,104.4,0.05,1.017425
369,dqn,3,8.7728,11.12,18563,cpu,14,73,135.02,0.05,1.613242
370,dqn,3,8.8447,11.48,18563,cpu,22,197,218.26,0.05,0.576616
371,dqn,3,8.9295,11.88,18563,cpu,25,236,252.3,0.05,1.174925
372,dqn,3,8.9348,11.56,18563,cpu,2,15,11.08,0.05,1.966854
373,dqn,3,8.9579,11.64,18563,cpu,8,65,73.64,0.05,0.877389
374,dqn,3,8.9897,11.48,18563,cpu,9,90,86.0,0.05,1.199847
375,dqn,3,9.0111,11.56,18563,cpu,7,61,64.17,0.05,1.76195
376,dqn,3,9.0168,11.2,18563,cpu,3,16,21.08,0.05,0.69004
377,dqn,3,9.0256,10.96,18563,cpu,4,25,31.4,0.05,0.830409
378,dqn,3,9.0528,10.98,18563,cpu,13,77,125.47,0.05,1.01399
379,dqn,3,9.0854,10.86,18563,cpu,9,93,85.67,0.05,1.62653
380,dqn,3,9.1037,10.82,18563,cpu,7,52,63.36,0.05,1.214785
381,dqn,3,9.1572,10.96,18563,cpu,17,150,168.48,0.05,1.769569
382,dqn,3,9.2105,11.2,18563,cpu,16,151,159.06,0.05,0.664203
383,dqn,3,9.2123,11.06,18563,cpu,1,5,0.27,0.05,0.566162
384,dqn,3,9.2652,10.9,18563,cpu,14,151,139.04,0.05,0.888166
385,dqn,3,9.2894,10.96,18563,cpu,9,69,85.31,0.05,0.229305
386,dqn,3,9.2923,10.52,18563,cpu,0,8,-9.37,0.05,1.910346
387,dqn,3,9.3243,10.72,18563,cpu,10,91,96.8,0.05,1.019414
388,dqn,3,9.3588,10.72,18563,cpu,11,98,106.54,0.05,1.182483
389,dqn,3,9.4088,10.88,18563,cpu,15,142,146.54,0.05,0.495834
390,dqn,3,9.4491,10.94,18563,cpu,16,113,157.04,0.05,0.218759
391,dqn,3,9.5111,11.22,18563,cpu,18,174,178.35,0.05,0.985641
392,dqn,3,9.5624,11.14,18563,cpu,14,145,137.3,0.05,1.181976
393,dqn,3,9.5843,11.14,18563,cpu,8,62,73.77,0.05,1.51277
394,dqn,3,9.612,11.16,18563,cpu,9,79,85.81,0.05,1.944161
395,dqn,3,9.6429,11.18,18563,cpu,10,88,96.13,0.05,1.932917
396,dqn,3,9.6712,11.2,18563,cpu,11,77,104.65,0.05,0.552493
397,dqn,3,9.7061,11.22,18563,cpu,11,99,106.63,0.05,0.691751
398,dqn,3,9.7253,10.88,18563,cpu,8,54,73.25,0.05,1.348112
399,dqn,3,9.7718,10.96,18563,cpu,15,132,149.04,0.05,1.206522
400,dqn,3,9.7912,10.76,18563,cpu,6,55,53.52,0.05,1.057193
401,dqn,3,9.8092,10.58,18563,cpu,6,51,53.16,0.05,1.304421
402,dqn,3,9.8286,10.5,18563,cpu,8,55,73.34,0.05,0.595623
403,dqn,3,9.8537,10.6,18563,cpu,11,71,104.11,0.05,1.161471
404,dqn,3,9.8915,10.66,18563,cpu,11,108,107.24,0.05,1.843482
405,dqn,3,9.9359,10.6,18563,cpu,16,126,157.01,0.05,1.278339
406,dqn,3,9.9538,10.52,18563,cpu,7,51,63.67,0.05,0.616967
407,dqn,3,10.0252,10.68,18563,cpu,21,203,211.29,0.05,0.820656
408,dqn,3,10.0573,10.62,18563,cpu,11,91,107.11,0.05,2.388186
409,dqn,3,10.0831,10.7,18563,cpu,13,73,125.11,0.05,0.814636
410,dqn,3,10.1243,10.96,18563,cpu,16,117,158.2,0.05,0.446446
411,dqn,3,10.1564,11.02,18563,cpu,14,91,136.04,0.05,2.037006
412,dqn,3,10.1655,11.02,18563,cpu,4,26,31.89,0.05,1.141085
413,dqn,3,10.1857,10.84,18563,cpu,6,57,53.7,0.05,1.424111
414,dqn,3,10.2883,11.44,18563,cpu,32,291,326.22,0.05,0.88879
415,dqn,3,10.332,11.5,18563,cpu,19,124,188.56,0.05,1.032968
416,dqn,3,10.3481,11.3,18563,cpu,7,46,63.42,0.05,1.110273
417,dqn,3,10.3727,11.3,18563,cpu,10,70,95.11,0.05,1.022174
418,dqn,3,10.4275,11.46,18563,cpu,19,156,190.04,0.05,0.532329
419,dqn,3,10.4307,11.2,18563,cpu,1,9,0.63,0.05,0.826757
420,dqn,3,10.4521,10.84,18563,cpu,4,61,33.84,0.05,1.66557
421,dqn,3,10.4985,10.74,18563,cpu,20,130,197.21,0.05,0.826238
422,dqn,3,10.5017,10.72,18563,cpu,1,9,0.63,0.05,1.17752
423,dqn,3,10.5284,10.7,18563,cpu,7,75,65.83,0.05,1.147229
424,dqn,3,10.5801,10.86,18563,cpu,17,146,168.92,0.05,1.396017
425,dqn,3,10.6017,10.86,18563,cpu,7,61,63.57,0.05,1.280257
426,dqn,3,10.6727,11.3,18563,cpu,25,199,253.77,0.05,1.080461
427,dqn,3,10.704,11.44,18563,cpu,11,88,106.24,0.05,1.265128
428,dqn,3,10.7302,11.36,18563,cpu,9,73,84.27,0.05,1.733781
429,dqn,3,10.7495,11.32,18563,cpu,7,55,64.03,0.05,0.69418
430,dqn,3,10.8034,11.54,18563,cpu,18,151,179.28,0.05,1.954931
431,dqn,3,10.8161,11.3,18563,cpu,5,36,42.5,0.05,1.046882
432,dqn,3,10.8524,11.28,18563,cpu,15,103,146.83,0.05,1.114387
433,dqn,3,10.9121,11.68,18563,cpu,21,169,209.03,0.05,0.766895
434,dqn,3,10.9159,11.42,18563,cpu,1,11,0.61,0.05,0.789388
435,dqn,3,10.9713,11.6,18563,cpu,18,157,179.42,0.05,0.932037
436,dqn,3,11.0129,11.92,18563,cpu,16,118,157.09,0.05,1.709573
437,dqn,3,11.0495,11.96,18563,cpu,12,104,116.99,0.05,0.793888
438,dqn,3,11.0643,11.88,18563,cpu,7,42,62.46,0.05,1.711131
439,dqn,3,11.07,11.64,18563,cpu,3,16,21.08,0.05,1.286274
440,dqn,3,11.1004,11.56,18563,cpu,12,86,115.77,0.05,1.047821
441,dqn,3,11.1409,11.42,18563,cpu,11,115,104.07,0.05,0.879042
442,dqn,3,11.1797,11.42,18563,cpu,14,110,137.55,0.05,1.140185
443,dqn,3,11.199,11.38,18563,cpu,6,55,54.32,0.05,0.795845
444,dqn,3,11.2196,11.36,18563,cpu,8,58,74.21,0.05,1.285073
445,dqn,3,11.2584,11.46,18563,cpu,15,110,147.06,0.05,1.070182
446,dqn,3,11.2776,11.4,18563,cpu,8,55,74.14,0.05,1.015437
447,dqn,3,11.3099,11.4,18563,cpu,11,92,106.8,0.05,0.7899
448,dqn,3,11.3632,11.66,18563,cpu,21,151,208.21,0.05,1.486784
449,dqn,3,11.4198,11.72,18563,cpu,18,161,180.58,0.05,0.876074
450,dqn,3,11.4481,11.8,18563,cpu,10,79,95.52,0.05,1.823742
451,dqn,3,11.495,11.92,18563,cpu,12,133,118.0,0.05,1.439526
452,dqn,3,11.5148,11.9,18563,cpu,7,55,64.23,0.05,1.441347
453,dqn,3,11.5321,11.84,18563,cpu,8,49,73.2,0.05,0.607137
454,dqn,3,11.5705,11.88,18563,cpu,13,109,127.35,0.05,0.55854
455,dqn,3,11.5825,11.66,18563,cpu,5,34,42.32,0.05,1.568152
456,dqn,3,11.634,11.82,18563,cpu,15,146,148.3,0.05,0.557203
457,dqn,3,11.6371,11.4,18563,cpu,0,9,-9.28,0.05,1.123757
458,dqn,3,11.6675,11.36,18563,cpu,9,86,85.84,0.05,1.68345
459,dqn,3,11.6888,11.28,18563,cpu,9,60,84.5,0.05,0.64873
460,dqn,3,11.7173,11.18,18563,cpu,11,81,105.61,0.05,0.903233
461,dqn,3,11.738,11.04,18563,cpu,7,59,63.79,0.05,0.544134
462,dqn,3,11.7832,11.3,18563,cpu,17,128,168.9,0.05,0.985282
463,dqn,3,11.8158,11.42,18563,cpu,12,92,116.71,0.05,0.355669
464,dqn,3,11.8432,11.0,18563,cpu,11,78,104.94,0.05,1.781875
465,dqn,3,11.8474,10.62,18563,cpu,0,12,-10.21,0.05,1.390103
466,dqn,3,11.9616,11.1,18563,cpu,31,323,316.39,0.05,0.981639
467,dqn,3,12.0341,11.42,18563,cpu,26,205,261.22,0.05,0.770392
468,dqn,3,12.0358,11.04,18563,cpu,0,5,-9.64,0.05,1.112209
469,dqn,3,12.0548,11.16,18563,cpu,7,53,63.65,0.05,0.586218
470,dqn,3,12.0994,11.36,18563,cpu,14,127,138.08,0.05,0.734343
471,dqn,3,12.1124,11.06,18563,cpu,5,37,42.39,0.05,0.907143
472,dqn,3,12.1211,11.08,18563,cpu,2,25,11.58,0.05,0.857827
473,dqn,3,12.155,11.16,18563,cpu,11,96,106.96,0.05,1.411818
474,dqn,3,12.1929,11.06,18563,cpu,12,108,116.75,0.05,0.812921
475,dqn,3,12.2254,11.12,18563,cpu,10,92,96.69,0.05,1.236296
476,dqn,3,12.2673,10.96,18563,cpu,17,119,166.89,0.05,0.349098
477,dqn,3,12.3159,11.04,18563,cpu,15,139,148.67,0.05,1.411669
478,dqn,3,12.3892,11.36,18563,cpu,25,208,251.98,0.05,0.84905
479,dqn,3,12.4474,11.56,18563,cpu,17,165,170.43,0.05,2.564578
480,dqn,3,12.4696,11.34,18563,cpu,7,62,64.46,0.05,1.34257
481,dqn,3,12.501,11.44,18563,cpu,10,89,94.82,0.05,2.090645
482,dqn,3,12.5034,11.16,18563,cpu,1,7,0.45,0.05,0.59002
483,dqn,3,12.555,11.12,18563,cpu,19,145,188.25,0.05,0.863303
484,dqn,3,12.568,11.2,18563,cpu,5,37,42.19,0.05,0.45288
485,dqn,3,12.5925,11.08,18563,cpu,12,69,114.64,0.05,1.792984
486,dqn,3,12.6167,10.88,18563,cpu,6,69,54.98,0.05,1.390696
487,dqn,3,12.6445,10.78,18563,cpu,7,79,65.99,0.05,2.354482
488,dqn,3,12.6582,10.76,18563,cpu,6,39,52.28,0.05,0.401656
489,dqn,3,12.6607,10.7,18563,cpu,0,7,-9.46,0.05,1.012869
490,dqn,3,12.6805,10.6,18563,cpu,7,56,63.32,0.05,1.097522
491,dqn,3,12.7331,10.68,18563,cpu,15,150,151.66,0.05,0.628962
492,dqn,3,12.756,10.56,18563,cpu,8,65,74.24,0.05,1.636243
493,dqn,3,12.7779,10.64,18563,cpu,10,62,94.39,0.05,0.722796
494,dqn,3,12.8186,10.74,18563,cpu,13,116,128.98,0.05,1.293784
495,dqn,3,12.8886,10.92,18563,cpu,24,199,240.86,0.05,0.575131
496,dqn,3,12.9105,10.92,18563,cpu,8,63,74.26,0.05,1.142114
497,dqn,3,12.9151,10.74,18563,cpu,2,13,10.5,0.05,1.024337
498,dqn,3,12.9358,10.42,18563,cpu,5,59,44.37,0.05,1.624037
499,dqn,3,12.9695,10.24,18563,cpu,9,96,85.74,0.05,2.149528
500,dqn,3,12.9943,10.18,18563,cpu,7,71,65.27,0.05,0.937233
501,dqn,3,13.0544,10.34,18563,cpu,20,171,202.7,0.05,0.87805
502,dqn,3,13.0871,10.42,18563,cpu,11,93,106.29,0.05,1.174187
503,dqn,3,13.1317,10.54,18563,cpu,14,127,136.08,0.05,1.55766
504,dqn,3,13.1555,10.46,18563,cpu,9,68,83.82,0.05,1.530644
505,dqn,3,13.1765,10.54,18563,cpu,9,60,84.1,0.05,0.339987
506,dqn,3,13.2064,10.44,18563,cpu,10,85,95.86,0.05,0.876002
507,dqn,3,13.2134,10.48,18563,cpu,2,20,11.53,0.05,1.170003
508,dqn,3,13.2522,10.6,18563,cpu,15,111,146.15,0.05,1.295879
509,dqn,3,13.2547,10.42,18563,cpu,0,7,-9.46,0.05,0.613263
510,dqn,3,13.2676,10.32,18563,cpu,6,37,52.1,0.05,1.380335
511,dqn,3,13.2855,10.32,18563,cpu,7,51,63.47,0.05,1.557074
512,dqn,3,13.2877,10.0,18563,cpu,1,6,0.36,0.05,1.162666
513,dqn,3,13.3169,9.98,18563,cpu,11,84,105.48,0.05,1.587074
514,dqn,3,13.3775,10.28,18563,cpu,26,172,261.25,0.05,0.760408
515,dqn,3,13.4089,10.5,18563,cpu,11,90,106.62,0.05,1.34696
516,dqn,3,13.4578,10.18,18563,cpu,15,139,147.07,0.05,1.113163
517,dqn,3,13.4599,9.66,18563,cpu,0,6,-9.55,0.05,2.467815
518,dqn,3,13.4912,9.88,18563,cpu,11,89,105.93,0.05,1.189939
519,dqn,3,13.5498,10.16,18563,cpu,21,166,210.56,0.05,0.833326
520,dqn,3,13.5953,10.22,18563,cpu,17,129,169.19,0.05,0.848891
521,dqn,3,13.6062,10.2,18563,cpu,4,31,31.94,0.05,2.079123
522,dqn,3,13.6383,10.4,18563,cpu,12,91,116.82,0.05,0.621161
523,dqn,3,13.705,10.62,18563,cpu,22,190,222.03,0.05,1.635512
524,dqn,3,13.7455,10.6,18563,cpu,11,115,107.47,0.05,0.787452
525,dqn,3,13.7705,10.6,18563,cpu,10,71,94.8,0.05,0.844281
526,dqn,3,13.7893,10.4,18563,cpu,7,54,63.14,0.05,0.759572
527,dqn,3,13.8252,10.34,18563,cpu,12,102,116.41,0.05,1.253135
528,dqn,3,13.8551,10.1,18563,cpu,13,85,125.99,0.05,1.330693
529,dqn,3,13.8696,9.84,18563,cpu,4,42,32.93,0.05,0.673798
530,dqn,3,13.9102,10.02,18563,cpu,16,116,156.51,0.05,0.629206
531,dqn,3,13.9304,9.94,18563,cpu,6,58,53.99,0.05,1.247678
532,dqn,3,14.0127,10.46,18563,cpu,27,235,273.43,0.05,1.0865
533,dqn,3,14.0773,10.52,18563,cpu,22,185,219.18,0.05,0.326719
534,dqn,3,14.1046,10.62,18563,cpu,10,78,95.23,0.05,1.099227
535,dqn,3,14.123,10.52,18563,cpu,7,53,63.45,0.05,1.351488
536,dqn,3,14.1262,10.42,18563,cpu,1,9,0.63,0.05,1.441422
537,dqn,3,14.1645,10.56,18563,cpu,14,110,137.35,0.05,0.663535
538,dqn,3,14.1711,10.48,18563,cpu,2,19,11.04,0.05,1.654295
539,dqn,3,14.2119,10.78,18563,cpu,15,117,147.29,0.05,0.596819
540,dqn,3,14.2459,10.86,18563,cpu,11,97,105.85,0.05,0.94174
541,dqn,3,14.2843,10.92,18563,cpu,18,109,177.3,0.05,1.735085
542,dqn,3,14.305,10.86,18563,cpu,5,59,42.57,0.05,1.825988
543,dqn,3,14.3518,10.98,18563,cpu,16,134,159.33,0.05,2.058996
544,dqn,3,14.3972,11.04,18563,cpu,16,129,157.48,0.05,2.051308
545,dqn,3,14.4157,10.72,18563,cpu,8,53,73.56,0.05,0.680563
546,dqn,3,14.4255,10.62,18563,cpu,3,28,21.96,0.05,1.301539
547,dqn,3,14.4394,10.68,18563,cpu,5,39,42.57,0.05,1.15124
548,dqn,3,14.4607,10.72,18563,cpu,7,61,63.17,0.05,0.78582
549,dqn,3,14.4919,10.78,18563,cpu,12,88,114.95,0.05,0.750391
550,dqn,3,14.5342,10.94,18563,cpu,15,119,148.27,0.05,1.24612
551,dqn,3,14.5415,10.6,18563,cpu,3,21,21.33,0.05,0.797388
552,dqn,3,14.5793,10.68,18563,cpu,15,107,146.79,0.05,0.772743
553,dqn,3,14.5982,10.52,18563,cpu,6,53,53.54,0.05,0.94461
554,dqn,3,14.6095,10.46,18563,cpu,6,32,52.25,0.05,0.491635
555,dqn,3,14.6481,10.56,18563,cpu,14,110,135.95,0.05,0.978875
556,dqn,3,14.688,10.66,18563,cpu,15,113,146.13,0.05,0.704102
557,dqn,3,14.7342,10.9,18563,cpu,14,132,138.53,0.05,0.894627
558,dqn,3,14.801,11.06,18563,cpu,23,190,230.94,0.05,1.180913
559,dqn,3,14.8174,11.14,18563,cpu,4,47,33.38,0.05,1.115549
560,dqn,3,14.8816,11.5,18563,cpu,24,182,238.93,0.05,0.906247
561,dqn,3,14.9056,11.52,18563,cpu,8,68,73.51,0.05,0.949447
562,dqn,3,14.9432,11.82,18563,cpu,16,106,157.61,0.05,0.781558
563,dqn,3,15.0008,12.0,18563,cpu,20,164,198.07,0.05,0.821467
564,dqn,3,15.0566,11.86,18563,cpu,19,159,191.51,0.05,1.242044
565,dqn,3,15.1191,12.1,18563,cpu,23,178,229.86,0.05,1.089311
566,dqn,3,15.1454,12.0,18563,cpu,10,74,94.87,0.05,1.710856
567,dqn,3,15.1541,12.06,18563,cpu,3,25,21.29,0.05,0.899234
568,dqn,3,15.2021,12.16,18563,cpu,16,136,158.51,0.05,1.2775
569,dqn,3,15.2485,11.98,18563,cpu,12,132,116.51,0.05,0.61008
570,dqn,3,15.3125,12.04,18563,cpu,20,181,201.0,0.05,1.038054
571,dqn,3,15.3701,12.28,18563,cpu,16,165,156.72,0.05,1.026415
572,dqn,3,15.4383,12.52,18563,cpu,24,193,240.12,0.05,1.446365
573,dqn,3,15.4534,12.2,18563,cpu,6,43,53.24,0.05,1.226204
574,dqn,3,15.478,12.12,18563,cpu,7,70,64.18,0.05,0.6275
575,dqn,3,15.5532,12.42,18563,cpu,25,213,254.03,0.05,0.727771
576,dqn,3,15.5891,12.5,18563,cpu,11,101,106.41,0.05,1.342377
577,dqn,3,15.605,12.42,18563,cpu,8,44,73.15,0.05,1.878932
578,dqn,3,15.6452,12.44,18563,cpu,14,113,138.42,0.05,1.429244
579,dqn,3,15.6544,12.42,18563,cpu,3,26,21.78,0.05,0.413331
580,dqn,3,15.6767,12.26,18563,cpu,8,63,74.66,0.05,0.730849
581,dqn,3,15.711,12.36,18563,cpu,11,97,106.05,0.05,0.635354
582,dqn,3,15.7873,12.26,18563,cpu,22,215,222.08,0.05,0.478224
583,dqn,3,15.8079,12.0,18563,cpu,9,58,83.12,0.05,0.857125
584,dqn,3,15.854,12.1,18563,cpu,15,130,147.46,0.05,2.010549
585,dqn,3,15.8889,12.26,18563,cpu,15,99,147.27,0.05,1.435183
586,dqn,3,15.9023,12.32,18563,cpu,4,38,32.57,0.05,0.799066
587,dqn,3,15.9336,12.24,18563,cpu,10,88,95.93,0.05,1.538746
588,dqn,3,15.949,12.28,18563,cpu,4,44,32.71,0.05,1.167344
589,dqn,3,15.9933,12.32,18563,cpu,17,124,168.14,0.05,1.044227
590,dqn,3,16.0311,12.34,18563,cpu,12,107,117.46,0.05,0.804107
591,dqn,3,16.0638,12.24,18563,cpu,13,93,126.51,0.05,1.143052
592,dqn,3,16.0854,12.32,18563,cpu,9,61,82.99,0.05,1.362972
593,dqn,3,16.1165,12.22,18563,cpu,11,88,105.84,0.05,0.612942
594,dqn,3,16.1306,12.0,18563,cpu,5,40,42.86,0.05,0.956149
595,dqn,3,16.2017,12.32,18563,cpu,24,201,243.04,0.05,1.335837
596,dqn,3,16.2908,12.82,18563,cpu,28,251,284.78,0.05,0.37657
597,dqn,3,16.3122,12.88,18563,cpu,8,60,73.39,0.05,1.487983
598,dqn,3,16.3253,12.84,18563,cpu,5,37,42.59,0.05,1.107453
599,dqn,3,16.3583,12.86,18563,cpu,13,93,125.91,0.05,0.905939
600,dqn,3,16.3862,12.8,18563,cpu,12,79,114.94,0.05,0.105701
601,dqn,3,16.4472,13.12,18563,cpu,19,171,191.59,0.05,1.355338
602,dqn,3,16.4796,13.02,18563,cpu,10,91,95.4,0.05,1.006073
603,dqn,3,16.5222,13.2,18563,cpu,15,120,148.76,0.05,0.845648
604,dqn,3,16.5463,13.26,18563,cpu,9,68,83.62,0.05,0.350014
605,dqn,3,16.5921,13.3,18563,cpu,16,130,159.97,0.05,0.6059
606,dqn,3,16.6006,13.06,18563,cpu,3,24,21.8,0.05,1.133089
607,dqn,3,16.6635,13.18,18563,cpu,20,178,201.53,0.05,0.919769
608,dqn,3,16.6869,12.88,18563,cpu,8,66,74.73,0.05,1.465387
609,dqn,3,16.7006,12.86,18563,cpu,3,39,21.15,0.05,0.717196
610,dqn,3,16.7235,12.58,18563,cpu,10,65,94.86,0.05,0.735355
611,dqn,3,16.7551,12.62,18563,cpu,10,90,95.31,0.05,0.982442
612,dqn,3,16.8063,12.66,18563,cpu,18,144,179.25,0.05,0.366016
613,dqn,3,16.8299,12.42,18563,cpu,8,67,74.82,0.05,1.360141
614,dqn,3,16.8879,12.46,18563,cpu,21,165,209.27,0.05,2.177052
615,dqn,3,16.9063,12.2,18563,cpu,10,52,93.49,0.05,2.035109
616,dqn,3,16.9777,12.54,18563,cpu,27,202,269.86,0.05,0.99174
617,dqn,3,16.9979,12.6,18563,cpu,6,57,54.3,0.05,1.431491
618,dqn,3,17.0102,12.36,18563,cpu,4,35,32.5,0.05,1.128572
619,dqn,3,17.039,12.32,18563,cpu,10,82,95.59,0.05,1.759655
620,dqn,3,17.0785,12.16,18563,cpu,12,111,117.82,0.05,1.386293
621,dqn,3,17.1195,12.1,18563,cpu,13,116,125.58,0.05,1.528003
622,dqn,3,17.1562,11.82,18563,cpu,10,104,97.77,0.05,1.078407
623,dqn,3,17.1751,11.82,18563,cpu,6,54,53.03,0.05,0.872935
624,dqn,3,17.2026,11.86,18563,cpu,9,76,85.54,0.05,0.197087
625,dqn,3,17.2108,11.42,18563,cpu,3,22,21.42,0.05,0.778588
626,dqn,3,17.2334,11.36,18563,cpu,8,64,74.15,0.05,0.703197
627,dqn,3,17.2929,11.56,18563,cpu,18,169,182.9,0.05,0.896258
628,dqn,3,17.3641,11.76,18563,cpu,24,202,240.93,0.05,0.841887
629,dqn,3,17.3682,11.72,18563,cpu,1,12,0.5,0.05,0.869097
630,dqn,3,17.3987,11.76,18563,cpu,10,87,96.44,0.05,1.302889
631,dqn,3,17.4066,11.58,18563,cpu,2,23,11.2,0.05,1.324375
632,dqn,3,17.4141,11.18,18563,cpu,2,21,11.42,0.05,0.477122
633,dqn,3,17.459,11.3,18563,cpu,15,127,148.79,0.05,1.090111
634,dqn,3,17.4695,11.1,18563,cpu,5,29,42.07,0.05,1.32527
635,dqn,3,17.4996,11.06,18563,cpu,13,85,124.79,0.05,0.551462
636,dqn,3,17.5285,11.16,18563,cpu,9,81,84.39,0.05,1.31543
637,dqn,3,17.5513,11.1,18563,cpu,7,65,64.53,0.05,1.63908
638,dqn,3,17.5531,11.02,18563,cpu,0,5,-9.64,0.05,1.046261
639,dqn,3,17.557,10.7,18563,cpu,1,11,0.81,0.05,1.022997
640,dqn,3,17.5696,10.58,18563,cpu,6,36,52.21,0.05,1.561877
641,dqn,3,17.6182,10.64,18563,cpu,16,138,158.89,0.05,1.505824
642,dqn,3,17.6347,10.6,18563,cpu,7,47,63.11,0.05,1.146539
643,dqn,3,17.6525,10.52,18563,cpu,7,51,63.27,0.05,1.104802
644,dqn,3,17.675,10.58,18563,cpu,8,64,74.75,0.05,0.996208
645,dqn,3,17.7096,10.32,18563,cpu,11,98,106.54,0.05,1.410384
646,dqn,3,17.7388,9.98,18563,cpu,11,82,105.7,0.05,1.345829
647,dqn,3,17.8093,10.38,18563,cpu,28,197,282.72,0.05,1.18076
648,dqn,3,17.8358,10.46,18563,cpu,9,76,84.34,0.05,0.751291
649,dqn,3,17.8794,10.5,18563,cpu,15,123,148.83,0.05,1.050893
650,dqn,3,17.9043,10.38,18563,cpu,6,70,54.07,0.05,1.738511
651,dqn,3,17.9757,10.4,18563,cpu,20,203,203.18,0.05,1.684915
652,dqn,3,18.0154,10.42,18563,cpu,11,113,107.29,0.05,1.851973
653,dqn,3,18.0272,10.2,18563,cpu,4,34,32.21,0.05,1.532131
654,dqn,3,18.0518,10.2,18563,cpu,9,70,84.2,0.05,1.055823
655,dqn,3,18.117,10.34,18563,cpu,23,186,231.98,0.05,1.550241
656,dqn,3,18.1407,10.44,18563,cpu,8,67,74.62,0.05,0.960869
657,dqn,3,18.1806,10.36,18563,cpu,16,114,157.53,0.05,0.959401
658,dqn,3,18.2253,10.48,18563,cpu,14,127,137.48,0.05,0.793689
659,dqn,3,18.2818,10.78,18563,cpu,18,161,180.98,0.05,0.597129
660,dqn,3,18.334,10.98,18563,cpu,20,148,199.23,0.05,2.440496
661,dqn,3,18.4002,11.16,18563,cpu,19,188,191.52,0.05,1.45205
662,dqn,3,18.41,10.84,18563,cpu,2,28,11.65,0.05,2.141515
663,dqn,3,18.4569,11.02,18563,cpu,17,132,168.86,0.05,0.815743
664,dqn,3,18.5335,11.08,18563,cpu,24,217,242.48,0.05,0.905465
665,dqn,3,18.5832,11.2,18563,cpu,16,142,158.05,0.05,1.284644
666,dqn,3,18.6386,11.02,18563,cpu,18,158,177.11,0.05,0.849771
667,dqn,3,18.6545,11.04,18563,cpu,7,45,63.33,0.05,1.052737
668,dqn,3,18.678,11.16,18563,cpu,10,67,94.24,0.05,0.800117
669,dqn,3,18.7193,11.28,18563,cpu,16,117,157.8,0.05,0.809599
670,dqn,3,18.754,11.28,18563,cpu,12,99,116.34,0.05,0.328129
671,dqn,3,18.8202,11.5,18563,cpu,24,185,241.6,0.05,0.738412
672,dqn,3,18.8653,11.62,18563,cpu,16,127,158.5,0.05,1.905127
673,dqn,3,18.9254,11.9,18563,cpu,20,170,202.41,0.05,0.372074
674,dqn,3,18.9819,12.16,18563,cpu,22,160,219.13,0.05,0.591071
675,dqn,3,19.0199,12.44,18563,cpu,17,107,167.41,0.05,0.669396
676,dqn,3,19.0754,12.62,18563,cpu,17,158,171.4,0.05,0.941273
677,dqn,3,19.0876,12.36,18563,cpu,5,35,42.41,0.05,0.728946
678,dqn,3,19.1324,12.24,18563,cpu,18,128,179.41,0.05,1.023727
679,dqn,3,19.1367,12.24,18563,cpu,1,12,0.9,0.05,1.820545
680,dqn,3,19.1751,12.22,18563,cpu,9,110,85.4,0.05,0.709214
681,dqn,3,19.2126,12.44,18563,cpu,13,107,127.57,0.05,0.806622
682,dqn,3,19.3187,13.18,18563,cpu,39,301,396.49,0.05,1.781867
683,dqn,3,19.3708,13.28,18563,cpu,20,147,199.74,0.05,0.55597
684,dqn,3,19.4148,13.52,18563,cpu,17,124,168.34,0.05,0.423229
685,dqn,3,19.448,13.52,18563,cpu,13,93,126.51,0.05,1.036543
686,dqn,3,19.494,13.66,18563,cpu,16,130,157.57,0.05,0.995946
687,dqn,3,19.5482,13.88,18563,cpu,18,153,180.26,0.05,0.839393
688,dqn,3,19.5909,14.14,18563,cpu,13,121,129.03,0.05,0.917561
689,dqn,3,19.6264,14.38,18563,cpu,13,101,126.83,0.05,1.16476
690,dqn,3,19.661,14.5,18563,cpu,12,98,115.65,0.05,1.278498
691,dqn,3,19.7022,14.42,18563,cpu,12,117,117.96,0.05,0.808923
692,dqn,3,19.7442,14.62,18563,cpu,17,119,167.69,0.05,1.731616
693,dqn,3,19.7478,14.52,18563,cpu,2,10,10.63,0.05,2.111567
694,dqn,3,19.7801,14.58,18563,cpu,11,92,106.2,0.05,0.938095
695,dqn,3,19.8099,14.64,18563,cpu,14,84,135.81,0.05,1.008505
696,dqn,3,19.8127,14.44,18563,cpu,1,8,0.54,0.05,0.786047
697,dqn,3,19.824,13.98,18563,cpu,5,32,42.34,0.05,1.236019
698,dqn,3,19.8763,14.16,18563,cpu,18,149,180.3,0.05,0.582463
699,dqn,3,19.9052,14.14,18563,cpu,14,82,135.63,0.05,1.325497
700,dqn,3,19.931,14.22,18563,cpu,10,73,94.58,0.05,1.195872
701,dqn,3,19.9345,13.86,18563,cpu,2,10,10.63,0.05,0.4015
702,dqn,3,19.9553,13.84,18563,cpu,10,59,93.52,0.05,1.308797
703,dqn,3,19.9917,14.06,18563,cpu,15,103,146.83,0.05,1.584231
704,dqn,3,20.0086,14.0,18563,cpu,6,48,52.49,0.05,0.545466
705,dqn,3,20.0877,14.04,18563,cpu,25,225,253.11,0.05,0.580551
706,dqn,3,20.1436,14.34,18563,cpu,23,158,229.06,0.05,2.748189
707,dqn,3,20.1711,14.24,18563,cpu,11,78,104.74,0.05,1.004026
708,dqn,3,20.1879,14.08,18563,cpu,6,48,53.49,0.05,0.764086
709,dqn,3,20.2329,14.04,18563,cpu,16,128,157.99,0.05,1.444673
710,dqn,3,20.2656,13.86,18563,cpu,11,93,104.09,0.05,2.338742
711,dqn,3,20.2939,13.66,18563,cpu,9,81,84.59,0.05,0.421142
712,dqn,3,20.3123,13.72,18563,cpu,5,52,42.34,0.05,1.049265
713,dqn,3,20.3701,13.74,18563,cpu,18,164,179.85,0.05,1.566103
714,dqn,3,20.3848,13.38,18563,cpu,6,42,52.75,0.05,1.614622
715,dqn,3,20.4085,13.26,18563,cpu,10,68,94.93,0.05,1.099718
716,dqn,3,20.4464,13.14,18563,cpu,12,108,115.95,0.05,1.167096
717,dqn,3,20.5155,13.46,18563,cpu,23,196,233.08,0.05,1.367337
718,dqn,3,20.5615,13.6,18563,cpu,17,131,167.37,0.05,1.063318
719,dqn,3,20.5978,13.62,18563,cpu,17,103,167.05,0.05,1.095114
720,dqn,3,20.6852,13.94,18563,cpu,28,249,282.6,0.05,1.855922
721,dqn,3,20.7273,13.78,18563,cpu,16,120,158.27,0.05,1.462611
722,dqn,3,20.7817,13.76,18563,cpu,15,155,148.51,0.05,0.799815
723,dqn,3,20.8358,13.7,18563,cpu,17,154,170.04,0.05,1.084436
724,dqn,3,20.851,13.38,18563,cpu,6,43,52.64,0.05,1.389401
725,dqn,3,20.8822,13.3,18563,cpu,13,89,125.95,0.05,1.002362
726,dqn,3,20.8987,13.1,18563,cpu,7,47,63.11,0.05,0.357669
727,dqn,3,20.9301,13.28,18563,cpu,14,90,135.15,0.05,2.125843
728,dqn,3,21.0044,13.34,18563,cpu,21,213,209.79,0.05,1.528509
729,dqn,3,21.0369,13.6,18563,cpu,14,93,136.62,0.05,0.965142
730,dqn,3,21.0676,13.66,18563,cpu,12,88,114.95,0.05,0.435221
731,dqn,3,21.0738,13.42,18563,cpu,1,18,1.44,0.05,1.390196
732,dqn,3,21.08,12.68,18563,cpu,2,18,10.75,0.05,1.073079
733,dqn,3,21.1023,12.44,18563,cpu,8,64,73.55,0.05,0.787115
734,dqn,3,21.1179,12.18,18563,cpu,4,45,33.6,0.05,1.194994
735,dqn,3,21.1298,12.0,18563,cpu,4,34,32.61,0.05,0.807773
736,dqn,3,21.1753,12.02,18563,cpu,17,130,167.68,0.05,1.260705
737,dqn,3,21.2183,11.94,18563,cpu,14,123,137.92,0.05,1.080476
738,dqn,3,21.2597,12.0,18563,cpu,16,119,158.38,0.05,1.628839
739,dqn,3,21.274,11.82,18563,cpu,4,41,33.04,0.05,0.618598
740,dqn,3,21.3282,11.94,18563,cpu,18,155,179.84,0.05,1.532372
741,dqn,3,21.4061,12.24,18563,cpu,27,223,274.15,0.05,1.0487
742,dqn,3,21.4439,12.2,18563,cpu,15,108,147.48,0.05,0.854434
743,dqn,3,21.4558,12.24,18563,cpu,4,34,32.21,0.05,1.493381
744,dqn,3,21.5034,12.36,18563,cpu,17,136,168.62,0.05,1.368275
745,dqn,3,21.5683,12.56,18563,cpu,24,184,242.31,0.05,1.484769
746,dqn,3,21.5956,12.72,18563,cpu,9,78,86.12,0.05,0.906311
747,dqn,3,21.6335,12.88,18563,cpu,13,109,127.95,0.05,1.122139
748,dqn,3,21.6855,12.92,18563,cpu,20,148,199.63,0.05,1.045118
749,dqn,3,21.7015,12.72,18563,cpu,4,46,33.09,0.05,1.771923
750,dqn,3,21.7663,12.96,18563,cpu,22,185,220.98,0.05,1.706649
751,dqn,3,21.7829,13.06,18563,cpu,7,48,62.6,0.05,1.315607
752,dqn,3,21.7965,12.94,18563,cpu,4,39,32.86,0.05,0.635259
753,dqn,3,21.8338,12.9,18563,cpu,13,107,126.57,0.05,1.345672
754,dqn,3,21.8414,12.84,18563,cpu,3,22,21.42,0.05,0.919448
755,dqn,3,21.8986,12.66,18563,cpu,16,164,158.63,0.05,1.590798
756,dqn,3,21.9327,12.44,18563,cpu,12,98,116.65,0.05,0.850146
757,dqn,3,21.9446,12.34,18563,cpu,6,34,52.03,0.05,1.229344
758,dqn,3,21.9866,12.46,18563,cpu,12,121,116.32,0.05,1.074315
759,dqn,3,22.0232,12.38,18563,cpu,12,105,118.08,0.05,0.633903
760,dqn,3,22.0358,12.2,18563,cpu,2,36,12.37,0.05,1.620397
761,dqn,3,22.0897,12.38,18563,cpu,18,154,180.95,0.05,1.181098
762,dqn,3,22.0995,12.38,18563,cpu,5,28,41.98,0.05,0.311148
763,dqn,3,22.1349,12.28,18563,cpu,13,102,126.12,0.05,0.828053
764,dqn,3,22.1545,12.32,18563,cpu,8,56,74.23,0.05,0.901171
765,dqn,3,22.201,12.4,18563,cpu,14,129,138.86,0.05,1.344461
766,dqn,3,22.2478,12.48,18563,cpu,16,133,159.04,0.05,0.421836
767,dqn,3,22.2708,12.22,18563,cpu,10,66,93.55,0.05,1.71473
768,dqn,3,22.3079,12.16,18563,cpu,14,106,137.79,0.05,1.293755
769,dqn,3,22.3111,11.84,18563,cpu,1,9,0.63,0.05,1.83942
770,dqn,3,22.326,11.38,18563,cpu,5,43,42.93,0.05,1.228
771,dqn,3,22.3433,11.2,18563,cpu,7,50,62.98,0.05,1.289778
772,dqn,3,22.3581,11.0,18563,cpu,5,42,42.84,0.05,1.29799
773,dqn,3,22.3986,11.02,18563,cpu,18,116,177.53,0.05,1.470337
774,dqn,3,22.4014,10.92,18563,cpu,1,8,0.54,0.05,2.119571
775,dqn,3,22.4325,10.88,18563,cpu,11,90,105.62,0.05,1.215977
776,dqn,3,22.5139,11.22,18563,cpu,24,232,244.43,0.05,1.174952
777,dqn,3,22.5379,11.06,18563,cpu,6,68,55.29,0.05,0.927098
778,dqn,3,22.5578,10.8,18563,cpu,8,57,73.72,0.05,1.511362
779,dqn,3,22.5861,10.74,18563,cpu,11,81,105.41,0.05,0.886808
780,dqn,3,22.6267,10.78,18563,cpu,14,116,138.49,0.05,0.843365
781,dqn,3,22.6596,11.06,18563,cpu,15,94,145.82,0.05,1.522053
782,dqn,3,22.6899,11.22,18563,cpu,10,87,96.44,0.05,0.88185
783,dqn,3,22.6977,11.1,18563,cpu,2,22,11.31,0.05,1.862527
784,dqn,3,22.7585,11.36,18563,cpu,17,175,170.93,0.05,2.072247
785,dqn,3,22.7645,11.32,18563,cpu,2,17,11.26,0.05,1.334428
786,dqn,3,22.789,11.16,18563,cpu,9,70,84.2,0.05,0.593876
787,dqn,3,22.8446,11.24,18563,cpu,18,159,178.6,0.05,1.149224
788,dqn,3,22.9086,11.36,18563,cpu,22,183,220.4,0.05,1.183508
789,dqn,3,22.95,11.56,18563,cpu,14,118,136.07,0.05,0.530721
790,dqn,3,23.0111,11.64,18563,cpu,22,175,220.88,0.05,1.251437
791,dqn,3,23.0497,11.42,18563,cpu,16,110,156.97,0.05,0.885308
792,dqn,3,23.0783,11.36,18563,cpu,12,82,115.81,0.05,0.609162
793,dqn,3,23.0818,11.34,18563,cpu,3,10,20.34,0.05,1.168134
794,dqn,3,23.1202,11.24,18563,cpu,12,110,117.53,0.05,0.838124
795,dqn,3,23.1271,10.82,18563,cpu,3,20,21.24,0.05,1.122227
796,dqn,3,23.1583,10.9,18563,cpu,13,89,126.75,0.05,1.679376
797,dqn,3,23.1768,10.82,18563,cpu,9,53,83.47,0.05,1.596863
798,dqn,3,23.2234,10.76,18563,cpu,17,133,169.15,0.05,0.52567
799,dqn,3,23.2645,10.96,18563,cpu,14,118,136.27,0.05,1.320318
800,dqn,3,23.3019,10.8,18563,cpu,14,107,138.08,0.05,0.800669
801,dqn,3,23.3124,10.76,18563,cpu,5,30,41.96,0.05,1.142682
802,dqn,3,23.3509,10.96,18563,cpu,14,110,136.15,0.05,1.40728
803,dqn,3,23.3816,10.9,18563,cpu,10,88,95.93,0.05,0.953051
804,dqn,3,23.3984,11.0,18563,cpu,8,48,72.91,0.05,1.778704
805,dqn,3,23.4133,10.78,18563,cpu,5,43,42.53,0.05,0.787519
806,dqn,3,23.4541,10.88,18563,cpu,17,115,166.53,0.05,1.044126
807,dqn,3,23.5036,11.14,18563,cpu,19,140,188.4,0.05,0.501564
808,dqn,3,23.5386,11.18,18563,cpu,14,99,137.36,0.05,1.188712
809,dqn,3,23.5675,11.18,18563,cpu,12,82,115.61,0.05,0.394096
810,dqn,3,23.613,11.36,18563,cpu,11,130,106.02,0.05,0.825034
811,dqn,3,23.6559,11.26,18563,cpu,13,122,129.52,0.05,0.570471
812,dqn,3,23.6705,11.28,18563,cpu,6,41,53.06,0.05,0.799129
813,dqn,3,23.6888,11.14,18563,cpu,6,52,53.45,0.05,1.466912
814,dqn,3,23.7264,11.26,18563,cpu,14,107,137.08,0.05,0.936479
815,dqn,3,23.7674,11.28,18563,cpu,15,117,146.29,0.05,1.738773
816,dqn,3,23.8409,11.38,18563,cpu,21,210,209.52,0.05,1.769124
817,dqn,3,23.9044,11.64,18563,cpu,23,180,231.84,0.05,1.727309
818,dqn,3,23.9114,11.42,18563,cpu,3,20,21.04,0.05,1.161724
819,dqn,3,23.9782,11.78,18563,cpu,19,190,189.9,0.05,1.929328
820,dqn,3,24.001,11.88,18563,cpu,10,65,94.26,0.05,1.775288
821,dqn,3,24.0136,11.84,18563,cpu,5,36,41.5,0.05,1.066524
822,dqn,3,24.0618,12.14,18563,cpu,20,137,198.84,0.05,0.900979
823,dqn,3,24.1054,12.08,18563,cpu,15,124,147.32,0.05,0.364096
824,dqn,3,24.1303,12.24,18563,cpu,9,71,84.09,0.05,0.450956
825,dqn,3,24.1584,12.22,18563,cpu,10,80,96.01,0.05,1.983547
826,dqn,3,24.1903,12.0,18563,cpu,13,91,126.73,0.05,0.407185
827,dqn,3,24.2373,12.22,18563,cpu,17,134,169.64,0.05,1.045137
828,dqn,3,24.281,12.38,18563,cpu,16,124,159.03,0.05,0.572372
829,dqn,3,24.3443,12.6,18563,cpu,22,180,221.53,0.05,1.236823
830,dqn,3,24.3905,12.68,18563,cpu,18,131,178.48,0.05,0.911599
831,dqn,3,24.4363,12.68,18563,cpu,15,131,148.15,0.05,1.205282
832,dqn,3,24.4498,12.62,18563,cpu,7,38,61.7,0.05,1.614485
833,dqn,3,24.4743,12.78,18563,cpu,10,70,95.11,0.05,0.414083
834,dqn,3,24.5311,12.78,18563,cpu,17,162,169.56,0.05,1.749843
835,dqn,3,24.549,12.86,18563,cpu,6,51,51.96,0.05,1.102307
836,dqn,3,24.5781,12.88,18563,cpu,10,83,94.88,0.05,1.041378
837,dqn,3,24.6392,12.94,18563,cpu,21,173,210.39,0.05,0.610218
838,dqn,3,24.6734,12.74,18563,cpu,12,97,117.16,0.05,1.104748
839,dqn,3,24.7156,12.72,18563,cpu,13,120,128.34,0.05,0.833177
840,dqn,3,24.7378,12.4,18563,cpu,6,63,54.44,0.05,0.757955
841,dqn,3,24.8069,12.56,18563,cpu,24,197,240.68,0.05,1.034639
842,dqn,3,24.8663,12.72,18563,cpu,20,169,198.32,0.05,1.075549
843,dqn,3,24.9324,13.1,18563,cpu,22,188,220.05,0.05,0.9937
844,dqn,3,24.9675,13.14,18563,cpu,14,100,135.25,0.05,1.522704
845,dqn,3,24.9822,13.2,18563,cpu,6,42,53.15,0.05,0.824926
846,dqn,3,25.0008,13.12,18563,cpu,9,53,83.47,0.05,1.455291
847,dqn,3,25.0418,13.22,18563,cpu,14,117,137.38,0.05,0.597776
848,dqn,3,25.1034,13.3,18563,cpu,21,174,212.08,0.05,0.876374
849,dqn,3,25.1318,13.3,18563,cpu,14,80,135.05,0.05,1.225361
850,dqn,3,25.2066,13.44,18563,cpu,21,210,210.72,0.05,0.80181
851,dqn,3,25.2182,13.48,18563,cpu,7,33,62.05,0.05,0.36412
852,dqn,3,25.2479,13.42,18563,cpu,11,83,105.99,0.05,1.54577
853,dqn,3,25.3073,13.62,18563,cpu,20,169,201.32,0.05,1.235639
854,dqn,3,25.3845,13.9,18563,cpu,22,220,219.93,0.05,0.577154
855,dqn,3,25.4229,14.06,18563,cpu,13,108,127.86,0.05,1.684757
856,dqn,3,25.4496,13.9,18563,cpu,9,75,85.45,0.05,0.718773
857,dqn,3,25.4913,13.8,18563,cpu,14,118,137.67,0.05,1.300684
858,dqn,3,25.5262,13.74,18563,cpu,11,98,106.94,0.05,0.690327
859,dqn,3,25.5301,13.52,18563,cpu,1,11,0.81,0.05,1.311535
860,dqn,3,25.5515,13.5,18563,cpu,10,61,94.3,0.05,1.202779
861,dqn,3,25.5537,13.26,18563,cpu,1,6,0.36,0.05,1.372323
862,dqn,3,25.5809,13.38,18563,cpu,12,77,115.36,0.05,1.281374
863,dqn,3,25.6241,13.52,18563,cpu,13,123,127.61,0.05,0.994673
864,dqn,3,25.6754,13.68,18563,cpu,22,146,220.07,0.05,1.500019
865,dqn,3,25.6927,13.52,18563,cpu,7,49,62.69,0.05,1.207156
866,dqn,3,25.7248,13.34,18563,cpu,12,92,115.91,0.05,1.245898
867,dqn,3,25.7505,13.06,18563,cpu,9,73,84.87,0.05,1.100029
868,dqn,3,25.7788,13.24,18563,cpu,12,80,115.43,0.05,1.435066
869,dqn,3,25.799,12.96,18563,cpu,5,58,43.68,0.05,1.286661
870,dqn,3,25.8309,12.9,18563,cpu,7,91,66.67,0.05,0.89531
871,dqn,3,25.8561,12.94,18563,cpu,7,72,63.96,0.05,1.236215
872,dqn,3,25.8785,12.7,18563,cpu,8,64,73.35,0.05,0.709387
873,dqn,3,25.8969,12.56,18563,cpu,8,52,73.47,0.05,1.152487
874,dqn,3,25.9268,12.62,18563,cpu,12,85,115.68,0.05,2.048471
875,dqn,3,25.9431,12.56,18563,cpu,7,46,63.02,0.05,1.002401
876,dqn,3,25.9516,12.36,18563,cpu,3,24,21.6,0.05,0.863961
877,dqn,3,25.9986,12.32,18563,cpu,15,133,146.53,0.05,0.884766
878,dqn,3,26.0192,12.2,18563,cpu,10,58,93.63,0.05,1.220614
879,dqn,3,26.0535,12.06,18563,cpu,15,97,146.89,0.05,0.909502
880,dqn,3,26.1176,12.18,18563,cpu,24,181,242.24,0.05,1.370846
881,dqn,3,26.1601,12.18,18563,cpu,15,120,147.56,0.05,1.237099
882,dqn,3,26.2042,12.36,18563,cpu,16,125,158.12,0.05,0.715098
883,dqn,3,26.2246,12.28,18563,cpu,6,58,53.19,0.05,1.323136
884,dqn,3,26.2339,11.98,18563,cpu,2,26,12.07,0.05,0.758543
885,dqn,3,26.2878,12.24,18563,cpu,19,153,188.57,0.05,1.196139
886,dqn,3,26.3318,12.42,18563,cpu,19,125,187.65,0.05,1.228976
887,dqn,3,26.3561,12.2,18563,cpu,10,69,94.62,0.05,1.464834
888,dqn,3,26.3925,12.18,18563,cpu,11,104,107.48,0.05,0.874626
889,dqn,3,26.4136,12.04,18563,cpu,6,60,53.17,0.05,1.258491
890,dqn,3,26.5091,12.46,18563,cpu,27,269,275.69,0.05,1.85144
891,dqn,3,26.5754,12.42,18563,cpu,22,186,222.27,0.05,1.714611
892,dqn,3,26.5813,12.06,18563,cpu,2,17,11.06,0.05,0.284534
893,dqn,3,26.595,11.76,18563,cpu,7,39,62.79,0.05,0.838324
894,dqn,3,26.6149,11.64,18563,cpu,8,56,74.03,0.05,1.181139
895,dqn,3,26.6223,11.6,18563,cpu,4,21,31.24,0.05,1.69258
896,dqn,3,26.6596,11.74,18563,cpu,16,106,157.21,0.05,1.034528
897,dqn,3,26.7112,11.78,18563,cpu,16,147,159.7,0.05,0.899242
898,dqn,3,26.7946,11.84,18563,cpu,24,237,245.48,0.05,1.202865
899,dqn,3,26.8046,11.62,18563,cpu,3,29,21.45,0.05,0.723644
900,dqn,3,26.8142,11.26,18563,cpu,3,27,22.07,0.05,1.564454
901,dqn,3,26.8518,11.4,18563,cpu,14,107,137.28,0.05,1.188796
902,dqn,3,26.8657,11.28,18563,cpu,5,39,42.97,0.05,0.943927
903,dqn,3,26.9182,11.22,18563,cpu,17,149,166.99,0.05,1.543016
904,dqn,3,26.9431,10.92,18563,cpu,7,71,64.87,0.05,1.171169
905,dqn,3,27.0001,10.98,18563,cpu,16,163,158.34,0.05,1.414176
906,dqn,3,27.0361,11.08,18563,cpu,14,103,136.72,0.05,0.953758
907,dqn,3,27.0543,10.96,18563,cpu,8,52,73.67,0.05,1.575207
908,dqn,3,27.1115,11.18,18563,cpu,22,163,220.2,0.05,0.48596
909,dqn,3,27.1254,11.28,18563,cpu,6,40,52.77,0.05,1.34485
910,dqn,3,27.1653,11.4,18563,cpu,16,114,157.13,0.05,0.492727
911,dqn,3,27.1894,11.52,18563,cpu,7,69,65.09,0.05,0.844545
912,dqn,3,27.203,11.38,18563,cpu,5,39,42.97,0.05,0.488717
913,dqn,3,27.259,11.52,18563,cpu,20,160,199.11,0.05,0.859564
914,dqn,3,27.2871,11.3,18563,cpu,11,80,105.52,0.05,0.823502
915,dqn,3,27.3309,11.4,18563,cpu,12,126,117.57,0.05,1.17913
916,dqn,3,27.3446,11.26,18563,cpu,5,39,42.77,0.05,1.380273
917,dqn,3,27.3714,11.24,18563,cpu,8,77,75.52,0.05,1.803103
918,dqn,3,27.4137,11.3,18563,cpu,15,121,148.65,0.05,1.446455
919,dqn,3,27.4524,11.42,18563,cpu,11,110,108.02,0.05,1.574888
920,dqn,3,27.4913,11.58,18563,cpu,15,111,147.95,0.05,0.370683
921,dqn,3,27.5375,11.8,18563,cpu,18,131,178.48,0.05,0.943318
922,dqn,3,27.5466,11.68,18563,cpu,2,26,11.47,0.05,1.372398
923,dqn,3,27.5904,11.82,18563,cpu,15,125,147.21,0.05,1.031808
924,dqn,3,27.6058,11.68,18563,cpu,5,44,43.02,0.05,0.198261
925,dqn,3,27.6326,11.68,18563,cpu,7,77,65.21,0.05,0.520619
926,dqn,3,27.6432,11.7,18563,cpu,4,31,31.74,0.05,1.650156
927,dqn,3,27.6788,11.68,18563,cpu,14,102,136.43,0.05,0.946497
928,dqn,3,27.7272,11.8,18563,cpu,16,139,159.38,0.05,1.426892
929,dqn,3,27.7342,11.54,18563,cpu,2,20,11.33,0.05,1.692479
930,dqn,3,27.7652,11.28,18563,cpu,11,89,105.53,0.05,2.353833
931,dqn,3,27.8229,11.38,18563,cpu,20,165,201.76,0.05,1.320849
932,dqn,3,27.8534,11.28,18563,cpu,11,88,105.84,0.05,1.227169
933,dqn,3,27.8847,11.34,18563,cpu,9,89,83.91,0.05,0.315734
934,dqn,3,27.8864,11.3,18563,cpu,0,5,-9.64,0.05,0.785734
935,dqn,3,27.9144,11.14,18563,cpu,11,80,105.52,0.05,0.844973
936,dqn,3,27.935,10.94,18563,cpu,9,59,84.41,0.05,1.408802
937,dqn,3,27.9555,10.88,18563,cpu,7,59,64.19,0.05,1.369088
938,dqn,3,27.9878,10.92,18563,cpu,13,92,126.22,0.05,1.13039
939,dqn,3,28.0432,11.18,18563,cpu,19,159,189.51,0.05,1.383966
940,dqn,3,28.0806,10.9,18563,cpu,13,107,127.17,0.05,0.993723
941,dqn,3,28.096,10.62,18563,cpu,8,44,72.95,0.05,0.653078
942,dqn,3,28.1319,10.78,18563,cpu,10,103,96.68,0.05,0.855024
943,dqn,3,28.1873,10.98,18563,cpu,17,159,169.69,0.05,1.349078
944,dqn,3,28.2005,10.96,18563,cpu,7,38,62.5,0.05,1.191284
945,dqn,3,28.2072,10.92,18563,cpu,2,19,11.44,0.05,0.522797
946,dqn,3,28.2602,10.94,18563,cpu,17,152,169.66,0.05,1.095701
947,dqn,3,28.2957,10.9,18563,cpu,14,102,136.63,0.05,0.625188
948,dqn,3,28.328,10.66,18563,cpu,12,93,117.2,0.05,1.059633
949,dqn,3,28.3556,10.82,18563,cpu,11,79,105.43,0.05,1.594839
950,dqn,3,28.4032,11.06,18563,cpu,15,137,148.69,0.05,1.074829
951,dqn,3,28.4287,10.98,18563,cpu,10,73,94.78,0.05,1.27553
952,dqn,3,28.4389,10.96,18563,cpu,4,29,31.16,0.05,0.998474
953,dqn,3,28.5564,11.24,18563,cpu,31,334,316.38,0.05,0.9698
954,dqn,3,28.5637,11.16,18563,cpu,3,21,21.13,0.05,0.839565
955,dqn,3,28.5752,10.94,18563,cpu,5,33,42.43,0.05,1.261416
956,dqn,3,28.6049,10.88,18563,cpu,11,85,106.17,0.05,0.590559
957,dqn,3,28.6434,11.04,18563,cpu,16,110,156.37,0.05,0.540621
958,dqn,3,28.6458,10.6,18563,cpu,0,7,-9.66,0.05,1.785043
959,dqn,3,28.6756,10.66,18563,cpu,9,86,83.84,0.05,0.564342
960,dqn,3,28.6783,10.34,18563,cpu,0,8,-9.57,0.05,1.104776
961,dqn,3,28.715,10.48,18563,cpu,14,105,137.1,0.05,1.357297
962,dqn,3,28.7252,10.46,18563,cpu,4,29,32.16,0.05,0.815667
963,dqn,3,28.737,10.14,18563,cpu,4,34,32.41,0.05,1.882719
964,dqn,3,28.7621,10.1,18563,cpu,9,72,85.38,0.05,0.811375
965,dqn,3,28.7861,10.02,18563,cpu,8,69,75.2,0.05,0.622427
966,dqn,3,28.8137,10.16,18563,cpu,12,79,113.94,0.05,0.154894
967,dqn,3,28.8493,10.3,18563,cpu,15,102,146.94,0.05,1.371222
968,dqn,3,28.891,10.26,18563,cpu,13,120,125.14,0.05,2.082686
969,dqn,3,28.9044,10.18,18563,cpu,7,38,61.9,0.05,0.560648
970,dqn,3,28.9389,10.08,18563,cpu,10,99,96.92,0.05,0.965462
971,dqn,3,28.9785,10.02,18563,cpu,15,114,145.82,0.05,1.332876
972,dqn,3,29.0588,10.5,18563,cpu,26,230,262.87,0.05,0.869204
973,dqn,3,29.078,10.36,18563,cpu,8,55,73.54,0.05,1.242872
974,dqn,3,29.0951,10.38,18563,cpu,6,49,53.58,0.05,0.570828
975,dqn,3,29.1166,10.36,18563,cpu,6,62,53.55,0.05,1.511376
976,dqn,3,29.1357,10.46,18563,cpu,9,55,83.85,0.05,1.862561
977,dqn,3,29.1389,10.2,18563,cpu,1,9,0.63,0.05,0.84831
978,dqn,3,29.1739,10.16,18563,cpu,14,101,135.34,0.05,0.765436
979,dqn,3,29.2042,10.32,18563,cpu,10,87,94.44,0.05,0.438286
980,dqn,3,29.2501,10.42,18563,cpu,16,131,157.26,0.05,0.863187
981,dqn,3,29.3196,10.54,18563,cpu,26,199,260.08,0.05,1.593239
982,dqn,3,29.3354,10.48,18563,cpu,8,45,73.04,0.05,0.549381
983,dqn,3,29.3426,10.36,18563,cpu,3,21,21.13,0.05,1.580148
984,dqn,3,29.3882,10.72,18563,cpu,18,130,177.79,0.05,1.158307
985,dqn,3,29.413,10.64,18563,cpu,7,71,64.07,0.05,0.921234
986,dqn,3,29.4579,10.8,18563,cpu,17,128,167.7,0.05,0.808723
987,dqn,3,29.4857,10.84,18563,cpu,9,79,83.61,0.05,1.474576
988,dqn,3,29.4973,10.68,18563,cpu,5,33,42.03,0.05,0.283201
989,dqn,3,29.5424,10.62,18563,cpu,16,128,158.19,0.05,1.092494
990,dqn,3,29.5873,10.74,18563,cpu,19,128,187.12,0.05,0.366243
991,dqn,3,29.6204,10.82,18563,cpu,12,95,114.78,0.05,1.744891
992,dqn,3,29.6378,10.74,18563,cpu,6,50,53.47,0.05,1.025998
993,dqn,3,29.6767,10.76,18563,cpu,18,110,176.59,0.05,1.136181
994,dqn,3,29.6963,10.74,18563,cpu,6,55,53.92,0.05,0.668291
995,dqn,3,29.7246,10.92,18563,cpu,11,80,105.12,0.05,0.641644
996,dqn,3,29.7547,10.84,18563,cpu,13,84,125.3,0.05,0.424131
997,dqn,3,29.7698,10.64,18563,cpu,4,42,33.13,0.05,1.585595
998,dqn,3,29.7994,10.6,18563,cpu,10,83,96.28,0.05,0.888018
999,dqn,3,29.8686,10.86,18563,cpu,24,195,242.9,0.05,1.08201
1000,dqn,3,29.9193,10.96,18563,cpu,20,143,199.18,0.05,1.563042
1001,dqn,3,29.9221,10.78,18563,cpu,1,8,0.34,0.05,0.83814
1002,dqn,3,29.9775,11.08,18563,cpu,19,158,190.02,0.05,0.578314
1003,dqn,3,30.007,10.66,18563,cpu,10,83,96.28,0.05,1.476912
1004,dqn,3,30.0595,11.02,18563,cpu,21,150,209.52,0.05,1.873268
1005,dqn,3,30.0949,11.16,18563,cpu,12,101,116.92,0.05,1.800183
1006,dqn,3,30.1274,11.16,18563,cpu,11,93,105.89,0.05,1.360298
1007,dqn,3,30.1673,11.12,18563,cpu,14,113,137.82,0.05,2.262221
1008,dqn,3,30.1827,11.2,18563,cpu,4,44,32.91,0.05,1.02518
1009,dqn,3,30.2232,11.28,18563,cpu,13,116,127.38,0.05,1.080639
1010,dqn,3,30.2692,11.6,18563,cpu,16,130,157.37,0.05,0.734221
1011,dqn,3,30.3012,11.62,18563,cpu,15,90,145.26,0.05,0.812951
1012,dqn,3,30.3359,11.82,18563,cpu,14,98,137.27,0.05,0.944411
1013,dqn,3,30.3651,11.94,18563,cpu,10,82,95.39,0.05,1.264107
1014,dqn,3,30.4157,12.08,18563,cpu,16,143,159.74,0.05,0.510698
1015,dqn,3,30.5022,12.46,18563,cpu,27,242,271.66,0.05,0.893371
1016,dqn,3,30.5337,12.42,18563,cpu,10,89,95.62,0.05,1.018921
1017,dqn,3,30.5818,12.48,18563,cpu,18,136,177.73,0.05,0.809034
1018,dqn,3,30.6369,12.56,18563,cpu,17,156,168.82,0.05,0.361525
1019,dqn,3,30.6701,12.68,18563,cpu,13,94,126.8,0.05,0.914714
1020,dqn,3,30.69,12.66,18563,cpu,9,56,84.14,0.05,1.680839
1021,dqn,3,30.7537,12.82,18563,cpu,23,180,230.64,0.05,1.536073
1022,dqn,3,30.8212,12.72,18563,cpu,21,191,209.61,0.05,1.384109
1023,dqn,3,30.8864,12.94,18563,cpu,19,185,191.05,0.05,0.938038
1024,dqn,3,30.9125,13.08,18563,cpu,13,74,124.0,0.05,1.14598
1025,dqn,3,30.9243,13.04,18563,cpu,4,34,32.41,0.05,0.500707
1026,dqn,3,30.9892,13.3,18563,cpu,22,184,222.29,0.05,0.933253
1027,dqn,3,31.0114,13.42,18563,cpu,7,63,64.95,0.05,1.647908
1028,dqn,3,31.017,13.18,18563,cpu,2,16,10.77,0.05,1.338319
1029,dqn,3,31.0447,13.16,18563,cpu,9,79,85.61,0.05,1.277739
1030,dqn,3,31.0822,13.16,18563,cpu,16,107,156.3,0.05,0.519437
1031,dqn,3,31.1217,12.94,18563,cpu,15,112,148.04,0.05,0.33706
1032,dqn,3,31.1933,13.26,18563,cpu,24,204,243.31,0.05,1.117321
1033,dqn,3,31.2227,13.38,18563,cpu,9,84,85.26,0.05,0.920197
1034,dqn,3,31.2721,13.36,18563,cpu,17,141,170.27,0.05,1.055415
1035,dqn,3,31.2864,13.34,18563,cpu,6,41,53.06,0.05,0.952874
1036,dqn,3,31.3174,13.2,18563,cpu,10,88,95.33,0.05,1.396538
1037,dqn,3,31.3485,13.26,18563,cpu,12,89,115.64,0.05,1.72409
1038,dqn,3,31.3858,13.4,18563,cpu,12,106,116.57,0.05,0.958922
1039,dqn,3,31.4298,13.34,18563,cpu,13,126,128.88,0.05,1.406383
1040,dqn,3,31.4927,13.44,18563,cpu,24,177,240.28,0.05,1.169917
1041,dqn,3,31.5047,13.26,18563,cpu,3,34,22.3,0.05,1.448219
1042,dqn,3,31.5522,13.46,18563,cpu,16,135,156.22,0.05,1.087113
1043,dqn,3,31.5865,13.3,18563,cpu,10,97,95.74,0.05,1.493169
1044,dqn,3,31.6336,13.46,18563,cpu,14,134,139.51,0.05,2.270786
1045,dqn,3,31.6887,13.56,18563,cpu,16,157,159.6,0.05,0.875143
1046,dqn,3,31.6997,13.36,18563,cpu,3,31,22.23,0.05,1.116715
1047,dqn,3,31.7427,13.6,18563,cpu,16,123,158.34,0.05,1.264318
1048,dqn,3,31.7714,13.6,18563,cpu,10,82,95.39,0.05,1.385803
1049,dqn,3,31.8219,13.54,18563,cpu,21,144,209.18,0.05,1.221062
1050,dqn,3,31.8469,13.3,18563,cpu,8,71,75.18,0.05,0.736435
1051,dqn,3,31.8746,13.46,18563,cpu,9,79,84.61,0.05,0.379645
1052,dqn,3,31.8829,13.18,18563,cpu,5,24,41.62,0.05,0.815655
1053,dqn,3,31.91,13.2,18563,cpu,11,77,104.85,0.05,1.222782
1054,dqn,3,31.9931,13.3,18563,cpu,26,237,263.5,0.05,1.238506
1055,dqn,3,32.047,13.4,18563,cpu,17,154,168.64,0.05,1.155848
1056,dqn,3,32.0697,13.42,18563,cpu,12,64,113.99,0.05,0.593746
1057,dqn,3,32.1157,13.44,18563,cpu,15,131,148.75,0.05,0.715589
1058,dqn,3,32.1343,13.52,18563,cpu,8,53,73.76,0.05,0.911186
1059,dqn,3,32.1687,13.46,18563,cpu,10,98,96.03,0.05,0.640526
1060,dqn,3,32.2246,13.58,18563,cpu,22,159,221.04,0.05,0.869474
1061,dqn,3,32.231,13.32,18563,cpu,2,18,11.35,0.05,0.827523
1062,dqn,3,32.2491,13.12,18563,cpu,4,52,33.83,0.05,1.155073
1063,dqn,3,32.311,13.28,18563,cpu,18,177,182.22,0.05,1.088199
1064,dqn,3,32.3252,13.08,18563,cpu,6,41,52.86,0.05,0.803583
1065,dqn,3,32.3572,12.76,18563,cpu,11,92,104.2,0.05,0.876059
1066,dqn,3,32.3841,12.74,18563,cpu,9,77,85.03,0.05,0.977107
1067,dqn,3,32.4176,12.64,18563,cpu,13,96,127.38,0.05,1.026962
1068,dqn,3,32.4292,12.4,18563,cpu,5,33,42.23,0.05,0.523755
1069,dqn,3,32.5021,12.58,18563,cpu,22,207,222.36,0.05,1.340232
1070,dqn,3,32.5319,12.6,18563,cpu,10,84,95.37,0.05,1.376867
1071,dqn,3,32.5379,12.16,18563,cpu,1,17,1.35,0.05,0.825014
1072,dqn,3,32.6183,12.28,18563,cpu,27,226,273.22,0.05,1.07188
1073,dqn,3,32.6531,12.16,18563,cpu,13,99,126.25,0.05,0.823817
1074,dqn,3,32.6649,11.96,18563,cpu,3,33,22.01,0.05,1.571545
1075,dqn,3,32.6772,11.98,18563,cpu,5,35,42.41,0.05,0.741895
1076,dqn,3,32.7326,11.92,18563,cpu,19,157,189.53,0.05,0.925277
1077,dqn,3,32.7617,12.0,18563,cpu,11,83,105.99,0.05,0.665286
1078,dqn,3,32.7652,11.98,18563,cpu,1,10,0.52,0.05,0.408293
1079,dqn,3,32.84,12.28,18563,cpu,24,213,241.12,0.05,0.967297
1080,dqn,3,32.8789,12.24,18563,cpu,14,110,137.55,0.05,0.776124
1081,dqn,3,32.8936,12.04,18563,cpu,5,42,42.44,0.05,1.17949
1082,dqn,3,32.921,11.82,18563,cpu,13,76,124.78,0.05,1.045202
1083,dqn,3,32.951,11.88,18563,cpu,12,85,115.68,0.05,0.417129
1084,dqn,3,32.996,11.84,18563,cpu,15,127,147.19,0.05,0.837088
1085,dqn,3,33.0149,11.86,18563,cpu,7,54,62.74,0.05,1.585027
1086,dqn,3,33.0367,11.8,18563,cpu,7,62,64.26,0.05,0.605005
1087,dqn,3,33.1053,11.94,18563,cpu,19,195,192.35,0.05,1.461438
1088,dqn,3,33.1135,11.74,18563,cpu,2,23,11.4,0.05,0.74615
1089,dqn,3,33.1422,11.68,18563,cpu,10,82,95.19,0.05,0.867604
1090,dqn,3,33.1587,11.38,18563,cpu,9,46,83.24,0.05,0.782824
1091,dqn,3,33.2323,11.76,18563,cpu,22,210,221.23,0.05,2.1218
1092,dqn,3,33.2816,11.72,18563,cpu,14,140,137.85,0.05,1.879097
1093,dqn,3,33.3271,11.86,18563,cpu,17,129,165.99,0.05,0.751062
1094,dqn,3,33.3416,11.7,18563,cpu,6,41,52.66,0.05,0.30628
1095,dqn,3,33.3593,11.52,18563,cpu,7,51,63.47,0.05,0.766009
1096,dqn,3,33.4097,11.82,18563,cpu,18,145,178.14,0.05,1.606802
1097,dqn,3,33.4231,11.62,18563,cpu,6,38,52.79,0.05,1.943301
1098,dqn,3,33.4374,11.5,18563,cpu,4,41,32.84,0.05,1.757737
1099,dqn,3,33.5056,11.48,18563,cpu,20,192,200.99,0.05,1.478493
1100,dqn,3,33.5383,11.54,18563,cpu,11,91,106.51,0.05,0.91624
1101,dqn,3,33.5576,11.54,18563,cpu,9,55,83.65,0.05,0.887565
1102,dqn,3,33.5868,11.7,18563,cpu,13,83,125.61,0.05,0.394823
1103,dqn,3,33.6131,11.68,18563,cpu,10,75,94.36,0.05,0.856187
1104,dqn,3,33.6859,11.64,18563,cpu,24,206,241.69,0.05,2.136252
1105,dqn,3,33.7218,11.54,18563,cpu,12,103,116.1,0.05,1.56524
1106,dqn,3,33.8042,11.84,18563,cpu,27,235,272.63,0.05,1.171286
1107,dqn,3,33.82,11.66,18563,cpu,6,45,52.62,0.05,0.933131
1108,dqn,3,33.8544,11.74,18563,cpu,12,98,116.85,0.05,1.997014
1109,dqn,3,33.8656,11.62,18563,cpu,4,32,32.23,0.05,1.597396
1110,dqn,3,33.9094,11.52,18563,cpu,17,125,168.03,0.05,0.545999
1111,dqn,3,33.9368,11.66,18563,cpu,9,78,85.72,0.05,1.553244
1112,dqn,3,33.984,11.88,18563,cpu,15,135,148.91,0.05,1.28817
1113,dqn,3,34.0389,11.92,18563,cpu,20,157,199.04,0.05,1.384813
1114,dqn,3,34.0715,12.06,18563,cpu,13,93,126.11,0.05,1.407001
1115,dqn,3,34.0888,11.98,18563,cpu,7,49,62.89,0.05,1.763611
1116,dqn,3,34.1245,12.04,18563,cpu,12,102,117.01,0.05,1.823476
1117,dqn,3,34.1637,12.04,18563,cpu,13,112,127.82,0.05,0.879705
1118,dqn,3,34.2143,12.3,18563,cpu,18,145,178.74,0.05,1.026098
1119,dqn,3,34.2801,12.26,18563,cpu,20,188,201.23,0.05,0.932981
1120,dqn,3,34.3177,12.32,18563,cpu,13,107,127.77,0.05,1.825542
1121,dqn,3,34.3444,12.5,18563,cpu,10,76,95.85,0.05,1.094779
1122,dqn,3,34.3977,12.34,18563,cpu,19,152,190.88,0.05,1.377148
1123,dqn,3,34.4147,12.18,18563,cpu,5,49,43.67,0.05,1.374961
1124,dqn,3,34.4512,12.46,18563,cpu,17,104,167.54,0.05,0.543007
1125,dqn,3,34.4798,12.6,18563,cpu,12,82,115.61,0.05,1.02307
1126,dqn,3,34.5473,12.7,18563,cpu,24,192,241.83,0.05,1.387936
1127,dqn,3,34.5772,12.7,18563,cpu,11,85,106.57,0.05,1.077544
1128,dqn,3,34.5796,12.68,18563,cpu,0,7,-9.46,0.05,0.657424
1129,dqn,3,34.6429,12.58,18563,cpu,19,180,190.6,0.05,0.753603
1130,dqn,3,34.688,12.62,18563,cpu,16,129,157.68,0.05,1.046797
1131,dqn,3,34.7055,12.7,18563,cpu,9,50,82.2,0.05,1.963083
1132,dqn,3,34.7531,12.86,18563,cpu,21,135,209.57,0.05,1.297379
1133,dqn,3,34.7938,12.98,18563,cpu,18,116,177.93,0.05,1.182045
1134,dqn,3,34.798,12.72,18563,cpu,2,12,10.81,0.05,1.575803
1135,dqn,3,34.8629,13.02,18563,cpu,22,186,221.27,0.05,0.133336
1136,dqn,3,34.8925,13.14,18563,cpu,13,85,125.99,0.05,1.186852
1137,dqn,3,34.923,13.04,18563,cpu,14,87,135.88,0.05,0.953981
1138,dqn,3,34.9552,13.24,18563,cpu,12,92,116.91,0.05,0.636335
1139,dqn,3,35.0246,13.54,18563,cpu,25,198,251.48,0.05,0.96021
1140,dqn,3,35.0338,13.42,18563,cpu,3,26,21.78,0.05,1.305044
1141,dqn,3,35.0387,13.06,18563,cpu,4,14,30.81,0.05,0.348955
1142,dqn,3,35.0971,13.16,18563,cpu,19,167,191.03,0.05,1.387324
1143,dqn,3,35.1169,12.92,18563,cpu,5,57,43.99,0.05,1.048128
1144,dqn,3,35.1493,13.02,18563,cpu,11,92,105.8,0.05,0.934804
1145,dqn,3,35.2253,13.3,18563,cpu,21,213,212.99,0.05,0.653548
1146,dqn,3,35.2395,13.02,18563,cpu,4,40,32.55,0.05,0.658134
1147,dqn,3,35.2783,13.16,18563,cpu,13,111,127.13,0.05,0.647226
1148,dqn,3,35.2969,13.24,18563,cpu,8,53,73.56,0.05,1.633516
1149,dqn,3,35.3415,13.14,18563,cpu,15,127,149.19,0.05,1.987676
1150,dqn,3,35.3477,13.0,18563,cpu,4,17,31.08,0.05,1.214995
1151,dqn,3,35.3824,13.08,18563,cpu,13,99,127.05,0.05,2.420311
1152,dqn,3,35.4227,13.12,18563,cpu,15,115,148.11,0.05,0.945085
1153,dqn,3,35.4806,13.28,18563,cpu,18,165,181.54,0.05,0.879959
1154,dqn,3,35.5235,13.04,18563,cpu,12,122,116.41,0.05,1.521732
1155,dqn,3,35.5582,13.04,18563,cpu,12,99,116.54,0.05,0.556358
1156,dqn,3,35.56,12.5,18563,cpu,0,5,-9.64,0.05,1.302639
1157,dqn,3,35.5809,12.56,18563,cpu,9,60,83.9,0.05,0.782613
1158,dqn,3,35.5848,12.34,18563,cpu,1,11,0.81,0.05,0.464298
1159,dqn,3,35.6257,12.6,18563,cpu,17,116,168.22,0.05,1.252493
1160,dqn,3,35.6726,12.62,18563,cpu,18,134,178.75,0.05,1.027163
1161,dqn,3,35.7338,12.78,18563,cpu,17,175,170.53,0.05,1.29359
1162,dqn,3,35.747,12.56,18563,cpu,4,38,31.17,0.05,0.944178
1163,dqn,3,35.8032,12.52,18563,cpu,18,161,180.78,0.05,1.031497
1164,dqn,3,35.8312,12.44,18563,cpu,9,80,84.1,0.05,1.267055
1165,dqn,3,35.8775,12.74,18563,cpu,22,131,218.52,0.05,1.246717
1166,dqn,3,35.8845,12.58,18563,cpu,4,20,31.15,0.05,0.646828
1167,dqn,3,35.8971,12.38,18563,cpu,3,36,22.48,0.05,1.316779
1168,dqn,3,35.9252,12.22,18563,cpu,10,80,95.41,0.05,0.755916
1169,dqn,3,35.9765,12.14,18563,cpu,16,146,159.61,0.05,1.187992
1170,dqn,3,36.0086,12.12,18563,cpu,12,92,115.31,0.05,1.580392
1171,dqn,3,36.0662,12.3,18563,cpu,19,164,190.16,0.05,1.516928
1172,dqn,3,36.1089,12.24,18563,cpu,16,122,158.25,0.05,0.816581
1173,dqn,3,36.1226,12.24,18563,cpu,5,39,42.57,0.05,1.80604
1174,dqn,3,36.1321,11.96,18563,cpu,3,27,22.07,0.05,1.340314
1175,dqn,3,36.1775,12.08,18563,cpu,18,129,177.7,0.05,1.360467
1176,dqn,3,36.255,12.14,18563,cpu,27,220,273.48,0.05,1.355651
1177,dqn,3,36.2697,12.04,18563,cpu,6,42,52.95,0.05,0.815044
1178,dqn,3,36.3076,12.4,18563,cpu,18,108,177.61,0.05,1.006108
1179,dqn,3,36.3231,12.1,18563,cpu,4,44,32.91,0.05,0.479529
1180,dqn,3,36.3806,12.22,18563,cpu,22,164,219.49,0.05,0.493554
1181,dqn,3,36.4037,12.2,18563,cpu,8,66,74.33,0.05,1.218022
1182,dqn,3,36.4106,11.82,18563,cpu,2,20,11.33,0.05,0.159833
1183,dqn,3,36.4678,11.9,18563,cpu,22,163,220.4,0.05,1.776317
1184,dqn,3,36.5344,12.3,18563,cpu,22,191,220.52,0.05,1.327746
1185,dqn,3,36.5431,11.94,18563,cpu,4,25,31.6,0.05,1.393652
1186,dqn,3,36.5645,11.88,18563,cpu,10,61,94.5,0.05,1.253433
1187,dqn,3,36.6234,11.96,18563,cpu,18,168,178.01,0.05,1.073735
1188,dqn,3,36.6559,11.98,18563,cpu,13,93,124.91,0.05,1.452763
1189,dqn,3,36.6952,11.76,18563,cpu,14,112,138.53,0.05,1.259862
1190,dqn,3,36.712,11.84,18563,cpu,7,48,63.0,0.05,1.593007
1191,dqn,3,36.7778,12.12,18563,cpu,18,188,181.21,0.05,0.799716
1192,dqn,3,36.8144,11.98,18563,cpu,12,104,116.99,0.05,0.46537
1193,dqn,3,36.8345,12.04,18563,cpu,8,57,73.92,0.05,1.259809
1194,dqn,3,36.8362,11.84,18563,cpu,1,5,0.27,0.05,0.680494
1195,dqn,3,36.8547,11.54,18563,cpu,6,53,53.74,0.05,0.994788
1196,dqn,3,36.94,11.94,18563,cpu,24,244,246.11,0.05,1.358232
1197,dqn,3,36.9512,11.8,18563,cpu,6,32,52.25,0.05,1.55177
1198,dqn,3,36.9757,11.78,18563,cpu,7,70,65.58,0.05,1.095442
1199,dqn,3,37.0136,11.74,18563,cpu,13,109,127.95,0.05,0.435728
1200,dqn,3,37.0651,12.06,18563,cpu,20,148,198.63,0.05,1.472206
1201,dqn,3,37.0683,11.86,18563,cpu,3,9,20.45,0.05,0.916911
1202,dqn,3,37.0853,11.7,18563,cpu,7,49,63.09,0.05,0.436959
1203,dqn,3,37.142,11.68,18563,cpu,17,163,172.05,0.05,0.769011
1204,dqn,3,37.1886,11.8,18563,cpu,18,133,177.86,0.05,1.432411
1205,dqn,3,37.2269,11.8,18563,cpu,12,110,115.53,0.05,0.943921
1206,dqn,3,37.2763,12.1,18563,cpu,15,142,149.34,0.05,0.984235
1207,dqn,3,37.3113,12.2,18563,cpu,14,100,136.85,0.05,0.963187
1208,dqn,3,37.337,12.34,18563,cpu,8,73,73.76,0.05,1.255464
1209,dqn,3,37.3896,12.26,18563,cpu,13,150,127.84,0.05,1.49915
1210,dqn,3,37.4635,12.34,18563,cpu,22,211,221.72,0.05,0.54538
1211,dqn,3,37.5001,12.24,18563,cpu,12,104,115.19,0.05,1.227038
1212,dqn,3,37.5169,12.32,18563,cpu,8,48,73.11,0.05,1.478764
1213,dqn,3,37.5342,12.06,18563,cpu,5,49,43.47,0.05,0.188869
1214,dqn,3,37.5501,12.0,18563,cpu,6,45,52.02,0.05,0.826485
1215,dqn,3,37.6226,11.98,18563,cpu,21,207,212.85,0.05,1.038807
1216,dqn,3,37.6403,12.02,18563,cpu,6,51,53.96,0.05,1.170471
1217,dqn,3,37.6725,12.22,18563,cpu,13,91,126.53,0.05,1.329373
1218,dqn,3,37.6896,12.14,18563,cpu,6,49,53.58,0.05,1.397714
1219,dqn,3,37.7768,12.32,18563,cpu,25,248,254.78,0.05,1.107482
1220,dqn,3,37.7905,12.2,18563,cpu,6,39,52.48,0.05,1.167899
1221,dqn,3,37.7985,11.86,18563,cpu,2,23,11.4,0.05,1.243861
1222,dqn,3,37.8265,11.7,18563,cpu,8,80,76.39,0.05,1.708534
1223,dqn,3,37.8491,11.78,18563,cpu,9,65,84.55,0.05,0.602757
1224,dqn,3,37.89,12.0,18563,cpu,14,117,136.38,0.05,0.317073
1225,dqn,3,37.9113,11.76,18563,cpu,6,61,53.66,0.05,2.166668
1226,dqn,3,37.9405,11.42,18563,cpu,10,84,94.57,0.05,0.79074
1227,dqn,3,37.9938,11.7,18563,cpu,20,152,198.99,0.05,1.20673
1228,dqn,3,38.0172,11.56,18563,cpu,11,67,104.15,0.05,1.038289
1229,dqn,3,38.0783,11.86,18563,cpu,19,175,189.35,0.05,2.069761
1230,dqn,3,38.0842,11.5,18563,cpu,4,17,31.08,0.05,1.029911
1231,dqn,3,38.1023,11.46,18563,cpu,6,52,54.05,0.05,1.965059
1232,dqn,3,38.1411,11.7,18563,cpu,14,111,136.04,0.05,1.507342
1233,dqn,3,38.1537,11.36,18563,cpu,5,34,41.92,0.05,0.681951
1234,dqn,3,38.1945,11.16,18563,cpu,12,117,116.56,0.05,0.822786
1235,dqn,3,38.2231,11.26,18563,cpu,9,82,84.68,0.05,1.200571
1236,dqn,3,38.3064,11.56,18563,cpu,25,238,252.28,0.05,0.878663
1237,dqn,3,38.3141,11.26,18563,cpu,3,22,21.42,0.05,0.59857
1238,dqn,3,38.3812,11.5,18563,cpu,25,192,252.94,0.05,0.986125
1239,dqn,3,38.3885,11.28,18563,cpu,3,21,21.33,0.05,0.776789
1240,dqn,3,38.4147,11.34,18563,cpu,10,75,94.56,0.05,1.166102
1241,dqn,3,38.421,11.04,18563,cpu,3,18,21.26,0.05,1.026071
1242,dqn,3,38.4492,11.0,18563,cpu,10,81,94.9,0.05,1.617462
1243,dqn,3,38.461,10.94,18563,cpu,5,33,42.43,0.05,1.856523
1244,dqn,3,38.5191,11.36,18563,cpu,22,165,219.78,0.05,1.145695
1245,dqn,3,38.5756,11.62,18563,cpu,19,160,190.0,0.05,1.591112
1246,dqn,3,38.6323,11.52,18563,cpu,19,161,190.29,0.05,2.165495
1247,dqn,3,38.7046,11.82,18563,cpu,21,207,211.45,0.05,0.915198
1248,dqn,3,38.7156,11.76,18563,cpu,4,32,32.03,0.05,2.028655
1249,dqn,3,38.7542,11.7,18563,cpu,10,111,97.6,0.05,1.617677
1250,dqn,3,38.8068,11.62,18563,cpu,16,151,160.26,0.05,1.23099
1251,dqn,3,38.8292,11.74,18563,cpu,9,64,84.06,0.05,0.909721
1252,dqn,3,38.8668,11.9,18563,cpu,15,107,147.39,0.05,0.398585
1253,dqn,3,38.9066,11.84,18563,cpu,14,114,137.71,0.05,0.260122
1254,dqn,3,38.939,11.66,18563,cpu,9,93,86.47,0.05,0.355024
1255,dqn,3,38.9924,11.84,18563,cpu,21,153,209.19,0.05,0.810013
1256,dqn,3,39.0401,11.94,18563,cpu,20,136,198.15,0.05,0.84295
1257,dqn,3,39.0882,12.0,18563,cpu,17,138,169.4,0.05,1.382243
1258,dqn,3,39.117,12.06,18563,cpu,11,78,105.54,0.05,1.132018
1259,dqn,3,39.1877,12.26,18563,cpu,23,183,231.11,0.05,0.60826
1260,dqn,3,39.2384,12.14,18563,cpu,16,144,159.03,0.05,0.821744
1261,dqn,3,39.2739,12.12,18563,cpu,11,102,106.5,0.05,0.746066
1262,dqn,3,39.314,12.22,18563,cpu,13,115,127.29,0.05,1.525342
1263,dqn,3,39.3776,12.52,18563,cpu,20,182,198.89,0.05,1.480525
1264,dqn,3,39.4151,12.64,18563,cpu,12,107,116.06,0.05,0.922696
1265,dqn,3,39.4697,12.62,18563,cpu,20,155,199.66,0.05,1.180012
1266,dqn,3,39.4777,12.56,18563,cpu,3,23,21.71,0.05,0.712415
1267,dqn,3,39.4981,12.44,18563,cpu,7,58,63.5,0.05,0.724098
1268,dqn,3,39.508,12.38,18563,cpu,3,28,21.56,0.05,1.351813
1269,dqn,3,39.5267,12.0,18563,cpu,6,53,54.14,0.05,1.890039
1270,dqn,3,39.5432,11.96,18563,cpu,4,47,33.18,0.05,0.879632
1271,dqn,3,39.6242,12.34,18563,cpu,21,232,211.3,0.05,0.852328
1272,dqn,3,39.6399,12.28,18563,cpu,5,45,42.91,0.05,1.643655
1273,dqn,3,39.6684,12.3,18563,cpu,10,81,94.3,0.05,0.878967
1274,dqn,3,39.711,12.28,18563,cpu,13,122,128.12,0.05,0.605081
1275,dqn,3,39.7436,12.42,18563,cpu,13,93,126.31,0.05,1.461257
1276,dqn,3,39.7772,12.48,18563,cpu,13,96,125.38,0.05,1.247539
1277,dqn,3,39.808,12.3,18563,cpu,11,88,106.24,0.05,2.042253
1278,dqn,3,39.824,12.2,18563,cpu,6,46,52.91,0.05,1.889569
1279,dqn,3,39.8258,11.82,18563,cpu,0,5,-9.64,0.05,1.546303
1280,dqn,3,39.8424,11.84,18563,cpu,5,48,43.38,0.05,0.587215
1281,dqn,3,39.8734,11.96,18563,cpu,12,89,115.04,0.05,0.622981
1282,dqn,3,39.8942,11.82,18563,cpu,7,60,64.28,0.05,1.012451
1283,dqn,3,39.9364,11.98,18563,cpu,13,121,127.83,0.05,0.60303
1284,dqn,3,39.966,11.92,18563,cpu,9,85,85.55,0.05,1.242293
1285,dqn,3,39.984,11.88,18563,cpu,7,52,63.76,0.05,1.222235
1286,dqn,3,40.0037,11.5,18563,cpu,6,56,52.81,0.05,0.374275
1287,dqn,3,40.0127,11.54,18563,cpu,5,26,41.6,0.05,1.208464
1288,dqn,3,40.0382,11.24,18563,cpu,10,73,94.18,0.05,0.69989
1289,dqn,3,40.0514,11.26,18563,cpu,4,38,32.77,0.05,0.729163
1290,dqn,3,40.0598,11.14,18563,cpu,4,24,31.71,0.05,0.612529
1291,dqn,3,40.093,11.34,18563,cpu,13,95,125.69,0.05,0.947859
1292,dqn,3,40.1561,11.56,18563,cpu,21,180,210.42,0.05,1.975779
1293,dqn,3,40.1813,11.62,18563,cpu,8,72,73.87,0.05,0.800176
1294,dqn,3,40.2092,11.36,18563,cpu,9,80,85.9,0.05,0.941978
1295,dqn,3,40.2483,11.3,18563,cpu,16,112,158.15,0.05,1.245677
1296,dqn,3,40.2862,11.14,18563,cpu,11,109,106.33,0.05,1.864552
1297,dqn,3,40.3044,10.88,18563,cpu,8,52,73.27,0.05,0.383101
1298,dqn,3,40.3097,10.84,18563,cpu,2,15,11.08,0.05,0.121783
1299,dqn,3,40.3545,10.96,18563,cpu,16,128,156.59,0.05,1.536758
1300,dqn,3,40.3932,10.9,18563,cpu,13,112,126.62,0.05,1.092552
1301,dqn,3,40.4245,10.94,18563,cpu,11,90,106.82,0.05,1.252563
1302,dqn,3,40.4368,10.74,18563,cpu,5,35,42.01,0.05,0.876613
1303,dqn,3,40.4578,10.62,18563,cpu,8,60,74.19,0.05,0.677167
1304,dqn,3,40.4688,10.54,18563,cpu,5,31,42.25,0.05,0.643251
1305,dqn,3,40.5263,10.5,18563,cpu,19,164,189.16,0.05,0.510973
1306,dqn,3,40.5744,10.44,18563,cpu,17,137,168.11,0.05,0.394038
1307,dqn,3,40.6089,10.38,18563,cpu,14,98,136.67,0.05,0.284427
1308,dqn,3,40.632,10.34,18563,cpu,9,66,84.24,0.05,1.355529
1309,dqn,3,40.6549,10.02,18563,cpu,7,66,63.82,0.05,0.84452
1310,dqn,3,40.67,9.84,18563,cpu,7,43,62.95,0.05,0.690519
1311,dqn,3,40.6902,9.8,18563,cpu,9,58,83.12,0.05,0.675704
1312,dqn,3,40.7366,9.9,18563,cpu,18,132,178.97,0.05,1.467579
1313,dqn,3,40.7701,9.72,18563,cpu,11,96,106.96,0.05,1.628588
1314,dqn,3,40.7932,9.68,18563,cpu,10,66,94.55,0.05,0.909385
1315,dqn,3,40.8026,9.34,18563,cpu,3,27,21.87,0.05,1.293903
1316,dqn,3,40.8064,9.32,18563,cpu,2,11,10.52,0.05,2.0522
1317,dqn,3,40.8298,9.38,18563,cpu,10,67,94.84,0.05,1.093925
1318,dqn,3,40.891,9.72,18563,cpu,20,176,201.15,0.05,1.051281
1319,dqn,3,40.8955,9.62,18563,cpu,1,13,0.99,0.05,1.334671
1320,dqn,3,40.9036,9.6,18563,cpu,3,23,21.71,0.05,1.336167
1321,dqn,3,40.9455,9.52,18563,cpu,17,120,168.78,0.05,0.808056
1322,dqn,3,40.9768,9.7,18563,cpu,14,90,135.55,0.05,1.492772
1323,dqn,3,40.9975,9.68,18563,cpu,9,59,83.41,0.05,1.358178
1324,dqn,3,41.0369,9.68,18563,cpu,13,114,127.8,0.05,0.778026
1325,dqn,3,41.0578,9.56,18563,cpu,7,60,63.68,0.05,0.333182
1326,dqn,3,41.0888,9.48,18563,cpu,9,89,86.31,0.05,0.521112
1327,dqn,3,41.0905,9.26,18563,cpu,0,5,-9.64,0.05,1.573613
1328,dqn,3,41.0993,9.22,18563,cpu,4,25,31.0,0.05,0.92824
1329,dqn,3,41.1148,9.34,18563,cpu,6,45,52.02,0.05,0.39944
1330,dqn,3,41.1794,9.74,18563,cpu,25,185,253.11,0.05,0.976112
1331,dqn,3,41.2289,9.86,18563,cpu,18,141,179.18,0.05,0.630751
1332,dqn,3,41.2592,9.9,18563,cpu,9,87,84.73,0.05,0.860842
1333,dqn,3,41.2999,9.92,18563,cpu,14,116,136.69,0.05,1.46217
1334,dqn,3,41.3143,9.82,18563,cpu,4,41,33.04,0.05,1.272047
1335,dqn,3,41.3874,10.1,18563,cpu,21,208,212.34,0.05,1.125535
1336,dqn,3,41.4146,10.2,18563,cpu,11,78,105.54,0.05,1.920615
1337,dqn,3,41.4645,10.42,18563,cpu,16,142,158.65,0.05,1.190156
1338,dqn,3,41.5143,10.62,18563,cpu,20,141,197.8,0.05,1.344202
1339,dqn,3,41.5578,10.8,18563,cpu,13,123,128.01,0.05,1.258823
1340,dqn,3,41.5648,10.78,18563,cpu,3,20,21.44,0.05,0.835556
1341,dqn,3,41.581,10.6,18563,cpu,4,46,33.49,0.05,1.595049
1342,dqn,3,41.6151,10.42,18563,cpu,12,97,116.96,0.05,0.93286
1343,dqn,3,41.6735,10.68,18563,cpu,21,165,210.67,0.05,0.857493
1344,dqn,3,41.7111,10.82,18563,cpu,16,107,156.7,0.05,1.792556
1345,dqn,3,41.7212,10.56,18563,cpu,3,29,22.25,0.05,1.221514
1346,dqn,3,41.736,10.46,18563,cpu,6,42,52.35,0.05,0.763269
1347,dqn,3,41.754,10.44,18563,cpu,7,51,63.67,0.05,2.277802
1348,dqn,3,41.8173,10.82,18563,cpu,21,170,211.12,0.05,1.053879
1349,dqn,3,41.8465,10.66,18563,cpu,8,81,74.68,0.05,0.644592
1350,dqn,3,41.8532,10.44,18563,cpu,2,19,11.44,0.05,1.026735
1351,dqn,3,41.9038,10.54,18563,cpu,16,144,159.63,0.05,1.59985
1352,dqn,3,41.9353,10.68,18563,cpu,12,89,116.24,0.05,1.188644
1353,dqn,3,41.9837,10.86,18563,cpu,17,137,167.71,0.05,0.617524
1354,dqn,3,42.055,11.28,18563,cpu,26,199,262.68,0.05,1.291518
1355,dqn,3,42.0725,11.06,18563,cpu,8,50,72.69,0.05,0.712112
1356,dqn,3,42.0963,10.9,18563,cpu,9,61,84.39,0.05,1.098078
1357,dqn,3,42.1586,11.08,18563,cpu,23,173,230.41,0.05,0.446975
1358,dqn,3,42.2171,11.26,18563,cpu,18,166,180.43,0.05,1.656297
1359,dqn,3,42.2722,11.52,18563,cpu,20,157,199.24,0.05,2.123446
1360,dqn,3,42.3025,11.6,18563,cpu,11,87,105.75,0.05,1.821809
1361,dqn,3,42.3521,11.76,18563,cpu,17,138,169.8,0.05,1.362514
1362,dqn,3,42.3921,11.64,18563,cpu,12,113,117.0,0.05,1.230992
1363,dqn,3,42.4733,11.92,18563,cpu,25,231,252.25,0.05,0.972301
1364,dqn,3,42.5437,12.14,18563,cpu,21,195,212.17,0.05,1.099341
1365,dqn,3,42.5622,12.26,18563,cpu,9,52,83.38,0.05,0.402023
1366,dqn,3,42.6271,12.68,18563,cpu,23,182,233.62,0.05,0.44573
1367,dqn,3,42.6963,12.9,18563,cpu,21,195,209.77,0.05,1.350582
1368,dqn,3,42.7218,12.66,18563,cpu,8,72,75.27,0.05,0.222376
1369,dqn,3,42.7467,12.86,18563,cpu,11,70,105.02,0.05,0.557163
1370,dqn,3,42.8001,13.12,18563,cpu,16,151,159.86,0.05,1.073121
1371,dqn,3,42.8174,12.92,18563,cpu,7,49,63.09,0.05,1.932516
1372,dqn,3,42.8535,12.9,18563,cpu,13,102,125.72,0.05,0.851747
1373,dqn,3,42.9339,13.3,18563,cpu,29,228,295.42,0.05,0.687007
1374,dqn,3,42.9639,13.2,18563,cpu,8,85,75.84,0.05,1.775068
1375,dqn,3,42.9842,13.18,18563,cpu,6,58,54.39,0.05,1.801047
1376,dqn,3,43.0132,13.26,18563,cpu,13,81,125.23,0.05,1.274221
1377,dqn,3,43.0418,13.5,18563,cpu,12,81,115.12,0.05,0.360848
1378,dqn,3,43.0753,13.62,18563,cpu,10,96,96.05,0.05,1.21535
1379,dqn,3,43.1151,13.76,18563,cpu,13,113,127.11,0.05,0.64468
1380,dqn,3,43.1615,13.58,18563,cpu,16,133,158.44,0.05,1.202753
1381,dqn,3,43.1685,13.28,18563,cpu,3,20,21.24,0.05,0.916308
1382,dqn,3,43.2053,13.32,18563,cpu,11,105,107.77,0.05,0.907342
1383,dqn,3,43.2685,13.42,18563,cpu,19,181,190.09,0.05,0.477889
1384,dqn,3,43.3246,13.7,18563,cpu,18,160,179.69,0.05,2.130607
1385,dqn,3,43.3322,13.34,18563,cpu,3,22,21.42,0.05,0.849511
1386,dqn,3,43.3614,13.36,18563,cpu,12,83,115.7,0.05,0.762797
1387,dqn,3,43.3815,13.18,18563,cpu,7,57,63.21,0.05,1.642147
1388,dqn,3,43.3875,12.82,18563,cpu,2,17,11.26,0.05,0.644987
1389,dqn,3,43.4075,12.72,18563,cpu,8,57,74.12,0.05,0.735198
1390,dqn,3,43.4418,12.92,18563,cpu,13,98,125.56,0.05,0.553302
1391,dqn,3,43.4467,12.88,18563,cpu,2,14,10.99,0.05,1.318778
1392,dqn,3,43.4825,12.96,18563,cpu,16,101,156.36,0.05,1.523673
1393,dqn,3,43.5479,12.92,18563,cpu,19,184,192.16,0.05,1.243106
1394,dqn,3,43.5738,12.84,18563,cpu,12,73,114.2,0.05,1.212498
1395,dqn,3,43.6047,13.0,18563,cpu,11,88,104.64,0.05,1.305485
1396,dqn,3,43.6112,12.92,18563,cpu,2,19,11.04,0.05,0.575257
1397,dqn,3,43.6339,12.94,18563,cpu,8,65,74.44,0.05,1.164649
1398,dqn,3,43.6385,12.56,18563,cpu,2,13,10.7,0.05,1.938858
1399,dqn,3,43.6447,12.48,18563,cpu,4,18,30.97,0.05,0.608298
1400,dqn,3,43.7213,12.92,18563,cpu,24,218,241.97,0.05,0.216184
1401,dqn,3,43.7457,12.76,18563,cpu,8,70,74.89,0.05,0.967411
1402,dqn,3,43.7534,12.56,18563,cpu,2,22,11.51,0.05,1.645031
1403,dqn,3,43.8044,12.54,18563,cpu,16,145,160.12,0.05,0.674531
1404,dqn,3,43.8163,12.12,18563,cpu,5,34,42.52,0.05,1.596445
1405,dqn,3,43.8794,12.4,18563,cpu,22,179,221.04,0.05,1.04357
1406,dqn,3,43.9226,12.54,18563,cpu,16,123,157.94,0.05,1.645397
1407,dqn,3,43.9843,12.5,18563,cpu,21,176,211.06,0.05,1.441928
1408,dqn,3,44.0107,12.28,18563,cpu,7,75,65.43,0.05,2.004488
1409,dqn,3,44.0398,12.08,18563,cpu,10,83,96.08,0.05,0.915927
1410,dqn,3,44.0729,12.08,18563,cpu,11,95,105.27,0.05,0.703916
1411,dqn,3,44.0831,11.8,18563,cpu,3,29,22.05,0.05,1.583215
1412,dqn,3,44.1294,11.94,18563,cpu,19,132,188.28,0.05,1.268091
1413,dqn,3,44.1493,11.62,18563,cpu,9,57,84.23,0.05,0.349125
1414,dqn,3,44.1637,11.3,18563,cpu,5,41,43.15,0.05,0.193779
1415,dqn,3,44.1771,11.26,18563,cpu,7,38,62.5,0.05,1.374609
1416,dqn,3,44.1806,10.82,18563,cpu,1,10,0.72,0.05,0.637779
1417,dqn,3,44.2386,10.82,18563,cpu,21,165,209.27,0.05,1.272353
1418,dqn,3,44.2944,11.02,18563,cpu,18,159,179.0,0.05,1.411082
1419,dqn,3,44.3214,11.0,18563,cpu,10,77,95.94,0.05,0.964194
1420,dqn,3,44.3287,10.72,18563,cpu,2,21,11.62,0.05,1.513532
1421,dqn,3,44.3469,10.72,18563,cpu,7,52,63.76,0.05,1.330281
1422,dqn,3,44.3567,10.5,18563,cpu,2,28,12.25,0.05,0.829975
1423,dqn,3,44.3789,10.06,18563,cpu,7,64,64.44,0.05,1.210032
1424,dqn,3,44.3934,10.02,18563,cpu,6,41,52.86,0.05,2.386894
1425,dqn,3,44.451,10.28,18563,cpu,19,164,191.76,0.05,0.998927
1426,dqn,3,44.4667,10.16,18563,cpu,7,44,63.04,0.05,0.779833
1427,dqn,3,44.4825,10.04,18563,cpu,6,45,53.02,0.05,1.546052
1428,dqn,3,44.5008,10.0,18563,cpu,8,52,72.87,0.05,0.796457
1429,dqn,3,44.5177,9.9,18563,cpu,8,48,73.11,0.05,0.400222
1430,dqn,3,44.5902,10.04,18563,cpu,23,205,231.69,0.05,1.806754
1431,dqn,3,44.598,10.0,18563,cpu,1,22,1.6,0.05,1.561334
1432,dqn,3,44.6229,9.98,18563,cpu,10,71,94.0,0.05,1.120047
1433,dqn,3,44.6452,9.78,18563,cpu,9,64,84.06,0.05,0.528443
1434,dqn,3,44.648,9.46,18563,cpu,2,8,10.45,0.05,1.017524
1435,dqn,3,44.6708,9.54,18563,cpu,7,65,64.53,0.05,0.743029
1436,dqn,3,44.6907,9.44,18563,cpu,7,57,64.41,0.05,0.964395
1437,dqn,3,44.7177,9.52,18563,cpu,11,77,105.05,0.05,0.45838
1438,dqn,3,44.7567,9.68,18563,cpu,10,111,95.8,0.05,1.311031
1439,dqn,3,44.7658,9.58,18563,cpu,3,26,21.98,0.05,0.748376
1440,dqn,3,44.8403,9.8,18563,cpu,24,212,241.63,0.05,0.552296
1441,dqn,3,44.8526,9.88,18563,cpu,6,35,52.12,0.05,1.117064
1442,dqn,3,44.8578,9.6,18563,cpu,2,15,11.08,0.05,0.950392
1443,dqn,3,44.9185,9.6,18563,cpu,19,173,192.17,0.05,1.194942
1444,dqn,3,45.0143,9.96,18563,cpu,30,272,303.49,0.05,0.4189
1445,dqn,3,45.1286,10.4,18563,cpu,33,327,337.77,0.05,0.505609
1446,dqn,3,45.1769,10.68,18563,cpu,16,138,158.09,0.05,0.641731
1447,dqn,3,45.2207,10.86,18563,cpu,17,125,169.03,0.05,1.769922
1448,dqn,3,45.2388,10.98,18563,cpu,8,52,73.27,0.05,1.431896
1449,dqn,3,45.2506,10.98,18563,cpu,4,34,32.41,0.05,1.015749
1450,dqn,3,45.2884,10.8,18563,cpu,15,107,146.59,0.05,0.823025
1451,dqn,3,45.3667,11.16,18563,cpu,26,222,263.55,0.05,0.643994
1452,dqn,3,45.3922,11.28,18563,cpu,8,73,73.76,0.05,1.487811
1453,dqn,3,45.408,11.06,18563,cpu,5,45,42.51,0.05,0.498672
1454,dqn,3,45.4294,11.1,18563,cpu,7,61,64.37,0.05,1.842684
1455,dqn,3,45.4382,10.72,18563,cpu,3,25,21.89,0.05,0.858021
1456,dqn,3,45.4709,10.64,18563,cpu,12,92,115.11,0.05,0.992888
1457,dqn,3,45.4861,10.34,18563,cpu,6,43,53.24,0.05,2.192931
1458,dqn,3,45.524,10.5,18563,cpu,15,107,147.39,0.05,1.106196
1459,dqn,3,45.5522,10.46,18563,cpu,8,79,75.5,0.05,1.214682
1460,dqn,3,45.5693,10.36,18563,cpu,6,49,53.38,0.05,1.497403
1461,dqn,3,45.6142,10.62,18563,cpu,16,127,158.5,0.05,0.553079
1462,dqn,3,45.6327,10.4,18563,cpu,8,52,73.87,0.05,0.820218
1463,dqn,3,45.6472,10.34,18563,cpu,6,41,53.06,0.05,2.156278
1464,dqn,3,45.6819,10.52,18563,cpu,14,99,135.16,0.05,0.717577
1465,dqn,3,45.691,10.44,18563,cpu,3,26,21.38,0.05,1.754983
1466,dqn,3,45.719,10.66,18563,cpu,12,79,114.54,0.05,0.888059
1467,dqn,3,45.7557,10.58,18563,cpu,17,104,167.14,0.05,1.269526
1468,dqn,3,45.785,10.46,18563,cpu,12,84,115.99,0.05,1.480132
1469,dqn,3,45.8174,10.54,18563,cpu,14,92,136.13,0.05,0.995543
1470,dqn,3,45.8533,10.74,18563,cpu,12,102,115.81,0.05,1.49021
1471,dqn,3,45.8964,10.88,18563,cpu,14,123,137.72,0.05,1.746008
1472,dqn,3,45.9132,10.96,18563,cpu,6,48,53.09,0.05,1.315614
1473,dqn,3,45.9325,10.96,18563,cpu,7,55,64.03,0.05,0.936264
1474,dqn,3,45.9371,10.88,18563,cpu,2,13,10.7,0.05,0.595401
1475,dqn,3,45.9805,10.86,18563,cpu,18,123,177.96,0.05,0.719603
1476,dqn,3,46.0449,11.16,18563,cpu,22,183,219.6,0.05,0.908563
1477,dqn,3,46.0576,11.16,18563,cpu,6,36,52.61,0.05,0.778943
1478,dqn,3,46.0835,11.2,18563,cpu,10,74,95.07,0.05,1.313589
1479,dqn,3,46.1257,11.3,18563,cpu,13,121,127.63,0.05,1.59729
1480,dqn,3,46.1481,11.02,18563,cpu,9,64,83.86,0.05,1.061859
1481,dqn,3,46.1703,11.22,18563,cpu,11,63,103.99,0.05,1.673475
1482,dqn,3,46.1814,11.1,18563,cpu,4,32,31.83,0.05,1.612427
1483,dqn,3,46.2052,11.08,18563,cpu,8,68,74.91,0.05,0.387152
1484,dqn,3,46.2285,11.22,18563,cpu,9,66,84.84,0.05,1.468463
1485,dqn,3,46.2856,11.52,18563,cpu,22,163,219.6,0.05,0.440705
1486,dqn,3,46.3184,11.62,18563,cpu,12,93,116.4,0.05,0.970888
1487,dqn,3,46.338,11.52,18563,cpu,6,56,53.81,0.05,1.485867
1488,dqn,3,46.3555,11.4,18563,cpu,4,50,33.45,0.05,1.068299
1489,dqn,3,46.3691,11.46,18563,cpu,6,39,52.88,0.05,1.579249
1490,dqn,3,46.403,11.22,18563,cpu,12,97,116.16,0.05,1.145628
1491,dqn,3,46.4409,11.36,18563,cpu,13,108,127.86,0.05,1.394074
1492,dqn,3,46.5094,11.82,18563,cpu,25,194,251.52,0.05,1.209381
1493,dqn,3,46.5558,11.82,18563,cpu,19,131,186.99,0.05,0.760456
1494,dqn,3,46.5737,11.36,18563,cpu,7,50,63.78,0.05,1.41941
1495,dqn,3,46.5845,10.8,18563,cpu,5,30,41.96,0.05,1.022821
1496,dqn,3,46.6139,10.68,18563,cpu,10,83,95.68,0.05,1.48738
1497,dqn,3,46.6378,10.54,18563,cpu,10,67,94.84,0.05,0.924744
1498,dqn,3,46.6666,10.56,18563,cpu,9,82,85.88,0.05,1.202488
1499,dqn,3,46.7083,10.78,18563,cpu,15,118,146.78,0.05,1.083478
1500,dqn,3,46.7281,10.68,18563,cpu,10,56,93.65,0.05,2.143607
1501,dqn,3,46.7658,10.38,18563,cpu,11,107,107.15,0.05,1.102117
1502,dqn,3,46.8067,10.54,18563,cpu,16,116,156.11,0.05,1.03067
1503,dqn,3,46.8313,10.62,18563,cpu,9,70,85.4,0.05,1.259294
1504,dqn,3,46.8376,10.54,18563,cpu,3,18,21.26,0.05,1.21022
1505,dqn,3,46.888,10.84,18563,cpu,18,143,178.16,0.05,0.526335
1506,dqn,3,46.9124,10.8,18563,cpu,10,70,95.11,0.05,1.556527
1507,dqn,3,46.9478,10.88,18563,cpu,10,101,97.1,0.05,1.15587
1508,dqn,3,46.9699,10.74,18563,cpu,8,62,74.57,0.05,1.557639
1509,dqn,3,46.9789,10.64,18563,cpu,3,26,21.58,0.05,1.3347
1510,dqn,3,46.981,10.52,18563,cpu,0,6,-9.55,0.05,1.396007
1511,dqn,3,47.0424,10.6,18563,cpu,20,174,198.37,0.05,2.134677
1512,dqn,3,47.0759,10.7,18563,cpu,13,96,125.98,0.05,1.349523
1513,dqn,3,47.1116,10.82,18563,cpu,12,102,116.21,0.05,2.53042
1514,dqn,3,47.1304,10.68,18563,cpu,7,53,62.85,0.05,1.567476
1515,dqn,3,47.2054,11.06,18563,cpu,22,212,223.01,0.05,1.45313
1516,dqn,3,47.2121,10.88,18563,cpu,3,19,21.35,0.05,1.11945
1517,dqn,3,47.2185,10.6,18563,cpu,3,18,21.26,0.05,1.544415
1518,dqn,3,47.2312,10.46,18563,cpu,5,36,42.7,0.05,1.529693
1519,dqn,3,47.273,10.5,18563,cpu,16,119,158.98,0.05,1.401819
1520,dqn,3,47.3105,10.5,18563,cpu,12,107,117.26,0.05,0.656227
1521,dqn,3,47.3244,10.34,18563,cpu,6,40,52.97,0.05,1.150206
1522,dqn,3,47.3603,10.44,18563,cpu,11,102,107.7,0.05,0.455805
1523,dqn,3,47.3672,10.34,18563,cpu,2,20,11.33,0.05,0.72077
1524,dqn,3,47.3878,10.46,18563,cpu,8,58,73.61,0.05,2.239651
1525,dqn,3,47.4003,10.16,18563,cpu,3,36,22.68,0.05,0.517438
1526,dqn,3,47.4122,9.78,18563,cpu,3,34,22.7,0.05,0.332135
1527,dqn,3,47.4671,9.98,18563,cpu,16,154,160.73,0.05,1.298173
1528,dqn,3,47.4766,9.82,18563,cpu,2,27,11.56,0.05,1.289382
1529,dqn,3,47.5283,10.02,18563,cpu,23,146,229.18,0.05,1.220767
1530,dqn,3,47.5708,10.18,18563,cpu,17,120,167.18,0.05,1.056087
1531,dqn,3,47.5907,10.1,18563,cpu,7,56,62.92,0.05,1.214581
1532,dqn,3,47.6726,10.46,18563,cpu,22,233,225.3,0.05,1.353011
1533,dqn,3,47.7475,10.7,18563,cpu,20,213,200.88,0.05,0.848545
1534,dqn,3,47.7686,10.68,18563,cpu,8,60,73.79,0.05,1.267286
1535,dqn,3,47.7774,10.32,18563,cpu,4,25,31.6,0.05,1.645344
1536,dqn,3,47.8153,10.42,18563,cpu,17,108,165.9,0.05,0.663154
1537,dqn,3,47.8656,10.66,18563,cpu,18,143,178.76,0.05,1.833215
1538,dqn,3,47.9047,10.84,18563,cpu,13,111,128.13,0.05,1.110093
1539,dqn,3,47.9283,10.92,18563,cpu,10,67,94.64,0.05,1.53551
1540,dqn,3,47.952,10.82,18563,cpu,7,68,64.0,0.05,1.617438
1541,dqn,3,48.0308,11.0,18563,cpu,22,224,222.49,0.05,1.372171
1542,dqn,3,48.0539,10.66,18563,cpu,8,66,74.33,0.05,1.625708
1543,dqn,3,48.0696,10.42,18563,cpu,7,45,63.33,0.05,0.754954
1544,dqn,3,48.0994,10.52,18563,cpu,12,85,115.08,0.05,0.735113
1545,dqn,3,48.1721,10.8,18563,cpu,19,208,192.12,0.05,0.980735
1546,dqn,3,48.2308,11.02,18563,cpu,21,166,210.36,0.05,1.018471
1547,dqn,3,48.2371,10.84,18563,cpu,1,18,1.44,0.05,1.626368
1548,dqn,3,48.2434,10.7,18563,cpu,2,18,11.15,0.05,1.903277
1549,dqn,3,48.283,10.68,18563,cpu,14,112,137.73,0.05,0.846318
1550,dqn,3,48.3258,10.78,18563,cpu,15,121,147.85,0.05,0.868043
1551,dqn,3,48.364,10.84,18563,cpu,14,107,135.28,0.05,1.17446
1552,dqn,3,48.3966,10.76,18563,cpu,12,92,116.91,0.05,0.357763
1553,dqn,3,48.4261,10.82,18563,cpu,12,83,115.7,0.05,1.358943
1554,dqn,3,48.4717,11.1,18563,cpu,17,128,168.1,0.05,1.049412
1555,dqn,3,48.5135,11.06,18563,cpu,16,118,158.89,0.05,1.099294
1556,dqn,3,48.5174,10.88,18563,cpu,1,11,0.81,0.05,1.56621
1557,dqn,3,48.5704,11.04,18563,cpu,18,150,179.19,0.05,0.939651
1558,dqn,3,48.5863,10.98,18563,cpu,5,45,43.51,0.05,1.4376
1559,dqn,3,48.5906,10.94,18563,cpu,1,12,0.9,0.05,0.715985
1560,dqn,3,48.6325,11.26,18563,cpu,16,119,158.98,0.05,1.480773
1561,dqn,3,48.6479,10.96,18563,cpu,5,44,43.22,0.05,0.511502
1562,dqn,3,48.6902,11.06,18563,cpu,18,120,176.89,0.05,1.448636
1563,dqn,3,48.7223,11.06,18563,cpu,12,91,115.62,0.05,0.63038
1564,dqn,3,48.7704,11.24,18563,cpu,16,136,157.31,0.05,1.943008
1565,dqn,3,48.7894,10.96,18563,cpu,8,54,73.45,0.05,2.167039
1566,dqn,3,48.8162,11.08,18563,cpu,9,75,85.45,0.05,1.285795
1567,dqn,3,48.868,11.42,18563,cpu,20,146,200.85,0.05,1.004074
1568,dqn,3,48.8964,11.54,18563,cpu,11,80,104.92,0.05,0.929047
1569,dqn,3,48.9208,11.44,18563,cpu,11,69,105.13,0.05,1.466642
1570,dqn,3,48.9655,11.54,18563,cpu,17,127,167.01,0.05,0.898937
1571,dqn,3,48.9795,11.52,18563,cpu,5,40,42.66,0.05,1.059257
1572,dqn,3,49.007,11.6,18563,cpu,15,78,145.58,0.05,2.481994
1573,dqn,3,49.0091,11.56,18563,cpu,0,6,-9.55,0.05,0.785409
1574,dqn,3,49.0255,11.58,18563,cpu,9,46,83.04,0.05,1.132744
1575,dqn,3,49.0338,11.58,18563,cpu,3,24,21.6,0.05,0.597769
1576,dqn,3,49.0774,11.76,18563,cpu,12,124,119.39,0.05,0.871333
1577,dqn,3,49.0927,11.58,18563,cpu,7,43,62.55,0.05,0.924302
1578,dqn,3,49.1427,11.84,18563,cpu,15,143,146.63,0.05,0.647471
1579,dqn,3,49.2114,11.78,18563,cpu,20,197,200.44,0.05,0.950945
1580,dqn,3,49.2247,11.52,18563,cpu,4,38,32.77,0.05,1.551947
1581,dqn,3,49.2539,11.62,18563,cpu,12,83,115.9,0.05,1.117347
1582,dqn,3,49.2944,11.46,18563,cpu,14,116,136.69,0.05,1.066321
1583,dqn,3,49.3253,11.28,18563,cpu,11,88,106.24,0.05,1.071676
1584,dqn,3,49.3461,11.3,18563,cpu,9,59,84.21,0.05,1.894156
1585,dqn,3,49.3922,11.58,18563,cpu,18,131,179.48,0.05,1.056512
1586,dqn,3,49.4098,11.4,18563,cpu,8,50,73.49,0.05,1.401154
1587,dqn,3,49.4521,11.32,18563,cpu,14,119,139.36,0.05,1.132574
1588,dqn,3,49.5025,11.46,18563,cpu,20,141,198.8,0.05,0.397717
1589,dqn,3,49.5107,11.3,18563,cpu,2,23,11.8,0.05,1.303987
1590,dqn,3,49.5453,11.42,18563,cpu,13,98,126.56,0.05,1.313398
1591,dqn,3,49.6106,11.4,18563,cpu,21,184,212.78,0.05,0.532364
1592,dqn,3,49.6464,11.56,18563,cpu,16,101,156.36,0.05,0.670807
1593,dqn,3,49.6759,11.64,18563,cpu,11,83,105.59,0.05,0.732127
1594,dqn,3,49.7306,11.76,18563,cpu,18,156,178.93,0.05,0.332272
1595,dqn,3,49.7678,11.64,18563,cpu,13,106,126.88,0.05,0.814011
1596,dqn,3,49.8382,11.66,18563,cpu,22,200,222.13,0.05,0.072888
1597,dqn,3,49.8622,11.84,18563,cpu,10,68,93.33,0.05,3.024219
1598,dqn,3,49.8964,12.08,18563,cpu,14,97,135.58,0.05,1.351545
1599,dqn,3,49.93,12.06,18563,cpu,13,96,125.18,0.05,0.59923
1600,dqn,3,49.98,12.06,18563,cpu,15,142,149.74,0.05,0.863375
1601,dqn,3,50.0165,12.02,18563,cpu,12,104,117.59,0.05,1.140901
1602,dqn,3,50.0347,11.96,18563,cpu,9,52,83.78,0.05,1.135369
1603,dqn,3,50.0758,11.98,18563,cpu,13,117,126.47,0.05,1.529076
1604,dqn,3,50.1167,11.92,18563,cpu,14,116,137.29,0.05,1.15663
1605,dqn,3,50.1347,11.74,18563,cpu,7,51,63.67,0.05,1.060228
1606,dqn,3,50.1403,11.76,18563,cpu,2,16,10.97,0.05,1.00543
1607,dqn,3,50.1526,11.46,18563,cpu,3,35,21.99,0.05,1.277885
1608,dqn,3,50.1613,11.42,18563,cpu,3,25,21.49,0.05,1.267887
1609,dqn,3,50.1819,11.52,18563,cpu,6,59,53.68,0.05,0.60318
1610,dqn,3,50.2191,11.42,18563,cpu,11,106,107.86,0.05,0.955261
1611,dqn,3,50.2739,11.68,18563,cpu,18,156,179.93,0.05,0.865839
1612,dqn,3,50.2879,11.44,18563,cpu,6,40,52.97,0.05,2.617598
1613,dqn,3,50.3195,11.4,18563,cpu,10,90,94.91,0.05,1.249137
1614,dqn,3,50.3395,11.2,18563,cpu,6,57,54.5,0.05,0.670371
1615,dqn,3,50.376,11.26,18563,cpu,11,104,107.68,0.05,1.228515
1616,dqn,3,50.3978,11.2,18563,cpu,6,62,54.35,0.05,1.266009
1617,dqn,3,50.4241,11.02,18563,cpu,11,75,104.07,0.05,1.692827
1618,dqn,3,50.444,10.96,18563,cpu,8,56,74.03,0.05,1.286609
1619,dqn,3,50.4581,10.84,18563,cpu,5,40,42.86,0.05,0.774305
1620,dqn,3,50.4892,10.7,18563,cpu,10,87,95.24,0.05,1.917501
1621,dqn,3,50.5466,10.98,18563,cpu,19,161,189.89,0.05,1.271657
1622,dqn,3,50.5694,10.86,18563,cpu,9,64,84.66,0.05,0.392845
1623,dqn,3,50.6056,11.12,18563,cpu,13,103,127.41,0.05,0.65166
1624,dqn,3,50.6278,11.1,18563,cpu,8,63,73.66,0.05,0.402309
1625,dqn,3,50.6487,11.18,18563,cpu,7,59,64.39,0.05,0.535791
1626,dqn,3,50.6578,11.02,18563,cpu,4,26,31.49,0.05,1.512656
1627,dqn,3,50.6985,11.14,18563,cpu,13,116,127.58,0.05,1.082566
1628,dqn,3,50.755,11.24,18563,cpu,20,160,197.71,0.05,1.171612
1629,dqn,3,50.7984,11.18,18563,cpu,17,123,166.65,0.05,1.204655
1630,dqn,3,50.8385,11.4,18563,cpu,15,114,147.42,0.05,0.990793
1631,dqn,3,50.8645,11.32,18563,cpu,8,74,74.65,0.05,0.178144
1632,dqn,3,50.9131,11.34,18563,cpu,15,138,147.78,0.05,1.702912
1633,dqn,3,50.9433,11.32,18563,cpu,10,86,95.55,0.05,1.806796
1634,dqn,3,50.9755,11.44,18563,cpu,15,91,146.75,0.05,0.894631
1635,dqn,3,51.0111,11.36,18563,cpu,14,101,136.74,0.05,1.284872
1636,dqn,3,51.0326,11.32,18563,cpu,6,61,54.86,0.05,1.033728
1637,dqn,3,51.0388,11.08,18563,cpu,2,18,11.35,0.05,1.67308
1638,dqn,3,51.0546,10.74,18563,cpu,3,45,22.69,0.05,1.664757
1639,dqn,3,51.0804,10.9,18563,cpu,10,74,94.27,0.05,0.694372
1640,dqn,3,51.1368,11.0,18563,cpu,18,160,180.69,0.05,0.757606
1641,dqn,3,51.1567,10.7,18563,cpu,6,57,53.1,0.05,1.356069
1642,dqn,3,51.212,10.74,18563,cpu,18,157,180.82,0.05,0.636243
1643,dqn,3,51.2798,10.94,18563,cpu,21,193,212.79,0.05,1.330916
1644,dqn,3,51.3071,10.78,18563,cpu,10,78,95.03,0.05,0.905539
1645,dqn,3,51.3252,10.68,18563,cpu,8,52,73.67,0.05,0.643437
1646,dqn,3,51.3598,10.48,18563,cpu,12,99,115.74,0.05,1.159341
1647,dqn,3,51.3637,10.34,18563,cpu,3,11,20.63,0.05,1.36994
1648,dqn,3,51.4203,10.44,18563,cpu,19,162,190.58,0.05,1.282254
1649,dqn,3,51.4279,10.22,18563,cpu,2,22,11.11,0.05,0.729253
1650,dqn,3,51.5366,10.54,18563,cpu,31,309,315.73,0.05,0.476501
1651,dqn,3,51.5768,10.6,18563,cpu,15,114,148.02,0.05,0.685238
1652,dqn,3,51.5911,10.48,18563,cpu,3,41,22.73,0.05,1.328899
1653,dqn,3,51.6334,10.48,18563,cpu,13,121,128.23,0.05,0.891479
1654,dqn,3,51.6768,10.54,18563,cpu,17,124,169.14,0.05,0.321706
1655,dqn,3,51.6838,10.46,18563,cpu,3,20,21.04,0.05,1.839608
1656,dqn,3,51.6929,10.46,18563,cpu,2,26,12.07,0.05,0.42546
1657,dqn,3,51.7378,10.62,18563,cpu,11,129,109.93,0.05,1.181592
1658,dqn,3,51.7472,10.62,18563,cpu,3,27,22.07,0.05,0.797451
1659,dqn,3,51.769,10.66,18563,cpu,8,62,74.37,0.05,0.872663
1660,dqn,3,51.7845,10.58,18563,cpu,7,44,62.64,0.05,1.55893
1661,dqn,3,51.8225,10.54,18563,cpu,16,108,157.99,0.05,1.342102
1662,dqn,3,51.8472,10.58,18563,cpu,8,70,75.29,0.05,0.778705
1663,dqn,3,51.8855,10.66,18563,cpu,14,109,138.06,0.05,0.805075
1664,dqn,3,51.889,10.58,18563,cpu,2,10,10.43,0.05,0.631845
1665,dqn,3,51.8963,10.42,18563,cpu,3,21,21.13,0.05,0.694918
1666,dqn,3,51.9423,10.64,18563,cpu,17,131,167.57,0.05,1.213946
1667,dqn,3,51.9623,10.62,18563,cpu,10,57,93.74,0.05,1.249319
1668,dqn,3,51.9722,10.52,18563,cpu,3,28,21.96,0.05,0.700017
1669,dqn,3,51.992,10.6,18563,cpu,9,57,83.43,0.05,1.141549
1670,dqn,3,52.0158,10.64,18563,cpu,12,68,113.95,0.05,1.065221
1671,dqn,3,52.0252,10.36,18563,cpu,5,27,41.89,0.05,1.09017
1672,dqn,3,52.0335,10.24,18563,cpu,3,24,21.6,0.05,1.341875
1673,dqn,3,52.0682,10.24,18563,cpu,13,99,127.05,0.05,0.93292
1674,dqn,3,52.1336,10.5,18563,cpu,21,188,211.14,0.05,1.352032
1675,dqn,3,52.1821,10.64,18563,cpu,14,139,138.36,0.05,1.8521
1676,dqn,3,52.2054,10.72,18563,cpu,8,67,74.62,0.05,1.748304
1677,dqn,3,52.2746,10.9,18563,cpu,22,198,221.75,0.05,1.019073
1678,dqn,3,52.3238,10.86,18563,cpu,18,141,178.78,0.05,1.388106
1679,dqn,3,52.3277,10.54,18563,cpu,1,11,0.81,0.05,0.626296
1680,dqn,3,52.354,10.46,18563,cpu,11,75,105.47,0.05,1.596469
1681,dqn,3,52.3989,10.64,18563,cpu,17,128,168.7,0.05,0.799518
1682,dqn,3,52.4582,10.74,18563,cpu,20,170,201.41,0.05,1.400319
1683,dqn,3,52.4903,10.84,18563,cpu,15,91,145.55,0.05,0.967362
1684,dqn,3,52.4968,10.56,18563,cpu,1,19,1.33,0.05,1.268954
1685,dqn,3,52.5316,10.5,18563,cpu,11,99,107.03,0.05,1.366295
1686,dqn,3,52.5884,10.84,18563,cpu,23,161,230.33,0.05,0.410185
1687,dqn,3,52.6831,11.36,18563,cpu,28,270,285.29,0.05,0.770528
1688,dqn,3,52.7155,11.54,18563,cpu,12,93,116.8,0.05,1.085035
1689,dqn,3,52.7287,11.44,18563,cpu,5,38,42.68,0.05,0.393312
1690,dqn,3,52.798,11.58,18563,cpu,25,198,253.68,0.05,1.311121
1691,dqn,3,52.8358,11.72,18563,cpu,13,108,127.86,0.05,2.197119
1692,dqn,3,52.8435,11.44,18563,cpu,4,22,31.33,0.05,0.951392
1693,dqn,3,52.8662,11.22,18563,cpu,10,65,94.26,0.05,1.348143
1694,dqn,3,52.8697,11.04,18563,cpu,1,10,0.72,0.05,1.453639
1695,dqn,3,52.8857,10.98,18563,cpu,5,46,43.2,0.05,0.981914
1696,dqn,3,52.927,11.08,18563,cpu,17,118,167.8,0.05,2.271434
1697,dqn,3,52.977,11.38,18563,cpu,18,143,178.56,0.05,0.840782
1698,dqn,3,53.0099,11.26,18563,cpu,13,93,126.51,0.05,0.645463
1699,dqn,3,53.0759,11.62,18563,cpu,20,186,200.05,0.05,0.810353
1700,dqn,3,53.1135,11.32,18563,cpu,16,106,156.41,0.05,0.624246
1701,dqn,3,53.1682,11.38,18563,cpu,18,155,180.24,0.05,0.737055
1702,dqn,3,53.1781,11.38,18563,cpu,3,28,22.16,0.05,1.718675
1703,dqn,3,53.1999,11.26,18563,cpu,7,62,63.26,0.05,0.724563
1704,dqn,3,53.2103,10.98,18563,cpu,3,30,22.14,0.05,1.948254
1705,dqn,3,53.2232,11.08,18563,cpu,8,36,72.43,0.05,0.585983
1706,dqn,3,53.226,11.04,18563,cpu,0,8,-9.57,0.05,1.280186
1707,dqn,3,53.2803,11.12,18563,cpu,15,154,149.62,0.05,1.194392
1708,dqn,3,53.2824,11.06,18563,cpu,0,6,-9.55,0.05,1.250214
1709,dqn,3,53.3064,11.06,18563,cpu,8,68,74.91,0.05,0.697606
1710,dqn,3,53.3113,10.98,18563,cpu,3,14,20.9,0.05,0.79548
1711,dqn,3,53.3309,10.82,18563,cpu,8,56,74.03,0.05,1.305326
1712,dqn,3,53.3523,10.8,18563,cpu,7,61,64.17,0.05,1.806595
1713,dqn,3,53.3923,10.86,18563,cpu,17,113,166.75,0.05,0.418503
1714,dqn,3,53.4164,10.96,18563,cpu,7,69,65.29,0.05,0.573274
1715,dqn,3,53.4936,11.4,18563,cpu,25,216,251.9,0.05,2.974307
1716,dqn,3,53.5422,11.4,18563,cpu,17,137,165.71,0.05,0.984064
1717,dqn,3,53.5544,11.26,18563,cpu,3,34,22.5,0.05,1.432567
1718,dqn,3,53.6249,11.68,18563,cpu,24,201,240.24,0.05,0.873097
1719,dqn,3,53.6367,11.58,18563,cpu,4,33,32.52,0.05,1.094768
1720,dqn,3,53.665,11.48,18563,cpu,7,81,64.57,0.05,1.144099
1721,dqn,3,53.7275,11.8,18563,cpu,21,177,212.15,0.05,1.0774
1722,dqn,3,53.8135,12.26,18563,cpu,26,244,266.93,0.05,1.478143
1723,dqn,3,53.8529,12.28,18563,cpu,14,112,137.93,0.05,1.762908
1724,dqn,3,53.8759,12.04,18563,cpu,9,66,84.24,0.05,0.64091
1725,dqn,3,53.8964,11.9,18563,cpu,7,58,64.3,0.05,1.695654
1726,dqn,3,53.926,11.96,18563,cpu,11,84,105.68,0.05,1.244081
1727,dqn,3,53.9606,11.74,18563,cpu,11,99,107.63,0.05,1.693986
1728,dqn,3,53.9649,11.4,18563,cpu,1,12,0.9,0.05,1.230051
1729,dqn,3,54.0361,11.84,18563,cpu,23,203,231.31,0.05,1.672533
1730,dqn,3,54.0825,12.02,18563,cpu,20,131,197.5,0.05,0.764575
1731,dqn,3,54.1156,11.94,18563,cpu,13,95,125.49,0.05,0.869663
1732,dqn,3,54.1483,11.82,18563,cpu,14,93,134.82,0.05,1.586299
1733,dqn,3,54.1928,11.86,18563,cpu,17,126,169.12,0.05,1.291291
1734,dqn,3,54.2068,11.98,18563,cpu,7,40,62.68,0.05,2.451748
1735,dqn,3,54.2202,11.84,18563,cpu,4,38,32.57,0.05,0.607434
1736,dqn,3,54.2511,11.6,18563,cpu,11,88,105.24,0.05,0.927037
1737,dqn,3,54.2936,11.32,18563,cpu,14,121,138.54,0.05,0.633916
1738,dqn,3,54.3224,11.28,18563,cpu,10,82,95.39,0.05,1.693666
1739,dqn,3,54.3489,11.38,18563,cpu,10,75,95.56,0.05,0.701787
1740,dqn,3,54.411,11.34,18563,cpu,23,176,230.68,0.05,1.125951
1741,dqn,3,54.4183,11.14,18563,cpu,3,21,21.33,0.05,0.581438
1742,dqn,3,54.4272,11.14,18563,cpu,4,25,31.4,0.05,1.481711
1743,dqn,3,54.4314,10.98,18563,cpu,2,12,10.61,0.05,2.101623
1744,dqn,3,54.467,11.18,18563,cpu,11,101,107.21,0.05,1.130912
1745,dqn,3,54.4936,11.28,18563,cpu,10,75,93.96,0.05,1.542256
1746,dqn,3,54.5104,11.08,18563,cpu,7,47,63.31,0.05,1.171522
1747,dqn,3,54.5239,10.86,18563,cpu,7,38,62.3,0.05,0.976673
1748,dqn,3,54.5309,10.64,18563,cpu,2,20,11.53,0.05,1.063669
1749,dqn,3,54.5801,10.54,18563,cpu,15,139,150.47,0.05,1.439564
1750,dqn,3,54.5921,10.34,18563,cpu,6,34,52.43,0.05,0.51819
1751,dqn,3,54.6318,10.22,18563,cpu,12,112,116.11,0.05,0.901396
1752,dqn,3,54.6504,10.32,18563,cpu,8,52,73.87,0.05,1.086028
1753,dqn,3,54.6792,10.46,18563,cpu,14,81,134.74,0.05,1.428947
1754,dqn,3,54.7002,10.56,18563,cpu,8,59,73.9,0.05,0.835498
1755,dqn,3,54.7176,10.52,18563,cpu,6,48,53.49,0.05,0.457772
1756,dqn,3,54.728,10.6,18563,cpu,4,29,32.16,0.05,1.02035
1757,dqn,3,54.7471,10.46,18563,cpu,8,54,73.45,0.05,0.804829
1758,dqn,3,54.8005,10.8,18563,cpu,17,150,170.28,0.05,1.508588
1759,dqn,3,54.8568,11.0,18563,cpu,18,159,178.8,0.05,0.854514
1760,dqn,3,54.8915,11.16,18563,cpu,11,98,106.74,0.05,0.77275
1761,dqn,3,54.947,11.36,18563,cpu,18,158,179.11,0.05,1.551372
1762,dqn,3,54.9705,11.48,18563,cpu,13,66,123.68,0.05,1.208921
1763,dqn,3,54.9873,11.3,18563,cpu,8,48,73.31,0.05,1.264716
1764,dqn,3,55.035,11.52,18563,cpu,18,135,178.04,0.05,0.905962
1765,dqn,3,55.0653,11.22,18563,cpu,10,86,95.35,0.05,2.347543
1766,dqn,3,55.1147,11.22,18563,cpu,17,141,168.87,0.05,1.497354
1767,dqn,3,55.1305,11.24,18563,cpu,4,45,31.6,0.05,0.841235
1768,dqn,3,55.1763,11.04,18563,cpu,14,131,137.84,0.05,0.87389
1769,dqn,3,55.2143,11.26,18563,cpu,15,108,146.48,0.05,1.399645
1770,dqn,3,55.2403,11.3,18563,cpu,9,74,85.36,0.05,0.592988
1771,dqn,3,55.2897,11.22,18563,cpu,17,140,169.18,0.05,1.089649
1772,dqn,3,55.3124,10.86,18563,cpu,8,64,74.95,0.05,1.633231
1773,dqn,3,55.3586,10.84,18563,cpu,13,132,129.02,0.05,1.051892
1774,dqn,3,55.4279,11.16,18563,cpu,25,197,250.99,0.05,0.531827
1775,dqn,3,55.4515,11.22,18563,cpu,10,66,94.55,0.05,1.188563
1776,dqn,3,55.5037,11.36,18563,cpu,18,146,181.23,0.05,1.122554
1777,dqn,3,55.5155,11.28,18563,cpu,7,33,62.05,0.05,1.179959
1778,dqn,3,55.5816,11.68,18563,cpu,21,186,210.56,0.05,1.434527
1779,dqn,3,55.617,11.5,18563,cpu,14,100,136.25,0.05,1.11998
1780,dqn,3,55.6403,11.22,18563,cpu,6,66,55.31,0.05,0.685085
1781,dqn,3,55.6654,11.14,18563,cpu,9,71,85.49,0.05,1.238389
1782,dqn,3,55.705,11.12,18563,cpu,13,113,128.31,0.05,1.903321
1783,dqn,3,55.7187,10.92,18563,cpu,7,39,62.19,0.05,1.33113
1784,dqn,3,55.7483,11.0,18563,cpu,11,84,105.28,0.05,0.886878
1785,dqn,3,55.7798,11.18,18563,cpu,13,89,125.75,0.05,0.793522
1786,dqn,3,55.8282,11.32,18563,cpu,18,137,178.22,0.05,0.568912
1787,dqn,3,55.8978,11.5,18563,cpu,23,196,231.08,0.05,0.893305
1788,dqn,3,55.9725,11.8,18563,cpu,25,212,252.74,0.05,0.81795
1789,dqn,3,56.0093,11.9,18563,cpu,15,105,146.61,0.05,1.25802
1790,dqn,3,56.0206,11.52,18563,cpu,4,32,32.43,0.05,1.303145
1791,dqn,3,56.0355,11.58,18563,cpu,6,43,52.84,0.05,1.078981
1792,dqn,3,56.0478,11.56,18563,cpu,3,35,22.59,0.05,0.555832
1793,dqn,3,56.0604,11.58,18563,cpu,3,36,22.28,0.05,1.1032
1794,dqn,3,56.0886,11.54,18563,cpu,9,81,85.19,0.05,1.763006
1795,dqn,3,56.1175,11.56,18563,cpu,11,82,105.9,0.05,1.04898
1796,dqn,3,56.1251,11.48,18563,cpu,3,22,21.22,0.05,1.854885
1797,dqn,3,56.1609,11.64,18563,cpu,15,102,146.74,0.05,1.370039
1798,dqn,3,56.1982,11.9,18563,cpu,15,106,145.7,0.05,1.613762
1799,dqn,3,56.2105,11.7,18563,cpu,5,35,41.81,0.05,0.571049
1800,dqn,3,56.2426,11.84,18563,cpu,13,91,126.13,0.05,1.689012
1801,dqn,3,56.2626,11.74,18563,cpu,7,57,64.21,0.05,0.85384
1802,dqn,3,56.27,11.66,18563,cpu,4,21,31.44,0.05,1.366637
1803,dqn,3,56.335,11.8,18563,cpu,21,185,210.47,0.05,0.883592
1804,dqn,3,56.3753,11.94,18563,cpu,15,115,147.91,0.05,1.353903
1805,dqn,3,56.4083,12.06,18563,cpu,12,94,116.69,0.05,0.863839
1806,dqn,3,56.4398,12.22,18563,cpu,12,90,115.93,0.05,1.545317
1807,dqn,3,56.4959,12.44,18563,cpu,19,159,189.51,0.05,1.338085
1808,dqn,3,56.522,12.24,18563,cpu,7,74,63.74,0.05,2.378418
1809,dqn,3,56.5428,12.04,18563,cpu,8,59,74.5,0.05,0.520589
1810,dqn,3,56.554,11.86,18563,cpu,2,31,11.72,0.05,1.915369
1811,dqn,3,56.5901,11.76,18563,cpu,13,102,127.52,0.05,0.199029
1812,dqn,3,56.637,11.8,18563,cpu,15,133,147.33,0.05,0.788136
1813,dqn,3,56.655,11.82,18563,cpu,9,51,83.09,0.05,0.455933
1814,dqn,3,56.6724,11.56,18563,cpu,5,50,43.56,0.05,1.797077
1815,dqn,3,56.7275,11.76,18563,cpu,20,156,199.55,0.05,0.703087
1816,dqn,3,56.7328,11.46,18563,cpu,2,15,11.08,0.05,0.91715
1817,dqn,3,56.758,11.54,18563,cpu,8,72,74.87,0.05,0.985695
1818,dqn,3,56.815,11.68,18563,cpu,21,162,211.2,0.05,0.927138
1819,dqn,3,56.8516,11.64,18563,cpu,13,104,127.1,0.05,1.309739
1820,dqn,3,56.874,11.62,18563,cpu,8,64,74.55,0.05,1.126731
1821,dqn,3,56.9301,11.66,18563,cpu,19,160,191.0,0.05,1.157151
1822,dqn,3,56.9829,11.92,18563,cpu,21,150,210.72,0.05,1.537337
1823,dqn,3,56.992,11.74,18563,cpu,4,26,31.69,0.05,0.622428
1824,dqn,3,56.998,11.28,18563,cpu,2,17,10.86,0.05,1.153407
1825,dqn,3,57.0707,11.5,18563,cpu,21,207,211.05,0.05,0.918861
1826,dqn,3,57.1353,11.56,18563,cpu,21,184,208.98,0.05,0.691041
1827,dqn,3,57.1724,11.68,18563,cpu,13,106,127.08,0.05,0.578777
1828,dqn,3,57.2071,11.58,18563,cpu,16,98,157.09,0.05,1.228479
1829,dqn,3,57.2505,11.62,18563,cpu,16,124,157.43,0.05,0.390482
1830,dqn,3,57.2899,11.8,18563,cpu,15,113,148.33,0.05,0.970384
1831,dqn,3,57.3074,11.76,18563,cpu,7,50,63.38,0.05,0.841148
1832,dqn,3,57.3555,11.8,18563,cpu,15,138,149.18,0.05,1.509151
1833,dqn,3,57.3919,12.0,18563,cpu,17,104,167.34,0.05,1.189078
1834,dqn,3,57.452,12.18,18563,cpu,20,172,200.79,0.05,0.967687
1835,dqn,3,57.4611,11.98,18563,cpu,3,26,21.98,0.05,0.977582
1836,dqn,3,57.5475,12.14,18563,cpu,26,247,263.2,0.05,1.183745
1837,dqn,3,57.5895,11.96,18563,cpu,14,119,138.36,0.05,0.827758
1838,dqn,3,57.6062,11.62,18563,cpu,8,47,73.42,0.05,0.399953
1839,dqn,3,57.619,11.44,18563,cpu,6,37,52.7,0.05,0.840102
1840,dqn,3,57.6794,11.76,18563,cpu,20,172,200.59,0.05,1.253966
1841,dqn,3,57.7555,12.08,18563,cpu,22,217,221.66,0.05,1.374442
1842,dqn,3,57.8093,12.32,18563,cpu,15,152,148.24,0.05,1.0884
1843,dqn,3,57.8414,12.5,18563,cpu,12,92,116.71,0.05,1.83019
1844,dqn,3,57.8685,12.46,18563,cpu,7,77,65.41,0.05,1.376646
1845,dqn,3,57.8906,12.4,18563,cpu,8,63,73.06,0.05,0.81573
1846,dqn,3,57.9318,12.6,18563,cpu,13,118,125.36,0.05,0.98688
1847,dqn,3,57.9425,12.38,18563,cpu,4,31,31.34,0.05,1.570888
1848,dqn,3,57.992,12.38,18563,cpu,15,142,149.54,0.05,0.471874
1849,dqn,3,58.0266,12.54,18563,cpu,13,99,126.45,0.05,0.92248
1850,dqn,3,58.0492,12.44,18563,cpu,8,65,74.84,0.05,1.631958
1851,dqn,3,58.105,12.68,18563,cpu,19,159,188.11,0.05,1.180735
1852,dqn,3,58.1398,12.9,18563,cpu,15,99,146.47,0.05,1.041349
1853,dqn,3,58.1804,12.74,18563,cpu,13,116,127.38,0.05,0.822984
1854,dqn,3,58.2164,12.66,18563,cpu,11,103,107.39,0.05,0.445681
1855,dqn,3,58.2396,12.58,18563,cpu,8,67,75.22,0.05,1.577126
1856,dqn,3,58.2629,12.5,18563,cpu,8,67,75.02,0.05,1.551563
1857,dqn,3,58.2649,12.12,18563,cpu,0,6,-9.55,0.05,1.458552
1858,dqn,3,58.2988,12.24,18563,cpu,13,97,126.87,0.05,2.390111
1859,dqn,3,58.3113,12.18,18563,cpu,5,36,42.5,0.05,1.487164
1860,dqn,3,58.3646,12.5,18563,cpu,18,153,180.66,0.05,1.141125
1861,dqn,3,58.4067,12.5,18563,cpu,13,120,128.54,0.05,1.371293
1862,dqn,3,58.4623,12.6,18563,cpu,20,159,200.82,0.05,1.630345
1863,dqn,3,58.4651,12.42,18563,cpu,0,8,-9.37,0.05,0.840757
1864,dqn,3,58.4987,12.56,18563,cpu,12,96,117.47,0.05,0.436194
1865,dqn,3,58.5036,12.2,18563,cpu,2,14,10.79,0.05,0.382904
1866,dqn,3,58.5282,12.4,18563,cpu,12,70,113.73,0.05,1.221181
1867,dqn,3,58.5345,12.3,18563,cpu,3,18,21.06,0.05,0.963912
1868,dqn,3,58.552,12.04,18563,cpu,8,50,73.49,0.05,1.546064
1869,dqn,3,58.6071,12.12,18563,cpu,17,156,169.42,0.05,2.120977
1870,dqn,3,58.6844,12.44,18563,cpu,24,221,242.44,0.05,2.093578
1871,dqn,3,58.7022,12.2,18563,cpu,7,51,63.87,0.05,1.164572
1872,dqn,3,58.7149,11.9,18563,cpu,6,36,52.41,0.05,0.991933
1873,dqn,3,58.7471,12.12,18563,cpu,15,92,145.04,0.05,1.373794
1874,dqn,3,58.7722,12.26,18563,cpu,9,72,84.78,0.05,1.270731
1875,dqn,3,58.7754,11.88,18563,cpu,2,9,10.54,0.05,0.614272
1876,dqn,3,58.8302,11.84,18563,cpu,19,156,190.64,0.05,1.090725
1877,dqn,3,58.8631,11.82,18563,cpu,12,94,116.69,0.05,0.30748
1878,dqn,3,58.8901,11.72,18563,cpu,11,77,104.65,0.05,0.500535
1879,dqn,3,58.9145,11.54,18563,cpu,7,70,64.58,0.05,1.223294
1880,dqn,3,58.9176,11.26,18563,cpu,1,9,0.63,0.05,1.202303
1881,dqn,3,58.9672,11.48,18563,cpu,18,142,179.87,0.05,1.150254
1882,dqn,3,58.9966,11.4,18563,cpu,11,84,105.48,0.05,0.710737
1883,dqn,3,59.0092,11.12,18563,cpu,3,36,22.28,0.05,1.675682
1884,dqn,3,59.0616,11.18,18563,cpu,23,150,229.74,0.05,1.212567
1885,dqn,3,59.135,11.62,18563,cpu,25,210,252.56,0.05,0.666023
1886,dqn,3,59.1587,11.32,18563,cpu,11,68,104.44,0.05,1.298865
1887,dqn,3,59.2052,11.36,18563,cpu,16,133,159.64,0.05,1.903802
1888,dqn,3,59.2305,11.4,18563,cpu,10,73,95.18,0.05,0.925424
1889,dqn,3,59.2438,11.4,18563,cpu,6,38,52.19,0.05,0.259386
1890,dqn,3,59.2797,11.26,18563,cpu,13,103,127.01,0.05,1.002925
1891,dqn,3,59.3235,11.08,18563,cpu,13,126,127.28,0.05,1.231468
1892,dqn,3,59.3391,10.9,18563,cpu,6,45,53.02,0.05,1.155318
1893,dqn,3,59.3687,10.88,18563,cpu,11,83,106.19,0.05,2.358982
1894,dqn,3,59.3844,10.86,18563,cpu,6,45,52.42,0.05,1.131557
1895,dqn,3,59.421,10.96,18563,cpu,13,105,125.19,0.05,1.171879
1896,dqn,3,59.4238,10.72,18563,cpu,1,8,0.54,0.05,1.155308
1897,dqn,3,59.4378,10.76,18563,cpu,6,40,51.97,0.05,0.470428
1898,dqn,3,59.4622,10.6,18563,cpu,7,70,64.18,0.05,0.384268
1899,dqn,3,59.4792,10.48,18563,cpu,7,48,63.4,0.05,0.480129
1900,dqn,3,59.51,10.54,18563,cpu,11,88,106.24,0.05,0.397946
1901,dqn,3,59.5389,10.4,18563,cpu,12,82,115.01,0.05,0.896569
1902,dqn,3,59.5795,10.4,18563,cpu,15,116,148.6,0.05,0.554934
1903,dqn,3,59.6204,10.36,18563,cpu,11,117,108.25,0.05,0.53047
1904,dqn,3,59.6235,10.2,18563,cpu,3,9,20.25,0.05,0.588144
1905,dqn,3,59.6364,10.12,18563,cpu,4,37,32.08,0.05,1.468526
1906,dqn,3,59.646,10.0,18563,cpu,2,27,11.96,0.05,1.084757
1907,dqn,3,59.6877,10.3,18563,cpu,15,119,147.47,0.05,0.658571
1908,dqn,3,59.708,10.18,18563,cpu,7,58,63.9,0.05,1.872674
1909,dqn,3,59.7556,10.42,18563,cpu,17,136,167.42,0.05,1.027933
1910,dqn,3,59.7846,10.24,18563,cpu,9,83,85.77,0.05,0.949711
1911,dqn,3,59.8119,10.12,18563,cpu,7,78,65.3,0.05,2.347547
1912,dqn,3,59.8495,10.04,18563,cpu,16,107,157.3,0.05,0.868452
1913,dqn,3,59.8642,10.16,18563,cpu,6,42,52.15,0.05,0.840529
1914,dqn,3,59.9129,10.28,18563,cpu,18,139,179.2,0.05,1.131288
1915,dqn,3,59.927,10.38,18563,cpu,7,40,62.48,0.05,1.126255
1916,dqn,3,59.9505,10.28,18563,cpu,7,67,63.31,0.05,0.588561
1917,dqn,3,60.0292,10.78,18563,cpu,28,224,283.75,0.05,1.777968
1918,dqn,3,60.0639,10.96,18563,cpu,17,99,166.89,0.05,1.176139
1919,dqn,3,60.0733,10.7,18563,cpu,4,27,31.78,0.05,1.287173
1920,dqn,3,60.0979,10.5,18563,cpu,14,70,134.55,0.05,1.055358
1921,dqn,3,60.111,10.48,18563,cpu,6,37,52.5,0.05,2.246718
1922,dqn,3,60.1646,10.74,18563,cpu,19,153,189.57,0.05,0.963615
1923,dqn,3,60.1747,10.54,18563,cpu,5,29,41.87,0.05,0.897571
1924,dqn,3,60.1996,10.5,18563,cpu,7,70,64.78,0.05,1.082334
1925,dqn,3,60.2249,10.62,18563,cpu,8,71,75.18,0.05,1.126033
1926,dqn,3,60.291,10.6,18563,cpu,18,185,178.34,0.05,0.557531
1927,dqn,3,60.3484,10.72,18563,cpu,18,161,180.58,0.05,1.110524
1928,dqn,3,60.4023,10.82,18563,cpu,16,152,160.75,0.05,0.140323
1929,dqn,3,60.4255,10.86,18563,cpu,9,66,84.24,0.05,1.524901
1930,dqn,3,60.4611,11.1,18563,cpu,13,100,126.74,0.05,0.501248
1931,dqn,3,60.4781,10.9,18563,cpu,8,47,72.82,0.05,2.268976
1932,dqn,3,60.5018,10.84,18563,cpu,8,67,73.82,0.05,0.244381
1933,dqn,3,60.561,11.14,18563,cpu,18,165,180.54,0.05,0.660118
1934,dqn,3,60.5767,10.8,18563,cpu,6,44,53.13,0.05,1.335463
1935,dqn,3,60.5795,10.3,18563,cpu,0,8,-9.37,0.05,1.123115
1936,dqn,3,60.6175,10.32,18563,cpu,12,107,116.06,0.05,1.121744
1937,dqn,3,60.6544,10.28,18563,cpu,14,104,136.61,0.05,0.295582
1938,dqn,3,60.6808,10.22,18563,cpu,7,75,64.43,0.05,1.351498
1939,dqn,3,60.7028,10.22,18563,cpu,6,63,53.44,0.05,0.534459
1940,dqn,3,60.7375,10.18,18563,cpu,11,98,107.14,0.05,1.64
1941,dqn,3,60.8058,10.4,18563,cpu,24,193,240.92,0.05,1.482607
1942,dqn,3,60.8224,10.44,18563,cpu,8,47,72.22,0.05,1.61164
1943,dqn,3,60.8489,10.46,18563,cpu,12,75,114.78,0.05,1.171968
1944,dqn,3,60.8751,10.54,18563,cpu,10,75,95.16,0.05,1.868785
1945,dqn,3,60.8929,10.44,18563,cpu,8,51,73.18,0.05,1.957368
1946,dqn,3,60.9119,10.6,18563,cpu,9,54,83.16,0.05,1.44361
1947,dqn,3,60.9289,10.62,18563,cpu,7,48,63.0,0.05,1.000237
1948,dqn,3,60.9455,10.6,18563,cpu,6,47,53.0,0.05,0.896842
1949,dqn,3,60.9842,10.7,18563,cpu,12,110,117.53,0.05,0.863074
1950,dqn,3,61.0395,10.84,18563,cpu,18,157,180.42,0.05,1.55095
1951,dqn,3,61.0578,10.74,18563,cpu,7,52,63.96,0.05,0.62161
1952,dqn,3,61.1007,10.76,18563,cpu,16,122,158.85,0.05,1.022545
1953,dqn,3,61.1421,10.84,18563,cpu,15,118,146.98,0.05,0.438686
1954,dqn,3,61.1457,10.82,18563,cpu,2,10,10.63,0.05,1.475951
1955,dqn,3,61.1559,10.82,18563,cpu,4,29,31.16,0.05,1.295657
1956,dqn,3,61.1883,11.02,18563,cpu,12,92,115.91,0.05,1.119215
1957,dqn,3,61.2025,10.84,18563,cpu,6,40,52.97,0.05,0.443335
1958,dqn,3,61.2241,10.84,18563,cpu,7,62,63.66,0.05,1.690565
1959,dqn,3,61.2724,10.8,18563,cpu,15,137,150.09,0.05,0.612114
1960,dqn,3,61.3059,10.86,18563,cpu,12,95,116.18,0.05,1.024529
1961,dqn,3,61.3669,11.14,18563,cpu,21,173,209.19,0.05,0.871885
1962,dqn,3,61.3887,11.02,18563,cpu,10,62,93.59,0.05,0.522525
1963,dqn,3,61.4252,11.14,18563,cpu,12,104,117.19,0.05,0.544295
1964,dqn,3,61.4394,10.88,18563,cpu,5,40,42.66,0.05,0.521713
1965,dqn,3,61.4666,10.98,18563,cpu,12,77,114.76,0.05,0.867036
1966,dqn,3,61.4916,11.02,18563,cpu,9,70,84.8,0.05,1.318052
1967,dqn,3,61.5364,10.78,18563,cpu,16,126,157.41,0.05,1.66581
1968,dqn,3,61.553,10.58,18563,cpu,7,47,63.11,0.05,0.683694
1969,dqn,3,61.567,10.62,18563,cpu,6,39,52.68,0.05,1.112628
1970,dqn,3,61.6158,10.74,18563,cpu,20,138,198.13,0.05,0.879563
1971,dqn,3,61.6423,10.8,18563,cpu,9,75,84.25,0.05,1.577466
1972,dqn,3,61.6877,10.76,18563,cpu,17,128,167.9,0.05,0.606559
1973,dqn,3,61.7279,10.96,18563,cpu,15,113,148.33,0.05,1.215972
1974,dqn,3,61.7809,11.2,18563,cpu,19,151,189.39,0.05,0.369395
1975,dqn,3,61.8144,11.32,18563,cpu,14,95,136.0,0.05,2.437309
1976,dqn,3,61.8677,11.3,18563,cpu,17,152,170.26,0.05,0.570031
1977,dqn,3,61.9028,11.18,18563,cpu,12,100,115.83,0.05,1.039186
1978,dqn,3,61.9498,11.14,18563,cpu,14,134,139.91,0.05,1.054204
1979,dqn,3,62.0004,11.3,18563,cpu,17,144,170.34,0.05,1.920047
1980,dqn,3,62.0232,11.2,18563,cpu,8,65,74.24,0.05,0.459288
1981,dqn,3,62.0877,11.44,18563,cpu,20,184,201.67,0.05,0.58871
1982,dqn,3,62.12,11.52,18563,cpu,12,92,115.71,0.05,0.841662
1983,dqn,3,62.1802,11.6,18563,cpu,22,171,221.32,0.05,1.827601
1984,dqn,3,62.2006,11.6,18563,cpu,6,58,54.59,0.05,0.893762
1985,dqn,3,62.2206,11.8,18563,cpu,10,57,93.14,0.05,0.842652
1986,dqn,3,62.24,11.66,18563,cpu,5,55,42.61,0.05,1.099465
1987,dqn,3,62.2621,11.54,18563,cpu,8,63,74.46,0.05,1.416254
1988,dqn,3,62.3165,11.8,18563,cpu,20,156,199.95,0.05,0.908971
1989,dqn,3,62.3453,11.96,18563,cpu,14,82,135.03,0.05,1.949078
1990,dqn,3,62.377,11.94,18563,cpu,10,91,96.2,0.05,0.406105
1991,dqn,3,62.4032,11.6,18563,cpu,7,75,64.23,0.05,0.609121
1992,dqn,3,62.4216,11.56,18563,cpu,6,53,52.14,0.05,0.891948
1993,dqn,3,62.4608,11.6,18563,cpu,14,112,137.33,0.05,1.287433
1994,dqn,3,62.4823,11.56,18563,cpu,8,61,74.28,0.05,1.395235
1995,dqn,3,62.5047,11.56,18563,cpu,8,64,74.75,0.05,1.102613
1996,dqn,3,62.5472,11.62,18563,cpu,12,121,117.12,0.05,1.522111
1997,dqn,3,62.6,11.82,18563,cpu,17,150,168.88,0.05,1.471459
1998,dqn,3,62.6574,12.1,18563,cpu,20,164,200.07,0.05,1.711587
1999,dqn,3,62.6623,11.88,18563,cpu,1,14,0.88,0.05,0.615745
2000,dqn,3,62.6836,11.7,18563,cpu,9,61,84.19,0.05,1.147084
