episode,model,seed,elapsed_seconds,moving_avg_score,model_size,device,score,steps,reward,epsilon,loss
1,random,3,0.0001,1.0,0,cpu,1,9,0.23,0.0,0.0
2,random,3,0.0002,0.5,0,cpu,0,8,-10.17,0.0,0.0
3,random,3,0.0003,0.3333,0,cpu,0,14,-10.43,0.0,0.0
4,random,3,0.0005,0.25,0,cpu,0,22,-10.51,0.0,0.0
5,random,3,0.0006,0.2,0,cpu,0,5,-10.44,0.0,0.0
6,random,3,0.0009,0.1667,0,cpu,0,39,-10.98,0.0,0.0
7,random,3,0.001,0.1429,0,cpu,0,15,-10.34,0.0,0.0
8,random,3,0.0012,0.125,0,cpu,0,22,-11.11,0.0,0.0
9,random,3,0.0013,0.1111,0,cpu,0,16,-10.45,0.0,0.0
10,random,3,0.0016,0.1,0,cpu,0,32,-10.81,0.0,0.0
11,random,3,0.0017,0.0909,0,cpu,0,11,-10.3,0.0,0.0
12,random,3,0.0018,0.0833,0,cpu,0,15,-9.54,0.0,0.0
13,random,3,0.002,0.0769,0,cpu,0,28,-10.37,0.0,0.0
14,random,3,0.0021,0.0714,0,cpu,0,11,-10.5,0.0,0.0
15,random,3,0.0024,0.0667,0,cpu,0,34,-10.03,0.0,0.0
16,random,3,0.0027,0.0625,0,cpu,0,39,-10.58,0.0,0.0
17,random,3,0.0028,0.0588,0,cpu,0,12,-9.81,0.0,0.0
18,random,3,0.0029,0.1111,0,cpu,1,7,0.05,0.0,0.0
19,random,3,0.0034,0.1579,0,cpu,1,62,-0.4,0.0,0.0
20,random,3,0.0035,0.2,0,cpu,1,18,-0.16,0.0,0.0
21,random,3,0.0037,0.1905,0,cpu,0,22,-10.11,0.0,0.0
22,random,3,0.0038,0.1818,0,cpu,0,9,-10.48,0.0,0.0
23,random,3,0.004,0.1739,0,cpu,0,25,-10.84,0.0,0.0
24,random,3,0.0042,0.2083,0,cpu,1,22,0.2,0.0,0.0
25,random,3,0.0042,0.28,0,cpu,2,7,10.16,0.0,0.0
26,random,3,0.0043,0.3077,0,cpu,1,10,-0.48,0.0,0.0
27,random,3,0.0045,0.2963,0,cpu,0,26,-10.55,0.0,0.0
28,random,3,0.0049,0.2857,0,cpu,0,47,-11.06,0.0,0.0
29,random,3,0.005,0.2759,0,cpu,0,13,-10.92,0.0,0.0
30,random,3,0.0052,0.2667,0,cpu,0,23,-10.62,0.0,0.0
31,random,3,0.0054,0.2581,0,cpu,0,26,-10.55,0.0,0.0
32,random,3,0.0056,0.25,0,cpu,0,24,-9.73,0.0,0.0
33,random,3,0.0057,0.2727,0,cpu,1,12,0.5,0.0,0.0
34,random,3,0.0058,0.2647,0,cpu,0,10,-10.59,0.0,0.0
35,random,3,0.0061,0.2857,0,cpu,1,38,0.04,0.0,0.0
36,random,3,0.0065,0.2778,0,cpu,0,53,-10.72,0.0,0.0
37,random,3,0.0066,0.2703,0,cpu,0,10,-10.79,0.0,0.0
38,random,3,0.0068,0.2632,0,cpu,0,19,-10.78,0.0,0.0
39,random,3,0.0069,0.2564,0,cpu,0,8,-10.77,0.0,0.0
40,random,3,0.007,0.25,0,cpu,0,20,-11.09,0.0,0.0
41,random,3,0.0072,0.2439,0,cpu,0,16,-10.25,0.0,0.0
42,random,3,0.0073,0.2381,0,cpu,0,23,-10.62,0.0,0.0
43,random,3,0.0074,0.2326,0,cpu,0,12,-10.41,0.0,0.0
44,random,3,0.0075,0.2273,0,cpu,0,7,-10.26,0.0,0.0
45,random,3,0.0078,0.2444,0,cpu,1,38,-0.36,0.0,0.0
46,random,3,0.0079,0.2391,0,cpu,0,10,-10.59,0.0,0.0
47,random,3,0.008,0.234,0,cpu,0,12,-9.81,0.0,0.0
48,random,3,0.0081,0.2292,0,cpu,0,9,-10.48,0.0,0.0
49,random,3,0.0082,0.2245,0,cpu,0,18,-10.87,0.0,0.0
50,random,3,0.0084,0.22,0,cpu,0,17,-10.96,0.0,0.0
51,random,3,0.0086,0.2,0,cpu,0,23,-10.42,0.0,0.0
52,random,3,0.0088,0.2,0,cpu,0,28,-10.77,0.0,0.0
53,random,3,0.009,0.2,0,cpu,0,26,-10.75,0.0,0.0
54,random,3,0.0091,0.2,0,cpu,0,8,-10.17,0.0,0.0
55,random,3,0.0092,0.2,0,cpu,0,14,-10.83,0.0,0.0
56,random,3,0.0093,0.2,0,cpu,0,8,-10.77,0.0,0.0
57,random,3,0.0094,0.22,0,cpu,1,17,-0.45,0.0,0.0
58,random,3,0.0095,0.22,0,cpu,0,9,-10.28,0.0,0.0
59,random,3,0.0096,0.22,0,cpu,0,9,-9.88,0.0,0.0
60,random,3,0.0097,0.22,0,cpu,0,9,-10.48,0.0,0.0
61,random,3,0.0099,0.22,0,cpu,0,29,-10.28,0.0,0.0
62,random,3,0.01,0.22,0,cpu,0,15,-10.94,0.0,0.0
63,random,3,0.0102,0.22,0,cpu,0,28,-9.97,0.0,0.0
64,random,3,0.0105,0.24,0,cpu,1,28,-0.06,0.0,0.0
65,random,3,0.0105,0.24,0,cpu,0,8,-9.97,0.0,0.0
66,random,3,0.0106,0.24,0,cpu,0,10,-10.39,0.0,0.0
67,random,3,0.0107,0.24,0,cpu,0,13,-10.52,0.0,0.0
68,random,3,0.0109,0.22,0,cpu,0,14,-10.43,0.0,0.0
69,random,3,0.0111,0.2,0,cpu,0,35,-10.54,0.0,0.0
70,random,3,0.0114,0.2,0,cpu,1,24,-0.02,0.0,0.0
71,random,3,0.0116,0.2,0,cpu,0,17,-10.76,0.0,0.0
72,random,3,0.0121,0.2,0,cpu,0,57,-10.36,0.0,0.0
73,random,3,0.0123,0.2,0,cpu,0,19,-10.78,0.0,0.0
74,random,3,0.0124,0.18,0,cpu,0,15,-10.54,0.0,0.0
75,random,3,0.0125,0.14,0,cpu,0,13,-10.12,0.0,0.0
76,random,3,0.0126,0.12,0,cpu,0,10,-10.99,0.0,0.0
77,random,3,0.0127,0.12,0,cpu,0,10,-10.19,0.0,0.0
78,random,3,0.0128,0.12,0,cpu,0,13,-10.72,0.0,0.0
79,random,3,0.0129,0.12,0,cpu,0,20,-10.09,0.0,0.0
80,random,3,0.013,0.12,0,cpu,0,18,-9.87,0.0,0.0
81,random,3,0.0135,0.12,0,cpu,0,57,-11.16,0.0,0.0
82,random,3,0.0135,0.12,0,cpu,0,5,-10.44,0.0,0.0
83,random,3,0.0137,0.1,0,cpu,0,19,-10.78,0.0,0.0
84,random,3,0.0139,0.1,0,cpu,0,21,-10.2,0.0,0.0
85,random,3,0.0139,0.08,0,cpu,0,6,-10.35,0.0,0.0
86,random,3,0.0141,0.08,0,cpu,0,15,-10.94,0.0,0.0
87,random,3,0.0141,0.08,0,cpu,0,6,-10.55,0.0,0.0
88,random,3,0.0142,0.08,0,cpu,0,7,-10.06,0.0,0.0
89,random,3,0.0148,0.08,0,cpu,0,80,-10.69,0.0,0.0
90,random,3,0.0149,0.1,0,cpu,1,12,0.3,0.0,0.0
91,random,3,0.0152,0.12,0,cpu,1,46,-0.84,0.0,0.0
92,random,3,0.0154,0.16,0,cpu,2,20,9.93,0.0,0.0
93,random,3,0.0155,0.16,0,cpu,0,16,-10.45,0.0,0.0
94,random,3,0.0156,0.16,0,cpu,0,7,-9.86,0.0,0.0
95,random,3,0.0159,0.14,0,cpu,0,34,-10.23,0.0,0.0
96,random,3,0.0159,0.14,0,cpu,0,6,-10.35,0.0,0.0
97,random,3,0.016,0.14,0,cpu,0,9,-9.88,0.0,0.0
98,random,3,0.0161,0.14,0,cpu,0,12,-10.81,0.0,0.0
99,random,3,0.0163,0.14,0,cpu,0,22,-10.11,0.0,0.0
100,random,3,0.0164,0.14,0,cpu,0,14,-10.43,0.0,0.0
101,random,3,0.0166,0.14,0,cpu,0,23,-10.62,0.0,0.0
102,random,3,0.0169,0.14,0,cpu,0,39,-10.98,0.0,0.0
103,random,3,0.0171,0.14,0,cpu,0,23,-10.22,0.0,0.0
104,random,3,0.0173,0.14,0,cpu,0,25,-10.44,0.0,0.0
105,random,3,0.0174,0.14,0,cpu,0,14,-10.43,0.0,0.0
106,random,3,0.0175,0.14,0,cpu,0,9,-10.68,0.0,0.0
107,random,3,0.0178,0.12,0,cpu,0,38,-10.67,0.0,0.0
108,random,3,0.018,0.12,0,cpu,0,32,-11.01,0.0,0.0
109,random,3,0.0183,0.12,0,cpu,0,36,-11.05,0.0,0.0
110,random,3,0.0185,0.12,0,cpu,0,24,-11.13,0.0,0.0
111,random,3,0.0187,0.12,0,cpu,0,27,-10.46,0.0,0.0
112,random,3,0.0188,0.12,0,cpu,0,21,-10.0,0.0,0.0
113,random,3,0.0191,0.12,0,cpu,0,35,-10.74,0.0,0.0
114,random,3,0.0192,0.1,0,cpu,0,9,-10.08,0.0,0.0
115,random,3,0.0194,0.1,0,cpu,0,22,-9.91,0.0,0.0
116,random,3,0.0196,0.1,0,cpu,0,23,-10.22,0.0,0.0
117,random,3,0.0197,0.1,0,cpu,0,14,-9.83,0.0,0.0
118,random,3,0.0198,0.1,0,cpu,0,7,-10.26,0.0,0.0
119,random,3,0.02,0.12,0,cpu,1,31,0.41,0.0,0.0
120,random,3,0.0201,0.1,0,cpu,0,8,-9.77,0.0,0.0
121,random,3,0.0204,0.1,0,cpu,0,30,-10.99,0.0,0.0
122,random,3,0.0204,0.1,0,cpu,0,10,-10.39,0.0,0.0
123,random,3,0.0206,0.1,0,cpu,0,20,-10.09,0.0,0.0
124,random,3,0.0207,0.1,0,cpu,0,7,-10.66,0.0,0.0
125,random,3,0.0209,0.1,0,cpu,0,33,-10.92,0.0,0.0
126,random,3,0.021,0.1,0,cpu,0,9,-10.68,0.0,0.0
127,random,3,0.0211,0.1,0,cpu,0,17,-10.36,0.0,0.0
128,random,3,0.0213,0.1,0,cpu,0,27,-10.46,0.0,0.0
129,random,3,0.0214,0.1,0,cpu,0,11,-10.3,0.0,0.0
130,random,3,0.0215,0.1,0,cpu,0,9,-10.88,0.0,0.0
131,random,3,0.0217,0.12,0,cpu,1,27,-0.75,0.0,0.0
132,random,3,0.0218,0.12,0,cpu,0,11,-10.3,0.0,0.0
133,random,3,0.0219,0.12,0,cpu,0,12,-10.21,0.0,0.0
134,random,3,0.0222,0.12,0,cpu,0,29,-9.68,0.0,0.0
135,random,3,0.0225,0.14,0,cpu,1,33,-0.01,0.0,0.0
136,random,3,0.0226,0.14,0,cpu,0,17,-10.16,0.0,0.0
137,random,3,0.0231,0.14,0,cpu,0,66,-9.95,0.0,0.0
138,random,3,0.0233,0.14,0,cpu,0,28,-10.57,0.0,0.0
139,random,3,0.0235,0.14,0,cpu,0,22,-9.71,0.0,0.0
140,random,3,0.0236,0.12,0,cpu,0,23,-11.02,0.0,0.0
141,random,3,0.0237,0.1,0,cpu,0,8,-10.57,0.0,0.0
142,random,3,0.0238,0.06,0,cpu,0,9,-10.28,0.0,0.0
143,random,3,0.0241,0.06,0,cpu,0,45,-10.84,0.0,0.0
144,random,3,0.0243,0.08,0,cpu,1,23,0.09,0.0,0.0
145,random,3,0.0244,0.08,0,cpu,0,11,-10.7,0.0,0.0
146,random,3,0.0246,0.08,0,cpu,0,19,-10.58,0.0,0.0
147,random,3,0.0247,0.08,0,cpu,0,16,-10.25,0.0,0.0
148,random,3,0.0249,0.08,0,cpu,0,30,-10.79,0.0,0.0
149,random,3,0.0252,0.08,0,cpu,0,42,-10.31,0.0,0.0
150,random,3,0.0254,0.08,0,cpu,0,18,-10.47,0.0,0.0
151,random,3,0.0256,0.08,0,cpu,0,35,-9.74,0.0,0.0
152,random,3,0.0259,0.08,0,cpu,0,26,-10.75,0.0,0.0
153,random,3,0.026,0.08,0,cpu,0,13,-10.92,0.0,0.0
154,random,3,0.0262,0.08,0,cpu,0,27,-11.06,0.0,0.0
155,random,3,0.0263,0.08,0,cpu,0,11,-10.5,0.0,0.0
156,random,3,0.0264,0.08,0,cpu,0,8,-10.37,0.0,0.0
157,random,3,0.0265,0.08,0,cpu,0,6,-10.55,0.0,0.0
158,random,3,0.0265,0.08,0,cpu,0,7,-10.46,0.0,0.0
159,random,3,0.0267,0.08,0,cpu,0,27,-10.26,0.0,0.0
160,random,3,0.0269,0.08,0,cpu,0,20,-10.89,0.0,0.0
161,random,3,0.0271,0.1,0,cpu,1,31,-0.59,0.0,0.0
162,random,3,0.0274,0.1,0,cpu,0,15,-10.34,0.0,0.0
163,random,3,0.0278,0.1,0,cpu,0,50,-10.79,0.0,0.0
164,random,3,0.0281,0.1,0,cpu,0,27,-10.66,0.0,0.0
165,random,3,0.0284,0.12,0,cpu,1,34,0.08,0.0,0.0
166,random,3,0.0285,0.12,0,cpu,0,10,-10.39,0.0,0.0
167,random,3,0.0285,0.12,0,cpu,0,9,-10.28,0.0,0.0
168,random,3,0.0286,0.14,0,cpu,1,12,-0.3,0.0,0.0
169,random,3,0.0288,0.12,0,cpu,0,14,-10.23,0.0,0.0
170,random,3,0.029,0.12,0,cpu,0,28,-9.77,0.0,0.0
171,random,3,0.0293,0.12,0,cpu,0,45,-10.64,0.0,0.0
172,random,3,0.0298,0.12,0,cpu,0,61,-10.4,0.0,0.0
173,random,3,0.0299,0.12,0,cpu,0,16,-10.65,0.0,0.0
174,random,3,0.0301,0.14,0,cpu,1,19,-0.27,0.0,0.0
175,random,3,0.0308,0.14,0,cpu,0,90,-11.79,0.0,0.0
176,random,3,0.0311,0.14,0,cpu,0,44,-10.53,0.0,0.0
177,random,3,0.0312,0.18,0,cpu,2,14,10.19,0.0,0.0
178,random,3,0.0314,0.2,0,cpu,1,22,0.2,0.0,0.0
179,random,3,0.0315,0.22,0,cpu,1,7,-0.15,0.0,0.0
180,random,3,0.0316,0.22,0,cpu,0,8,-10.57,0.0,0.0
181,random,3,0.0319,0.2,0,cpu,0,43,-10.02,0.0,0.0
182,random,3,0.032,0.2,0,cpu,0,12,-10.21,0.0,0.0
183,random,3,0.0321,0.2,0,cpu,0,14,-10.23,0.0,0.0
184,random,3,0.0323,0.2,0,cpu,0,19,-10.18,0.0,0.0
185,random,3,0.0324,0.18,0,cpu,0,18,-11.07,0.0,0.0
186,random,3,0.0325,0.18,0,cpu,0,11,-10.3,0.0,0.0
187,random,3,0.0328,0.2,0,cpu,1,37,-0.05,0.0,0.0
188,random,3,0.0329,0.2,0,cpu,0,9,-10.68,0.0,0.0
189,random,3,0.0332,0.22,0,cpu,1,36,0.26,0.0,0.0
190,random,3,0.0334,0.22,0,cpu,0,23,-10.62,0.0,0.0
191,random,3,0.0335,0.22,0,cpu,0,17,-10.76,0.0,0.0
192,random,3,0.0338,0.22,0,cpu,0,31,-11.1,0.0,0.0
193,random,3,0.0339,0.22,0,cpu,0,18,-10.67,0.0,0.0
194,random,3,0.0341,0.2,0,cpu,0,18,-9.87,0.0,0.0
195,random,3,0.0343,0.2,0,cpu,0,23,-10.82,0.0,0.0
196,random,3,0.0344,0.2,0,cpu,0,17,-10.76,0.0,0.0
197,random,3,0.0346,0.2,0,cpu,0,19,-10.58,0.0,0.0
198,random,3,0.0347,0.2,0,cpu,0,9,-10.68,0.0,0.0
199,random,3,0.0348,0.2,0,cpu,0,15,-11.14,0.0,0.0
200,random,3,0.0349,0.2,0,cpu,0,9,-10.08,0.0,0.0
201,random,3,0.035,0.2,0,cpu,0,12,-10.41,0.0,0.0
202,random,3,0.0352,0.2,0,cpu,0,16,-10.65,0.0,0.0
203,random,3,0.0353,0.2,0,cpu,0,12,-10.61,0.0,0.0
204,random,3,0.0359,0.22,0,cpu,1,70,-0.68,0.0,0.0
205,random,3,0.036,0.22,0,cpu,0,7,-9.46,0.0,0.0
206,random,3,0.0361,0.22,0,cpu,0,9,-10.28,0.0,0.0
207,random,3,0.0363,0.22,0,cpu,0,31,-11.1,0.0,0.0
208,random,3,0.0364,0.22,0,cpu,0,12,-10.61,0.0,0.0
209,random,3,0.0365,0.24,0,cpu,1,6,0.36,0.0,0.0
210,random,3,0.0367,0.26,0,cpu,1,22,-0.6,0.0,0.0
211,random,3,0.0368,0.24,0,cpu,0,15,-10.94,0.0,0.0
212,random,3,0.0369,0.24,0,cpu,0,11,-9.9,0.0,0.0
213,random,3,0.0371,0.26,0,cpu,1,18,-0.76,0.0,0.0
214,random,3,0.0373,0.26,0,cpu,0,29,-10.68,0.0,0.0
215,random,3,0.0374,0.24,0,cpu,0,10,-10.99,0.0,0.0
216,random,3,0.0376,0.24,0,cpu,0,22,-10.11,0.0,0.0
217,random,3,0.0376,0.24,0,cpu,0,7,-9.66,0.0,0.0
218,random,3,0.0378,0.22,0,cpu,0,15,-10.34,0.0,0.0
219,random,3,0.0379,0.22,0,cpu,0,15,-10.54,0.0,0.0
220,random,3,0.0379,0.22,0,cpu,0,7,-9.86,0.0,0.0
221,random,3,0.038,0.22,0,cpu,0,11,-10.5,0.0,0.0
222,random,3,0.0381,0.22,0,cpu,0,13,-10.32,0.0,0.0
223,random,3,0.0382,0.22,0,cpu,0,11,-10.3,0.0,0.0
224,random,3,0.0384,0.2,0,cpu,0,29,-10.88,0.0,0.0
225,random,3,0.0388,0.2,0,cpu,0,45,-10.64,0.0,0.0
226,random,3,0.0389,0.2,0,cpu,0,11,-10.7,0.0,0.0
227,random,3,0.039,0.18,0,cpu,1,12,-0.3,0.0,0.0
228,random,3,0.0391,0.16,0,cpu,0,9,-10.08,0.0,0.0
229,random,3,0.0395,0.14,0,cpu,0,51,-10.1,0.0,0.0
230,random,3,0.0395,0.14,0,cpu,0,6,-10.35,0.0,0.0
231,random,3,0.0396,0.14,0,cpu,0,11,-10.9,0.0,0.0
232,random,3,0.0398,0.14,0,cpu,0,18,-10.47,0.0,0.0
233,random,3,0.0399,0.14,0,cpu,0,14,-10.03,0.0,0.0
234,random,3,0.0399,0.16,0,cpu,1,5,-0.13,0.0,0.0
235,random,3,0.0404,0.18,0,cpu,1,66,-0.84,0.0,0.0
236,random,3,0.0406,0.18,0,cpu,0,25,-10.84,0.0,0.0
237,random,3,0.0408,0.16,0,cpu,0,15,-10.74,0.0,0.0
238,random,3,0.0409,0.16,0,cpu,0,11,-10.9,0.0,0.0
239,random,3,0.0409,0.14,0,cpu,0,10,-10.19,0.0,0.0
240,random,3,0.0412,0.14,0,cpu,0,28,-10.17,0.0,0.0
241,random,3,0.0413,0.16,0,cpu,1,22,-0.2,0.0,0.0
242,random,3,0.0414,0.16,0,cpu,0,9,-10.48,0.0,0.0
243,random,3,0.0416,0.16,0,cpu,0,19,-10.98,0.0,0.0
244,random,3,0.0417,0.16,0,cpu,0,10,-10.39,0.0,0.0
245,random,3,0.042,0.2,0,cpu,2,41,10.42,0.0,0.0
246,random,3,0.0421,0.2,0,cpu,0,15,-10.14,0.0,0.0
247,random,3,0.0423,0.2,0,cpu,0,26,-10.95,0.0,0.0
248,random,3,0.0425,0.2,0,cpu,0,15,-10.14,0.0,0.0
249,random,3,0.0428,0.2,0,cpu,0,48,-10.57,0.0,0.0
250,random,3,0.043,0.2,0,cpu,0,24,-9.93,0.0,0.0
251,random,3,0.0432,0.2,0,cpu,0,15,-10.54,0.0,0.0
252,random,3,0.0435,0.22,0,cpu,1,46,-0.64,0.0,0.0
253,random,3,0.0439,0.22,0,cpu,0,39,-10.58,0.0,0.0
254,random,3,0.0439,0.2,0,cpu,0,6,-9.75,0.0,0.0
255,random,3,0.0442,0.22,0,cpu,1,32,-0.9,0.0,0.0
256,random,3,0.0446,0.22,0,cpu,0,49,-10.88,0.0,0.0
257,random,3,0.0447,0.22,0,cpu,0,12,-10.41,0.0,0.0
258,random,3,0.045,0.22,0,cpu,0,39,-10.38,0.0,0.0
259,random,3,0.0451,0.2,0,cpu,0,10,-9.79,0.0,0.0
260,random,3,0.0453,0.18,0,cpu,0,22,-10.71,0.0,0.0
261,random,3,0.0454,0.18,0,cpu,0,18,-10.47,0.0,0.0
262,random,3,0.0455,0.18,0,cpu,0,15,-10.54,0.0,0.0
263,random,3,0.0458,0.18,0,cpu,1,29,-0.17,0.0,0.0
264,random,3,0.0458,0.18,0,cpu,0,6,-9.95,0.0,0.0
265,random,3,0.046,0.18,0,cpu,0,23,-11.02,0.0,0.0
266,random,3,0.046,0.18,0,cpu,0,6,-10.55,0.0,0.0
267,random,3,0.0461,0.18,0,cpu,0,8,-10.77,0.0,0.0
268,random,3,0.0463,0.18,0,cpu,0,18,-10.27,0.0,0.0
269,random,3,0.0465,0.18,0,cpu,0,30,-10.99,0.0,0.0
270,random,3,0.0466,0.18,0,cpu,0,9,-10.48,0.0,0.0
271,random,3,0.0467,0.18,0,cpu,0,22,-10.51,0.0,0.0
272,random,3,0.0468,0.18,0,cpu,0,13,-9.92,0.0,0.0
273,random,3,0.0469,0.18,0,cpu,0,12,-10.21,0.0,0.0
274,random,3,0.0472,0.18,0,cpu,0,28,-10.57,0.0,0.0
275,random,3,0.0473,0.18,0,cpu,0,9,-10.08,0.0,0.0
276,random,3,0.0474,0.18,0,cpu,0,19,-10.18,0.0,0.0
277,random,3,0.0481,0.18,0,cpu,1,94,-0.52,0.0,0.0
278,random,3,0.0482,0.18,0,cpu,0,7,-9.86,0.0,0.0
279,random,3,0.0483,0.18,0,cpu,0,14,-10.23,0.0,0.0
280,random,3,0.0486,0.18,0,cpu,0,44,-10.73,0.0,0.0
281,random,3,0.0488,0.18,0,cpu,0,19,-10.58,0.0,0.0
282,random,3,0.0489,0.2,0,cpu,1,19,-0.07,0.0,0.0
283,random,3,0.0491,0.24,0,cpu,2,13,9.9,0.0,0.0
284,random,3,0.0492,0.22,0,cpu,0,11,-10.5,0.0,0.0
285,random,3,0.0494,0.2,0,cpu,0,28,-10.97,0.0,0.0
286,random,3,0.0496,0.2,0,cpu,0,30,-10.99,0.0,0.0
287,random,3,0.0498,0.2,0,cpu,0,19,-10.18,0.0,0.0
288,random,3,0.0499,0.2,0,cpu,0,13,-10.92,0.0,0.0
289,random,3,0.05,0.2,0,cpu,0,12,-10.81,0.0,0.0
290,random,3,0.0501,0.2,0,cpu,0,9,-10.08,0.0,0.0
291,random,3,0.0502,0.18,0,cpu,0,12,-10.01,0.0,0.0
292,random,3,0.0504,0.18,0,cpu,0,31,-10.7,0.0,0.0
293,random,3,0.0506,0.18,0,cpu,0,23,-9.82,0.0,0.0
294,random,3,0.0508,0.18,0,cpu,0,21,-10.6,0.0,0.0
295,random,3,0.0513,0.14,0,cpu,0,66,-11.15,0.0,0.0
296,random,3,0.0514,0.14,0,cpu,0,13,-9.92,0.0,0.0
297,random,3,0.0515,0.14,0,cpu,0,8,-9.77,0.0,0.0
298,random,3,0.0516,0.14,0,cpu,0,10,-10.59,0.0,0.0
299,random,3,0.0517,0.14,0,cpu,0,9,-10.28,0.0,0.0
300,random,3,0.0519,0.14,0,cpu,0,37,-9.96,0.0,0.0
301,random,3,0.0522,0.14,0,cpu,0,26,-11.15,0.0,0.0
302,random,3,0.0524,0.14,0,cpu,1,25,0.27,0.0,0.0
303,random,3,0.0526,0.14,0,cpu,0,27,-9.46,0.0,0.0
304,random,3,0.0528,0.14,0,cpu,0,22,-10.11,0.0,0.0
305,random,3,0.0529,0.12,0,cpu,0,13,-9.72,0.0,0.0
306,random,3,0.0533,0.12,0,cpu,0,35,-10.94,0.0,0.0
307,random,3,0.0535,0.12,0,cpu,0,12,-10.61,0.0,0.0
308,random,3,0.0535,0.12,0,cpu,0,9,-10.48,0.0,0.0
309,random,3,0.0536,0.12,0,cpu,0,9,-10.48,0.0,0.0
310,random,3,0.0538,0.14,0,cpu,1,18,0.04,0.0,0.0
311,random,3,0.0542,0.14,0,cpu,0,56,-11.25,0.0,0.0
312,random,3,0.0543,0.16,0,cpu,1,21,0.11,0.0,0.0
313,random,3,0.0544,0.14,0,cpu,0,11,-10.1,0.0,0.0
314,random,3,0.0547,0.16,0,cpu,1,28,0.14,0.0,0.0
315,random,3,0.055,0.16,0,cpu,0,42,-10.71,0.0,0.0
316,random,3,0.0551,0.16,0,cpu,0,17,-10.76,0.0,0.0
317,random,3,0.0552,0.16,0,cpu,0,11,-10.3,0.0,0.0
318,random,3,0.0555,0.16,0,cpu,0,34,-10.63,0.0,0.0
319,random,3,0.0557,0.16,0,cpu,0,26,-10.75,0.0,0.0
320,random,3,0.0558,0.16,0,cpu,0,7,-10.66,0.0,0.0
321,random,3,0.0559,0.16,0,cpu,0,19,-10.38,0.0,0.0
322,random,3,0.0561,0.18,0,cpu,1,15,-0.03,0.0,0.0
323,random,3,0.0564,0.18,0,cpu,0,36,-10.25,0.0,0.0
324,random,3,0.0566,0.18,0,cpu,0,15,-10.94,0.0,0.0
325,random,3,0.0567,0.18,0,cpu,0,14,-10.63,0.0,0.0
326,random,3,0.0569,0.18,0,cpu,0,19,-10.18,0.0,0.0
327,random,3,0.057,0.16,0,cpu,0,15,-10.14,0.0,0.0
328,random,3,0.0571,0.16,0,cpu,0,13,-10.72,0.0,0.0
329,random,3,0.0572,0.16,0,cpu,0,9,-9.88,0.0,0.0
330,random,3,0.0573,0.18,0,cpu,1,16,-0.34,0.0,0.0
331,random,3,0.0576,0.18,0,cpu,0,28,-10.97,0.0,0.0
332,random,3,0.0577,0.16,0,cpu,0,11,-10.5,0.0,0.0
333,random,3,0.0578,0.12,0,cpu,0,13,-10.32,0.0,0.0
334,random,3,0.058,0.12,0,cpu,0,36,-11.05,0.0,0.0
335,random,3,0.0583,0.12,0,cpu,0,38,-11.07,0.0,0.0
336,random,3,0.0585,0.12,0,cpu,0,13,-10.72,0.0,0.0
337,random,3,0.0586,0.12,0,cpu,0,21,-10.6,0.0,0.0
338,random,3,0.0588,0.12,0,cpu,0,21,-10.8,0.0,0.0
339,random,3,0.0592,0.12,0,cpu,0,53,-10.92,0.0,0.0
340,random,3,0.0593,0.12,0,cpu,0,12,-11.01,0.0,0.0
341,random,3,0.0595,0.12,0,cpu,0,23,-10.62,0.0,0.0
342,random,3,0.0598,0.12,0,cpu,0,20,-10.49,0.0,0.0
343,random,3,0.0602,0.12,0,cpu,0,56,-11.25,0.0,0.0
344,random,3,0.0603,0.12,0,cpu,0,12,-10.41,0.0,0.0
345,random,3,0.0604,0.12,0,cpu,0,6,-10.35,0.0,0.0
346,random,3,0.0605,0.12,0,cpu,0,16,-10.85,0.0,0.0
347,random,3,0.0606,0.12,0,cpu,0,6,-10.15,0.0,0.0
348,random,3,0.0609,0.12,0,cpu,0,37,-10.96,0.0,0.0
349,random,3,0.061,0.12,0,cpu,0,10,-10.39,0.0,0.0
350,random,3,0.0611,0.12,0,cpu,0,13,-10.72,0.0,0.0
351,random,3,0.0612,0.12,0,cpu,0,7,-10.06,0.0,0.0
352,random,3,0.0613,0.1,0,cpu,0,21,-9.6,0.0,0.0
353,random,3,0.0615,0.1,0,cpu,0,16,-10.25,0.0,0.0
354,random,3,0.0616,0.1,0,cpu,0,7,-10.66,0.0,0.0
355,random,3,0.0617,0.1,0,cpu,0,21,-9.8,0.0,0.0
356,random,3,0.062,0.1,0,cpu,0,36,-10.85,0.0,0.0
357,random,3,0.0621,0.1,0,cpu,0,8,-10.17,0.0,0.0
358,random,3,0.0622,0.1,0,cpu,0,17,-10.56,0.0,0.0
359,random,3,0.0623,0.1,0,cpu,0,12,-10.81,0.0,0.0
360,random,3,0.0625,0.08,0,cpu,0,20,-10.69,0.0,0.0
361,random,3,0.0627,0.08,0,cpu,0,28,-10.17,0.0,0.0
362,random,3,0.0628,0.06,0,cpu,0,11,-10.3,0.0,0.0
363,random,3,0.0628,0.06,0,cpu,0,7,-10.46,0.0,0.0
364,random,3,0.0631,0.06,0,cpu,1,28,0.14,0.0,0.0
365,random,3,0.0634,0.06,0,cpu,0,38,-10.07,0.0,0.0
366,random,3,0.0635,0.06,0,cpu,0,12,-9.81,0.0,0.0
367,random,3,0.0636,0.06,0,cpu,0,13,-10.92,0.0,0.0
368,random,3,0.0636,0.06,0,cpu,0,6,-10.55,0.0,0.0
369,random,3,0.0637,0.06,0,cpu,0,11,-10.7,0.0,0.0
370,random,3,0.0638,0.06,0,cpu,0,9,-10.68,0.0,0.0
371,random,3,0.0641,0.06,0,cpu,0,33,-10.52,0.0,0.0
372,random,3,0.0643,0.04,0,cpu,0,24,-10.53,0.0,0.0
373,random,3,0.0645,0.08,0,cpu,2,21,10.42,0.0,0.0
374,random,3,0.0647,0.1,0,cpu,1,35,-0.23,0.0,0.0
375,random,3,0.0649,0.1,0,cpu,0,21,-10.2,0.0,0.0
376,random,3,0.0652,0.1,0,cpu,0,44,-10.33,0.0,0.0
377,random,3,0.0655,0.12,0,cpu,1,25,-0.13,0.0,0.0
378,random,3,0.0657,0.14,0,cpu,1,34,-0.72,0.0,0.0
379,random,3,0.0658,0.14,0,cpu,0,6,-10.35,0.0,0.0
380,random,3,0.0662,0.12,0,cpu,0,36,-10.65,0.0,0.0
381,random,3,0.0666,0.12,0,cpu,0,55,-10.54,0.0,0.0
382,random,3,0.0669,0.14,0,cpu,1,27,0.05,0.0,0.0
383,random,3,0.067,0.14,0,cpu,0,11,-10.9,0.0,0.0
384,random,3,0.0671,0.14,0,cpu,0,10,-10.19,0.0,0.0
385,random,3,0.0672,0.14,0,cpu,0,13,-10.72,0.0,0.0
386,random,3,0.0673,0.14,0,cpu,0,11,-10.7,0.0,0.0
387,random,3,0.0674,0.14,0,cpu,0,7,-10.46,0.0,0.0
388,random,3,0.0676,0.14,0,cpu,0,17,-9.76,0.0,0.0
389,random,3,0.0678,0.14,0,cpu,0,18,-10.87,0.0,0.0
390,random,3,0.0679,0.14,0,cpu,0,8,-9.77,0.0,0.0
391,random,3,0.0684,0.14,0,cpu,0,64,-10.93,0.0,0.0
392,random,3,0.0685,0.14,0,cpu,0,18,-10.47,0.0,0.0
393,random,3,0.0687,0.16,0,cpu,1,12,-0.9,0.0,0.0
394,random,3,0.0687,0.16,0,cpu,0,8,-10.57,0.0,0.0
395,random,3,0.0689,0.18,0,cpu,1,16,0.26,0.0,0.0
396,random,3,0.069,0.2,0,cpu,1,14,0.28,0.0,0.0
397,random,3,0.0691,0.2,0,cpu,0,12,-10.81,0.0,0.0
398,random,3,0.0693,0.2,0,cpu,0,19,-10.98,0.0,0.0
399,random,3,0.0697,0.2,0,cpu,0,50,-10.19,0.0,0.0
400,random,3,0.0701,0.24,0,cpu,2,38,10.55,0.0,0.0
401,random,3,0.0702,0.24,0,cpu,0,15,-10.74,0.0,0.0
402,random,3,0.0704,0.24,0,cpu,0,20,-10.29,0.0,0.0
403,random,3,0.0706,0.24,0,cpu,0,27,-10.66,0.0,0.0
404,random,3,0.0707,0.24,0,cpu,0,8,-10.57,0.0,0.0
405,random,3,0.0708,0.24,0,cpu,0,12,-10.81,0.0,0.0
406,random,3,0.071,0.24,0,cpu,0,27,-10.46,0.0,0.0
407,random,3,0.0712,0.26,0,cpu,1,23,-0.11,0.0,0.0
408,random,3,0.0715,0.26,0,cpu,0,40,-10.29,0.0,0.0
409,random,3,0.0718,0.26,0,cpu,0,46,-10.55,0.0,0.0
410,random,3,0.072,0.26,0,cpu,0,16,-9.85,0.0,0.0
411,random,3,0.0724,0.26,0,cpu,0,51,-10.7,0.0,0.0
412,random,3,0.0729,0.28,0,cpu,1,63,-1.11,0.0,0.0
413,random,3,0.0732,0.28,0,cpu,0,26,-10.55,0.0,0.0
414,random,3,0.0732,0.26,0,cpu,0,10,-9.99,0.0,0.0
415,random,3,0.0735,0.26,0,cpu,0,29,-10.68,0.0,0.0
416,random,3,0.0736,0.26,0,cpu,0,16,-10.85,0.0,0.0
417,random,3,0.0737,0.26,0,cpu,0,12,-10.21,0.0,0.0
418,random,3,0.0738,0.28,0,cpu,1,16,0.26,0.0,0.0
419,random,3,0.074,0.28,0,cpu,0,24,-9.93,0.0,0.0
420,random,3,0.0742,0.28,0,cpu,0,13,-10.32,0.0,0.0
421,random,3,0.0743,0.3,0,cpu,1,20,0.42,0.0,0.0
422,random,3,0.0744,0.3,0,cpu,0,13,-9.72,0.0,0.0
423,random,3,0.0745,0.26,0,cpu,0,10,-10.19,0.0,0.0
424,random,3,0.0746,0.24,0,cpu,0,7,-10.26,0.0,0.0
425,random,3,0.0747,0.24,0,cpu,0,7,-10.46,0.0,0.0
426,random,3,0.0748,0.24,0,cpu,0,11,-9.5,0.0,0.0
427,random,3,0.0748,0.22,0,cpu,0,6,-10.55,0.0,0.0
428,random,3,0.0751,0.22,0,cpu,1,28,-0.06,0.0,0.0
429,random,3,0.0753,0.22,0,cpu,0,33,-10.92,0.0,0.0
430,random,3,0.0754,0.22,0,cpu,0,7,-10.06,0.0,0.0
431,random,3,0.0756,0.24,0,cpu,1,17,0.35,0.0,0.0
432,random,3,0.0757,0.22,0,cpu,0,9,-10.68,0.0,0.0
433,random,3,0.0759,0.24,0,cpu,1,33,0.39,0.0,0.0
434,random,3,0.0762,0.24,0,cpu,0,29,-11.08,0.0,0.0
435,random,3,0.0763,0.24,0,cpu,0,12,-10.61,0.0,0.0
436,random,3,0.0765,0.24,0,cpu,0,13,-9.92,0.0,0.0
437,random,3,0.0766,0.24,0,cpu,0,19,-10.58,0.0,0.0
438,random,3,0.0767,0.24,0,cpu,0,17,-9.96,0.0,0.0
439,random,3,0.0769,0.24,0,cpu,0,17,-10.76,0.0,0.0
440,random,3,0.077,0.24,0,cpu,0,14,-10.83,0.0,0.0
441,random,3,0.0772,0.24,0,cpu,0,19,-10.58,0.0,0.0
442,random,3,0.0775,0.24,0,cpu,0,33,-10.32,0.0,0.0
443,random,3,0.0775,0.22,0,cpu,0,9,-10.68,0.0,0.0
444,random,3,0.0777,0.22,0,cpu,0,16,-10.85,0.0,0.0
445,random,3,0.0779,0.2,0,cpu,0,24,-10.73,0.0,0.0
446,random,3,0.078,0.18,0,cpu,0,15,-10.34,0.0,0.0
447,random,3,0.0781,0.18,0,cpu,0,10,-9.99,0.0,0.0
448,random,3,0.0783,0.18,0,cpu,0,19,-10.98,0.0,0.0
449,random,3,0.0785,0.18,0,cpu,0,32,-10.41,0.0,0.0
450,random,3,0.0786,0.16,0,cpu,1,11,0.01,0.0,0.0
451,random,3,0.0787,0.16,0,cpu,0,8,-10.57,0.0,0.0
452,random,3,0.0788,0.16,0,cpu,0,7,-9.46,0.0,0.0
453,random,3,0.0789,0.16,0,cpu,0,11,-10.5,0.0,0.0
454,random,3,0.0789,0.16,0,cpu,0,9,-10.88,0.0,0.0
455,random,3,0.0791,0.16,0,cpu,0,20,-10.29,0.0,0.0
456,random,3,0.0794,0.16,0,cpu,0,36,-11.05,0.0,0.0
457,random,3,0.0795,0.14,0,cpu,0,17,-10.36,0.0,0.0
458,random,3,0.0796,0.16,0,cpu,1,13,-0.01,0.0,0.0
459,random,3,0.0798,0.18,0,cpu,1,16,-0.34,0.0,0.0
460,random,3,0.0799,0.18,0,cpu,0,18,-10.47,0.0,0.0
461,random,3,0.0801,0.18,0,cpu,0,17,-10.76,0.0,0.0
462,random,3,0.0801,0.16,0,cpu,0,6,-10.55,0.0,0.0
463,random,3,0.0803,0.16,0,cpu,0,19,-9.78,0.0,0.0
464,random,3,0.0803,0.16,0,cpu,0,7,-9.86,0.0,0.0
465,random,3,0.0806,0.16,0,cpu,0,32,-11.21,0.0,0.0
466,random,3,0.0808,0.16,0,cpu,0,19,-10.18,0.0,0.0
467,random,3,0.0811,0.16,0,cpu,0,42,-10.71,0.0,0.0
468,random,3,0.0813,0.14,0,cpu,0,22,-10.51,0.0,0.0
469,random,3,0.0814,0.14,0,cpu,0,8,-10.17,0.0,0.0
470,random,3,0.0816,0.14,0,cpu,0,25,-10.24,0.0,0.0
471,random,3,0.0817,0.12,0,cpu,0,19,-10.78,0.0,0.0
472,random,3,0.0819,0.12,0,cpu,0,16,-10.45,0.0,0.0
473,random,3,0.082,0.12,0,cpu,0,16,-10.45,0.0,0.0
474,random,3,0.0821,0.12,0,cpu,0,17,-10.56,0.0,0.0
475,random,3,0.0823,0.12,0,cpu,0,15,-10.74,0.0,0.0
476,random,3,0.0824,0.12,0,cpu,0,19,-9.98,0.0,0.0
477,random,3,0.0825,0.12,0,cpu,0,11,-10.7,0.0,0.0
478,random,3,0.0827,0.1,0,cpu,0,25,-10.64,0.0,0.0
479,random,3,0.0828,0.1,0,cpu,0,14,-10.43,0.0,0.0
480,random,3,0.083,0.1,0,cpu,0,14,-10.63,0.0,0.0
481,random,3,0.0831,0.08,0,cpu,0,15,-10.54,0.0,0.0
482,random,3,0.0833,0.08,0,cpu,0,19,-10.78,0.0,0.0
483,random,3,0.0834,0.06,0,cpu,0,6,-9.95,0.0,0.0
484,random,3,0.0836,0.08,0,cpu,1,20,0.02,0.0,0.0
485,random,3,0.084,0.08,0,cpu,0,48,-10.97,0.0,0.0
486,random,3,0.0843,0.08,0,cpu,0,29,-10.48,0.0,0.0
487,random,3,0.0846,0.08,0,cpu,0,30,-9.99,0.0,0.0
488,random,3,0.0848,0.08,0,cpu,0,20,-10.29,0.0,0.0
489,random,3,0.0849,0.08,0,cpu,0,10,-9.79,0.0,0.0
490,random,3,0.0852,0.1,0,cpu,1,30,-0.68,0.0,0.0
491,random,3,0.0852,0.1,0,cpu,0,10,-10.79,0.0,0.0
492,random,3,0.0853,0.1,0,cpu,0,7,-10.46,0.0,0.0
493,random,3,0.0854,0.1,0,cpu,0,7,-9.46,0.0,0.0
494,random,3,0.0858,0.12,0,cpu,1,52,-0.1,0.0,0.0
495,random,3,0.0859,0.12,0,cpu,0,8,-9.97,0.0,0.0
496,random,3,0.0861,0.12,0,cpu,0,22,-10.91,0.0,0.0
497,random,3,0.0865,0.12,0,cpu,0,40,-10.69,0.0,0.0
498,random,3,0.0865,0.12,0,cpu,0,7,-10.46,0.0,0.0
499,random,3,0.0867,0.12,0,cpu,0,16,-10.25,0.0,0.0
500,random,3,0.0868,0.1,0,cpu,0,12,-10.61,0.0,0.0
501,random,3,0.0869,0.1,0,cpu,0,18,-9.87,0.0,0.0
502,random,3,0.087,0.12,0,cpu,1,9,0.43,0.0,0.0
503,random,3,0.0872,0.12,0,cpu,0,18,-11.07,0.0,0.0
504,random,3,0.0874,0.12,0,cpu,0,30,-9.99,0.0,0.0
505,random,3,0.0875,0.12,0,cpu,0,8,-10.57,0.0,0.0
506,random,3,0.0877,0.12,0,cpu,0,27,-10.06,0.0,0.0
507,random,3,0.0881,0.14,0,cpu,1,55,0.97,0.0,0.0
508,random,3,0.0882,0.12,0,cpu,0,15,-10.54,0.0,0.0
509,random,3,0.0884,0.1,0,cpu,0,20,-11.09,0.0,0.0
510,random,3,0.0886,0.1,0,cpu,0,32,-10.41,0.0,0.0
511,random,3,0.0888,0.12,0,cpu,1,18,-0.56,0.0,0.0
512,random,3,0.089,0.12,0,cpu,0,20,-10.89,0.0,0.0
513,random,3,0.089,0.12,0,cpu,0,8,-10.57,0.0,0.0
514,random,3,0.0892,0.12,0,cpu,0,16,-10.85,0.0,0.0
515,random,3,0.0893,0.12,0,cpu,0,7,-10.06,0.0,0.0
516,random,3,0.0893,0.12,0,cpu,0,8,-10.37,0.0,0.0
517,random,3,0.0895,0.12,0,cpu,0,18,-10.67,0.0,0.0
518,random,3,0.0897,0.14,0,cpu,1,23,-0.31,0.0,0.0
519,random,3,0.0899,0.16,0,cpu,1,26,-0.24,0.0,0.0
520,random,3,0.0901,0.16,0,cpu,0,22,-10.31,0.0,0.0
521,random,3,0.0905,0.2,0,cpu,2,56,8.97,0.0,0.0
522,random,3,0.0906,0.2,0,cpu,0,7,-10.26,0.0,0.0
523,random,3,0.0906,0.2,0,cpu,0,10,-9.99,0.0,0.0
524,random,3,0.0907,0.2,0,cpu,0,8,-10.77,0.0,0.0
525,random,3,0.0909,0.2,0,cpu,0,17,-10.76,0.0,0.0
526,random,3,0.0909,0.2,0,cpu,0,10,-10.59,0.0,0.0
527,random,3,0.0911,0.2,0,cpu,0,18,-10.87,0.0,0.0
528,random,3,0.0913,0.2,0,cpu,0,21,-10.8,0.0,0.0
529,random,3,0.0914,0.2,0,cpu,0,16,-10.85,0.0,0.0
530,random,3,0.0922,0.2,0,cpu,0,92,-10.81,0.0,0.0
531,random,3,0.0924,0.2,0,cpu,0,22,-10.11,0.0,0.0
532,random,3,0.0925,0.2,0,cpu,0,21,-10.8,0.0,0.0
533,random,3,0.0928,0.2,0,cpu,0,30,-10.79,0.0,0.0
534,random,3,0.0929,0.18,0,cpu,0,13,-9.52,0.0,0.0
535,random,3,0.0932,0.22,0,cpu,2,40,9.93,0.0,0.0
536,random,3,0.0933,0.22,0,cpu,0,9,-9.68,0.0,0.0
537,random,3,0.0934,0.22,0,cpu,0,7,-10.66,0.0,0.0
538,random,3,0.0936,0.22,0,cpu,0,20,-10.29,0.0,0.0
539,random,3,0.0936,0.22,0,cpu,0,7,-10.46,0.0,0.0
540,random,3,0.0939,0.2,0,cpu,0,28,-10.77,0.0,0.0
541,random,3,0.094,0.2,0,cpu,0,13,-10.52,0.0,0.0
542,random,3,0.0943,0.2,0,cpu,0,33,-10.32,0.0,0.0
543,random,3,0.0945,0.22,0,cpu,1,28,0.14,0.0,0.0
544,random,3,0.0947,0.2,0,cpu,0,20,-9.69,0.0,0.0
545,random,3,0.0949,0.24,0,cpu,2,27,10.56,0.0,0.0
546,random,3,0.0951,0.24,0,cpu,0,23,-9.62,0.0,0.0
547,random,3,0.0952,0.24,0,cpu,0,10,-10.39,0.0,0.0
548,random,3,0.0954,0.24,0,cpu,0,29,-11.08,0.0,0.0
549,random,3,0.0955,0.24,0,cpu,0,7,-10.46,0.0,0.0
550,random,3,0.0956,0.24,0,cpu,0,14,-10.63,0.0,0.0
551,random,3,0.0957,0.24,0,cpu,0,8,-9.77,0.0,0.0
552,random,3,0.096,0.22,0,cpu,0,41,-11.0,0.0,0.0
553,random,3,0.0961,0.22,0,cpu,0,16,-10.85,0.0,0.0
554,random,3,0.0963,0.24,0,cpu,1,22,-0.6,0.0,0.0
555,random,3,0.0964,0.26,0,cpu,1,19,0.13,0.0,0.0
556,random,3,0.0966,0.28,0,cpu,1,22,0.0,0.0,0.0
557,random,3,0.0967,0.26,0,cpu,0,13,-10.72,0.0,0.0
558,random,3,0.0971,0.26,0,cpu,0,42,-10.91,0.0,0.0
559,random,3,0.0971,0.26,0,cpu,0,8,-10.37,0.0,0.0
560,random,3,0.0972,0.26,0,cpu,0,10,-10.39,0.0,0.0
561,random,3,0.0974,0.26,0,cpu,1,22,0.0,0.0,0.0
562,random,3,0.0976,0.26,0,cpu,0,23,-10.42,0.0,0.0
563,random,3,0.0977,0.26,0,cpu,0,13,-10.12,0.0,0.0
564,random,3,0.0979,0.28,0,cpu,1,15,0.37,0.0,0.0
565,random,3,0.098,0.28,0,cpu,0,12,-10.21,0.0,0.0
566,random,3,0.0981,0.3,0,cpu,1,16,-0.54,0.0,0.0
567,random,3,0.0982,0.3,0,cpu,0,18,-10.07,0.0,0.0
568,random,3,0.0983,0.28,0,cpu,0,9,-10.68,0.0,0.0
569,random,3,0.0984,0.26,0,cpu,0,10,-9.79,0.0,0.0
570,random,3,0.0985,0.26,0,cpu,0,12,-10.41,0.0,0.0
571,random,3,0.0986,0.22,0,cpu,0,7,-10.26,0.0,0.0
572,random,3,0.0988,0.22,0,cpu,0,24,-10.33,0.0,0.0
573,random,3,0.099,0.22,0,cpu,0,31,-11.1,0.0,0.0
574,random,3,0.0992,0.22,0,cpu,0,16,-10.45,0.0,0.0
575,random,3,0.0993,0.22,0,cpu,0,12,-10.81,0.0,0.0
576,random,3,0.0996,0.24,0,cpu,1,44,-0.82,0.0,0.0
577,random,3,0.0997,0.24,0,cpu,0,14,-10.43,0.0,0.0
578,random,3,0.0999,0.24,0,cpu,0,16,-10.65,0.0,0.0
579,random,3,0.1006,0.24,0,cpu,0,75,-10.14,0.0,0.0
580,random,3,0.1007,0.24,0,cpu,0,18,-10.47,0.0,0.0
581,random,3,0.101,0.24,0,cpu,0,25,-10.24,0.0,0.0
582,random,3,0.1011,0.24,0,cpu,0,11,-9.7,0.0,0.0
583,random,3,0.1012,0.24,0,cpu,0,9,-10.88,0.0,0.0
584,random,3,0.1017,0.24,0,cpu,0,71,-10.5,0.0,0.0
585,random,3,0.1021,0.22,0,cpu,1,42,-0.4,0.0,0.0
586,random,3,0.1023,0.22,0,cpu,0,24,-10.33,0.0,0.0
587,random,3,0.1028,0.24,0,cpu,1,61,-0.49,0.0,0.0
588,random,3,0.103,0.24,0,cpu,0,25,-10.44,0.0,0.0
589,random,3,0.1031,0.24,0,cpu,0,10,-10.79,0.0,0.0
590,random,3,0.1034,0.26,0,cpu,1,29,0.03,0.0,0.0
591,random,3,0.1036,0.28,0,cpu,1,18,0.24,0.0,0.0
592,random,3,0.1037,0.28,0,cpu,0,18,-10.87,0.0,0.0
593,random,3,0.1039,0.26,0,cpu,0,24,-10.93,0.0,0.0
594,random,3,0.104,0.26,0,cpu,0,7,-10.46,0.0,0.0
595,random,3,0.1043,0.22,0,cpu,0,35,-10.14,0.0,0.0
596,random,3,0.1047,0.22,0,cpu,0,53,-10.32,0.0,0.0
597,random,3,0.1049,0.24,0,cpu,1,28,-0.06,0.0,0.0
598,random,3,0.1054,0.24,0,cpu,0,61,-10.2,0.0,0.0
599,random,3,0.1056,0.24,0,cpu,0,34,-11.03,0.0,0.0
600,random,3,0.106,0.24,0,cpu,0,37,-10.36,0.0,0.0
601,random,3,0.1061,0.24,0,cpu,0,18,-10.07,0.0,0.0
602,random,3,0.1062,0.24,0,cpu,0,18,-10.07,0.0,0.0
603,random,3,0.1063,0.24,0,cpu,0,12,-10.81,0.0,0.0
604,random,3,0.1067,0.22,0,cpu,0,41,-11.0,0.0,0.0
605,random,3,0.1071,0.22,0,cpu,1,49,0.23,0.0,0.0
606,random,3,0.1071,0.2,0,cpu,0,9,-10.48,0.0,0.0
607,random,3,0.1073,0.2,0,cpu,0,15,-10.14,0.0,0.0
608,random,3,0.1073,0.2,0,cpu,0,8,-10.57,0.0,0.0
609,random,3,0.1075,0.2,0,cpu,0,22,-10.91,0.0,0.0
610,random,3,0.1077,0.2,0,cpu,0,24,-10.33,0.0,0.0
611,random,3,0.1078,0.18,0,cpu,0,12,-10.61,0.0,0.0
612,random,3,0.1079,0.2,0,cpu,1,7,0.05,0.0,0.0
613,random,3,0.1082,0.2,0,cpu,0,29,-9.68,0.0,0.0
614,random,3,0.1084,0.2,0,cpu,1,30,0.32,0.0,0.0
615,random,3,0.1087,0.24,0,cpu,2,37,10.26,0.0,0.0
616,random,3,0.1089,0.26,0,cpu,2,18,9.75,0.0,0.0
617,random,3,0.109,0.26,0,cpu,0,7,-10.46,0.0,0.0
618,random,3,0.1091,0.26,0,cpu,0,15,-10.94,0.0,0.0
619,random,3,0.1092,0.26,0,cpu,0,11,-9.9,0.0,0.0
620,random,3,0.1093,0.26,0,cpu,0,8,-10.57,0.0,0.0
621,random,3,0.1095,0.26,0,cpu,0,21,-10.2,0.0,0.0
622,random,3,0.1097,0.26,0,cpu,0,20,-10.29,0.0,0.0
623,random,3,0.1099,0.26,0,cpu,0,35,-9.74,0.0,0.0
624,random,3,0.11,0.26,0,cpu,0,10,-10.79,0.0,0.0
625,random,3,0.1106,0.28,0,cpu,1,68,-0.06,0.0,0.0
626,random,3,0.1107,0.26,0,cpu,0,14,-10.63,0.0,0.0
627,random,3,0.1109,0.26,0,cpu,0,17,-10.76,0.0,0.0
628,random,3,0.111,0.28,0,cpu,1,16,-0.34,0.0,0.0
629,random,3,0.1112,0.3,0,cpu,1,17,-0.25,0.0,0.0
630,random,3,0.1113,0.3,0,cpu,0,17,-9.96,0.0,0.0
631,random,3,0.1115,0.3,0,cpu,0,22,-10.71,0.0,0.0
632,random,3,0.1116,0.3,0,cpu,0,6,-9.75,0.0,0.0
633,random,3,0.1117,0.3,0,cpu,0,15,-10.94,0.0,0.0
634,random,3,0.112,0.32,0,cpu,1,38,-0.36,0.0,0.0
635,random,3,0.1121,0.3,0,cpu,0,9,-10.08,0.0,0.0
636,random,3,0.1122,0.32,0,cpu,1,13,0.19,0.0,0.0
637,random,3,0.1123,0.3,0,cpu,0,15,-10.74,0.0,0.0
638,random,3,0.1124,0.3,0,cpu,0,9,-10.48,0.0,0.0
639,random,3,0.1127,0.34,0,cpu,2,43,11.2,0.0,0.0
640,random,3,0.1129,0.32,0,cpu,0,26,-10.55,0.0,0.0
641,random,3,0.1132,0.3,0,cpu,0,42,-11.31,0.0,0.0
642,random,3,0.1137,0.32,0,cpu,1,66,-0.64,0.0,0.0
643,random,3,0.1138,0.32,0,cpu,0,8,-9.77,0.0,0.0
644,random,3,0.1139,0.34,0,cpu,1,8,0.54,0.0,0.0
645,random,3,0.1142,0.36,0,cpu,1,36,-0.34,0.0,0.0
646,random,3,0.1143,0.36,0,cpu,0,13,-10.92,0.0,0.0
647,random,3,0.1145,0.34,0,cpu,0,21,-10.8,0.0,0.0
648,random,3,0.1146,0.34,0,cpu,0,10,-10.19,0.0,0.0
649,random,3,0.1146,0.34,0,cpu,0,7,-10.46,0.0,0.0
650,random,3,0.1148,0.34,0,cpu,0,24,-10.93,0.0,0.0
651,random,3,0.1149,0.34,0,cpu,0,7,-10.66,0.0,0.0
652,random,3,0.115,0.34,0,cpu,0,9,-10.88,0.0,0.0
653,random,3,0.1151,0.34,0,cpu,0,9,-10.68,0.0,0.0
654,random,3,0.1152,0.34,0,cpu,0,22,-10.91,0.0,0.0
655,random,3,0.1153,0.32,0,cpu,0,6,-10.35,0.0,0.0
656,random,3,0.1156,0.32,0,cpu,0,35,-10.74,0.0,0.0
657,random,3,0.1159,0.32,0,cpu,0,44,-10.73,0.0,0.0
658,random,3,0.1161,0.32,0,cpu,0,15,-10.14,0.0,0.0
659,random,3,0.1162,0.32,0,cpu,0,9,-10.08,0.0,0.0
660,random,3,0.1162,0.32,0,cpu,0,7,-10.66,0.0,0.0
661,random,3,0.1165,0.32,0,cpu,0,26,-10.75,0.0,0.0
662,random,3,0.1169,0.3,0,cpu,0,47,-10.86,0.0,0.0
663,random,3,0.117,0.3,0,cpu,0,9,-10.68,0.0,0.0
664,random,3,0.1171,0.3,0,cpu,1,11,-0.59,0.0,0.0
665,random,3,0.1173,0.26,0,cpu,0,27,-9.86,0.0,0.0
666,random,3,0.1176,0.22,0,cpu,0,31,-10.7,0.0,0.0
667,random,3,0.1179,0.22,0,cpu,0,36,-10.45,0.0,0.0
668,random,3,0.1181,0.22,0,cpu,0,26,-10.75,0.0,0.0
669,random,3,0.1182,0.22,0,cpu,0,9,-9.88,0.0,0.0
670,random,3,0.1184,0.22,0,cpu,0,20,-9.69,0.0,0.0
671,random,3,0.1185,0.22,0,cpu,0,7,-10.26,0.0,0.0
672,random,3,0.1186,0.22,0,cpu,0,24,-10.33,0.0,0.0
673,random,3,0.1188,0.22,0,cpu,0,17,-9.76,0.0,0.0
674,random,3,0.119,0.22,0,cpu,0,22,-11.11,0.0,0.0
675,random,3,0.1194,0.2,0,cpu,0,52,-11.01,0.0,0.0
676,random,3,0.12,0.2,0,cpu,0,46,-11.15,0.0,0.0
677,random,3,0.1203,0.2,0,cpu,0,44,-10.73,0.0,0.0
678,random,3,0.1204,0.18,0,cpu,0,10,-10.19,0.0,0.0
679,random,3,0.1206,0.16,0,cpu,0,27,-9.86,0.0,0.0
680,random,3,0.1208,0.16,0,cpu,0,21,-11.0,0.0,0.0
681,random,3,0.1212,0.16,0,cpu,0,58,-11.07,0.0,0.0
682,random,3,0.1213,0.16,0,cpu,0,9,-10.68,0.0,0.0
683,random,3,0.1214,0.16,0,cpu,0,10,-9.79,0.0,0.0
684,random,3,0.1217,0.14,0,cpu,0,32,-10.41,0.0,0.0
685,random,3,0.1218,0.14,0,cpu,0,23,-10.42,0.0,0.0
686,random,3,0.1219,0.12,0,cpu,0,6,-10.55,0.0,0.0
687,random,3,0.122,0.12,0,cpu,0,15,-9.74,0.0,0.0
688,random,3,0.1221,0.12,0,cpu,0,9,-10.28,0.0,0.0
689,random,3,0.1222,0.1,0,cpu,1,9,-0.57,0.0,0.0
690,random,3,0.1223,0.1,0,cpu,0,12,-10.61,0.0,0.0
691,random,3,0.1224,0.1,0,cpu,0,10,-10.39,0.0,0.0
692,random,3,0.1226,0.1,0,cpu,1,24,-0.22,0.0,0.0
693,random,3,0.1228,0.1,0,cpu,0,26,-10.75,0.0,0.0
694,random,3,0.1229,0.08,0,cpu,0,14,-10.83,0.0,0.0
695,random,3,0.1236,0.06,0,cpu,0,83,-11.22,0.0,0.0
696,random,3,0.1238,0.06,0,cpu,0,19,-9.78,0.0,0.0
697,random,3,0.1239,0.06,0,cpu,0,20,-9.89,0.0,0.0
698,random,3,0.1241,0.06,0,cpu,0,16,-10.85,0.0,0.0
699,random,3,0.1242,0.06,0,cpu,0,16,-10.45,0.0,0.0
700,random,3,0.1243,0.06,0,cpu,0,17,-10.16,0.0,0.0
701,random,3,0.1246,0.06,0,cpu,0,30,-10.79,0.0,0.0
702,random,3,0.1248,0.06,0,cpu,0,24,-10.13,0.0,0.0
703,random,3,0.1249,0.06,0,cpu,0,15,-10.54,0.0,0.0
704,random,3,0.125,0.06,0,cpu,0,11,-10.9,0.0,0.0
705,random,3,0.1252,0.06,0,cpu,0,11,-10.3,0.0,0.0
706,random,3,0.1253,0.06,0,cpu,0,16,-10.45,0.0,0.0
707,random,3,0.1257,0.06,0,cpu,0,53,-10.52,0.0,0.0
708,random,3,0.1258,0.06,0,cpu,0,10,-10.59,0.0,0.0
709,random,3,0.126,0.06,0,cpu,0,25,-10.24,0.0,0.0
710,random,3,0.1264,0.06,0,cpu,0,35,-10.74,0.0,0.0
711,random,3,0.1266,0.06,0,cpu,0,28,-10.57,0.0,0.0
712,random,3,0.1268,0.06,0,cpu,0,32,-10.01,0.0,0.0
713,random,3,0.127,0.06,0,cpu,0,14,-10.03,0.0,0.0
714,random,3,0.1272,0.04,0,cpu,0,23,-10.62,0.0,0.0
715,random,3,0.1276,0.04,0,cpu,0,63,-11.22,0.0,0.0
716,random,3,0.1277,0.04,0,cpu,0,9,-10.48,0.0,0.0
717,random,3,0.1278,0.04,0,cpu,0,9,-10.08,0.0,0.0
718,random,3,0.128,0.04,0,cpu,0,16,-10.05,0.0,0.0
719,random,3,0.1282,0.04,0,cpu,0,28,-10.97,0.0,0.0
720,random,3,0.1284,0.04,0,cpu,0,26,-10.95,0.0,0.0
721,random,3,0.1285,0.04,0,cpu,0,11,-10.3,0.0,0.0
722,random,3,0.1287,0.04,0,cpu,0,32,-10.21,0.0,0.0
723,random,3,0.129,0.04,0,cpu,0,34,-10.43,0.0,0.0
724,random,3,0.1291,0.04,0,cpu,0,12,-10.21,0.0,0.0
725,random,3,0.1293,0.04,0,cpu,0,20,-10.49,0.0,0.0
726,random,3,0.1294,0.04,0,cpu,0,12,-10.81,0.0,0.0
727,random,3,0.1297,0.04,0,cpu,0,45,-10.24,0.0,0.0
728,random,3,0.1298,0.04,0,cpu,0,19,-9.58,0.0,0.0
729,random,3,0.1299,0.04,0,cpu,0,6,-10.55,0.0,0.0
730,random,3,0.1301,0.04,0,cpu,0,23,-10.22,0.0,0.0
731,random,3,0.1305,0.06,0,cpu,1,49,0.83,0.0,0.0
732,random,3,0.1307,0.08,0,cpu,1,27,-0.15,0.0,0.0
733,random,3,0.131,0.08,0,cpu,0,33,-10.72,0.0,0.0
734,random,3,0.1312,0.1,0,cpu,1,27,-0.55,0.0,0.0
735,random,3,0.1314,0.1,0,cpu,0,25,-10.64,0.0,0.0
736,random,3,0.1315,0.12,0,cpu,1,12,-0.7,0.0,0.0
737,random,3,0.1316,0.12,0,cpu,0,14,-10.83,0.0,0.0
738,random,3,0.1318,0.12,0,cpu,0,27,-10.86,0.0,0.0
739,random,3,0.132,0.1,0,cpu,0,14,-10.03,0.0,0.0
740,random,3,0.1321,0.1,0,cpu,0,11,-10.3,0.0,0.0
741,random,3,0.1321,0.1,0,cpu,0,6,-10.15,0.0,0.0
742,random,3,0.1322,0.08,0,cpu,0,11,-9.9,0.0,0.0
743,random,3,0.1323,0.08,0,cpu,0,12,-10.41,0.0,0.0
744,random,3,0.1324,0.08,0,cpu,0,9,-10.88,0.0,0.0
745,random,3,0.1325,0.08,0,cpu,0,14,-9.63,0.0,0.0
746,random,3,0.1326,0.08,0,cpu,0,8,-10.57,0.0,0.0
747,random,3,0.1327,0.08,0,cpu,0,12,-10.21,0.0,0.0
748,random,3,0.1331,0.08,0,cpu,0,46,-11.15,0.0,0.0
749,random,3,0.1332,0.08,0,cpu,0,13,-10.52,0.0,0.0
750,random,3,0.1334,0.08,0,cpu,0,16,-10.65,0.0,0.0
751,random,3,0.1335,0.08,0,cpu,0,10,-9.79,0.0,0.0
752,random,3,0.1336,0.08,0,cpu,0,12,-10.41,0.0,0.0
753,random,3,0.1337,0.08,0,cpu,0,12,-10.01,0.0,0.0
754,random,3,0.1338,0.08,0,cpu,0,9,-10.28,0.0,0.0
755,random,3,0.1339,0.08,0,cpu,0,7,-10.46,0.0,0.0
756,random,3,0.134,0.08,0,cpu,0,10,-10.19,0.0,0.0
757,random,3,0.1341,0.08,0,cpu,0,14,-10.63,0.0,0.0
758,random,3,0.1342,0.08,0,cpu,0,17,-10.56,0.0,0.0
759,random,3,0.1343,0.08,0,cpu,0,6,-10.35,0.0,0.0
760,random,3,0.1344,0.08,0,cpu,0,8,-9.77,0.0,0.0
761,random,3,0.1345,0.08,0,cpu,0,13,-10.92,0.0,0.0
762,random,3,0.1347,0.08,0,cpu,0,15,-10.54,0.0,0.0
763,random,3,0.135,0.1,0,cpu,1,44,-1.02,0.0,0.0
764,random,3,0.1353,0.1,0,cpu,0,43,-11.22,0.0,0.0
765,random,3,0.1355,0.1,0,cpu,0,14,-10.43,0.0,0.0
766,random,3,0.1357,0.1,0,cpu,0,27,-10.66,0.0,0.0
767,random,3,0.1358,0.1,0,cpu,0,12,-10.41,0.0,0.0
768,random,3,0.136,0.1,0,cpu,0,23,-10.62,0.0,0.0
769,random,3,0.1361,0.1,0,cpu,0,11,-10.7,0.0,0.0
770,random,3,0.1361,0.1,0,cpu,0,8,-10.17,0.0,0.0
771,random,3,0.1362,0.1,0,cpu,0,12,-10.41,0.0,0.0
772,random,3,0.1363,0.1,0,cpu,0,10,-9.99,0.0,0.0
773,random,3,0.1366,0.1,0,cpu,0,39,-10.78,0.0,0.0
774,random,3,0.1367,0.1,0,cpu,0,11,-10.7,0.0,0.0
775,random,3,0.1368,0.1,0,cpu,0,9,-10.88,0.0,0.0
776,random,3,0.1369,0.1,0,cpu,0,10,-10.19,0.0,0.0
777,random,3,0.137,0.1,0,cpu,0,14,-10.23,0.0,0.0
778,random,3,0.1371,0.1,0,cpu,0,7,-10.66,0.0,0.0
779,random,3,0.1372,0.1,0,cpu,0,12,-10.81,0.0,0.0
780,random,3,0.1373,0.1,0,cpu,0,14,-10.43,0.0,0.0
781,random,3,0.1375,0.08,0,cpu,0,20,-10.49,0.0,0.0
782,random,3,0.138,0.06,0,cpu,0,68,-10.77,0.0,0.0
783,random,3,0.1382,0.06,0,cpu,0,21,-10.2,0.0,0.0
784,random,3,0.1384,0.04,0,cpu,0,25,-10.44,0.0,0.0
785,random,3,0.1385,0.04,0,cpu,0,21,-10.4,0.0,0.0
786,random,3,0.1386,0.02,0,cpu,0,14,-11.03,0.0,0.0
787,random,3,0.1388,0.02,0,cpu,0,15,-10.74,0.0,0.0
788,random,3,0.1389,0.02,0,cpu,0,19,-10.78,0.0,0.0
789,random,3,0.1391,0.04,0,cpu,1,18,-0.16,0.0,0.0
790,random,3,0.1393,0.04,0,cpu,0,26,-10.75,0.0,0.0
791,random,3,0.1395,0.04,0,cpu,0,16,-9.85,0.0,0.0
792,random,3,0.1396,0.04,0,cpu,0,20,-10.89,0.0,0.0
793,random,3,0.1397,0.04,0,cpu,0,6,-10.15,0.0,0.0
794,random,3,0.1398,0.06,0,cpu,1,10,-0.08,0.0,0.0
795,random,3,0.1401,0.06,0,cpu,0,33,-10.92,0.0,0.0
796,random,3,0.1401,0.06,0,cpu,0,8,-10.57,0.0,0.0
797,random,3,0.1402,0.08,0,cpu,1,10,0.12,0.0,0.0
798,random,3,0.1404,0.08,0,cpu,0,22,-10.71,0.0,0.0
799,random,3,0.1406,0.08,0,cpu,0,30,-10.59,0.0,0.0
800,random,3,0.1407,0.08,0,cpu,0,10,-10.79,0.0,0.0
801,random,3,0.1408,0.08,0,cpu,0,9,-10.48,0.0,0.0
802,random,3,0.1409,0.08,0,cpu,0,17,-10.76,0.0,0.0
803,random,3,0.141,0.08,0,cpu,0,7,-10.46,0.0,0.0
804,random,3,0.1411,0.1,0,cpu,1,11,0.21,0.0,0.0
805,random,3,0.1412,0.1,0,cpu,0,12,-10.61,0.0,0.0
806,random,3,0.1414,0.1,0,cpu,0,25,-10.44,0.0,0.0
807,random,3,0.1418,0.1,0,cpu,0,48,-10.97,0.0,0.0
808,random,3,0.1419,0.1,0,cpu,0,11,-10.9,0.0,0.0
809,random,3,0.142,0.1,0,cpu,0,11,-10.5,0.0,0.0
810,random,3,0.1421,0.1,0,cpu,0,8,-9.97,0.0,0.0
811,random,3,0.1422,0.1,0,cpu,0,15,-10.34,0.0,0.0
812,random,3,0.1424,0.12,0,cpu,1,22,0.0,0.0,0.0
813,random,3,0.1425,0.1,0,cpu,0,12,-10.61,0.0,0.0
814,random,3,0.1427,0.1,0,cpu,0,23,-10.42,0.0,0.0
815,random,3,0.143,0.1,0,cpu,0,38,-11.07,0.0,0.0
816,random,3,0.1432,0.1,0,cpu,0,28,-10.37,0.0,0.0
817,random,3,0.1433,0.1,0,cpu,0,7,-10.66,0.0,0.0
818,random,3,0.1434,0.1,0,cpu,0,12,-10.61,0.0,0.0
819,random,3,0.1435,0.1,0,cpu,0,13,-10.12,0.0,0.0
820,random,3,0.1439,0.1,0,cpu,0,44,-10.93,0.0,0.0
821,random,3,0.144,0.12,0,cpu,1,12,-0.9,0.0,0.0
822,random,3,0.1442,0.14,0,cpu,1,20,0.62,0.0,0.0
823,random,3,0.1442,0.14,0,cpu,0,7,-10.66,0.0,0.0
824,random,3,0.1447,0.14,0,cpu,0,54,-11.23,0.0,0.0
825,random,3,0.1448,0.14,0,cpu,0,15,-10.74,0.0,0.0
826,random,3,0.1451,0.14,0,cpu,0,40,-10.29,0.0,0.0
827,random,3,0.1454,0.14,0,cpu,0,37,-10.16,0.0,0.0
828,random,3,0.1455,0.14,0,cpu,0,8,-10.57,0.0,0.0
829,random,3,0.1456,0.14,0,cpu,0,10,-10.39,0.0,0.0
830,random,3,0.1456,0.14,0,cpu,0,6,-10.55,0.0,0.0
831,random,3,0.1461,0.14,0,cpu,0,62,-10.91,0.0,0.0
832,random,3,0.1462,0.14,0,cpu,0,9,-10.28,0.0,0.0
833,random,3,0.1465,0.16,0,cpu,1,50,-0.28,0.0,0.0
834,random,3,0.1467,0.16,0,cpu,0,20,-10.69,0.0,0.0
835,random,3,0.1468,0.16,0,cpu,0,9,-10.28,0.0,0.0
836,random,3,0.147,0.16,0,cpu,0,30,-10.39,0.0,0.0
837,random,3,0.1471,0.16,0,cpu,0,10,-9.79,0.0,0.0
838,random,3,0.1472,0.16,0,cpu,0,10,-10.19,0.0,0.0
839,random,3,0.1475,0.16,0,cpu,1,30,-0.28,0.0,0.0
840,random,3,0.1477,0.16,0,cpu,0,32,-10.41,0.0,0.0
841,random,3,0.1478,0.16,0,cpu,0,9,-10.08,0.0,0.0
842,random,3,0.1479,0.16,0,cpu,0,12,-10.61,0.0,0.0
843,random,3,0.148,0.16,0,cpu,0,6,-9.95,0.0,0.0
844,random,3,0.1482,0.16,0,cpu,1,24,0.18,0.0,0.0
845,random,3,0.1483,0.16,0,cpu,0,9,-9.68,0.0,0.0
846,random,3,0.1484,0.16,0,cpu,0,19,-10.58,0.0,0.0
847,random,3,0.1487,0.14,0,cpu,0,41,-10.0,0.0,0.0
848,random,3,0.1488,0.14,0,cpu,0,9,-9.88,0.0,0.0
849,random,3,0.1489,0.14,0,cpu,0,8,-9.97,0.0,0.0
850,random,3,0.1492,0.16,0,cpu,1,40,-0.58,0.0,0.0
851,random,3,0.1494,0.16,0,cpu,0,25,-10.44,0.0,0.0
852,random,3,0.1495,0.16,0,cpu,0,6,-10.35,0.0,0.0
853,random,3,0.1496,0.16,0,cpu,0,20,-11.09,0.0,0.0
854,random,3,0.1499,0.16,0,cpu,1,28,0.14,0.0,0.0
855,random,3,0.15,0.16,0,cpu,0,15,-10.54,0.0,0.0
856,random,3,0.1502,0.16,0,cpu,0,23,-10.82,0.0,0.0
857,random,3,0.1503,0.16,0,cpu,0,10,-10.39,0.0,0.0
858,random,3,0.1506,0.16,0,cpu,0,42,-10.71,0.0,0.0
859,random,3,0.1507,0.16,0,cpu,0,13,-10.12,0.0,0.0
860,random,3,0.1509,0.16,0,cpu,0,18,-10.87,0.0,0.0
861,random,3,0.151,0.16,0,cpu,0,11,-10.3,0.0,0.0
862,random,3,0.1511,0.14,0,cpu,0,11,-9.9,0.0,0.0
863,random,3,0.1514,0.14,0,cpu,0,34,-9.83,0.0,0.0
864,random,3,0.1515,0.14,0,cpu,0,6,-10.55,0.0,0.0
865,random,3,0.1516,0.14,0,cpu,0,14,-10.23,0.0,0.0
866,random,3,0.1516,0.14,0,cpu,0,6,-10.35,0.0,0.0
867,random,3,0.1518,0.14,0,cpu,0,19,-10.58,0.0,0.0
868,random,3,0.152,0.14,0,cpu,0,22,-10.11,0.0,0.0
869,random,3,0.1521,0.16,0,cpu,1,12,0.5,0.0,0.0
870,random,3,0.1523,0.16,0,cpu,0,24,-9.53,0.0,0.0
871,random,3,0.1524,0.14,0,cpu,0,7,-10.66,0.0,0.0
872,random,3,0.1524,0.12,0,cpu,0,9,-10.28,0.0,0.0
873,random,3,0.1525,0.12,0,cpu,0,12,-9.61,0.0,0.0
874,random,3,0.1529,0.14,0,cpu,1,48,-0.26,0.0,0.0
875,random,3,0.153,0.14,0,cpu,0,10,-10.99,0.0,0.0
876,random,3,0.1532,0.14,0,cpu,0,23,-10.62,0.0,0.0
877,random,3,0.1534,0.14,0,cpu,0,18,-10.67,0.0,0.0
878,random,3,0.1536,0.16,0,cpu,1,26,0.36,0.0,0.0
879,random,3,0.1538,0.18,0,cpu,1,19,0.33,0.0,0.0
880,random,3,0.154,0.18,0,cpu,0,23,-10.22,0.0,0.0
881,random,3,0.1541,0.18,0,cpu,0,23,-10.82,0.0,0.0
882,random,3,0.1542,0.18,0,cpu,0,9,-10.68,0.0,0.0
883,random,3,0.1544,0.16,0,cpu,0,20,-10.29,0.0,0.0
884,random,3,0.1546,0.16,0,cpu,0,26,-10.95,0.0,0.0
885,random,3,0.1549,0.16,0,cpu,0,38,-10.67,0.0,0.0
886,random,3,0.1551,0.16,0,cpu,0,36,-11.25,0.0,0.0
887,random,3,0.1552,0.16,0,cpu,0,11,-10.7,0.0,0.0
888,random,3,0.1553,0.16,0,cpu,0,11,-9.9,0.0,0.0
889,random,3,0.1556,0.14,0,cpu,0,27,-9.86,0.0,0.0
890,random,3,0.1557,0.14,0,cpu,0,11,-9.5,0.0,0.0
891,random,3,0.1558,0.14,0,cpu,0,11,-10.9,0.0,0.0
892,random,3,0.156,0.14,0,cpu,0,24,-10.73,0.0,0.0
893,random,3,0.1561,0.14,0,cpu,0,12,-9.61,0.0,0.0
894,random,3,0.1562,0.12,0,cpu,0,22,-10.31,0.0,0.0
895,random,3,0.1564,0.12,0,cpu,0,13,-10.52,0.0,0.0
896,random,3,0.1564,0.12,0,cpu,0,10,-10.59,0.0,0.0
897,random,3,0.1566,0.12,0,cpu,0,21,-10.4,0.0,0.0
898,random,3,0.1568,0.12,0,cpu,0,25,-10.84,0.0,0.0
899,random,3,0.157,0.12,0,cpu,0,20,-9.89,0.0,0.0
900,random,3,0.1571,0.12,0,cpu,1,21,-0.09,0.0,0.0
901,random,3,0.1575,0.12,0,cpu,0,40,-10.89,0.0,0.0
902,random,3,0.1576,0.12,0,cpu,0,23,-9.82,0.0,0.0
903,random,3,0.1579,0.12,0,cpu,0,33,-10.92,0.0,0.0
904,random,3,0.158,0.1,0,cpu,0,7,-9.46,0.0,0.0
905,random,3,0.1582,0.1,0,cpu,0,31,-10.5,0.0,0.0
906,random,3,0.1583,0.12,0,cpu,1,6,0.16,0.0,0.0
907,random,3,0.1584,0.14,0,cpu,1,13,0.39,0.0,0.0
908,random,3,0.1586,0.14,0,cpu,0,22,-10.91,0.0,0.0
909,random,3,0.1588,0.14,0,cpu,0,19,-10.58,0.0,0.0
910,random,3,0.159,0.14,0,cpu,0,25,-9.84,0.0,0.0
911,random,3,0.1593,0.14,0,cpu,0,37,-10.96,0.0,0.0
912,random,3,0.1596,0.16,0,cpu,1,40,0.02,0.0,0.0
913,random,3,0.1599,0.16,0,cpu,0,30,-10.79,0.0,0.0
914,random,3,0.16,0.16,0,cpu,0,22,-10.91,0.0,0.0
915,random,3,0.1601,0.16,0,cpu,0,10,-10.39,0.0,0.0
916,random,3,0.1603,0.16,0,cpu,0,23,-10.62,0.0,0.0
917,random,3,0.1604,0.16,0,cpu,0,13,-10.52,0.0,0.0
918,random,3,0.1607,0.16,0,cpu,0,30,-10.59,0.0,0.0
919,random,3,0.1608,0.14,0,cpu,0,18,-9.47,0.0,0.0
920,random,3,0.161,0.14,0,cpu,0,19,-9.78,0.0,0.0
921,random,3,0.1611,0.16,0,cpu,1,18,0.44,0.0,0.0
922,random,3,0.1613,0.16,0,cpu,0,20,-10.49,0.0,0.0
923,random,3,0.1615,0.16,0,cpu,0,22,-10.51,0.0,0.0
924,random,3,0.1616,0.14,0,cpu,0,15,-10.74,0.0,0.0
925,random,3,0.1617,0.14,0,cpu,0,18,-9.67,0.0,0.0
926,random,3,0.1618,0.14,0,cpu,0,7,-10.46,0.0,0.0
927,random,3,0.1621,0.16,0,cpu,1,39,0.33,0.0,0.0
928,random,3,0.1622,0.14,0,cpu,0,10,-10.59,0.0,0.0
929,random,3,0.1623,0.12,0,cpu,0,7,-9.86,0.0,0.0
930,random,3,0.1624,0.12,0,cpu,0,23,-10.82,0.0,0.0
931,random,3,0.1626,0.12,0,cpu,0,24,-10.13,0.0,0.0
932,random,3,0.1627,0.12,0,cpu,0,7,-10.26,0.0,0.0
933,random,3,0.1628,0.12,0,cpu,0,14,-10.63,0.0,0.0
934,random,3,0.1629,0.12,0,cpu,0,16,-10.85,0.0,0.0
935,random,3,0.1632,0.12,0,cpu,0,29,-10.68,0.0,0.0
936,random,3,0.1633,0.12,0,cpu,0,11,-10.7,0.0,0.0
937,random,3,0.1634,0.12,0,cpu,0,20,-10.69,0.0,0.0
938,random,3,0.1635,0.12,0,cpu,0,9,-10.68,0.0,0.0
939,random,3,0.1636,0.12,0,cpu,0,12,-10.41,0.0,0.0
940,random,3,0.1637,0.12,0,cpu,0,12,-9.61,0.0,0.0
941,random,3,0.1643,0.12,0,cpu,0,64,-11.53,0.0,0.0
942,random,3,0.1644,0.12,0,cpu,0,18,-9.67,0.0,0.0
943,random,3,0.1646,0.12,0,cpu,0,17,-10.96,0.0,0.0
944,random,3,0.1647,0.14,0,cpu,1,20,0.42,0.0,0.0
945,random,3,0.1649,0.14,0,cpu,0,17,-9.76,0.0,0.0
946,random,3,0.1655,0.16,0,cpu,1,81,-1.69,0.0,0.0
947,random,3,0.1656,0.16,0,cpu,0,17,-11.16,0.0,0.0
948,random,3,0.1657,0.16,0,cpu,0,7,-10.46,0.0,0.0
949,random,3,0.1658,0.16,0,cpu,0,14,-10.83,0.0,0.0
950,random,3,0.166,0.14,0,cpu,0,22,-9.91,0.0,0.0
951,random,3,0.1662,0.14,0,cpu,0,18,-9.47,0.0,0.0
952,random,3,0.1665,0.14,0,cpu,0,32,-10.41,0.0,0.0
953,random,3,0.1666,0.14,0,cpu,0,16,-10.05,0.0,0.0
954,random,3,0.1667,0.14,0,cpu,0,17,-9.76,0.0,0.0
955,random,3,0.1668,0.16,0,cpu,1,11,0.21,0.0,0.0
956,random,3,0.1669,0.14,0,cpu,0,5,-10.44,0.0,0.0
957,random,3,0.167,0.12,0,cpu,0,6,-10.35,0.0,0.0
958,random,3,0.1672,0.12,0,cpu,0,30,-10.99,0.0,0.0
959,random,3,0.1673,0.12,0,cpu,0,8,-9.97,0.0,0.0
960,random,3,0.1674,0.12,0,cpu,0,13,-10.72,0.0,0.0
961,random,3,0.1676,0.16,0,cpu,2,20,10.33,0.0,0.0
962,random,3,0.1677,0.14,0,cpu,0,12,-10.01,0.0,0.0
963,random,3,0.1678,0.14,0,cpu,0,15,-10.74,0.0,0.0
964,random,3,0.1679,0.14,0,cpu,0,10,-10.19,0.0,0.0
965,random,3,0.168,0.16,0,cpu,1,12,0.3,0.0,0.0
966,random,3,0.1682,0.16,0,cpu,0,21,-10.8,0.0,0.0
967,random,3,0.1683,0.16,0,cpu,0,9,-10.68,0.0,0.0
968,random,3,0.1684,0.18,0,cpu,1,18,-0.56,0.0,0.0
969,random,3,0.1686,0.18,0,cpu,0,28,-10.37,0.0,0.0
970,random,3,0.1688,0.18,0,cpu,0,16,-9.85,0.0,0.0
971,random,3,0.1689,0.16,0,cpu,0,9,-9.68,0.0,0.0
972,random,3,0.169,0.16,0,cpu,0,21,-9.6,0.0,0.0
973,random,3,0.1691,0.18,0,cpu,1,7,0.05,0.0,0.0
974,random,3,0.1692,0.18,0,cpu,0,10,-9.99,0.0,0.0
975,random,3,0.1693,0.18,0,cpu,0,10,-10.59,0.0,0.0
976,random,3,0.1694,0.18,0,cpu,0,7,-9.46,0.0,0.0
977,random,3,0.1698,0.16,0,cpu,0,52,-10.81,0.0,0.0
978,random,3,0.17,0.16,0,cpu,0,23,-10.62,0.0,0.0
979,random,3,0.1702,0.18,0,cpu,1,24,-0.82,0.0,0.0
980,random,3,0.1703,0.18,0,cpu,0,17,-10.96,0.0,0.0
981,random,3,0.1704,0.2,0,cpu,1,8,-0.06,0.0,0.0
982,random,3,0.1707,0.2,0,cpu,0,35,-9.94,0.0,0.0
983,random,3,0.1709,0.2,0,cpu,0,33,-9.92,0.0,0.0
984,random,3,0.1711,0.22,0,cpu,1,16,0.46,0.0,0.0
985,random,3,0.1713,0.22,0,cpu,0,33,-10.32,0.0,0.0
986,random,3,0.1714,0.22,0,cpu,0,11,-10.1,0.0,0.0
987,random,3,0.1715,0.22,0,cpu,0,15,-9.94,0.0,0.0
988,random,3,0.1717,0.24,0,cpu,1,15,-0.63,0.0,0.0
989,random,3,0.1718,0.24,0,cpu,0,11,-10.9,0.0,0.0
990,random,3,0.172,0.24,0,cpu,0,22,-10.91,0.0,0.0
991,random,3,0.1723,0.24,0,cpu,0,43,-10.82,0.0,0.0
992,random,3,0.1725,0.24,0,cpu,0,14,-10.63,0.0,0.0
993,random,3,0.1728,0.24,0,cpu,0,25,-11.04,0.0,0.0
994,random,3,0.173,0.22,0,cpu,0,27,-10.86,0.0,0.0
995,random,3,0.1732,0.22,0,cpu,0,29,-10.08,0.0,0.0
996,random,3,0.1733,0.2,0,cpu,0,6,-10.35,0.0,0.0
997,random,3,0.1735,0.2,0,cpu,0,31,-10.5,0.0,0.0
998,random,3,0.1737,0.2,0,cpu,0,22,-10.51,0.0,0.0
999,random,3,0.1738,0.2,0,cpu,0,13,-10.72,0.0,0.0
1000,random,3,0.1739,0.2,0,cpu,0,15,-10.34,0.0,0.0
1001,random,3,0.174,0.2,0,cpu,0,7,-10.06,0.0,0.0
1002,random,3,0.1741,0.2,0,cpu,0,14,-10.23,0.0,0.0
1003,random,3,0.1742,0.2,0,cpu,0,9,-10.08,0.0,0.0
1004,random,3,0.1743,0.2,0,cpu,0,14,-10.43,0.0,0.0
1005,random,3,0.1744,0.18,0,cpu,0,9,-9.88,0.0,0.0
1006,random,3,0.1745,0.18,0,cpu,0,12,-10.21,0.0,0.0
1007,random,3,0.1747,0.18,0,cpu,0,25,-10.24,0.0,0.0
1008,random,3,0.175,0.2,0,cpu,1,40,-0.98,0.0,0.0
1009,random,3,0.1751,0.2,0,cpu,0,9,-10.08,0.0,0.0
1010,random,3,0.1753,0.2,0,cpu,0,17,-10.56,0.0,0.0
1011,random,3,0.1753,0.18,0,cpu,1,8,-0.26,0.0,0.0
1012,random,3,0.1758,0.18,0,cpu,0,59,-10.58,0.0,0.0
1013,random,3,0.1758,0.18,0,cpu,0,9,-10.88,0.0,0.0
1014,random,3,0.176,0.18,0,cpu,0,14,-10.03,0.0,0.0
1015,random,3,0.1761,0.16,0,cpu,0,19,-10.38,0.0,0.0
1016,random,3,0.1762,0.16,0,cpu,0,8,-9.57,0.0,0.0
1017,random,3,0.1763,0.16,0,cpu,0,16,-10.25,0.0,0.0
1018,random,3,0.1764,0.14,0,cpu,0,13,-10.52,0.0,0.0
1019,random,3,0.1765,0.14,0,cpu,0,10,-10.39,0.0,0.0
1020,random,3,0.1766,0.14,0,cpu,0,6,-9.95,0.0,0.0
1021,random,3,0.1767,0.16,0,cpu,1,15,0.37,0.0,0.0
1022,random,3,0.177,0.16,0,cpu,0,39,-10.38,0.0,0.0
1023,random,3,0.1771,0.14,0,cpu,0,13,-10.52,0.0,0.0
1024,random,3,0.1773,0.14,0,cpu,0,20,-9.89,0.0,0.0
1025,random,3,0.1775,0.14,0,cpu,0,30,-10.99,0.0,0.0
1026,random,3,0.1778,0.16,0,cpu,1,38,0.64,0.0,0.0
1027,random,3,0.1781,0.16,0,cpu,0,26,-10.75,0.0,0.0
1028,random,3,0.1783,0.18,0,cpu,1,34,0.08,0.0,0.0
1029,random,3,0.1785,0.16,0,cpu,0,22,-9.91,0.0,0.0
1030,random,3,0.1786,0.16,0,cpu,0,15,-10.54,0.0,0.0
1031,random,3,0.1788,0.14,0,cpu,0,21,-10.2,0.0,0.0
1032,random,3,0.1789,0.14,0,cpu,0,8,-10.57,0.0,0.0
1033,random,3,0.1791,0.14,0,cpu,0,34,-10.03,0.0,0.0
1034,random,3,0.1792,0.12,0,cpu,0,7,-10.46,0.0,0.0
1035,random,3,0.1793,0.12,0,cpu,0,7,-9.86,0.0,0.0
1036,random,3,0.1795,0.12,0,cpu,0,25,-10.44,0.0,0.0
1037,random,3,0.1796,0.12,0,cpu,0,12,-10.61,0.0,0.0
1038,random,3,0.1797,0.1,0,cpu,0,16,-10.45,0.0,0.0
1039,random,3,0.1801,0.1,0,cpu,0,47,-10.86,0.0,0.0
1040,random,3,0.1806,0.12,0,cpu,1,71,-0.79,0.0,0.0
1041,random,3,0.1807,0.12,0,cpu,0,10,-10.59,0.0,0.0
1042,random,3,0.181,0.16,0,cpu,2,35,10.68,0.0,0.0
1043,random,3,0.1812,0.16,0,cpu,0,15,-10.34,0.0,0.0
1044,random,3,0.1816,0.18,0,cpu,1,50,-0.28,0.0,0.0
1045,random,3,0.1817,0.18,0,cpu,0,18,-11.07,0.0,0.0
1046,random,3,0.182,0.18,0,cpu,0,38,-11.27,0.0,0.0
1047,random,3,0.1823,0.18,0,cpu,0,43,-11.02,0.0,0.0
1048,random,3,0.1826,0.18,0,cpu,0,29,-10.28,0.0,0.0
1049,random,3,0.1827,0.18,0,cpu,0,14,-10.63,0.0,0.0
1050,random,3,0.1829,0.18,0,cpu,0,20,-10.69,0.0,0.0
1051,random,3,0.183,0.18,0,cpu,0,8,-9.97,0.0,0.0
1052,random,3,0.1831,0.18,0,cpu,0,10,-9.99,0.0,0.0
1053,random,3,0.1834,0.18,0,cpu,0,32,-10.81,0.0,0.0
1054,random,3,0.1837,0.2,0,cpu,1,35,-1.23,0.0,0.0
1055,random,3,0.1838,0.2,0,cpu,0,9,-10.48,0.0,0.0
1056,random,3,0.1838,0.2,0,cpu,0,7,-10.06,0.0,0.0
1057,random,3,0.1841,0.2,0,cpu,0,29,-10.48,0.0,0.0
1058,random,3,0.1842,0.2,0,cpu,1,15,-0.23,0.0,0.0
1059,random,3,0.1844,0.22,0,cpu,1,19,0.53,0.0,0.0
1060,random,3,0.1848,0.22,0,cpu,0,45,-11.24,0.0,0.0
1061,random,3,0.1849,0.2,0,cpu,0,19,-10.78,0.0,0.0
1062,random,3,0.185,0.2,0,cpu,0,7,-10.46,0.0,0.0
1063,random,3,0.1851,0.2,0,cpu,0,7,-10.66,0.0,0.0
1064,random,3,0.1851,0.2,0,cpu,0,9,-9.68,0.0,0.0
1065,random,3,0.1854,0.2,0,cpu,0,31,-10.7,0.0,0.0
1066,random,3,0.1859,0.22,0,cpu,1,59,-0.67,0.0,0.0
1067,random,3,0.1863,0.26,0,cpu,2,48,9.85,0.0,0.0
1068,random,3,0.1864,0.26,0,cpu,0,11,-10.5,0.0,0.0
1069,random,3,0.1865,0.26,0,cpu,0,14,-10.83,0.0,0.0
1070,random,3,0.1866,0.26,0,cpu,0,11,-10.5,0.0,0.0
1071,random,3,0.1868,0.24,0,cpu,0,20,-10.49,0.0,0.0
1072,random,3,0.1871,0.24,0,cpu,0,42,-10.31,0.0,0.0
1073,random,3,0.1873,0.24,0,cpu,0,18,-10.27,0.0,0.0
1074,random,3,0.1874,0.24,0,cpu,0,12,-10.41,0.0,0.0
1075,random,3,0.1878,0.24,0,cpu,0,60,-10.69,0.0,0.0
1076,random,3,0.1881,0.22,0,cpu,0,36,-10.05,0.0,0.0
1077,random,3,0.1883,0.22,0,cpu,0,20,-10.89,0.0,0.0
1078,random,3,0.1889,0.2,0,cpu,0,81,-10.4,0.0,0.0
1079,random,3,0.1891,0.2,0,cpu,0,21,-11.0,0.0,0.0
1080,random,3,0.1893,0.2,0,cpu,0,18,-10.67,0.0,0.0
1081,random,3,0.1894,0.2,0,cpu,0,12,-10.01,0.0,0.0
1082,random,3,0.1896,0.2,0,cpu,0,27,-10.46,0.0,0.0
1083,random,3,0.1897,0.2,0,cpu,0,11,-10.9,0.0,0.0
1084,random,3,0.1899,0.2,0,cpu,0,14,-10.23,0.0,0.0
1085,random,3,0.1899,0.2,0,cpu,0,9,-10.48,0.0,0.0
1086,random,3,0.1901,0.2,0,cpu,0,16,-10.65,0.0,0.0
1087,random,3,0.1904,0.2,0,cpu,0,43,-10.82,0.0,0.0
1088,random,3,0.1905,0.2,0,cpu,0,19,-9.98,0.0,0.0
1089,random,3,0.1906,0.2,0,cpu,0,9,-10.48,0.0,0.0
1090,random,3,0.1907,0.18,0,cpu,0,12,-10.21,0.0,0.0
1091,random,3,0.1909,0.18,0,cpu,0,23,-10.42,0.0,0.0
1092,random,3,0.1911,0.14,0,cpu,0,23,-10.62,0.0,0.0
1093,random,3,0.1912,0.14,0,cpu,0,14,-10.63,0.0,0.0
1094,random,3,0.1915,0.12,0,cpu,0,35,-10.74,0.0,0.0
1095,random,3,0.1916,0.14,0,cpu,1,11,0.01,0.0,0.0
1096,random,3,0.1917,0.14,0,cpu,0,11,-10.5,0.0,0.0
1097,random,3,0.1919,0.14,0,cpu,0,16,-10.85,0.0,0.0
1098,random,3,0.1921,0.14,0,cpu,0,25,-9.84,0.0,0.0
1099,random,3,0.1922,0.14,0,cpu,0,20,-10.49,0.0,0.0
1100,random,3,0.1923,0.14,0,cpu,0,14,-10.43,0.0,0.0
1101,random,3,0.1925,0.14,0,cpu,0,21,-10.2,0.0,0.0
1102,random,3,0.1927,0.14,0,cpu,0,16,-9.65,0.0,0.0
1103,random,3,0.1932,0.16,0,cpu,1,71,-0.99,0.0,0.0
1104,random,3,0.1934,0.14,0,cpu,0,18,-10.47,0.0,0.0
1105,random,3,0.1935,0.14,0,cpu,0,11,-10.5,0.0,0.0
1106,random,3,0.1937,0.18,0,cpu,2,25,9.98,0.0,0.0
1107,random,3,0.194,0.18,0,cpu,0,37,-10.96,0.0,0.0
1108,random,3,0.1941,0.16,0,cpu,0,9,-10.28,0.0,0.0
1109,random,3,0.1944,0.14,0,cpu,0,41,-10.8,0.0,0.0
1110,random,3,0.1945,0.14,0,cpu,0,11,-10.3,0.0,0.0
1111,random,3,0.1946,0.14,0,cpu,0,11,-10.1,0.0,0.0
1112,random,3,0.1947,0.14,0,cpu,0,9,-10.88,0.0,0.0
1113,random,3,0.1948,0.14,0,cpu,0,9,-9.88,0.0,0.0
1114,random,3,0.1949,0.14,0,cpu,0,10,-10.39,0.0,0.0
1115,random,3,0.1949,0.14,0,cpu,0,6,-10.35,0.0,0.0
1116,random,3,0.1951,0.12,0,cpu,0,19,-10.38,0.0,0.0
1117,random,3,0.1952,0.08,0,cpu,0,8,-10.57,0.0,0.0
1118,random,3,0.1953,0.08,0,cpu,0,18,-10.27,0.0,0.0
1119,random,3,0.1954,0.08,0,cpu,0,10,-10.59,0.0,0.0
1120,random,3,0.1957,0.08,0,cpu,0,39,-10.98,0.0,0.0
1121,random,3,0.1959,0.08,0,cpu,0,18,-10.27,0.0,0.0
1122,random,3,0.196,0.08,0,cpu,0,23,-11.02,0.0,0.0
1123,random,3,0.1961,0.08,0,cpu,0,11,-10.9,0.0,0.0
1124,random,3,0.1962,0.1,0,cpu,1,8,-0.06,0.0,0.0
1125,random,3,0.1963,0.1,0,cpu,0,10,-9.99,0.0,0.0
1126,random,3,0.1964,0.1,0,cpu,0,13,-10.72,0.0,0.0
1127,random,3,0.1967,0.1,0,cpu,0,38,-11.27,0.0,0.0
1128,random,3,0.197,0.1,0,cpu,0,37,-9.96,0.0,0.0
1129,random,3,0.1971,0.1,0,cpu,0,13,-10.72,0.0,0.0
1130,random,3,0.1973,0.1,0,cpu,0,22,-10.71,0.0,0.0
1131,random,3,0.1975,0.1,0,cpu,0,25,-10.64,0.0,0.0
1132,random,3,0.1979,0.1,0,cpu,0,45,-9.84,0.0,0.0
1133,random,3,0.198,0.1,0,cpu,0,8,-10.77,0.0,0.0
1134,random,3,0.198,0.1,0,cpu,0,10,-9.99,0.0,0.0
1135,random,3,0.1982,0.1,0,cpu,0,16,-11.05,0.0,0.0
1136,random,3,0.1983,0.12,0,cpu,1,9,0.03,0.0,0.0
1137,random,3,0.1984,0.12,0,cpu,0,10,-10.39,0.0,0.0
1138,random,3,0.1984,0.12,0,cpu,0,7,-9.86,0.0,0.0
1139,random,3,0.1985,0.12,0,cpu,0,9,-10.48,0.0,0.0
1140,random,3,0.1986,0.12,0,cpu,0,9,-9.88,0.0,0.0
1141,random,3,0.1987,0.12,0,cpu,0,10,-10.19,0.0,0.0
1142,random,3,0.1988,0.12,0,cpu,0,10,-10.79,0.0,0.0
1143,random,3,0.1988,0.12,0,cpu,0,9,-10.48,0.0,0.0
1144,random,3,0.1989,0.12,0,cpu,0,7,-10.46,0.0,0.0
1145,random,3,0.1991,0.12,0,cpu,1,22,0.4,0.0,0.0
1146,random,3,0.1993,0.12,0,cpu,0,31,-10.7,0.0,0.0
1147,random,3,0.1995,0.12,0,cpu,0,25,-11.04,0.0,0.0
1148,random,3,0.1998,0.12,0,cpu,0,28,-10.17,0.0,0.0
1149,random,3,0.1999,0.12,0,cpu,0,12,-9.81,0.0,0.0
1150,random,3,0.2001,0.14,0,cpu,1,22,-0.4,0.0,0.0
1151,random,3,0.2002,0.14,0,cpu,0,9,-10.68,0.0,0.0
1152,random,3,0.2002,0.14,0,cpu,0,6,-10.35,0.0,0.0
1153,random,3,0.2003,0.12,0,cpu,0,7,-9.66,0.0,0.0
1154,random,3,0.2004,0.12,0,cpu,0,8,-10.77,0.0,0.0
1155,random,3,0.2007,0.12,0,cpu,0,42,-10.91,0.0,0.0
1156,random,3,0.2008,0.08,0,cpu,0,12,-10.41,0.0,0.0
1157,random,3,0.2011,0.1,0,cpu,1,26,-0.64,0.0,0.0
1158,random,3,0.2011,0.1,0,cpu,0,8,-10.37,0.0,0.0
1159,random,3,0.2013,0.1,0,cpu,0,12,-10.21,0.0,0.0
1160,random,3,0.2014,0.1,0,cpu,0,22,-10.51,0.0,0.0
1161,random,3,0.2015,0.1,0,cpu,0,8,-9.77,0.0,0.0
1162,random,3,0.2017,0.1,0,cpu,0,30,-10.39,0.0,0.0
1163,random,3,0.2021,0.1,0,cpu,0,45,-11.24,0.0,0.0
1164,random,3,0.2022,0.1,0,cpu,0,11,-10.9,0.0,0.0
1165,random,3,0.2024,0.1,0,cpu,0,28,-10.97,0.0,0.0
1166,random,3,0.2025,0.1,0,cpu,0,8,-10.57,0.0,0.0
1167,random,3,0.2026,0.1,0,cpu,0,19,-9.98,0.0,0.0
1168,random,3,0.2027,0.1,0,cpu,0,10,-9.99,0.0,0.0
1169,random,3,0.2028,0.1,0,cpu,0,8,-9.77,0.0,0.0
1170,random,3,0.2029,0.12,0,cpu,1,11,-0.19,0.0,0.0
1171,random,3,0.203,0.12,0,cpu,0,8,-10.77,0.0,0.0
1172,random,3,0.2032,0.12,0,cpu,0,25,-10.64,0.0,0.0
1173,random,3,0.2033,0.12,0,cpu,0,11,-10.5,0.0,0.0
1174,random,3,0.2034,0.1,0,cpu,0,12,-10.61,0.0,0.0
1175,random,3,0.2036,0.1,0,cpu,0,19,-10.98,0.0,0.0
1176,random,3,0.2038,0.12,0,cpu,1,16,-0.54,0.0,0.0
1177,random,3,0.2039,0.12,0,cpu,0,19,-10.38,0.0,0.0
1178,random,3,0.2046,0.12,0,cpu,0,87,-11.46,0.0,0.0
1179,random,3,0.2047,0.12,0,cpu,0,10,-10.19,0.0,0.0
1180,random,3,0.2049,0.14,0,cpu,1,20,0.02,0.0,0.0
1181,random,3,0.2049,0.14,0,cpu,0,7,-10.26,0.0,0.0
1182,random,3,0.2052,0.14,0,cpu,0,32,-10.21,0.0,0.0
1183,random,3,0.2053,0.14,0,cpu,0,21,-10.4,0.0,0.0
1184,random,3,0.2055,0.14,0,cpu,0,20,-10.89,0.0,0.0
1185,random,3,0.2058,0.14,0,cpu,0,34,-10.63,0.0,0.0
1186,random,3,0.2061,0.16,0,cpu,2,34,9.99,0.0,0.0
1187,random,3,0.2062,0.16,0,cpu,0,7,-10.46,0.0,0.0
1188,random,3,0.2063,0.16,0,cpu,0,19,-10.78,0.0,0.0
1189,random,3,0.2065,0.16,0,cpu,0,27,-9.86,0.0,0.0
1190,random,3,0.2067,0.18,0,cpu,1,23,0.29,0.0,0.0
1191,random,3,0.2068,0.18,0,cpu,0,9,-10.28,0.0,0.0
1192,random,3,0.2069,0.18,0,cpu,0,7,-10.46,0.0,0.0
1193,random,3,0.2073,0.2,0,cpu,1,52,0.3,0.0,0.0
1194,random,3,0.2075,0.2,0,cpu,0,31,-10.3,0.0,0.0
1195,random,3,0.2078,0.18,0,cpu,0,44,-10.13,0.0,0.0
1196,random,3,0.208,0.18,0,cpu,0,21,-11.0,0.0,0.0
1197,random,3,0.2081,0.18,0,cpu,0,7,-10.06,0.0,0.0
1198,random,3,0.2082,0.18,0,cpu,0,16,-9.85,0.0,0.0
1199,random,3,0.2083,0.18,0,cpu,0,14,-10.63,0.0,0.0
1200,random,3,0.2086,0.16,0,cpu,0,25,-10.44,0.0,0.0
1201,random,3,0.2087,0.16,0,cpu,0,11,-10.5,0.0,0.0
1202,random,3,0.209,0.18,0,cpu,1,51,0.01,0.0,0.0
1203,random,3,0.2091,0.18,0,cpu,0,12,-10.21,0.0,0.0
1204,random,3,0.2093,0.18,0,cpu,0,14,-10.63,0.0,0.0
1205,random,3,0.2094,0.18,0,cpu,0,11,-10.3,0.0,0.0
1206,random,3,0.2098,0.18,0,cpu,0,53,-9.92,0.0,0.0
1207,random,3,0.21,0.16,0,cpu,0,11,-10.5,0.0,0.0
1208,random,3,0.21,0.16,0,cpu,0,7,-10.26,0.0,0.0
1209,random,3,0.2103,0.16,0,cpu,0,27,-11.06,0.0,0.0
1210,random,3,0.2106,0.16,0,cpu,0,39,-11.18,0.0,0.0
1211,random,3,0.2107,0.18,0,cpu,1,11,0.21,0.0,0.0
1212,random,3,0.2108,0.2,0,cpu,1,9,-0.57,0.0,0.0
1213,random,3,0.211,0.2,0,cpu,0,32,-10.01,0.0,0.0
1214,random,3,0.2112,0.2,0,cpu,0,14,-10.63,0.0,0.0
1215,random,3,0.2113,0.22,0,cpu,1,14,-0.52,0.0,0.0
1216,random,3,0.2115,0.22,0,cpu,0,28,-10.17,0.0,0.0
1217,random,3,0.2117,0.22,0,cpu,0,29,-9.68,0.0,0.0
1218,random,3,0.2118,0.22,0,cpu,0,12,-9.81,0.0,0.0
1219,random,3,0.2119,0.24,0,cpu,1,10,0.32,0.0,0.0
1220,random,3,0.2121,0.22,0,cpu,0,21,-10.4,0.0,0.0
1221,random,3,0.2123,0.22,0,cpu,0,16,-10.45,0.0,0.0
1222,random,3,0.2124,0.22,0,cpu,0,14,-10.83,0.0,0.0
1223,random,3,0.2125,0.22,0,cpu,0,14,-10.23,0.0,0.0
1224,random,3,0.2127,0.22,0,cpu,0,25,-10.64,0.0,0.0
1225,random,3,0.2129,0.22,0,cpu,0,20,-10.69,0.0,0.0
1226,random,3,0.213,0.2,0,cpu,0,20,-10.29,0.0,0.0
1227,random,3,0.2131,0.2,0,cpu,0,8,-10.57,0.0,0.0
1228,random,3,0.2133,0.22,0,cpu,1,23,-0.91,0.0,0.0
1229,random,3,0.2134,0.22,0,cpu,0,11,-10.3,0.0,0.0
1230,random,3,0.2135,0.2,0,cpu,0,14,-10.43,0.0,0.0
1231,random,3,0.2136,0.2,0,cpu,0,9,-9.88,0.0,0.0
1232,random,3,0.2139,0.22,0,cpu,1,31,-0.19,0.0,0.0
1233,random,3,0.2141,0.24,0,cpu,1,19,0.13,0.0,0.0
1234,random,3,0.2141,0.24,0,cpu,0,7,-10.26,0.0,0.0
1235,random,3,0.2142,0.24,0,cpu,0,7,-9.86,0.0,0.0
1236,random,3,0.2144,0.2,0,cpu,0,24,-10.33,0.0,0.0
1237,random,3,0.2145,0.2,0,cpu,0,11,-10.5,0.0,0.0
1238,random,3,0.2146,0.2,0,cpu,0,16,-10.05,0.0,0.0
1239,random,3,0.2148,0.2,0,cpu,0,15,-9.94,0.0,0.0
1240,random,3,0.2149,0.18,0,cpu,0,14,-10.63,0.0,0.0
1241,random,3,0.215,0.2,0,cpu,1,20,0.62,0.0,0.0
1242,random,3,0.2151,0.2,0,cpu,0,9,-10.08,0.0,0.0
1243,random,3,0.2153,0.18,0,cpu,0,27,-10.86,0.0,0.0
1244,random,3,0.2154,0.18,0,cpu,0,9,-10.28,0.0,0.0
1245,random,3,0.2155,0.2,0,cpu,1,9,-0.57,0.0,0.0
1246,random,3,0.2156,0.2,0,cpu,0,9,-10.28,0.0,0.0
1247,random,3,0.2157,0.2,0,cpu,0,8,-10.57,0.0,0.0
1248,random,3,0.2159,0.2,0,cpu,0,21,-10.2,0.0,0.0
1249,random,3,0.216,0.24,0,cpu,2,18,10.75,0.0,0.0
1250,random,3,0.2161,0.24,0,cpu,0,6,-10.35,0.0,0.0
1251,random,3,0.2163,0.24,0,cpu,0,23,-11.02,0.0,0.0
1252,random,3,0.2164,0.22,0,cpu,0,9,-10.88,0.0,0.0
1253,random,3,0.2165,0.22,0,cpu,0,9,-9.68,0.0,0.0
1254,random,3,0.2166,0.22,0,cpu,0,20,-10.09,0.0,0.0
1255,random,3,0.2168,0.22,0,cpu,0,11,-10.1,0.0,0.0
1256,random,3,0.217,0.22,0,cpu,0,24,-10.93,0.0,0.0
1257,random,3,0.217,0.22,0,cpu,0,8,-10.37,0.0,0.0
1258,random,3,0.2172,0.22,0,cpu,0,16,-10.85,0.0,0.0
1259,random,3,0.2173,0.22,0,cpu,0,9,-10.28,0.0,0.0
1260,random,3,0.2174,0.22,0,cpu,0,14,-10.63,0.0,0.0
1261,random,3,0.2174,0.2,0,cpu,0,8,-10.17,0.0,0.0
1262,random,3,0.2175,0.18,0,cpu,0,6,-10.35,0.0,0.0
1263,random,3,0.2176,0.18,0,cpu,0,10,-10.19,0.0,0.0
1264,random,3,0.2178,0.18,0,cpu,0,24,-10.33,0.0,0.0
1265,random,3,0.2179,0.16,0,cpu,0,10,-10.19,0.0,0.0
1266,random,3,0.2181,0.16,0,cpu,0,19,-10.58,0.0,0.0
1267,random,3,0.2182,0.16,0,cpu,0,21,-10.4,0.0,0.0
1268,random,3,0.2184,0.16,0,cpu,0,20,-10.89,0.0,0.0
1269,random,3,0.2186,0.14,0,cpu,0,23,-10.22,0.0,0.0
1270,random,3,0.2187,0.14,0,cpu,0,10,-10.59,0.0,0.0
1271,random,3,0.2188,0.14,0,cpu,0,23,-10.62,0.0,0.0
1272,random,3,0.219,0.14,0,cpu,0,14,-10.43,0.0,0.0
1273,random,3,0.2191,0.14,0,cpu,0,10,-10.59,0.0,0.0
1274,random,3,0.2192,0.14,0,cpu,0,13,-10.72,0.0,0.0
1275,random,3,0.2193,0.16,0,cpu,1,14,0.48,0.0,0.0
1276,random,3,0.2195,0.16,0,cpu,0,19,-10.78,0.0,0.0
1277,random,3,0.2196,0.16,0,cpu,0,22,-10.31,0.0,0.0
1278,random,3,0.2201,0.14,0,cpu,0,51,-10.1,0.0,0.0
1279,random,3,0.2202,0.14,0,cpu,0,17,-10.56,0.0,0.0
1280,random,3,0.2203,0.14,0,cpu,0,14,-9.83,0.0,0.0
1281,random,3,0.2204,0.14,0,cpu,0,8,-10.77,0.0,0.0
1282,random,3,0.2205,0.12,0,cpu,0,10,-9.79,0.0,0.0
1283,random,3,0.2206,0.1,0,cpu,0,12,-10.61,0.0,0.0
1284,random,3,0.2207,0.1,0,cpu,0,12,-11.01,0.0,0.0
1285,random,3,0.2208,0.1,0,cpu,0,10,-9.99,0.0,0.0
1286,random,3,0.2209,0.1,0,cpu,0,11,-10.5,0.0,0.0
1287,random,3,0.221,0.1,0,cpu,0,10,-10.79,0.0,0.0
1288,random,3,0.2212,0.1,0,cpu,0,26,-10.75,0.0,0.0
1289,random,3,0.2213,0.1,0,cpu,0,11,-10.5,0.0,0.0
1290,random,3,0.2215,0.1,0,cpu,0,23,-9.62,0.0,0.0
1291,random,3,0.2216,0.08,0,cpu,0,11,-10.1,0.0,0.0
1292,random,3,0.2216,0.08,0,cpu,0,8,-10.57,0.0,0.0
1293,random,3,0.2217,0.08,0,cpu,0,14,-10.23,0.0,0.0
1294,random,3,0.2221,0.1,0,cpu,1,40,0.02,0.0,0.0
1295,random,3,0.2222,0.08,0,cpu,0,15,-9.74,0.0,0.0
1296,random,3,0.2224,0.08,0,cpu,0,17,-10.56,0.0,0.0
1297,random,3,0.2225,0.08,0,cpu,0,11,-10.5,0.0,0.0
1298,random,3,0.2226,0.08,0,cpu,0,8,-9.77,0.0,0.0
1299,random,3,0.2226,0.04,0,cpu,0,8,-9.97,0.0,0.0
1300,random,3,0.2227,0.04,0,cpu,0,8,-10.57,0.0,0.0
1301,random,3,0.2231,0.08,0,cpu,2,52,10.61,0.0,0.0
1302,random,3,0.2232,0.08,0,cpu,0,7,-9.66,0.0,0.0
1303,random,3,0.2234,0.1,0,cpu,1,17,-0.45,0.0,0.0
1304,random,3,0.2234,0.1,0,cpu,0,10,-10.79,0.0,0.0
1305,random,3,0.2236,0.1,0,cpu,0,18,-10.07,0.0,0.0
1306,random,3,0.2237,0.12,0,cpu,1,19,-0.47,0.0,0.0
1307,random,3,0.2238,0.14,0,cpu,1,11,0.41,0.0,0.0
1308,random,3,0.2239,0.14,0,cpu,0,12,-10.41,0.0,0.0
1309,random,3,0.2242,0.14,0,cpu,0,30,-11.19,0.0,0.0
1310,random,3,0.2243,0.14,0,cpu,0,7,-9.66,0.0,0.0
1311,random,3,0.2244,0.14,0,cpu,0,14,-10.63,0.0,0.0
1312,random,3,0.2245,0.14,0,cpu,0,12,-10.01,0.0,0.0
1313,random,3,0.2247,0.14,0,cpu,0,23,-10.82,0.0,0.0
1314,random,3,0.2248,0.14,0,cpu,0,17,-10.56,0.0,0.0
1315,random,3,0.2249,0.16,0,cpu,1,13,0.19,0.0,0.0
1316,random,3,0.225,0.16,0,cpu,0,8,-10.17,0.0,0.0
1317,random,3,0.2251,0.16,0,cpu,0,8,-9.97,0.0,0.0
1318,random,3,0.2254,0.16,0,cpu,0,38,-10.87,0.0,0.0
1319,random,3,0.2256,0.16,0,cpu,0,22,-10.31,0.0,0.0
1320,random,3,0.2256,0.16,0,cpu,0,9,-10.48,0.0,0.0
1321,random,3,0.2259,0.16,0,cpu,0,26,-10.75,0.0,0.0
1322,random,3,0.226,0.16,0,cpu,0,23,-10.82,0.0,0.0
1323,random,3,0.2262,0.16,0,cpu,0,15,-10.54,0.0,0.0
1324,random,3,0.2263,0.16,0,cpu,0,16,-10.45,0.0,0.0
1325,random,3,0.2264,0.14,0,cpu,0,12,-10.81,0.0,0.0
1326,random,3,0.2267,0.14,0,cpu,0,34,-10.03,0.0,0.0
1327,random,3,0.2269,0.14,0,cpu,0,33,-10.92,0.0,0.0
1328,random,3,0.227,0.14,0,cpu,0,9,-10.88,0.0,0.0
1329,random,3,0.2271,0.16,0,cpu,1,9,0.63,0.0,0.0
1330,random,3,0.2274,0.16,0,cpu,0,30,-10.59,0.0,0.0
1331,random,3,0.2275,0.16,0,cpu,0,14,-10.83,0.0,0.0
1332,random,3,0.2275,0.16,0,cpu,0,6,-10.35,0.0,0.0
1333,random,3,0.2277,0.16,0,cpu,0,16,-9.85,0.0,0.0
1334,random,3,0.2278,0.16,0,cpu,0,19,-9.78,0.0,0.0
1335,random,3,0.2279,0.16,0,cpu,0,6,-10.55,0.0,0.0
1336,random,3,0.228,0.16,0,cpu,0,14,-10.63,0.0,0.0
1337,random,3,0.2282,0.18,0,cpu,1,15,0.37,0.0,0.0
1338,random,3,0.2283,0.18,0,cpu,0,19,-10.18,0.0,0.0
1339,random,3,0.2284,0.18,0,cpu,0,8,-10.77,0.0,0.0
1340,random,3,0.2286,0.2,0,cpu,1,22,-0.4,0.0,0.0
1341,random,3,0.2288,0.22,0,cpu,1,13,-0.01,0.0,0.0
1342,random,3,0.2291,0.22,0,cpu,0,32,-10.61,0.0,0.0
1343,random,3,0.2293,0.22,0,cpu,0,32,-11.21,0.0,0.0
1344,random,3,0.2294,0.2,0,cpu,0,8,-10.57,0.0,0.0
1345,random,3,0.2297,0.2,0,cpu,0,39,-10.18,0.0,0.0
1346,random,3,0.2298,0.2,0,cpu,0,13,-10.32,0.0,0.0
1347,random,3,0.2301,0.2,0,cpu,0,28,-10.37,0.0,0.0
1348,random,3,0.2301,0.2,0,cpu,0,10,-9.79,0.0,0.0
1349,random,3,0.2302,0.2,0,cpu,0,8,-10.57,0.0,0.0
1350,random,3,0.2307,0.2,0,cpu,0,53,-10.32,0.0,0.0
1351,random,3,0.2307,0.16,0,cpu,0,10,-10.59,0.0,0.0
1352,random,3,0.231,0.18,0,cpu,1,22,-0.8,0.0,0.0
1353,random,3,0.2315,0.18,0,cpu,1,69,-1.77,0.0,0.0
1354,random,3,0.2317,0.18,0,cpu,0,20,-10.49,0.0,0.0
1355,random,3,0.2318,0.18,0,cpu,0,17,-10.56,0.0,0.0
1356,random,3,0.232,0.16,0,cpu,0,31,-10.5,0.0,0.0
1357,random,3,0.2321,0.14,0,cpu,0,13,-10.32,0.0,0.0
1358,random,3,0.2323,0.14,0,cpu,0,14,-10.43,0.0,0.0
1359,random,3,0.2324,0.16,0,cpu,1,22,-0.4,0.0,0.0
1360,random,3,0.2326,0.16,0,cpu,0,15,-10.54,0.0,0.0
1361,random,3,0.2326,0.16,0,cpu,0,7,-9.46,0.0,0.0
1362,random,3,0.2328,0.16,0,cpu,0,13,-10.12,0.0,0.0
1363,random,3,0.2328,0.16,0,cpu,0,10,-9.99,0.0,0.0
1364,random,3,0.2329,0.16,0,cpu,0,6,-10.35,0.0,0.0
1365,random,3,0.233,0.14,0,cpu,0,10,-10.39,0.0,0.0
1366,random,3,0.2331,0.14,0,cpu,0,12,-9.81,0.0,0.0
1367,random,3,0.2334,0.14,0,cpu,0,34,-11.03,0.0,0.0
1368,random,3,0.2335,0.14,0,cpu,0,10,-10.39,0.0,0.0
1369,random,3,0.2337,0.16,0,cpu,1,19,-0.07,0.0,0.0
1370,random,3,0.2338,0.16,0,cpu,0,15,-9.94,0.0,0.0
1371,random,3,0.234,0.16,0,cpu,0,27,-10.86,0.0,0.0
1372,random,3,0.2343,0.16,0,cpu,0,33,-10.72,0.0,0.0
1373,random,3,0.2345,0.18,0,cpu,1,23,0.09,0.0,0.0
1374,random,3,0.2348,0.18,0,cpu,0,41,-11.0,0.0,0.0
1375,random,3,0.2352,0.18,0,cpu,0,49,-10.48,0.0,0.0
1376,random,3,0.2353,0.2,0,cpu,1,11,-0.39,0.0,0.0
1377,random,3,0.2354,0.22,0,cpu,1,9,0.43,0.0,0.0
1378,random,3,0.2355,0.22,0,cpu,0,12,-9.41,0.0,0.0
1379,random,3,0.2357,0.2,0,cpu,0,24,-10.73,0.0,0.0
1380,random,3,0.2358,0.2,0,cpu,0,14,-10.43,0.0,0.0
1381,random,3,0.2359,0.2,0,cpu,0,9,-10.08,0.0,0.0
1382,random,3,0.2361,0.2,0,cpu,0,23,-9.82,0.0,0.0
1383,random,3,0.2362,0.2,0,cpu,0,16,-10.25,0.0,0.0
1384,random,3,0.2365,0.22,0,cpu,1,30,0.12,0.0,0.0
1385,random,3,0.2367,0.24,0,cpu,1,28,-0.06,0.0,0.0
1386,random,3,0.237,0.24,0,cpu,0,35,-10.34,0.0,0.0
1387,random,3,0.2371,0.22,0,cpu,0,9,-10.48,0.0,0.0
1388,random,3,0.2371,0.22,0,cpu,0,7,-10.46,0.0,0.0
1389,random,3,0.2373,0.22,0,cpu,0,21,-9.8,0.0,0.0
1390,random,3,0.2375,0.2,0,cpu,0,26,-9.95,0.0,0.0
1391,random,3,0.2376,0.18,0,cpu,0,8,-9.97,0.0,0.0
1392,random,3,0.2376,0.18,0,cpu,0,7,-10.06,0.0,0.0
1393,random,3,0.2379,0.18,0,cpu,0,40,-10.89,0.0,0.0
1394,random,3,0.238,0.18,0,cpu,0,7,-10.66,0.0,0.0
1395,random,3,0.2381,0.18,0,cpu,0,14,-10.23,0.0,0.0
1396,random,3,0.2384,0.18,0,cpu,0,36,-10.65,0.0,0.0
1397,random,3,0.2386,0.18,0,cpu,0,29,-10.48,0.0,0.0
1398,random,3,0.2388,0.18,0,cpu,0,23,-10.82,0.0,0.0
1399,random,3,0.239,0.18,0,cpu,0,19,-10.58,0.0,0.0
1400,random,3,0.2392,0.18,0,cpu,0,22,-10.71,0.0,0.0
1401,random,3,0.2393,0.18,0,cpu,0,18,-9.27,0.0,0.0
1402,random,3,0.2397,0.16,0,cpu,0,50,-10.59,0.0,0.0
1403,random,3,0.2398,0.14,0,cpu,0,8,-10.57,0.0,0.0
1404,random,3,0.2399,0.14,0,cpu,0,11,-10.1,0.0,0.0
1405,random,3,0.2399,0.14,0,cpu,0,8,-10.77,0.0,0.0
1406,random,3,0.2401,0.14,0,cpu,0,25,-9.64,0.0,0.0
1407,random,3,0.2403,0.16,0,cpu,1,16,-0.54,0.0,0.0
1408,random,3,0.2404,0.16,0,cpu,0,15,-10.34,0.0,0.0
1409,random,3,0.2405,0.14,0,cpu,0,11,-10.5,0.0,0.0
1410,random,3,0.2406,0.14,0,cpu,0,14,-10.83,0.0,0.0
1411,random,3,0.2407,0.14,0,cpu,0,11,-9.7,0.0,0.0
1412,random,3,0.2409,0.14,0,cpu,0,25,-10.84,0.0,0.0
1413,random,3,0.2411,0.14,0,cpu,0,20,-10.49,0.0,0.0
1414,random,3,0.2413,0.18,0,cpu,2,31,10.72,0.0,0.0
1415,random,3,0.2415,0.2,0,cpu,1,20,0.62,0.0,0.0
1416,random,3,0.2417,0.2,0,cpu,0,25,-10.04,0.0,0.0
1417,random,3,0.2418,0.2,0,cpu,0,9,-10.28,0.0,0.0
1418,random,3,0.2419,0.2,0,cpu,0,13,-10.52,0.0,0.0
1419,random,3,0.242,0.18,0,cpu,0,9,-9.88,0.0,0.0
1420,random,3,0.2421,0.18,0,cpu,0,10,-10.39,0.0,0.0
1421,random,3,0.2421,0.18,0,cpu,0,8,-10.17,0.0,0.0
1422,random,3,0.2422,0.18,0,cpu,0,11,-10.7,0.0,0.0
1423,random,3,0.2425,0.16,0,cpu,0,27,-10.66,0.0,0.0
1424,random,3,0.2427,0.16,0,cpu,0,26,-10.75,0.0,0.0
1425,random,3,0.2428,0.16,0,cpu,0,16,-10.65,0.0,0.0
1426,random,3,0.243,0.14,0,cpu,0,20,-10.49,0.0,0.0
1427,random,3,0.2431,0.12,0,cpu,0,12,-10.21,0.0,0.0
1428,random,3,0.2434,0.14,0,cpu,1,43,-0.51,0.0,0.0
1429,random,3,0.2434,0.14,0,cpu,0,8,-10.37,0.0,0.0
1430,random,3,0.2435,0.14,0,cpu,0,6,-10.35,0.0,0.0
1431,random,3,0.2438,0.14,0,cpu,0,43,-11.42,0.0,0.0
1432,random,3,0.2441,0.14,0,cpu,0,34,-10.83,0.0,0.0
1433,random,3,0.2444,0.14,0,cpu,0,31,-10.1,0.0,0.0
1434,random,3,0.2445,0.12,0,cpu,0,12,-10.61,0.0,0.0
1435,random,3,0.2446,0.1,0,cpu,0,10,-10.59,0.0,0.0
1436,random,3,0.2448,0.1,0,cpu,0,31,-10.5,0.0,0.0
1437,random,3,0.2453,0.1,0,cpu,0,68,-10.97,0.0,0.0
1438,random,3,0.2455,0.12,0,cpu,1,16,0.66,0.0,0.0
1439,random,3,0.2456,0.12,0,cpu,0,20,-10.09,0.0,0.0
1440,random,3,0.2458,0.12,0,cpu,0,24,-10.33,0.0,0.0
1441,random,3,0.2459,0.12,0,cpu,0,9,-10.48,0.0,0.0
1442,random,3,0.2462,0.14,0,cpu,1,32,-0.7,0.0,0.0
1443,random,3,0.2462,0.14,0,cpu,0,8,-10.17,0.0,0.0
1444,random,3,0.2464,0.14,0,cpu,0,14,-10.83,0.0,0.0
1445,random,3,0.2465,0.14,0,cpu,0,12,-10.21,0.0,0.0
1446,random,3,0.2465,0.14,0,cpu,0,7,-10.66,0.0,0.0
1447,random,3,0.2469,0.16,0,cpu,1,55,0.17,0.0,0.0
1448,random,3,0.2472,0.18,0,cpu,1,41,-0.49,0.0,0.0
1449,random,3,0.2474,0.18,0,cpu,0,19,-10.78,0.0,0.0
1450,random,3,0.2477,0.18,0,cpu,0,31,-10.7,0.0,0.0
1451,random,3,0.2477,0.18,0,cpu,0,6,-9.95,0.0,0.0
1452,random,3,0.2479,0.18,0,cpu,0,19,-9.78,0.0,0.0
1453,random,3,0.248,0.18,0,cpu,0,15,-10.34,0.0,0.0
1454,random,3,0.2481,0.18,0,cpu,0,12,-9.61,0.0,0.0
1455,random,3,0.2482,0.18,0,cpu,0,11,-10.5,0.0,0.0
1456,random,3,0.2483,0.18,0,cpu,0,9,-10.28,0.0,0.0
1457,random,3,0.2485,0.18,0,cpu,1,31,0.01,0.0,0.0
1458,random,3,0.2489,0.18,0,cpu,0,53,-10.32,0.0,0.0
1459,random,3,0.249,0.18,0,cpu,0,10,-9.59,0.0,0.0
1460,random,3,0.2492,0.18,0,cpu,0,16,-10.25,0.0,0.0
1461,random,3,0.2494,0.18,0,cpu,0,27,-10.86,0.0,0.0
1462,random,3,0.2495,0.18,0,cpu,0,14,-10.63,0.0,0.0
1463,random,3,0.2496,0.18,0,cpu,0,15,-10.74,0.0,0.0
1464,random,3,0.2498,0.16,0,cpu,1,16,-0.34,0.0,0.0
1465,random,3,0.25,0.14,0,cpu,0,35,-9.94,0.0,0.0
1466,random,3,0.2503,0.16,0,cpu,1,33,-0.41,0.0,0.0
1467,random,3,0.2503,0.16,0,cpu,0,6,-10.55,0.0,0.0
1468,random,3,0.2504,0.16,0,cpu,0,11,-10.7,0.0,0.0
1469,random,3,0.2505,0.16,0,cpu,0,6,-10.55,0.0,0.0
1470,random,3,0.2508,0.18,0,cpu,1,35,0.17,0.0,0.0
1471,random,3,0.251,0.18,0,cpu,0,32,-9.81,0.0,0.0
1472,random,3,0.2512,0.18,0,cpu,0,17,-10.16,0.0,0.0
1473,random,3,0.2514,0.18,0,cpu,0,29,-10.48,0.0,0.0
1474,random,3,0.2516,0.2,0,cpu,1,23,0.29,0.0,0.0
1475,random,3,0.2517,0.2,0,cpu,0,16,-10.25,0.0,0.0
1476,random,3,0.2521,0.2,0,cpu,0,50,-10.19,0.0,0.0
1477,random,3,0.2521,0.2,0,cpu,0,9,-10.28,0.0,0.0
1478,random,3,0.2526,0.18,0,cpu,0,44,-10.73,0.0,0.0
1479,random,3,0.2529,0.18,0,cpu,0,38,-11.27,0.0,0.0
1480,random,3,0.253,0.18,0,cpu,0,14,-10.63,0.0,0.0
1481,random,3,0.2532,0.18,0,cpu,0,16,-10.85,0.0,0.0
1482,random,3,0.2533,0.18,0,cpu,0,16,-9.85,0.0,0.0
1483,random,3,0.2534,0.18,0,cpu,0,6,-10.35,0.0,0.0
1484,random,3,0.2535,0.18,0,cpu,0,12,-10.21,0.0,0.0
1485,random,3,0.2538,0.2,0,cpu,1,44,-0.42,0.0,0.0
1486,random,3,0.2539,0.2,0,cpu,0,12,-10.81,0.0,0.0
1487,random,3,0.2541,0.2,0,cpu,0,33,-10.92,0.0,0.0
1488,random,3,0.2542,0.18,0,cpu,0,11,-10.7,0.0,0.0
1489,random,3,0.2543,0.18,0,cpu,0,8,-9.77,0.0,0.0
1490,random,3,0.2544,0.18,0,cpu,0,14,-10.03,0.0,0.0
1491,random,3,0.2545,0.18,0,cpu,0,12,-10.21,0.0,0.0
1492,random,3,0.2546,0.16,0,cpu,0,17,-10.76,0.0,0.0
1493,random,3,0.2547,0.16,0,cpu,0,9,-10.28,0.0,0.0
1494,random,3,0.2548,0.16,0,cpu,0,8,-10.17,0.0,0.0
1495,random,3,0.255,0.18,0,cpu,1,23,0.29,0.0,0.0
1496,random,3,0.2551,0.18,0,cpu,0,13,-9.92,0.0,0.0
1497,random,3,0.2554,0.16,0,cpu,0,40,-10.49,0.0,0.0
1498,random,3,0.2555,0.14,0,cpu,0,15,-9.74,0.0,0.0
1499,random,3,0.2556,0.14,0,cpu,0,9,-10.68,0.0,0.0
1500,random,3,0.2558,0.14,0,cpu,0,27,-10.66,0.0,0.0
1501,random,3,0.2559,0.14,0,cpu,0,8,-9.97,0.0,0.0
1502,random,3,0.256,0.14,0,cpu,0,13,-10.32,0.0,0.0
1503,random,3,0.2562,0.14,0,cpu,0,20,-10.49,0.0,0.0
1504,random,3,0.2563,0.14,0,cpu,0,9,-10.28,0.0,0.0
1505,random,3,0.2566,0.14,0,cpu,0,37,-10.56,0.0,0.0
1506,random,3,0.2567,0.14,0,cpu,0,8,-10.57,0.0,0.0
1507,random,3,0.2568,0.12,0,cpu,0,24,-10.33,0.0,0.0
1508,random,3,0.257,0.12,0,cpu,0,19,-10.38,0.0,0.0
1509,random,3,0.2571,0.12,0,cpu,0,16,-10.45,0.0,0.0
1510,random,3,0.2572,0.12,0,cpu,0,9,-10.08,0.0,0.0
1511,random,3,0.2573,0.12,0,cpu,0,10,-10.59,0.0,0.0
1512,random,3,0.2575,0.12,0,cpu,0,23,-11.02,0.0,0.0
1513,random,3,0.2577,0.12,0,cpu,0,25,-10.04,0.0,0.0
1514,random,3,0.2581,0.12,0,cpu,1,48,-0.46,0.0,0.0
1515,random,3,0.2581,0.12,0,cpu,0,9,-10.88,0.0,0.0
1516,random,3,0.2584,0.1,0,cpu,0,33,-10.72,0.0,0.0
1517,random,3,0.2585,0.1,0,cpu,0,19,-10.58,0.0,0.0
1518,random,3,0.2587,0.1,0,cpu,0,17,-10.16,0.0,0.0
1519,random,3,0.2588,0.1,0,cpu,0,7,-9.86,0.0,0.0
1520,random,3,0.259,0.12,0,cpu,2,29,10.54,0.0,0.0
1521,random,3,0.2593,0.16,0,cpu,2,38,9.95,0.0,0.0
1522,random,3,0.2595,0.16,0,cpu,0,14,-10.03,0.0,0.0
1523,random,3,0.2597,0.16,0,cpu,0,22,-10.31,0.0,0.0
1524,random,3,0.2599,0.14,0,cpu,0,28,-10.97,0.0,0.0
1525,random,3,0.2601,0.14,0,cpu,0,34,-10.03,0.0,0.0
1526,random,3,0.2603,0.14,0,cpu,0,25,-11.04,0.0,0.0
1527,random,3,0.2604,0.14,0,cpu,0,8,-10.17,0.0,0.0
1528,random,3,0.2605,0.14,0,cpu,0,10,-10.39,0.0,0.0
1529,random,3,0.2609,0.14,0,cpu,0,50,-10.39,0.0,0.0
1530,random,3,0.2612,0.14,0,cpu,0,31,-10.3,0.0,0.0
1531,random,3,0.2612,0.14,0,cpu,0,9,-9.68,0.0,0.0
1532,random,3,0.2615,0.14,0,cpu,0,26,-9.75,0.0,0.0
1533,random,3,0.2617,0.16,0,cpu,1,25,0.47,0.0,0.0
1534,random,3,0.2619,0.16,0,cpu,0,32,-10.21,0.0,0.0
1535,random,3,0.2621,0.16,0,cpu,1,14,-0.12,0.0,0.0
1536,random,3,0.2622,0.16,0,cpu,0,15,-10.74,0.0,0.0
1537,random,3,0.2624,0.16,0,cpu,0,29,-10.48,0.0,0.0
1538,random,3,0.2627,0.16,0,cpu,0,33,-10.72,0.0,0.0
1539,random,3,0.2627,0.18,0,cpu,1,7,-0.35,0.0,0.0
1540,random,3,0.2629,0.18,0,cpu,0,21,-9.8,0.0,0.0
1541,random,3,0.263,0.18,0,cpu,0,7,-10.46,0.0,0.0
1542,random,3,0.2632,0.18,0,cpu,0,34,-10.63,0.0,0.0
1543,random,3,0.2633,0.18,0,cpu,0,8,-9.97,0.0,0.0
1544,random,3,0.2634,0.18,0,cpu,0,7,-10.26,0.0,0.0
1545,random,3,0.2635,0.16,0,cpu,0,17,-10.56,0.0,0.0
1546,random,3,0.2636,0.16,0,cpu,0,13,-10.92,0.0,0.0
1547,random,3,0.2638,0.18,0,cpu,1,25,0.07,0.0,0.0
1548,random,3,0.2639,0.18,0,cpu,0,10,-9.59,0.0,0.0
1549,random,3,0.2642,0.18,0,cpu,0,27,-10.86,0.0,0.0
1550,random,3,0.2643,0.18,0,cpu,0,14,-10.43,0.0,0.0
1551,random,3,0.2644,0.18,0,cpu,0,15,-10.14,0.0,0.0
1552,random,3,0.265,0.2,0,cpu,1,75,-0.03,0.0,0.0
1553,random,3,0.2651,0.2,0,cpu,0,12,-10.61,0.0,0.0
1554,random,3,0.2655,0.2,0,cpu,0,50,-10.99,0.0,0.0
1555,random,3,0.2656,0.2,0,cpu,0,11,-9.9,0.0,0.0
1556,random,3,0.2656,0.2,0,cpu,0,7,-10.26,0.0,0.0
1557,random,3,0.2658,0.2,0,cpu,0,15,-10.34,0.0,0.0
1558,random,3,0.2659,0.2,0,cpu,0,10,-10.59,0.0,0.0
1559,random,3,0.2659,0.2,0,cpu,0,8,-9.57,0.0,0.0
1560,random,3,0.2662,0.2,0,cpu,0,38,-10.27,0.0,0.0
1561,random,3,0.2664,0.22,0,cpu,1,23,-0.11,0.0,0.0
1562,random,3,0.2667,0.22,0,cpu,0,27,-10.66,0.0,0.0
1563,random,3,0.2669,0.22,0,cpu,0,26,-10.55,0.0,0.0
1564,random,3,0.2671,0.22,0,cpu,1,29,-0.77,0.0,0.0
1565,random,3,0.2674,0.24,0,cpu,1,30,1.32,0.0,0.0
1566,random,3,0.2678,0.24,0,cpu,0,52,-11.01,0.0,0.0
1567,random,3,0.2679,0.24,0,cpu,0,12,-10.41,0.0,0.0
1568,random,3,0.2681,0.28,0,cpu,2,24,10.49,0.0,0.0
1569,random,3,0.2684,0.28,0,cpu,0,32,-11.01,0.0,0.0
1570,random,3,0.2686,0.26,0,cpu,1,29,0.03,0.0,0.0
1571,random,3,0.2688,0.22,0,cpu,0,27,-11.26,0.0,0.0
1572,random,3,0.2689,0.22,0,cpu,0,13,-10.32,0.0,0.0
1573,random,3,0.2693,0.22,0,cpu,0,45,-10.24,0.0,0.0
1574,random,3,0.2694,0.22,0,cpu,0,19,-9.98,0.0,0.0
1575,random,3,0.2696,0.22,0,cpu,0,13,-10.52,0.0,0.0
1576,random,3,0.2696,0.22,0,cpu,0,8,-10.37,0.0,0.0
1577,random,3,0.2697,0.22,0,cpu,0,8,-10.57,0.0,0.0
1578,random,3,0.2698,0.22,0,cpu,0,15,-10.34,0.0,0.0
1579,random,3,0.27,0.22,0,cpu,0,12,-11.01,0.0,0.0
1580,random,3,0.27,0.22,0,cpu,0,10,-10.39,0.0,0.0
1581,random,3,0.2703,0.22,0,cpu,0,31,-9.9,0.0,0.0
1582,random,3,0.2704,0.22,0,cpu,0,17,-10.76,0.0,0.0
1583,random,3,0.2705,0.2,0,cpu,0,7,-10.26,0.0,0.0
1584,random,3,0.2706,0.2,0,cpu,0,16,-10.65,0.0,0.0
1585,random,3,0.2707,0.18,0,cpu,0,18,-10.47,0.0,0.0
1586,random,3,0.2708,0.2,0,cpu,1,10,0.32,0.0,0.0
1587,random,3,0.2711,0.22,0,cpu,1,29,0.23,0.0,0.0
1588,random,3,0.2712,0.22,0,cpu,0,12,-10.61,0.0,0.0
1589,random,3,0.2713,0.2,0,cpu,0,13,-10.52,0.0,0.0
1590,random,3,0.2714,0.2,0,cpu,0,13,-10.72,0.0,0.0
1591,random,3,0.2715,0.2,0,cpu,0,7,-10.46,0.0,0.0
1592,random,3,0.2718,0.2,0,cpu,0,38,-11.07,0.0,0.0
1593,random,3,0.2719,0.2,0,cpu,0,16,-10.25,0.0,0.0
1594,random,3,0.2721,0.22,0,cpu,1,20,0.22,0.0,0.0
1595,random,3,0.2722,0.22,0,cpu,0,19,-9.98,0.0,0.0
1596,random,3,0.2723,0.22,0,cpu,0,15,-10.74,0.0,0.0
1597,random,3,0.2724,0.2,0,cpu,0,12,-10.61,0.0,0.0
1598,random,3,0.2727,0.2,0,cpu,0,24,-10.53,0.0,0.0
1599,random,3,0.2728,0.2,0,cpu,0,19,-10.78,0.0,0.0
1600,random,3,0.2729,0.2,0,cpu,0,10,-10.19,0.0,0.0
1601,random,3,0.2732,0.2,0,cpu,0,34,-10.83,0.0,0.0
1602,random,3,0.2733,0.18,0,cpu,0,10,-10.59,0.0,0.0
1603,random,3,0.2735,0.2,0,cpu,1,29,-0.17,0.0,0.0
1604,random,3,0.2736,0.2,0,cpu,0,16,-10.45,0.0,0.0
1605,random,3,0.2737,0.2,0,cpu,0,6,-10.55,0.0,0.0
1606,random,3,0.2738,0.2,0,cpu,0,8,-9.97,0.0,0.0
1607,random,3,0.2739,0.2,0,cpu,0,15,-10.54,0.0,0.0
1608,random,3,0.2742,0.22,0,cpu,1,38,-0.76,0.0,0.0
1609,random,3,0.2745,0.24,0,cpu,1,36,-0.14,0.0,0.0
1610,random,3,0.2746,0.24,0,cpu,0,14,-11.03,0.0,0.0
1611,random,3,0.2748,0.22,0,cpu,0,13,-10.52,0.0,0.0
1612,random,3,0.2748,0.22,0,cpu,0,8,-9.77,0.0,0.0
1613,random,3,0.275,0.22,0,cpu,0,20,-10.29,0.0,0.0
1614,random,3,0.2751,0.2,0,cpu,0,10,-10.59,0.0,0.0
1615,random,3,0.2752,0.18,0,cpu,0,10,-9.59,0.0,0.0
1616,random,3,0.2753,0.2,0,cpu,1,11,0.01,0.0,0.0
1617,random,3,0.2753,0.2,0,cpu,0,8,-10.77,0.0,0.0
1618,random,3,0.2755,0.16,0,cpu,0,24,-10.33,0.0,0.0
1619,random,3,0.2756,0.16,0,cpu,0,8,-10.37,0.0,0.0
1620,random,3,0.2758,0.14,0,cpu,0,22,-10.71,0.0,0.0
1621,random,3,0.2759,0.14,0,cpu,0,15,-10.14,0.0,0.0
1622,random,3,0.2763,0.14,0,cpu,0,41,-9.8,0.0,0.0
1623,random,3,0.2764,0.14,0,cpu,0,24,-10.33,0.0,0.0
1624,random,3,0.2766,0.16,0,cpu,1,14,0.48,0.0,0.0
1625,random,3,0.2767,0.16,0,cpu,0,15,-9.94,0.0,0.0
1626,random,3,0.2768,0.16,0,cpu,0,9,-10.28,0.0,0.0
1627,random,3,0.277,0.16,0,cpu,0,26,-10.75,0.0,0.0
1628,random,3,0.2771,0.16,0,cpu,0,11,-10.7,0.0,0.0
1629,random,3,0.2771,0.16,0,cpu,0,6,-10.15,0.0,0.0
1630,random,3,0.2773,0.16,0,cpu,0,26,-10.35,0.0,0.0
1631,random,3,0.2774,0.16,0,cpu,0,9,-10.28,0.0,0.0
1632,random,3,0.2776,0.16,0,cpu,0,23,-11.02,0.0,0.0
1633,random,3,0.2778,0.16,0,cpu,0,27,-10.46,0.0,0.0
1634,random,3,0.278,0.16,0,cpu,0,25,-11.04,0.0,0.0
1635,random,3,0.2781,0.16,0,cpu,0,10,-10.39,0.0,0.0
1636,random,3,0.2783,0.14,0,cpu,0,20,-10.49,0.0,0.0
1637,random,3,0.2785,0.12,0,cpu,0,22,-10.71,0.0,0.0
1638,random,3,0.2786,0.12,0,cpu,0,9,-9.68,0.0,0.0
1639,random,3,0.2789,0.12,0,cpu,0,46,-10.95,0.0,0.0
1640,random,3,0.279,0.12,0,cpu,0,11,-10.9,0.0,0.0
1641,random,3,0.2791,0.12,0,cpu,0,7,-10.26,0.0,0.0
1642,random,3,0.2793,0.12,0,cpu,0,28,-10.77,0.0,0.0
1643,random,3,0.2794,0.12,0,cpu,0,19,-9.58,0.0,0.0
1644,random,3,0.2796,0.12,0,cpu,1,16,-0.54,0.0,0.0
1645,random,3,0.2797,0.12,0,cpu,0,15,-10.74,0.0,0.0
1646,random,3,0.2798,0.12,0,cpu,0,9,-10.68,0.0,0.0
1647,random,3,0.2799,0.12,0,cpu,0,12,-10.01,0.0,0.0
1648,random,3,0.28,0.12,0,cpu,0,14,-10.43,0.0,0.0
1649,random,3,0.2801,0.12,0,cpu,0,15,-10.74,0.0,0.0
1650,random,3,0.2802,0.14,0,cpu,1,12,-0.1,0.0,0.0
1651,random,3,0.2804,0.14,0,cpu,0,15,-10.34,0.0,0.0
1652,random,3,0.2806,0.14,0,cpu,0,24,-9.93,0.0,0.0
1653,random,3,0.2807,0.12,0,cpu,0,9,-10.68,0.0,0.0
1654,random,3,0.2811,0.12,0,cpu,0,53,-10.92,0.0,0.0
1655,random,3,0.2815,0.12,0,cpu,0,61,-10.4,0.0,0.0
1656,random,3,0.2816,0.12,0,cpu,0,11,-10.1,0.0,0.0
1657,random,3,0.2817,0.12,0,cpu,0,11,-10.7,0.0,0.0
1658,random,3,0.2818,0.1,0,cpu,0,8,-10.17,0.0,0.0
1659,random,3,0.2819,0.08,0,cpu,0,10,-10.39,0.0,0.0
1660,random,3,0.282,0.08,0,cpu,0,6,-10.35,0.0,0.0
1661,random,3,0.2821,0.08,0,cpu,0,13,-9.92,0.0,0.0
1662,random,3,0.2822,0.08,0,cpu,0,22,-10.71,0.0,0.0
1663,random,3,0.2825,0.08,0,cpu,0,26,-10.35,0.0,0.0
1664,random,3,0.2825,0.08,0,cpu,0,10,-10.39,0.0,0.0
1665,random,3,0.2827,0.08,0,cpu,0,22,-10.31,0.0,0.0
1666,random,3,0.2829,0.06,0,cpu,0,29,-10.68,0.0,0.0
1667,random,3,0.283,0.08,0,cpu,1,10,-0.08,0.0,0.0
1668,random,3,0.2831,0.08,0,cpu,0,10,-10.79,0.0,0.0
1669,random,3,0.2832,0.08,0,cpu,0,9,-9.88,0.0,0.0
1670,random,3,0.2837,0.08,0,cpu,0,72,-11.21,0.0,0.0
1671,random,3,0.2839,0.08,0,cpu,0,18,-10.67,0.0,0.0
1672,random,3,0.2841,0.08,0,cpu,0,23,-11.02,0.0,0.0
1673,random,3,0.2842,0.08,0,cpu,0,9,-10.28,0.0,0.0
1674,random,3,0.2842,0.06,0,cpu,0,11,-10.7,0.0,0.0
1675,random,3,0.2844,0.06,0,cpu,0,16,-10.25,0.0,0.0
1676,random,3,0.2845,0.06,0,cpu,0,7,-10.66,0.0,0.0
1677,random,3,0.2845,0.06,0,cpu,0,8,-10.37,0.0,0.0
1678,random,3,0.2846,0.06,0,cpu,0,9,-9.88,0.0,0.0
1679,random,3,0.2849,0.06,0,cpu,0,38,-10.27,0.0,0.0
1680,random,3,0.2851,0.06,0,cpu,0,34,-10.83,0.0,0.0
1681,random,3,0.2853,0.06,0,cpu,0,19,-10.78,0.0,0.0
1682,random,3,0.2854,0.06,0,cpu,0,16,-10.65,0.0,0.0
1683,random,3,0.2857,0.06,0,cpu,0,29,-10.88,0.0,0.0
1684,random,3,0.2858,0.06,0,cpu,0,13,-9.72,0.0,0.0
1685,random,3,0.2859,0.06,0,cpu,0,12,-10.61,0.0,0.0
1686,random,3,0.2861,0.06,0,cpu,0,20,-10.49,0.0,0.0
1687,random,3,0.2862,0.06,0,cpu,0,16,-9.65,0.0,0.0
1688,random,3,0.2863,0.06,0,cpu,0,13,-10.52,0.0,0.0
1689,random,3,0.2864,0.06,0,cpu,0,10,-10.39,0.0,0.0
1690,random,3,0.2865,0.06,0,cpu,0,11,-10.5,0.0,0.0
1691,random,3,0.2867,0.06,0,cpu,0,14,-9.63,0.0,0.0
1692,random,3,0.2868,0.06,0,cpu,0,12,-10.81,0.0,0.0
1693,random,3,0.287,0.06,0,cpu,0,29,-10.88,0.0,0.0
1694,random,3,0.2872,0.04,0,cpu,0,19,-9.58,0.0,0.0
1695,random,3,0.2873,0.04,0,cpu,0,10,-9.59,0.0,0.0
1696,random,3,0.2875,0.04,0,cpu,0,28,-10.77,0.0,0.0
1697,random,3,0.2877,0.04,0,cpu,0,34,-10.63,0.0,0.0
1698,random,3,0.2878,0.04,0,cpu,0,8,-10.77,0.0,0.0
1699,random,3,0.2879,0.1,0,cpu,3,17,20.97,0.0,0.0
1700,random,3,0.2881,0.08,0,cpu,0,13,-10.52,0.0,0.0
1701,random,3,0.2881,0.08,0,cpu,0,11,-10.9,0.0,0.0
1702,random,3,0.2882,0.08,0,cpu,0,12,-10.21,0.0,0.0
1703,random,3,0.2884,0.08,0,cpu,0,19,-10.38,0.0,0.0
1704,random,3,0.2885,0.1,0,cpu,1,18,0.24,0.0,0.0
1705,random,3,0.2887,0.1,0,cpu,0,24,-9.73,0.0,0.0
1706,random,3,0.2888,0.1,0,cpu,0,11,-10.7,0.0,0.0
1707,random,3,0.289,0.1,0,cpu,0,27,-10.26,0.0,0.0
1708,random,3,0.2891,0.1,0,cpu,0,11,-10.3,0.0,0.0
1709,random,3,0.2892,0.1,0,cpu,0,7,-10.66,0.0,0.0
1710,random,3,0.2893,0.1,0,cpu,0,10,-10.59,0.0,0.0
1711,random,3,0.2894,0.1,0,cpu,0,7,-10.06,0.0,0.0
1712,random,3,0.2895,0.12,0,cpu,1,19,-0.07,0.0,0.0
1713,random,3,0.2896,0.12,0,cpu,0,10,-10.79,0.0,0.0
1714,random,3,0.2898,0.12,0,cpu,0,18,-9.87,0.0,0.0
1715,random,3,0.2899,0.12,0,cpu,0,21,-10.6,0.0,0.0
1716,random,3,0.2901,0.18,0,cpu,3,19,20.35,0.0,0.0
1717,random,3,0.2905,0.16,0,cpu,0,45,-10.44,0.0,0.0
1718,random,3,0.2906,0.18,0,cpu,1,14,-0.32,0.0,0.0
1719,random,3,0.2908,0.18,0,cpu,0,20,-10.69,0.0,0.0
1720,random,3,0.2908,0.18,0,cpu,0,10,-10.39,0.0,0.0
1721,random,3,0.2909,0.18,0,cpu,0,9,-10.48,0.0,0.0
1722,random,3,0.291,0.18,0,cpu,0,11,-10.7,0.0,0.0
1723,random,3,0.2911,0.18,0,cpu,0,11,-9.7,0.0,0.0
1724,random,3,0.2912,0.18,0,cpu,0,12,-10.61,0.0,0.0
1725,random,3,0.2914,0.18,0,cpu,0,26,-10.55,0.0,0.0
1726,random,3,0.2916,0.2,0,cpu,1,20,-0.38,0.0,0.0
1727,random,3,0.2917,0.2,0,cpu,0,11,-10.5,0.0,0.0
1728,random,3,0.292,0.2,0,cpu,0,33,-10.52,0.0,0.0
1729,random,3,0.2921,0.2,0,cpu,0,14,-10.83,0.0,0.0
1730,random,3,0.2924,0.22,0,cpu,1,49,-0.77,0.0,0.0
1731,random,3,0.2925,0.22,0,cpu,0,11,-10.5,0.0,0.0
1732,random,3,0.2929,0.22,0,cpu,0,47,-10.86,0.0,0.0
1733,random,3,0.293,0.22,0,cpu,0,13,-10.72,0.0,0.0
1734,random,3,0.2931,0.22,0,cpu,0,15,-9.94,0.0,0.0
1735,random,3,0.2937,0.24,0,cpu,1,77,-1.25,0.0,0.0
1736,random,3,0.2939,0.24,0,cpu,0,30,-10.59,0.0,0.0
1737,random,3,0.294,0.24,0,cpu,0,8,-10.37,0.0,0.0
1738,random,3,0.2941,0.26,0,cpu,1,11,0.01,0.0,0.0
1739,random,3,0.2943,0.26,0,cpu,0,14,-10.43,0.0,0.0
1740,random,3,0.2944,0.26,0,cpu,0,15,-10.54,0.0,0.0
1741,random,3,0.2945,0.26,0,cpu,0,13,-10.52,0.0,0.0
1742,random,3,0.2946,0.26,0,cpu,0,8,-10.17,0.0,0.0
1743,random,3,0.2947,0.26,0,cpu,0,14,-10.43,0.0,0.0
1744,random,3,0.2949,0.26,0,cpu,0,26,-10.55,0.0,0.0
1745,random,3,0.2951,0.26,0,cpu,0,22,-11.11,0.0,0.0
1746,random,3,0.2952,0.26,0,cpu,0,11,-10.3,0.0,0.0
1747,random,3,0.2953,0.26,0,cpu,0,15,-9.94,0.0,0.0
1748,random,3,0.2954,0.26,0,cpu,0,6,-10.55,0.0,0.0
1749,random,3,0.2956,0.2,0,cpu,0,28,-10.37,0.0,0.0
1750,random,3,0.2957,0.2,0,cpu,0,12,-10.61,0.0,0.0
1751,random,3,0.2958,0.2,0,cpu,0,16,-10.05,0.0,0.0
1752,random,3,0.296,0.2,0,cpu,0,22,-10.11,0.0,0.0
1753,random,3,0.2961,0.2,0,cpu,0,11,-9.7,0.0,0.0
1754,random,3,0.2962,0.2,0,cpu,1,16,-0.14,0.0,0.0
1755,random,3,0.2963,0.2,0,cpu,0,11,-10.7,0.0,0.0
1756,random,3,0.2964,0.2,0,cpu,0,12,-10.01,0.0,0.0
1757,random,3,0.2965,0.2,0,cpu,0,14,-10.43,0.0,0.0
1758,random,3,0.2967,0.2,0,cpu,0,14,-10.83,0.0,0.0
1759,random,3,0.2968,0.2,0,cpu,0,21,-10.4,0.0,0.0
1760,random,3,0.2969,0.2,0,cpu,0,10,-10.59,0.0,0.0
1761,random,3,0.297,0.2,0,cpu,0,8,-10.57,0.0,0.0
1762,random,3,0.2971,0.18,0,cpu,0,13,-10.92,0.0,0.0
1763,random,3,0.2973,0.18,0,cpu,0,23,-10.62,0.0,0.0
1764,random,3,0.2974,0.18,0,cpu,0,12,-10.81,0.0,0.0
1765,random,3,0.2978,0.18,0,cpu,0,48,-11.17,0.0,0.0
1766,random,3,0.2979,0.12,0,cpu,0,9,-10.28,0.0,0.0
1767,random,3,0.298,0.14,0,cpu,1,14,0.08,0.0,0.0
1768,random,3,0.2982,0.12,0,cpu,0,30,-10.19,0.0,0.0
1769,random,3,0.2985,0.14,0,cpu,1,38,0.04,0.0,0.0
1770,random,3,0.2986,0.14,0,cpu,0,10,-10.79,0.0,0.0
1771,random,3,0.2988,0.14,0,cpu,0,21,-10.0,0.0,0.0
1772,random,3,0.2992,0.14,0,cpu,0,56,-11.25,0.0,0.0
1773,random,3,0.2994,0.14,0,cpu,0,29,-10.68,0.0,0.0
1774,random,3,0.2996,0.14,0,cpu,0,15,-10.14,0.0,0.0
1775,random,3,0.2996,0.14,0,cpu,0,9,-10.68,0.0,0.0
1776,random,3,0.2998,0.12,0,cpu,0,20,-10.69,0.0,0.0
1777,random,3,0.2999,0.12,0,cpu,0,14,-10.83,0.0,0.0
1778,random,3,0.3001,0.12,0,cpu,0,24,-9.93,0.0,0.0
1779,random,3,0.3003,0.12,0,cpu,0,21,-10.4,0.0,0.0
1780,random,3,0.3007,0.1,0,cpu,0,54,-10.63,0.0,0.0
1781,random,3,0.3008,0.1,0,cpu,0,19,-9.98,0.0,0.0
1782,random,3,0.301,0.1,0,cpu,0,13,-10.72,0.0,0.0
1783,random,3,0.3011,0.12,0,cpu,1,19,-0.47,0.0,0.0
1784,random,3,0.3014,0.12,0,cpu,0,37,-10.56,0.0,0.0
1785,random,3,0.3018,0.1,0,cpu,0,39,-10.38,0.0,0.0
1786,random,3,0.3018,0.1,0,cpu,0,6,-10.55,0.0,0.0
1787,random,3,0.302,0.12,0,cpu,1,27,-0.55,0.0,0.0
1788,random,3,0.3022,0.1,0,cpu,0,22,-10.51,0.0,0.0
1789,random,3,0.3023,0.1,0,cpu,0,8,-10.37,0.0,0.0
1790,random,3,0.3024,0.12,0,cpu,1,10,-0.08,0.0,0.0
1791,random,3,0.3026,0.12,0,cpu,0,15,-10.94,0.0,0.0
1792,random,3,0.3026,0.12,0,cpu,0,9,-10.08,0.0,0.0
1793,random,3,0.3027,0.12,0,cpu,0,9,-10.48,0.0,0.0
1794,random,3,0.303,0.12,0,cpu,0,40,-11.09,0.0,0.0
1795,random,3,0.3031,0.12,0,cpu,0,8,-10.57,0.0,0.0
1796,random,3,0.3032,0.12,0,cpu,0,16,-10.45,0.0,0.0
1797,random,3,0.3033,0.12,0,cpu,0,13,-10.92,0.0,0.0
1798,random,3,0.3034,0.12,0,cpu,0,13,-10.52,0.0,0.0
1799,random,3,0.3036,0.12,0,cpu,0,16,-10.05,0.0,0.0
1800,random,3,0.3036,0.12,0,cpu,0,10,-10.59,0.0,0.0
1801,random,3,0.3037,0.12,0,cpu,0,7,-10.26,0.0,0.0
1802,random,3,0.3038,0.16,0,cpu,2,17,10.26,0.0,0.0
1803,random,3,0.3039,0.16,0,cpu,0,9,-10.08,0.0,0.0
1804,random,3,0.304,0.14,0,cpu,0,9,-10.88,0.0,0.0
1805,random,3,0.3044,0.14,0,cpu,0,52,-10.81,0.0,0.0
1806,random,3,0.3045,0.14,0,cpu,0,10,-10.59,0.0,0.0
1807,random,3,0.3045,0.14,0,cpu,0,6,-9.55,0.0,0.0
1808,random,3,0.3046,0.14,0,cpu,0,13,-11.12,0.0,0.0
1809,random,3,0.3047,0.14,0,cpu,0,7,-10.46,0.0,0.0
1810,random,3,0.3049,0.14,0,cpu,0,20,-10.69,0.0,0.0
1811,random,3,0.3049,0.14,0,cpu,0,8,-10.37,0.0,0.0
1812,random,3,0.3051,0.14,0,cpu,0,16,-10.85,0.0,0.0
1813,random,3,0.3052,0.16,0,cpu,1,9,-0.17,0.0,0.0
1814,random,3,0.3052,0.16,0,cpu,0,8,-9.77,0.0,0.0
1815,random,3,0.3053,0.16,0,cpu,0,12,-9.81,0.0,0.0
1816,random,3,0.3054,0.16,0,cpu,0,7,-10.26,0.0,0.0
1817,random,3,0.3056,0.14,0,cpu,0,18,-10.47,0.0,0.0
1818,random,3,0.3057,0.14,0,cpu,0,14,-10.03,0.0,0.0
1819,random,3,0.3058,0.12,0,cpu,0,16,-10.45,0.0,0.0
1820,random,3,0.3059,0.12,0,cpu,0,7,-10.26,0.0,0.0
1821,random,3,0.306,0.12,0,cpu,0,8,-9.97,0.0,0.0
1822,random,3,0.3061,0.12,0,cpu,0,15,-9.94,0.0,0.0
1823,random,3,0.3062,0.12,0,cpu,0,11,-10.5,0.0,0.0
1824,random,3,0.3065,0.12,0,cpu,0,32,-10.01,0.0,0.0
1825,random,3,0.3065,0.12,0,cpu,0,6,-10.55,0.0,0.0
1826,random,3,0.3067,0.14,0,cpu,1,19,0.33,0.0,0.0
1827,random,3,0.3068,0.14,0,cpu,0,9,-9.68,0.0,0.0
1828,random,3,0.3072,0.16,0,cpu,1,57,-0.25,0.0,0.0
1829,random,3,0.3075,0.16,0,cpu,0,31,-10.9,0.0,0.0
1830,random,3,0.3076,0.16,0,cpu,0,15,-10.54,0.0,0.0
1831,random,3,0.3076,0.16,0,cpu,0,8,-10.77,0.0,0.0
1832,random,3,0.3078,0.18,0,cpu,1,17,0.15,0.0,0.0
1833,random,3,0.308,0.2,0,cpu,2,18,9.95,0.0,0.0
1834,random,3,0.3081,0.2,0,cpu,0,13,-10.72,0.0,0.0
1835,random,3,0.3085,0.22,0,cpu,1,60,-0.78,0.0,0.0
1836,random,3,0.3087,0.22,0,cpu,0,14,-10.23,0.0,0.0
1837,random,3,0.3088,0.2,0,cpu,0,21,-10.6,0.0,0.0
1838,random,3,0.309,0.2,0,cpu,0,20,-10.69,0.0,0.0
1839,random,3,0.3091,0.2,0,cpu,0,8,-10.57,0.0,0.0
1840,random,3,0.3092,0.18,0,cpu,0,16,-10.45,0.0,0.0
1841,random,3,0.3093,0.18,0,cpu,0,12,-10.81,0.0,0.0
1842,random,3,0.3095,0.18,0,cpu,0,26,-10.95,0.0,0.0
1843,random,3,0.3099,0.2,0,cpu,1,51,0.81,0.0,0.0
1844,random,3,0.3101,0.2,0,cpu,0,21,-10.2,0.0,0.0
1845,random,3,0.3102,0.2,0,cpu,0,15,-10.54,0.0,0.0
1846,random,3,0.3103,0.2,0,cpu,0,11,-10.9,0.0,0.0
1847,random,3,0.3103,0.2,0,cpu,0,8,-10.37,0.0,0.0
1848,random,3,0.3104,0.2,0,cpu,0,7,-10.46,0.0,0.0
1849,random,3,0.3105,0.22,0,cpu,1,10,0.32,0.0,0.0
1850,random,3,0.3106,0.22,0,cpu,0,9,-10.08,0.0,0.0
1851,random,3,0.3107,0.24,0,cpu,1,16,0.06,0.0,0.0
1852,random,3,0.311,0.2,0,cpu,0,27,-10.86,0.0,0.0
1853,random,3,0.3113,0.2,0,cpu,0,42,-10.91,0.0,0.0
1854,random,3,0.3115,0.2,0,cpu,0,22,-9.51,0.0,0.0
1855,random,3,0.3116,0.2,0,cpu,0,20,-10.69,0.0,0.0
1856,random,3,0.3118,0.22,0,cpu,1,21,0.51,0.0,0.0
1857,random,3,0.3119,0.22,0,cpu,0,6,-9.75,0.0,0.0
1858,random,3,0.3121,0.26,0,cpu,2,18,10.35,0.0,0.0
1859,random,3,0.3121,0.26,0,cpu,0,9,-9.68,0.0,0.0
1860,random,3,0.3123,0.26,0,cpu,0,14,-10.23,0.0,0.0
1861,random,3,0.3124,0.26,0,cpu,0,16,-10.25,0.0,0.0
1862,random,3,0.3125,0.26,0,cpu,0,15,-10.74,0.0,0.0
1863,random,3,0.3126,0.24,0,cpu,0,14,-9.83,0.0,0.0
1864,random,3,0.3128,0.24,0,cpu,0,14,-10.83,0.0,0.0
1865,random,3,0.3128,0.24,0,cpu,0,9,-10.88,0.0,0.0
1866,random,3,0.3129,0.24,0,cpu,0,9,-10.48,0.0,0.0
1867,random,3,0.3131,0.24,0,cpu,0,23,-10.82,0.0,0.0
1868,random,3,0.3132,0.24,0,cpu,0,8,-10.57,0.0,0.0
1869,random,3,0.3134,0.24,0,cpu,0,34,-11.03,0.0,0.0
1870,random,3,0.3141,0.24,0,cpu,0,93,-11.32,0.0,0.0
1871,random,3,0.3144,0.24,0,cpu,0,36,-10.25,0.0,0.0
1872,random,3,0.3146,0.24,0,cpu,0,21,-9.6,0.0,0.0
1873,random,3,0.3147,0.24,0,cpu,0,15,-9.74,0.0,0.0
1874,random,3,0.3148,0.24,0,cpu,0,7,-10.66,0.0,0.0
1875,random,3,0.3152,0.26,0,cpu,1,48,-0.86,0.0,0.0
1876,random,3,0.3154,0.24,0,cpu,0,35,-11.34,0.0,0.0
1877,random,3,0.3156,0.24,0,cpu,0,27,-10.86,0.0,0.0
1878,random,3,0.316,0.24,0,cpu,1,48,-0.06,0.0,0.0
1879,random,3,0.3161,0.24,0,cpu,0,10,-10.59,0.0,0.0
1880,random,3,0.3163,0.24,0,cpu,0,24,-9.93,0.0,0.0
1881,random,3,0.3164,0.24,0,cpu,0,21,-10.6,0.0,0.0
1882,random,3,0.3165,0.22,0,cpu,0,9,-9.68,0.0,0.0
1883,random,3,0.3166,0.2,0,cpu,1,9,-0.17,0.0,0.0
1884,random,3,0.3168,0.2,0,cpu,0,20,-10.49,0.0,0.0
1885,random,3,0.317,0.18,0,cpu,0,32,-11.01,0.0,0.0
1886,random,3,0.3172,0.2,0,cpu,1,18,-0.16,0.0,0.0
1887,random,3,0.3172,0.2,0,cpu,0,9,-10.48,0.0,0.0
1888,random,3,0.3173,0.2,0,cpu,0,10,-10.19,0.0,0.0
1889,random,3,0.3174,0.2,0,cpu,0,13,-10.72,0.0,0.0
1890,random,3,0.3175,0.2,0,cpu,0,11,-10.5,0.0,0.0
1891,random,3,0.3176,0.22,0,cpu,1,8,0.14,0.0,0.0
1892,random,3,0.3177,0.22,0,cpu,0,15,-10.74,0.0,0.0
1893,random,3,0.3179,0.2,0,cpu,0,17,-10.36,0.0,0.0
1894,random,3,0.3183,0.2,0,cpu,0,49,-10.88,0.0,0.0
1895,random,3,0.3185,0.2,0,cpu,0,25,-10.44,0.0,0.0
1896,random,3,0.3188,0.2,0,cpu,0,42,-10.91,0.0,0.0
1897,random,3,0.3189,0.22,0,cpu,1,6,-0.44,0.0,0.0
1898,random,3,0.3189,0.22,0,cpu,0,9,-10.68,0.0,0.0
1899,random,3,0.319,0.2,0,cpu,0,11,-10.7,0.0,0.0
1900,random,3,0.3193,0.2,0,cpu,0,35,-10.14,0.0,0.0
1901,random,3,0.3194,0.18,0,cpu,0,9,-10.08,0.0,0.0
1902,random,3,0.3195,0.18,0,cpu,0,7,-10.46,0.0,0.0
1903,random,3,0.3202,0.2,0,cpu,1,100,-1.38,0.0,0.0
1904,random,3,0.3202,0.2,0,cpu,0,10,-10.39,0.0,0.0
1905,random,3,0.3208,0.22,0,cpu,1,79,-1.07,0.0,0.0
1906,random,3,0.321,0.2,0,cpu,0,18,-10.47,0.0,0.0
1907,random,3,0.3211,0.22,0,cpu,1,20,-0.58,0.0,0.0
1908,random,3,0.3213,0.18,0,cpu,0,16,-10.65,0.0,0.0
1909,random,3,0.3214,0.18,0,cpu,0,18,-10.07,0.0,0.0
1910,random,3,0.3215,0.18,0,cpu,0,7,-10.46,0.0,0.0
1911,random,3,0.3216,0.18,0,cpu,0,11,-10.7,0.0,0.0
1912,random,3,0.3217,0.18,0,cpu,0,12,-9.81,0.0,0.0
1913,random,3,0.3218,0.18,0,cpu,0,20,-10.69,0.0,0.0
1914,random,3,0.3219,0.2,0,cpu,1,12,0.3,0.0,0.0
1915,random,3,0.322,0.2,0,cpu,0,7,-10.06,0.0,0.0
1916,random,3,0.3223,0.2,0,cpu,0,46,-10.95,0.0,0.0
1917,random,3,0.3226,0.2,0,cpu,0,27,-11.06,0.0,0.0
1918,random,3,0.3227,0.2,0,cpu,0,24,-10.73,0.0,0.0
1919,random,3,0.3229,0.2,0,cpu,0,14,-10.23,0.0,0.0
1920,random,3,0.323,0.2,0,cpu,0,14,-10.63,0.0,0.0
1921,random,3,0.3231,0.2,0,cpu,0,10,-10.39,0.0,0.0
1922,random,3,0.3235,0.22,0,cpu,1,48,-0.46,0.0,0.0
1923,random,3,0.3238,0.22,0,cpu,0,41,-10.4,0.0,0.0
1924,random,3,0.3238,0.22,0,cpu,0,8,-10.17,0.0,0.0
1925,random,3,0.3241,0.2,0,cpu,0,29,-10.88,0.0,0.0
1926,random,3,0.3241,0.2,0,cpu,0,10,-10.39,0.0,0.0
1927,random,3,0.3243,0.2,0,cpu,0,16,-10.45,0.0,0.0
1928,random,3,0.3244,0.18,0,cpu,0,9,-10.48,0.0,0.0
1929,random,3,0.3244,0.18,0,cpu,0,7,-10.06,0.0,0.0
1930,random,3,0.3246,0.2,0,cpu,1,18,-0.36,0.0,0.0
1931,random,3,0.3247,0.2,0,cpu,0,15,-10.94,0.0,0.0
1932,random,3,0.3248,0.2,0,cpu,0,14,-10.63,0.0,0.0
1933,random,3,0.3249,0.18,0,cpu,0,12,-10.21,0.0,0.0
1934,random,3,0.3251,0.2,0,cpu,1,22,0.2,0.0,0.0
1935,random,3,0.3252,0.2,0,cpu,0,13,-9.72,0.0,0.0
1936,random,3,0.3253,0.18,0,cpu,0,7,-10.46,0.0,0.0
1937,random,3,0.3256,0.18,0,cpu,0,49,-10.08,0.0,0.0
1938,random,3,0.3257,0.18,0,cpu,0,13,-10.52,0.0,0.0
1939,random,3,0.3258,0.18,0,cpu,0,12,-10.41,0.0,0.0
1940,random,3,0.3259,0.18,0,cpu,0,12,-10.61,0.0,0.0
1941,random,3,0.3261,0.16,0,cpu,0,22,-10.31,0.0,0.0
1942,random,3,0.3265,0.18,0,cpu,1,56,-0.74,0.0,0.0
1943,random,3,0.3267,0.18,0,cpu,0,22,-10.91,0.0,0.0
1944,random,3,0.3268,0.18,0,cpu,0,12,-10.41,0.0,0.0
1945,random,3,0.3271,0.18,0,cpu,0,34,-10.43,0.0,0.0
1946,random,3,0.3273,0.2,0,cpu,1,32,-0.7,0.0,0.0
1947,random,3,0.3276,0.18,0,cpu,0,33,-10.92,0.0,0.0
1948,random,3,0.3277,0.18,0,cpu,0,8,-10.57,0.0,0.0
1949,random,3,0.3278,0.18,0,cpu,0,14,-10.43,0.0,0.0
1950,random,3,0.328,0.18,0,cpu,0,26,-10.55,0.0,0.0
1951,random,3,0.3281,0.2,0,cpu,1,9,0.43,0.0,0.0
1952,random,3,0.3282,0.2,0,cpu,0,8,-10.57,0.0,0.0
1953,random,3,0.3283,0.18,0,cpu,0,7,-10.66,0.0,0.0
1954,random,3,0.3284,0.22,0,cpu,2,15,10.28,0.0,0.0
1955,random,3,0.3285,0.2,0,cpu,0,7,-10.46,0.0,0.0
1956,random,3,0.3286,0.2,0,cpu,0,17,-10.56,0.0,0.0
1957,random,3,0.3287,0.18,0,cpu,0,10,-10.99,0.0,0.0
1958,random,3,0.3288,0.18,0,cpu,0,8,-10.57,0.0,0.0
1959,random,3,0.3291,0.18,0,cpu,0,34,-10.43,0.0,0.0
1960,random,3,0.3292,0.18,0,cpu,0,14,-10.23,0.0,0.0
1961,random,3,0.3293,0.18,0,cpu,0,19,-10.98,0.0,0.0
1962,random,3,0.3295,0.18,0,cpu,0,20,-10.09,0.0,0.0
1963,random,3,0.3296,0.18,0,cpu,0,7,-10.66,0.0,0.0
1964,random,3,0.3297,0.18,0,cpu,1,13,-0.61,0.0,0.0
1965,random,3,0.3298,0.18,0,cpu,0,15,-10.34,0.0,0.0
1966,random,3,0.33,0.18,0,cpu,0,32,-10.61,0.0,0.0
1967,random,3,0.3302,0.18,0,cpu,0,19,-9.98,0.0,0.0
1968,random,3,0.3306,0.18,0,cpu,0,50,-10.99,0.0,0.0
1969,random,3,0.3306,0.18,0,cpu,0,8,-10.57,0.0,0.0
1970,random,3,0.3307,0.18,0,cpu,0,8,-10.17,0.0,0.0
1971,random,3,0.3309,0.2,0,cpu,1,24,-0.62,0.0,0.0
1972,random,3,0.331,0.18,0,cpu,0,14,-10.23,0.0,0.0
1973,random,3,0.3313,0.18,0,cpu,0,34,-11.03,0.0,0.0
1974,random,3,0.3316,0.2,0,cpu,1,43,-0.51,0.0,0.0
1975,random,3,0.3317,0.2,0,cpu,0,9,-10.28,0.0,0.0
1976,random,3,0.332,0.2,0,cpu,0,28,-10.17,0.0,0.0
1977,random,3,0.3321,0.2,0,cpu,0,13,-10.72,0.0,0.0
1978,random,3,0.3322,0.2,0,cpu,0,24,-10.53,0.0,0.0
1979,random,3,0.3323,0.2,0,cpu,0,6,-10.55,0.0,0.0
1980,random,3,0.3325,0.2,0,cpu,1,30,0.52,0.0,0.0
1981,random,3,0.3326,0.2,0,cpu,0,6,-10.35,0.0,0.0
1982,random,3,0.3327,0.2,0,cpu,0,10,-10.39,0.0,0.0
1983,random,3,0.3332,0.2,0,cpu,0,61,-10.4,0.0,0.0
1984,random,3,0.3332,0.18,0,cpu,0,10,-10.39,0.0,0.0
1985,random,3,0.334,0.18,0,cpu,0,100,-2.8,0.0,0.0
1986,random,3,0.3341,0.18,0,cpu,0,12,-10.21,0.0,0.0
1987,random,3,0.3344,0.2,0,cpu,1,38,0.04,0.0,0.0
1988,random,3,0.3345,0.2,0,cpu,0,14,-10.23,0.0,0.0
1989,random,3,0.3349,0.22,0,cpu,1,51,0.41,0.0,0.0
1990,random,3,0.335,0.22,0,cpu,0,10,-10.39,0.0,0.0
1991,random,3,0.3352,0.22,0,cpu,0,27,-10.66,0.0,0.0
1992,random,3,0.3353,0.2,0,cpu,0,15,-10.94,0.0,0.0
1993,random,3,0.3356,0.22,0,cpu,1,35,-0.43,0.0,0.0
1994,random,3,0.3357,0.22,0,cpu,0,11,-10.3,0.0,0.0
1995,random,3,0.3361,0.22,0,cpu,0,47,-11.06,0.0,0.0
1996,random,3,0.3362,0.22,0,cpu,1,15,0.17,0.0,0.0
1997,random,3,0.3364,0.24,0,cpu,1,23,-0.11,0.0,0.0
1998,random,3,0.3365,0.24,0,cpu,0,9,-10.48,0.0,0.0
1999,random,3,0.3368,0.24,0,cpu,0,39,-10.78,0.0,0.0
2000,random,3,0.3371,0.24,0,cpu,0,35,-10.74,0.0,0.0
