episode,model,seed,elapsed_seconds,moving_avg_score,model_size,device,score,steps,reward,epsilon,loss
1,lightweight_snake_ddqn,1,0.0002,1.0,9412,cpu,1,21,0.11,0.99601,0.0
2,lightweight_snake_ddqn,1,0.0006,1.0,9412,cpu,1,34,0.08,0.98955,0.0
3,lightweight_snake_ddqn,1,0.0007,0.6667,9412,cpu,0,14,-10.63,0.98689,0.0
4,lightweight_snake_ddqn,1,0.0008,0.5,9412,cpu,0,12,-10.81,0.98461,0.0
5,lightweight_snake_ddqn,1,0.001,0.4,9412,cpu,0,17,-10.76,0.98138,0.0
6,lightweight_snake_ddqn,1,0.0049,0.3333,9412,cpu,0,9,-10.88,0.97967,0.895065
7,lightweight_snake_ddqn,1,0.0223,0.2857,9412,cpu,0,39,-10.38,0.97226,0.008767
8,lightweight_snake_ddqn,1,0.0291,0.25,9412,cpu,0,15,-9.94,0.96941,1.13921
9,lightweight_snake_ddqn,1,0.0452,0.2222,9412,cpu,0,36,-10.45,0.96257,0.290159
10,lightweight_snake_ddqn,1,0.0522,0.4,9412,cpu,2,16,10.57,0.95953,0.574573
11,lightweight_snake_ddqn,1,0.0666,0.4545,9412,cpu,1,33,-0.81,0.95326,0.738697
12,lightweight_snake_ddqn,1,0.0793,0.4167,9412,cpu,0,29,-11.08,0.94775,0.013491
13,lightweight_snake_ddqn,1,0.087,0.4615,9412,cpu,1,17,0.35,0.94452,0.632372
14,lightweight_snake_ddqn,1,0.0953,0.4286,9412,cpu,0,19,-10.18,0.94091,0.52553
15,lightweight_snake_ddqn,1,0.0988,0.4,9412,cpu,0,8,-10.57,0.93939,0.455209
16,lightweight_snake_ddqn,1,0.112,0.4375,9412,cpu,1,30,0.12,0.93369,0.416895
17,lightweight_snake_ddqn,1,0.1225,0.4118,9412,cpu,0,24,-10.53,0.92913,0.3293
18,lightweight_snake_ddqn,1,0.1252,0.3889,9412,cpu,0,6,-10.55,0.92799,0.055468
19,lightweight_snake_ddqn,1,0.1427,0.4211,9412,cpu,1,40,0.02,0.92039,0.268009
20,lightweight_snake_ddqn,1,0.1585,0.4,9412,cpu,0,36,-10.85,0.91355,0.270965
21,lightweight_snake_ddqn,1,0.1747,0.381,9412,cpu,0,37,-9.96,0.90652,0.008871
22,lightweight_snake_ddqn,1,0.1796,0.3636,9412,cpu,0,11,-10.5,0.90443,0.305446
23,lightweight_snake_ddqn,1,0.1858,0.3478,9412,cpu,0,14,-9.83,0.90177,0.319863
24,lightweight_snake_ddqn,1,0.2068,0.3333,9412,cpu,0,48,-10.97,0.89265,0.017215
25,lightweight_snake_ddqn,1,0.2289,0.36,9412,cpu,1,50,-0.68,0.88315,0.041966
26,lightweight_snake_ddqn,1,0.2311,0.3462,9412,cpu,0,5,-10.44,0.8822,0.050915
27,lightweight_snake_ddqn,1,0.2483,0.3333,9412,cpu,0,39,-10.78,0.87479,0.035336
28,lightweight_snake_ddqn,1,0.275,0.3929,9412,cpu,2,60,9.93,0.86339,0.025874
29,lightweight_snake_ddqn,1,0.2804,0.3793,9412,cpu,0,12,-10.61,0.86111,0.026792
30,lightweight_snake_ddqn,1,0.2921,0.3667,9412,cpu,0,26,-10.15,0.85617,0.060872
31,lightweight_snake_ddqn,1,0.297,0.3548,9412,cpu,0,11,-10.3,0.85408,0.2839
32,lightweight_snake_ddqn,1,0.3019,0.3438,9412,cpu,0,11,-10.5,0.85199,0.29117
33,lightweight_snake_ddqn,1,0.3067,0.3333,9412,cpu,0,11,-10.3,0.8499,0.008894
34,lightweight_snake_ddqn,1,0.3111,0.3529,9412,cpu,1,10,0.32,0.848,0.060577
35,lightweight_snake_ddqn,1,0.3208,0.3429,9412,cpu,0,22,-10.31,0.84382,0.300316
36,lightweight_snake_ddqn,1,0.3457,0.3889,9412,cpu,2,56,9.77,0.83318,0.254919
37,lightweight_snake_ddqn,1,0.3539,0.3784,9412,cpu,0,19,-10.38,0.82957,0.013569
38,lightweight_snake_ddqn,1,0.3676,0.4211,9412,cpu,2,31,10.72,0.82368,1.133041
39,lightweight_snake_ddqn,1,0.3721,0.4103,9412,cpu,0,10,-10.39,0.82178,0.025878
40,lightweight_snake_ddqn,1,0.3823,0.4,9412,cpu,0,23,-10.42,0.81741,0.26668
41,lightweight_snake_ddqn,1,0.4026,0.4146,9412,cpu,1,46,0.16,0.80867,0.605631
42,lightweight_snake_ddqn,1,0.4287,0.4286,9412,cpu,1,59,-0.47,0.79746,0.326561
43,lightweight_snake_ddqn,1,0.4354,0.4419,9412,cpu,1,15,0.37,0.79461,0.330923
44,lightweight_snake_ddqn,1,0.4545,0.4545,9412,cpu,1,43,0.09,0.78644,0.029769
45,lightweight_snake_ddqn,1,0.4749,0.4667,9412,cpu,1,46,-0.24,0.7777,0.028939
46,lightweight_snake_ddqn,1,0.479,0.4783,9412,cpu,1,9,0.03,0.77599,0.04465
47,lightweight_snake_ddqn,1,0.487,0.5106,9412,cpu,2,18,10.75,0.77257,0.03283
48,lightweight_snake_ddqn,1,0.5092,0.5208,9412,cpu,1,50,-0.48,0.76307,0.027164
49,lightweight_snake_ddqn,1,0.5241,0.5714,9412,cpu,3,33,21.01,0.7568,0.292185
50,lightweight_snake_ddqn,1,0.536,0.56,9412,cpu,0,27,-10.46,0.75167,0.031286
51,lightweight_snake_ddqn,1,0.5477,0.54,9412,cpu,0,26,-10.35,0.74673,0.288555
52,lightweight_snake_ddqn,1,0.5576,0.52,9412,cpu,0,22,-9.71,0.74255,0.321874
53,lightweight_snake_ddqn,1,0.5638,0.52,9412,cpu,0,14,-10.43,0.73989,0.084946
54,lightweight_snake_ddqn,1,0.5666,0.54,9412,cpu,1,6,0.16,0.73875,0.030789
55,lightweight_snake_ddqn,1,0.5759,0.54,9412,cpu,0,21,-10.0,0.73476,0.317867
56,lightweight_snake_ddqn,1,0.6114,0.56,9412,cpu,1,80,0.42,0.71956,0.561798
57,lightweight_snake_ddqn,1,0.6223,0.62,9412,cpu,3,24,20.4,0.715,0.633378
58,lightweight_snake_ddqn,1,0.6249,0.62,9412,cpu,0,6,-10.35,0.71386,0.100615
59,lightweight_snake_ddqn,1,0.6445,0.64,9412,cpu,1,44,0.38,0.7055,0.366091
60,lightweight_snake_ddqn,1,0.6592,0.62,9412,cpu,1,33,0.39,0.69923,0.329496
61,lightweight_snake_ddqn,1,0.6642,0.6,9412,cpu,0,11,-10.3,0.69714,0.347096
62,lightweight_snake_ddqn,1,0.6753,0.6,9412,cpu,0,25,-10.44,0.69239,0.583276
63,lightweight_snake_ddqn,1,0.7104,0.62,9412,cpu,2,79,9.84,0.67738,0.053328
64,lightweight_snake_ddqn,1,0.7243,0.66,9412,cpu,2,31,10.32,0.67149,0.073517
65,lightweight_snake_ddqn,1,0.7305,0.66,9412,cpu,0,14,-9.83,0.66883,0.874256
66,lightweight_snake_ddqn,1,0.7396,0.68,9412,cpu,2,20,11.13,0.66503,0.037277
67,lightweight_snake_ddqn,1,0.7547,0.7,9412,cpu,1,34,0.48,0.65857,0.098557
68,lightweight_snake_ddqn,1,0.7681,0.72,9412,cpu,1,30,0.72,0.65287,0.058388
69,lightweight_snake_ddqn,1,0.7747,0.72,9412,cpu,1,15,0.57,0.65002,0.112794
70,lightweight_snake_ddqn,1,0.7908,0.74,9412,cpu,1,36,1.06,0.64318,0.353208
71,lightweight_snake_ddqn,1,0.8122,0.78,9412,cpu,2,48,10.65,0.63406,0.071453
72,lightweight_snake_ddqn,1,0.8259,0.8,9412,cpu,1,31,0.21,0.62817,0.075322
73,lightweight_snake_ddqn,1,0.83,0.8,9412,cpu,0,9,-9.28,0.62646,0.038148
74,lightweight_snake_ddqn,1,0.8476,0.84,9412,cpu,2,39,10.44,0.61905,0.254201
75,lightweight_snake_ddqn,1,0.8553,0.82,9412,cpu,0,17,-10.16,0.61582,0.309029
76,lightweight_snake_ddqn,1,0.8597,0.84,9412,cpu,1,10,0.32,0.61392,0.221616
77,lightweight_snake_ddqn,1,0.8703,0.86,9412,cpu,1,24,-0.02,0.60936,0.067646
78,lightweight_snake_ddqn,1,0.8771,0.82,9412,cpu,0,15,-10.14,0.60651,0.134936
79,lightweight_snake_ddqn,1,0.9017,0.9,9412,cpu,4,55,31.1,0.59606,0.064876
80,lightweight_snake_ddqn,1,0.9094,0.92,9412,cpu,1,17,0.55,0.59283,0.055903
81,lightweight_snake_ddqn,1,0.9224,0.94,9412,cpu,1,29,-0.17,0.58732,0.263464
82,lightweight_snake_ddqn,1,0.9322,0.96,9412,cpu,1,22,0.6,0.58314,0.087672
83,lightweight_snake_ddqn,1,0.9597,1.04,9412,cpu,4,61,31.04,0.57155,0.413468
84,lightweight_snake_ddqn,1,0.9646,1.04,9412,cpu,1,11,0.01,0.56946,0.106649
85,lightweight_snake_ddqn,1,0.9742,1.08,9412,cpu,2,21,10.42,0.56547,0.361467
86,lightweight_snake_ddqn,1,0.9873,1.08,9412,cpu,2,29,10.74,0.55996,0.557967
87,lightweight_snake_ddqn,1,1.0046,1.12,9412,cpu,2,38,11.15,0.55274,0.351453
88,lightweight_snake_ddqn,1,1.0106,1.12,9412,cpu,2,13,10.7,0.55027,0.403013
89,lightweight_snake_ddqn,1,1.0238,1.14,9412,cpu,1,29,0.63,0.54476,0.126446
90,lightweight_snake_ddqn,1,1.0342,1.2,9412,cpu,3,23,20.11,0.54039,0.343504
91,lightweight_snake_ddqn,1,1.0481,1.2,9412,cpu,1,31,0.01,0.5345,0.024215
92,lightweight_snake_ddqn,1,1.0535,1.18,9412,cpu,0,12,-9.61,0.53222,0.101781
93,lightweight_snake_ddqn,1,1.0598,1.18,9412,cpu,1,14,0.48,0.52956,0.07069
94,lightweight_snake_ddqn,1,1.0939,1.18,9412,cpu,1,76,0.26,0.51512,0.351042
95,lightweight_snake_ddqn,1,1.1038,1.18,9412,cpu,1,22,0.4,0.51094,0.188066
96,lightweight_snake_ddqn,1,1.1089,1.18,9412,cpu,1,11,0.41,0.50885,0.319765
97,lightweight_snake_ddqn,1,1.1283,1.2,9412,cpu,3,43,20.71,0.50068,0.143718
98,lightweight_snake_ddqn,1,1.1387,1.22,9412,cpu,2,23,11.2,0.49631,0.304562
99,lightweight_snake_ddqn,1,1.1493,1.18,9412,cpu,1,23,0.89,0.49194,0.105379
100,lightweight_snake_ddqn,1,1.1575,1.2,9412,cpu,1,18,0.44,0.48852,0.513408
101,lightweight_snake_ddqn,1,1.1688,1.2,9412,cpu,0,25,-9.84,0.48377,0.446444
102,lightweight_snake_ddqn,1,1.1816,1.22,9412,cpu,1,28,1.34,0.47845,0.578757
103,lightweight_snake_ddqn,1,1.1894,1.24,9412,cpu,1,17,0.35,0.47522,0.359336
104,lightweight_snake_ddqn,1,1.2047,1.26,9412,cpu,2,34,10.99,0.46876,0.449923
105,lightweight_snake_ddqn,1,1.2143,1.32,9412,cpu,3,21,20.53,0.46477,0.367468
106,lightweight_snake_ddqn,1,1.2198,1.32,9412,cpu,1,12,0.5,0.46249,0.619965
107,lightweight_snake_ddqn,1,1.2235,1.26,9412,cpu,0,8,-9.77,0.46097,0.256852
108,lightweight_snake_ddqn,1,1.2499,1.3,9412,cpu,2,59,10.24,0.44976,0.214015
109,lightweight_snake_ddqn,1,1.2668,1.34,9412,cpu,3,37,21.17,0.44273,0.173132
110,lightweight_snake_ddqn,1,1.284,1.4,9412,cpu,4,38,30.97,0.43551,0.6927
111,lightweight_snake_ddqn,1,1.2913,1.42,9412,cpu,1,16,-0.54,0.43247,0.200561
112,lightweight_snake_ddqn,1,1.3032,1.46,9412,cpu,2,26,10.87,0.42753,0.727409
113,lightweight_snake_ddqn,1,1.3209,1.48,9412,cpu,3,39,21.75,0.42012,0.514555
114,lightweight_snake_ddqn,1,1.3562,1.48,9412,cpu,2,78,11.35,0.4053,0.553852
115,lightweight_snake_ddqn,1,1.3666,1.5,9412,cpu,1,23,0.49,0.40093,0.745373
116,lightweight_snake_ddqn,1,1.3961,1.6,9412,cpu,7,65,62.13,0.38858,0.292384
117,lightweight_snake_ddqn,1,1.4014,1.58,9412,cpu,0,12,-9.61,0.3863,0.11208
118,lightweight_snake_ddqn,1,1.4073,1.58,9412,cpu,1,13,0.39,0.38383,0.339477
119,lightweight_snake_ddqn,1,1.4197,1.6,9412,cpu,2,27,10.16,0.3787,0.235548
120,lightweight_snake_ddqn,1,1.4437,1.68,9412,cpu,5,53,41.63,0.36863,1.05587
121,lightweight_snake_ddqn,1,1.4501,1.66,9412,cpu,1,14,0.68,0.36597,0.220648
122,lightweight_snake_ddqn,1,1.4708,1.7,9412,cpu,3,45,22.29,0.35742,0.663363
123,lightweight_snake_ddqn,1,1.478,1.7,9412,cpu,0,16,-10.05,0.35438,0.374777
124,lightweight_snake_ddqn,1,1.4812,1.66,9412,cpu,0,7,-9.66,0.35305,0.16551
125,lightweight_snake_ddqn,1,1.4845,1.68,9412,cpu,1,7,0.45,0.35172,0.39453
126,lightweight_snake_ddqn,1,1.4976,1.68,9412,cpu,1,29,0.83,0.34621,0.098399
127,lightweight_snake_ddqn,1,1.5082,1.72,9412,cpu,3,23,20.51,0.34184,0.877891
128,lightweight_snake_ddqn,1,1.5259,1.76,9412,cpu,2,39,11.24,0.33443,0.639462
129,lightweight_snake_ddqn,1,1.5638,1.82,9412,cpu,7,83,64.35,0.31866,0.214975
130,lightweight_snake_ddqn,1,1.5796,1.86,9412,cpu,3,35,20.99,0.31201,0.245303
131,lightweight_snake_ddqn,1,1.5873,1.84,9412,cpu,0,17,-9.76,0.30878,0.365953
132,lightweight_snake_ddqn,1,1.6025,1.9,9412,cpu,4,33,31.12,0.30251,0.481505
133,lightweight_snake_ddqn,1,1.6121,1.86,9412,cpu,2,21,11.22,0.29852,0.855931
134,lightweight_snake_ddqn,1,1.6179,1.86,9412,cpu,1,13,0.59,0.29605,0.927776
135,lightweight_snake_ddqn,1,1.6238,1.84,9412,cpu,1,13,0.39,0.29358,0.591628
136,lightweight_snake_ddqn,1,1.6826,2.1,9412,cpu,15,128,147.08,0.26926,0.771762
137,lightweight_snake_ddqn,1,1.6979,2.1,9412,cpu,2,34,10.39,0.2628,0.494336
138,lightweight_snake_ddqn,1,1.7116,2.12,9412,cpu,3,30,21.54,0.2571,0.507448
139,lightweight_snake_ddqn,1,1.7277,2.2,9412,cpu,5,35,42.21,0.25045,0.355918
140,lightweight_snake_ddqn,1,1.7341,2.18,9412,cpu,2,14,10.79,0.24779,0.801004
141,lightweight_snake_ddqn,1,1.7602,2.28,9412,cpu,6,56,53.21,0.23715,0.191678
142,lightweight_snake_ddqn,1,1.7807,2.34,9412,cpu,3,45,22.49,0.2286,0.406205
143,lightweight_snake_ddqn,1,1.8448,2.56,9412,cpu,12,140,115.83,0.202,0.351885
144,lightweight_snake_ddqn,1,1.8578,2.62,9412,cpu,4,28,31.87,0.19668,0.093012
145,lightweight_snake_ddqn,1,1.8695,2.66,9412,cpu,3,25,21.29,0.19193,0.355939
146,lightweight_snake_ddqn,1,1.9197,2.84,9412,cpu,10,109,97.62,0.17122,0.691373
147,lightweight_snake_ddqn,1,1.9402,2.94,9412,cpu,8,44,72.95,0.16286,0.164283
148,lightweight_snake_ddqn,1,2.0037,3.22,9412,cpu,16,137,158.2,0.13683,0.371431
149,lightweight_snake_ddqn,1,2.0499,3.42,9412,cpu,11,100,105.32,0.11783,0.712683
150,lightweight_snake_ddqn,1,2.0655,3.48,9412,cpu,4,34,32.21,0.11137,0.269791
151,lightweight_snake_ddqn,1,2.0864,3.6,9412,cpu,6,45,53.02,0.10282,0.725623
152,lightweight_snake_ddqn,1,2.1424,3.88,9412,cpu,15,120,145.96,0.08002,0.313344
153,lightweight_snake_ddqn,1,2.1682,4.02,9412,cpu,8,56,72.63,0.06938,0.35983
154,lightweight_snake_ddqn,1,2.1945,4.08,9412,cpu,5,57,43.19,0.05855,0.614066
155,lightweight_snake_ddqn,1,2.2266,4.14,9412,cpu,6,69,54.98,0.05,0.640541
156,lightweight_snake_ddqn,1,2.2665,4.3,9412,cpu,9,86,85.84,0.05,0.661995
157,lightweight_snake_ddqn,1,2.2959,4.48,9412,cpu,9,63,84.57,0.05,0.94876
158,lightweight_snake_ddqn,1,2.3614,4.76,9412,cpu,16,141,156.96,0.05,0.933377
159,lightweight_snake_ddqn,1,2.4035,4.82,9412,cpu,6,91,52.36,0.05,1.048206
160,lightweight_snake_ddqn,1,2.4561,4.94,9412,cpu,10,113,96.98,0.05,0.591256
161,lightweight_snake_ddqn,1,2.4655,4.96,9412,cpu,2,20,11.13,0.05,0.581082
162,lightweight_snake_ddqn,1,2.4821,5.0,9412,cpu,4,36,32.79,0.05,1.087642
163,lightweight_snake_ddqn,1,2.5122,5.08,9412,cpu,7,65,64.33,0.05,0.269505
164,lightweight_snake_ddqn,1,2.515,5.04,9412,cpu,0,6,-9.55,0.05,0.252773
165,lightweight_snake_ddqn,1,2.5722,5.24,9412,cpu,11,123,105.39,0.05,0.586463
166,lightweight_snake_ddqn,1,2.637,5.38,9412,cpu,14,140,138.45,0.05,0.344826
167,lightweight_snake_ddqn,1,2.6697,5.54,9412,cpu,8,71,74.38,0.05,0.612368
168,lightweight_snake_ddqn,1,2.6866,5.66,9412,cpu,7,36,62.32,0.05,0.599742
169,lightweight_snake_ddqn,1,2.7352,5.78,9412,cpu,8,105,75.24,0.05,1.032834
170,lightweight_snake_ddqn,1,2.7936,5.92,9412,cpu,12,126,117.37,0.05,0.696661
171,lightweight_snake_ddqn,1,2.8812,6.3,9412,cpu,20,189,201.52,0.05,1.285361
172,lightweight_snake_ddqn,1,2.9413,6.5,9412,cpu,13,130,128.04,0.05,1.186012
173,lightweight_snake_ddqn,1,2.989,6.66,9412,cpu,8,103,75.06,0.05,0.735808
174,lightweight_snake_ddqn,1,3.0463,6.94,9412,cpu,14,123,137.52,0.05,0.150671
175,lightweight_snake_ddqn,1,3.142,7.36,9412,cpu,22,205,220.38,0.05,0.735258
176,lightweight_snake_ddqn,1,3.1656,7.44,9412,cpu,5,51,43.85,0.05,0.578216
177,lightweight_snake_ddqn,1,3.2105,7.58,9412,cpu,10,97,93.94,0.05,0.724698
178,lightweight_snake_ddqn,1,3.2657,7.84,9412,cpu,15,119,146.87,0.05,0.87706
179,lightweight_snake_ddqn,1,3.3115,7.92,9412,cpu,11,99,106.63,0.05,0.774057
180,lightweight_snake_ddqn,1,3.35,8.06,9412,cpu,10,83,94.88,0.05,0.881677
181,lightweight_snake_ddqn,1,3.3565,8.1,9412,cpu,2,14,10.79,0.05,0.66837
182,lightweight_snake_ddqn,1,3.4025,8.26,9412,cpu,12,99,115.14,0.05,0.945252
183,lightweight_snake_ddqn,1,3.4108,8.26,9412,cpu,2,18,10.35,0.05,0.71128
184,lightweight_snake_ddqn,1,3.435,8.38,9412,cpu,7,52,63.56,0.05,1.701639
185,lightweight_snake_ddqn,1,3.4639,8.58,9412,cpu,11,62,103.7,0.05,1.692354
186,lightweight_snake_ddqn,1,3.469,8.32,9412,cpu,2,11,10.52,0.05,0.458562
187,lightweight_snake_ddqn,1,3.5014,8.4,9412,cpu,6,70,54.07,0.05,0.629695
188,lightweight_snake_ddqn,1,3.5488,8.56,9412,cpu,11,102,106.5,0.05,0.59296
189,lightweight_snake_ddqn,1,3.6266,8.78,9412,cpu,16,167,161.7,0.05,0.621481
190,lightweight_snake_ddqn,1,3.6535,8.86,9412,cpu,6,58,54.59,0.05,0.679059
191,lightweight_snake_ddqn,1,3.7271,9.08,9412,cpu,17,157,169.31,0.05,0.955666
192,lightweight_snake_ddqn,1,3.8323,9.46,9412,cpu,22,223,219.0,0.05,1.339662
193,lightweight_snake_ddqn,1,3.8726,9.36,9412,cpu,7,86,65.22,0.05,1.165841
194,lightweight_snake_ddqn,1,3.9406,9.62,9412,cpu,17,145,169.43,0.05,0.555772
195,lightweight_snake_ddqn,1,3.958,9.64,9412,cpu,4,37,32.68,0.05,1.488987
196,lightweight_snake_ddqn,1,4.0341,9.86,9412,cpu,21,162,208.2,0.05,0.689726
197,lightweight_snake_ddqn,1,4.0595,9.84,9412,cpu,7,54,63.94,0.05,1.02538
198,lightweight_snake_ddqn,1,4.1334,9.8,9412,cpu,14,157,138.58,0.05,0.821142
199,lightweight_snake_ddqn,1,4.1867,9.84,9412,cpu,13,114,127.0,0.05,0.329146
200,lightweight_snake_ddqn,1,4.2607,10.12,9412,cpu,18,158,180.91,0.05,0.747941
201,lightweight_snake_ddqn,1,4.3175,10.28,9412,cpu,14,121,137.54,0.05,0.818739
202,lightweight_snake_ddqn,1,4.3652,10.22,9412,cpu,12,102,117.41,0.05,0.589483
203,lightweight_snake_ddqn,1,4.4315,10.34,9412,cpu,14,141,136.94,0.05,0.469252
204,lightweight_snake_ddqn,1,4.4417,10.28,9412,cpu,2,22,11.51,0.05,0.697996
205,lightweight_snake_ddqn,1,4.5125,10.44,9412,cpu,14,151,139.24,0.05,0.414716
206,lightweight_snake_ddqn,1,4.5311,10.36,9412,cpu,5,40,42.46,0.05,1.124746
207,lightweight_snake_ddqn,1,4.5779,10.38,9412,cpu,10,99,96.32,0.05,1.33273
208,lightweight_snake_ddqn,1,4.6415,10.42,9412,cpu,18,135,178.64,0.05,2.013824
209,lightweight_snake_ddqn,1,4.6578,10.36,9412,cpu,3,35,22.19,0.05,0.986002
210,lightweight_snake_ddqn,1,4.7175,10.44,9412,cpu,14,127,139.48,0.05,0.952477
211,lightweight_snake_ddqn,1,4.75,10.54,9412,cpu,7,69,65.09,0.05,0.382229
212,lightweight_snake_ddqn,1,4.8019,10.74,9412,cpu,14,110,137.55,0.05,0.73594
213,lightweight_snake_ddqn,1,4.8573,10.9,9412,cpu,15,118,146.58,0.05,0.618686
214,lightweight_snake_ddqn,1,4.886,11.04,9412,cpu,7,61,64.37,0.05,0.636942
215,lightweight_snake_ddqn,1,4.9118,10.96,9412,cpu,7,55,62.03,0.05,0.971437
216,lightweight_snake_ddqn,1,4.9236,10.74,9412,cpu,3,25,21.29,0.05,1.001276
217,lightweight_snake_ddqn,1,4.9744,10.86,9412,cpu,14,108,138.17,0.05,0.34018
218,lightweight_snake_ddqn,1,4.9927,10.8,9412,cpu,4,39,33.06,0.05,0.538348
219,lightweight_snake_ddqn,1,5.0424,10.9,9412,cpu,13,106,126.88,0.05,0.379697
220,lightweight_snake_ddqn,1,5.0634,10.76,9412,cpu,5,45,43.11,0.05,0.65674
221,lightweight_snake_ddqn,1,5.1698,10.84,9412,cpu,24,227,244.38,0.05,1.771367
222,lightweight_snake_ddqn,1,5.189,10.7,9412,cpu,6,41,52.66,0.05,0.663013
223,lightweight_snake_ddqn,1,5.2504,10.84,9412,cpu,15,131,148.35,0.05,0.572532
224,lightweight_snake_ddqn,1,5.2915,10.82,9412,cpu,13,87,126.17,0.05,0.855575
225,lightweight_snake_ddqn,1,5.3422,10.6,9412,cpu,11,108,106.64,0.05,0.994057
226,lightweight_snake_ddqn,1,5.3818,10.66,9412,cpu,8,85,75.04,0.05,0.951367
227,lightweight_snake_ddqn,1,5.4564,10.8,9412,cpu,17,159,167.69,0.05,0.879379
228,lightweight_snake_ddqn,1,5.4758,10.66,9412,cpu,8,41,72.48,0.05,0.347385
229,lightweight_snake_ddqn,1,5.5002,10.6,9412,cpu,8,52,73.07,0.05,0.970114
230,lightweight_snake_ddqn,1,5.5324,10.56,9412,cpu,8,69,73.8,0.05,0.144931
231,lightweight_snake_ddqn,1,5.5824,10.8,9412,cpu,14,107,137.08,0.05,0.379659
232,lightweight_snake_ddqn,1,5.6154,10.78,9412,cpu,11,70,105.02,0.05,0.832428
233,lightweight_snake_ddqn,1,5.6938,11.14,9412,cpu,20,168,199.83,0.05,0.518738
234,lightweight_snake_ddqn,1,5.754,11.32,9412,cpu,16,129,155.08,0.05,1.007583
235,lightweight_snake_ddqn,1,5.777,11.26,9412,cpu,8,49,72.6,0.05,0.537011
236,lightweight_snake_ddqn,1,5.8559,11.58,9412,cpu,18,169,179.9,0.05,0.975557
237,lightweight_snake_ddqn,1,5.8843,11.64,9412,cpu,9,61,84.19,0.05,0.965229
238,lightweight_snake_ddqn,1,5.9318,11.68,9412,cpu,13,102,126.92,0.05,0.547834
239,lightweight_snake_ddqn,1,5.9351,11.38,9412,cpu,1,7,0.45,0.05,0.858799
240,lightweight_snake_ddqn,1,5.9809,11.48,9412,cpu,11,98,106.14,0.05,0.59497
241,lightweight_snake_ddqn,1,6.1049,11.7,9412,cpu,28,264,285.55,0.05,0.677195
242,lightweight_snake_ddqn,1,6.1326,11.46,9412,cpu,10,59,93.92,0.05,1.089537
243,lightweight_snake_ddqn,1,6.1598,11.52,9412,cpu,10,58,94.23,0.05,1.460106
244,lightweight_snake_ddqn,1,6.2546,11.56,9412,cpu,19,203,190.27,0.05,0.727642
245,lightweight_snake_ddqn,1,6.3036,11.76,9412,cpu,14,105,137.9,0.05,1.004095
246,lightweight_snake_ddqn,1,6.3391,11.58,9412,cpu,12,76,115.47,0.05,0.758037
247,lightweight_snake_ddqn,1,6.4022,11.84,9412,cpu,20,135,197.46,0.05,2.020324
248,lightweight_snake_ddqn,1,6.413,11.64,9412,cpu,4,23,30.02,0.05,0.419928
249,lightweight_snake_ddqn,1,6.4528,11.64,9412,cpu,13,85,125.79,0.05,0.901493
250,lightweight_snake_ddqn,1,6.5078,11.56,9412,cpu,14,118,136.87,0.05,1.024912
251,lightweight_snake_ddqn,1,6.5191,11.36,9412,cpu,4,24,31.71,0.05,1.243617
252,lightweight_snake_ddqn,1,6.5238,11.14,9412,cpu,1,10,0.52,0.05,0.901716
253,lightweight_snake_ddqn,1,6.5518,11.06,9412,cpu,10,60,94.01,0.05,0.795381
254,lightweight_snake_ddqn,1,6.6114,11.32,9412,cpu,15,128,147.28,0.05,0.616207
255,lightweight_snake_ddqn,1,6.6559,11.28,9412,cpu,12,95,115.38,0.05,1.188186
256,lightweight_snake_ddqn,1,6.6768,11.3,9412,cpu,6,45,53.02,0.05,0.158302
257,lightweight_snake_ddqn,1,6.6884,11.14,9412,cpu,2,25,11.98,0.05,1.718519
258,lightweight_snake_ddqn,1,6.7395,11.04,9412,cpu,13,110,126.44,0.05,1.431982
259,lightweight_snake_ddqn,1,6.7828,11.22,9412,cpu,12,93,115.6,0.05,1.113418
260,lightweight_snake_ddqn,1,6.8234,11.18,9412,cpu,12,87,115.86,0.05,0.781766
261,lightweight_snake_ddqn,1,6.829,11.08,9412,cpu,2,12,10.81,0.05,0.859346
262,lightweight_snake_ddqn,1,6.8507,10.9,9412,cpu,5,47,42.29,0.05,0.748246
263,lightweight_snake_ddqn,1,6.925,11.0,9412,cpu,20,159,199.42,0.05,0.86363
264,lightweight_snake_ddqn,1,6.958,11.08,9412,cpu,11,71,105.11,0.05,0.857219
265,lightweight_snake_ddqn,1,7.0664,11.4,9412,cpu,23,231,231.03,0.05,0.629102
266,lightweight_snake_ddqn,1,7.1236,11.64,9412,cpu,15,122,148.14,0.05,1.152652
267,lightweight_snake_ddqn,1,7.1661,11.64,9412,cpu,14,91,135.84,0.05,0.417258
268,lightweight_snake_ddqn,1,7.208,11.8,9412,cpu,12,90,116.33,0.05,0.589341
269,lightweight_snake_ddqn,1,7.2411,11.7,9412,cpu,8,71,73.78,0.05,1.180559
270,lightweight_snake_ddqn,1,7.2514,11.62,9412,cpu,1,22,1.8,0.05,0.615531
271,lightweight_snake_ddqn,1,7.2822,11.3,9412,cpu,8,66,74.13,0.05,1.461215
272,lightweight_snake_ddqn,1,7.3381,11.46,9412,cpu,14,120,138.45,0.05,0.764403
273,lightweight_snake_ddqn,1,7.4261,11.62,9412,cpu,23,188,233.16,0.05,0.529199
274,lightweight_snake_ddqn,1,7.5082,11.82,9412,cpu,23,175,229.19,0.05,1.134883
275,lightweight_snake_ddqn,1,7.5246,11.7,9412,cpu,5,35,41.81,0.05,0.643043
276,lightweight_snake_ddqn,1,7.5705,11.78,9412,cpu,12,98,116.25,0.05,0.652238
277,lightweight_snake_ddqn,1,7.6087,11.66,9412,cpu,11,81,105.41,0.05,0.501944
278,lightweight_snake_ddqn,1,7.6767,11.86,9412,cpu,18,145,178.94,0.05,0.799971
279,lightweight_snake_ddqn,1,7.7896,12.16,9412,cpu,23,240,232.44,0.05,0.906168
280,lightweight_snake_ddqn,1,7.8297,12.26,9412,cpu,13,85,125.19,0.05,0.398161
281,lightweight_snake_ddqn,1,7.84,12.04,9412,cpu,3,22,21.62,0.05,1.623112
282,lightweight_snake_ddqn,1,7.8705,12.0,9412,cpu,9,65,84.95,0.05,1.20433
283,lightweight_snake_ddqn,1,7.9285,11.92,9412,cpu,16,124,158.63,0.05,0.334133
284,lightweight_snake_ddqn,1,7.9454,11.7,9412,cpu,5,36,42.3,0.05,0.724518
285,lightweight_snake_ddqn,1,7.9798,11.76,9412,cpu,11,74,105.58,0.05,0.70166
286,lightweight_snake_ddqn,1,8.0421,11.72,9412,cpu,16,132,159.75,0.05,1.065423
287,lightweight_snake_ddqn,1,8.1046,11.86,9412,cpu,16,132,158.35,0.05,0.71609
288,lightweight_snake_ddqn,1,8.1343,11.82,9412,cpu,11,63,104.59,0.05,0.956666
289,lightweight_snake_ddqn,1,8.1877,12.12,9412,cpu,16,113,156.44,0.05,0.670373
290,lightweight_snake_ddqn,1,8.2989,12.38,9412,cpu,24,235,244.1,0.05,1.325131
291,lightweight_snake_ddqn,1,8.3291,12.04,9412,cpu,11,64,104.68,0.05,0.986933
292,lightweight_snake_ddqn,1,8.394,12.12,9412,cpu,14,137,138.78,0.05,0.636657
293,lightweight_snake_ddqn,1,8.4332,12.12,9412,cpu,10,83,96.28,0.05,0.152727
294,lightweight_snake_ddqn,1,8.5296,12.2,9412,cpu,23,205,234.09,0.05,1.023453
295,lightweight_snake_ddqn,1,8.57,12.12,9412,cpu,10,86,94.95,0.05,0.788491
296,lightweight_snake_ddqn,1,8.6455,12.22,9412,cpu,17,162,169.96,0.05,0.760156
297,lightweight_snake_ddqn,1,8.6834,12.04,9412,cpu,11,81,105.01,0.05,1.213011
298,lightweight_snake_ddqn,1,8.7176,12.14,9412,cpu,9,73,84.87,0.05,0.582833
299,lightweight_snake_ddqn,1,8.8036,12.32,9412,cpu,22,183,221.4,0.05,1.510845
300,lightweight_snake_ddqn,1,8.819,12.12,9412,cpu,4,33,32.12,0.05,0.813994
301,lightweight_snake_ddqn,1,8.8452,12.16,9412,cpu,6,56,54.21,0.05,0.700525
302,lightweight_snake_ddqn,1,8.8792,12.36,9412,cpu,11,73,105.49,0.05,1.496681
303,lightweight_snake_ddqn,1,8.9051,12.3,9412,cpu,7,55,63.63,0.05,0.965624
304,lightweight_snake_ddqn,1,8.9537,12.22,9412,cpu,11,104,105.48,0.05,1.956471
305,lightweight_snake_ddqn,1,9.0062,12.2,9412,cpu,11,112,105.6,0.05,0.588811
306,lightweight_snake_ddqn,1,9.0449,12.32,9412,cpu,12,82,114.81,0.05,1.743989
307,lightweight_snake_ddqn,1,9.0581,12.36,9412,cpu,4,28,32.07,0.05,0.329823
308,lightweight_snake_ddqn,1,9.0848,12.22,9412,cpu,6,57,54.3,0.05,0.704284
309,lightweight_snake_ddqn,1,9.199,12.46,9412,cpu,24,243,243.62,0.05,0.542672
310,lightweight_snake_ddqn,1,9.2289,12.4,9412,cpu,9,64,83.86,0.05,1.139718
311,lightweight_snake_ddqn,1,9.2921,12.66,9412,cpu,15,135,146.71,0.05,0.911174
312,lightweight_snake_ddqn,1,9.3047,12.64,9412,cpu,4,27,31.58,0.05,0.427903
313,lightweight_snake_ddqn,1,9.3778,12.58,9412,cpu,17,156,170.62,0.05,1.373519
314,lightweight_snake_ddqn,1,9.4249,12.6,9412,cpu,12,100,116.03,0.05,0.411565
315,lightweight_snake_ddqn,1,9.477,12.4,9412,cpu,13,111,126.93,0.05,1.130399
316,lightweight_snake_ddqn,1,9.5296,12.4,9412,cpu,15,112,147.44,0.05,1.086248
317,lightweight_snake_ddqn,1,9.581,12.36,9412,cpu,12,110,116.93,0.05,1.220635
318,lightweight_snake_ddqn,1,9.634,12.4,9412,cpu,14,113,137.42,0.05,0.371557
319,lightweight_snake_ddqn,1,9.6561,12.42,9412,cpu,9,47,83.33,0.05,0.915074
320,lightweight_snake_ddqn,1,9.6968,12.62,9412,cpu,11,87,106.35,0.05,0.995069
321,lightweight_snake_ddqn,1,9.7109,12.52,9412,cpu,3,30,22.34,0.05,2.47181
322,lightweight_snake_ddqn,1,9.74,12.38,9412,cpu,7,62,64.66,0.05,1.328489
323,lightweight_snake_ddqn,1,9.7685,12.1,9412,cpu,9,61,83.99,0.05,0.766046
324,lightweight_snake_ddqn,1,9.8403,12.04,9412,cpu,20,153,198.68,0.05,1.227443
325,lightweight_snake_ddqn,1,9.8515,12.0,9412,cpu,3,24,21.6,0.05,1.024043
326,lightweight_snake_ddqn,1,9.8891,11.96,9412,cpu,10,80,95.61,0.05,0.708624
327,lightweight_snake_ddqn,1,9.9294,11.96,9412,cpu,11,86,104.86,0.05,0.739825
328,lightweight_snake_ddqn,1,9.9327,11.6,9412,cpu,0,7,-9.46,0.05,0.079806
329,lightweight_snake_ddqn,1,9.9408,11.18,9412,cpu,2,17,11.26,0.05,0.413821
330,lightweight_snake_ddqn,1,9.9697,11.12,9412,cpu,10,62,94.39,0.05,0.413502
331,lightweight_snake_ddqn,1,10.0171,11.28,9412,cpu,11,101,106.81,0.05,0.605555
332,lightweight_snake_ddqn,1,10.0389,11.22,9412,cpu,6,46,53.11,0.05,1.776493
333,lightweight_snake_ddqn,1,10.0487,10.94,9412,cpu,2,21,11.42,0.05,1.18801
334,lightweight_snake_ddqn,1,10.116,11.14,9412,cpu,15,143,149.43,0.05,1.211252
335,lightweight_snake_ddqn,1,10.1815,11.3,9412,cpu,19,139,187.31,0.05,0.610966
336,lightweight_snake_ddqn,1,10.1993,11.06,9412,cpu,4,38,32.77,0.05,1.891259
337,lightweight_snake_ddqn,1,10.2294,10.92,9412,cpu,9,64,83.46,0.05,1.450679
338,lightweight_snake_ddqn,1,10.2594,10.86,9412,cpu,8,64,74.35,0.05,1.378119
339,lightweight_snake_ddqn,1,10.3654,11.0,9412,cpu,23,226,232.98,0.05,1.005228
340,lightweight_snake_ddqn,1,10.4151,10.72,9412,cpu,10,106,95.75,0.05,1.537491
341,lightweight_snake_ddqn,1,10.4306,10.6,9412,cpu,5,33,42.03,0.05,1.263542
342,lightweight_snake_ddqn,1,10.454,10.5,9412,cpu,9,50,83.0,0.05,0.787471
343,lightweight_snake_ddqn,1,10.5072,10.6,9412,cpu,15,113,147.93,0.05,1.722318
344,lightweight_snake_ddqn,1,10.5559,10.38,9412,cpu,12,103,116.7,0.05,0.876434
345,lightweight_snake_ddqn,1,10.5861,10.34,9412,cpu,8,64,74.35,0.05,1.370988
346,lightweight_snake_ddqn,1,10.5957,10.02,9412,cpu,1,20,1.62,0.05,0.845571
347,lightweight_snake_ddqn,1,10.6231,9.96,9412,cpu,8,58,74.01,0.05,0.547322
348,lightweight_snake_ddqn,1,10.6311,9.82,9412,cpu,2,17,11.26,0.05,1.183909
349,lightweight_snake_ddqn,1,10.6584,9.52,9412,cpu,7,57,64.01,0.05,0.694336
350,lightweight_snake_ddqn,1,10.7379,9.86,9412,cpu,21,168,209.74,0.05,2.027829
351,lightweight_snake_ddqn,1,10.7426,9.76,9412,cpu,1,10,0.52,0.05,1.138544
352,lightweight_snake_ddqn,1,10.799,9.82,9412,cpu,14,119,139.36,0.05,0.755935
353,lightweight_snake_ddqn,1,10.8416,9.88,9412,cpu,10,90,95.51,0.05,0.854492
354,lightweight_snake_ddqn,1,10.8714,9.84,9412,cpu,9,63,83.97,0.05,1.581622
355,lightweight_snake_ddqn,1,10.9234,9.88,9412,cpu,13,110,125.84,0.05,1.510425
356,lightweight_snake_ddqn,1,10.932,9.72,9412,cpu,4,18,31.17,0.05,1.13388
357,lightweight_snake_ddqn,1,11.0022,10.02,9412,cpu,19,147,188.43,0.05,1.131204
358,lightweight_snake_ddqn,1,11.0982,10.26,9412,cpu,18,202,181.87,0.05,1.776881
359,lightweight_snake_ddqn,1,11.1426,10.02,9412,cpu,12,94,115.69,0.05,0.759185
360,lightweight_snake_ddqn,1,11.1459,9.86,9412,cpu,1,7,0.45,0.05,1.178398
361,lightweight_snake_ddqn,1,11.154,9.6,9412,cpu,2,17,11.26,0.05,1.104692
362,lightweight_snake_ddqn,1,11.1775,9.68,9412,cpu,8,50,72.69,0.05,0.968051
363,lightweight_snake_ddqn,1,11.2259,9.6,9412,cpu,13,102,127.12,0.05,1.461508
364,lightweight_snake_ddqn,1,11.2574,9.5,9412,cpu,7,67,64.11,0.05,1.027552
365,lightweight_snake_ddqn,1,11.3264,9.56,9412,cpu,16,146,159.81,0.05,1.854431
366,lightweight_snake_ddqn,1,11.4002,9.7,9412,cpu,22,156,220.77,0.05,0.446451
367,lightweight_snake_ddqn,1,11.4759,9.82,9412,cpu,18,160,179.49,0.05,0.979035
368,lightweight_snake_ddqn,1,11.533,9.8,9412,cpu,13,121,126.83,0.05,1.481808
369,lightweight_snake_ddqn,1,11.5401,9.66,9412,cpu,2,15,10.88,0.05,0.796013
370,lightweight_snake_ddqn,1,11.5814,9.7,9412,cpu,13,87,125.97,0.05,1.335454
371,lightweight_snake_ddqn,1,11.6112,9.82,9412,cpu,9,63,84.37,0.05,1.838644
372,lightweight_snake_ddqn,1,11.6155,9.7,9412,cpu,1,9,0.63,0.05,0.914111
373,lightweight_snake_ddqn,1,11.6689,9.82,9412,cpu,15,113,148.53,0.05,0.971291
374,lightweight_snake_ddqn,1,11.7279,9.74,9412,cpu,16,125,157.92,0.05,1.210066
375,lightweight_snake_ddqn,1,11.7382,9.7,9412,cpu,1,22,1.6,0.05,0.718224
376,lightweight_snake_ddqn,1,11.75,9.54,9412,cpu,2,25,11.78,0.05,1.028673
377,lightweight_snake_ddqn,1,11.7845,9.54,9412,cpu,11,73,104.89,0.05,0.793302
378,lightweight_snake_ddqn,1,11.8319,9.8,9412,cpu,13,100,126.74,0.05,1.319998
379,lightweight_snake_ddqn,1,11.847,9.82,9412,cpu,3,32,22.52,0.05,1.315487
380,lightweight_snake_ddqn,1,11.9138,9.96,9412,cpu,17,142,169.36,0.05,0.915302
381,lightweight_snake_ddqn,1,11.9633,10.0,9412,cpu,13,105,127.79,0.05,0.599456
382,lightweight_snake_ddqn,1,11.9957,10.04,9412,cpu,8,69,74.2,0.05,1.733898
383,lightweight_snake_ddqn,1,12.0247,10.1,9412,cpu,5,62,43.44,0.05,1.396321
384,lightweight_snake_ddqn,1,12.0289,9.82,9412,cpu,1,9,0.63,0.05,1.263455
385,lightweight_snake_ddqn,1,12.0817,9.7,9412,cpu,13,112,126.82,0.05,1.045734
386,lightweight_snake_ddqn,1,12.0949,9.68,9412,cpu,3,28,21.76,0.05,0.956483
387,lightweight_snake_ddqn,1,12.147,9.76,9412,cpu,13,111,125.53,0.05,0.670472
388,lightweight_snake_ddqn,1,12.2736,10.12,9412,cpu,26,268,265.49,0.05,0.712723
389,lightweight_snake_ddqn,1,12.2895,9.78,9412,cpu,6,34,51.83,0.05,0.795118
390,lightweight_snake_ddqn,1,12.3739,10.04,9412,cpu,23,178,232.26,0.05,1.005744
391,lightweight_snake_ddqn,1,12.4041,10.1,9412,cpu,8,64,73.95,0.05,1.821258
392,lightweight_snake_ddqn,1,12.469,10.28,9412,cpu,18,137,179.02,0.05,1.074568
393,lightweight_snake_ddqn,1,12.5037,10.16,9412,cpu,9,74,85.56,0.05,1.280726
394,lightweight_snake_ddqn,1,12.538,10.08,9412,cpu,8,73,75.36,0.05,0.990004
395,lightweight_snake_ddqn,1,12.5721,10.08,9412,cpu,8,73,74.36,0.05,1.137096
396,lightweight_snake_ddqn,1,12.5777,10.08,9412,cpu,1,12,0.5,0.05,1.142845
397,lightweight_snake_ddqn,1,12.706,10.48,9412,cpu,28,273,284.76,0.05,0.988905
398,lightweight_snake_ddqn,1,12.7585,10.64,9412,cpu,10,112,95.29,0.05,0.980901
399,lightweight_snake_ddqn,1,12.8044,10.7,9412,cpu,10,98,96.03,0.05,0.340315
400,lightweight_snake_ddqn,1,12.841,10.48,9412,cpu,10,78,94.63,0.05,1.300875
401,lightweight_snake_ddqn,1,12.8836,10.66,9412,cpu,10,91,94.2,0.05,1.554633
402,lightweight_snake_ddqn,1,12.9276,10.68,9412,cpu,15,94,147.02,0.05,1.010151
403,lightweight_snake_ddqn,1,13.018,10.92,9412,cpu,22,192,222.61,0.05,0.704335
404,lightweight_snake_ddqn,1,13.0294,10.84,9412,cpu,5,24,41.22,0.05,1.760733
405,lightweight_snake_ddqn,1,13.0496,10.64,9412,cpu,3,43,22.91,0.05,0.780068
406,lightweight_snake_ddqn,1,13.0775,10.7,9412,cpu,7,59,64.39,0.05,1.00822
407,lightweight_snake_ddqn,1,13.0854,10.36,9412,cpu,2,17,10.86,0.05,0.372826
408,lightweight_snake_ddqn,1,13.1022,10.08,9412,cpu,4,36,32.19,0.05,0.946641
409,lightweight_snake_ddqn,1,13.1144,9.9,9412,cpu,3,26,21.18,0.05,1.083703
410,lightweight_snake_ddqn,1,13.1248,9.94,9412,cpu,3,22,21.42,0.05,0.761411
411,lightweight_snake_ddqn,1,13.1849,10.24,9412,cpu,17,128,167.5,0.05,1.341451
412,lightweight_snake_ddqn,1,13.2168,10.22,9412,cpu,7,68,61.8,0.05,1.188506
413,lightweight_snake_ddqn,1,13.2732,10.32,9412,cpu,18,120,177.89,0.05,0.933322
414,lightweight_snake_ddqn,1,13.3121,10.4,9412,cpu,11,83,105.99,0.05,0.893686
415,lightweight_snake_ddqn,1,13.345,10.28,9412,cpu,10,70,94.31,0.05,2.277301
416,lightweight_snake_ddqn,1,13.409,10.16,9412,cpu,16,137,158.4,0.05,0.614928
417,lightweight_snake_ddqn,1,13.4287,9.92,9412,cpu,6,42,52.75,0.05,1.26386
418,lightweight_snake_ddqn,1,13.5006,10.04,9412,cpu,19,153,188.77,0.05,1.233921
419,lightweight_snake_ddqn,1,13.5225,10.12,9412,cpu,6,47,53.0,0.05,1.462038
420,lightweight_snake_ddqn,1,13.5885,10.18,9412,cpu,16,141,156.96,0.05,0.461073
421,lightweight_snake_ddqn,1,13.6242,10.2,9412,cpu,10,76,95.05,0.05,1.505713
422,lightweight_snake_ddqn,1,13.6674,10.42,9412,cpu,12,92,115.11,0.05,1.628903
423,lightweight_snake_ddqn,1,13.6785,10.18,9412,cpu,3,24,21.0,0.05,1.11424
424,lightweight_snake_ddqn,1,13.7108,10.06,9412,cpu,10,69,94.22,0.05,0.551206
425,lightweight_snake_ddqn,1,13.7493,10.26,9412,cpu,11,82,104.9,0.05,2.263101
426,lightweight_snake_ddqn,1,13.8338,10.66,9412,cpu,22,180,222.33,0.05,0.796256
427,lightweight_snake_ddqn,1,13.8819,10.68,9412,cpu,12,103,114.3,0.05,1.251018
428,lightweight_snake_ddqn,1,13.9066,10.48,9412,cpu,3,53,21.81,0.05,0.851039
429,lightweight_snake_ddqn,1,13.9557,10.68,9412,cpu,13,105,127.79,0.05,1.019159
430,lightweight_snake_ddqn,1,13.9886,10.5,9412,cpu,8,70,74.49,0.05,1.235936
431,lightweight_snake_ddqn,1,14.0616,10.56,9412,cpu,16,155,159.82,0.05,0.56558
432,lightweight_snake_ddqn,1,14.1219,10.72,9412,cpu,16,128,158.59,0.05,0.33215
433,lightweight_snake_ddqn,1,14.1257,10.64,9412,cpu,1,8,0.54,0.05,1.575816
434,lightweight_snake_ddqn,1,14.1553,10.78,9412,cpu,8,63,74.06,0.05,0.556214
435,lightweight_snake_ddqn,1,14.1749,10.64,9412,cpu,6,42,52.95,0.05,1.203047
436,lightweight_snake_ddqn,1,14.2663,11.0,9412,cpu,21,195,211.37,0.05,0.586295
437,lightweight_snake_ddqn,1,14.2813,10.82,9412,cpu,4,32,32.23,0.05,0.724072
438,lightweight_snake_ddqn,1,14.2883,10.36,9412,cpu,3,15,20.59,0.05,0.543553
439,lightweight_snake_ddqn,1,14.3399,10.52,9412,cpu,14,110,136.95,0.05,0.670375
440,lightweight_snake_ddqn,1,14.3956,10.32,9412,cpu,13,119,127.65,0.05,1.100945
441,lightweight_snake_ddqn,1,14.4514,10.4,9412,cpu,12,119,114.94,0.05,1.11728
442,lightweight_snake_ddqn,1,14.4934,10.26,9412,cpu,11,89,106.13,0.05,0.709983
443,lightweight_snake_ddqn,1,14.5468,10.36,9412,cpu,14,112,137.53,0.05,1.359284
444,lightweight_snake_ddqn,1,14.591,10.42,9412,cpu,11,93,106.69,0.05,1.111808
445,lightweight_snake_ddqn,1,14.7051,10.8,9412,cpu,27,240,273.08,0.05,1.859233
446,lightweight_snake_ddqn,1,14.717,10.82,9412,cpu,2,25,10.58,0.05,1.089513
447,lightweight_snake_ddqn,1,14.7392,10.38,9412,cpu,6,47,53.2,0.05,1.371451
448,lightweight_snake_ddqn,1,14.7737,10.32,9412,cpu,7,73,64.65,0.05,0.724836
449,lightweight_snake_ddqn,1,14.819,10.36,9412,cpu,12,96,115.67,0.05,0.823726
450,lightweight_snake_ddqn,1,14.8859,10.46,9412,cpu,15,142,147.54,0.05,1.925053
451,lightweight_snake_ddqn,1,14.9215,10.42,9412,cpu,8,75,74.54,0.05,0.763721
452,lightweight_snake_ddqn,1,14.9498,10.28,9412,cpu,8,60,74.59,0.05,1.543038
453,lightweight_snake_ddqn,1,14.9526,9.86,9412,cpu,1,6,0.36,0.05,1.057597
454,lightweight_snake_ddqn,1,14.9792,9.88,9412,cpu,6,56,54.21,0.05,1.166156
455,lightweight_snake_ddqn,1,15.0422,10.14,9412,cpu,16,133,159.04,0.05,1.30722
456,lightweight_snake_ddqn,1,15.0616,10.1,9412,cpu,5,41,42.75,0.05,1.38179
457,lightweight_snake_ddqn,1,15.1149,10.36,9412,cpu,15,112,147.04,0.05,0.853673
458,lightweight_snake_ddqn,1,15.1217,10.32,9412,cpu,2,13,10.9,0.05,1.378837
459,lightweight_snake_ddqn,1,15.125,10.26,9412,cpu,0,7,-9.46,0.05,0.952391
460,lightweight_snake_ddqn,1,15.1397,10.3,9412,cpu,5,31,42.05,0.05,1.154262
461,lightweight_snake_ddqn,1,15.1507,10.02,9412,cpu,3,23,21.71,0.05,0.685151
462,lightweight_snake_ddqn,1,15.208,10.22,9412,cpu,17,121,166.67,0.05,0.881583
463,lightweight_snake_ddqn,1,15.2118,9.86,9412,cpu,0,8,-9.37,0.05,0.902538
464,lightweight_snake_ddqn,1,15.2723,9.96,9412,cpu,16,128,157.79,0.05,0.706165
465,lightweight_snake_ddqn,1,15.3092,10.0,9412,cpu,12,78,114.25,0.05,0.89841
466,lightweight_snake_ddqn,1,15.3841,10.02,9412,cpu,17,158,171.0,0.05,1.251792
467,lightweight_snake_ddqn,1,15.4091,10.02,9412,cpu,6,53,53.74,0.05,0.420886
468,lightweight_snake_ddqn,1,15.426,9.74,9412,cpu,5,36,42.3,0.05,0.583231
469,lightweight_snake_ddqn,1,15.4684,9.86,9412,cpu,12,90,115.93,0.05,0.896367
470,lightweight_snake_ddqn,1,15.4988,9.68,9412,cpu,7,64,64.24,0.05,1.0838
471,lightweight_snake_ddqn,1,15.6011,9.94,9412,cpu,23,216,233.68,0.05,0.399183
472,lightweight_snake_ddqn,1,15.6731,10.1,9412,cpu,20,153,200.68,0.05,1.107886
473,lightweight_snake_ddqn,1,15.6863,10.1,9412,cpu,3,28,21.96,0.05,1.478136
474,lightweight_snake_ddqn,1,15.7093,10.02,9412,cpu,6,49,52.98,0.05,1.261741
475,lightweight_snake_ddqn,1,15.7541,10.1,9412,cpu,15,95,146.31,0.05,0.517407
476,lightweight_snake_ddqn,1,15.8277,9.96,9412,cpu,15,156,151.2,0.05,1.060904
477,lightweight_snake_ddqn,1,15.8895,10.1,9412,cpu,19,131,187.39,0.05,1.488335
478,lightweight_snake_ddqn,1,15.9542,10.34,9412,cpu,15,138,148.78,0.05,0.681276
479,lightweight_snake_ddqn,1,16.0323,10.5,9412,cpu,21,166,210.16,0.05,1.12945
480,lightweight_snake_ddqn,1,16.0431,10.38,9412,cpu,2,23,11.0,0.05,1.198169
481,lightweight_snake_ddqn,1,16.0755,10.22,9412,cpu,8,69,74.4,0.05,0.939166
482,lightweight_snake_ddqn,1,16.1175,10.14,9412,cpu,12,89,115.44,0.05,1.266796
483,lightweight_snake_ddqn,1,16.2021,10.5,9412,cpu,19,180,191.4,0.05,1.540574
484,lightweight_snake_ddqn,1,16.2134,10.42,9412,cpu,4,24,31.11,0.05,1.543383
485,lightweight_snake_ddqn,1,16.2997,10.7,9412,cpu,20,184,201.87,0.05,1.064887
486,lightweight_snake_ddqn,1,16.3227,10.42,9412,cpu,7,49,63.69,0.05,0.421909
487,lightweight_snake_ddqn,1,16.3444,10.48,9412,cpu,7,46,63.22,0.05,1.45883
488,lightweight_snake_ddqn,1,16.4148,10.88,9412,cpu,23,150,229.94,0.05,1.252349
489,lightweight_snake_ddqn,1,16.4182,10.6,9412,cpu,0,7,-9.46,0.05,0.242525
490,lightweight_snake_ddqn,1,16.4778,10.6,9412,cpu,13,127,126.57,0.05,0.816389
491,lightweight_snake_ddqn,1,16.5698,10.74,9412,cpu,19,196,189.44,0.05,1.396434
492,lightweight_snake_ddqn,1,16.6404,10.92,9412,cpu,20,150,200.81,0.05,1.384324
493,lightweight_snake_ddqn,1,16.6937,10.96,9412,cpu,16,113,157.44,0.05,1.022652
494,lightweight_snake_ddqn,1,16.7294,10.98,9412,cpu,12,76,114.67,0.05,0.692932
495,lightweight_snake_ddqn,1,16.7927,10.76,9412,cpu,16,135,159.42,0.05,0.900237
496,lightweight_snake_ddqn,1,16.8334,10.9,9412,cpu,9,87,85.53,0.05,1.147744
497,lightweight_snake_ddqn,1,16.9551,11.34,9412,cpu,28,258,283.81,0.05,0.991972
498,lightweight_snake_ddqn,1,17.0168,11.56,9412,cpu,18,131,179.08,0.05,0.907668
499,lightweight_snake_ddqn,1,17.0301,11.38,9412,cpu,3,28,22.16,0.05,0.284819
500,lightweight_snake_ddqn,1,17.079,11.4,9412,cpu,16,103,156.14,0.05,2.185079
501,lightweight_snake_ddqn,1,17.158,11.6,9412,cpu,18,167,179.52,0.05,1.703781
502,lightweight_snake_ddqn,1,17.1765,11.56,9412,cpu,6,39,52.28,0.05,0.82078
503,lightweight_snake_ddqn,1,17.3125,12.06,9412,cpu,26,289,262.78,0.05,1.397522
504,lightweight_snake_ddqn,1,17.3274,12.0,9412,cpu,3,32,21.72,0.05,1.365469
505,lightweight_snake_ddqn,1,17.3519,11.86,9412,cpu,9,52,82.58,0.05,0.648062
506,lightweight_snake_ddqn,1,17.3971,11.96,9412,cpu,10,96,96.05,0.05,1.109206
507,lightweight_snake_ddqn,1,17.4549,12.0,9412,cpu,17,123,168.45,0.05,0.746887
508,lightweight_snake_ddqn,1,17.4709,12.04,9412,cpu,4,34,32.61,0.05,0.664014
509,lightweight_snake_ddqn,1,17.4945,12.18,9412,cpu,7,50,63.58,0.05,0.352523
510,lightweight_snake_ddqn,1,17.5676,12.4,9412,cpu,16,156,158.11,0.05,0.635256
511,lightweight_snake_ddqn,1,17.5799,12.42,9412,cpu,4,26,31.89,0.05,1.774012
512,lightweight_snake_ddqn,1,17.613,12.26,9412,cpu,9,70,84.6,0.05,1.347174
513,lightweight_snake_ddqn,1,17.6739,12.64,9412,cpu,19,129,188.01,0.05,1.056962
514,lightweight_snake_ddqn,1,17.6989,12.44,9412,cpu,6,53,53.34,0.05,1.367362
515,lightweight_snake_ddqn,1,17.7403,12.38,9412,cpu,9,88,85.82,0.05,0.790758
516,lightweight_snake_ddqn,1,17.8116,12.34,9412,cpu,15,152,150.64,0.05,1.722062
517,lightweight_snake_ddqn,1,17.8566,12.46,9412,cpu,12,96,115.27,0.05,1.218029
518,lightweight_snake_ddqn,1,17.9084,12.64,9412,cpu,14,111,138.24,0.05,1.561071
519,lightweight_snake_ddqn,1,17.9737,12.7,9412,cpu,15,140,147.56,0.05,0.87316
520,lightweight_snake_ddqn,1,17.9817,12.62,9412,cpu,3,17,20.97,0.05,1.288732
521,lightweight_snake_ddqn,1,18.0846,12.68,9412,cpu,26,218,261.99,0.05,1.190129
522,lightweight_snake_ddqn,1,18.0935,12.34,9412,cpu,3,19,21.15,0.05,1.019972
523,lightweight_snake_ddqn,1,18.1652,12.62,9412,cpu,17,152,169.86,0.05,0.750011
524,lightweight_snake_ddqn,1,18.1988,12.74,9412,cpu,12,71,114.42,0.05,0.726058
525,lightweight_snake_ddqn,1,18.2512,12.74,9412,cpu,15,110,146.86,0.05,0.797126
526,lightweight_snake_ddqn,1,18.272,12.6,9412,cpu,8,44,72.75,0.05,1.659816
527,lightweight_snake_ddqn,1,18.3241,12.52,9412,cpu,15,110,146.66,0.05,0.925658
528,lightweight_snake_ddqn,1,18.4076,12.56,9412,cpu,17,177,169.91,0.05,2.308605
529,lightweight_snake_ddqn,1,18.4554,12.38,9412,cpu,12,101,115.52,0.05,1.545074
530,lightweight_snake_ddqn,1,18.462,12.36,9412,cpu,1,14,1.08,0.05,1.418906
531,lightweight_snake_ddqn,1,18.4893,12.36,9412,cpu,8,58,73.61,0.05,0.897088
532,lightweight_snake_ddqn,1,18.5528,12.38,9412,cpu,13,135,129.29,0.05,1.32197
533,lightweight_snake_ddqn,1,18.5831,12.2,9412,cpu,10,64,94.57,0.05,1.207131
534,lightweight_snake_ddqn,1,18.6217,12.34,9412,cpu,11,82,105.3,0.05,1.090402
535,lightweight_snake_ddqn,1,18.7012,12.38,9412,cpu,22,168,222.05,0.05,1.331365
536,lightweight_snake_ddqn,1,18.766,12.58,9412,cpu,17,137,169.31,0.05,1.151492
537,lightweight_snake_ddqn,1,18.829,12.74,9412,cpu,15,133,146.73,0.05,1.467896
538,lightweight_snake_ddqn,1,18.907,12.64,9412,cpu,18,165,180.54,0.05,1.161024
539,lightweight_snake_ddqn,1,18.9849,13.06,9412,cpu,21,164,210.58,0.05,1.090585
540,lightweight_snake_ddqn,1,19.0299,13.02,9412,cpu,11,95,107.27,0.05,1.691087
541,lightweight_snake_ddqn,1,19.0445,12.7,9412,cpu,3,31,22.23,0.05,0.709894
542,lightweight_snake_ddqn,1,19.0828,12.56,9412,cpu,13,81,123.83,0.05,1.034742
543,lightweight_snake_ddqn,1,19.1414,12.56,9412,cpu,16,124,156.63,0.05,0.825536
544,lightweight_snake_ddqn,1,19.2015,12.6,9412,cpu,14,128,138.17,0.05,0.633578
545,lightweight_snake_ddqn,1,19.2418,12.56,9412,cpu,14,85,136.3,0.05,1.516927
546,lightweight_snake_ddqn,1,19.2904,12.6,9412,cpu,11,103,104.99,0.05,1.515203
547,lightweight_snake_ddqn,1,19.3169,12.18,9412,cpu,7,56,64.12,0.05,1.186787
548,lightweight_snake_ddqn,1,19.404,12.18,9412,cpu,18,185,181.54,0.05,0.974769
549,lightweight_snake_ddqn,1,19.4324,12.26,9412,cpu,7,60,64.28,0.05,0.789554
550,lightweight_snake_ddqn,1,19.4925,12.24,9412,cpu,15,127,149.19,0.05,0.690845
551,lightweight_snake_ddqn,1,19.5114,11.98,9412,cpu,5,40,41.66,0.05,1.704149
552,lightweight_snake_ddqn,1,19.5538,12.08,9412,cpu,11,90,106.42,0.05,0.88685
553,lightweight_snake_ddqn,1,19.5906,11.76,9412,cpu,10,78,95.43,0.05,1.005946
554,lightweight_snake_ddqn,1,19.6427,11.96,9412,cpu,13,111,127.93,0.05,1.550762
555,lightweight_snake_ddqn,1,19.6859,12.04,9412,cpu,13,92,125.62,0.05,1.318851
556,lightweight_snake_ddqn,1,19.7236,12.06,9412,cpu,11,80,105.72,0.05,0.494786
557,lightweight_snake_ddqn,1,19.74,11.82,9412,cpu,5,35,42.41,0.05,1.049283
558,lightweight_snake_ddqn,1,19.7639,11.82,9412,cpu,4,51,31.54,0.05,1.291902
559,lightweight_snake_ddqn,1,19.841,12.04,9412,cpu,18,164,179.85,0.05,1.762546
560,lightweight_snake_ddqn,1,19.8715,11.92,9412,cpu,10,65,93.46,0.05,2.046257
561,lightweight_snake_ddqn,1,19.9273,12.16,9412,cpu,16,119,158.38,0.05,1.812602
562,lightweight_snake_ddqn,1,19.9686,12.26,9412,cpu,14,88,135.57,0.05,1.394725
563,lightweight_snake_ddqn,1,20.0238,12.18,9412,cpu,15,117,148.29,0.05,1.329871
564,lightweight_snake_ddqn,1,20.0883,12.34,9412,cpu,14,137,137.38,0.05,0.736192
565,lightweight_snake_ddqn,1,20.1492,12.5,9412,cpu,17,130,168.48,0.05,0.74891
566,lightweight_snake_ddqn,1,20.2573,12.7,9412,cpu,25,230,250.96,0.05,1.117378
567,lightweight_snake_ddqn,1,20.2966,12.6,9412,cpu,7,84,63.84,0.05,0.849385
568,lightweight_snake_ddqn,1,20.321,12.46,9412,cpu,7,52,63.16,0.05,0.576323
569,lightweight_snake_ddqn,1,20.3421,12.32,9412,cpu,8,45,72.64,0.05,0.467032
570,lightweight_snake_ddqn,1,20.4018,12.62,9412,cpu,18,127,179.32,0.05,0.976991
571,lightweight_snake_ddqn,1,20.4638,12.46,9412,cpu,18,131,177.88,0.05,1.060266
572,lightweight_snake_ddqn,1,20.5526,12.84,9412,cpu,22,188,221.45,0.05,0.631722
573,lightweight_snake_ddqn,1,20.6068,12.74,9412,cpu,12,116,117.87,0.05,1.320471
574,lightweight_snake_ddqn,1,20.6274,12.6,9412,cpu,5,44,42.82,0.05,0.653183
575,lightweight_snake_ddqn,1,20.6535,12.44,9412,cpu,7,56,64.12,0.05,1.605391
576,lightweight_snake_ddqn,1,20.6667,12.32,9412,cpu,2,28,11.65,0.05,1.814394
577,lightweight_snake_ddqn,1,20.7071,12.3,9412,cpu,14,86,136.19,0.05,1.007144
578,lightweight_snake_ddqn,1,20.7632,12.24,9412,cpu,14,120,136.25,0.05,1.263611
579,lightweight_snake_ddqn,1,20.8003,12.2,9412,cpu,10,79,95.32,0.05,1.4362
580,lightweight_snake_ddqn,1,20.8657,12.46,9412,cpu,14,140,137.65,0.05,1.034307
581,lightweight_snake_ddqn,1,20.8811,12.36,9412,cpu,3,33,22.41,0.05,1.032066
582,lightweight_snake_ddqn,1,20.9172,12.32,9412,cpu,11,77,104.85,0.05,0.624109
583,lightweight_snake_ddqn,1,20.9778,12.44,9412,cpu,16,130,158.97,0.05,1.114907
584,lightweight_snake_ddqn,1,21.0248,12.48,9412,cpu,13,100,127.34,0.05,0.414517
585,lightweight_snake_ddqn,1,21.1097,12.36,9412,cpu,16,182,158.25,0.05,1.542149
586,lightweight_snake_ddqn,1,21.179,12.42,9412,cpu,20,148,197.43,0.05,1.521852
587,lightweight_snake_ddqn,1,21.2178,12.32,9412,cpu,10,83,95.68,0.05,0.67316
588,lightweight_snake_ddqn,1,21.2406,12.12,9412,cpu,8,49,73.2,0.05,0.97393
589,lightweight_snake_ddqn,1,21.2696,11.9,9412,cpu,10,62,93.59,0.05,0.841231
590,lightweight_snake_ddqn,1,21.3241,11.92,9412,cpu,12,116,117.67,0.05,1.419654
591,lightweight_snake_ddqn,1,21.365,12.1,9412,cpu,12,87,115.66,0.05,1.013749
592,lightweight_snake_ddqn,1,21.4406,12.24,9412,cpu,20,161,200.0,0.05,1.111655
593,lightweight_snake_ddqn,1,21.5029,12.28,9412,cpu,18,133,179.66,0.05,1.42463
594,lightweight_snake_ddqn,1,21.5247,12.14,9412,cpu,7,47,63.31,0.05,1.548892
595,lightweight_snake_ddqn,1,21.529,11.92,9412,cpu,3,9,20.45,0.05,1.240385
596,lightweight_snake_ddqn,1,21.592,12.02,9412,cpu,16,135,157.62,0.05,1.80655
597,lightweight_snake_ddqn,1,21.6167,12.0,9412,cpu,6,53,53.74,0.05,0.697454
598,lightweight_snake_ddqn,1,21.6732,11.96,9412,cpu,16,121,157.36,0.05,1.124317
599,lightweight_snake_ddqn,1,21.7356,12.12,9412,cpu,15,134,148.62,0.05,0.738737
600,lightweight_snake_ddqn,1,21.7752,12.08,9412,cpu,13,85,125.39,0.05,0.989085
601,lightweight_snake_ddqn,1,21.8506,12.36,9412,cpu,19,161,190.09,0.05,1.12935
602,lightweight_snake_ddqn,1,21.9064,12.44,9412,cpu,15,119,147.67,0.05,0.681942
603,lightweight_snake_ddqn,1,21.9458,12.44,9412,cpu,10,84,95.37,0.05,1.076388
604,lightweight_snake_ddqn,1,22.038,12.58,9412,cpu,20,196,201.35,0.05,1.138851
605,lightweight_snake_ddqn,1,22.0693,12.44,9412,cpu,6,66,54.11,0.05,0.507471
606,lightweight_snake_ddqn,1,22.0792,12.26,9412,cpu,2,21,11.62,0.05,2.078866
607,lightweight_snake_ddqn,1,22.0961,12.24,9412,cpu,4,36,31.99,0.05,1.168897
608,lightweight_snake_ddqn,1,22.1154,12.24,9412,cpu,4,41,33.24,0.05,0.236129
609,lightweight_snake_ddqn,1,22.1376,12.0,9412,cpu,6,47,53.2,0.05,1.084929
610,lightweight_snake_ddqn,1,22.2114,12.16,9412,cpu,18,157,180.62,0.05,2.387314
611,lightweight_snake_ddqn,1,22.2518,12.02,9412,cpu,9,86,85.44,0.05,2.113079
612,lightweight_snake_ddqn,1,22.2943,11.98,9412,cpu,12,91,115.42,0.05,1.603473
613,lightweight_snake_ddqn,1,22.3089,11.72,9412,cpu,2,31,12.12,0.05,1.531152
614,lightweight_snake_ddqn,1,22.3815,11.82,9412,cpu,19,155,189.95,0.05,1.696979
615,lightweight_snake_ddqn,1,22.397,11.56,9412,cpu,4,33,32.32,0.05,1.335202
616,lightweight_snake_ddqn,1,22.4815,11.4,9412,cpu,17,180,169.18,0.05,0.978639
617,lightweight_snake_ddqn,1,22.5115,11.42,9412,cpu,8,64,74.55,0.05,0.769108
618,lightweight_snake_ddqn,1,22.5698,11.66,9412,cpu,19,124,188.36,0.05,0.786448
619,lightweight_snake_ddqn,1,22.6552,11.96,9412,cpu,23,182,230.42,0.05,0.400654
620,lightweight_snake_ddqn,1,22.6823,11.76,9412,cpu,8,58,74.01,0.05,1.316178
621,lightweight_snake_ddqn,1,22.7248,11.68,9412,cpu,14,91,135.64,0.05,1.1803
622,lightweight_snake_ddqn,1,22.7366,11.3,9412,cpu,3,25,21.89,0.05,1.312973
623,lightweight_snake_ddqn,1,22.7713,11.26,9412,cpu,10,74,95.27,0.05,0.541205
624,lightweight_snake_ddqn,1,22.8581,11.54,9412,cpu,19,185,191.85,0.05,1.385512
625,lightweight_snake_ddqn,1,22.8702,11.44,9412,cpu,2,26,12.07,0.05,0.525456
626,lightweight_snake_ddqn,1,22.9444,11.9,9412,cpu,25,158,250.28,0.05,1.312134
627,lightweight_snake_ddqn,1,22.9509,11.66,9412,cpu,2,14,10.99,0.05,1.584897
628,lightweight_snake_ddqn,1,22.9589,11.44,9412,cpu,3,17,20.97,0.05,1.023782
629,lightweight_snake_ddqn,1,22.9936,11.4,9412,cpu,8,74,74.25,0.05,1.343606
630,lightweight_snake_ddqn,1,23.0325,11.3,9412,cpu,9,71,84.49,0.05,1.392879
631,lightweight_snake_ddqn,1,23.092,11.54,9412,cpu,15,119,148.87,0.05,1.747717
632,lightweight_snake_ddqn,1,23.1124,11.48,9412,cpu,8,43,73.06,0.05,1.991294
633,lightweight_snake_ddqn,1,23.1171,11.16,9412,cpu,0,10,-9.39,0.05,1.244849
634,lightweight_snake_ddqn,1,23.153,11.08,9412,cpu,9,76,84.14,0.05,1.376097
635,lightweight_snake_ddqn,1,23.1949,10.94,9412,cpu,9,89,85.51,0.05,0.946442
636,lightweight_snake_ddqn,1,23.2635,10.9,9412,cpu,18,146,179.63,0.05,0.992219
637,lightweight_snake_ddqn,1,23.3112,10.92,9412,cpu,11,102,106.3,0.05,0.303139
638,lightweight_snake_ddqn,1,23.3468,10.94,9412,cpu,9,76,84.74,0.05,1.295442
639,lightweight_snake_ddqn,1,23.4017,11.1,9412,cpu,18,117,178.22,0.05,0.864939
640,lightweight_snake_ddqn,1,23.4678,11.28,9412,cpu,21,141,207.71,0.05,1.282934
641,lightweight_snake_ddqn,1,23.473,11.08,9412,cpu,2,11,10.52,0.05,0.979477
642,lightweight_snake_ddqn,1,23.5318,10.98,9412,cpu,15,125,148.81,0.05,1.487513
643,lightweight_snake_ddqn,1,23.5715,10.82,9412,cpu,10,85,95.26,0.05,0.927673
644,lightweight_snake_ddqn,1,23.6165,10.9,9412,cpu,11,96,107.16,0.05,1.233873
645,lightweight_snake_ddqn,1,23.6456,11.0,9412,cpu,8,62,74.57,0.05,1.159758
646,lightweight_snake_ddqn,1,23.6733,10.82,9412,cpu,7,59,63.59,0.05,1.220978
647,lightweight_snake_ddqn,1,23.7624,11.08,9412,cpu,19,190,193.3,0.05,0.791584
648,lightweight_snake_ddqn,1,23.8064,10.98,9412,cpu,11,94,107.38,0.05,0.602593
649,lightweight_snake_ddqn,1,23.8646,11.0,9412,cpu,16,124,157.83,0.05,0.443977
650,lightweight_snake_ddqn,1,23.9132,11.02,9412,cpu,14,104,136.61,0.05,1.002241
651,lightweight_snake_ddqn,1,23.9311,10.76,9412,cpu,6,38,52.39,0.05,1.289594
652,lightweight_snake_ddqn,1,23.9404,10.48,9412,cpu,1,20,1.62,0.05,0.730986
653,lightweight_snake_ddqn,1,23.9949,10.62,9412,cpu,17,115,167.33,0.05,0.700847
654,lightweight_snake_ddqn,1,24.0528,10.52,9412,cpu,15,123,147.83,0.05,2.124237
655,lightweight_snake_ddqn,1,24.0688,10.46,9412,cpu,3,34,22.1,0.05,0.880154
656,lightweight_snake_ddqn,1,24.1498,10.84,9412,cpu,21,172,210.9,0.05,0.649752
657,lightweight_snake_ddqn,1,24.1921,11.0,9412,cpu,12,90,116.53,0.05,0.295458
658,lightweight_snake_ddqn,1,24.2641,11.3,9412,cpu,19,154,189.26,0.05,0.843304
659,lightweight_snake_ddqn,1,24.2781,11.24,9412,cpu,3,30,21.74,0.05,0.869889
660,lightweight_snake_ddqn,1,24.3048,11.02,9412,cpu,7,57,63.61,0.05,0.755272
661,lightweight_snake_ddqn,1,24.4029,11.24,9412,cpu,20,210,202.21,0.05,1.465649
662,lightweight_snake_ddqn,1,24.4547,11.26,9412,cpu,13,110,127.24,0.05,0.81634
663,lightweight_snake_ddqn,1,24.5034,11.46,9412,cpu,12,104,116.39,0.05,1.416993
664,lightweight_snake_ddqn,1,24.5409,11.3,9412,cpu,11,79,105.43,0.05,1.717802
665,lightweight_snake_ddqn,1,24.6051,11.56,9412,cpu,17,136,169.42,0.05,1.299602
666,lightweight_snake_ddqn,1,24.6796,11.54,9412,cpu,16,156,159.71,0.05,1.36369
667,lightweight_snake_ddqn,1,24.691,11.46,9412,cpu,4,24,31.71,0.05,1.022571
668,lightweight_snake_ddqn,1,24.6977,11.12,9412,cpu,2,14,10.99,0.05,1.031537
669,lightweight_snake_ddqn,1,24.7784,11.04,9412,cpu,19,171,188.39,0.05,1.876225
670,lightweight_snake_ddqn,1,24.8056,11.04,9412,cpu,8,58,73.41,0.05,1.075376
671,lightweight_snake_ddqn,1,24.8374,10.96,9412,cpu,10,67,94.84,0.05,1.176396
672,lightweight_snake_ddqn,1,24.8681,11.1,9412,cpu,10,65,94.06,0.05,0.800113
673,lightweight_snake_ddqn,1,24.8979,11.02,9412,cpu,6,63,54.64,0.05,0.815014
674,lightweight_snake_ddqn,1,24.922,10.82,9412,cpu,9,51,83.29,0.05,0.31432
675,lightweight_snake_ddqn,1,24.9877,11.06,9412,cpu,14,139,138.16,0.05,0.426879
676,lightweight_snake_ddqn,1,25.0105,10.66,9412,cpu,5,48,43.38,0.05,0.746589
677,lightweight_snake_ddqn,1,25.0291,10.72,9412,cpu,5,39,42.97,0.05,0.20105
678,lightweight_snake_ddqn,1,25.1566,11.26,9412,cpu,30,268,303.33,0.05,1.056225
679,lightweight_snake_ddqn,1,25.2251,11.46,9412,cpu,18,145,178.34,0.05,0.880726
680,lightweight_snake_ddqn,1,25.2927,11.6,9412,cpu,16,143,159.94,0.05,1.283531
681,lightweight_snake_ddqn,1,25.3228,11.46,9412,cpu,8,64,74.35,0.05,0.723828
682,lightweight_snake_ddqn,1,25.3383,11.36,9412,cpu,3,33,22.41,0.05,0.670247
683,lightweight_snake_ddqn,1,25.3648,11.48,9412,cpu,6,56,52.41,0.05,0.866895
684,lightweight_snake_ddqn,1,25.4297,11.68,9412,cpu,19,138,190.22,0.05,0.780179
685,lightweight_snake_ddqn,1,25.4763,11.84,9412,cpu,17,99,166.69,0.05,0.765636
686,lightweight_snake_ddqn,1,25.5226,11.72,9412,cpu,12,98,115.65,0.05,0.890559
687,lightweight_snake_ddqn,1,25.5829,11.86,9412,cpu,18,128,177.21,0.05,1.703635
688,lightweight_snake_ddqn,1,25.5914,11.7,9412,cpu,1,18,1.04,0.05,1.963967
689,lightweight_snake_ddqn,1,25.6571,11.72,9412,cpu,19,139,189.91,0.05,0.373779
690,lightweight_snake_ddqn,1,25.6867,11.44,9412,cpu,7,63,63.95,0.05,1.602748
691,lightweight_snake_ddqn,1,25.7023,11.5,9412,cpu,5,33,42.43,0.05,0.652327
692,lightweight_snake_ddqn,1,25.7158,11.28,9412,cpu,4,29,31.36,0.05,1.451331
693,lightweight_snake_ddqn,1,25.7912,11.46,9412,cpu,19,159,189.71,0.05,0.989055
694,lightweight_snake_ddqn,1,25.8335,11.42,9412,cpu,9,90,86.8,0.05,0.791417
695,lightweight_snake_ddqn,1,25.9018,11.66,9412,cpu,20,142,198.69,0.05,1.184322
696,lightweight_snake_ddqn,1,25.9109,11.56,9412,cpu,2,18,11.15,0.05,0.879717
697,lightweight_snake_ddqn,1,25.9243,11.22,9412,cpu,2,27,11.16,0.05,0.779645
698,lightweight_snake_ddqn,1,25.9891,11.34,9412,cpu,17,133,167.75,0.05,1.241916
699,lightweight_snake_ddqn,1,25.9959,11.06,9412,cpu,2,14,10.99,0.05,1.917495
700,lightweight_snake_ddqn,1,26.0406,11.0,9412,cpu,11,94,106.78,0.05,1.049498
701,lightweight_snake_ddqn,1,26.0925,11.14,9412,cpu,13,109,126.35,0.05,0.831639
702,lightweight_snake_ddqn,1,26.1353,11.36,9412,cpu,12,90,115.13,0.05,1.423225
703,lightweight_snake_ddqn,1,26.1749,11.26,9412,cpu,12,83,115.9,0.05,0.70656
704,lightweight_snake_ddqn,1,26.2085,11.1,9412,cpu,7,71,65.47,0.05,1.028501
705,lightweight_snake_ddqn,1,26.2568,11.28,9412,cpu,12,102,115.41,0.05,0.877582
706,lightweight_snake_ddqn,1,26.2984,11.1,9412,cpu,12,87,115.66,0.05,0.461781
707,lightweight_snake_ddqn,1,26.3864,11.34,9412,cpu,24,185,243.2,0.05,0.853765
708,lightweight_snake_ddqn,1,26.4198,11.14,9412,cpu,9,70,85.0,0.05,0.554872
709,lightweight_snake_ddqn,1,26.4573,11.32,9412,cpu,12,78,115.45,0.05,0.547141
710,lightweight_snake_ddqn,1,26.4779,11.28,9412,cpu,5,43,43.33,0.05,1.743444
711,lightweight_snake_ddqn,1,26.4884,10.92,9412,cpu,2,22,11.31,0.05,1.56596
712,lightweight_snake_ddqn,1,26.5317,10.88,9412,cpu,11,89,106.53,0.05,0.963859
713,lightweight_snake_ddqn,1,26.5659,10.84,9412,cpu,10,71,94.6,0.05,0.84037
714,lightweight_snake_ddqn,1,26.6336,10.98,9412,cpu,18,139,178.8,0.05,2.339335
715,lightweight_snake_ddqn,1,26.6919,10.96,9412,cpu,16,121,157.76,0.05,1.081743
716,lightweight_snake_ddqn,1,26.7438,10.9,9412,cpu,13,110,127.84,0.05,0.8682
717,lightweight_snake_ddqn,1,26.7964,11.08,9412,cpu,13,109,126.95,0.05,1.33016
718,lightweight_snake_ddqn,1,26.7994,11.04,9412,cpu,0,6,-9.55,0.05,2.030989
719,lightweight_snake_ddqn,1,26.873,10.94,9412,cpu,14,153,139.02,0.05,1.141106
720,lightweight_snake_ddqn,1,26.9802,11.32,9412,cpu,27,225,271.13,0.05,1.975883
721,lightweight_snake_ddqn,1,27.0114,11.32,9412,cpu,10,65,93.86,0.05,1.726219
722,lightweight_snake_ddqn,1,27.0511,11.36,9412,cpu,12,84,115.79,0.05,1.100233
723,lightweight_snake_ddqn,1,27.1195,11.52,9412,cpu,14,145,138.3,0.05,0.734749
724,lightweight_snake_ddqn,1,27.1717,11.62,9412,cpu,14,111,135.44,0.05,0.94606
725,lightweight_snake_ddqn,1,27.1806,11.4,9412,cpu,3,19,21.35,0.05,1.391888
726,lightweight_snake_ddqn,1,27.207,11.52,9412,cpu,11,56,103.16,0.05,1.371589
727,lightweight_snake_ddqn,1,27.252,11.66,9412,cpu,12,96,116.07,0.05,1.1413
728,lightweight_snake_ddqn,1,27.2939,11.32,9412,cpu,13,89,126.75,0.05,0.583256
729,lightweight_snake_ddqn,1,27.3294,11.18,9412,cpu,11,75,105.07,0.05,1.097659
730,lightweight_snake_ddqn,1,27.3869,11.18,9412,cpu,16,120,156.07,0.05,0.487133
731,lightweight_snake_ddqn,1,27.4099,11.18,9412,cpu,8,48,73.11,0.05,1.968389
732,lightweight_snake_ddqn,1,27.425,11.18,9412,cpu,3,32,22.32,0.05,1.735349
733,lightweight_snake_ddqn,1,27.4968,11.46,9412,cpu,20,150,198.41,0.05,0.768354
734,lightweight_snake_ddqn,1,27.5729,11.46,9412,cpu,19,160,190.8,0.05,0.757285
735,lightweight_snake_ddqn,1,27.5891,11.24,9412,cpu,6,34,52.23,0.05,0.826562
736,lightweight_snake_ddqn,1,27.6448,11.26,9412,cpu,13,118,127.16,0.05,0.5058
737,lightweight_snake_ddqn,1,27.7071,11.16,9412,cpu,13,132,127.82,0.05,0.941594
738,lightweight_snake_ddqn,1,27.7251,11.28,9412,cpu,7,38,62.5,0.05,1.872766
739,lightweight_snake_ddqn,1,27.7288,10.92,9412,cpu,1,8,0.54,0.05,1.289487
740,lightweight_snake_ddqn,1,27.8026,11.16,9412,cpu,19,156,191.44,0.05,1.860456
741,lightweight_snake_ddqn,1,27.8615,11.36,9412,cpu,15,125,149.01,0.05,1.020105
742,lightweight_snake_ddqn,1,27.8824,11.4,9412,cpu,6,44,53.33,0.05,1.158617
743,lightweight_snake_ddqn,1,27.9793,11.48,9412,cpu,23,205,232.89,0.05,0.557324
744,lightweight_snake_ddqn,1,28.0007,11.4,9412,cpu,5,44,43.02,0.05,1.965086
745,lightweight_snake_ddqn,1,28.0272,11.16,9412,cpu,8,56,74.23,0.05,0.807763
746,lightweight_snake_ddqn,1,28.0862,11.44,9412,cpu,16,124,157.63,0.05,0.361656
747,lightweight_snake_ddqn,1,28.1211,11.58,9412,cpu,9,73,83.47,0.05,1.023578
748,lightweight_snake_ddqn,1,28.1466,11.38,9412,cpu,7,54,63.74,0.05,1.444823
749,lightweight_snake_ddqn,1,28.1924,11.58,9412,cpu,12,97,117.36,0.05,1.084073
750,lightweight_snake_ddqn,1,28.28,11.8,9412,cpu,22,185,222.78,0.05,0.684845
751,lightweight_snake_ddqn,1,28.306,11.74,9412,cpu,10,55,93.16,0.05,1.069647
752,lightweight_snake_ddqn,1,28.3771,11.9,9412,cpu,20,150,200.21,0.05,1.268572
753,lightweight_snake_ddqn,1,28.4171,11.9,9412,cpu,12,85,114.08,0.05,0.817491
754,lightweight_snake_ddqn,1,28.5031,12.18,9412,cpu,21,182,210.6,0.05,0.360486
755,lightweight_snake_ddqn,1,28.5491,12.16,9412,cpu,11,98,106.34,0.05,1.239403
756,lightweight_snake_ddqn,1,28.5826,12.1,9412,cpu,9,71,85.49,0.05,0.604557
757,lightweight_snake_ddqn,1,28.6533,11.96,9412,cpu,17,150,169.88,0.05,1.113097
758,lightweight_snake_ddqn,1,28.7232,12.12,9412,cpu,17,148,168.3,0.05,0.876438
759,lightweight_snake_ddqn,1,28.7736,12.12,9412,cpu,12,107,116.46,0.05,1.757573
760,lightweight_snake_ddqn,1,28.7887,12.08,9412,cpu,3,32,21.32,0.05,0.5993
761,lightweight_snake_ddqn,1,28.828,12.24,9412,cpu,10,83,94.88,0.05,1.4598
762,lightweight_snake_ddqn,1,28.8974,12.38,9412,cpu,18,147,179.32,0.05,1.473956
763,lightweight_snake_ddqn,1,28.905,12.22,9412,cpu,2,16,11.17,0.05,1.142122
764,lightweight_snake_ddqn,1,28.9812,12.24,9412,cpu,19,162,190.38,0.05,0.730243
765,lightweight_snake_ddqn,1,29.0009,12.02,9412,cpu,5,41,42.95,0.05,1.361902
766,lightweight_snake_ddqn,1,29.076,12.14,9412,cpu,19,159,191.51,0.05,1.088334
767,lightweight_snake_ddqn,1,29.0995,12.04,9412,cpu,8,50,73.09,0.05,0.752508
768,lightweight_snake_ddqn,1,29.1648,12.3,9412,cpu,13,138,127.96,0.05,0.688557
769,lightweight_snake_ddqn,1,29.2007,12.18,9412,cpu,8,76,75.63,0.05,1.500586
770,lightweight_snake_ddqn,1,29.2359,11.76,9412,cpu,6,75,54.52,0.05,0.368745
771,lightweight_snake_ddqn,1,29.2604,11.72,9412,cpu,8,52,73.67,0.05,0.964352
772,lightweight_snake_ddqn,1,29.3165,11.74,9412,cpu,13,119,127.25,0.05,0.897694
773,lightweight_snake_ddqn,1,29.3678,11.68,9412,cpu,11,109,107.33,0.05,0.400897
774,lightweight_snake_ddqn,1,29.3928,11.56,9412,cpu,8,53,73.96,0.05,0.798237
775,lightweight_snake_ddqn,1,29.4395,11.84,9412,cpu,17,99,165.89,0.05,0.502541
776,lightweight_snake_ddqn,1,29.4438,11.64,9412,cpu,1,9,0.63,0.05,1.142515
777,lightweight_snake_ddqn,1,29.473,11.52,9412,cpu,6,62,53.15,0.05,1.523921
778,lightweight_snake_ddqn,1,29.5296,11.56,9412,cpu,15,120,145.96,0.05,1.008604
779,lightweight_snake_ddqn,1,29.5334,11.36,9412,cpu,1,8,0.54,0.05,1.941915
780,lightweight_snake_ddqn,1,29.6176,11.58,9412,cpu,27,178,272.1,0.05,1.353303
781,lightweight_snake_ddqn,1,29.6368,11.5,9412,cpu,4,41,32.64,0.05,1.039725
782,lightweight_snake_ddqn,1,29.6669,11.64,9412,cpu,10,64,94.17,0.05,1.569313
783,lightweight_snake_ddqn,1,29.7552,11.62,9412,cpu,19,188,189.92,0.05,1.949314
784,lightweight_snake_ddqn,1,29.824,11.56,9412,cpu,16,147,157.7,0.05,1.704131
785,lightweight_snake_ddqn,1,29.9015,11.88,9412,cpu,22,165,219.58,0.05,0.646377
786,lightweight_snake_ddqn,1,29.9695,12.06,9412,cpu,22,145,219.38,0.05,0.740501
787,lightweight_snake_ddqn,1,29.9957,11.96,9412,cpu,8,56,73.43,0.05,1.629961
788,lightweight_snake_ddqn,1,30.044,12.1,9412,cpu,14,102,136.43,0.05,1.191156
789,lightweight_snake_ddqn,1,30.1027,12.36,9412,cpu,14,125,139.1,0.05,0.698885
790,lightweight_snake_ddqn,1,30.1361,12.14,9412,cpu,8,71,74.18,0.05,1.000824
791,lightweight_snake_ddqn,1,30.1732,12.08,9412,cpu,12,79,115.34,0.05,0.769468
792,lightweight_snake_ddqn,1,30.2233,12.22,9412,cpu,13,107,127.37,0.05,1.540021
793,lightweight_snake_ddqn,1,30.2593,11.92,9412,cpu,8,77,74.72,0.05,1.416615
794,lightweight_snake_ddqn,1,30.3042,12.06,9412,cpu,12,96,115.07,0.05,0.674046
795,lightweight_snake_ddqn,1,30.3861,12.36,9412,cpu,23,172,230.92,0.05,1.58185
796,lightweight_snake_ddqn,1,30.4247,12.2,9412,cpu,8,81,75.48,0.05,0.65539
797,lightweight_snake_ddqn,1,30.4786,12.38,9412,cpu,18,114,176.95,0.05,1.50611
798,lightweight_snake_ddqn,1,30.5672,12.68,9412,cpu,22,187,221.76,0.05,0.635629
799,lightweight_snake_ddqn,1,30.6029,12.64,9412,cpu,10,75,94.76,0.05,0.809323
800,lightweight_snake_ddqn,1,30.7006,12.76,9412,cpu,28,205,283.64,0.05,0.860098
801,lightweight_snake_ddqn,1,30.7244,12.72,9412,cpu,8,50,73.69,0.05,1.134168
802,lightweight_snake_ddqn,1,30.7554,12.46,9412,cpu,7,65,64.93,0.05,1.373028
803,lightweight_snake_ddqn,1,30.7611,12.26,9412,cpu,2,12,10.41,0.05,0.791955
804,lightweight_snake_ddqn,1,30.7925,12.0,9412,cpu,8,66,73.53,0.05,1.58741
805,lightweight_snake_ddqn,1,30.8489,12.14,9412,cpu,18,119,177.0,0.05,1.259218
806,lightweight_snake_ddqn,1,30.9109,12.28,9412,cpu,16,131,159.66,0.05,1.674106
807,lightweight_snake_ddqn,1,30.9269,12.04,9412,cpu,5,34,42.12,0.05,1.911912
808,lightweight_snake_ddqn,1,30.966,11.9,9412,cpu,10,83,96.08,0.05,0.754319
809,lightweight_snake_ddqn,1,31.0282,11.92,9412,cpu,13,130,127.64,0.05,1.494613
810,lightweight_snake_ddqn,1,31.0455,11.98,9412,cpu,6,36,52.41,0.05,1.072188
811,lightweight_snake_ddqn,1,31.0943,12.04,9412,cpu,13,102,125.72,0.05,1.595749
812,lightweight_snake_ddqn,1,31.1292,11.9,9412,cpu,11,73,103.69,0.05,1.05313
813,lightweight_snake_ddqn,1,31.2099,12.14,9412,cpu,14,170,139.55,0.05,0.862229
814,lightweight_snake_ddqn,1,31.2486,11.96,9412,cpu,10,82,95.59,0.05,0.985101
815,lightweight_snake_ddqn,1,31.2598,11.92,9412,cpu,3,24,21.4,0.05,1.336405
816,lightweight_snake_ddqn,1,31.3375,11.98,9412,cpu,22,164,220.29,0.05,0.48575
817,lightweight_snake_ddqn,1,31.3522,11.92,9412,cpu,5,31,42.25,0.05,1.788078
818,lightweight_snake_ddqn,1,31.3833,11.8,9412,cpu,7,66,64.22,0.05,2.064494
819,lightweight_snake_ddqn,1,31.4381,11.94,9412,cpu,15,116,148.0,0.05,1.059905
820,lightweight_snake_ddqn,1,31.4758,12.06,9412,cpu,12,80,115.23,0.05,0.752271
821,lightweight_snake_ddqn,1,31.4932,11.98,9412,cpu,4,37,32.88,0.05,0.583081
822,lightweight_snake_ddqn,1,31.5327,11.88,9412,cpu,8,84,76.35,0.05,1.755396
823,lightweight_snake_ddqn,1,31.6227,12.14,9412,cpu,24,191,242.74,0.05,1.3181
824,lightweight_snake_ddqn,1,31.6618,12.2,9412,cpu,11,83,105.59,0.05,1.048795
825,lightweight_snake_ddqn,1,31.7269,12.24,9412,cpu,19,138,189.02,0.05,0.842943
826,lightweight_snake_ddqn,1,31.7895,12.52,9412,cpu,15,132,148.04,0.05,1.797043
827,lightweight_snake_ddqn,1,31.888,12.86,9412,cpu,23,208,231.96,0.05,0.302144
828,lightweight_snake_ddqn,1,31.9476,12.94,9412,cpu,19,126,187.94,0.05,1.293738
829,lightweight_snake_ddqn,1,31.9754,13.12,9412,cpu,10,59,93.12,0.05,1.142219
830,lightweight_snake_ddqn,1,32.0157,12.84,9412,cpu,13,85,125.59,0.05,1.028974
831,lightweight_snake_ddqn,1,32.0489,13.0,9412,cpu,12,70,114.93,0.05,1.098785
832,lightweight_snake_ddqn,1,32.0837,12.96,9412,cpu,8,74,75.25,0.05,1.718682
833,lightweight_snake_ddqn,1,32.175,12.96,9412,cpu,19,193,190.77,0.05,1.330879
834,lightweight_snake_ddqn,1,32.1996,12.78,9412,cpu,7,52,63.56,0.05,1.448237
835,lightweight_snake_ddqn,1,32.2397,12.5,9412,cpu,8,85,75.44,0.05,0.923605
836,lightweight_snake_ddqn,1,32.2747,12.28,9412,cpu,11,74,105.58,0.05,1.269311
837,lightweight_snake_ddqn,1,32.2884,12.18,9412,cpu,3,29,22.25,0.05,1.435072
838,lightweight_snake_ddqn,1,32.3548,12.28,9412,cpu,19,140,190.4,0.05,0.941305
839,lightweight_snake_ddqn,1,32.3856,12.2,9412,cpu,10,65,94.46,0.05,1.355618
840,lightweight_snake_ddqn,1,32.4413,12.34,9412,cpu,15,118,146.78,0.05,0.558519
841,lightweight_snake_ddqn,1,32.4917,12.34,9412,cpu,12,106,117.17,0.05,1.616369
842,lightweight_snake_ddqn,1,32.5068,12.18,9412,cpu,5,32,41.74,0.05,1.140432
843,lightweight_snake_ddqn,1,32.5633,12.3,9412,cpu,14,120,139.05,0.05,1.604767
844,lightweight_snake_ddqn,1,32.6145,12.32,9412,cpu,13,109,128.15,0.05,0.823692
845,lightweight_snake_ddqn,1,32.6614,12.12,9412,cpu,13,100,126.14,0.05,0.868546
846,lightweight_snake_ddqn,1,32.705,12.24,9412,cpu,14,93,136.62,0.05,1.125104
847,lightweight_snake_ddqn,1,32.7661,12.22,9412,cpu,17,130,166.08,0.05,0.830724
848,lightweight_snake_ddqn,1,32.8218,12.04,9412,cpu,13,119,127.65,0.05,1.307375
849,lightweight_snake_ddqn,1,32.8783,12.12,9412,cpu,14,120,138.65,0.05,1.707699
850,lightweight_snake_ddqn,1,32.9439,11.9,9412,cpu,17,140,167.98,0.05,1.107821
851,lightweight_snake_ddqn,1,32.9518,11.8,9412,cpu,3,17,20.97,0.05,1.379346
852,lightweight_snake_ddqn,1,32.9978,11.92,9412,cpu,13,98,127.36,0.05,0.845
853,lightweight_snake_ddqn,1,33.0707,12.22,9412,cpu,17,154,171.24,0.05,1.498203
854,lightweight_snake_ddqn,1,33.1064,12.22,9412,cpu,8,76,75.63,0.05,0.869867
855,lightweight_snake_ddqn,1,33.1803,12.18,9412,cpu,16,158,159.09,0.05,0.352545
856,lightweight_snake_ddqn,1,33.2518,12.24,9412,cpu,19,153,190.77,0.05,1.13536
857,lightweight_snake_ddqn,1,33.2789,12.3,9412,cpu,8,58,74.21,0.05,1.083931
858,lightweight_snake_ddqn,1,33.3332,12.34,9412,cpu,12,116,114.87,0.05,0.817164
859,lightweight_snake_ddqn,1,33.3608,12.26,9412,cpu,9,59,83.21,0.05,0.823678
860,lightweight_snake_ddqn,1,33.3651,12.16,9412,cpu,1,9,0.43,0.05,0.45853
861,lightweight_snake_ddqn,1,33.3776,11.96,9412,cpu,3,27,22.07,0.05,1.839977
862,lightweight_snake_ddqn,1,33.4373,12.12,9412,cpu,19,127,187.83,0.05,1.144359
863,lightweight_snake_ddqn,1,33.5246,12.28,9412,cpu,22,186,222.27,0.05,1.442014
864,lightweight_snake_ddqn,1,33.5789,12.34,9412,cpu,13,116,128.38,0.05,1.281747
865,lightweight_snake_ddqn,1,33.662,12.66,9412,cpu,19,177,192.33,0.05,1.599401
866,lightweight_snake_ddqn,1,33.6839,12.34,9412,cpu,6,47,53.6,0.05,0.71933
867,lightweight_snake_ddqn,1,33.7059,12.36,9412,cpu,6,47,52.8,0.05,1.524635
868,lightweight_snake_ddqn,1,33.7505,12.48,9412,cpu,13,95,126.69,0.05,0.813555
869,lightweight_snake_ddqn,1,33.7987,12.38,9412,cpu,10,103,96.88,0.05,0.913097
870,lightweight_snake_ddqn,1,33.852,12.42,9412,cpu,14,114,136.91,0.05,0.890032
871,lightweight_snake_ddqn,1,33.8684,12.42,9412,cpu,4,35,32.3,0.05,1.170746
872,lightweight_snake_ddqn,1,33.9321,12.68,9412,cpu,21,136,209.06,0.05,1.079396
873,lightweight_snake_ddqn,1,33.9914,12.46,9412,cpu,13,126,128.68,0.05,1.421591
874,lightweight_snake_ddqn,1,34.0812,12.64,9412,cpu,20,191,201.7,0.05,0.90135
875,lightweight_snake_ddqn,1,34.0939,12.38,9412,cpu,6,27,51.8,0.05,1.790111
876,lightweight_snake_ddqn,1,34.1392,12.34,9412,cpu,13,96,126.78,0.05,0.662768
877,lightweight_snake_ddqn,1,34.1515,12.0,9412,cpu,6,26,51.51,0.05,0.701192
878,lightweight_snake_ddqn,1,34.2054,11.88,9412,cpu,13,115,127.49,0.05,0.918349
879,lightweight_snake_ddqn,1,34.2665,11.96,9412,cpu,14,130,138.35,0.05,2.412363
880,lightweight_snake_ddqn,1,34.3427,12.08,9412,cpu,19,163,187.47,0.05,0.879583
881,lightweight_snake_ddqn,1,34.3826,12.02,9412,cpu,9,85,86.55,0.05,0.9651
882,lightweight_snake_ddqn,1,34.414,12.04,9412,cpu,9,67,84.53,0.05,1.810874
883,lightweight_snake_ddqn,1,34.4481,11.82,9412,cpu,8,73,74.76,0.05,1.577816
884,lightweight_snake_ddqn,1,34.5077,12.0,9412,cpu,16,127,157.9,0.05,0.954241
885,lightweight_snake_ddqn,1,34.5259,11.96,9412,cpu,6,39,52.28,0.05,1.714721
886,lightweight_snake_ddqn,1,34.6733,12.32,9412,cpu,29,315,296.05,0.05,0.77417
887,lightweight_snake_ddqn,1,34.7178,12.48,9412,cpu,11,95,106.07,0.05,1.68874
888,lightweight_snake_ddqn,1,34.7809,12.38,9412,cpu,14,135,139.8,0.05,1.212756
889,lightweight_snake_ddqn,1,34.8345,12.54,9412,cpu,18,114,177.35,0.05,0.721474
890,lightweight_snake_ddqn,1,34.8794,12.44,9412,cpu,10,96,96.05,0.05,0.597146
891,lightweight_snake_ddqn,1,34.9104,12.34,9412,cpu,7,66,65.02,0.05,1.75689
892,lightweight_snake_ddqn,1,34.9531,12.54,9412,cpu,15,91,145.35,0.05,2.112732
893,lightweight_snake_ddqn,1,35.0332,12.64,9412,cpu,19,170,189.5,0.05,1.033414
894,lightweight_snake_ddqn,1,35.0848,12.64,9412,cpu,13,109,127.75,0.05,1.42285
895,lightweight_snake_ddqn,1,35.1437,12.62,9412,cpu,12,125,117.28,0.05,1.305673
896,lightweight_snake_ddqn,1,35.2025,12.76,9412,cpu,21,125,208.47,0.05,0.556501
897,lightweight_snake_ddqn,1,35.2432,12.62,9412,cpu,10,87,96.44,0.05,0.45716
898,lightweight_snake_ddqn,1,35.3045,12.6,9412,cpu,12,131,118.42,0.05,1.169615
899,lightweight_snake_ddqn,1,35.3457,12.54,9412,cpu,11,88,104.24,0.05,1.295166
900,lightweight_snake_ddqn,1,35.3855,12.46,9412,cpu,13,85,125.99,0.05,1.328041
901,lightweight_snake_ddqn,1,35.4225,12.62,9412,cpu,11,79,104.83,0.05,1.197625
902,lightweight_snake_ddqn,1,35.4539,12.52,9412,cpu,8,67,75.02,0.05,0.939372
903,lightweight_snake_ddqn,1,35.4576,12.2,9412,cpu,1,8,0.54,0.05,0.906405
904,lightweight_snake_ddqn,1,35.4628,12.08,9412,cpu,2,11,10.72,0.05,0.786855
905,lightweight_snake_ddqn,1,35.4943,11.96,9412,cpu,10,67,94.64,0.05,1.317818
906,lightweight_snake_ddqn,1,35.5301,11.8,9412,cpu,11,76,105.36,0.05,1.054498
907,lightweight_snake_ddqn,1,35.5622,11.8,9412,cpu,8,69,74.4,0.05,1.485387
908,lightweight_snake_ddqn,1,35.6479,11.9,9412,cpu,17,183,171.45,0.05,1.67164
909,lightweight_snake_ddqn,1,35.675,11.84,9412,cpu,6,58,54.39,0.05,2.298473
910,lightweight_snake_ddqn,1,35.7527,12.2,9412,cpu,19,166,190.14,0.05,0.686142
911,lightweight_snake_ddqn,1,35.7766,12.28,9412,cpu,7,51,63.87,0.05,1.221512
912,lightweight_snake_ddqn,1,35.835,12.2,9412,cpu,15,125,146.81,0.05,1.894097
913,lightweight_snake_ddqn,1,35.8582,11.86,9412,cpu,5,50,43.16,0.05,0.968237
914,lightweight_snake_ddqn,1,35.9168,11.88,9412,cpu,14,125,139.5,0.05,0.867822
915,lightweight_snake_ddqn,1,35.9805,11.82,9412,cpu,16,136,160.11,0.05,0.834934
916,lightweight_snake_ddqn,1,36.045,11.98,9412,cpu,14,137,137.58,0.05,0.816145
917,lightweight_snake_ddqn,1,36.1166,12.22,9412,cpu,18,152,179.77,0.05,1.565139
918,lightweight_snake_ddqn,1,36.1667,12.2,9412,cpu,12,107,117.66,0.05,2.178621
919,lightweight_snake_ddqn,1,36.2216,12.32,9412,cpu,16,117,157.6,0.05,0.90326
920,lightweight_snake_ddqn,1,36.2423,12.2,9412,cpu,8,44,72.55,0.05,1.226796
921,lightweight_snake_ddqn,1,36.256,12.2,9412,cpu,4,29,31.96,0.05,2.27832
922,lightweight_snake_ddqn,1,36.282,11.98,9412,cpu,10,55,93.36,0.05,1.095244
923,lightweight_snake_ddqn,1,36.3281,11.98,9412,cpu,13,98,126.16,0.05,1.133994
924,lightweight_snake_ddqn,1,36.3935,11.84,9412,cpu,13,139,129.05,0.05,0.822842
925,lightweight_snake_ddqn,1,36.4301,11.96,9412,cpu,12,78,115.05,0.05,0.843522
926,lightweight_snake_ddqn,1,36.4705,11.94,9412,cpu,12,86,116.17,0.05,0.751856
927,lightweight_snake_ddqn,1,36.5042,12.02,9412,cpu,10,72,95.29,0.05,0.749717
928,lightweight_snake_ddqn,1,36.5117,11.8,9412,cpu,2,16,11.17,0.05,0.500196
929,lightweight_snake_ddqn,1,36.5706,11.94,9412,cpu,21,126,207.16,0.05,0.84377
930,lightweight_snake_ddqn,1,36.6238,11.86,9412,cpu,15,113,147.93,0.05,0.972087
931,lightweight_snake_ddqn,1,36.6688,11.92,9412,cpu,12,96,117.07,0.05,1.301119
932,lightweight_snake_ddqn,1,36.6969,11.9,9412,cpu,8,60,74.39,0.05,1.18048
933,lightweight_snake_ddqn,1,36.7251,11.92,9412,cpu,9,60,84.3,0.05,1.422851
934,lightweight_snake_ddqn,1,36.775,11.86,9412,cpu,13,106,126.68,0.05,0.87004
935,lightweight_snake_ddqn,1,36.8589,12.18,9412,cpu,22,179,221.24,0.05,2.358059
936,lightweight_snake_ddqn,1,36.8956,11.78,9412,cpu,9,78,85.32,0.05,1.12612
937,lightweight_snake_ddqn,1,36.9487,11.88,9412,cpu,16,113,157.04,0.05,0.626099
938,lightweight_snake_ddqn,1,36.9633,11.72,9412,cpu,6,31,52.16,0.05,1.410322
939,lightweight_snake_ddqn,1,37.0064,11.58,9412,cpu,11,92,105.8,0.05,1.068796
940,lightweight_snake_ddqn,1,37.0452,11.54,9412,cpu,8,82,75.77,0.05,0.662435
941,lightweight_snake_ddqn,1,37.0994,11.7,9412,cpu,15,114,147.02,0.05,0.521327
942,lightweight_snake_ddqn,1,37.1622,11.74,9412,cpu,17,133,169.15,0.05,1.20106
943,lightweight_snake_ddqn,1,37.195,11.56,9412,cpu,10,70,94.71,0.05,1.338928
944,lightweight_snake_ddqn,1,37.2642,11.64,9412,cpu,17,147,169.41,0.05,0.713642
945,lightweight_snake_ddqn,1,37.3636,11.88,9412,cpu,24,211,242.34,0.05,0.878614
946,lightweight_snake_ddqn,1,37.4302,11.74,9412,cpu,14,142,138.63,0.05,0.839759
947,lightweight_snake_ddqn,1,37.4395,11.58,9412,cpu,2,20,11.53,0.05,1.060113
948,lightweight_snake_ddqn,1,37.4757,11.56,9412,cpu,11,77,104.65,0.05,1.004203
949,lightweight_snake_ddqn,1,37.5697,11.9,9412,cpu,28,200,282.59,0.05,0.918124
950,lightweight_snake_ddqn,1,37.5946,11.76,9412,cpu,6,53,53.54,0.05,1.245851
951,lightweight_snake_ddqn,1,37.6548,11.8,9412,cpu,13,128,128.06,0.05,1.95213
952,lightweight_snake_ddqn,1,37.6862,11.82,9412,cpu,9,67,84.13,0.05,1.050346
953,lightweight_snake_ddqn,1,37.7161,11.98,9412,cpu,9,64,84.46,0.05,1.507441
954,lightweight_snake_ddqn,1,37.7269,12.02,9412,cpu,4,23,31.42,0.05,0.961803
955,lightweight_snake_ddqn,1,37.7707,12.08,9412,cpu,13,93,126.71,0.05,1.978096
956,lightweight_snake_ddqn,1,37.7819,11.94,9412,cpu,4,24,31.31,0.05,1.828961
957,lightweight_snake_ddqn,1,37.8023,11.88,9412,cpu,5,43,43.33,0.05,1.901951
958,lightweight_snake_ddqn,1,37.8113,11.58,9412,cpu,2,19,11.44,0.05,1.60168
959,lightweight_snake_ddqn,1,37.8922,11.82,9412,cpu,18,171,180.28,0.05,1.598981
960,lightweight_snake_ddqn,1,37.9741,11.88,9412,cpu,22,173,220.5,0.05,1.573606
961,lightweight_snake_ddqn,1,37.9987,11.88,9412,cpu,7,52,63.56,0.05,0.565783
962,lightweight_snake_ddqn,1,38.0228,11.74,9412,cpu,8,51,73.18,0.05,1.523803
963,lightweight_snake_ddqn,1,38.1194,12.08,9412,cpu,22,205,220.78,0.05,0.937484
964,lightweight_snake_ddqn,1,38.1579,12.0,9412,cpu,10,82,95.39,0.05,0.400282
965,lightweight_snake_ddqn,1,38.2291,12.0,9412,cpu,16,151,159.66,0.05,0.914078
966,lightweight_snake_ddqn,1,38.2701,11.98,9412,cpu,13,87,125.77,0.05,0.561156
967,lightweight_snake_ddqn,1,38.2982,11.82,9412,cpu,10,60,93.41,0.05,0.41113
968,lightweight_snake_ddqn,1,38.3434,11.82,9412,cpu,12,96,116.87,0.05,1.299847
969,lightweight_snake_ddqn,1,38.3734,11.7,9412,cpu,10,64,93.77,0.05,1.294956
970,lightweight_snake_ddqn,1,38.4087,11.74,9412,cpu,10,75,93.56,0.05,1.002924
971,lightweight_snake_ddqn,1,38.4489,11.88,9412,cpu,11,86,105.46,0.05,0.779335
972,lightweight_snake_ddqn,1,38.4734,11.84,9412,cpu,8,52,73.27,0.05,0.792712
973,lightweight_snake_ddqn,1,38.5437,11.98,9412,cpu,20,149,200.72,0.05,0.363402
974,lightweight_snake_ddqn,1,38.6011,11.96,9412,cpu,12,122,115.81,0.05,1.250629
975,lightweight_snake_ddqn,1,38.6382,11.9,9412,cpu,9,79,84.61,0.05,1.81908
976,lightweight_snake_ddqn,1,38.6419,11.68,9412,cpu,1,8,0.54,0.05,1.17305
977,lightweight_snake_ddqn,1,38.7141,11.88,9412,cpu,20,153,199.88,0.05,0.78993
978,lightweight_snake_ddqn,1,38.7687,12.2,9412,cpu,18,116,178.33,0.05,0.967832
979,lightweight_snake_ddqn,1,38.8289,12.12,9412,cpu,17,128,167.1,0.05,0.661146
980,lightweight_snake_ddqn,1,38.9236,12.26,9412,cpu,22,201,224.42,0.05,0.75805
981,lightweight_snake_ddqn,1,38.9571,12.26,9412,cpu,12,71,114.22,0.05,1.133879
982,lightweight_snake_ddqn,1,38.9833,12.26,9412,cpu,8,56,73.83,0.05,0.924173
983,lightweight_snake_ddqn,1,39.0746,12.46,9412,cpu,19,195,192.75,0.05,0.59935
984,lightweight_snake_ddqn,1,39.1097,12.42,9412,cpu,11,75,103.67,0.05,0.862098
985,lightweight_snake_ddqn,1,39.1345,12.1,9412,cpu,6,53,53.34,0.05,0.902837
986,lightweight_snake_ddqn,1,39.1815,12.16,9412,cpu,12,100,117.23,0.05,0.914568
987,lightweight_snake_ddqn,1,39.1997,11.92,9412,cpu,4,39,32.66,0.05,1.646178
988,lightweight_snake_ddqn,1,39.2209,11.94,9412,cpu,7,45,62.73,0.05,1.160553
989,lightweight_snake_ddqn,1,39.2509,11.86,9412,cpu,7,64,64.44,0.05,1.049959
990,lightweight_snake_ddqn,1,39.3143,12.02,9412,cpu,16,135,158.42,0.05,1.860951
991,lightweight_snake_ddqn,1,39.3985,12.16,9412,cpu,22,179,220.84,0.05,1.11317
992,lightweight_snake_ddqn,1,39.4881,12.26,9412,cpu,22,191,219.92,0.05,0.678888
993,lightweight_snake_ddqn,1,39.582,12.56,9412,cpu,25,200,253.66,0.05,0.748147
994,lightweight_snake_ddqn,1,39.6379,12.46,9412,cpu,12,119,116.34,0.05,0.57611
995,lightweight_snake_ddqn,1,39.6417,11.98,9412,cpu,0,8,-9.37,0.05,0.816115
996,lightweight_snake_ddqn,1,39.7028,12.02,9412,cpu,16,130,158.17,0.05,1.447077
997,lightweight_snake_ddqn,1,39.7061,11.98,9412,cpu,0,7,-9.46,0.05,1.243839
998,lightweight_snake_ddqn,1,39.7183,11.86,9412,cpu,5,26,41.8,0.05,1.160429
999,lightweight_snake_ddqn,1,39.7455,11.46,9412,cpu,8,58,73.21,0.05,0.854451
1000,lightweight_snake_ddqn,1,39.7827,11.46,9412,cpu,6,80,53.97,0.05,0.894479
1001,lightweight_snake_ddqn,1,39.7926,11.24,9412,cpu,2,21,11.22,0.05,0.971074
1002,lightweight_snake_ddqn,1,39.8037,11.1,9412,cpu,2,24,11.49,0.05,1.57895
1003,lightweight_snake_ddqn,1,39.8537,11.18,9412,cpu,13,107,126.37,0.05,0.803534
1004,lightweight_snake_ddqn,1,39.9046,11.42,9412,cpu,16,108,157.19,0.05,0.360722
1005,lightweight_snake_ddqn,1,39.9481,11.4,9412,cpu,12,93,115.8,0.05,0.651919
1006,lightweight_snake_ddqn,1,40.0203,11.66,9412,cpu,17,154,168.84,0.05,1.837522
1007,lightweight_snake_ddqn,1,40.0283,11.58,9412,cpu,1,17,1.15,0.05,1.104114
1008,lightweight_snake_ddqn,1,40.0475,11.66,9412,cpu,6,41,52.66,0.05,1.191084
1009,lightweight_snake_ddqn,1,40.0554,11.34,9412,cpu,2,17,10.86,0.05,1.490657
1010,lightweight_snake_ddqn,1,40.1059,11.22,9412,cpu,16,107,157.1,0.05,1.203466
1011,lightweight_snake_ddqn,1,40.1172,11.12,9412,cpu,2,24,11.49,0.05,0.985298
1012,lightweight_snake_ddqn,1,40.1837,11.32,9412,cpu,18,142,178.87,0.05,1.185818
1013,lightweight_snake_ddqn,1,40.1941,11.02,9412,cpu,7,22,61.26,0.05,1.315605
1014,lightweight_snake_ddqn,1,40.2154,10.94,9412,cpu,6,45,53.02,0.05,1.325365
1015,lightweight_snake_ddqn,1,40.2941,11.02,9412,cpu,20,166,198.05,0.05,1.238749
1016,lightweight_snake_ddqn,1,40.3647,11.16,9412,cpu,20,149,197.92,0.05,1.976297
1017,lightweight_snake_ddqn,1,40.3901,11.12,9412,cpu,8,54,73.25,0.05,1.215984
1018,lightweight_snake_ddqn,1,40.4435,11.18,9412,cpu,15,114,146.62,0.05,1.018057
1019,lightweight_snake_ddqn,1,40.5191,11.28,9412,cpu,15,161,148.45,0.05,1.113124
1020,lightweight_snake_ddqn,1,40.591,11.4,9412,cpu,16,153,159.04,0.05,1.769027
1021,lightweight_snake_ddqn,1,40.6413,11.46,9412,cpu,14,107,136.68,0.05,2.175957
1022,lightweight_snake_ddqn,1,40.6685,11.44,9412,cpu,7,58,64.5,0.05,0.823559
1023,lightweight_snake_ddqn,1,40.7198,11.28,9412,cpu,12,109,117.24,0.05,0.635905
1024,lightweight_snake_ddqn,1,40.7241,11.04,9412,cpu,0,9,-9.28,0.05,2.089993
1025,lightweight_snake_ddqn,1,40.786,11.22,9412,cpu,18,132,177.57,0.05,1.5296
1026,lightweight_snake_ddqn,1,40.7991,11.28,9412,cpu,4,28,32.07,0.05,1.312129
1027,lightweight_snake_ddqn,1,40.8766,11.22,9412,cpu,17,165,169.03,0.05,0.669908
1028,lightweight_snake_ddqn,1,40.8832,10.9,9412,cpu,2,14,10.79,0.05,1.725139
1029,lightweight_snake_ddqn,1,40.8888,10.58,9412,cpu,1,12,0.9,0.05,1.03559
1030,lightweight_snake_ddqn,1,40.9122,10.36,9412,cpu,11,50,103.42,0.05,1.264728
1031,lightweight_snake_ddqn,1,40.9446,10.32,9412,cpu,10,69,94.02,0.05,0.813101
1032,lightweight_snake_ddqn,1,40.9656,10.24,9412,cpu,4,45,33.4,0.05,1.196832
1033,lightweight_snake_ddqn,1,40.9961,10.06,9412,cpu,10,65,94.06,0.05,1.39125
1034,lightweight_snake_ddqn,1,41.019,9.98,9412,cpu,7,48,63.4,0.05,1.101181
1035,lightweight_snake_ddqn,1,41.047,10.04,9412,cpu,9,59,84.41,0.05,1.215041
1036,lightweight_snake_ddqn,1,41.0526,9.82,9412,cpu,1,12,0.9,0.05,0.612441
1037,lightweight_snake_ddqn,1,41.1184,10.1,9412,cpu,18,139,179.6,0.05,1.315091
1038,lightweight_snake_ddqn,1,41.1985,10.38,9412,cpu,21,169,212.23,0.05,0.689078
1039,lightweight_snake_ddqn,1,41.2358,10.46,9412,cpu,11,78,104.14,0.05,1.224761
1040,lightweight_snake_ddqn,1,41.2962,10.42,9412,cpu,14,127,137.68,0.05,1.074869
1041,lightweight_snake_ddqn,1,41.3603,10.38,9412,cpu,20,135,199.06,0.05,0.385027
1042,lightweight_snake_ddqn,1,41.375,10.0,9412,cpu,3,31,22.03,0.05,0.447831
1043,lightweight_snake_ddqn,1,41.3967,9.6,9412,cpu,5,46,43.4,0.05,1.513878
1044,lightweight_snake_ddqn,1,41.4896,9.76,9412,cpu,20,196,200.35,0.05,0.868535
1045,lightweight_snake_ddqn,1,41.5176,9.94,9412,cpu,9,59,84.01,0.05,0.614582
1046,lightweight_snake_ddqn,1,41.5956,10.04,9412,cpu,21,165,210.87,0.05,1.530634
1047,lightweight_snake_ddqn,1,41.6408,10.22,9412,cpu,9,96,87.54,0.05,0.882786
1048,lightweight_snake_ddqn,1,41.7246,10.64,9412,cpu,26,178,259.99,0.05,0.901505
1049,lightweight_snake_ddqn,1,41.7519,10.6,9412,cpu,6,58,53.99,0.05,0.644224
1050,lightweight_snake_ddqn,1,41.7764,10.62,9412,cpu,7,52,63.96,0.05,1.445847
1051,lightweight_snake_ddqn,1,41.8101,10.78,9412,cpu,10,72,94.49,0.05,0.935771
1052,lightweight_snake_ddqn,1,41.8853,11.22,9412,cpu,24,160,239.15,0.05,1.792655
1053,lightweight_snake_ddqn,1,41.9233,11.14,9412,cpu,9,81,84.79,0.05,0.749629
1054,lightweight_snake_ddqn,1,41.9809,11.14,9412,cpu,16,122,157.65,0.05,1.08923
1055,lightweight_snake_ddqn,1,42.0535,11.26,9412,cpu,18,153,179.46,0.05,1.416161
1056,lightweight_snake_ddqn,1,42.0746,11.02,9412,cpu,5,45,43.31,0.05,0.858099
1057,lightweight_snake_ddqn,1,42.1198,11.26,9412,cpu,13,95,125.89,0.05,1.687618
1058,lightweight_snake_ddqn,1,42.157,11.38,9412,cpu,12,79,113.54,0.05,1.368141
1059,lightweight_snake_ddqn,1,42.1804,11.46,9412,cpu,6,50,53.87,0.05,0.970161
1060,lightweight_snake_ddqn,1,42.1856,11.18,9412,cpu,2,11,10.72,0.05,0.77163
1061,lightweight_snake_ddqn,1,42.2138,11.34,9412,cpu,10,60,94.01,0.05,1.927535
1062,lightweight_snake_ddqn,1,42.2561,11.18,9412,cpu,10,90,95.51,0.05,0.675845
1063,lightweight_snake_ddqn,1,42.2724,11.1,9412,cpu,3,35,20.79,0.05,1.14895
1064,lightweight_snake_ddqn,1,42.2832,11.04,9412,cpu,3,23,21.71,0.05,1.05781
1065,lightweight_snake_ddqn,1,42.2992,10.72,9412,cpu,4,34,32.41,0.05,1.303086
1066,lightweight_snake_ddqn,1,42.3824,10.78,9412,cpu,23,177,232.37,0.05,0.232668
1067,lightweight_snake_ddqn,1,42.4867,11.16,9412,cpu,27,222,275.86,0.05,0.875054
1068,lightweight_snake_ddqn,1,42.5174,11.08,9412,cpu,11,65,104.57,0.05,1.059342
1069,lightweight_snake_ddqn,1,42.5563,11.02,9412,cpu,12,83,115.3,0.05,0.551013
1070,lightweight_snake_ddqn,1,42.6351,11.04,9412,cpu,17,168,172.1,0.05,1.588282
1071,lightweight_snake_ddqn,1,42.6389,10.78,9412,cpu,1,8,0.54,0.05,0.418295
1072,lightweight_snake_ddqn,1,42.6824,10.84,9412,cpu,10,93,95.58,0.05,0.664166
1073,lightweight_snake_ddqn,1,42.6993,10.66,9412,cpu,3,36,22.68,0.05,0.345562
1074,lightweight_snake_ddqn,1,42.7575,10.92,9412,cpu,13,124,128.1,0.05,1.065629
1075,lightweight_snake_ddqn,1,42.8141,10.8,9412,cpu,12,121,117.32,0.05,0.461627
1076,lightweight_snake_ddqn,1,42.8576,10.96,9412,cpu,12,93,115.6,0.05,1.747675
1077,lightweight_snake_ddqn,1,42.9334,11.0,9412,cpu,19,161,189.49,0.05,1.50251
1078,lightweight_snake_ddqn,1,42.967,11.04,9412,cpu,4,72,32.83,0.05,0.868539
1079,lightweight_snake_ddqn,1,43.0016,11.2,9412,cpu,9,74,85.56,0.05,1.642707
1080,lightweight_snake_ddqn,1,43.0465,11.24,9412,cpu,13,95,126.89,0.05,1.436576
1081,lightweight_snake_ddqn,1,43.0733,11.2,9412,cpu,8,57,72.72,0.05,1.170257
1082,lightweight_snake_ddqn,1,43.1097,11.32,9412,cpu,10,77,95.94,0.05,1.103734
1083,lightweight_snake_ddqn,1,43.1371,11.32,9412,cpu,10,58,93.83,0.05,1.237849
1084,lightweight_snake_ddqn,1,43.1877,11.56,9412,cpu,19,107,186.43,0.05,1.643335
1085,lightweight_snake_ddqn,1,43.1972,11.42,9412,cpu,2,20,11.33,0.05,1.15333
1086,lightweight_snake_ddqn,1,43.2005,11.42,9412,cpu,1,7,0.45,0.05,1.371323
1087,lightweight_snake_ddqn,1,43.2329,11.24,9412,cpu,9,69,84.51,0.05,1.632833
1088,lightweight_snake_ddqn,1,43.2658,11.02,9412,cpu,10,70,94.71,0.05,0.537147
1089,lightweight_snake_ddqn,1,43.3086,11.06,9412,cpu,13,91,124.33,0.05,0.14279
1090,lightweight_snake_ddqn,1,43.3456,10.96,9412,cpu,9,79,85.21,0.05,1.354712
1091,lightweight_snake_ddqn,1,43.3489,10.58,9412,cpu,1,7,0.45,0.05,0.578524
1092,lightweight_snake_ddqn,1,43.3659,10.68,9412,cpu,8,36,72.43,0.05,1.257406
1093,lightweight_snake_ddqn,1,43.421,10.82,9412,cpu,12,118,116.85,0.05,1.713754
1094,lightweight_snake_ddqn,1,43.4876,10.82,9412,cpu,20,142,200.09,0.05,0.522866
1095,lightweight_snake_ddqn,1,43.5234,10.84,9412,cpu,10,76,94.65,0.05,1.715847
1096,lightweight_snake_ddqn,1,43.5966,10.76,9412,cpu,17,156,168.82,0.05,0.776799
1097,lightweight_snake_ddqn,1,43.6022,10.62,9412,cpu,2,12,10.61,0.05,0.818041
1098,lightweight_snake_ddqn,1,43.6346,10.28,9412,cpu,9,69,83.91,0.05,0.776371
1099,lightweight_snake_ddqn,1,43.6829,10.46,9412,cpu,15,103,146.23,0.05,1.14201
1100,lightweight_snake_ddqn,1,43.6853,10.34,9412,cpu,1,5,0.27,0.05,1.045751
1101,lightweight_snake_ddqn,1,43.6909,10.2,9412,cpu,3,12,20.72,0.05,0.836157
1102,lightweight_snake_ddqn,1,43.7605,10.14,9412,cpu,21,148,209.14,0.05,1.934327
1103,lightweight_snake_ddqn,1,43.7741,10.02,9412,cpu,3,29,22.25,0.05,1.153407
1104,lightweight_snake_ddqn,1,43.8079,9.9,9412,cpu,10,72,94.09,0.05,0.865044
1105,lightweight_snake_ddqn,1,43.8303,9.62,9412,cpu,4,48,32.07,0.05,0.860219
1106,lightweight_snake_ddqn,1,43.8695,9.74,9412,cpu,11,83,104.99,0.05,0.547447
1107,lightweight_snake_ddqn,1,43.9392,9.78,9412,cpu,15,149,148.57,0.05,1.331894
1108,lightweight_snake_ddqn,1,43.9518,9.6,9412,cpu,3,27,21.67,0.05,0.964234
1109,lightweight_snake_ddqn,1,43.9918,9.7,9412,cpu,11,84,106.28,0.05,0.917014
1110,lightweight_snake_ddqn,1,44.0426,9.9,9412,cpu,12,108,116.55,0.05,1.33397
1111,lightweight_snake_ddqn,1,44.0971,9.94,9412,cpu,12,115,117.58,0.05,0.47622
1112,lightweight_snake_ddqn,1,44.1259,9.9,9412,cpu,8,61,73.68,0.05,0.944962
1113,lightweight_snake_ddqn,1,44.1578,9.98,9412,cpu,7,68,62.0,0.05,0.994314
1114,lightweight_snake_ddqn,1,44.2474,10.36,9412,cpu,22,190,221.63,0.05,0.767527
1115,lightweight_snake_ddqn,1,44.2567,10.34,9412,cpu,3,20,21.44,0.05,0.947542
1116,lightweight_snake_ddqn,1,44.2962,10.1,9412,cpu,11,84,105.68,0.05,1.019512
1117,lightweight_snake_ddqn,1,44.3065,9.64,9412,cpu,4,22,31.33,0.05,2.784736
1118,lightweight_snake_ddqn,1,44.3399,9.54,9412,cpu,6,71,52.16,0.05,1.172759
1119,lightweight_snake_ddqn,1,44.3752,9.48,9412,cpu,9,75,85.25,0.05,0.873854
1120,lightweight_snake_ddqn,1,44.395,9.24,9412,cpu,5,42,42.84,0.05,1.752498
1121,lightweight_snake_ddqn,1,44.4184,9.38,9412,cpu,8,50,72.89,0.05,1.373697
1122,lightweight_snake_ddqn,1,44.4881,9.54,9412,cpu,18,148,178.61,0.05,1.5497
1123,lightweight_snake_ddqn,1,44.5425,9.72,9412,cpu,12,116,118.47,0.05,2.16815
1124,lightweight_snake_ddqn,1,44.603,9.8,9412,cpu,17,129,168.19,0.05,1.745849
1125,lightweight_snake_ddqn,1,44.6535,9.9,9412,cpu,17,107,167.41,0.05,1.512173
1126,lightweight_snake_ddqn,1,44.7044,9.92,9412,cpu,13,108,127.86,0.05,1.523998
1127,lightweight_snake_ddqn,1,44.7401,9.74,9412,cpu,10,76,95.05,0.05,1.430254
1128,lightweight_snake_ddqn,1,44.7896,9.9,9412,cpu,12,106,116.57,0.05,1.884531
1129,lightweight_snake_ddqn,1,44.8126,9.82,9412,cpu,5,49,43.27,0.05,1.308224
1130,lightweight_snake_ddqn,1,44.8359,9.68,9412,cpu,6,50,53.07,0.05,1.285219
1131,lightweight_snake_ddqn,1,44.887,9.86,9412,cpu,17,108,167.1,0.05,0.987661
1132,lightweight_snake_ddqn,1,44.8927,9.68,9412,cpu,1,12,0.9,0.05,0.51734
1133,lightweight_snake_ddqn,1,44.9073,9.54,9412,cpu,3,31,22.03,0.05,1.194991
1134,lightweight_snake_ddqn,1,44.9452,9.46,9412,cpu,15,80,144.96,0.05,1.149706
1135,lightweight_snake_ddqn,1,45.0032,9.7,9412,cpu,14,122,136.63,0.05,0.737427
1136,lightweight_snake_ddqn,1,45.0665,10.02,9412,cpu,17,134,168.84,0.05,1.308186
1137,lightweight_snake_ddqn,1,45.1179,10.08,9412,cpu,12,109,115.44,0.05,1.417332
1138,lightweight_snake_ddqn,1,45.1387,10.0,9412,cpu,6,44,53.13,0.05,0.74279
1139,lightweight_snake_ddqn,1,45.2311,10.14,9412,cpu,20,196,200.95,0.05,0.839757
1140,lightweight_snake_ddqn,1,45.2672,10.2,9412,cpu,12,76,114.27,0.05,0.858973
1141,lightweight_snake_ddqn,1,45.2798,10.22,9412,cpu,2,27,11.76,0.05,1.024848
1142,lightweight_snake_ddqn,1,45.3594,10.44,9412,cpu,19,168,190.52,0.05,1.239507
1143,lightweight_snake_ddqn,1,45.374,10.32,9412,cpu,6,31,51.76,0.05,1.390602
1144,lightweight_snake_ddqn,1,45.4418,10.3,9412,cpu,19,143,190.07,0.05,0.770846
1145,lightweight_snake_ddqn,1,45.4895,10.34,9412,cpu,12,101,115.32,0.05,1.032946
1146,lightweight_snake_ddqn,1,45.5527,10.28,9412,cpu,14,134,136.91,0.05,0.857244
1147,lightweight_snake_ddqn,1,45.5649,10.32,9412,cpu,4,26,31.89,0.05,1.49186
1148,lightweight_snake_ddqn,1,45.5936,10.3,9412,cpu,8,61,73.68,0.05,0.959313
1149,lightweight_snake_ddqn,1,45.6613,10.36,9412,cpu,18,144,179.65,0.05,1.676599
1150,lightweight_snake_ddqn,1,45.6942,10.5,9412,cpu,8,70,74.49,0.05,0.662026
1151,lightweight_snake_ddqn,1,45.7848,10.92,9412,cpu,24,193,240.92,0.05,0.636781
1152,lightweight_snake_ddqn,1,45.8312,10.74,9412,cpu,12,99,117.14,0.05,1.015851
1153,lightweight_snake_ddqn,1,45.882,10.98,9412,cpu,15,108,146.88,0.05,1.767238
1154,lightweight_snake_ddqn,1,45.93,11.08,9412,cpu,15,102,147.74,0.05,0.741139
1155,lightweight_snake_ddqn,1,45.9916,11.32,9412,cpu,16,131,158.26,0.05,0.929916
1156,lightweight_snake_ddqn,1,46.028,11.3,9412,cpu,10,77,95.94,0.05,1.232155
1157,lightweight_snake_ddqn,1,46.0658,11.22,9412,cpu,11,80,105.12,0.05,1.347969
1158,lightweight_snake_ddqn,1,46.1034,11.32,9412,cpu,8,80,75.39,0.05,1.222554
1159,lightweight_snake_ddqn,1,46.1816,11.5,9412,cpu,20,166,198.85,0.05,1.256714
1160,lightweight_snake_ddqn,1,46.228,11.48,9412,cpu,11,99,106.43,0.05,0.150355
1161,lightweight_snake_ddqn,1,46.2674,11.44,9412,cpu,10,83,95.48,0.05,1.225831
1162,lightweight_snake_ddqn,1,46.2877,11.38,9412,cpu,5,43,42.93,0.05,0.679869
1163,lightweight_snake_ddqn,1,46.3375,11.48,9412,cpu,12,105,116.28,0.05,0.466793
1164,lightweight_snake_ddqn,1,46.3827,11.3,9412,cpu,13,95,126.29,0.05,0.414548
1165,lightweight_snake_ddqn,1,46.4594,11.64,9412,cpu,20,162,200.49,0.05,1.929605
1166,lightweight_snake_ddqn,1,46.5189,11.74,9412,cpu,16,125,157.12,0.05,0.40126
1167,lightweight_snake_ddqn,1,46.5381,11.78,9412,cpu,6,41,52.66,0.05,1.013299
1168,lightweight_snake_ddqn,1,46.5937,11.98,9412,cpu,16,117,157.8,0.05,1.683498
1169,lightweight_snake_ddqn,1,46.7026,12.4,9412,cpu,30,230,303.51,0.05,1.921656
1170,lightweight_snake_ddqn,1,46.7183,12.4,9412,cpu,5,33,42.03,0.05,1.882014
1171,lightweight_snake_ddqn,1,46.7305,12.3,9412,cpu,3,26,21.78,0.05,0.75778
1172,lightweight_snake_ddqn,1,46.7886,12.2,9412,cpu,13,123,126.41,0.05,1.907162
1173,lightweight_snake_ddqn,1,46.8663,12.34,9412,cpu,19,164,190.36,0.05,2.620216
1174,lightweight_snake_ddqn,1,46.8852,12.12,9412,cpu,6,40,52.37,0.05,0.661088
1175,lightweight_snake_ddqn,1,46.8941,11.8,9412,cpu,1,19,1.53,0.05,0.975343
1176,lightweight_snake_ddqn,1,46.9101,11.62,9412,cpu,4,34,32.21,0.05,0.43617
1177,lightweight_snake_ddqn,1,46.9545,11.64,9412,cpu,11,94,105.58,0.05,1.269632
1178,lightweight_snake_ddqn,1,47.0064,11.68,9412,cpu,14,110,135.55,0.05,1.422344
1179,lightweight_snake_ddqn,1,47.0542,11.88,9412,cpu,15,101,146.85,0.05,0.870122
1180,lightweight_snake_ddqn,1,47.0843,11.96,9412,cpu,10,64,94.17,0.05,0.722062
1181,lightweight_snake_ddqn,1,47.1423,11.9,9412,cpu,14,123,137.32,0.05,1.067692
1182,lightweight_snake_ddqn,1,47.2081,12.3,9412,cpu,21,139,208.53,0.05,1.217726
1183,lightweight_snake_ddqn,1,47.2526,12.54,9412,cpu,15,95,146.11,0.05,0.396053
1184,lightweight_snake_ddqn,1,47.2837,12.46,9412,cpu,11,66,104.46,0.05,0.908649
1185,lightweight_snake_ddqn,1,47.2874,12.18,9412,cpu,0,8,-9.37,0.05,0.614327
1186,lightweight_snake_ddqn,1,47.3374,12.14,9412,cpu,15,106,147.5,0.05,1.253594
1187,lightweight_snake_ddqn,1,47.3849,12.16,9412,cpu,13,101,126.83,0.05,1.099173
1188,lightweight_snake_ddqn,1,47.4137,12.18,9412,cpu,7,61,64.57,0.05,0.649406
1189,lightweight_snake_ddqn,1,47.4273,11.84,9412,cpu,3,29,22.25,0.05,0.787982
1190,lightweight_snake_ddqn,1,47.5099,12.06,9412,cpu,23,175,232.79,0.05,0.697827
1191,lightweight_snake_ddqn,1,47.5308,12.1,9412,cpu,4,44,33.51,0.05,1.204284
1192,lightweight_snake_ddqn,1,47.5574,11.86,9412,cpu,7,56,63.72,0.05,0.801397
1193,lightweight_snake_ddqn,1,47.5932,12.0,9412,cpu,13,75,125.29,0.05,0.83019
1194,lightweight_snake_ddqn,1,47.6074,11.74,9412,cpu,6,30,51.87,0.05,1.312076
1195,lightweight_snake_ddqn,1,47.6951,11.98,9412,cpu,24,186,242.89,0.05,1.586135
1196,lightweight_snake_ddqn,1,47.7739,12.06,9412,cpu,18,167,178.32,0.05,1.642233
1197,lightweight_snake_ddqn,1,47.8184,12.22,9412,cpu,12,94,116.49,0.05,0.154824
1198,lightweight_snake_ddqn,1,47.8658,12.32,9412,cpu,13,100,126.74,0.05,1.727
1199,lightweight_snake_ddqn,1,47.8918,12.1,9412,cpu,7,55,61.63,0.05,0.932157
1200,lightweight_snake_ddqn,1,47.937,12.22,9412,cpu,14,96,135.49,0.05,1.262759
1201,lightweight_snake_ddqn,1,47.9725,11.98,9412,cpu,12,75,114.78,0.05,1.168466
1202,lightweight_snake_ddqn,1,48.0021,11.88,9412,cpu,7,63,64.35,0.05,1.009108
1203,lightweight_snake_ddqn,1,48.0451,11.84,9412,cpu,13,90,126.24,0.05,0.608857
1204,lightweight_snake_ddqn,1,48.1007,11.78,9412,cpu,12,118,116.25,0.05,1.088434
1205,lightweight_snake_ddqn,1,48.1125,11.54,9412,cpu,4,25,31.4,0.05,1.114674
1206,lightweight_snake_ddqn,1,48.1516,11.62,9412,cpu,14,82,135.23,0.05,2.094974
1207,lightweight_snake_ddqn,1,48.1802,11.54,9412,cpu,7,60,64.68,0.05,1.247001
1208,lightweight_snake_ddqn,1,48.2066,11.58,9412,cpu,10,56,93.45,0.05,0.434843
1209,lightweight_snake_ddqn,1,48.2595,11.42,9412,cpu,12,111,117.02,0.05,1.341828
1210,lightweight_snake_ddqn,1,48.3051,11.48,9412,cpu,14,96,136.09,0.05,0.98406
1211,lightweight_snake_ddqn,1,48.3882,11.66,9412,cpu,19,176,190.44,0.05,1.608118
1212,lightweight_snake_ddqn,1,48.4317,11.82,9412,cpu,13,92,125.62,0.05,1.743667
1213,lightweight_snake_ddqn,1,48.5033,12.0,9412,cpu,21,151,209.21,0.05,1.584268
1214,lightweight_snake_ddqn,1,48.5548,12.06,9412,cpu,16,109,157.68,0.05,0.987595
1215,lightweight_snake_ddqn,1,48.6244,12.04,9412,cpu,19,147,189.83,0.05,2.0493
1216,lightweight_snake_ddqn,1,48.6334,11.74,9412,cpu,1,19,1.53,0.05,2.306037
1217,lightweight_snake_ddqn,1,48.742,12.1,9412,cpu,24,230,244.05,0.05,1.201739
1218,lightweight_snake_ddqn,1,48.7765,11.94,9412,cpu,8,73,74.96,0.05,1.023173
1219,lightweight_snake_ddqn,1,48.7914,11.4,9412,cpu,3,32,21.72,0.05,1.33291
1220,lightweight_snake_ddqn,1,48.8505,11.64,9412,cpu,17,125,165.83,0.05,1.566975
1221,lightweight_snake_ddqn,1,48.8935,11.86,9412,cpu,14,92,136.73,0.05,1.356361
1222,lightweight_snake_ddqn,1,48.908,11.7,9412,cpu,5,31,41.85,0.05,0.760865
1223,lightweight_snake_ddqn,1,48.9423,11.52,9412,cpu,10,73,95.38,0.05,1.283195
1224,lightweight_snake_ddqn,1,49.0297,11.8,9412,cpu,20,186,200.65,0.05,0.929136
1225,lightweight_snake_ddqn,1,49.1041,12.12,9412,cpu,17,158,170.2,0.05,1.66879
1226,lightweight_snake_ddqn,1,49.1744,12.42,9412,cpu,19,149,189.21,0.05,1.867086
1227,lightweight_snake_ddqn,1,49.1806,12.22,9412,cpu,1,13,0.99,0.05,0.435365
1228,lightweight_snake_ddqn,1,49.2449,12.24,9412,cpu,15,136,148.2,0.05,0.856571
1229,lightweight_snake_ddqn,1,49.2669,12.06,9412,cpu,6,47,53.0,0.05,1.262293
1230,lightweight_snake_ddqn,1,49.3175,12.08,9412,cpu,11,108,105.64,0.05,1.254643
1231,lightweight_snake_ddqn,1,49.359,12.02,9412,cpu,11,88,106.64,0.05,1.103726
1232,lightweight_snake_ddqn,1,49.4193,11.92,9412,cpu,16,128,156.79,0.05,2.198023
1233,lightweight_snake_ddqn,1,49.4225,11.62,9412,cpu,0,7,-9.46,0.05,1.902237
1234,lightweight_snake_ddqn,1,49.4982,11.76,9412,cpu,18,161,179.58,0.05,1.220335
1235,lightweight_snake_ddqn,1,49.5621,12.06,9412,cpu,15,136,147.4,0.05,1.24222
1236,lightweight_snake_ddqn,1,49.6088,12.02,9412,cpu,13,99,126.65,0.05,0.768035
1237,lightweight_snake_ddqn,1,49.6493,11.96,9412,cpu,10,86,95.15,0.05,1.067043
1238,lightweight_snake_ddqn,1,49.7128,12.2,9412,cpu,19,135,189.95,0.05,1.356862
1239,lightweight_snake_ddqn,1,49.764,12.44,9412,cpu,15,109,146.57,0.05,1.25596
1240,lightweight_snake_ddqn,1,49.7701,11.98,9412,cpu,0,13,-9.52,0.05,0.975196
1241,lightweight_snake_ddqn,1,49.8185,12.18,9412,cpu,14,103,137.32,0.05,0.607209
1242,lightweight_snake_ddqn,1,49.8452,12.2,9412,cpu,8,57,73.52,0.05,0.961445
1243,lightweight_snake_ddqn,1,49.8816,12.1,9412,cpu,8,78,75.61,0.05,0.717854
1244,lightweight_snake_ddqn,1,49.9214,12.16,9412,cpu,9,85,86.35,0.05,1.242124
1245,lightweight_snake_ddqn,1,49.9448,11.8,9412,cpu,6,50,53.87,0.05,1.401895
1246,lightweight_snake_ddqn,1,50.0025,11.7,9412,cpu,13,123,128.61,0.05,0.709454
1247,lightweight_snake_ddqn,1,50.0905,11.92,9412,cpu,23,187,232.07,0.05,1.014613
1248,lightweight_snake_ddqn,1,50.1302,11.84,9412,cpu,9,84,85.46,0.05,0.811417
1249,lightweight_snake_ddqn,1,50.1346,11.72,9412,cpu,1,9,0.63,0.05,1.207473
1250,lightweight_snake_ddqn,1,50.1761,11.68,9412,cpu,12,88,115.75,0.05,1.439856
1251,lightweight_snake_ddqn,1,50.2039,11.6,9412,cpu,8,59,74.1,0.05,1.44983
1252,lightweight_snake_ddqn,1,50.2405,11.64,9412,cpu,9,78,84.72,0.05,1.425086
1253,lightweight_snake_ddqn,1,50.3409,11.86,9412,cpu,24,214,245.21,0.05,1.46694
1254,lightweight_snake_ddqn,1,50.3853,11.9,9412,cpu,14,94,136.31,0.05,1.276042
1255,lightweight_snake_ddqn,1,50.4364,12.1,9412,cpu,14,109,137.46,0.05,2.151276
1256,lightweight_snake_ddqn,1,50.4566,11.94,9412,cpu,6,43,53.24,0.05,1.075403
1257,lightweight_snake_ddqn,1,50.4773,11.92,9412,cpu,6,44,52.93,0.05,1.814682
1258,lightweight_snake_ddqn,1,50.5444,12.06,9412,cpu,17,143,167.25,0.05,0.827817
1259,lightweight_snake_ddqn,1,50.5632,11.88,9412,cpu,3,40,23.04,0.05,1.010325
1260,lightweight_snake_ddqn,1,50.6379,11.94,9412,cpu,17,159,169.29,0.05,0.796441
1261,lightweight_snake_ddqn,1,50.7051,11.88,9412,cpu,16,143,160.34,0.05,0.704781
1262,lightweight_snake_ddqn,1,50.7413,11.8,9412,cpu,9,77,84.83,0.05,1.688394
1263,lightweight_snake_ddqn,1,50.7867,11.62,9412,cpu,12,97,116.36,0.05,1.38516
1264,lightweight_snake_ddqn,1,50.8594,11.72,9412,cpu,21,155,207.97,0.05,1.076624
1265,lightweight_snake_ddqn,1,50.9273,11.68,9412,cpu,17,145,169.43,0.05,1.709826
1266,lightweight_snake_ddqn,1,50.9819,11.94,9412,cpu,14,116,136.09,0.05,1.262942
1267,lightweight_snake_ddqn,1,50.9875,11.48,9412,cpu,1,12,0.7,0.05,1.291081
1268,lightweight_snake_ddqn,1,51.03,11.56,9412,cpu,12,90,116.13,0.05,2.456739
1269,lightweight_snake_ddqn,1,51.0479,11.58,9412,cpu,4,38,32.77,0.05,1.228019
1270,lightweight_snake_ddqn,1,51.0814,11.4,9412,cpu,8,71,74.98,0.05,1.070137
1271,lightweight_snake_ddqn,1,51.1415,11.4,9412,cpu,14,128,138.37,0.05,1.803038
1272,lightweight_snake_ddqn,1,51.2551,11.86,9412,cpu,28,241,285.68,0.05,1.203467
1273,lightweight_snake_ddqn,1,51.2939,11.9,9412,cpu,12,82,115.41,0.05,1.282557
1274,lightweight_snake_ddqn,1,51.3354,11.74,9412,cpu,12,88,115.95,0.05,1.169822
1275,lightweight_snake_ddqn,1,51.4352,11.86,9412,cpu,23,212,234.92,0.05,1.705322
1276,lightweight_snake_ddqn,1,51.469,11.68,9412,cpu,10,72,94.89,0.05,0.812124
1277,lightweight_snake_ddqn,1,51.4999,11.82,9412,cpu,8,66,73.93,0.05,2.089294
1278,lightweight_snake_ddqn,1,51.567,11.82,9412,cpu,15,143,148.63,0.05,0.185728
1279,lightweight_snake_ddqn,1,51.6303,11.98,9412,cpu,14,135,137.8,0.05,1.353724
1280,lightweight_snake_ddqn,1,51.6359,11.8,9412,cpu,2,12,10.21,0.05,1.020321
1281,lightweight_snake_ddqn,1,51.6821,11.78,9412,cpu,10,98,96.23,0.05,0.794027
1282,lightweight_snake_ddqn,1,51.7398,11.74,9412,cpu,14,123,137.52,0.05,1.934414
1283,lightweight_snake_ddqn,1,51.7961,12.04,9412,cpu,15,120,148.96,0.05,1.219632
1284,lightweight_snake_ddqn,1,51.8585,12.04,9412,cpu,18,133,178.26,0.05,1.093748
1285,lightweight_snake_ddqn,1,51.8987,12.02,9412,cpu,14,85,136.1,0.05,1.589212
1286,lightweight_snake_ddqn,1,51.9881,12.2,9412,cpu,22,190,221.03,0.05,0.591745
1287,lightweight_snake_ddqn,1,52.0685,12.44,9412,cpu,22,170,220.23,0.05,1.164712
1288,lightweight_snake_ddqn,1,52.133,12.48,9412,cpu,21,136,208.26,0.05,1.787671
1289,lightweight_snake_ddqn,1,52.1707,12.42,9412,cpu,12,80,116.03,0.05,1.244509
1290,lightweight_snake_ddqn,1,52.2185,12.7,9412,cpu,14,102,136.43,0.05,1.224385
1291,lightweight_snake_ddqn,1,52.2683,12.7,9412,cpu,14,106,137.39,0.05,1.522087
1292,lightweight_snake_ddqn,1,52.302,12.72,9412,cpu,9,72,84.18,0.05,0.918492
1293,lightweight_snake_ddqn,1,52.3413,12.76,9412,cpu,10,84,94.17,0.05,1.600142
1294,lightweight_snake_ddqn,1,52.4009,12.88,9412,cpu,15,127,148.19,0.05,1.333482
1295,lightweight_snake_ddqn,1,52.4668,13.08,9412,cpu,16,140,158.87,0.05,2.01246
1296,lightweight_snake_ddqn,1,52.5117,13.08,9412,cpu,13,96,125.38,0.05,0.655379
1297,lightweight_snake_ddqn,1,52.5184,12.66,9412,cpu,2,14,10.99,0.05,1.554093
1298,lightweight_snake_ddqn,1,52.5859,12.78,9412,cpu,15,144,149.52,0.05,1.609593
1299,lightweight_snake_ddqn,1,52.6226,12.98,9412,cpu,11,78,104.54,0.05,1.680618
1300,lightweight_snake_ddqn,1,52.6506,12.88,9412,cpu,7,60,64.08,0.05,1.256299
1301,lightweight_snake_ddqn,1,52.6755,12.84,9412,cpu,6,53,52.54,0.05,1.147062
1302,lightweight_snake_ddqn,1,52.7253,12.84,9412,cpu,9,106,84.64,0.05,0.773849
1303,lightweight_snake_ddqn,1,52.7792,12.66,9412,cpu,15,115,147.91,0.05,0.63221
1304,lightweight_snake_ddqn,1,52.782,12.38,9412,cpu,0,6,-9.55,0.05,1.548186
1305,lightweight_snake_ddqn,1,52.7867,12.14,9412,cpu,2,10,10.43,0.05,2.226129
1306,lightweight_snake_ddqn,1,52.8229,12.24,9412,cpu,11,77,105.05,0.05,2.111515
1307,lightweight_snake_ddqn,1,52.859,12.36,9412,cpu,12,77,114.96,0.05,1.269754
1308,lightweight_snake_ddqn,1,52.8772,12.12,9412,cpu,5,39,42.17,0.05,1.119914
1309,lightweight_snake_ddqn,1,52.9173,12.3,9412,cpu,12,84,115.79,0.05,1.49247
1310,lightweight_snake_ddqn,1,52.9842,12.34,9412,cpu,19,142,188.38,0.05,1.291761
1311,lightweight_snake_ddqn,1,53.0092,12.16,9412,cpu,7,53,63.05,0.05,1.761353
1312,lightweight_snake_ddqn,1,53.0702,12.34,9412,cpu,18,129,179.3,0.05,0.958062
1313,lightweight_snake_ddqn,1,53.1235,12.38,9412,cpu,14,113,136.02,0.05,0.365964
1314,lightweight_snake_ddqn,1,53.1292,11.98,9412,cpu,1,12,0.9,0.05,0.765481
1315,lightweight_snake_ddqn,1,53.1353,11.7,9412,cpu,3,13,20.81,0.05,1.84918
1316,lightweight_snake_ddqn,1,53.1872,11.68,9412,cpu,13,110,127.44,0.05,0.755065
1317,lightweight_snake_ddqn,1,53.2074,11.76,9412,cpu,5,43,43.13,0.05,1.113612
1318,lightweight_snake_ddqn,1,53.2155,11.56,9412,cpu,2,17,11.06,0.05,0.210403
1319,lightweight_snake_ddqn,1,53.2277,11.56,9412,cpu,4,26,31.69,0.05,0.584947
1320,lightweight_snake_ddqn,1,53.278,11.64,9412,cpu,12,107,116.46,0.05,1.229846
1321,lightweight_snake_ddqn,1,53.2917,11.46,9412,cpu,5,29,42.07,0.05,0.670108
1322,lightweight_snake_ddqn,1,53.3528,11.2,9412,cpu,15,130,149.06,0.05,1.500355
1323,lightweight_snake_ddqn,1,53.403,11.16,9412,cpu,10,107,98.04,0.05,1.865912
1324,lightweight_snake_ddqn,1,53.4462,11.2,9412,cpu,14,92,134.93,0.05,1.653127
1325,lightweight_snake_ddqn,1,53.4857,10.94,9412,cpu,10,84,95.77,0.05,1.095054
1326,lightweight_snake_ddqn,1,53.5566,11.06,9412,cpu,16,151,157.86,0.05,2.482952
1327,lightweight_snake_ddqn,1,53.5697,10.96,9412,cpu,3,28,21.96,0.05,1.005045
1328,lightweight_snake_ddqn,1,53.6624,11.16,9412,cpu,25,197,254.19,0.05,0.618946
1329,lightweight_snake_ddqn,1,53.7144,11.12,9412,cpu,12,111,118.22,0.05,1.244921
1330,lightweight_snake_ddqn,1,53.7318,11.18,9412,cpu,5,37,42.59,0.05,1.081097
1331,lightweight_snake_ddqn,1,53.7417,11.04,9412,cpu,3,21,21.53,0.05,0.623819
1332,lightweight_snake_ddqn,1,53.7891,11.0,9412,cpu,12,101,116.32,0.05,0.670777
1333,lightweight_snake_ddqn,1,53.8255,10.84,9412,cpu,7,78,65.9,0.05,1.263462
1334,lightweight_snake_ddqn,1,53.8683,10.72,9412,cpu,12,91,116.02,0.05,0.823839
1335,lightweight_snake_ddqn,1,53.956,10.8,9412,cpu,18,187,178.52,0.05,0.183517
1336,lightweight_snake_ddqn,1,53.997,10.58,9412,cpu,11,87,106.55,0.05,1.211767
1337,lightweight_snake_ddqn,1,54.0529,10.42,9412,cpu,14,119,136.36,0.05,0.568777
1338,lightweight_snake_ddqn,1,54.0814,10.16,9412,cpu,8,60,73.99,0.05,0.337431
1339,lightweight_snake_ddqn,1,54.2027,10.48,9412,cpu,28,258,285.61,0.05,1.740952
1340,lightweight_snake_ddqn,1,54.2595,10.52,9412,cpu,16,121,157.56,0.05,1.561814
1341,lightweight_snake_ddqn,1,54.2754,10.3,9412,cpu,3,34,21.9,0.05,0.813976
1342,lightweight_snake_ddqn,1,54.3497,10.44,9412,cpu,16,158,156.89,0.05,0.918266
1343,lightweight_snake_ddqn,1,54.3754,10.38,9412,cpu,7,55,63.43,0.05,0.425136
1344,lightweight_snake_ddqn,1,54.3952,10.22,9412,cpu,7,42,63.06,0.05,1.163291
1345,lightweight_snake_ddqn,1,54.4273,10.1,9412,cpu,10,68,95.13,0.05,0.887932
1346,lightweight_snake_ddqn,1,54.4447,9.92,9412,cpu,4,37,32.88,0.05,1.457834
1347,lightweight_snake_ddqn,1,54.4531,9.92,9412,cpu,2,18,10.75,0.05,1.404163
1348,lightweight_snake_ddqn,1,54.4889,9.82,9412,cpu,10,76,95.25,0.05,1.648818
1349,lightweight_snake_ddqn,1,54.5068,9.74,9412,cpu,7,38,62.1,0.05,0.856144
1350,lightweight_snake_ddqn,1,54.5391,9.76,9412,cpu,8,69,75.0,0.05,0.474883
1351,lightweight_snake_ddqn,1,54.5528,9.7,9412,cpu,3,29,22.25,0.05,1.587418
1352,lightweight_snake_ddqn,1,54.5941,9.74,9412,cpu,11,88,105.44,0.05,1.28433
1353,lightweight_snake_ddqn,1,54.6275,9.7,9412,cpu,13,71,124.73,0.05,1.504176
1354,lightweight_snake_ddqn,1,54.6326,9.74,9412,cpu,2,11,10.52,0.05,1.232788
1355,lightweight_snake_ddqn,1,54.6893,10.04,9412,cpu,17,121,168.47,0.05,1.856651
1356,lightweight_snake_ddqn,1,54.7768,10.28,9412,cpu,23,186,230.58,0.05,1.188333
1357,lightweight_snake_ddqn,1,54.8313,10.32,9412,cpu,14,116,138.49,0.05,0.261382
1358,lightweight_snake_ddqn,1,54.8698,10.46,9412,cpu,12,82,116.01,0.05,1.011082
1359,lightweight_snake_ddqn,1,54.9213,10.44,9412,cpu,11,110,106.82,0.05,1.152154
1360,lightweight_snake_ddqn,1,54.9533,10.26,9412,cpu,10,68,94.53,0.05,1.127774
1361,lightweight_snake_ddqn,1,54.9816,10.32,9412,cpu,10,60,93.81,0.05,0.804148
1362,lightweight_snake_ddqn,1,55.0553,10.32,9412,cpu,18,156,178.73,0.05,2.350306
1363,lightweight_snake_ddqn,1,55.076,10.12,9412,cpu,4,44,33.31,0.05,1.033566
1364,lightweight_snake_ddqn,1,55.1261,10.3,9412,cpu,10,106,96.95,0.05,0.70384
1365,lightweight_snake_ddqn,1,55.1418,10.32,9412,cpu,4,33,30.92,0.05,1.857492
1366,lightweight_snake_ddqn,1,55.1883,10.28,9412,cpu,11,98,105.54,0.05,1.022721
1367,lightweight_snake_ddqn,1,55.2338,10.48,9412,cpu,15,96,146.4,0.05,0.99375
1368,lightweight_snake_ddqn,1,55.2438,10.48,9412,cpu,2,21,11.62,0.05,0.207327
1369,lightweight_snake_ddqn,1,55.2713,10.6,9412,cpu,10,58,94.03,0.05,1.060716
1370,lightweight_snake_ddqn,1,55.3468,10.72,9412,cpu,18,160,180.89,0.05,1.0477
1371,lightweight_snake_ddqn,1,55.376,10.8,9412,cpu,9,62,83.68,0.05,1.124995
1372,lightweight_snake_ddqn,1,55.426,10.76,9412,cpu,13,106,127.48,0.05,0.986666
1373,lightweight_snake_ddqn,1,55.4369,10.62,9412,cpu,3,23,21.51,0.05,1.349354
1374,lightweight_snake_ddqn,1,55.4827,10.58,9412,cpu,12,97,116.56,0.05,1.352847
1375,lightweight_snake_ddqn,1,55.5599,10.8,9412,cpu,21,163,210.69,0.05,1.627006
1376,lightweight_snake_ddqn,1,55.6504,10.9,9412,cpu,21,190,212.52,0.05,1.105105
1377,lightweight_snake_ddqn,1,55.6898,11.1,9412,cpu,13,83,126.21,0.05,1.136395
1378,lightweight_snake_ddqn,1,55.7194,10.78,9412,cpu,9,63,84.57,0.05,1.875125
1379,lightweight_snake_ddqn,1,55.7565,10.74,9412,cpu,10,79,94.92,0.05,1.185989
1380,lightweight_snake_ddqn,1,55.7927,10.82,9412,cpu,9,77,84.43,0.05,0.657353
1381,lightweight_snake_ddqn,1,55.8328,10.98,9412,cpu,11,85,106.37,0.05,1.119093
1382,lightweight_snake_ddqn,1,55.845,10.78,9412,cpu,2,26,11.47,0.05,2.551551
1383,lightweight_snake_ddqn,1,55.9276,11.04,9412,cpu,20,175,201.26,0.05,1.39382
1384,lightweight_snake_ddqn,1,55.9802,11.14,9412,cpu,17,112,167.46,0.05,0.97867
1385,lightweight_snake_ddqn,1,56.0311,11.1,9412,cpu,16,107,155.5,0.05,0.980884
1386,lightweight_snake_ddqn,1,56.0965,11.28,9412,cpu,20,138,199.33,0.05,0.818741
1387,lightweight_snake_ddqn,1,56.1197,11.08,9412,cpu,4,49,31.96,0.05,1.068984
1388,lightweight_snake_ddqn,1,56.1444,11.1,9412,cpu,9,52,83.58,0.05,1.437647
1389,lightweight_snake_ddqn,1,56.2017,10.84,9412,cpu,15,122,146.94,0.05,1.049108
1390,lightweight_snake_ddqn,1,56.2923,10.96,9412,cpu,22,193,223.1,0.05,1.008873
1391,lightweight_snake_ddqn,1,56.3419,11.16,9412,cpu,13,106,125.48,0.05,1.49518
1392,lightweight_snake_ddqn,1,56.4046,11.16,9412,cpu,16,133,158.64,0.05,2.131132
1393,lightweight_snake_ddqn,1,56.4131,11.1,9412,cpu,4,18,31.17,0.05,0.368715
1394,lightweight_snake_ddqn,1,56.4515,11.22,9412,cpu,13,82,124.52,0.05,1.265448
1395,lightweight_snake_ddqn,1,56.4581,11.06,9412,cpu,2,14,10.99,0.05,2.552521
1396,lightweight_snake_ddqn,1,56.5282,11.4,9412,cpu,21,148,209.74,0.05,0.696726
1397,lightweight_snake_ddqn,1,56.6019,11.8,9412,cpu,22,156,219.57,0.05,0.55047
1398,lightweight_snake_ddqn,1,56.6359,11.8,9412,cpu,10,72,95.09,0.05,1.490131
1399,lightweight_snake_ddqn,1,56.6902,11.96,9412,cpu,15,116,148.6,0.05,1.293558
1400,lightweight_snake_ddqn,1,56.7865,12.36,9412,cpu,28,204,283.35,0.05,1.546035
1401,lightweight_snake_ddqn,1,56.8494,12.7,9412,cpu,20,132,198.19,0.05,1.667277
1402,lightweight_snake_ddqn,1,56.8546,12.52,9412,cpu,2,11,10.52,0.05,0.287973
1403,lightweight_snake_ddqn,1,56.8925,12.46,9412,cpu,10,81,95.9,0.05,0.728137
1404,lightweight_snake_ddqn,1,56.9512,12.7,9412,cpu,14,125,137.9,0.05,0.591309
1405,lightweight_snake_ddqn,1,57.0246,12.8,9412,cpu,22,156,219.57,0.05,1.310677
1406,lightweight_snake_ddqn,1,57.0431,12.42,9412,cpu,4,39,32.86,0.05,0.655183
1407,lightweight_snake_ddqn,1,57.047,12.16,9412,cpu,1,8,0.54,0.05,1.641433
1408,lightweight_snake_ddqn,1,57.0957,12.18,9412,cpu,13,103,126.21,0.05,1.043236
1409,lightweight_snake_ddqn,1,57.0994,11.96,9412,cpu,0,8,-9.37,0.05,0.863866
1410,lightweight_snake_ddqn,1,57.1921,12.22,9412,cpu,23,196,233.08,0.05,0.848419
1411,lightweight_snake_ddqn,1,57.2736,12.42,9412,cpu,20,173,200.48,0.05,1.587959
1412,lightweight_snake_ddqn,1,57.283,12.12,9412,cpu,3,20,21.44,0.05,1.621996
1413,lightweight_snake_ddqn,1,57.3481,12.34,9412,cpu,15,128,149.88,0.05,1.339987
1414,lightweight_snake_ddqn,1,57.384,12.32,9412,cpu,9,68,85.02,0.05,0.389804
1415,lightweight_snake_ddqn,1,57.4189,12.4,9412,cpu,8,73,74.56,0.05,0.707336
1416,lightweight_snake_ddqn,1,57.4653,12.48,9412,cpu,15,98,147.38,0.05,1.114317
1417,lightweight_snake_ddqn,1,57.4983,12.36,9412,cpu,9,70,84.8,0.05,0.784302
1418,lightweight_snake_ddqn,1,57.5534,12.56,9412,cpu,12,117,115.16,0.05,1.754056
1419,lightweight_snake_ddqn,1,57.6135,12.6,9412,cpu,12,128,117.55,0.05,1.548136
1420,lightweight_snake_ddqn,1,57.6403,12.44,9412,cpu,10,57,94.14,0.05,0.571671
1421,lightweight_snake_ddqn,1,57.6573,12.38,9412,cpu,6,36,52.41,0.05,0.277506
1422,lightweight_snake_ddqn,1,57.7,12.32,9412,cpu,10,91,95.8,0.05,0.455548
1423,lightweight_snake_ddqn,1,57.7557,12.54,9412,cpu,14,119,137.76,0.05,0.753997
1424,lightweight_snake_ddqn,1,57.7739,12.42,9412,cpu,6,39,52.68,0.05,0.227571
1425,lightweight_snake_ddqn,1,57.8208,12.18,9412,cpu,9,100,86.7,0.05,0.826123
1426,lightweight_snake_ddqn,1,57.8984,12.22,9412,cpu,23,164,231.0,0.05,1.555562
1427,lightweight_snake_ddqn,1,57.9862,12.34,9412,cpu,19,185,189.85,0.05,1.537524
1428,lightweight_snake_ddqn,1,57.9989,12.24,9412,cpu,4,27,31.58,0.05,2.252454
1429,lightweight_snake_ddqn,1,58.0791,12.4,9412,cpu,18,168,179.01,0.05,0.798784
1430,lightweight_snake_ddqn,1,58.1433,12.56,9412,cpu,17,134,166.64,0.05,1.585847
1431,lightweight_snake_ddqn,1,58.1897,12.54,9412,cpu,10,98,96.63,0.05,0.455332
1432,lightweight_snake_ddqn,1,58.2329,12.8,9412,cpu,15,91,146.35,0.05,2.195746
1433,lightweight_snake_ddqn,1,58.2423,12.44,9412,cpu,2,20,11.53,0.05,0.899607
1434,lightweight_snake_ddqn,1,58.2825,12.32,9412,cpu,11,85,106.17,0.05,0.84391
1435,lightweight_snake_ddqn,1,58.3559,12.32,9412,cpu,16,155,159.22,0.05,1.072208
1436,lightweight_snake_ddqn,1,58.3892,12.1,9412,cpu,9,70,85.4,0.05,1.34595
1437,lightweight_snake_ddqn,1,58.4577,12.38,9412,cpu,18,145,177.14,0.05,0.980862
1438,lightweight_snake_ddqn,1,58.5245,12.58,9412,cpu,19,141,189.69,0.05,1.721043
1439,lightweight_snake_ddqn,1,58.6675,12.92,9412,cpu,32,302,324.81,0.05,1.415222
1440,lightweight_snake_ddqn,1,58.7086,12.68,9412,cpu,10,87,96.04,0.05,1.279619
1441,lightweight_snake_ddqn,1,58.7785,12.76,9412,cpu,17,147,169.61,0.05,0.467669
1442,lightweight_snake_ddqn,1,58.8206,12.68,9412,cpu,12,89,116.84,0.05,1.307173
1443,lightweight_snake_ddqn,1,58.8258,12.62,9412,cpu,1,11,0.61,0.05,0.947839
1444,lightweight_snake_ddqn,1,58.8352,12.4,9412,cpu,2,20,11.13,0.05,1.169936
1445,lightweight_snake_ddqn,1,58.8581,12.52,9412,cpu,8,48,73.31,0.05,0.813863
1446,lightweight_snake_ddqn,1,58.9184,12.38,9412,cpu,14,127,137.28,0.05,0.639597
1447,lightweight_snake_ddqn,1,59.007,12.36,9412,cpu,21,187,212.05,0.05,1.581144
1448,lightweight_snake_ddqn,1,59.0156,12.22,9412,cpu,3,18,20.86,0.05,0.755506
1449,lightweight_snake_ddqn,1,59.0457,12.1,9412,cpu,9,63,83.97,0.05,1.245575
1450,lightweight_snake_ddqn,1,59.0968,11.8,9412,cpu,13,107,127.77,0.05,0.613621
1451,lightweight_snake_ddqn,1,59.1218,11.48,9412,cpu,4,52,33.63,0.05,0.534139
1452,lightweight_snake_ddqn,1,59.215,11.84,9412,cpu,20,196,199.35,0.05,1.657859
1453,lightweight_snake_ddqn,1,59.2349,11.74,9412,cpu,5,42,42.64,0.05,0.761294
1454,lightweight_snake_ddqn,1,59.2792,11.74,9412,cpu,14,94,135.91,0.05,1.418161
1455,lightweight_snake_ddqn,1,59.3022,11.42,9412,cpu,6,49,53.18,0.05,1.441579
1456,lightweight_snake_ddqn,1,59.3117,11.36,9412,cpu,1,20,1.42,0.05,0.908887
1457,lightweight_snake_ddqn,1,59.378,11.7,9412,cpu,18,140,178.69,0.05,1.57237
1458,lightweight_snake_ddqn,1,59.4238,11.64,9412,cpu,10,97,97.54,0.05,0.568081
1459,lightweight_snake_ddqn,1,59.4704,11.88,9412,cpu,12,98,117.65,0.05,1.204463
1460,lightweight_snake_ddqn,1,59.4951,11.54,9412,cpu,6,49,52.78,0.05,0.812357
1461,lightweight_snake_ddqn,1,59.5886,11.56,9412,cpu,21,191,211.21,0.05,1.239435
1462,lightweight_snake_ddqn,1,59.6073,11.64,9412,cpu,7,39,62.79,0.05,0.910047
1463,lightweight_snake_ddqn,1,59.6623,11.64,9412,cpu,15,113,147.13,0.05,2.199749
1464,lightweight_snake_ddqn,1,59.7192,11.76,9412,cpu,15,120,148.56,0.05,1.399507
1465,lightweight_snake_ddqn,1,59.7361,11.7,9412,cpu,5,36,42.1,0.05,0.521776
1466,lightweight_snake_ddqn,1,59.744,11.44,9412,cpu,2,17,11.06,0.05,1.679331
1467,lightweight_snake_ddqn,1,59.795,11.58,9412,cpu,16,109,157.28,0.05,1.07849
1468,lightweight_snake_ddqn,1,59.8191,11.44,9412,cpu,5,51,43.85,0.05,0.371776
1469,lightweight_snake_ddqn,1,59.9086,11.58,9412,cpu,19,191,191.59,0.05,0.366661
1470,lightweight_snake_ddqn,1,59.9883,11.78,9412,cpu,20,168,200.03,0.05,1.575389
1471,lightweight_snake_ddqn,1,60.0388,11.94,9412,cpu,14,106,136.19,0.05,0.614132
1472,lightweight_snake_ddqn,1,60.0652,11.9,9412,cpu,8,56,73.03,0.05,1.580671
1473,lightweight_snake_ddqn,1,60.1249,11.9,9412,cpu,14,126,138.99,0.05,0.827311
1474,lightweight_snake_ddqn,1,60.1685,12.0,9412,cpu,11,92,105.4,0.05,0.282378
1475,lightweight_snake_ddqn,1,60.1887,11.9,9412,cpu,4,43,32.62,0.05,1.231072
1476,lightweight_snake_ddqn,1,60.217,11.6,9412,cpu,8,60,73.59,0.05,0.64818
1477,lightweight_snake_ddqn,1,60.272,11.5,9412,cpu,14,117,137.78,0.05,0.789554
1478,lightweight_snake_ddqn,1,60.3101,11.68,9412,cpu,13,81,125.43,0.05,1.308272
1479,lightweight_snake_ddqn,1,60.3617,11.6,9412,cpu,14,108,138.17,0.05,1.026184
1480,lightweight_snake_ddqn,1,60.3934,11.48,9412,cpu,11,67,104.75,0.05,1.014227
1481,lightweight_snake_ddqn,1,60.4393,11.52,9412,cpu,12,97,115.56,0.05,0.685319
1482,lightweight_snake_ddqn,1,60.4808,11.4,9412,cpu,9,87,85.73,0.05,0.902963
1483,lightweight_snake_ddqn,1,60.4889,11.38,9412,cpu,1,17,1.35,0.05,1.172863
1484,lightweight_snake_ddqn,1,60.5628,11.48,9412,cpu,16,156,161.11,0.05,0.845083
1485,lightweight_snake_ddqn,1,60.6009,11.34,9412,cpu,9,81,85.79,0.05,1.214929
1486,lightweight_snake_ddqn,1,60.6642,11.52,9412,cpu,18,131,179.08,0.05,2.023767
1487,lightweight_snake_ddqn,1,60.7255,11.48,9412,cpu,16,130,159.17,0.05,0.64935
1488,lightweight_snake_ddqn,1,60.7345,11.18,9412,cpu,4,19,31.06,0.05,1.784699
1489,lightweight_snake_ddqn,1,60.8058,10.92,9412,cpu,19,151,190.39,0.05,0.886655
1490,lightweight_snake_ddqn,1,60.8249,10.8,9412,cpu,4,41,33.04,0.05,0.429828
1491,lightweight_snake_ddqn,1,60.8606,10.68,9412,cpu,11,76,104.36,0.05,0.368977
1492,lightweight_snake_ddqn,1,60.8715,10.52,9412,cpu,4,23,31.62,0.05,0.883371
1493,lightweight_snake_ddqn,1,60.9289,10.8,9412,cpu,15,122,147.74,0.05,1.083561
1494,lightweight_snake_ddqn,1,60.9826,11.14,9412,cpu,19,114,187.06,0.05,1.242905
1495,lightweight_snake_ddqn,1,61.043,11.22,9412,cpu,12,129,115.64,0.05,0.879989
1496,lightweight_snake_ddqn,1,61.0609,11.04,9412,cpu,5,38,42.68,0.05,1.064698
1497,lightweight_snake_ddqn,1,61.1559,11.04,9412,cpu,21,201,213.31,0.05,1.348822
1498,lightweight_snake_ddqn,1,61.1962,11.2,9412,cpu,11,86,105.26,0.05,0.413352
1499,lightweight_snake_ddqn,1,61.2439,11.3,9412,cpu,14,101,135.54,0.05,1.076571
1500,lightweight_snake_ddqn,1,61.2631,11.16,9412,cpu,6,41,53.06,0.05,0.307128
1501,lightweight_snake_ddqn,1,61.3161,11.32,9412,cpu,12,113,116.8,0.05,1.33241
1502,lightweight_snake_ddqn,1,61.3282,10.96,9412,cpu,2,26,10.47,0.05,1.733446
1503,lightweight_snake_ddqn,1,61.3831,11.18,9412,cpu,16,117,158.0,0.05,1.289202
1504,lightweight_snake_ddqn,1,61.4371,11.28,9412,cpu,19,115,186.75,0.05,0.818493
1505,lightweight_snake_ddqn,1,61.4593,11.3,9412,cpu,7,47,63.51,0.05,1.509386
1506,lightweight_snake_ddqn,1,61.4914,11.42,9412,cpu,7,68,65.0,0.05,0.865002
1507,lightweight_snake_ddqn,1,61.5343,11.28,9412,cpu,11,91,105.71,0.05,1.1186
1508,lightweight_snake_ddqn,1,61.5749,11.3,9412,cpu,11,85,105.37,0.05,1.472081
1509,lightweight_snake_ddqn,1,61.6352,11.36,9412,cpu,15,126,147.5,0.05,0.37807
1510,lightweight_snake_ddqn,1,61.6621,11.38,9412,cpu,7,56,64.32,0.05,1.251514
1511,lightweight_snake_ddqn,1,61.684,11.06,9412,cpu,5,46,42.6,0.05,1.385356
1512,lightweight_snake_ddqn,1,61.7153,11.08,9412,cpu,8,66,74.93,0.05,0.964533
1513,lightweight_snake_ddqn,1,61.8058,11.24,9412,cpu,23,190,229.94,0.05,1.163903
1514,lightweight_snake_ddqn,1,61.8125,11.0,9412,cpu,3,14,20.7,0.05,1.823919
1515,lightweight_snake_ddqn,1,61.8441,11.08,9412,cpu,9,67,84.93,0.05,1.129179
1516,lightweight_snake_ddqn,1,61.9099,11.36,9412,cpu,16,140,157.67,0.05,0.423964
1517,lightweight_snake_ddqn,1,61.958,11.28,9412,cpu,12,99,115.54,0.05,1.038291
1518,lightweight_snake_ddqn,1,61.9933,11.4,9412,cpu,11,74,103.98,0.05,1.964978
1519,lightweight_snake_ddqn,1,62.0692,11.38,9412,cpu,18,158,180.51,0.05,1.786251
1520,lightweight_snake_ddqn,1,62.0962,11.1,9412,cpu,6,57,54.3,0.05,1.042937
1521,lightweight_snake_ddqn,1,62.1333,11.0,9412,cpu,9,78,84.52,0.05,0.215101
1522,lightweight_snake_ddqn,1,62.2092,11.22,9412,cpu,19,157,186.53,0.05,1.250594
1523,lightweight_snake_ddqn,1,62.2893,11.38,9412,cpu,22,168,218.85,0.05,0.299123
1524,lightweight_snake_ddqn,1,62.3644,11.56,9412,cpu,20,158,199.93,0.05,1.54367
1525,lightweight_snake_ddqn,1,62.42,11.76,9412,cpu,14,118,137.47,0.05,0.57734
1526,lightweight_snake_ddqn,1,62.5288,12.16,9412,cpu,28,228,283.71,0.05,1.404276
1527,lightweight_snake_ddqn,1,62.5543,12.0,9412,cpu,6,54,54.23,0.05,1.173907
1528,lightweight_snake_ddqn,1,62.5893,11.9,9412,cpu,8,74,74.85,0.05,1.593608
1529,lightweight_snake_ddqn,1,62.6195,11.82,9412,cpu,10,64,94.57,0.05,1.339965
1530,lightweight_snake_ddqn,1,62.6656,11.9,9412,cpu,15,98,147.18,0.05,1.272524
1531,lightweight_snake_ddqn,1,62.6828,11.72,9412,cpu,3,37,22.37,0.05,0.352796
1532,lightweight_snake_ddqn,1,62.7228,11.76,9412,cpu,11,85,105.17,0.05,0.717158
1533,lightweight_snake_ddqn,1,62.7803,12.08,9412,cpu,17,122,167.16,0.05,2.388054
1534,lightweight_snake_ddqn,1,62.8237,12.02,9412,cpu,13,92,126.62,0.05,1.206311
1535,lightweight_snake_ddqn,1,62.8778,12.06,9412,cpu,11,114,107.58,0.05,0.624906
1536,lightweight_snake_ddqn,1,62.9318,11.98,9412,cpu,14,115,138.4,0.05,1.682396
1537,lightweight_snake_ddqn,1,62.9488,11.72,9412,cpu,3,36,22.48,0.05,0.685497
1538,lightweight_snake_ddqn,1,62.9544,11.66,9412,cpu,1,12,0.7,0.05,0.261742
1539,lightweight_snake_ddqn,1,62.9742,11.36,9412,cpu,4,41,33.04,0.05,1.482935
1540,lightweight_snake_ddqn,1,62.9795,11.3,9412,cpu,1,11,0.81,0.05,0.98428
1541,lightweight_snake_ddqn,1,63.0227,11.4,9412,cpu,16,91,155.06,0.05,1.169453
1542,lightweight_snake_ddqn,1,63.0393,11.4,9412,cpu,4,35,32.5,0.05,0.678206
1543,lightweight_snake_ddqn,1,63.1028,11.38,9412,cpu,14,135,138.8,0.05,1.296175
1544,lightweight_snake_ddqn,1,63.1418,11.22,9412,cpu,11,82,105.9,0.05,1.392288
1545,lightweight_snake_ddqn,1,63.2237,11.44,9412,cpu,23,172,230.52,0.05,1.823573
1546,lightweight_snake_ddqn,1,63.2481,11.48,9412,cpu,7,51,63.27,0.05,1.032607
1547,lightweight_snake_ddqn,1,63.2694,11.2,9412,cpu,7,45,62.93,0.05,0.142528
1548,lightweight_snake_ddqn,1,63.3516,11.36,9412,cpu,19,174,189.46,0.05,0.898583
1549,lightweight_snake_ddqn,1,63.362,11.16,9412,cpu,4,22,31.53,0.05,1.615683
1550,lightweight_snake_ddqn,1,63.4023,11.26,9412,cpu,11,85,105.97,0.05,0.648217
1551,lightweight_snake_ddqn,1,63.4216,11.1,9412,cpu,4,41,32.44,0.05,0.752098
1552,lightweight_snake_ddqn,1,63.43,11.1,9412,cpu,2,18,11.15,0.05,0.963798
1553,lightweight_snake_ddqn,1,63.4799,11.06,9412,cpu,14,105,136.5,0.05,0.514451
1554,lightweight_snake_ddqn,1,63.5201,10.92,9412,cpu,12,85,116.08,0.05,2.426832
1555,lightweight_snake_ddqn,1,63.5381,10.92,9412,cpu,7,38,62.3,0.05,1.287823
1556,lightweight_snake_ddqn,1,63.5943,11.08,9412,cpu,15,119,147.67,0.05,0.898525
1557,lightweight_snake_ddqn,1,63.6634,11.26,9412,cpu,20,146,198.65,0.05,1.33083
1558,lightweight_snake_ddqn,1,63.6985,11.18,9412,cpu,7,75,64.23,0.05,1.480035
1559,lightweight_snake_ddqn,1,63.7394,11.08,9412,cpu,10,86,94.55,0.05,1.260152
1560,lightweight_snake_ddqn,1,63.7528,11.0,9412,cpu,3,27,21.47,0.05,1.290324
1561,lightweight_snake_ddqn,1,63.7974,11.16,9412,cpu,13,93,126.51,0.05,0.786307
1562,lightweight_snake_ddqn,1,63.8487,11.34,9412,cpu,17,108,166.1,0.05,0.996502
1563,lightweight_snake_ddqn,1,63.8701,10.98,9412,cpu,5,44,42.82,0.05,1.200464
1564,lightweight_snake_ddqn,1,63.9542,11.36,9412,cpu,22,178,219.15,0.05,1.167043
1565,lightweight_snake_ddqn,1,63.9612,11.22,9412,cpu,2,15,10.88,0.05,1.156517
1566,lightweight_snake_ddqn,1,63.9739,10.94,9412,cpu,2,27,11.96,0.05,1.100026
1567,lightweight_snake_ddqn,1,64.0154,10.92,9412,cpu,11,88,105.64,0.05,0.857925
1568,lightweight_snake_ddqn,1,64.0475,10.92,9412,cpu,11,67,104.35,0.05,0.380264
1569,lightweight_snake_ddqn,1,64.0584,10.64,9412,cpu,4,23,31.02,0.05,0.746218
1570,lightweight_snake_ddqn,1,64.088,10.64,9412,cpu,6,62,54.75,0.05,1.392502
1571,lightweight_snake_ddqn,1,64.1763,10.84,9412,cpu,19,186,191.14,0.05,0.985734
1572,lightweight_snake_ddqn,1,64.244,10.88,9412,cpu,21,143,207.89,0.05,0.972363
1573,lightweight_snake_ddqn,1,64.2971,10.72,9412,cpu,14,113,135.62,0.05,1.051085
1574,lightweight_snake_ddqn,1,64.3509,10.56,9412,cpu,12,114,115.49,0.05,1.015206
1575,lightweight_snake_ddqn,1,64.4072,10.54,9412,cpu,13,119,129.05,0.05,0.825036
1576,lightweight_snake_ddqn,1,64.4918,10.4,9412,cpu,21,179,211.93,0.05,1.205988
1577,lightweight_snake_ddqn,1,64.5054,10.36,9412,cpu,4,29,32.16,0.05,1.002361
1578,lightweight_snake_ddqn,1,64.5273,10.38,9412,cpu,9,46,83.24,0.05,1.207286
1579,lightweight_snake_ddqn,1,64.5444,10.26,9412,cpu,4,36,32.59,0.05,1.435601
1580,lightweight_snake_ddqn,1,64.6358,10.4,9412,cpu,22,194,220.39,0.05,0.902189
1581,lightweight_snake_ddqn,1,64.6411,10.38,9412,cpu,2,11,10.72,0.05,1.436848
1582,lightweight_snake_ddqn,1,64.6862,10.4,9412,cpu,12,95,116.38,0.05,1.744549
1583,lightweight_snake_ddqn,1,64.7118,10.24,9412,cpu,9,54,83.56,0.05,0.727807
1584,lightweight_snake_ddqn,1,64.7212,10.02,9412,cpu,2,20,11.53,0.05,1.515797
1585,lightweight_snake_ddqn,1,64.7598,10.06,9412,cpu,13,82,125.52,0.05,0.758622
1586,lightweight_snake_ddqn,1,64.7792,9.9,9412,cpu,6,41,52.66,0.05,0.861837
1587,lightweight_snake_ddqn,1,64.7932,9.9,9412,cpu,3,30,22.14,0.05,1.072595
1588,lightweight_snake_ddqn,1,64.8129,9.98,9412,cpu,5,42,42.44,0.05,0.618848
1589,lightweight_snake_ddqn,1,64.8851,10.2,9412,cpu,15,155,149.91,0.05,0.786122
1590,lightweight_snake_ddqn,1,64.912,10.36,9412,cpu,9,57,83.63,0.05,1.267724
1591,lightweight_snake_ddqn,1,64.9659,10.32,9412,cpu,14,115,137.4,0.05,0.855402
1592,lightweight_snake_ddqn,1,64.9772,10.3,9412,cpu,3,24,21.6,0.05,1.094182
1593,lightweight_snake_ddqn,1,65.0127,10.22,9412,cpu,10,75,95.56,0.05,1.374734
1594,lightweight_snake_ddqn,1,65.0745,10.38,9412,cpu,19,131,188.99,0.05,0.846611
1595,lightweight_snake_ddqn,1,65.135,10.24,9412,cpu,16,128,158.79,0.05,1.748524
1596,lightweight_snake_ddqn,1,65.1871,10.38,9412,cpu,14,111,138.24,0.05,0.803525
1597,lightweight_snake_ddqn,1,65.2093,10.36,9412,cpu,6,48,52.69,0.05,0.748705
1598,lightweight_snake_ddqn,1,65.234,10.16,9412,cpu,9,53,82.87,0.05,1.251364
1599,lightweight_snake_ddqn,1,65.2908,10.34,9412,cpu,13,121,127.63,0.05,0.604668
1600,lightweight_snake_ddqn,1,65.2969,10.16,9412,cpu,2,13,10.9,0.05,0.727529
1601,lightweight_snake_ddqn,1,65.3222,10.22,9412,cpu,7,54,63.14,0.05,0.941584
1602,lightweight_snake_ddqn,1,65.388,10.54,9412,cpu,18,139,178.6,0.05,1.084811
1603,lightweight_snake_ddqn,1,65.4277,10.52,9412,cpu,13,84,125.7,0.05,1.118888
1604,lightweight_snake_ddqn,1,65.4741,10.54,9412,cpu,13,99,126.45,0.05,1.003572
1605,lightweight_snake_ddqn,1,65.5193,10.6,9412,cpu,10,96,97.25,0.05,1.2465
1606,lightweight_snake_ddqn,1,65.5544,10.52,9412,cpu,11,75,104.67,0.05,0.495685
1607,lightweight_snake_ddqn,1,65.5995,10.36,9412,cpu,12,96,115.67,0.05,1.738035
1608,lightweight_snake_ddqn,1,65.6234,10.34,9412,cpu,6,51,53.36,0.05,0.636818
1609,lightweight_snake_ddqn,1,65.7044,10.5,9412,cpu,18,172,181.97,0.05,2.032715
1610,lightweight_snake_ddqn,1,65.8203,10.98,9412,cpu,27,247,271.31,0.05,1.212968
1611,lightweight_snake_ddqn,1,65.8874,11.08,9412,cpu,18,143,177.96,0.05,0.636963
1612,lightweight_snake_ddqn,1,65.933,11.0,9412,cpu,13,97,127.27,0.05,1.58186
1613,lightweight_snake_ddqn,1,65.9922,11.2,9412,cpu,15,126,147.7,0.05,0.355495
1614,lightweight_snake_ddqn,1,66.0815,11.18,9412,cpu,21,189,212.83,0.05,1.012789
1615,lightweight_snake_ddqn,1,66.0999,11.22,9412,cpu,4,39,32.86,0.05,0.780493
1616,lightweight_snake_ddqn,1,66.1362,11.38,9412,cpu,10,77,94.34,0.05,1.031064
1617,lightweight_snake_ddqn,1,66.1848,11.42,9412,cpu,13,103,126.81,0.05,1.873825
1618,lightweight_snake_ddqn,1,66.2547,11.48,9412,cpu,14,149,137.26,0.05,0.850122
1619,lightweight_snake_ddqn,1,66.3292,11.7,9412,cpu,15,159,148.67,0.05,0.711621
1620,lightweight_snake_ddqn,1,66.3521,11.74,9412,cpu,8,49,73.6,0.05,0.791866
1621,lightweight_snake_ddqn,1,66.3808,11.52,9412,cpu,8,61,72.48,0.05,1.149968
1622,lightweight_snake_ddqn,1,66.4447,11.42,9412,cpu,16,136,158.51,0.05,0.875162
1623,lightweight_snake_ddqn,1,66.454,11.18,9412,cpu,2,20,11.33,0.05,1.051023
1624,lightweight_snake_ddqn,1,66.483,11.12,9412,cpu,9,62,83.08,0.05,0.977532
1625,lightweight_snake_ddqn,1,66.4933,10.9,9412,cpu,2,22,11.51,0.05,1.075027
1626,lightweight_snake_ddqn,1,66.525,10.66,9412,cpu,9,67,83.93,0.05,1.00772
1627,lightweight_snake_ddqn,1,66.5368,10.64,9412,cpu,3,25,21.89,0.05,0.663567
1628,lightweight_snake_ddqn,1,66.6049,10.82,9412,cpu,18,145,180.74,0.05,1.122561
1629,lightweight_snake_ddqn,1,66.6138,10.78,9412,cpu,2,19,11.44,0.05,1.039923
1630,lightweight_snake_ddqn,1,66.6627,10.62,9412,cpu,14,104,137.81,0.05,0.847417
1631,lightweight_snake_ddqn,1,66.695,10.76,9412,cpu,9,69,84.31,0.05,1.643993
1632,lightweight_snake_ddqn,1,66.7552,10.84,9412,cpu,16,128,158.79,0.05,0.775696
1633,lightweight_snake_ddqn,1,66.7847,10.8,9412,cpu,7,63,63.75,0.05,0.899778
1634,lightweight_snake_ddqn,1,66.8345,11.1,9412,cpu,17,106,167.32,0.05,0.672793
1635,lightweight_snake_ddqn,1,66.8757,11.04,9412,cpu,10,88,94.73,0.05,0.928749
1636,lightweight_snake_ddqn,1,66.9509,11.3,9412,cpu,19,160,189.6,0.05,1.74895
1637,lightweight_snake_ddqn,1,66.982,11.42,9412,cpu,9,66,84.24,0.05,1.229617
1638,lightweight_snake_ddqn,1,67.0233,11.6,9412,cpu,14,87,136.08,0.05,1.366595
1639,lightweight_snake_ddqn,1,67.0844,11.64,9412,cpu,17,130,168.08,0.05,0.786335
1640,lightweight_snake_ddqn,1,67.1131,11.58,9412,cpu,6,61,53.46,0.05,1.37911
1641,lightweight_snake_ddqn,1,67.1874,11.66,9412,cpu,18,156,179.53,0.05,1.088716
1642,lightweight_snake_ddqn,1,67.2715,11.98,9412,cpu,19,178,189.82,0.05,0.422737
1643,lightweight_snake_ddqn,1,67.3012,11.96,9412,cpu,9,63,84.77,0.05,0.696958
1644,lightweight_snake_ddqn,1,67.3813,12.06,9412,cpu,24,169,240.76,0.05,1.61798
1645,lightweight_snake_ddqn,1,67.4086,11.88,9412,cpu,7,58,64.1,0.05,1.197055
1646,lightweight_snake_ddqn,1,67.4514,11.82,9412,cpu,11,91,106.51,0.05,1.099919
1647,lightweight_snake_ddqn,1,67.5101,12.02,9412,cpu,16,124,158.63,0.05,0.847944
1648,lightweight_snake_ddqn,1,67.5637,12.06,9412,cpu,11,114,105.18,0.05,1.044564
1649,lightweight_snake_ddqn,1,67.6188,12.04,9412,cpu,12,116,118.67,0.05,0.776724
1650,lightweight_snake_ddqn,1,67.6399,12.14,9412,cpu,7,45,63.33,0.05,0.19859
1651,lightweight_snake_ddqn,1,67.7222,12.36,9412,cpu,18,174,180.55,0.05,1.569149
1652,lightweight_snake_ddqn,1,67.8018,12.4,9412,cpu,20,169,200.92,0.05,1.07503
1653,lightweight_snake_ddqn,1,67.8812,12.52,9412,cpu,19,168,190.72,0.05,0.641963
1654,lightweight_snake_ddqn,1,67.8869,12.3,9412,cpu,2,12,10.61,0.05,0.858965
1655,lightweight_snake_ddqn,1,67.9816,12.6,9412,cpu,25,201,252.75,0.05,1.424036
1656,lightweight_snake_ddqn,1,68.0402,12.74,9412,cpu,18,124,178.25,0.05,0.910318
1657,lightweight_snake_ddqn,1,68.073,12.66,9412,cpu,8,69,75.4,0.05,0.488076
1658,lightweight_snake_ddqn,1,68.0937,12.66,9412,cpu,6,44,52.93,0.05,0.914213
1659,lightweight_snake_ddqn,1,68.1151,12.44,9412,cpu,7,45,63.33,0.05,1.677548
1660,lightweight_snake_ddqn,1,68.1552,12.1,9412,cpu,10,85,96.46,0.05,2.213567
1661,lightweight_snake_ddqn,1,68.1826,11.92,9412,cpu,9,58,84.12,0.05,1.372241
1662,lightweight_snake_ddqn,1,68.2385,11.92,9412,cpu,13,118,128.36,0.05,1.085996
1663,lightweight_snake_ddqn,1,68.2615,11.72,9412,cpu,5,49,43.67,0.05,0.814595
1664,lightweight_snake_ddqn,1,68.3399,11.74,9412,cpu,22,166,221.87,0.05,0.978173
1665,lightweight_snake_ddqn,1,68.3941,11.96,9412,cpu,15,115,147.31,0.05,1.26977
1666,lightweight_snake_ddqn,1,68.4192,11.9,9412,cpu,7,53,63.45,0.05,0.919015
1667,lightweight_snake_ddqn,1,68.4533,11.84,9412,cpu,10,72,93.69,0.05,0.430653
1668,lightweight_snake_ddqn,1,68.5461,12.06,9412,cpu,25,197,251.39,0.05,1.446098
1669,lightweight_snake_ddqn,1,68.5923,11.98,9412,cpu,11,98,106.74,0.05,0.694111
1670,lightweight_snake_ddqn,1,68.6633,12.24,9412,cpu,21,150,207.92,0.05,0.756678
1671,lightweight_snake_ddqn,1,68.7286,12.44,9412,cpu,18,139,178.6,0.05,1.289602
1672,lightweight_snake_ddqn,1,68.8062,12.48,9412,cpu,18,165,180.74,0.05,1.461534
1673,lightweight_snake_ddqn,1,68.8394,12.6,9412,cpu,8,71,74.38,0.05,0.664326
1674,lightweight_snake_ddqn,1,68.8566,12.52,9412,cpu,5,37,42.79,0.05,1.094261
1675,lightweight_snake_ddqn,1,68.9411,12.96,9412,cpu,24,180,239.35,0.05,0.874354
1676,lightweight_snake_ddqn,1,69.0189,13.14,9412,cpu,18,166,179.03,0.05,0.95139
1677,lightweight_snake_ddqn,1,69.0824,13.44,9412,cpu,18,135,176.64,0.05,1.887841
1678,lightweight_snake_ddqn,1,69.1073,13.2,9412,cpu,6,53,54.14,0.05,1.09983
1679,lightweight_snake_ddqn,1,69.112,13.18,9412,cpu,1,10,0.72,0.05,2.12414
1680,lightweight_snake_ddqn,1,69.1598,13.18,9412,cpu,14,101,136.54,0.05,1.28741
1681,lightweight_snake_ddqn,1,69.2043,13.2,9412,cpu,10,95,96.96,0.05,1.318688
1682,lightweight_snake_ddqn,1,69.2126,12.92,9412,cpu,2,18,10.55,0.05,1.051271
1683,lightweight_snake_ddqn,1,69.2402,12.9,9412,cpu,6,59,53.68,0.05,1.252751
1684,lightweight_snake_ddqn,1,69.2781,12.8,9412,cpu,12,81,114.92,0.05,1.052951
1685,lightweight_snake_ddqn,1,69.3029,12.72,9412,cpu,6,53,53.74,0.05,1.537285
1686,lightweight_snake_ddqn,1,69.3342,12.52,9412,cpu,9,67,83.13,0.05,0.391761
1687,lightweight_snake_ddqn,1,69.374,12.56,9412,cpu,11,85,106.17,0.05,1.71181
1688,lightweight_snake_ddqn,1,69.3952,12.44,9412,cpu,8,45,72.44,0.05,1.162957
1689,lightweight_snake_ddqn,1,69.4201,12.28,9412,cpu,9,53,83.47,0.05,1.279243
1690,lightweight_snake_ddqn,1,69.4491,12.3,9412,cpu,7,62,64.66,0.05,1.104433
1691,lightweight_snake_ddqn,1,69.5111,12.22,9412,cpu,14,132,136.33,0.05,1.513768
1692,lightweight_snake_ddqn,1,69.589,12.26,9412,cpu,21,166,210.56,0.05,1.304482
1693,lightweight_snake_ddqn,1,69.598,12.12,9412,cpu,2,19,11.44,0.05,1.580657
1694,lightweight_snake_ddqn,1,69.6539,11.94,9412,cpu,15,119,147.07,0.05,2.146558
1695,lightweight_snake_ddqn,1,69.6586,11.8,9412,cpu,0,10,-9.19,0.05,2.397537
1696,lightweight_snake_ddqn,1,69.695,11.84,9412,cpu,13,78,124.36,0.05,0.986413
1697,lightweight_snake_ddqn,1,69.7489,11.78,9412,cpu,13,115,128.09,0.05,1.015802
1698,lightweight_snake_ddqn,1,69.7877,11.74,9412,cpu,9,83,85.77,0.05,1.355381
1699,lightweight_snake_ddqn,1,69.8426,11.82,9412,cpu,16,117,156.2,0.05,0.740185
1700,lightweight_snake_ddqn,1,69.9218,12.1,9412,cpu,21,169,210.03,0.05,0.612615
1701,lightweight_snake_ddqn,1,69.9339,11.8,9412,cpu,3,26,21.78,0.05,0.639362
1702,lightweight_snake_ddqn,1,69.9644,11.5,9412,cpu,5,65,42.71,0.05,2.030367
1703,lightweight_snake_ddqn,1,70.0286,11.4,9412,cpu,14,137,138.98,0.05,0.587424
1704,lightweight_snake_ddqn,1,70.0669,11.58,9412,cpu,11,81,105.21,0.05,0.811485
1705,lightweight_snake_ddqn,1,70.0961,11.24,9412,cpu,8,62,73.57,0.05,0.81632
1706,lightweight_snake_ddqn,1,70.1448,11.08,9412,cpu,10,103,96.88,0.05,1.479861
1707,lightweight_snake_ddqn,1,70.2103,11.26,9412,cpu,17,139,169.09,0.05,1.663124
1708,lightweight_snake_ddqn,1,70.2422,11.36,9412,cpu,11,68,104.84,0.05,0.865693
1709,lightweight_snake_ddqn,1,70.334,11.76,9412,cpu,27,195,274.03,0.05,1.230758
1710,lightweight_snake_ddqn,1,70.4474,12.0,9412,cpu,22,242,222.91,0.05,0.580883
1711,lightweight_snake_ddqn,1,70.4822,12.1,9412,cpu,14,74,135.31,0.05,0.597016
1712,lightweight_snake_ddqn,1,70.5715,12.2,9412,cpu,18,191,180.68,0.05,1.462038
1713,lightweight_snake_ddqn,1,70.6117,12.26,9412,cpu,8,86,74.93,0.05,1.27485
1714,lightweight_snake_ddqn,1,70.6675,12.06,9412,cpu,12,119,116.54,0.05,1.284744
1715,lightweight_snake_ddqn,1,70.675,11.8,9412,cpu,2,16,10.57,0.05,1.122627
1716,lightweight_snake_ddqn,1,70.7442,11.98,9412,cpu,16,148,160.79,0.05,1.056009
1717,lightweight_snake_ddqn,1,70.7812,12.0,9412,cpu,11,79,104.63,0.05,1.217825
1718,lightweight_snake_ddqn,1,70.827,11.72,9412,cpu,11,98,106.34,0.05,1.241444
1719,lightweight_snake_ddqn,1,70.9423,11.96,9412,cpu,23,246,234.78,0.05,1.105319
1720,lightweight_snake_ddqn,1,71.0293,12.0,9412,cpu,23,185,228.09,0.05,2.055941
1721,lightweight_snake_ddqn,1,71.0407,11.72,9412,cpu,4,24,31.71,0.05,1.387297
1722,lightweight_snake_ddqn,1,71.1445,11.8,9412,cpu,22,220,223.73,0.05,1.340021
1723,lightweight_snake_ddqn,1,71.1797,11.84,9412,cpu,10,75,95.56,0.05,0.781048
1724,lightweight_snake_ddqn,1,71.206,11.9,9412,cpu,8,56,73.83,0.05,0.722244
1725,lightweight_snake_ddqn,1,71.245,11.66,9412,cpu,12,83,114.5,0.05,1.496531
1726,lightweight_snake_ddqn,1,71.285,11.52,9412,cpu,11,85,106.17,0.05,1.112904
1727,lightweight_snake_ddqn,1,71.2958,11.22,9412,cpu,3,23,21.51,0.05,1.262421
1728,lightweight_snake_ddqn,1,71.3671,11.46,9412,cpu,18,152,180.37,0.05,1.914521
1729,lightweight_snake_ddqn,1,71.4003,11.62,9412,cpu,9,71,84.09,0.05,0.908026
1730,lightweight_snake_ddqn,1,71.4448,11.6,9412,cpu,13,95,126.49,0.05,1.631585
1731,lightweight_snake_ddqn,1,71.5116,11.78,9412,cpu,19,142,188.98,0.05,1.380253
1732,lightweight_snake_ddqn,1,71.5158,11.76,9412,cpu,1,9,0.63,0.05,0.998154
1733,lightweight_snake_ddqn,1,71.537,11.78,9412,cpu,7,45,63.33,0.05,0.504003
1734,lightweight_snake_ddqn,1,71.5408,11.54,9412,cpu,0,8,-9.57,0.05,1.423168
1735,lightweight_snake_ddqn,1,71.567,11.54,9412,cpu,6,56,53.81,0.05,0.82515
1736,lightweight_snake_ddqn,1,71.5797,11.42,9412,cpu,3,27,22.07,0.05,0.984435
1737,lightweight_snake_ddqn,1,71.6023,11.32,9412,cpu,6,48,53.29,0.05,1.052794
1738,lightweight_snake_ddqn,1,71.615,11.22,9412,cpu,3,27,21.67,0.05,1.195907
1739,lightweight_snake_ddqn,1,71.6774,11.34,9412,cpu,15,133,148.93,0.05,1.30922
1740,lightweight_snake_ddqn,1,71.6905,11.26,9412,cpu,3,28,20.36,0.05,1.915445
1741,lightweight_snake_ddqn,1,71.6994,11.04,9412,cpu,3,19,21.35,0.05,1.868292
1742,lightweight_snake_ddqn,1,71.7691,11.02,9412,cpu,20,148,199.03,0.05,0.92402
1743,lightweight_snake_ddqn,1,71.8035,11.18,9412,cpu,10,73,95.18,0.05,0.350084
1744,lightweight_snake_ddqn,1,71.8437,11.08,9412,cpu,10,85,95.06,0.05,1.519403
1745,lightweight_snake_ddqn,1,71.8503,11.1,9412,cpu,1,14,1.08,0.05,1.341844
1746,lightweight_snake_ddqn,1,71.8815,11.06,9412,cpu,11,66,104.46,0.05,0.533174
1747,lightweight_snake_ddqn,1,71.9249,11.06,9412,cpu,13,92,126.02,0.05,1.430193
1748,lightweight_snake_ddqn,1,71.9324,10.92,9412,cpu,2,16,11.17,0.05,1.788661
1749,lightweight_snake_ddqn,1,71.9794,10.86,9412,cpu,13,100,125.94,0.05,1.345579
1750,lightweight_snake_ddqn,1,72.0839,10.84,9412,cpu,20,221,201.0,0.05,1.036922
1751,lightweight_snake_ddqn,1,72.1162,10.96,9412,cpu,9,68,84.82,0.05,1.552882
1752,lightweight_snake_ddqn,1,72.1817,11.26,9412,cpu,20,138,200.13,0.05,1.475175
1753,lightweight_snake_ddqn,1,72.2007,11.1,9412,cpu,6,40,52.77,0.05,1.545732
1754,lightweight_snake_ddqn,1,72.2068,10.9,9412,cpu,1,13,0.79,0.05,1.301823
1755,lightweight_snake_ddqn,1,72.2355,10.9,9412,cpu,8,61,73.88,0.05,0.866996
1756,lightweight_snake_ddqn,1,72.2643,10.92,9412,cpu,11,61,104.21,0.05,0.925603
1757,lightweight_snake_ddqn,1,72.2676,10.58,9412,cpu,0,7,-9.46,0.05,0.626194
1758,lightweight_snake_ddqn,1,72.3211,10.62,9412,cpu,13,113,125.71,0.05,1.783454
1759,lightweight_snake_ddqn,1,72.3412,10.18,9412,cpu,5,43,42.73,0.05,0.945398
1760,lightweight_snake_ddqn,1,72.3469,9.78,9412,cpu,2,12,10.21,0.05,0.539643
1761,lightweight_snake_ddqn,1,72.3643,9.64,9412,cpu,7,37,62.61,0.05,0.606277
1762,lightweight_snake_ddqn,1,72.3781,9.36,9412,cpu,4,29,30.96,0.05,1.145562
1763,lightweight_snake_ddqn,1,72.429,9.52,9412,cpu,16,106,157.61,0.05,1.000654
1764,lightweight_snake_ddqn,1,72.4455,9.34,9412,cpu,3,35,22.79,0.05,1.588465
1765,lightweight_snake_ddqn,1,72.4899,9.54,9412,cpu,12,94,115.09,0.05,0.724067
1766,lightweight_snake_ddqn,1,72.5385,9.52,9412,cpu,15,103,146.83,0.05,2.182223
1767,lightweight_snake_ddqn,1,72.5563,9.38,9412,cpu,4,38,32.37,0.05,0.469366
1768,lightweight_snake_ddqn,1,72.5982,9.42,9412,cpu,13,89,124.95,0.05,1.852171
1769,lightweight_snake_ddqn,1,72.6447,9.18,9412,cpu,11,99,105.03,0.05,2.158632
1770,lightweight_snake_ddqn,1,72.6657,8.88,9412,cpu,8,44,73.15,0.05,0.703016
1771,lightweight_snake_ddqn,1,72.6957,8.98,9412,cpu,9,64,84.66,0.05,0.559338
1772,lightweight_snake_ddqn,1,72.766,8.9,9412,cpu,18,149,179.3,0.05,1.392762
1773,lightweight_snake_ddqn,1,72.7887,8.84,9412,cpu,7,48,63.6,0.05,0.755455
1774,lightweight_snake_ddqn,1,72.793,8.7,9412,cpu,1,9,0.63,0.05,1.030177
1775,lightweight_snake_ddqn,1,72.8555,8.82,9412,cpu,18,133,178.66,0.05,1.135763
1776,lightweight_snake_ddqn,1,72.9336,8.96,9412,cpu,18,166,180.03,0.05,0.533744
1777,lightweight_snake_ddqn,1,72.9674,9.12,9412,cpu,11,72,105.2,0.05,1.257022
1778,lightweight_snake_ddqn,1,73.0035,8.98,9412,cpu,11,77,103.85,0.05,1.483737
1779,lightweight_snake_ddqn,1,73.0646,9.18,9412,cpu,19,129,188.61,0.05,0.427364
1780,lightweight_snake_ddqn,1,73.0824,9.02,9412,cpu,5,38,42.88,0.05,0.947814
1781,lightweight_snake_ddqn,1,73.1829,9.04,9412,cpu,20,214,200.77,0.05,0.582765
1782,lightweight_snake_ddqn,1,73.2247,9.24,9412,cpu,11,89,105.33,0.05,1.684576
1783,lightweight_snake_ddqn,1,73.2974,9.48,9412,cpu,19,154,189.66,0.05,2.038069
1784,lightweight_snake_ddqn,1,73.3685,9.84,9412,cpu,18,151,179.48,0.05,0.606029
1785,lightweight_snake_ddqn,1,73.3859,9.82,9412,cpu,5,37,42.39,0.05,0.98277
1786,lightweight_snake_ddqn,1,73.3897,9.78,9412,cpu,1,8,0.54,0.05,0.294197
1787,lightweight_snake_ddqn,1,73.4231,9.86,9412,cpu,10,71,95.0,0.05,1.246588
1788,lightweight_snake_ddqn,1,73.4818,10.14,9412,cpu,17,125,168.63,0.05,0.522623
1789,lightweight_snake_ddqn,1,73.5419,10.16,9412,cpu,16,128,157.79,0.05,0.65683
1790,lightweight_snake_ddqn,1,73.5513,10.12,9412,cpu,1,20,1.62,0.05,2.318479
1791,lightweight_snake_ddqn,1,73.5934,10.26,9412,cpu,10,90,96.31,0.05,1.474997
1792,lightweight_snake_ddqn,1,73.6099,9.96,9412,cpu,5,35,42.01,0.05,1.14665
1793,lightweight_snake_ddqn,1,73.63,9.88,9412,cpu,6,42,52.55,0.05,1.327296
1794,lightweight_snake_ddqn,1,73.7254,10.06,9412,cpu,19,201,191.29,0.05,1.69914
1795,lightweight_snake_ddqn,1,73.769,10.3,9412,cpu,13,92,126.62,0.05,1.019293
1796,lightweight_snake_ddqn,1,73.7826,10.16,9412,cpu,4,29,31.36,0.05,1.179379
1797,lightweight_snake_ddqn,1,73.8189,10.16,9412,cpu,13,77,125.27,0.05,1.05708
1798,lightweight_snake_ddqn,1,73.8549,10.32,9412,cpu,10,76,95.85,0.05,0.27777
1799,lightweight_snake_ddqn,1,73.8866,10.24,9412,cpu,9,67,84.53,0.05,2.025564
1800,lightweight_snake_ddqn,1,73.963,10.24,9412,cpu,20,162,199.89,0.05,1.071911
1801,lightweight_snake_ddqn,1,74.067,10.54,9412,cpu,24,220,245.35,0.05,1.23058
1802,lightweight_snake_ddqn,1,74.1379,10.56,9412,cpu,21,150,209.72,0.05,0.399745
1803,lightweight_snake_ddqn,1,74.1968,10.72,9412,cpu,14,125,137.1,0.05,0.857672
1804,lightweight_snake_ddqn,1,74.2465,10.94,9412,cpu,12,105,116.08,0.05,0.89852
1805,lightweight_snake_ddqn,1,74.2815,10.98,9412,cpu,10,74,95.07,0.05,1.040371
1806,lightweight_snake_ddqn,1,74.3463,11.08,9412,cpu,16,136,157.51,0.05,1.444792
1807,lightweight_snake_ddqn,1,74.4153,11.4,9412,cpu,16,146,158.81,0.05,1.001034
1808,lightweight_snake_ddqn,1,74.4352,11.28,9412,cpu,7,42,62.46,0.05,1.082934
1809,lightweight_snake_ddqn,1,74.4721,11.4,9412,cpu,11,78,104.54,0.05,1.405245
1810,lightweight_snake_ddqn,1,74.5028,11.56,9412,cpu,10,65,94.66,0.05,0.731136
1811,lightweight_snake_ddqn,1,74.5328,11.56,9412,cpu,7,64,64.44,0.05,1.280328
1812,lightweight_snake_ddqn,1,74.5964,11.76,9412,cpu,14,135,136.4,0.05,1.622746
1813,lightweight_snake_ddqn,1,74.6655,11.8,9412,cpu,18,146,180.43,0.05,0.881384
1814,lightweight_snake_ddqn,1,74.7315,12.14,9412,cpu,20,140,199.91,0.05,0.55667
1815,lightweight_snake_ddqn,1,74.7698,12.12,9412,cpu,11,81,105.81,0.05,0.617523
1816,lightweight_snake_ddqn,1,74.816,12.12,9412,cpu,15,98,145.98,0.05,1.240539
1817,lightweight_snake_ddqn,1,74.8482,12.2,9412,cpu,8,68,75.31,0.05,0.380471
1818,lightweight_snake_ddqn,1,74.9105,12.28,9412,cpu,17,132,167.26,0.05,1.063844
1819,lightweight_snake_ddqn,1,74.9544,12.28,9412,cpu,11,93,106.29,0.05,1.219293
1820,lightweight_snake_ddqn,1,75.018,12.44,9412,cpu,16,135,159.22,0.05,0.606973
1821,lightweight_snake_ddqn,1,75.0458,12.44,9412,cpu,9,58,84.12,0.05,0.785926
1822,lightweight_snake_ddqn,1,75.1205,12.42,9412,cpu,17,158,169.4,0.05,0.524936
1823,lightweight_snake_ddqn,1,75.1291,12.34,9412,cpu,3,18,20.86,0.05,1.072145
1824,lightweight_snake_ddqn,1,75.1585,12.44,9412,cpu,6,62,54.95,0.05,0.521258
1825,lightweight_snake_ddqn,1,75.1792,12.2,9412,cpu,6,44,52.93,0.05,0.924013
1826,lightweight_snake_ddqn,1,75.2383,12.2,9412,cpu,18,125,178.34,0.05,0.849275
1827,lightweight_snake_ddqn,1,75.3042,12.26,9412,cpu,14,139,137.16,0.05,0.826092
1828,lightweight_snake_ddqn,1,75.3832,12.48,9412,cpu,22,166,222.27,0.05,1.038811
1829,lightweight_snake_ddqn,1,75.3874,12.12,9412,cpu,1,9,0.43,0.05,1.548919
1830,lightweight_snake_ddqn,1,75.404,12.12,9412,cpu,5,35,42.21,0.05,1.039036
1831,lightweight_snake_ddqn,1,75.4906,12.12,9412,cpu,20,183,198.38,0.05,1.249284
1832,lightweight_snake_ddqn,1,75.535,12.22,9412,cpu,16,94,156.53,0.05,1.621172
1833,lightweight_snake_ddqn,1,75.5412,11.88,9412,cpu,2,13,10.9,0.05,0.762265
1834,lightweight_snake_ddqn,1,75.5725,11.7,9412,cpu,9,66,84.24,0.05,1.88776
1835,lightweight_snake_ddqn,1,75.6252,11.88,9412,cpu,14,111,137.64,0.05,0.553153
1836,lightweight_snake_ddqn,1,75.6742,12.12,9412,cpu,13,103,127.81,0.05,1.434822
1837,lightweight_snake_ddqn,1,75.6988,12.06,9412,cpu,7,52,62.96,0.05,0.622462
1838,lightweight_snake_ddqn,1,75.7068,11.76,9412,cpu,2,17,10.86,0.05,1.683666
1839,lightweight_snake_ddqn,1,75.7264,11.56,9412,cpu,6,41,52.86,0.05,0.777093
1840,lightweight_snake_ddqn,1,75.765,11.8,9412,cpu,13,81,125.43,0.05,0.942848
1841,lightweight_snake_ddqn,1,75.8227,11.94,9412,cpu,17,122,168.36,0.05,1.119735
1842,lightweight_snake_ddqn,1,75.827,11.86,9412,cpu,1,9,0.63,0.05,1.3626
1843,lightweight_snake_ddqn,1,75.8711,12.0,9412,cpu,13,94,126.6,0.05,2.264162
1844,lightweight_snake_ddqn,1,75.9124,11.82,9412,cpu,10,88,96.13,0.05,0.853316
1845,lightweight_snake_ddqn,1,75.9171,11.62,9412,cpu,3,10,20.54,0.05,1.902221
1846,lightweight_snake_ddqn,1,75.9549,11.72,9412,cpu,9,81,84.79,0.05,0.900076
1847,lightweight_snake_ddqn,1,76.003,11.74,9412,cpu,14,102,137.83,0.05,0.691338
1848,lightweight_snake_ddqn,1,76.0331,11.7,9412,cpu,8,64,73.95,0.05,1.446657
1849,lightweight_snake_ddqn,1,76.0818,11.8,9412,cpu,14,103,136.32,0.05,1.221317
1850,lightweight_snake_ddqn,1,76.1399,11.7,9412,cpu,15,123,146.63,0.05,0.867021
1851,lightweight_snake_ddqn,1,76.1849,11.5,9412,cpu,14,95,136.6,0.05,1.502561
1852,lightweight_snake_ddqn,1,76.2164,11.22,9412,cpu,7,66,64.82,0.05,1.282486
1853,lightweight_snake_ddqn,1,76.2516,11.14,9412,cpu,10,73,94.18,0.05,0.377467
1854,lightweight_snake_ddqn,1,76.3252,11.22,9412,cpu,16,155,158.62,0.05,2.65173
1855,lightweight_snake_ddqn,1,76.3964,11.36,9412,cpu,17,150,169.48,0.05,0.848644
1856,lightweight_snake_ddqn,1,76.469,11.4,9412,cpu,18,153,177.86,0.05,2.142986
1857,lightweight_snake_ddqn,1,76.4941,11.18,9412,cpu,5,53,44.03,0.05,0.507564
1858,lightweight_snake_ddqn,1,76.521,11.16,9412,cpu,6,57,52.3,0.05,1.119607
1859,lightweight_snake_ddqn,1,76.5824,11.22,9412,cpu,14,130,139.35,0.05,0.682823
1860,lightweight_snake_ddqn,1,76.6187,11.2,9412,cpu,9,77,85.43,0.05,1.439043
1861,lightweight_snake_ddqn,1,76.6577,11.32,9412,cpu,13,83,125.41,0.05,1.986639
1862,lightweight_snake_ddqn,1,76.7564,11.5,9412,cpu,23,209,229.45,0.05,1.585347
1863,lightweight_snake_ddqn,1,76.8163,11.44,9412,cpu,15,127,145.99,0.05,1.014224
1864,lightweight_snake_ddqn,1,76.8637,11.34,9412,cpu,15,100,146.36,0.05,1.453758
1865,lightweight_snake_ddqn,1,76.8778,11.2,9412,cpu,4,30,32.25,0.05,1.569864
1866,lightweight_snake_ddqn,1,76.8849,10.94,9412,cpu,2,15,11.08,0.05,2.032094
1867,lightweight_snake_ddqn,1,76.9393,11.06,9412,cpu,14,115,138.6,0.05,1.268404
1868,lightweight_snake_ddqn,1,76.9798,10.96,9412,cpu,12,86,115.57,0.05,0.820684
1869,lightweight_snake_ddqn,1,77.0268,10.96,9412,cpu,11,99,106.03,0.05,0.815298
1870,lightweight_snake_ddqn,1,77.105,11.02,9412,cpu,19,164,189.96,0.05,0.965828
1871,lightweight_snake_ddqn,1,77.1705,11.18,9412,cpu,17,138,168.0,0.05,1.025365
1872,lightweight_snake_ddqn,1,77.2532,11.2,9412,cpu,18,175,180.64,0.05,0.805794
1873,lightweight_snake_ddqn,1,77.3296,11.5,9412,cpu,18,162,179.27,0.05,0.700114
1874,lightweight_snake_ddqn,1,77.3679,11.56,9412,cpu,9,81,85.19,0.05,1.211599
1875,lightweight_snake_ddqn,1,77.4587,11.92,9412,cpu,24,192,243.03,0.05,0.844282
1876,lightweight_snake_ddqn,1,77.5094,11.84,9412,cpu,14,107,137.08,0.05,0.933125
1877,lightweight_snake_ddqn,1,77.5585,11.86,9412,cpu,15,104,144.92,0.05,1.196071
1878,lightweight_snake_ddqn,1,77.6174,11.72,9412,cpu,15,125,148.41,0.05,2.115064
1879,lightweight_snake_ddqn,1,77.6376,11.8,9412,cpu,5,43,43.13,0.05,0.995479
1880,lightweight_snake_ddqn,1,77.6508,11.76,9412,cpu,3,28,21.76,0.05,1.611241
1881,lightweight_snake_ddqn,1,77.6759,11.54,9412,cpu,9,53,83.47,0.05,0.862174
1882,lightweight_snake_ddqn,1,77.6967,11.38,9412,cpu,8,44,73.15,0.05,0.853286
1883,lightweight_snake_ddqn,1,77.7123,11.44,9412,cpu,5,33,42.03,0.05,1.41835
1884,lightweight_snake_ddqn,1,77.7779,11.56,9412,cpu,15,139,148.07,0.05,0.590752
1885,lightweight_snake_ddqn,1,77.8378,11.6,9412,cpu,16,127,158.1,0.05,0.886338
1886,lightweight_snake_ddqn,1,77.8855,11.6,9412,cpu,13,101,124.63,0.05,0.85558
1887,lightweight_snake_ddqn,1,77.9277,11.7,9412,cpu,12,90,116.13,0.05,2.001513
1888,lightweight_snake_ddqn,1,77.9478,11.76,9412,cpu,5,43,42.93,0.05,0.832997
1889,lightweight_snake_ddqn,1,77.9582,11.7,9412,cpu,3,22,21.62,0.05,0.707467
1890,lightweight_snake_ddqn,1,77.9747,11.54,9412,cpu,5,35,42.21,0.05,1.437729
1891,lightweight_snake_ddqn,1,78.0061,11.4,9412,cpu,10,67,93.24,0.05,0.801995
1892,lightweight_snake_ddqn,1,78.0127,11.4,9412,cpu,1,14,1.08,0.05,1.824095
1893,lightweight_snake_ddqn,1,78.064,11.38,9412,cpu,12,110,116.33,0.05,1.585356
1894,lightweight_snake_ddqn,1,78.149,11.64,9412,cpu,23,181,231.93,0.05,1.195545
1895,lightweight_snake_ddqn,1,78.2031,11.9,9412,cpu,16,115,158.02,0.05,1.215872
1896,lightweight_snake_ddqn,1,78.266,12.04,9412,cpu,16,134,158.33,0.05,1.353767
1897,lightweight_snake_ddqn,1,78.306,12.0,9412,cpu,12,85,115.48,0.05,1.402378
1898,lightweight_snake_ddqn,1,78.3371,12.0,9412,cpu,8,66,75.13,0.05,1.37592
1899,lightweight_snake_ddqn,1,78.3662,11.96,9412,cpu,12,62,113.41,0.05,1.034634
1900,lightweight_snake_ddqn,1,78.3816,11.78,9412,cpu,6,33,52.34,0.05,0.738268
1901,lightweight_snake_ddqn,1,78.4307,11.74,9412,cpu,12,105,116.88,0.05,1.089124
1902,lightweight_snake_ddqn,1,78.4789,11.86,9412,cpu,13,103,127.21,0.05,1.469407
1903,lightweight_snake_ddqn,1,78.5228,11.86,9412,cpu,10,94,96.67,0.05,0.853543
1904,lightweight_snake_ddqn,1,78.5322,11.62,9412,cpu,4,20,31.35,0.05,1.382598
1905,lightweight_snake_ddqn,1,78.5649,11.46,9412,cpu,9,70,84.6,0.05,1.15188
1906,lightweight_snake_ddqn,1,78.6114,11.42,9412,cpu,16,99,156.78,0.05,1.094901
1907,lightweight_snake_ddqn,1,78.6367,11.5,9412,cpu,9,54,83.16,0.05,0.878112
1908,lightweight_snake_ddqn,1,78.6659,11.56,9412,cpu,9,62,84.28,0.05,0.509768
1909,lightweight_snake_ddqn,1,78.704,11.5,9412,cpu,11,81,105.61,0.05,2.133225
1910,lightweight_snake_ddqn,1,78.7427,11.58,9412,cpu,13,82,125.52,0.05,0.535599
1911,lightweight_snake_ddqn,1,78.7615,11.42,9412,cpu,5,40,42.86,0.05,1.776096
1912,lightweight_snake_ddqn,1,78.7761,11.02,9412,cpu,3,31,22.23,0.05,0.98493
1913,lightweight_snake_ddqn,1,78.8689,11.14,9412,cpu,21,197,208.95,0.05,1.659236
1914,lightweight_snake_ddqn,1,78.9271,11.14,9412,cpu,15,124,147.72,0.05,1.002763
1915,lightweight_snake_ddqn,1,78.9365,11.14,9412,cpu,4,20,31.15,0.05,1.805236
1916,lightweight_snake_ddqn,1,78.9795,11.36,9412,cpu,13,92,125.62,0.05,0.66915
1917,lightweight_snake_ddqn,1,79.0508,11.46,9412,cpu,19,151,190.59,0.05,1.12291
1918,lightweight_snake_ddqn,1,79.0776,11.34,9412,cpu,6,57,54.1,0.05,0.850805
1919,lightweight_snake_ddqn,1,79.1438,11.48,9412,cpu,18,141,178.98,0.05,0.810207
1920,lightweight_snake_ddqn,1,79.1868,11.3,9412,cpu,10,92,95.69,0.05,0.879735
1921,lightweight_snake_ddqn,1,79.2008,11.02,9412,cpu,3,30,22.14,0.05,0.406028
1922,lightweight_snake_ddqn,1,79.2073,10.68,9412,cpu,1,14,0.68,0.05,1.417538
1923,lightweight_snake_ddqn,1,79.2397,10.52,9412,cpu,10,69,94.22,0.05,1.694316
1924,lightweight_snake_ddqn,1,79.2776,10.54,9412,cpu,10,81,94.7,0.05,1.387708
1925,lightweight_snake_ddqn,1,79.302,10.16,9412,cpu,5,52,44.14,0.05,2.281988
1926,lightweight_snake_ddqn,1,79.3817,10.28,9412,cpu,20,170,201.41,0.05,0.971868
1927,lightweight_snake_ddqn,1,79.4342,10.32,9412,cpu,17,112,167.66,0.05,2.201469
1928,lightweight_snake_ddqn,1,79.4842,10.3,9412,cpu,14,107,136.08,0.05,1.635159
1929,lightweight_snake_ddqn,1,79.5126,10.36,9412,cpu,8,60,73.99,0.05,0.90345
1930,lightweight_snake_ddqn,1,79.5584,10.56,9412,cpu,13,98,126.76,0.05,0.996463
1931,lightweight_snake_ddqn,1,79.5992,10.64,9412,cpu,13,87,125.97,0.05,1.524695
1932,lightweight_snake_ddqn,1,79.602,10.48,9412,cpu,0,6,-9.55,0.05,0.766482
1933,lightweight_snake_ddqn,1,79.6745,10.76,9412,cpu,19,154,188.26,0.05,0.830962
1934,lightweight_snake_ddqn,1,79.7411,10.82,9412,cpu,18,142,179.67,0.05,0.893688
1935,lightweight_snake_ddqn,1,79.7689,10.64,9412,cpu,7,59,63.79,0.05,0.997857
1936,lightweight_snake_ddqn,1,79.7815,10.46,9412,cpu,4,27,31.58,0.05,1.133684
1937,lightweight_snake_ddqn,1,79.8384,10.56,9412,cpu,17,121,167.67,0.05,0.425172
1938,lightweight_snake_ddqn,1,79.8539,10.54,9412,cpu,4,33,32.32,0.05,1.696536
1939,lightweight_snake_ddqn,1,79.8897,10.7,9412,cpu,11,76,104.76,0.05,1.185495
1940,lightweight_snake_ddqn,1,79.9718,10.98,9412,cpu,19,175,190.75,0.05,0.580148
1941,lightweight_snake_ddqn,1,79.9881,10.88,9412,cpu,5,35,41.81,0.05,0.401277
1942,lightweight_snake_ddqn,1,80.0031,10.94,9412,cpu,4,32,32.03,0.05,0.998474
1943,lightweight_snake_ddqn,1,80.0097,10.74,9412,cpu,2,14,10.99,0.05,1.181819
1944,lightweight_snake_ddqn,1,80.0527,10.5,9412,cpu,11,92,106.6,0.05,0.840312
1945,lightweight_snake_ddqn,1,80.0898,10.42,9412,cpu,12,79,115.34,0.05,1.782002
1946,lightweight_snake_ddqn,1,80.1241,10.3,9412,cpu,10,74,95.07,0.05,1.982006
1947,lightweight_snake_ddqn,1,80.1475,10.18,9412,cpu,6,50,53.87,0.05,1.800939
1948,lightweight_snake_ddqn,1,80.1992,10.32,9412,cpu,15,110,147.66,0.05,1.026691
1949,lightweight_snake_ddqn,1,80.24,10.3,9412,cpu,11,87,106.15,0.05,0.750559
1950,lightweight_snake_ddqn,1,80.2877,10.4,9412,cpu,11,102,107.3,0.05,1.963146
1951,lightweight_snake_ddqn,1,80.2989,10.2,9412,cpu,2,24,11.69,0.05,1.383371
1952,lightweight_snake_ddqn,1,80.3553,10.28,9412,cpu,17,120,168.98,0.05,1.232398
1953,lightweight_snake_ddqn,1,80.38,10.24,9412,cpu,8,53,72.36,0.05,0.795983
1954,lightweight_snake_ddqn,1,80.4272,10.42,9412,cpu,13,101,127.03,0.05,1.493791
1955,lightweight_snake_ddqn,1,80.4311,10.26,9412,cpu,1,8,0.54,0.05,1.11107
1956,lightweight_snake_ddqn,1,80.4855,10.28,9412,cpu,17,116,167.22,0.05,0.564212
1957,lightweight_snake_ddqn,1,80.5076,10.24,9412,cpu,7,47,63.51,0.05,1.506591
1958,lightweight_snake_ddqn,1,80.5676,10.36,9412,cpu,15,128,147.88,0.05,1.358233
1959,lightweight_snake_ddqn,1,80.6487,10.56,9412,cpu,21,173,212.19,0.05,0.637194
1960,lightweight_snake_ddqn,1,80.7254,10.72,9412,cpu,21,163,210.49,0.05,1.267231
1961,lightweight_snake_ddqn,1,80.7786,10.82,9412,cpu,10,114,97.27,0.05,1.203189
1962,lightweight_snake_ddqn,1,80.797,10.86,9412,cpu,5,39,42.77,0.05,1.428232
1963,lightweight_snake_ddqn,1,80.8105,10.5,9412,cpu,3,29,22.05,0.05,2.625042
1964,lightweight_snake_ddqn,1,80.862,10.44,9412,cpu,12,110,116.73,0.05,1.443961
1965,lightweight_snake_ddqn,1,80.9386,10.7,9412,cpu,17,162,171.76,0.05,2.041146
1966,lightweight_snake_ddqn,1,81.0161,10.76,9412,cpu,16,165,160.72,0.05,0.535579
1967,lightweight_snake_ddqn,1,81.019,10.38,9412,cpu,0,6,-9.75,0.05,0.713458
1968,lightweight_snake_ddqn,1,81.0392,10.36,9412,cpu,5,43,43.33,0.05,1.364045
1969,lightweight_snake_ddqn,1,81.1159,10.36,9412,cpu,18,163,177.56,0.05,0.573722
1970,lightweight_snake_ddqn,1,81.1229,10.2,9412,cpu,2,15,11.08,0.05,0.900321
1971,lightweight_snake_ddqn,1,81.1708,10.34,9412,cpu,10,102,94.59,0.05,0.939685
1972,lightweight_snake_ddqn,1,81.2032,10.46,9412,cpu,7,69,64.69,0.05,1.023949
1973,lightweight_snake_ddqn,1,81.2731,10.66,9412,cpu,20,148,198.03,0.05,0.873605
1974,lightweight_snake_ddqn,1,81.3453,10.82,9412,cpu,18,154,179.75,0.05,1.431864
1975,lightweight_snake_ddqn,1,81.3655,10.84,9412,cpu,6,43,53.04,0.05,1.131596
1976,lightweight_snake_ddqn,1,81.4071,10.62,9412,cpu,9,89,87.11,0.05,0.857434
1977,lightweight_snake_ddqn,1,81.4352,10.42,9412,cpu,7,60,64.08,0.05,2.024486
1978,lightweight_snake_ddqn,1,81.4394,10.16,9412,cpu,1,9,0.63,0.05,1.1714
1979,lightweight_snake_ddqn,1,81.5094,10.4,9412,cpu,20,149,197.72,0.05,0.894976
1980,lightweight_snake_ddqn,1,81.5749,10.48,9412,cpu,17,140,169.78,0.05,2.015601
1981,lightweight_snake_ddqn,1,81.6439,10.56,9412,cpu,17,147,169.21,0.05,1.008613
1982,lightweight_snake_ddqn,1,81.6589,10.7,9412,cpu,7,32,62.16,0.05,0.613581
1983,lightweight_snake_ddqn,1,81.6659,10.34,9412,cpu,1,15,1.17,0.05,0.542154
1984,lightweight_snake_ddqn,1,81.7271,10.18,9412,cpu,10,131,97.4,0.05,2.023642
1985,lightweight_snake_ddqn,1,81.7527,10.16,9412,cpu,6,55,53.12,0.05,1.483622
1986,lightweight_snake_ddqn,1,81.764,10.14,9412,cpu,3,24,21.6,0.05,0.587568
1987,lightweight_snake_ddqn,1,81.8182,10.08,9412,cpu,14,116,137.49,0.05,1.74372
1988,lightweight_snake_ddqn,1,81.8453,10.14,9412,cpu,7,58,64.1,0.05,1.240093
1989,lightweight_snake_ddqn,1,81.8819,10.18,9412,cpu,13,78,125.36,0.05,0.392323
1990,lightweight_snake_ddqn,1,81.909,9.98,9412,cpu,9,58,83.32,0.05,0.727991
1991,lightweight_snake_ddqn,1,81.9625,10.14,9412,cpu,13,114,125.8,0.05,0.598777
1992,lightweight_snake_ddqn,1,81.9902,10.2,9412,cpu,7,59,63.99,0.05,1.445578
1993,lightweight_snake_ddqn,1,82.0677,10.56,9412,cpu,20,165,201.36,0.05,0.843213
1994,lightweight_snake_ddqn,1,82.1113,10.54,9412,cpu,10,92,97.09,0.05,1.035675
1995,lightweight_snake_ddqn,1,82.1146,10.32,9412,cpu,1,7,0.45,0.05,0.637983
1996,lightweight_snake_ddqn,1,82.1524,10.32,9412,cpu,10,80,94.81,0.05,0.67962
1997,lightweight_snake_ddqn,1,82.1962,10.48,9412,cpu,14,93,136.02,0.05,0.921049
1998,lightweight_snake_ddqn,1,82.2339,10.42,9412,cpu,12,80,115.03,0.05,0.714898
1999,lightweight_snake_ddqn,1,82.3041,10.56,9412,cpu,18,150,180.79,0.05,1.454649
2000,lightweight_snake_ddqn,1,82.353,10.64,9412,cpu,15,104,146.52,0.05,0.275718
