episode,model,seed,elapsed_seconds,moving_avg_score,model_size,device,score,steps,reward,epsilon,loss
1,lightweight_snake_ddqn,3,0.0002,0.0,9412,cpu,0,19,-10.78,0.99639,0.0
2,lightweight_snake_ddqn,3,0.0007,0.0,9412,cpu,0,50,-10.99,0.98689,0.0
3,lightweight_snake_ddqn,3,0.0008,0.3333,9412,cpu,1,10,0.12,0.98499,0.0
4,lightweight_snake_ddqn,3,0.0008,0.25,9412,cpu,0,5,-10.44,0.98404,0.0
5,lightweight_snake_ddqn,3,0.0046,0.2,9412,cpu,0,23,-10.82,0.97967,0.301484
6,lightweight_snake_ddqn,3,0.0173,0.1667,9412,cpu,0,29,-10.08,0.97416,0.283552
7,lightweight_snake_ddqn,3,0.0361,0.1429,9412,cpu,0,43,-10.82,0.96599,0.258018
8,lightweight_snake_ddqn,3,0.0404,0.125,9412,cpu,0,10,-10.59,0.96409,0.248356
9,lightweight_snake_ddqn,3,0.053,0.1111,9412,cpu,0,29,-11.28,0.95858,0.584358
10,lightweight_snake_ddqn,3,0.0701,0.1,9412,cpu,0,39,-9.98,0.95117,0.142173
11,lightweight_snake_ddqn,3,0.0731,0.0909,9412,cpu,0,7,-10.46,0.94984,0.16144
12,lightweight_snake_ddqn,3,0.0811,0.0833,9412,cpu,0,18,-10.07,0.94642,0.038877
13,lightweight_snake_ddqn,3,0.0921,0.0769,9412,cpu,0,25,-10.04,0.94167,0.014018
14,lightweight_snake_ddqn,3,0.0992,0.0714,9412,cpu,0,16,-10.25,0.93863,0.035061
15,lightweight_snake_ddqn,3,0.1136,0.0667,9412,cpu,0,33,-10.52,0.93236,0.254197
16,lightweight_snake_ddqn,3,0.1166,0.0625,9412,cpu,0,7,-10.46,0.93103,0.273745
17,lightweight_snake_ddqn,3,0.1254,0.0588,9412,cpu,0,20,-9.89,0.92723,0.243314
18,lightweight_snake_ddqn,3,0.1372,0.0556,9412,cpu,0,27,-10.86,0.9221,0.038017
19,lightweight_snake_ddqn,3,0.146,0.0526,9412,cpu,0,20,-10.49,0.9183,0.219775
20,lightweight_snake_ddqn,3,0.1543,0.05,9412,cpu,0,19,-10.78,0.91469,0.317894
21,lightweight_snake_ddqn,3,0.1661,0.0476,9412,cpu,0,27,-9.86,0.90956,0.342822
22,lightweight_snake_ddqn,3,0.1697,0.0455,9412,cpu,0,8,-9.57,0.90804,0.098634
23,lightweight_snake_ddqn,3,0.1773,0.0435,9412,cpu,0,17,-9.76,0.90481,0.02449
24,lightweight_snake_ddqn,3,0.1818,0.0833,9412,cpu,1,10,0.52,0.90291,0.07519
25,lightweight_snake_ddqn,3,0.1867,0.08,9412,cpu,0,11,-10.7,0.90082,0.313231
26,lightweight_snake_ddqn,3,0.1937,0.0769,9412,cpu,0,16,-10.65,0.89778,0.307818
27,lightweight_snake_ddqn,3,0.2021,0.0741,9412,cpu,0,19,-10.38,0.89417,0.014007
28,lightweight_snake_ddqn,3,0.2135,0.1071,9412,cpu,1,26,0.16,0.88923,0.046991
29,lightweight_snake_ddqn,3,0.2222,0.1034,9412,cpu,0,20,-10.89,0.88543,0.018302
30,lightweight_snake_ddqn,3,0.2428,0.1,9412,cpu,0,47,-10.26,0.8765,0.018382
31,lightweight_snake_ddqn,3,0.2621,0.0968,9412,cpu,0,44,-10.73,0.86814,0.0088
32,lightweight_snake_ddqn,3,0.2683,0.0938,9412,cpu,0,14,-10.23,0.86548,0.029617
33,lightweight_snake_ddqn,3,0.2835,0.0909,9412,cpu,0,35,-9.74,0.85883,0.317212
34,lightweight_snake_ddqn,3,0.288,0.0882,9412,cpu,0,10,-9.59,0.85693,0.094992
35,lightweight_snake_ddqn,3,0.292,0.0857,9412,cpu,0,9,-10.28,0.85522,0.009514
36,lightweight_snake_ddqn,3,0.3085,0.0833,9412,cpu,0,37,-9.76,0.84819,0.231147
37,lightweight_snake_ddqn,3,0.3307,0.1351,9412,cpu,2,50,10.23,0.83869,0.017325
38,lightweight_snake_ddqn,3,0.3355,0.1316,9412,cpu,0,11,-9.5,0.8366,0.009872
39,lightweight_snake_ddqn,3,0.3495,0.1282,9412,cpu,0,32,-10.81,0.83052,0.050931
40,lightweight_snake_ddqn,3,0.3549,0.125,9412,cpu,0,12,-10.81,0.82824,0.026514
41,lightweight_snake_ddqn,3,0.3778,0.1707,9412,cpu,2,52,10.41,0.81836,0.049701
42,lightweight_snake_ddqn,3,0.3839,0.1667,9412,cpu,0,14,-10.23,0.8157,0.0197
43,lightweight_snake_ddqn,3,0.3893,0.1628,9412,cpu,0,12,-10.41,0.81342,0.044631
44,lightweight_snake_ddqn,3,0.4004,0.1818,9412,cpu,1,25,0.07,0.80867,0.303876
45,lightweight_snake_ddqn,3,0.4045,0.1778,9412,cpu,0,9,-10.28,0.80696,0.223462
46,lightweight_snake_ddqn,3,0.4125,0.1739,9412,cpu,0,18,-10.27,0.80354,0.247241
47,lightweight_snake_ddqn,3,0.4156,0.1702,9412,cpu,0,7,-10.66,0.80221,0.279429
48,lightweight_snake_ddqn,3,0.4192,0.1667,9412,cpu,0,8,-9.97,0.80069,0.064146
49,lightweight_snake_ddqn,3,0.4355,0.2041,9412,cpu,2,37,10.06,0.79366,0.010561
50,lightweight_snake_ddqn,3,0.4382,0.2,9412,cpu,0,6,-10.35,0.79252,0.054767
51,lightweight_snake_ddqn,3,0.4417,0.2,9412,cpu,0,8,-10.17,0.791,0.087515
52,lightweight_snake_ddqn,3,0.4475,0.2,9412,cpu,0,13,-9.72,0.78853,0.018911
53,lightweight_snake_ddqn,3,0.4537,0.18,9412,cpu,0,14,-10.43,0.78587,0.014353
54,lightweight_snake_ddqn,3,0.4559,0.18,9412,cpu,0,5,-10.44,0.78492,0.119549
55,lightweight_snake_ddqn,3,0.4604,0.18,9412,cpu,0,10,-9.79,0.78302,0.044268
56,lightweight_snake_ddqn,3,0.467,0.18,9412,cpu,0,15,-10.34,0.78017,0.127747
57,lightweight_snake_ddqn,3,0.4729,0.2,9412,cpu,1,13,0.39,0.7777,0.097434
58,lightweight_snake_ddqn,3,0.4774,0.2,9412,cpu,0,10,-9.99,0.7758,0.413461
59,lightweight_snake_ddqn,3,0.4854,0.2,9412,cpu,0,18,-10.67,0.77238,0.321195
60,lightweight_snake_ddqn,3,0.4969,0.2,9412,cpu,0,26,-10.15,0.76744,0.065019
61,lightweight_snake_ddqn,3,0.5049,0.22,9412,cpu,1,18,0.64,0.76402,0.024918
62,lightweight_snake_ddqn,3,0.5138,0.22,9412,cpu,0,20,-10.09,0.76022,0.062161
63,lightweight_snake_ddqn,3,0.5374,0.22,9412,cpu,0,53,-11.32,0.75015,0.336893
64,lightweight_snake_ddqn,3,0.5427,0.22,9412,cpu,0,12,-9.81,0.74787,0.324458
65,lightweight_snake_ddqn,3,0.5533,0.24,9412,cpu,1,24,0.18,0.74331,0.072317
66,lightweight_snake_ddqn,3,0.5809,0.26,9412,cpu,1,62,-0.6,0.73153,0.627041
67,lightweight_snake_ddqn,3,0.5898,0.26,9412,cpu,0,20,-9.69,0.72773,0.083761
68,lightweight_snake_ddqn,3,0.5965,0.28,9412,cpu,1,15,-0.03,0.72488,0.064471
69,lightweight_snake_ddqn,3,0.6049,0.28,9412,cpu,0,19,-10.58,0.72127,0.592732
70,lightweight_snake_ddqn,3,0.6085,0.28,9412,cpu,0,8,-9.97,0.71975,0.017089
71,lightweight_snake_ddqn,3,0.6293,0.28,9412,cpu,0,47,-10.46,0.71082,0.018808
72,lightweight_snake_ddqn,3,0.6337,0.28,9412,cpu,0,10,-10.39,0.70892,0.008237
73,lightweight_snake_ddqn,3,0.6364,0.28,9412,cpu,0,6,-10.35,0.70778,0.011756
74,lightweight_snake_ddqn,3,0.6489,0.3,9412,cpu,2,28,10.45,0.70246,0.018977
75,lightweight_snake_ddqn,3,0.6537,0.32,9412,cpu,1,11,0.21,0.70037,0.012625
76,lightweight_snake_ddqn,3,0.6613,0.32,9412,cpu,0,17,-9.96,0.69714,0.282285
77,lightweight_snake_ddqn,3,0.6763,0.36,9412,cpu,2,34,10.39,0.69068,0.311872
78,lightweight_snake_ddqn,3,0.6813,0.34,9412,cpu,0,11,-10.3,0.68859,0.023509
79,lightweight_snake_ddqn,3,0.6967,0.36,9412,cpu,1,35,0.37,0.68194,0.021496
80,lightweight_snake_ddqn,3,0.703,0.38,9412,cpu,1,14,0.28,0.67928,0.308127
81,lightweight_snake_ddqn,3,0.7232,0.38,9412,cpu,0,46,-10.35,0.67054,0.026151
82,lightweight_snake_ddqn,3,0.7414,0.42,9412,cpu,2,41,10.42,0.66275,0.301512
83,lightweight_snake_ddqn,3,0.75,0.44,9412,cpu,1,19,0.53,0.65914,0.017443
84,lightweight_snake_ddqn,3,0.7752,0.46,9412,cpu,1,57,-0.05,0.64831,0.577475
85,lightweight_snake_ddqn,3,0.7788,0.46,9412,cpu,0,8,-9.57,0.64679,0.022756
86,lightweight_snake_ddqn,3,0.7842,0.46,9412,cpu,0,12,-10.01,0.64451,0.017414
87,lightweight_snake_ddqn,3,0.8001,0.44,9412,cpu,1,36,0.46,0.63767,0.307391
88,lightweight_snake_ddqn,3,0.8216,0.48,9412,cpu,2,48,10.25,0.62855,0.017922
89,lightweight_snake_ddqn,3,0.8274,0.48,9412,cpu,0,13,-9.72,0.62608,0.007517
90,lightweight_snake_ddqn,3,0.8405,0.52,9412,cpu,2,29,10.74,0.62057,0.013415
91,lightweight_snake_ddqn,3,0.8455,0.5,9412,cpu,1,11,0.01,0.61848,0.021234
92,lightweight_snake_ddqn,3,0.8514,0.52,9412,cpu,1,13,0.19,0.61601,0.022374
93,lightweight_snake_ddqn,3,0.8711,0.6,9412,cpu,4,44,30.71,0.60765,0.023601
94,lightweight_snake_ddqn,3,0.8951,0.58,9412,cpu,0,54,-10.23,0.59739,0.010957
95,lightweight_snake_ddqn,3,0.9014,0.58,9412,cpu,0,14,-9.83,0.59473,0.274036
96,lightweight_snake_ddqn,3,0.9412,0.62,9412,cpu,2,90,10.43,0.57763,0.311215
97,lightweight_snake_ddqn,3,0.9497,0.64,9412,cpu,1,19,0.53,0.57402,0.008425
98,lightweight_snake_ddqn,3,0.9584,0.68,9412,cpu,2,19,10.64,0.57041,0.583559
99,lightweight_snake_ddqn,3,0.9715,0.68,9412,cpu,2,29,10.94,0.5649,0.327347
100,lightweight_snake_ddqn,3,1.0079,0.76,9412,cpu,4,81,31.04,0.54951,0.293522
101,lightweight_snake_ddqn,3,1.0241,0.82,9412,cpu,3,36,20.28,0.54267,0.014411
102,lightweight_snake_ddqn,3,1.0281,0.84,9412,cpu,1,9,0.03,0.54096,0.011553
103,lightweight_snake_ddqn,3,1.0513,0.94,9412,cpu,5,51,41.45,0.53127,0.003009
104,lightweight_snake_ddqn,3,1.0704,1.0,9412,cpu,3,42,20.82,0.52329,0.286146
105,lightweight_snake_ddqn,3,1.0789,1.0,9412,cpu,0,19,-9.98,0.51968,0.793571
106,lightweight_snake_ddqn,3,1.0847,1.0,9412,cpu,0,13,-9.72,0.51721,0.047931
107,lightweight_snake_ddqn,3,1.0996,1.0,9412,cpu,1,33,0.79,0.51094,0.298281
108,lightweight_snake_ddqn,3,1.1127,1.04,9412,cpu,2,29,10.74,0.50543,0.329178
109,lightweight_snake_ddqn,3,1.1203,1.06,9412,cpu,1,17,0.35,0.5022,0.293239
110,lightweight_snake_ddqn,3,1.1244,1.08,9412,cpu,1,9,0.43,0.50049,0.271547
111,lightweight_snake_ddqn,3,1.1514,1.14,9412,cpu,4,60,32.15,0.48909,0.298902
112,lightweight_snake_ddqn,3,1.1622,1.18,9412,cpu,2,24,11.29,0.48453,0.585417
113,lightweight_snake_ddqn,3,1.1685,1.18,9412,cpu,0,14,-10.03,0.48187,0.027096
114,lightweight_snake_ddqn,3,1.173,1.18,9412,cpu,0,10,-10.19,0.47997,0.268042
115,lightweight_snake_ddqn,3,1.1836,1.18,9412,cpu,1,23,0.49,0.4756,0.593097
116,lightweight_snake_ddqn,3,1.2288,1.32,9412,cpu,8,100,74.19,0.4566,0.83906
117,lightweight_snake_ddqn,3,1.234,1.32,9412,cpu,0,12,-10.21,0.45432,0.572644
118,lightweight_snake_ddqn,3,1.2381,1.3,9412,cpu,0,9,-9.68,0.45261,0.070305
119,lightweight_snake_ddqn,3,1.2504,1.34,9412,cpu,2,27,11.56,0.44748,0.081377
120,lightweight_snake_ddqn,3,1.2548,1.34,9412,cpu,0,10,-9.99,0.44558,0.111777
121,lightweight_snake_ddqn,3,1.2906,1.48,9412,cpu,7,79,62.39,0.43057,0.28371
122,lightweight_snake_ddqn,3,1.298,1.52,9412,cpu,2,16,10.97,0.42753,0.361557
123,lightweight_snake_ddqn,3,1.3008,1.54,9412,cpu,1,6,0.36,0.42639,0.326757
124,lightweight_snake_ddqn,3,1.3336,1.54,9412,cpu,2,73,10.9,0.41252,0.060825
125,lightweight_snake_ddqn,3,1.3421,1.54,9412,cpu,1,19,0.53,0.40891,0.269552
126,lightweight_snake_ddqn,3,1.3477,1.56,9412,cpu,1,12,0.5,0.40663,0.582583
127,lightweight_snake_ddqn,3,1.368,1.56,9412,cpu,2,45,10.98,0.39808,0.521374
128,lightweight_snake_ddqn,3,1.413,1.56,9412,cpu,0,100,-2.6,0.37908,0.252844
129,lightweight_snake_ddqn,3,1.429,1.62,9412,cpu,4,35,30.9,0.37243,0.043149
130,lightweight_snake_ddqn,3,1.4756,1.74,9412,cpu,7,103,63.75,0.35286,0.326553
131,lightweight_snake_ddqn,3,1.4905,1.78,9412,cpu,2,33,10.3,0.34659,0.349158
132,lightweight_snake_ddqn,3,1.505,1.78,9412,cpu,2,32,11.21,0.34051,0.088703
133,lightweight_snake_ddqn,3,1.5173,1.82,9412,cpu,3,27,20.87,0.33538,0.289686
134,lightweight_snake_ddqn,3,1.5274,1.84,9412,cpu,2,22,11.31,0.3312,0.341272
135,lightweight_snake_ddqn,3,1.5375,1.9,9412,cpu,3,22,21.02,0.32702,0.089836
136,lightweight_snake_ddqn,3,1.5479,1.94,9412,cpu,2,23,11.4,0.32265,0.590521
137,lightweight_snake_ddqn,3,1.5507,1.92,9412,cpu,0,6,-9.55,0.32151,0.10904
138,lightweight_snake_ddqn,3,1.5612,1.9,9412,cpu,1,23,0.49,0.31714,0.510835
139,lightweight_snake_ddqn,3,1.5798,1.94,9412,cpu,2,41,11.82,0.30935,0.874915
140,lightweight_snake_ddqn,3,1.5907,1.94,9412,cpu,2,24,10.09,0.30479,0.621913
141,lightweight_snake_ddqn,3,1.6118,2.0,9412,cpu,4,46,32.69,0.29605,0.5905
142,lightweight_snake_ddqn,3,1.6213,2.02,9412,cpu,2,21,11.22,0.29206,0.548045
143,lightweight_snake_ddqn,3,1.6365,2.0,9412,cpu,3,33,21.81,0.28579,0.089402
144,lightweight_snake_ddqn,3,1.6565,2.12,9412,cpu,6,44,51.53,0.27743,0.471843
145,lightweight_snake_ddqn,3,1.6661,2.14,9412,cpu,1,21,0.71,0.27344,0.258316
146,lightweight_snake_ddqn,3,1.6725,2.12,9412,cpu,1,14,0.88,0.27078,0.744628
147,lightweight_snake_ddqn,3,1.6825,2.14,9412,cpu,2,22,11.11,0.2666,0.09387
148,lightweight_snake_ddqn,3,1.689,2.12,9412,cpu,1,14,0.48,0.26394,0.818689
149,lightweight_snake_ddqn,3,1.71,2.16,9412,cpu,4,46,32.29,0.2552,0.535895
150,lightweight_snake_ddqn,3,1.7215,2.14,9412,cpu,3,25,21.49,0.25045,1.239911
151,lightweight_snake_ddqn,3,1.7252,2.1,9412,cpu,1,8,0.54,0.24893,0.86368
152,lightweight_snake_ddqn,3,1.7444,2.2,9412,cpu,6,42,51.35,0.24095,0.042616
153,lightweight_snake_ddqn,3,1.7572,2.14,9412,cpu,2,28,11.85,0.23563,0.54762
154,lightweight_snake_ddqn,3,1.7774,2.16,9412,cpu,4,44,32.51,0.22727,0.633413
155,lightweight_snake_ddqn,3,1.8292,2.34,9412,cpu,9,113,84.87,0.2058,0.4686
156,lightweight_snake_ddqn,3,1.8591,2.46,9412,cpu,6,65,53.02,0.19345,1.248707
157,lightweight_snake_ddqn,3,1.8812,2.56,9412,cpu,6,48,52.29,0.18433,0.758642
158,lightweight_snake_ddqn,3,1.8859,2.54,9412,cpu,1,10,0.52,0.18243,0.815074
159,lightweight_snake_ddqn,3,1.8956,2.58,9412,cpu,3,21,21.33,0.17844,0.087627
160,lightweight_snake_ddqn,3,1.9066,2.62,9412,cpu,3,24,21.4,0.17388,0.381269
161,lightweight_snake_ddqn,3,1.9175,2.56,9412,cpu,1,24,0.78,0.16932,0.847305
162,lightweight_snake_ddqn,3,1.9525,2.7,9412,cpu,9,76,83.94,0.15488,0.33974
163,lightweight_snake_ddqn,3,1.9742,2.8,9412,cpu,5,47,42.49,0.14595,0.297139
164,lightweight_snake_ddqn,3,2.0237,3.12,9412,cpu,16,107,156.9,0.12562,0.794065
165,lightweight_snake_ddqn,3,2.0523,3.24,9412,cpu,7,62,63.66,0.11384,1.033403
166,lightweight_snake_ddqn,3,2.0874,3.3,9412,cpu,11,76,104.76,0.0994,0.79828
167,lightweight_snake_ddqn,3,2.1283,3.5,9412,cpu,10,88,94.73,0.08268,0.555052
168,lightweight_snake_ddqn,3,2.1876,3.84,9412,cpu,17,128,166.9,0.05836,0.322718
169,lightweight_snake_ddqn,3,2.2398,4.08,9412,cpu,14,112,137.13,0.05,0.123388
170,lightweight_snake_ddqn,3,2.278,4.38,9412,cpu,15,81,145.25,0.05,0.314397
171,lightweight_snake_ddqn,3,2.4315,4.94,9412,cpu,35,331,355.55,0.05,0.809763
172,lightweight_snake_ddqn,3,2.5232,5.42,9412,cpu,26,198,261.79,0.05,0.568287
173,lightweight_snake_ddqn,3,2.5707,5.68,9412,cpu,14,102,135.43,0.05,0.375142
174,lightweight_snake_ddqn,3,2.6028,5.86,9412,cpu,11,69,104.73,0.05,0.826584
175,lightweight_snake_ddqn,3,2.6217,5.96,9412,cpu,6,41,52.66,0.05,1.461381
176,lightweight_snake_ddqn,3,2.6421,6.1,9412,cpu,8,44,72.75,0.05,1.587106
177,lightweight_snake_ddqn,3,2.6747,6.24,9412,cpu,9,70,85.4,0.05,0.431015
178,lightweight_snake_ddqn,3,2.7118,6.42,9412,cpu,9,80,83.5,0.05,0.479868
179,lightweight_snake_ddqn,3,2.7682,6.6,9412,cpu,13,122,128.32,0.05,0.755686
180,lightweight_snake_ddqn,3,2.8183,6.76,9412,cpu,15,108,147.88,0.05,0.338653
181,lightweight_snake_ddqn,3,2.8313,6.76,9412,cpu,2,28,12.25,0.05,0.335728
182,lightweight_snake_ddqn,3,2.8834,7.02,9412,cpu,15,113,145.73,0.05,0.551105
183,lightweight_snake_ddqn,3,2.9289,7.18,9412,cpu,11,98,105.34,0.05,0.588765
184,lightweight_snake_ddqn,3,2.9771,7.4,9412,cpu,13,104,128.1,0.05,0.628572
185,lightweight_snake_ddqn,3,2.9891,7.42,9412,cpu,4,26,31.69,0.05,0.559171
186,lightweight_snake_ddqn,3,3.0584,7.74,9412,cpu,18,149,179.1,0.05,0.426183
187,lightweight_snake_ddqn,3,3.1189,8.04,9412,cpu,15,131,146.95,0.05,0.405255
188,lightweight_snake_ddqn,3,3.2425,8.64,9412,cpu,31,265,315.77,0.05,0.683287
189,lightweight_snake_ddqn,3,3.2858,8.86,9412,cpu,13,93,125.71,0.05,0.259368
190,lightweight_snake_ddqn,3,3.3356,9.08,9412,cpu,13,108,125.66,0.05,0.794592
191,lightweight_snake_ddqn,3,3.3611,9.18,9412,cpu,9,55,83.45,0.05,0.430658
192,lightweight_snake_ddqn,3,3.3981,9.44,9412,cpu,15,80,145.16,0.05,0.516216
193,lightweight_snake_ddqn,3,3.43,9.58,9412,cpu,10,69,95.02,0.05,0.70393
194,lightweight_snake_ddqn,3,3.4771,9.72,9412,cpu,13,102,126.52,0.05,0.846445
195,lightweight_snake_ddqn,3,3.4808,9.72,9412,cpu,1,8,0.54,0.05,0.774785
196,lightweight_snake_ddqn,3,3.4905,9.76,9412,cpu,3,21,21.13,0.05,0.539884
197,lightweight_snake_ddqn,3,3.5155,9.88,9412,cpu,8,54,73.85,0.05,1.38733
198,lightweight_snake_ddqn,3,3.5539,10.04,9412,cpu,9,83,85.77,0.05,1.395634
199,lightweight_snake_ddqn,3,3.573,10.1,9412,cpu,7,41,61.97,0.05,0.379858
200,lightweight_snake_ddqn,3,3.6493,10.44,9412,cpu,20,164,201.07,0.05,0.587934
201,lightweight_snake_ddqn,3,3.7311,10.74,9412,cpu,16,176,161.11,0.05,0.538619
202,lightweight_snake_ddqn,3,3.7714,10.84,9412,cpu,11,87,106.15,0.05,0.535524
203,lightweight_snake_ddqn,3,3.8305,11.12,9412,cpu,16,127,155.5,0.05,0.68331
204,lightweight_snake_ddqn,3,3.8388,11.12,9412,cpu,4,18,30.77,0.05,0.270522
205,lightweight_snake_ddqn,3,3.869,11.12,9412,cpu,9,65,83.95,0.05,0.761625
206,lightweight_snake_ddqn,3,3.8815,11.06,9412,cpu,3,27,21.87,0.05,0.116831
207,lightweight_snake_ddqn,3,3.9216,11.2,9412,cpu,13,86,125.28,0.05,0.229909
208,lightweight_snake_ddqn,3,3.9663,11.44,9412,cpu,13,96,125.78,0.05,0.690198
209,lightweight_snake_ddqn,3,3.9812,11.5,9412,cpu,6,32,51.65,0.05,0.925351
210,lightweight_snake_ddqn,3,4.0532,11.82,9412,cpu,19,155,188.55,0.05,1.08401
211,lightweight_snake_ddqn,3,4.085,11.98,9412,cpu,9,68,82.82,0.05,0.853162
212,lightweight_snake_ddqn,3,4.0975,11.86,9412,cpu,3,27,22.07,0.05,0.613584
213,lightweight_snake_ddqn,3,4.1276,11.9,9412,cpu,7,65,64.53,0.05,0.649081
214,lightweight_snake_ddqn,3,4.1665,11.82,9412,cpu,12,84,114.99,0.05,1.400369
215,lightweight_snake_ddqn,3,4.2194,11.98,9412,cpu,15,113,147.53,0.05,0.66291
216,lightweight_snake_ddqn,3,4.2268,11.8,9412,cpu,2,16,11.17,0.05,0.61588
217,lightweight_snake_ddqn,3,4.2774,11.84,9412,cpu,12,108,118.55,0.05,1.120248
218,lightweight_snake_ddqn,3,4.3261,11.82,9412,cpu,16,104,156.83,0.05,0.998205
219,lightweight_snake_ddqn,3,4.3474,11.68,9412,cpu,7,46,63.22,0.05,0.89577
220,lightweight_snake_ddqn,3,4.3838,11.56,9412,cpu,9,78,85.92,0.05,2.075356
221,lightweight_snake_ddqn,3,4.3903,10.88,9412,cpu,1,14,1.08,0.05,0.733822
222,lightweight_snake_ddqn,3,4.4283,10.6,9412,cpu,12,81,115.72,0.05,0.641392
223,lightweight_snake_ddqn,3,4.4451,10.42,9412,cpu,5,36,42.7,0.05,0.812615
224,lightweight_snake_ddqn,3,4.4789,10.38,9412,cpu,9,73,84.27,0.05,0.867306
225,lightweight_snake_ddqn,3,4.5342,10.58,9412,cpu,16,119,157.78,0.05,1.003764
226,lightweight_snake_ddqn,3,4.5703,10.6,9412,cpu,9,78,85.52,0.05,0.95222
227,lightweight_snake_ddqn,3,4.6089,10.62,9412,cpu,10,83,95.88,0.05,0.74548
228,lightweight_snake_ddqn,3,4.6822,10.8,9412,cpu,18,157,179.62,0.05,0.996208
229,lightweight_snake_ddqn,3,4.6873,10.56,9412,cpu,1,11,0.81,0.05,1.346508
230,lightweight_snake_ddqn,3,4.7306,10.5,9412,cpu,12,93,115.8,0.05,1.300837
231,lightweight_snake_ddqn,3,4.739,10.52,9412,cpu,3,18,21.26,0.05,1.251237
232,lightweight_snake_ddqn,3,4.7998,10.56,9412,cpu,17,130,168.28,0.05,0.95121
233,lightweight_snake_ddqn,3,4.8524,10.58,9412,cpu,12,113,117.6,0.05,1.301605
234,lightweight_snake_ddqn,3,4.8728,10.44,9412,cpu,6,44,53.33,0.05,0.758714
235,lightweight_snake_ddqn,3,4.8957,10.5,9412,cpu,7,49,61.89,0.05,0.607617
236,lightweight_snake_ddqn,3,4.945,10.38,9412,cpu,12,106,116.77,0.05,0.602802
237,lightweight_snake_ddqn,3,4.9589,10.18,9412,cpu,5,30,41.96,0.05,0.681369
238,lightweight_snake_ddqn,3,5.0182,9.86,9412,cpu,15,127,147.99,0.05,0.890342
239,lightweight_snake_ddqn,3,5.0783,9.84,9412,cpu,12,130,117.33,0.05,0.872695
240,lightweight_snake_ddqn,3,5.1034,9.68,9412,cpu,5,54,43.32,0.05,0.346995
241,lightweight_snake_ddqn,3,5.1781,9.92,9412,cpu,21,160,208.82,0.05,1.149717
242,lightweight_snake_ddqn,3,5.1964,9.72,9412,cpu,5,39,42.37,0.05,2.205393
243,lightweight_snake_ddqn,3,5.2211,9.68,9412,cpu,8,53,73.56,0.05,1.569115
244,lightweight_snake_ddqn,3,5.2567,9.64,9412,cpu,11,76,104.76,0.05,0.621192
245,lightweight_snake_ddqn,3,5.2911,9.78,9412,cpu,8,73,74.16,0.05,0.408689
246,lightweight_snake_ddqn,3,5.2953,9.74,9412,cpu,1,9,0.63,0.05,0.383327
247,lightweight_snake_ddqn,3,5.3367,9.84,9412,cpu,13,89,126.55,0.05,0.65066
248,lightweight_snake_ddqn,3,5.3754,9.88,9412,cpu,11,83,106.19,0.05,0.649839
249,lightweight_snake_ddqn,3,5.4583,10.2,9412,cpu,23,178,230.66,0.05,0.799654
250,lightweight_snake_ddqn,3,5.4872,9.98,9412,cpu,9,62,82.88,0.05,1.327229
251,lightweight_snake_ddqn,3,5.5336,9.92,9412,cpu,13,100,123.74,0.05,1.480814
252,lightweight_snake_ddqn,3,5.5525,9.8,9412,cpu,5,41,42.15,0.05,0.954778
253,lightweight_snake_ddqn,3,5.6295,9.86,9412,cpu,19,166,187.34,0.05,0.821042
254,lightweight_snake_ddqn,3,5.6437,9.88,9412,cpu,5,31,42.25,0.05,1.401886
255,lightweight_snake_ddqn,3,5.6828,9.94,9412,cpu,12,84,115.59,0.05,1.607068
256,lightweight_snake_ddqn,3,5.7308,10.18,9412,cpu,15,102,147.14,0.05,0.8614
257,lightweight_snake_ddqn,3,5.8224,10.4,9412,cpu,24,194,242.01,0.05,1.284695
258,lightweight_snake_ddqn,3,5.8396,10.24,9412,cpu,5,37,42.59,0.05,0.496072
259,lightweight_snake_ddqn,3,5.8808,10.32,9412,cpu,10,88,95.13,0.05,1.096255
260,lightweight_snake_ddqn,3,5.9023,10.06,9412,cpu,6,46,52.91,0.05,1.115628
261,lightweight_snake_ddqn,3,5.9112,9.96,9412,cpu,4,19,31.26,0.05,0.55223
262,lightweight_snake_ddqn,3,5.9691,10.16,9412,cpu,13,124,127.1,0.05,1.48868
263,lightweight_snake_ddqn,3,6.0482,10.36,9412,cpu,17,169,169.99,0.05,1.123636
264,lightweight_snake_ddqn,3,6.0924,10.34,9412,cpu,11,94,105.98,0.05,1.465634
265,lightweight_snake_ddqn,3,6.1311,10.24,9412,cpu,10,83,94.88,0.05,1.310612
266,lightweight_snake_ddqn,3,6.156,10.36,9412,cpu,8,53,73.76,0.05,0.947071
267,lightweight_snake_ddqn,3,6.2034,10.36,9412,cpu,12,100,117.23,0.05,0.395651
268,lightweight_snake_ddqn,3,6.2314,10.2,9412,cpu,8,59,73.9,0.05,0.565114
269,lightweight_snake_ddqn,3,6.2825,10.34,9412,cpu,14,108,136.17,0.05,1.08311
270,lightweight_snake_ddqn,3,6.3159,10.34,9412,cpu,9,71,85.49,0.05,1.335732
271,lightweight_snake_ddqn,3,6.3482,10.5,9412,cpu,9,69,84.31,0.05,0.996398
272,lightweight_snake_ddqn,3,6.384,10.46,9412,cpu,10,77,95.14,0.05,1.375752
273,lightweight_snake_ddqn,3,6.4353,10.68,9412,cpu,16,109,157.08,0.05,0.229265
274,lightweight_snake_ddqn,3,6.5082,10.86,9412,cpu,18,156,181.93,0.05,0.92027
275,lightweight_snake_ddqn,3,6.6079,11.02,9412,cpu,24,212,241.83,0.05,0.586273
276,lightweight_snake_ddqn,3,6.7036,11.3,9412,cpu,23,204,230.8,0.05,0.625538
277,lightweight_snake_ddqn,3,6.8027,11.6,9412,cpu,25,211,253.45,0.05,1.065082
278,lightweight_snake_ddqn,3,6.8523,11.58,9412,cpu,17,106,166.52,0.05,0.319939
279,lightweight_snake_ddqn,3,6.8617,11.64,9412,cpu,4,20,31.35,0.05,1.335356
280,lightweight_snake_ddqn,3,6.9396,11.74,9412,cpu,17,166,169.72,0.05,0.761966
281,lightweight_snake_ddqn,3,6.9512,11.74,9412,cpu,3,25,21.29,0.05,0.634661
282,lightweight_snake_ddqn,3,6.9656,11.48,9412,cpu,4,31,31.94,0.05,1.468832
283,lightweight_snake_ddqn,3,6.9758,11.3,9412,cpu,3,22,21.22,0.05,1.119866
284,lightweight_snake_ddqn,3,7.0016,11.32,9412,cpu,7,55,63.43,0.05,1.29335
285,lightweight_snake_ddqn,3,7.0464,11.44,9412,cpu,13,96,126.38,0.05,0.590449
286,lightweight_snake_ddqn,3,7.134,11.62,9412,cpu,21,188,209.94,0.05,2.118469
287,lightweight_snake_ddqn,3,7.1416,11.56,9412,cpu,2,16,11.17,0.05,0.782908
288,lightweight_snake_ddqn,3,7.1439,11.28,9412,cpu,1,5,0.27,0.05,1.240098
289,lightweight_snake_ddqn,3,7.1705,11.2,9412,cpu,8,57,73.32,0.05,0.649376
290,lightweight_snake_ddqn,3,7.2366,11.36,9412,cpu,13,141,129.43,0.05,1.228058
291,lightweight_snake_ddqn,3,7.2651,11.08,9412,cpu,7,61,64.17,0.05,1.445061
292,lightweight_snake_ddqn,3,7.3174,11.34,9412,cpu,18,111,176.88,0.05,1.186464
293,lightweight_snake_ddqn,3,7.365,11.4,9412,cpu,11,102,107.1,0.05,0.451608
294,lightweight_snake_ddqn,3,7.3799,11.3,9412,cpu,6,32,52.05,0.05,1.118506
295,lightweight_snake_ddqn,3,7.4496,11.52,9412,cpu,19,149,189.21,0.05,1.565699
296,lightweight_snake_ddqn,3,7.5179,11.88,9412,cpu,19,145,188.45,0.05,0.624116
297,lightweight_snake_ddqn,3,7.5795,11.96,9412,cpu,17,131,169.37,0.05,0.992583
298,lightweight_snake_ddqn,3,7.6512,12.14,9412,cpu,20,153,201.48,0.05,1.188124
299,lightweight_snake_ddqn,3,7.6904,11.84,9412,cpu,8,84,75.75,0.05,0.339204
300,lightweight_snake_ddqn,3,7.7545,11.98,9412,cpu,16,137,159.0,0.05,0.956621
301,lightweight_snake_ddqn,3,7.7639,11.78,9412,cpu,3,20,21.24,0.05,0.996443
302,lightweight_snake_ddqn,3,7.8403,12.12,9412,cpu,22,163,219.0,0.05,0.696365
303,lightweight_snake_ddqn,3,7.9012,11.98,9412,cpu,12,130,115.73,0.05,0.585832
304,lightweight_snake_ddqn,3,7.9316,12.06,9412,cpu,9,65,84.35,0.05,1.112685
305,lightweight_snake_ddqn,3,7.9373,11.86,9412,cpu,2,12,10.81,0.05,1.533638
306,lightweight_snake_ddqn,3,7.9749,11.76,9412,cpu,10,80,95.61,0.05,0.638456
307,lightweight_snake_ddqn,3,7.9956,11.42,9412,cpu,7,44,63.04,0.05,1.2562
308,lightweight_snake_ddqn,3,8.0454,11.54,9412,cpu,11,106,107.86,0.05,1.14329
309,lightweight_snake_ddqn,3,8.0579,11.42,9412,cpu,4,26,31.89,0.05,0.816045
310,lightweight_snake_ddqn,3,8.1109,11.58,9412,cpu,14,113,136.82,0.05,1.135068
311,lightweight_snake_ddqn,3,8.1676,11.88,9412,cpu,19,121,187.29,0.05,0.685246
312,lightweight_snake_ddqn,3,8.1858,11.72,9412,cpu,5,39,42.77,0.05,1.206013
313,lightweight_snake_ddqn,3,8.1963,11.48,9412,cpu,5,22,41.24,0.05,0.736887
314,lightweight_snake_ddqn,3,8.2534,11.58,9412,cpu,16,121,158.16,0.05,1.402126
315,lightweight_snake_ddqn,3,8.3221,11.76,9412,cpu,19,145,189.85,0.05,1.298719
316,lightweight_snake_ddqn,3,8.3722,11.88,9412,cpu,14,105,136.3,0.05,1.066485
317,lightweight_snake_ddqn,3,8.424,11.86,9412,cpu,11,109,108.13,0.05,0.662904
318,lightweight_snake_ddqn,3,8.4288,11.72,9412,cpu,1,10,0.72,0.05,0.698883
319,lightweight_snake_ddqn,3,8.4643,11.66,9412,cpu,11,75,105.27,0.05,2.063001
320,lightweight_snake_ddqn,3,8.5197,11.76,9412,cpu,14,117,138.18,0.05,0.634995
321,lightweight_snake_ddqn,3,8.5678,11.86,9412,cpu,14,102,137.43,0.05,1.230324
322,lightweight_snake_ddqn,3,8.5814,11.78,9412,cpu,6,29,51.78,0.05,1.143757
323,lightweight_snake_ddqn,3,8.6148,11.6,9412,cpu,7,71,64.47,0.05,0.877345
324,lightweight_snake_ddqn,3,8.6946,11.6,9412,cpu,18,169,180.7,0.05,0.791663
325,lightweight_snake_ddqn,3,8.7021,11.16,9412,cpu,2,16,10.97,0.05,0.592719
326,lightweight_snake_ddqn,3,8.8271,11.22,9412,cpu,26,265,265.02,0.05,1.303425
327,lightweight_snake_ddqn,3,8.8314,10.76,9412,cpu,2,9,10.54,0.05,0.479557
328,lightweight_snake_ddqn,3,8.9077,10.84,9412,cpu,21,161,208.91,0.05,1.59862
329,lightweight_snake_ddqn,3,8.9318,10.92,9412,cpu,8,51,73.78,0.05,1.06776
330,lightweight_snake_ddqn,3,8.9399,10.66,9412,cpu,4,17,30.88,0.05,0.451083
331,lightweight_snake_ddqn,3,8.9583,10.68,9412,cpu,4,39,32.66,0.05,1.171319
332,lightweight_snake_ddqn,3,9.0574,11.06,9412,cpu,23,210,231.54,0.05,1.249941
333,lightweight_snake_ddqn,3,9.2107,11.72,9412,cpu,36,324,367.83,0.05,1.059869
334,lightweight_snake_ddqn,3,9.224,11.66,9412,cpu,4,28,31.87,0.05,1.285838
335,lightweight_snake_ddqn,3,9.2815,11.7,9412,cpu,15,122,148.14,0.05,0.660298
336,lightweight_snake_ddqn,3,9.3812,11.66,9412,cpu,19,211,192.99,0.05,0.997798
337,lightweight_snake_ddqn,3,9.4096,11.76,9412,cpu,7,60,64.08,0.05,1.354663
338,lightweight_snake_ddqn,3,9.4789,12.06,9412,cpu,16,146,157.21,0.05,0.923443
339,lightweight_snake_ddqn,3,9.4917,11.98,9412,cpu,4,27,31.58,0.05,0.765861
340,lightweight_snake_ddqn,3,9.5204,11.86,9412,cpu,7,61,64.37,0.05,0.9126
341,lightweight_snake_ddqn,3,9.535,11.78,9412,cpu,3,31,22.43,0.05,1.315759
342,lightweight_snake_ddqn,3,9.5624,11.58,9412,cpu,8,58,73.81,0.05,1.228242
343,lightweight_snake_ddqn,3,9.6036,11.56,9412,cpu,10,87,96.04,0.05,1.485771
344,lightweight_snake_ddqn,3,9.624,11.58,9412,cpu,7,43,63.15,0.05,0.917599
345,lightweight_snake_ddqn,3,9.6806,11.5,9412,cpu,15,120,148.16,0.05,0.860602
346,lightweight_snake_ddqn,3,9.7073,11.32,9412,cpu,10,56,93.45,0.05,1.956943
347,lightweight_snake_ddqn,3,9.713,11.0,9412,cpu,1,12,0.9,0.05,1.3669
348,lightweight_snake_ddqn,3,9.7154,10.6,9412,cpu,0,5,-9.64,0.05,0.636837
349,lightweight_snake_ddqn,3,9.8124,10.84,9412,cpu,20,205,202.56,0.05,1.65863
350,lightweight_snake_ddqn,3,9.8511,10.72,9412,cpu,10,82,95.39,0.05,1.591828
351,lightweight_snake_ddqn,3,9.8648,10.76,9412,cpu,5,29,41.67,0.05,0.923996
352,lightweight_snake_ddqn,3,9.958,10.8,9412,cpu,24,198,243.17,0.05,1.687815
353,lightweight_snake_ddqn,3,10.0192,10.9,9412,cpu,17,130,169.48,0.05,0.740353
354,lightweight_snake_ddqn,3,10.0644,10.94,9412,cpu,11,96,106.56,0.05,0.853525
355,lightweight_snake_ddqn,3,10.1104,11.1,9412,cpu,10,98,94.83,0.05,1.335938
356,lightweight_snake_ddqn,3,10.1446,11.08,9412,cpu,9,73,83.67,0.05,1.235292
357,lightweight_snake_ddqn,3,10.1922,11.16,9412,cpu,11,101,106.21,0.05,1.063431
358,lightweight_snake_ddqn,3,10.2164,11.12,9412,cpu,9,51,83.29,0.05,0.413693
359,lightweight_snake_ddqn,3,10.2192,11.06,9412,cpu,1,6,0.36,0.05,0.319317
360,lightweight_snake_ddqn,3,10.2874,11.16,9412,cpu,19,144,189.16,0.05,0.63841
361,lightweight_snake_ddqn,3,10.3547,11.06,9412,cpu,14,143,138.12,0.05,1.10452
362,lightweight_snake_ddqn,3,10.3823,11.1,9412,cpu,7,59,63.19,0.05,0.662935
363,lightweight_snake_ddqn,3,10.4449,11.24,9412,cpu,12,134,118.69,0.05,0.652169
364,lightweight_snake_ddqn,3,10.5064,11.26,9412,cpu,17,131,168.97,0.05,0.645549
365,lightweight_snake_ddqn,3,10.5322,11.04,9412,cpu,8,55,73.54,0.05,0.217979
366,lightweight_snake_ddqn,3,10.5612,10.92,9412,cpu,8,62,73.57,0.05,0.847115
367,lightweight_snake_ddqn,3,10.5701,10.74,9412,cpu,2,19,11.44,0.05,0.348529
368,lightweight_snake_ddqn,3,10.6165,10.96,9412,cpu,12,99,115.74,0.05,1.04908
369,lightweight_snake_ddqn,3,10.6532,11.0,9412,cpu,13,78,124.56,0.05,0.971632
370,lightweight_snake_ddqn,3,10.7342,11.16,9412,cpu,22,172,219.41,0.05,0.961635
371,lightweight_snake_ddqn,3,10.7771,11.12,9412,cpu,12,91,115.62,0.05,0.442422
372,lightweight_snake_ddqn,3,10.8525,11.4,9412,cpu,20,161,200.4,0.05,0.571093
373,lightweight_snake_ddqn,3,10.8679,11.34,9412,cpu,4,33,32.32,0.05,0.561992
374,lightweight_snake_ddqn,3,10.8964,11.1,9412,cpu,6,61,53.86,0.05,1.70616
375,lightweight_snake_ddqn,3,10.9091,11.16,9412,cpu,5,27,41.69,0.05,1.102519
376,lightweight_snake_ddqn,3,10.9429,10.86,9412,cpu,11,72,104.8,0.05,0.549252
377,lightweight_snake_ddqn,3,10.972,11.0,9412,cpu,9,62,83.68,0.05,0.433981
378,lightweight_snake_ddqn,3,11.024,10.9,9412,cpu,16,111,156.46,0.05,0.727966
379,lightweight_snake_ddqn,3,11.0773,11.0,9412,cpu,13,114,128.0,0.05,1.563772
380,lightweight_snake_ddqn,3,11.1273,11.22,9412,cpu,15,106,147.5,0.05,1.549408
381,lightweight_snake_ddqn,3,11.171,11.42,9412,cpu,14,93,135.82,0.05,1.120421
382,lightweight_snake_ddqn,3,11.2281,11.26,9412,cpu,15,121,147.45,0.05,0.499948
383,lightweight_snake_ddqn,3,11.3135,11.0,9412,cpu,23,180,232.64,0.05,1.342126
384,lightweight_snake_ddqn,3,11.3784,11.24,9412,cpu,16,138,159.89,0.05,1.044739
385,lightweight_snake_ddqn,3,11.454,11.32,9412,cpu,19,161,189.29,0.05,1.184314
386,lightweight_snake_ddqn,3,11.4635,10.98,9412,cpu,2,20,11.53,0.05,0.94313
387,lightweight_snake_ddqn,3,11.4971,11.0,9412,cpu,8,72,75.27,0.05,1.309142
388,lightweight_snake_ddqn,3,11.5294,10.86,9412,cpu,9,69,84.71,0.05,1.909996
389,lightweight_snake_ddqn,3,11.5882,11.12,9412,cpu,17,125,167.43,0.05,1.436262
390,lightweight_snake_ddqn,3,11.62,11.18,9412,cpu,10,68,94.33,0.05,2.292103
391,lightweight_snake_ddqn,3,11.674,11.44,9412,cpu,16,115,157.42,0.05,0.938315
392,lightweight_snake_ddqn,3,11.7159,11.48,9412,cpu,10,89,96.22,0.05,1.197477
393,lightweight_snake_ddqn,3,11.8092,11.68,9412,cpu,20,199,199.42,0.05,0.943838
394,lightweight_snake_ddqn,3,11.8636,11.82,9412,cpu,14,116,136.89,0.05,0.851324
395,lightweight_snake_ddqn,3,11.8855,11.64,9412,cpu,6,47,53.2,0.05,1.215574
396,lightweight_snake_ddqn,3,11.9164,11.62,9412,cpu,9,66,83.84,0.05,0.607464
397,lightweight_snake_ddqn,3,11.9375,11.7,9412,cpu,5,45,43.31,0.05,2.402841
398,lightweight_snake_ddqn,3,11.9772,11.9,9412,cpu,10,85,95.26,0.05,1.065967
399,lightweight_snake_ddqn,3,12.0296,11.78,9412,cpu,14,112,138.53,0.05,1.062822
400,lightweight_snake_ddqn,3,12.0343,11.6,9412,cpu,1,10,0.72,0.05,1.274328
401,lightweight_snake_ddqn,3,12.0597,11.64,9412,cpu,7,54,63.94,0.05,1.703065
402,lightweight_snake_ddqn,3,12.0814,11.32,9412,cpu,8,46,72.53,0.05,0.197997
403,lightweight_snake_ddqn,3,12.0866,11.02,9412,cpu,2,11,10.12,0.05,1.310049
404,lightweight_snake_ddqn,3,12.1036,10.9,9412,cpu,5,36,42.3,0.05,2.024567
405,lightweight_snake_ddqn,3,12.211,11.26,9412,cpu,28,226,282.73,0.05,0.756695
406,lightweight_snake_ddqn,3,12.2176,11.12,9412,cpu,2,14,10.99,0.05,1.251232
407,lightweight_snake_ddqn,3,12.2872,11.2,9412,cpu,15,146,149.1,0.05,0.536336
408,lightweight_snake_ddqn,3,12.3581,11.36,9412,cpu,17,149,169.79,0.05,1.18952
409,lightweight_snake_ddqn,3,12.3826,11.5,9412,cpu,8,52,73.47,0.05,1.014981
410,lightweight_snake_ddqn,3,12.3982,11.2,9412,cpu,4,33,32.52,0.05,0.660343
411,lightweight_snake_ddqn,3,12.4599,11.26,9412,cpu,17,130,166.68,0.05,0.469583
412,lightweight_snake_ddqn,3,12.4892,11.32,9412,cpu,10,62,94.39,0.05,1.485504
413,lightweight_snake_ddqn,3,12.5629,11.48,9412,cpu,20,156,201.35,0.05,0.811258
414,lightweight_snake_ddqn,3,12.595,11.34,9412,cpu,10,68,94.73,0.05,1.001374
415,lightweight_snake_ddqn,3,12.6622,11.54,9412,cpu,18,142,179.27,0.05,1.096179
416,lightweight_snake_ddqn,3,12.6809,11.5,9412,cpu,6,40,52.57,0.05,0.82333
417,lightweight_snake_ddqn,3,12.7373,11.8,9412,cpu,17,118,167.2,0.05,1.839396
418,lightweight_snake_ddqn,3,12.8032,11.88,9412,cpu,16,139,159.78,0.05,0.609851
419,lightweight_snake_ddqn,3,12.8499,11.86,9412,cpu,12,99,117.14,0.05,0.935731
420,lightweight_snake_ddqn,3,12.8907,11.6,9412,cpu,9,86,86.64,0.05,0.380846
421,lightweight_snake_ddqn,3,12.93,11.64,9412,cpu,14,83,134.92,0.05,1.451954
422,lightweight_snake_ddqn,3,12.9995,11.56,9412,cpu,16,146,160.61,0.05,1.062312
423,lightweight_snake_ddqn,3,13.1031,11.92,9412,cpu,22,219,225.04,0.05,1.668288
424,lightweight_snake_ddqn,3,13.1554,12.1,9412,cpu,15,111,148.15,0.05,0.920739
425,lightweight_snake_ddqn,3,13.2428,12.36,9412,cpu,18,186,180.83,0.05,1.529128
426,lightweight_snake_ddqn,3,13.3095,12.5,9412,cpu,18,141,178.58,0.05,1.162076
427,lightweight_snake_ddqn,3,13.388,12.74,9412,cpu,21,166,211.56,0.05,2.203687
428,lightweight_snake_ddqn,3,13.3993,12.48,9412,cpu,3,24,21.8,0.05,1.014729
429,lightweight_snake_ddqn,3,13.4471,12.5,9412,cpu,14,101,136.14,0.05,0.786111
430,lightweight_snake_ddqn,3,13.4894,12.44,9412,cpu,12,89,115.64,0.05,0.784011
431,lightweight_snake_ddqn,3,13.5446,12.42,9412,cpu,13,117,127.47,0.05,0.78916
432,lightweight_snake_ddqn,3,13.615,12.52,9412,cpu,20,149,197.92,0.05,0.645571
433,lightweight_snake_ddqn,3,13.6844,12.44,9412,cpu,19,148,189.12,0.05,1.336773
434,lightweight_snake_ddqn,3,13.6891,12.14,9412,cpu,1,10,0.52,0.05,0.935104
435,lightweight_snake_ddqn,3,13.701,11.82,9412,cpu,3,25,21.69,0.05,0.52161
436,lightweight_snake_ddqn,3,13.7668,12.1,9412,cpu,16,140,158.47,0.05,1.688597
437,lightweight_snake_ddqn,3,13.8157,12.22,9412,cpu,14,104,137.01,0.05,1.211778
438,lightweight_snake_ddqn,3,13.8285,12.14,9412,cpu,5,27,41.69,0.05,1.387554
439,lightweight_snake_ddqn,3,13.9079,12.2,9412,cpu,20,169,202.12,0.05,1.579776
440,lightweight_snake_ddqn,3,13.9743,12.36,9412,cpu,18,141,177.38,0.05,1.105226
441,lightweight_snake_ddqn,3,14.0364,12.34,9412,cpu,15,132,146.04,0.05,1.514071
442,lightweight_snake_ddqn,3,14.0906,12.42,9412,cpu,14,115,137.4,0.05,1.106435
443,lightweight_snake_ddqn,3,14.1428,12.3,9412,cpu,14,111,137.44,0.05,0.876194
444,lightweight_snake_ddqn,3,14.1765,12.22,9412,cpu,10,71,95.0,0.05,0.679798
445,lightweight_snake_ddqn,3,14.2383,12.42,9412,cpu,16,130,158.37,0.05,0.651555
446,lightweight_snake_ddqn,3,14.2964,12.54,9412,cpu,15,122,148.14,0.05,0.624052
447,lightweight_snake_ddqn,3,14.32,12.56,9412,cpu,6,50,52.87,0.05,0.65102
448,lightweight_snake_ddqn,3,14.3624,12.64,9412,cpu,14,90,135.55,0.05,0.830444
449,lightweight_snake_ddqn,3,14.394,12.5,9412,cpu,7,67,65.31,0.05,1.752632
450,lightweight_snake_ddqn,3,14.4374,12.76,9412,cpu,14,92,136.13,0.05,1.014591
451,lightweight_snake_ddqn,3,14.4948,12.9,9412,cpu,14,122,138.23,0.05,1.246751
452,lightweight_snake_ddqn,3,14.5424,12.96,9412,cpu,11,100,107.32,0.05,0.678372
453,lightweight_snake_ddqn,3,14.6113,13.3,9412,cpu,19,144,187.36,0.05,1.32351
454,lightweight_snake_ddqn,3,14.6336,13.32,9412,cpu,6,47,53.0,0.05,0.383945
455,lightweight_snake_ddqn,3,14.6669,12.96,9412,cpu,10,69,95.02,0.05,0.772941
456,lightweight_snake_ddqn,3,14.702,13.08,9412,cpu,8,73,74.36,0.05,1.085756
457,lightweight_snake_ddqn,3,14.7462,13.02,9412,cpu,12,93,116.2,0.05,0.887422
458,lightweight_snake_ddqn,3,14.8346,13.12,9412,cpu,22,186,223.87,0.05,1.747514
459,lightweight_snake_ddqn,3,14.8636,13.14,9412,cpu,9,61,84.59,0.05,1.224007
460,lightweight_snake_ddqn,3,14.9019,13.28,9412,cpu,11,81,105.61,0.05,0.670041
461,lightweight_snake_ddqn,3,14.9673,13.3,9412,cpu,18,138,178.51,0.05,1.345494
462,lightweight_snake_ddqn,3,15.0072,13.3,9412,cpu,10,84,96.37,0.05,1.219591
463,lightweight_snake_ddqn,3,15.0333,13.06,9412,cpu,8,55,73.94,0.05,1.091515
464,lightweight_snake_ddqn,3,15.1284,13.26,9412,cpu,20,201,199.6,0.05,0.920363
465,lightweight_snake_ddqn,3,15.2044,13.24,9412,cpu,17,159,170.49,0.05,0.841171
466,lightweight_snake_ddqn,3,15.2657,13.4,9412,cpu,14,128,138.57,0.05,1.299239
467,lightweight_snake_ddqn,3,15.3097,13.32,9412,cpu,13,92,125.82,0.05,0.520514
468,lightweight_snake_ddqn,3,15.3269,13.12,9412,cpu,6,36,52.41,0.05,0.707104
469,lightweight_snake_ddqn,3,15.4121,13.26,9412,cpu,19,179,189.71,0.05,1.124421
470,lightweight_snake_ddqn,3,15.4284,13.18,9412,cpu,5,34,42.52,0.05,0.437625
471,lightweight_snake_ddqn,3,15.4548,13.04,9412,cpu,7,56,63.12,0.05,1.406585
472,lightweight_snake_ddqn,3,15.4789,12.86,9412,cpu,7,51,63.87,0.05,1.089029
473,lightweight_snake_ddqn,3,15.5268,12.64,9412,cpu,11,101,107.01,0.05,1.711027
474,lightweight_snake_ddqn,3,15.5448,12.44,9412,cpu,5,38,42.88,0.05,1.63614
475,lightweight_snake_ddqn,3,15.6105,12.42,9412,cpu,17,138,170.2,0.05,0.604585
476,lightweight_snake_ddqn,3,15.6535,12.3,9412,cpu,12,91,115.62,0.05,1.485918
477,lightweight_snake_ddqn,3,15.6871,12.06,9412,cpu,9,71,85.29,0.05,2.329873
478,lightweight_snake_ddqn,3,15.7176,12.2,9412,cpu,10,64,94.17,0.05,0.902545
479,lightweight_snake_ddqn,3,15.7592,12.16,9412,cpu,12,88,116.55,0.05,1.055117
480,lightweight_snake_ddqn,3,15.8111,12.16,9412,cpu,12,110,117.53,0.05,0.858093
481,lightweight_snake_ddqn,3,15.8188,11.96,9412,cpu,3,16,21.08,0.05,0.688807
482,lightweight_snake_ddqn,3,15.8432,11.68,9412,cpu,6,51,53.76,0.05,1.019288
483,lightweight_snake_ddqn,3,15.8708,11.5,9412,cpu,10,58,93.63,0.05,1.051324
484,lightweight_snake_ddqn,3,15.8779,11.52,9412,cpu,2,15,11.08,0.05,1.237489
485,lightweight_snake_ddqn,3,15.892,11.54,9412,cpu,4,30,31.45,0.05,0.567804
486,lightweight_snake_ddqn,3,15.9453,11.46,9412,cpu,12,112,118.71,0.05,0.791651
487,lightweight_snake_ddqn,3,15.9788,11.3,9412,cpu,6,70,55.07,0.05,1.035201
488,lightweight_snake_ddqn,3,16.0443,11.54,9412,cpu,17,138,169.2,0.05,1.205522
489,lightweight_snake_ddqn,3,16.0958,11.38,9412,cpu,12,109,115.84,0.05,0.527683
490,lightweight_snake_ddqn,3,16.1358,11.22,9412,cpu,10,85,94.66,0.05,0.74192
491,lightweight_snake_ddqn,3,16.1784,11.1,9412,cpu,9,91,85.69,0.05,1.739538
492,lightweight_snake_ddqn,3,16.2293,11.12,9412,cpu,15,107,147.79,0.05,0.863077
493,lightweight_snake_ddqn,3,16.2613,11.04,9412,cpu,10,68,94.73,0.05,0.963741
494,lightweight_snake_ddqn,3,16.3302,11.16,9412,cpu,16,146,159.01,0.05,0.668736
495,lightweight_snake_ddqn,3,16.4174,11.26,9412,cpu,21,184,210.78,0.05,2.525784
496,lightweight_snake_ddqn,3,16.4212,11.0,9412,cpu,2,8,10.45,0.05,1.540236
497,lightweight_snake_ddqn,3,16.4274,10.92,9412,cpu,2,13,10.5,0.05,1.244716
498,lightweight_snake_ddqn,3,16.4462,10.7,9412,cpu,3,40,23.04,0.05,0.840638
499,lightweight_snake_ddqn,3,16.5142,10.88,9412,cpu,16,144,160.63,0.05,1.649279
500,lightweight_snake_ddqn,3,16.5797,10.92,9412,cpu,16,138,158.89,0.05,1.358545
501,lightweight_snake_ddqn,3,16.6055,10.78,9412,cpu,7,55,63.83,0.05,1.396365
502,lightweight_snake_ddqn,3,16.6353,10.7,9412,cpu,7,63,64.55,0.05,0.893236
503,lightweight_snake_ddqn,3,16.7221,10.82,9412,cpu,25,183,250.53,0.05,0.425188
504,lightweight_snake_ddqn,3,16.7712,10.98,9412,cpu,14,104,137.01,0.05,1.197921
505,lightweight_snake_ddqn,3,16.8242,11.06,9412,cpu,14,112,135.93,0.05,1.456325
506,lightweight_snake_ddqn,3,16.8727,11.12,9412,cpu,11,103,106.79,0.05,0.46163
507,lightweight_snake_ddqn,3,16.9489,11.22,9412,cpu,17,162,170.76,0.05,0.451221
508,lightweight_snake_ddqn,3,16.9958,11.1,9412,cpu,16,100,156.07,0.05,1.786553
509,lightweight_snake_ddqn,3,17.0664,11.28,9412,cpu,18,150,180.19,0.05,0.409468
510,lightweight_snake_ddqn,3,17.0877,11.22,9412,cpu,8,45,72.84,0.05,1.539816
511,lightweight_snake_ddqn,3,17.1022,10.94,9412,cpu,4,31,32.14,0.05,0.940242
512,lightweight_snake_ddqn,3,17.1102,10.78,9412,cpu,2,17,11.26,0.05,0.79597
513,lightweight_snake_ddqn,3,17.1984,11.04,9412,cpu,21,187,209.25,0.05,0.901694
514,lightweight_snake_ddqn,3,17.233,10.82,9412,cpu,9,73,85.07,0.05,1.95856
515,lightweight_snake_ddqn,3,17.3199,10.88,9412,cpu,20,184,201.67,0.05,1.035723
516,lightweight_snake_ddqn,3,17.3542,10.82,9412,cpu,11,73,104.49,0.05,1.277227
517,lightweight_snake_ddqn,3,17.3966,10.8,9412,cpu,12,90,115.33,0.05,0.56389
518,lightweight_snake_ddqn,3,17.4178,10.78,9412,cpu,5,45,42.91,0.05,0.951226
519,lightweight_snake_ddqn,3,17.47,10.7,9412,cpu,15,111,146.95,0.05,1.463511
520,lightweight_snake_ddqn,3,17.5381,10.96,9412,cpu,18,145,178.14,0.05,0.756372
521,lightweight_snake_ddqn,3,17.5512,10.88,9412,cpu,3,28,21.76,0.05,1.870029
522,lightweight_snake_ddqn,3,17.609,11.04,9412,cpu,15,123,146.83,0.05,0.914547
523,lightweight_snake_ddqn,3,17.6385,10.92,9412,cpu,5,63,43.13,0.05,1.372472
524,lightweight_snake_ddqn,3,17.6947,11.06,9412,cpu,12,120,118.23,0.05,1.257049
525,lightweight_snake_ddqn,3,17.7314,10.92,9412,cpu,10,78,95.23,0.05,1.39796
526,lightweight_snake_ddqn,3,17.7478,10.76,9412,cpu,4,35,32.1,0.05,1.389277
527,lightweight_snake_ddqn,3,17.7801,10.74,9412,cpu,8,69,74.6,0.05,0.844333
528,lightweight_snake_ddqn,3,17.8545,10.9,9412,cpu,18,158,179.71,0.05,0.664131
529,lightweight_snake_ddqn,3,17.924,11.04,9412,cpu,19,148,189.12,0.05,1.1016
530,lightweight_snake_ddqn,3,17.9597,11.06,9412,cpu,13,76,125.38,0.05,1.260709
531,lightweight_snake_ddqn,3,17.963,11.02,9412,cpu,1,7,0.45,0.05,1.564591
532,lightweight_snake_ddqn,3,17.9912,11.04,9412,cpu,7,60,64.08,0.05,1.769354
533,lightweight_snake_ddqn,3,18.0527,11.16,9412,cpu,16,131,158.86,0.05,0.75461
534,lightweight_snake_ddqn,3,18.0927,11.36,9412,cpu,12,85,116.08,0.05,0.79843
535,lightweight_snake_ddqn,3,18.152,11.58,9412,cpu,15,126,149.5,0.05,1.014125
536,lightweight_snake_ddqn,3,18.2046,11.62,9412,cpu,14,112,137.93,0.05,1.402081
537,lightweight_snake_ddqn,3,18.2526,11.76,9412,cpu,13,102,126.32,0.05,1.472002
538,lightweight_snake_ddqn,3,18.3233,11.72,9412,cpu,15,150,149.26,0.05,0.40997
539,lightweight_snake_ddqn,3,18.3674,11.76,9412,cpu,14,94,135.91,0.05,0.893788
540,lightweight_snake_ddqn,3,18.4491,12.02,9412,cpu,23,174,231.7,0.05,0.361563
541,lightweight_snake_ddqn,3,18.5047,12.2,9412,cpu,18,118,177.91,0.05,0.775876
542,lightweight_snake_ddqn,3,18.5098,11.92,9412,cpu,1,11,0.61,0.05,1.43243
543,lightweight_snake_ddqn,3,18.5391,11.88,9412,cpu,8,62,74.57,0.05,0.798653
544,lightweight_snake_ddqn,3,18.5438,11.58,9412,cpu,1,10,0.72,0.05,0.973614
545,lightweight_snake_ddqn,3,18.6029,11.5,9412,cpu,17,126,169.12,0.05,0.394841
546,lightweight_snake_ddqn,3,18.642,11.66,9412,cpu,10,83,95.88,0.05,0.365545
547,lightweight_snake_ddqn,3,18.6761,11.86,9412,cpu,12,72,115.11,0.05,0.802232
548,lightweight_snake_ddqn,3,18.7757,12.32,9412,cpu,26,209,262.58,0.05,0.627646
549,lightweight_snake_ddqn,3,18.8082,12.2,9412,cpu,10,68,92.93,0.05,1.35156
550,lightweight_snake_ddqn,3,18.8661,12.2,9412,cpu,16,122,158.45,0.05,0.886188
551,lightweight_snake_ddqn,3,18.9328,12.44,9412,cpu,19,141,187.49,0.05,0.546758
552,lightweight_snake_ddqn,3,18.9498,12.36,9412,cpu,3,36,21.68,0.05,0.950011
553,lightweight_snake_ddqn,3,18.973,11.98,9412,cpu,6,49,53.58,0.05,1.074399
554,lightweight_snake_ddqn,3,19.0065,11.9,9412,cpu,10,71,94.0,0.05,0.631781
555,lightweight_snake_ddqn,3,19.0392,11.78,9412,cpu,8,69,73.4,0.05,0.588488
556,lightweight_snake_ddqn,3,19.0652,11.74,9412,cpu,9,55,83.85,0.05,0.644583
557,lightweight_snake_ddqn,3,19.0714,11.44,9412,cpu,2,13,10.7,0.05,0.135606
558,lightweight_snake_ddqn,3,19.1343,11.44,9412,cpu,16,133,159.24,0.05,0.561218
559,lightweight_snake_ddqn,3,19.1744,11.24,9412,cpu,8,85,76.04,0.05,1.300261
560,lightweight_snake_ddqn,3,19.2132,11.34,9412,cpu,13,80,124.94,0.05,0.86772
561,lightweight_snake_ddqn,3,19.2427,11.4,9412,cpu,7,62,62.66,0.05,0.142583
562,lightweight_snake_ddqn,3,19.2721,11.6,9412,cpu,12,62,113.81,0.05,1.066473
563,lightweight_snake_ddqn,3,19.3199,11.48,9412,cpu,15,101,145.65,0.05,0.948515
564,lightweight_snake_ddqn,3,19.3959,11.68,9412,cpu,19,160,189.4,0.05,1.590099
565,lightweight_snake_ddqn,3,19.4534,11.56,9412,cpu,14,121,137.54,0.05,1.574704
566,lightweight_snake_ddqn,3,19.4694,11.4,9412,cpu,3,34,21.9,0.05,0.838052
567,lightweight_snake_ddqn,3,19.5062,11.36,9412,cpu,10,77,95.34,0.05,1.19334
568,lightweight_snake_ddqn,3,19.527,11.44,9412,cpu,9,44,82.06,0.05,2.419185
569,lightweight_snake_ddqn,3,19.5313,11.18,9412,cpu,2,9,10.54,0.05,0.774501
570,lightweight_snake_ddqn,3,19.5632,10.96,9412,cpu,7,67,63.51,0.05,1.530124
571,lightweight_snake_ddqn,3,19.6269,11.24,9412,cpu,17,134,168.24,0.05,1.499419
572,lightweight_snake_ddqn,3,19.6592,11.1,9412,cpu,8,68,74.91,0.05,1.559747
573,lightweight_snake_ddqn,3,19.7159,11.28,9412,cpu,14,120,137.85,0.05,1.561322
574,lightweight_snake_ddqn,3,19.7544,11.24,9412,cpu,10,81,95.5,0.05,1.741349
575,lightweight_snake_ddqn,3,19.7676,11.1,9412,cpu,3,28,22.16,0.05,1.419987
576,lightweight_snake_ddqn,3,19.7782,11.08,9412,cpu,3,22,21.62,0.05,0.806208
577,lightweight_snake_ddqn,3,19.7811,10.94,9412,cpu,1,6,0.36,0.05,0.960375
578,lightweight_snake_ddqn,3,19.7896,10.62,9412,cpu,2,18,11.15,0.05,1.807061
579,lightweight_snake_ddqn,3,19.8484,10.5,9412,cpu,13,124,128.9,0.05,1.569288
580,lightweight_snake_ddqn,3,19.8532,10.28,9412,cpu,2,10,10.63,0.05,0.892544
581,lightweight_snake_ddqn,3,19.94,10.68,9412,cpu,21,183,211.09,0.05,0.95255
582,lightweight_snake_ddqn,3,19.9805,10.74,9412,cpu,10,85,96.66,0.05,1.487794
583,lightweight_snake_ddqn,3,20.0228,10.68,9412,cpu,13,89,123.75,0.05,0.690194
584,lightweight_snake_ddqn,3,20.0933,10.74,9412,cpu,15,148,147.88,0.05,1.273806
585,lightweight_snake_ddqn,3,20.1388,10.72,9412,cpu,14,96,136.89,0.05,1.25426
586,lightweight_snake_ddqn,3,20.1868,10.74,9412,cpu,15,102,147.34,0.05,1.042092
587,lightweight_snake_ddqn,3,20.2233,10.68,9412,cpu,10,77,95.94,0.05,0.947714
588,lightweight_snake_ddqn,3,20.2774,10.66,9412,cpu,14,115,137.8,0.05,0.929195
589,lightweight_snake_ddqn,3,20.3523,10.78,9412,cpu,20,158,199.13,0.05,0.599584
590,lightweight_snake_ddqn,3,20.4115,10.6,9412,cpu,14,126,138.39,0.05,1.770928
591,lightweight_snake_ddqn,3,20.4312,10.34,9412,cpu,5,42,42.84,0.05,0.896552
592,lightweight_snake_ddqn,3,20.4596,10.5,9412,cpu,9,60,83.9,0.05,1.38065
593,lightweight_snake_ddqn,3,20.521,10.62,9412,cpu,14,130,137.35,0.05,1.15164
594,lightweight_snake_ddqn,3,20.5998,11.0,9412,cpu,20,166,199.05,0.05,0.290463
595,lightweight_snake_ddqn,3,20.6209,10.74,9412,cpu,4,45,33.2,0.05,1.232893
596,lightweight_snake_ddqn,3,20.6458,10.72,9412,cpu,9,53,83.87,0.05,0.626497
597,lightweight_snake_ddqn,3,20.6912,10.76,9412,cpu,14,96,136.49,0.05,1.313914
598,lightweight_snake_ddqn,3,20.7313,10.46,9412,cpu,11,85,105.97,0.05,1.320784
599,lightweight_snake_ddqn,3,20.8157,10.76,9412,cpu,25,179,252.17,0.05,0.38243
600,lightweight_snake_ddqn,3,20.8246,10.5,9412,cpu,3,19,21.35,0.05,1.233956
601,lightweight_snake_ddqn,3,20.8698,10.38,9412,cpu,13,96,126.98,0.05,1.046019
602,lightweight_snake_ddqn,3,20.8876,10.4,9412,cpu,4,38,32.97,0.05,0.305198
603,lightweight_snake_ddqn,3,20.896,10.3,9412,cpu,1,18,1.44,0.05,1.074221
604,lightweight_snake_ddqn,3,20.9129,10.24,9412,cpu,7,36,62.52,0.05,1.308259
605,lightweight_snake_ddqn,3,20.9735,10.4,9412,cpu,16,129,160.08,0.05,0.748107
606,lightweight_snake_ddqn,3,21.026,10.48,9412,cpu,13,112,128.02,0.05,0.611692
607,lightweight_snake_ddqn,3,21.0402,10.48,9412,cpu,2,30,11.03,0.05,1.502353
608,lightweight_snake_ddqn,3,21.0574,10.24,9412,cpu,4,37,32.68,0.05,1.585144
609,lightweight_snake_ddqn,3,21.1024,10.28,9412,cpu,10,96,96.45,0.05,1.875221
610,lightweight_snake_ddqn,3,21.122,10.16,9412,cpu,7,42,62.66,0.05,1.321418
611,lightweight_snake_ddqn,3,21.1744,10.3,9412,cpu,14,111,136.84,0.05,0.684251
612,lightweight_snake_ddqn,3,21.1796,10.1,9412,cpu,2,11,10.72,0.05,0.745999
613,lightweight_snake_ddqn,3,21.2451,10.06,9412,cpu,13,139,128.65,0.05,0.754524
614,lightweight_snake_ddqn,3,21.2867,10.0,9412,cpu,16,88,156.39,0.05,1.20652
615,lightweight_snake_ddqn,3,21.3601,10.08,9412,cpu,18,156,180.13,0.05,0.944809
616,lightweight_snake_ddqn,3,21.4294,10.42,9412,cpu,20,147,198.14,0.05,1.454595
617,lightweight_snake_ddqn,3,21.4758,10.48,9412,cpu,13,99,126.85,0.05,1.140517
618,lightweight_snake_ddqn,3,21.5187,10.52,9412,cpu,11,91,105.91,0.05,0.985149
619,lightweight_snake_ddqn,3,21.5244,10.52,9412,cpu,2,12,10.61,0.05,0.836341
620,lightweight_snake_ddqn,3,21.6097,10.76,9412,cpu,19,182,190.98,0.05,0.798305
621,lightweight_snake_ddqn,3,21.6421,10.62,9412,cpu,10,69,94.62,0.05,1.518754
622,lightweight_snake_ddqn,3,21.696,10.68,9412,cpu,11,115,108.07,0.05,0.912277
623,lightweight_snake_ddqn,3,21.7427,10.62,9412,cpu,11,99,105.23,0.05,1.580643
624,lightweight_snake_ddqn,3,21.7837,10.62,9412,cpu,10,87,96.24,0.05,0.310551
625,lightweight_snake_ddqn,3,21.8034,10.68,9412,cpu,6,42,52.75,0.05,1.454781
626,lightweight_snake_ddqn,3,21.8203,10.7,9412,cpu,4,36,32.19,0.05,0.229062
627,lightweight_snake_ddqn,3,21.8503,10.82,9412,cpu,7,64,64.64,0.05,0.811725
628,lightweight_snake_ddqn,3,21.8946,11.06,9412,cpu,14,94,135.51,0.05,1.478444
629,lightweight_snake_ddqn,3,21.9255,11.0,9412,cpu,10,66,93.95,0.05,2.539838
630,lightweight_snake_ddqn,3,22.0074,11.38,9412,cpu,21,174,210.88,0.05,1.562799
631,lightweight_snake_ddqn,3,22.0374,11.12,9412,cpu,8,64,73.55,0.05,1.275864
632,lightweight_snake_ddqn,3,22.0802,11.16,9412,cpu,12,91,116.62,0.05,0.551231
633,lightweight_snake_ddqn,3,22.0863,10.92,9412,cpu,1,13,0.99,0.05,0.384568
634,lightweight_snake_ddqn,3,22.137,10.88,9412,cpu,13,108,127.86,0.05,2.376089
635,lightweight_snake_ddqn,3,22.1449,10.66,9412,cpu,3,17,20.97,0.05,1.168248
636,lightweight_snake_ddqn,3,22.1881,10.54,9412,cpu,9,92,84.78,0.05,0.648475
637,lightweight_snake_ddqn,3,22.2188,10.48,9412,cpu,7,65,64.53,0.05,0.566832
638,lightweight_snake_ddqn,3,22.2745,10.44,9412,cpu,12,118,118.05,0.05,2.074047
639,lightweight_snake_ddqn,3,22.3193,10.28,9412,cpu,12,95,115.58,0.05,0.655492
640,lightweight_snake_ddqn,3,22.3754,10.26,9412,cpu,13,119,125.65,0.05,0.634081
641,lightweight_snake_ddqn,3,22.43,10.48,9412,cpu,16,116,157.71,0.05,1.998746
642,lightweight_snake_ddqn,3,22.447,10.42,9412,cpu,6,36,52.41,0.05,1.156152
643,lightweight_snake_ddqn,3,22.4657,10.26,9412,cpu,6,40,52.57,0.05,1.119974
644,lightweight_snake_ddqn,3,22.5132,10.1,9412,cpu,12,101,116.32,0.05,0.993459
645,lightweight_snake_ddqn,3,22.5696,10.3,9412,cpu,14,120,138.45,0.05,2.059618
646,lightweight_snake_ddqn,3,22.5733,10.14,9412,cpu,1,8,0.54,0.05,0.713994
647,lightweight_snake_ddqn,3,22.6136,10.08,9412,cpu,11,86,105.06,0.05,1.109463
648,lightweight_snake_ddqn,3,22.6836,10.24,9412,cpu,19,149,189.01,0.05,1.71309
649,lightweight_snake_ddqn,3,22.6972,9.8,9412,cpu,3,29,22.05,0.05,1.073415
650,lightweight_snake_ddqn,3,22.7533,10.0,9412,cpu,13,120,129.34,0.05,1.274711
651,lightweight_snake_ddqn,3,22.86,10.24,9412,cpu,25,227,256.49,0.05,0.382502
652,lightweight_snake_ddqn,3,22.9214,10.46,9412,cpu,15,131,149.15,0.05,1.728229
653,lightweight_snake_ddqn,3,22.9786,10.74,9412,cpu,15,122,147.34,0.05,1.323032
654,lightweight_snake_ddqn,3,23.0191,10.8,9412,cpu,10,87,95.84,0.05,1.178494
655,lightweight_snake_ddqn,3,23.0615,10.72,9412,cpu,12,90,116.13,0.05,0.919337
656,lightweight_snake_ddqn,3,23.1327,10.82,9412,cpu,18,152,180.37,0.05,1.815638
657,lightweight_snake_ddqn,3,23.1773,11.02,9412,cpu,12,95,116.78,0.05,0.933541
658,lightweight_snake_ddqn,3,23.1834,10.98,9412,cpu,2,13,10.5,0.05,0.15192
659,lightweight_snake_ddqn,3,23.2332,11.04,9412,cpu,13,106,126.88,0.05,1.29416
660,lightweight_snake_ddqn,3,23.2398,10.92,9412,cpu,1,14,0.88,0.05,1.007784
661,lightweight_snake_ddqn,3,23.2668,10.76,9412,cpu,6,57,54.1,0.05,0.740144
662,lightweight_snake_ddqn,3,23.3156,10.94,9412,cpu,11,103,106.79,0.05,1.781374
663,lightweight_snake_ddqn,3,23.3363,10.8,9412,cpu,6,44,52.93,0.05,1.273358
664,lightweight_snake_ddqn,3,23.3684,10.72,9412,cpu,12,68,114.75,0.05,1.708189
665,lightweight_snake_ddqn,3,23.4247,10.68,9412,cpu,16,120,158.07,0.05,1.150794
666,lightweight_snake_ddqn,3,23.4794,10.56,9412,cpu,14,117,136.38,0.05,1.40875
667,lightweight_snake_ddqn,3,23.4993,10.44,9412,cpu,7,42,62.86,0.05,1.603156
668,lightweight_snake_ddqn,3,23.5212,10.32,9412,cpu,5,47,42.49,0.05,1.712609
669,lightweight_snake_ddqn,3,23.5433,10.4,9412,cpu,6,47,52.8,0.05,1.073785
670,lightweight_snake_ddqn,3,23.5555,10.06,9412,cpu,2,26,11.87,0.05,1.236964
671,lightweight_snake_ddqn,3,23.6056,10.06,9412,cpu,10,107,95.84,0.05,1.282307
672,lightweight_snake_ddqn,3,23.6152,9.92,9412,cpu,4,20,31.35,0.05,1.761968
673,lightweight_snake_ddqn,3,23.6433,9.86,9412,cpu,8,60,74.39,0.05,1.358999
674,lightweight_snake_ddqn,3,23.703,10.04,9412,cpu,19,127,187.03,0.05,0.631886
675,lightweight_snake_ddqn,3,23.769,10.38,9412,cpu,23,140,228.64,0.05,1.262695
676,lightweight_snake_ddqn,3,23.788,10.36,9412,cpu,3,41,22.93,0.05,1.118099
677,lightweight_snake_ddqn,3,23.7923,10.24,9412,cpu,1,9,0.63,0.05,1.92783
678,lightweight_snake_ddqn,3,23.8516,10.3,9412,cpu,17,126,168.52,0.05,1.896007
679,lightweight_snake_ddqn,3,23.8988,10.32,9412,cpu,11,101,106.21,0.05,0.837345
680,lightweight_snake_ddqn,3,23.9495,10.14,9412,cpu,12,108,117.55,0.05,1.269496
681,lightweight_snake_ddqn,3,23.9983,10.24,9412,cpu,13,103,127.61,0.05,1.39325
682,lightweight_snake_ddqn,3,24.0456,10.22,9412,cpu,11,101,104.61,0.05,1.068189
683,lightweight_snake_ddqn,3,24.0535,10.26,9412,cpu,3,17,20.97,0.05,2.120225
684,lightweight_snake_ddqn,3,24.0782,10.12,9412,cpu,6,53,52.54,0.05,0.811932
685,lightweight_snake_ddqn,3,24.1424,10.38,9412,cpu,16,137,158.4,0.05,0.84381
686,lightweight_snake_ddqn,3,24.221,10.56,9412,cpu,18,167,179.52,0.05,0.660785
687,lightweight_snake_ddqn,3,24.2568,10.64,9412,cpu,11,76,105.56,0.05,0.881198
688,lightweight_snake_ddqn,3,24.2698,10.44,9412,cpu,2,28,12.25,0.05,1.499077
689,lightweight_snake_ddqn,3,24.3456,10.56,9412,cpu,18,161,178.98,0.05,0.727196
690,lightweight_snake_ddqn,3,24.3976,10.58,9412,cpu,14,111,136.84,0.05,0.917979
691,lightweight_snake_ddqn,3,24.4879,10.68,9412,cpu,21,192,211.9,0.05,0.546049
692,lightweight_snake_ddqn,3,24.5434,10.9,9412,cpu,17,118,167.8,0.05,0.415633
693,lightweight_snake_ddqn,3,24.5796,11.0,9412,cpu,11,77,105.25,0.05,1.581259
694,lightweight_snake_ddqn,3,24.5908,10.82,9412,cpu,3,24,21.8,0.05,0.545421
695,lightweight_snake_ddqn,3,24.6189,10.72,9412,cpu,9,60,84.3,0.05,1.066298
696,lightweight_snake_ddqn,3,24.6373,10.82,9412,cpu,6,39,51.68,0.05,1.39317
697,lightweight_snake_ddqn,3,24.6875,10.86,9412,cpu,13,107,127.17,0.05,1.180042
698,lightweight_snake_ddqn,3,24.7406,10.78,9412,cpu,15,113,148.53,0.05,1.162664
699,lightweight_snake_ddqn,3,24.8027,11.12,9412,cpu,20,132,197.79,0.05,0.537223
700,lightweight_snake_ddqn,3,24.836,11.06,9412,cpu,10,71,94.6,0.05,1.260334
701,lightweight_snake_ddqn,3,24.843,10.6,9412,cpu,2,15,11.08,0.05,1.24965
702,lightweight_snake_ddqn,3,24.8871,10.62,9412,cpu,16,94,156.53,0.05,0.256047
703,lightweight_snake_ddqn,3,24.9106,10.5,9412,cpu,9,50,83.0,0.05,1.241874
704,lightweight_snake_ddqn,3,24.9453,10.48,9412,cpu,9,74,84.96,0.05,0.37687
705,lightweight_snake_ddqn,3,24.9916,10.48,9412,cpu,12,98,115.45,0.05,1.506295
706,lightweight_snake_ddqn,3,25.0151,10.26,9412,cpu,7,50,63.38,0.05,1.468864
707,lightweight_snake_ddqn,3,25.025,10.08,9412,cpu,3,21,21.33,0.05,0.948333
708,lightweight_snake_ddqn,3,25.1014,10.46,9412,cpu,21,162,211.4,0.05,1.429064
709,lightweight_snake_ddqn,3,25.1478,10.48,9412,cpu,14,98,135.27,0.05,1.215538
710,lightweight_snake_ddqn,3,25.2149,10.84,9412,cpu,19,141,189.29,0.05,0.406642
711,lightweight_snake_ddqn,3,25.2268,10.82,9412,cpu,5,25,41.71,0.05,0.807276
712,lightweight_snake_ddqn,3,25.2525,10.76,9412,cpu,8,54,73.85,0.05,1.529604
713,lightweight_snake_ddqn,3,25.272,10.74,9412,cpu,5,41,43.15,0.05,1.292323
714,lightweight_snake_ddqn,3,25.3068,10.76,9412,cpu,13,73,124.31,0.05,1.249819
715,lightweight_snake_ddqn,3,25.3177,10.52,9412,cpu,4,23,31.62,0.05,2.097175
716,lightweight_snake_ddqn,3,25.357,10.5,9412,cpu,13,83,126.21,0.05,1.24546
717,lightweight_snake_ddqn,3,25.4508,10.84,9412,cpu,24,198,242.77,0.05,0.824463
718,lightweight_snake_ddqn,3,25.4674,10.84,9412,cpu,5,35,42.41,0.05,0.988058
719,lightweight_snake_ddqn,3,25.4824,10.84,9412,cpu,6,32,52.25,0.05,0.828898
720,lightweight_snake_ddqn,3,25.5311,11.02,9412,cpu,11,103,106.39,0.05,0.769565
721,lightweight_snake_ddqn,3,25.5584,10.94,9412,cpu,6,58,52.79,0.05,1.426863
722,lightweight_snake_ddqn,3,25.5743,10.94,9412,cpu,4,34,32.01,0.05,1.689112
723,lightweight_snake_ddqn,3,25.6002,10.9,9412,cpu,6,55,53.52,0.05,1.73487
724,lightweight_snake_ddqn,3,25.628,10.72,9412,cpu,10,59,94.12,0.05,0.841098
725,lightweight_snake_ddqn,3,25.6516,10.4,9412,cpu,7,50,63.58,0.05,0.26115
726,lightweight_snake_ddqn,3,25.7244,10.68,9412,cpu,17,154,170.44,0.05,1.982614
727,lightweight_snake_ddqn,3,25.7523,10.84,9412,cpu,9,59,83.61,0.05,0.290647
728,lightweight_snake_ddqn,3,25.8051,10.8,9412,cpu,15,112,147.24,0.05,2.0926
729,lightweight_snake_ddqn,3,25.8461,10.82,9412,cpu,12,87,115.66,0.05,0.450927
730,lightweight_snake_ddqn,3,25.8808,10.82,9412,cpu,12,73,115.2,0.05,0.95418
731,lightweight_snake_ddqn,3,25.9209,10.78,9412,cpu,11,85,106.37,0.05,0.370485
732,lightweight_snake_ddqn,3,25.9541,10.74,9412,cpu,9,70,84.4,0.05,0.938447
733,lightweight_snake_ddqn,3,26.011,11.02,9412,cpu,17,120,167.78,0.05,0.588109
734,lightweight_snake_ddqn,3,26.0322,10.98,9412,cpu,4,45,32.8,0.05,1.476019
735,lightweight_snake_ddqn,3,26.0906,10.9,9412,cpu,12,124,118.39,0.05,1.423224
736,lightweight_snake_ddqn,3,26.1285,10.76,9412,cpu,11,80,105.52,0.05,1.365239
737,lightweight_snake_ddqn,3,26.2184,10.98,9412,cpu,22,190,221.63,0.05,0.869943
738,lightweight_snake_ddqn,3,26.2921,11.34,9412,cpu,20,155,201.26,0.05,1.020685
739,lightweight_snake_ddqn,3,26.3248,11.14,9412,cpu,8,69,75.0,0.05,1.200057
740,lightweight_snake_ddqn,3,26.4692,11.46,9412,cpu,30,305,305.66,0.05,1.195107
741,lightweight_snake_ddqn,3,26.5084,11.24,9412,cpu,10,83,95.68,0.05,1.707631
742,lightweight_snake_ddqn,3,26.6075,11.34,9412,cpu,22,210,222.03,0.05,0.358055
743,lightweight_snake_ddqn,3,26.7171,11.6,9412,cpu,24,212,243.23,0.05,0.817129
744,lightweight_snake_ddqn,3,26.7967,11.94,9412,cpu,20,168,200.83,0.05,1.134105
745,lightweight_snake_ddqn,3,26.8313,11.9,9412,cpu,7,73,64.65,0.05,0.61251
746,lightweight_snake_ddqn,3,26.9005,12.12,9412,cpu,17,146,170.32,0.05,1.310868
747,lightweight_snake_ddqn,3,26.9616,12.14,9412,cpu,14,129,138.06,0.05,0.743675
748,lightweight_snake_ddqn,3,27.0128,12.18,9412,cpu,17,109,167.59,0.05,1.173272
749,lightweight_snake_ddqn,3,27.1097,12.16,9412,cpu,19,205,191.85,0.05,1.166815
750,lightweight_snake_ddqn,3,27.164,12.3,9412,cpu,17,115,166.93,0.05,1.673953
751,lightweight_snake_ddqn,3,27.1895,12.42,9412,cpu,8,54,73.65,0.05,1.681322
752,lightweight_snake_ddqn,3,27.2515,12.38,9412,cpu,14,131,136.64,0.05,1.201066
753,lightweight_snake_ddqn,3,27.2857,12.34,9412,cpu,7,73,64.65,0.05,1.535687
754,lightweight_snake_ddqn,3,27.3326,12.44,9412,cpu,14,99,137.36,0.05,0.714106
755,lightweight_snake_ddqn,3,27.4272,12.66,9412,cpu,23,201,232.53,0.05,0.798581
756,lightweight_snake_ddqn,3,27.4442,12.68,9412,cpu,8,36,72.03,0.05,0.9646
757,lightweight_snake_ddqn,3,27.4689,12.8,9412,cpu,9,52,82.78,0.05,1.011059
758,lightweight_snake_ddqn,3,27.5379,12.78,9412,cpu,20,146,200.05,0.05,0.40785
759,lightweight_snake_ddqn,3,27.5497,12.54,9412,cpu,2,25,11.98,0.05,1.160374
760,lightweight_snake_ddqn,3,27.6406,12.62,9412,cpu,23,193,234.21,0.05,1.125782
761,lightweight_snake_ddqn,3,27.7106,12.88,9412,cpu,18,149,179.3,0.05,1.306958
762,lightweight_snake_ddqn,3,27.7257,12.82,9412,cpu,5,32,42.14,0.05,0.354643
763,lightweight_snake_ddqn,3,27.8134,13.22,9412,cpu,25,184,250.82,0.05,0.971821
764,lightweight_snake_ddqn,3,27.8241,13.04,9412,cpu,4,22,31.33,0.05,1.44836
765,lightweight_snake_ddqn,3,27.8845,13.26,9412,cpu,15,124,148.52,0.05,0.623746
766,lightweight_snake_ddqn,3,27.8894,13.02,9412,cpu,1,9,0.63,0.05,1.172607
767,lightweight_snake_ddqn,3,27.9055,12.62,9412,cpu,4,33,32.12,0.05,0.958799
768,lightweight_snake_ddqn,3,27.9126,12.56,9412,cpu,2,15,11.08,0.05,1.664578
769,lightweight_snake_ddqn,3,28.0054,12.9,9412,cpu,23,195,231.39,0.05,0.807486
770,lightweight_snake_ddqn,3,28.0723,12.98,9412,cpu,15,143,149.43,0.05,0.714976
771,lightweight_snake_ddqn,3,28.0776,12.92,9412,cpu,3,11,20.63,0.05,0.437358
772,lightweight_snake_ddqn,3,28.1064,13.0,9412,cpu,8,61,74.28,0.05,0.877623
773,lightweight_snake_ddqn,3,28.1455,13.1,9412,cpu,11,83,104.99,0.05,0.986469
774,lightweight_snake_ddqn,3,28.1713,13.02,9412,cpu,6,55,53.12,0.05,1.489113
775,lightweight_snake_ddqn,3,28.2003,13.02,9412,cpu,7,62,63.86,0.05,1.361229
776,lightweight_snake_ddqn,3,28.2488,12.86,9412,cpu,9,103,86.97,0.05,1.107001
777,lightweight_snake_ddqn,3,28.3197,13.0,9412,cpu,16,150,160.77,0.05,2.010956
778,lightweight_snake_ddqn,3,28.3642,12.94,9412,cpu,12,94,115.69,0.05,0.838046
779,lightweight_snake_ddqn,3,28.4575,13.14,9412,cpu,22,193,222.1,0.05,1.230414
780,lightweight_snake_ddqn,3,28.5468,13.36,9412,cpu,23,185,232.69,0.05,0.680577
781,lightweight_snake_ddqn,3,28.579,13.36,9412,cpu,11,68,104.04,0.05,1.865083
782,lightweight_snake_ddqn,3,28.6012,13.28,9412,cpu,5,47,43.29,0.05,0.693269
783,lightweight_snake_ddqn,3,28.6121,13.0,9412,cpu,3,23,21.71,0.05,0.770005
784,lightweight_snake_ddqn,3,28.6644,13.18,9412,cpu,13,111,128.13,0.05,0.529261
785,lightweight_snake_ddqn,3,28.7622,13.32,9412,cpu,19,202,192.18,0.05,1.15224
786,lightweight_snake_ddqn,3,28.7918,13.28,9412,cpu,9,62,83.68,0.05,0.575347
787,lightweight_snake_ddqn,3,28.8327,13.08,9412,cpu,12,86,116.37,0.05,1.834507
788,lightweight_snake_ddqn,3,28.8999,12.98,9412,cpu,15,141,147.25,0.05,0.850297
789,lightweight_snake_ddqn,3,28.9412,13.04,9412,cpu,11,87,106.75,0.05,1.43066
790,lightweight_snake_ddqn,3,28.9778,12.6,9412,cpu,8,76,73.83,0.05,1.853576
791,lightweight_snake_ddqn,3,29.0282,12.72,9412,cpu,16,106,157.01,0.05,1.499781
792,lightweight_snake_ddqn,3,29.0922,12.66,9412,cpu,19,134,188.66,0.05,0.421154
793,lightweight_snake_ddqn,3,29.1325,12.4,9412,cpu,11,86,104.86,0.05,0.64126
794,lightweight_snake_ddqn,3,29.1569,12.1,9412,cpu,5,52,43.74,0.05,1.435868
795,lightweight_snake_ddqn,3,29.1763,12.04,9412,cpu,4,41,32.64,0.05,0.563059
796,lightweight_snake_ddqn,3,29.2019,11.82,9412,cpu,6,54,53.83,0.05,1.693206
797,lightweight_snake_ddqn,3,29.2085,11.6,9412,cpu,3,14,20.7,0.05,1.297622
798,lightweight_snake_ddqn,3,29.2261,11.34,9412,cpu,4,37,32.28,0.05,1.262016
799,lightweight_snake_ddqn,3,29.2573,11.16,9412,cpu,10,66,94.35,0.05,1.213227
800,lightweight_snake_ddqn,3,29.3111,11.1,9412,cpu,14,114,137.71,0.05,1.063538
801,lightweight_snake_ddqn,3,29.3862,11.26,9412,cpu,16,156,159.31,0.05,0.612517
802,lightweight_snake_ddqn,3,29.4182,11.16,9412,cpu,9,68,82.42,0.05,1.433035
803,lightweight_snake_ddqn,3,29.4658,11.26,9412,cpu,12,101,117.32,0.05,1.153237
804,lightweight_snake_ddqn,3,29.4724,11.04,9412,cpu,3,14,20.9,0.05,1.319118
805,lightweight_snake_ddqn,3,29.5225,10.84,9412,cpu,13,107,127.37,0.05,1.229519
806,lightweight_snake_ddqn,3,29.5656,10.94,9412,cpu,13,92,124.02,0.05,0.658994
807,lightweight_snake_ddqn,3,29.637,11.18,9412,cpu,21,152,209.5,0.05,1.403689
808,lightweight_snake_ddqn,3,29.6726,10.98,9412,cpu,10,76,95.05,0.05,1.518782
809,lightweight_snake_ddqn,3,29.6923,11.06,9412,cpu,6,42,52.75,0.05,0.717915
810,lightweight_snake_ddqn,3,29.756,10.92,9412,cpu,16,136,158.91,0.05,0.922833
811,lightweight_snake_ddqn,3,29.7917,10.68,9412,cpu,6,76,53.81,0.05,1.307316
812,lightweight_snake_ddqn,3,29.8253,10.74,9412,cpu,8,72,75.47,0.05,1.343378
813,lightweight_snake_ddqn,3,29.8732,10.54,9412,cpu,15,103,147.23,0.05,1.414638
814,lightweight_snake_ddqn,3,29.9035,10.6,9412,cpu,7,65,64.13,0.05,0.786703
815,lightweight_snake_ddqn,3,29.9091,10.32,9412,cpu,1,12,0.9,0.05,2.055628
816,lightweight_snake_ddqn,3,29.9539,10.54,9412,cpu,12,96,116.27,0.05,0.906506
817,lightweight_snake_ddqn,3,30.02,10.76,9412,cpu,15,141,148.45,0.05,1.344283
818,lightweight_snake_ddqn,3,30.0387,10.82,9412,cpu,5,40,42.66,0.05,1.139767
819,lightweight_snake_ddqn,3,30.1019,10.66,9412,cpu,15,134,149.62,0.05,0.677697
820,lightweight_snake_ddqn,3,30.1411,10.58,9412,cpu,11,83,105.19,0.05,1.030912
821,lightweight_snake_ddqn,3,30.1449,10.56,9412,cpu,2,8,10.25,0.05,1.044368
822,lightweight_snake_ddqn,3,30.1683,10.56,9412,cpu,8,49,73.2,0.05,0.724455
823,lightweight_snake_ddqn,3,30.1722,10.36,9412,cpu,1,8,0.54,0.05,1.3388
824,lightweight_snake_ddqn,3,30.1861,10.3,9412,cpu,3,29,21.65,0.05,0.987689
825,lightweight_snake_ddqn,3,30.3173,10.76,9412,cpu,30,276,304.85,0.05,0.62939
826,lightweight_snake_ddqn,3,30.3659,10.88,9412,cpu,15,103,146.23,0.05,0.6633
827,lightweight_snake_ddqn,3,30.4333,10.9,9412,cpu,17,143,170.25,0.05,0.792816
828,lightweight_snake_ddqn,3,30.4825,10.9,9412,cpu,12,104,117.19,0.05,1.086082
829,lightweight_snake_ddqn,3,30.5151,10.66,9412,cpu,10,69,95.02,0.05,0.965824
830,lightweight_snake_ddqn,3,30.5221,10.22,9412,cpu,1,15,1.17,0.05,1.079481
831,lightweight_snake_ddqn,3,30.5739,10.3,9412,cpu,15,110,147.46,0.05,1.501261
832,lightweight_snake_ddqn,3,30.6266,10.56,9412,cpu,18,112,176.77,0.05,1.660547
833,lightweight_snake_ddqn,3,30.7298,10.98,9412,cpu,24,220,242.35,0.05,1.474211
834,lightweight_snake_ddqn,3,30.8063,11.12,9412,cpu,20,163,199.78,0.05,1.554472
835,lightweight_snake_ddqn,3,30.8595,11.08,9412,cpu,17,113,166.95,0.05,0.962904
836,lightweight_snake_ddqn,3,30.8792,11.02,9412,cpu,6,42,53.15,0.05,0.360226
837,lightweight_snake_ddqn,3,30.978,11.32,9412,cpu,27,211,274.07,0.05,1.12007
838,lightweight_snake_ddqn,3,31.0492,11.36,9412,cpu,17,152,167.86,0.05,0.789631
839,lightweight_snake_ddqn,3,31.0573,11.18,9412,cpu,2,17,10.86,0.05,0.812672
840,lightweight_snake_ddqn,3,31.103,11.24,9412,cpu,11,97,106.45,0.05,0.122527
841,lightweight_snake_ddqn,3,31.1701,11.32,9412,cpu,20,143,197.98,0.05,1.625543
842,lightweight_snake_ddqn,3,31.1889,11.08,9412,cpu,7,40,62.48,0.05,1.185417
843,lightweight_snake_ddqn,3,31.2152,11.06,9412,cpu,10,56,94.05,0.05,1.17599
844,lightweight_snake_ddqn,3,31.2479,11.14,9412,cpu,9,70,82.6,0.05,0.95239
845,lightweight_snake_ddqn,3,31.2858,11.26,9412,cpu,10,81,95.3,0.05,1.13917
846,lightweight_snake_ddqn,3,31.3229,11.34,9412,cpu,10,79,94.32,0.05,0.596358
847,lightweight_snake_ddqn,3,31.4045,11.74,9412,cpu,23,174,230.5,0.05,0.874725
848,lightweight_snake_ddqn,3,31.45,11.9,9412,cpu,12,97,116.36,0.05,0.784475
849,lightweight_snake_ddqn,3,31.5014,12.08,9412,cpu,19,109,187.01,0.05,1.199375
850,lightweight_snake_ddqn,3,31.5118,11.84,9412,cpu,2,22,11.51,0.05,1.525704
851,lightweight_snake_ddqn,3,31.5275,11.66,9412,cpu,7,33,62.05,0.05,0.991027
852,lightweight_snake_ddqn,3,31.5639,11.66,9412,cpu,9,77,85.63,0.05,1.275462
853,lightweight_snake_ddqn,3,31.6166,11.66,9412,cpu,12,112,118.31,0.05,1.40652
854,lightweight_snake_ddqn,3,31.6504,11.76,9412,cpu,8,72,74.07,0.05,1.265516
855,lightweight_snake_ddqn,3,31.6674,11.56,9412,cpu,3,36,22.28,0.05,1.514692
856,lightweight_snake_ddqn,3,31.7446,11.68,9412,cpu,19,164,190.76,0.05,0.744707
857,lightweight_snake_ddqn,3,31.7891,11.44,9412,cpu,9,95,84.45,0.05,1.744952
858,lightweight_snake_ddqn,3,31.8321,11.44,9412,cpu,10,92,96.09,0.05,1.640149
859,lightweight_snake_ddqn,3,31.8682,11.5,9412,cpu,9,77,85.23,0.05,1.025562
860,lightweight_snake_ddqn,3,31.9381,11.58,9412,cpu,20,149,198.72,0.05,1.459919
861,lightweight_snake_ddqn,3,31.9489,11.54,9412,cpu,4,23,31.62,0.05,1.45947
862,lightweight_snake_ddqn,3,32.0221,11.82,9412,cpu,22,156,221.37,0.05,0.663306
863,lightweight_snake_ddqn,3,32.0324,11.56,9412,cpu,2,22,11.51,0.05,0.810986
864,lightweight_snake_ddqn,3,32.0849,11.68,9412,cpu,13,112,128.42,0.05,0.400112
865,lightweight_snake_ddqn,3,32.1784,12.06,9412,cpu,20,200,200.51,0.05,0.887478
866,lightweight_snake_ddqn,3,32.1897,11.88,9412,cpu,3,24,21.8,0.05,1.124538
867,lightweight_snake_ddqn,3,32.2495,11.96,9412,cpu,19,127,186.83,0.05,1.36059
868,lightweight_snake_ddqn,3,32.2538,11.88,9412,cpu,1,9,0.63,0.05,1.936519
869,lightweight_snake_ddqn,3,32.3165,11.84,9412,cpu,13,134,127.0,0.05,1.613018
870,lightweight_snake_ddqn,3,32.3532,11.76,9412,cpu,7,78,65.7,0.05,0.673357
871,lightweight_snake_ddqn,3,32.4189,12.06,9412,cpu,17,139,169.49,0.05,1.100858
872,lightweight_snake_ddqn,3,32.5284,12.5,9412,cpu,30,233,302.58,0.05,0.823995
873,lightweight_snake_ddqn,3,32.5522,12.64,9412,cpu,8,51,73.38,0.05,0.557155
874,lightweight_snake_ddqn,3,32.5912,12.8,9412,cpu,11,83,105.79,0.05,1.1012
875,lightweight_snake_ddqn,3,32.6181,12.36,9412,cpu,8,57,74.12,0.05,1.045127
876,lightweight_snake_ddqn,3,32.6893,12.44,9412,cpu,19,152,190.48,0.05,1.157296
877,lightweight_snake_ddqn,3,32.6944,12.1,9412,cpu,0,11,-9.3,0.05,1.144661
878,lightweight_snake_ddqn,3,32.7084,11.94,9412,cpu,4,30,32.05,0.05,1.344803
879,lightweight_snake_ddqn,3,32.7428,11.98,9412,cpu,12,73,115.0,0.05,1.823587
880,lightweight_snake_ddqn,3,32.7917,12.24,9412,cpu,14,104,135.81,0.05,0.682506
881,lightweight_snake_ddqn,3,32.8142,12.08,9412,cpu,7,48,63.0,0.05,1.664996
882,lightweight_snake_ddqn,3,32.8217,11.78,9412,cpu,3,16,21.08,0.05,1.68693
883,lightweight_snake_ddqn,3,32.8804,11.6,9412,cpu,15,125,149.21,0.05,1.045936
884,lightweight_snake_ddqn,3,32.949,11.54,9412,cpu,17,146,170.92,0.05,0.988513
885,lightweight_snake_ddqn,3,33.0041,11.56,9412,cpu,18,117,177.62,0.05,0.823465
886,lightweight_snake_ddqn,3,33.0487,11.72,9412,cpu,14,95,136.4,0.05,1.212652
887,lightweight_snake_ddqn,3,33.1087,11.48,9412,cpu,15,128,148.68,0.05,1.490617
888,lightweight_snake_ddqn,3,33.1569,11.38,9412,cpu,12,103,116.7,0.05,1.634926
889,lightweight_snake_ddqn,3,33.1845,11.46,9412,cpu,6,59,53.68,0.05,1.309331
890,lightweight_snake_ddqn,3,33.1897,11.26,9412,cpu,1,11,0.81,0.05,1.547388
891,lightweight_snake_ddqn,3,33.2347,11.16,9412,cpu,15,96,146.2,0.05,1.181648
892,lightweight_snake_ddqn,3,33.3042,11.38,9412,cpu,18,147,178.72,0.05,0.693762
893,lightweight_snake_ddqn,3,33.3531,11.42,9412,cpu,12,104,115.59,0.05,1.379444
894,lightweight_snake_ddqn,3,33.3898,11.52,9412,cpu,14,78,135.47,0.05,0.820209
895,lightweight_snake_ddqn,3,33.4353,11.6,9412,cpu,14,97,136.38,0.05,1.250948
896,lightweight_snake_ddqn,3,33.4474,11.46,9412,cpu,3,26,21.98,0.05,0.558647
897,lightweight_snake_ddqn,3,33.4946,11.22,9412,cpu,11,101,107.01,0.05,0.902023
898,lightweight_snake_ddqn,3,33.5171,11.1,9412,cpu,6,48,53.69,0.05,1.273314
899,lightweight_snake_ddqn,3,33.5812,11.02,9412,cpu,15,137,147.29,0.05,1.552633
900,lightweight_snake_ddqn,3,33.6645,11.44,9412,cpu,23,178,231.46,0.05,0.552916
901,lightweight_snake_ddqn,3,33.6949,11.5,9412,cpu,10,65,94.66,0.05,1.17639
902,lightweight_snake_ddqn,3,33.7565,11.68,9412,cpu,18,131,177.88,0.05,0.153825
903,lightweight_snake_ddqn,3,33.7871,11.64,9412,cpu,10,65,94.66,0.05,0.992005
904,lightweight_snake_ddqn,3,33.8228,11.62,9412,cpu,7,76,64.92,0.05,1.52327
905,lightweight_snake_ddqn,3,33.8673,11.78,9412,cpu,11,95,106.47,0.05,0.503531
906,lightweight_snake_ddqn,3,33.9121,11.62,9412,cpu,11,96,105.16,0.05,1.48378
907,lightweight_snake_ddqn,3,33.944,11.62,9412,cpu,9,68,84.42,0.05,0.735678
908,lightweight_snake_ddqn,3,33.9865,11.7,9412,cpu,14,91,135.04,0.05,0.611532
909,lightweight_snake_ddqn,3,34.003,11.62,9412,cpu,5,35,42.41,0.05,1.108341
910,lightweight_snake_ddqn,3,34.0985,11.62,9412,cpu,20,204,200.27,0.05,0.892539
911,lightweight_snake_ddqn,3,34.1861,11.94,9412,cpu,20,187,202.34,0.05,1.195723
912,lightweight_snake_ddqn,3,34.2133,11.64,9412,cpu,7,58,64.1,0.05,0.743138
913,lightweight_snake_ddqn,3,34.2663,11.88,9412,cpu,14,112,137.53,0.05,1.989885
914,lightweight_snake_ddqn,3,34.317,11.88,9412,cpu,13,108,126.66,0.05,0.897514
915,lightweight_snake_ddqn,3,34.3498,11.62,9412,cpu,7,70,64.18,0.05,1.114709
916,lightweight_snake_ddqn,3,34.3934,11.76,9412,cpu,10,93,96.78,0.05,1.115398
917,lightweight_snake_ddqn,3,34.4116,11.46,9412,cpu,4,39,32.86,0.05,0.303049
918,lightweight_snake_ddqn,3,34.4639,11.74,9412,cpu,15,111,148.15,0.05,1.109018
919,lightweight_snake_ddqn,3,34.4935,11.6,9412,cpu,6,63,54.24,0.05,0.590699
920,lightweight_snake_ddqn,3,34.5149,11.58,9412,cpu,6,46,53.51,0.05,0.405964
921,lightweight_snake_ddqn,3,34.5476,11.44,9412,cpu,10,70,94.51,0.05,1.744608
922,lightweight_snake_ddqn,3,34.5649,10.92,9412,cpu,4,37,32.28,0.05,1.28297
923,lightweight_snake_ddqn,3,34.6102,10.98,9412,cpu,11,97,105.65,0.05,1.104714
924,lightweight_snake_ddqn,3,34.6555,11.0,9412,cpu,12,97,115.76,0.05,0.773696
925,lightweight_snake_ddqn,3,34.6755,10.94,9412,cpu,5,43,43.13,0.05,1.431284
926,lightweight_snake_ddqn,3,34.7077,10.74,9412,cpu,9,69,85.11,0.05,1.413148
927,lightweight_snake_ddqn,3,34.7785,11.08,9412,cpu,17,151,168.77,0.05,0.802873
928,lightweight_snake_ddqn,3,34.855,11.42,9412,cpu,21,163,210.89,0.05,1.091318
929,lightweight_snake_ddqn,3,34.8993,11.38,9412,cpu,10,95,96.76,0.05,1.712453
930,lightweight_snake_ddqn,3,34.9579,11.44,9412,cpu,17,125,168.63,0.05,0.81404
931,lightweight_snake_ddqn,3,35.0019,11.52,9412,cpu,11,94,106.18,0.05,1.797396
932,lightweight_snake_ddqn,3,35.0417,11.68,9412,cpu,11,85,106.37,0.05,0.731424
933,lightweight_snake_ddqn,3,35.0619,11.48,9412,cpu,5,43,42.33,0.05,1.372189
934,lightweight_snake_ddqn,3,35.0814,11.24,9412,cpu,5,42,42.84,0.05,1.512406
935,lightweight_snake_ddqn,3,35.1394,11.24,9412,cpu,18,124,177.85,0.05,0.990841
936,lightweight_snake_ddqn,3,35.2003,11.28,9412,cpu,16,130,158.57,0.05,0.771368
937,lightweight_snake_ddqn,3,35.2254,11.1,9412,cpu,6,54,53.63,0.05,1.224633
938,lightweight_snake_ddqn,3,35.2628,11.06,9412,cpu,10,80,95.21,0.05,1.483701
939,lightweight_snake_ddqn,3,35.2882,11.1,9412,cpu,8,54,74.05,0.05,2.226048
940,lightweight_snake_ddqn,3,35.4031,11.56,9412,cpu,24,245,242.8,0.05,0.898396
941,lightweight_snake_ddqn,3,35.4639,11.62,9412,cpu,18,130,177.79,0.05,0.631297
942,lightweight_snake_ddqn,3,35.5622,11.78,9412,cpu,26,210,264.47,0.05,1.114486
943,lightweight_snake_ddqn,3,35.586,11.68,9412,cpu,7,51,63.87,0.05,1.523146
944,lightweight_snake_ddqn,3,35.6591,11.78,9412,cpu,19,156,189.44,0.05,1.310701
945,lightweight_snake_ddqn,3,35.7301,11.86,9412,cpu,18,152,179.37,0.05,1.113572
946,lightweight_snake_ddqn,3,35.7761,12.04,9412,cpu,12,98,117.25,0.05,0.237984
947,lightweight_snake_ddqn,3,35.8076,12.06,9412,cpu,12,67,114.86,0.05,1.259934
948,lightweight_snake_ddqn,3,35.8387,12.12,9412,cpu,9,67,83.53,0.05,1.192445
949,lightweight_snake_ddqn,3,35.9013,12.14,9412,cpu,16,134,158.53,0.05,1.018723
950,lightweight_snake_ddqn,3,35.9307,11.8,9412,cpu,6,63,52.64,0.05,1.317188
951,lightweight_snake_ddqn,3,35.9923,11.94,9412,cpu,17,132,166.66,0.05,0.43759
952,lightweight_snake_ddqn,3,36.0533,11.92,9412,cpu,17,131,167.37,0.05,1.708763
953,lightweight_snake_ddqn,3,36.1097,12.02,9412,cpu,15,121,148.25,0.05,1.338956
954,lightweight_snake_ddqn,3,36.1512,12.1,9412,cpu,11,89,105.73,0.05,1.645668
955,lightweight_snake_ddqn,3,36.2235,12.24,9412,cpu,18,154,179.95,0.05,1.140422
956,lightweight_snake_ddqn,3,36.2469,12.18,9412,cpu,8,50,73.49,0.05,1.408013
957,lightweight_snake_ddqn,3,36.3264,12.48,9412,cpu,24,168,240.27,0.05,0.632708
958,lightweight_snake_ddqn,3,36.3723,12.44,9412,cpu,12,98,116.65,0.05,0.364043
959,lightweight_snake_ddqn,3,36.4303,12.7,9412,cpu,18,124,178.25,0.05,1.216348
960,lightweight_snake_ddqn,3,36.5053,12.66,9412,cpu,18,160,180.09,0.05,1.107824
961,lightweight_snake_ddqn,3,36.5573,12.56,9412,cpu,15,110,147.46,0.05,1.217225
962,lightweight_snake_ddqn,3,36.5915,12.56,9412,cpu,7,72,64.96,0.05,1.787429
963,lightweight_snake_ddqn,3,36.6075,12.34,9412,cpu,3,34,22.3,0.05,1.054231
964,lightweight_snake_ddqn,3,36.6969,12.56,9412,cpu,24,188,241.47,0.05,1.493618
965,lightweight_snake_ddqn,3,36.7904,12.78,9412,cpu,18,198,181.11,0.05,1.008359
966,lightweight_snake_ddqn,3,36.8194,12.76,9412,cpu,9,61,83.59,0.05,1.024632
967,lightweight_snake_ddqn,3,36.8748,13.0,9412,cpu,16,118,156.09,0.05,0.966549
968,lightweight_snake_ddqn,3,36.9051,12.88,9412,cpu,9,64,84.46,0.05,0.548996
969,lightweight_snake_ddqn,3,36.9638,13.14,9412,cpu,19,124,188.36,0.05,2.087174
970,lightweight_snake_ddqn,3,37.0362,13.34,9412,cpu,16,154,159.53,0.05,1.235168
971,lightweight_snake_ddqn,3,37.0893,13.46,9412,cpu,16,112,156.15,0.05,1.101212
972,lightweight_snake_ddqn,3,37.1298,13.64,9412,cpu,13,86,125.88,0.05,1.059984
973,lightweight_snake_ddqn,3,37.1807,13.68,9412,cpu,13,108,127.86,0.05,0.759692
974,lightweight_snake_ddqn,3,37.2435,13.7,9412,cpu,13,131,127.73,0.05,1.540184
975,lightweight_snake_ddqn,3,37.3721,14.16,9412,cpu,28,271,283.58,0.05,1.098582
976,lightweight_snake_ddqn,3,37.4176,14.24,9412,cpu,13,96,126.78,0.05,0.508786
977,lightweight_snake_ddqn,3,37.4209,13.9,9412,cpu,0,7,-9.46,0.05,0.828861
978,lightweight_snake_ddqn,3,37.4605,13.72,9412,cpu,12,84,115.79,0.05,1.282858
979,lightweight_snake_ddqn,3,37.4643,13.56,9412,cpu,2,8,10.45,0.05,1.490238
980,lightweight_snake_ddqn,3,37.4705,13.28,9412,cpu,3,13,20.81,0.05,1.271216
981,lightweight_snake_ddqn,3,37.4875,13.18,9412,cpu,6,36,52.41,0.05,1.15535
982,lightweight_snake_ddqn,3,37.4946,13.0,9412,cpu,2,15,10.88,0.05,0.820837
983,lightweight_snake_ddqn,3,37.5044,12.96,9412,cpu,3,21,21.13,0.05,1.31848
984,lightweight_snake_ddqn,3,37.581,13.28,9412,cpu,21,162,207.8,0.05,1.106936
985,lightweight_snake_ddqn,3,37.6177,13.1,9412,cpu,9,78,85.52,0.05,1.404462
986,lightweight_snake_ddqn,3,37.7259,13.38,9412,cpu,30,229,302.62,0.05,0.481683
987,lightweight_snake_ddqn,3,37.7911,13.58,9412,cpu,16,138,156.09,0.05,0.964413
988,lightweight_snake_ddqn,3,37.8095,13.52,9412,cpu,7,39,62.79,0.05,0.996982
989,lightweight_snake_ddqn,3,37.8515,13.6,9412,cpu,12,89,115.64,0.05,1.459188
990,lightweight_snake_ddqn,3,37.8647,13.2,9412,cpu,4,28,32.07,0.05,1.031952
991,lightweight_snake_ddqn,3,37.9218,13.16,9412,cpu,16,121,158.36,0.05,1.334333
992,lightweight_snake_ddqn,3,37.9299,12.68,9412,cpu,2,17,11.26,0.05,1.64836
993,lightweight_snake_ddqn,3,38.0285,13.02,9412,cpu,24,209,239.16,0.05,1.213784
994,lightweight_snake_ddqn,3,38.061,12.78,9412,cpu,7,69,65.09,0.05,0.828162
995,lightweight_snake_ddqn,3,38.0818,12.54,9412,cpu,6,44,53.13,0.05,1.414231
996,lightweight_snake_ddqn,3,38.1202,12.56,9412,cpu,13,81,125.63,0.05,2.011311
997,lightweight_snake_ddqn,3,38.1401,12.4,9412,cpu,4,42,33.13,0.05,0.797081
998,lightweight_snake_ddqn,3,38.2027,12.58,9412,cpu,18,133,179.86,0.05,0.60934
999,lightweight_snake_ddqn,3,38.2079,12.28,9412,cpu,1,11,0.81,0.05,1.331295
1000,lightweight_snake_ddqn,3,38.2258,12.26,9412,cpu,5,38,42.48,0.05,0.69115
1001,lightweight_snake_ddqn,3,38.2658,12.14,9412,cpu,11,85,106.57,0.05,0.75341
1002,lightweight_snake_ddqn,3,38.3431,12.26,9412,cpu,23,163,231.51,0.05,1.699701
1003,lightweight_snake_ddqn,3,38.4008,12.24,9412,cpu,14,122,139.43,0.05,1.100586
1004,lightweight_snake_ddqn,3,38.44,12.28,9412,cpu,13,83,124.81,0.05,0.983893
1005,lightweight_snake_ddqn,3,38.4817,12.16,9412,cpu,12,88,116.15,0.05,0.631887
1006,lightweight_snake_ddqn,3,38.4893,12.04,9412,cpu,2,16,11.17,0.05,1.102808
1007,lightweight_snake_ddqn,3,38.5429,11.8,9412,cpu,12,114,117.89,0.05,1.21707
1008,lightweight_snake_ddqn,3,38.638,12.1,9412,cpu,27,200,273.28,0.05,0.762391
1009,lightweight_snake_ddqn,3,38.6522,11.8,9412,cpu,3,30,21.94,0.05,1.334641
1010,lightweight_snake_ddqn,3,38.7075,11.72,9412,cpu,14,117,136.98,0.05,2.050353
1011,lightweight_snake_ddqn,3,38.7434,11.66,9412,cpu,12,76,112.67,0.05,1.103321
1012,lightweight_snake_ddqn,3,38.7622,11.62,9412,cpu,5,40,42.66,0.05,1.203193
1013,lightweight_snake_ddqn,3,38.8065,11.78,9412,cpu,11,94,104.98,0.05,0.90961
1014,lightweight_snake_ddqn,3,38.8591,11.58,9412,cpu,14,112,137.33,0.05,0.343154
1015,lightweight_snake_ddqn,3,38.8821,11.38,9412,cpu,8,49,72.6,0.05,1.06723
1016,lightweight_snake_ddqn,3,38.9619,11.64,9412,cpu,22,170,220.63,0.05,0.417124
1017,lightweight_snake_ddqn,3,39.0073,11.64,9412,cpu,16,97,156.0,0.05,1.065988
1018,lightweight_snake_ddqn,3,39.0452,11.68,9412,cpu,11,81,106.01,0.05,1.274529
1019,lightweight_snake_ddqn,3,39.1211,11.66,9412,cpu,18,162,179.27,0.05,0.30269
1020,lightweight_snake_ddqn,3,39.1974,11.8,9412,cpu,23,162,230.62,0.05,0.660249
1021,lightweight_snake_ddqn,3,39.2634,11.8,9412,cpu,16,140,159.47,0.05,0.777038
1022,lightweight_snake_ddqn,3,39.3135,11.76,9412,cpu,11,106,105.46,0.05,0.844939
1023,lightweight_snake_ddqn,3,39.3384,11.62,9412,cpu,6,53,53.54,0.05,0.937907
1024,lightweight_snake_ddqn,3,39.3869,11.66,9412,cpu,15,103,145.43,0.05,1.759677
1025,lightweight_snake_ddqn,3,39.4587,11.46,9412,cpu,18,153,180.46,0.05,2.161232
1026,lightweight_snake_ddqn,3,39.471,11.28,9412,cpu,4,26,31.49,0.05,1.264525
1027,lightweight_snake_ddqn,3,39.5117,11.5,9412,cpu,11,87,106.75,0.05,0.997896
1028,lightweight_snake_ddqn,3,39.6299,11.8,9412,cpu,27,252,271.56,0.05,1.179696
1029,lightweight_snake_ddqn,3,39.6865,12.02,9412,cpu,13,121,127.43,0.05,0.79641
1030,lightweight_snake_ddqn,3,39.7349,12.28,9412,cpu,16,103,156.74,0.05,0.968335
1031,lightweight_snake_ddqn,3,39.7894,12.48,9412,cpu,16,116,158.51,0.05,1.287968
1032,lightweight_snake_ddqn,3,39.8142,12.56,9412,cpu,6,53,53.74,0.05,0.438573
1033,lightweight_snake_ddqn,3,39.8643,12.72,9412,cpu,11,107,107.55,0.05,1.840011
1034,lightweight_snake_ddqn,3,39.9549,12.76,9412,cpu,23,193,232.21,0.05,1.445662
1035,lightweight_snake_ddqn,3,39.9596,12.6,9412,cpu,1,10,0.52,0.05,0.957356
1036,lightweight_snake_ddqn,3,40.0097,12.26,9412,cpu,13,107,126.97,0.05,1.562126
1037,lightweight_snake_ddqn,3,40.0336,12.1,9412,cpu,8,51,73.38,0.05,0.585014
1038,lightweight_snake_ddqn,3,40.0653,12.14,9412,cpu,9,68,84.22,0.05,1.095591
1039,lightweight_snake_ddqn,3,40.0807,11.94,9412,cpu,2,33,12.3,0.05,0.63663
1040,lightweight_snake_ddqn,3,40.108,12.06,9412,cpu,10,58,93.63,0.05,0.831766
1041,lightweight_snake_ddqn,3,40.1967,12.26,9412,cpu,26,189,262.78,0.05,2.395836
1042,lightweight_snake_ddqn,3,40.201,12.26,9412,cpu,2,9,10.54,0.05,1.999741
1043,lightweight_snake_ddqn,3,40.2186,11.84,9412,cpu,3,38,22.26,0.05,1.388988
1044,lightweight_snake_ddqn,3,40.2381,11.78,9412,cpu,4,41,32.64,0.05,1.335803
1045,lightweight_snake_ddqn,3,40.2517,11.72,9412,cpu,3,29,22.25,0.05,1.146105
1046,lightweight_snake_ddqn,3,40.2781,11.6,9412,cpu,7,56,64.12,0.05,1.211142
1047,lightweight_snake_ddqn,3,40.3337,11.78,9412,cpu,13,118,126.96,0.05,1.89572
1048,lightweight_snake_ddqn,3,40.3564,11.56,9412,cpu,7,48,63.6,0.05,1.447978
1049,lightweight_snake_ddqn,3,40.362,11.56,9412,cpu,1,12,0.9,0.05,0.601231
1050,lightweight_snake_ddqn,3,40.4298,11.78,9412,cpu,16,145,159.92,0.05,1.156084
1051,lightweight_snake_ddqn,3,40.487,11.86,9412,cpu,15,122,146.74,0.05,0.750238
1052,lightweight_snake_ddqn,3,40.5477,11.74,9412,cpu,17,130,167.08,0.05,1.26639
1053,lightweight_snake_ddqn,3,40.5754,11.6,9412,cpu,7,59,64.19,0.05,1.214701
1054,lightweight_snake_ddqn,3,40.6456,11.66,9412,cpu,16,150,159.57,0.05,1.415936
1055,lightweight_snake_ddqn,3,40.6836,11.68,9412,cpu,13,81,124.83,0.05,0.979732
1056,lightweight_snake_ddqn,3,40.724,11.9,9412,cpu,13,86,125.28,0.05,1.465321
1057,lightweight_snake_ddqn,3,40.7352,11.7,9412,cpu,2,24,11.69,0.05,1.073931
1058,lightweight_snake_ddqn,3,40.761,11.28,9412,cpu,6,55,53.32,0.05,0.792205
1059,lightweight_snake_ddqn,3,40.8431,11.62,9412,cpu,20,175,200.86,0.05,0.76621
1060,lightweight_snake_ddqn,3,40.8866,11.54,9412,cpu,10,93,95.78,0.05,1.610747
1061,lightweight_snake_ddqn,3,40.9462,11.72,9412,cpu,21,127,208.65,0.05,1.043295
1062,lightweight_snake_ddqn,3,41.0238,11.96,9412,cpu,17,166,172.12,0.05,1.559683
1063,lightweight_snake_ddqn,3,41.0294,11.76,9412,cpu,1,12,0.9,0.05,1.497506
1064,lightweight_snake_ddqn,3,41.0534,11.6,9412,cpu,6,51,52.56,0.05,0.768524
1065,lightweight_snake_ddqn,3,41.1318,11.82,9412,cpu,19,167,188.63,0.05,1.244461
1066,lightweight_snake_ddqn,3,41.1845,11.62,9412,cpu,12,113,117.6,0.05,0.912457
1067,lightweight_snake_ddqn,3,41.24,11.62,9412,cpu,16,118,158.29,0.05,0.327785
1068,lightweight_snake_ddqn,3,41.2521,11.46,9412,cpu,3,26,21.78,0.05,1.489941
1069,lightweight_snake_ddqn,3,41.3186,11.4,9412,cpu,15,141,149.65,0.05,0.753352
1070,lightweight_snake_ddqn,3,41.365,11.18,9412,cpu,12,99,115.94,0.05,2.179285
1071,lightweight_snake_ddqn,3,41.4419,11.18,9412,cpu,16,164,160.03,0.05,1.464647
1072,lightweight_snake_ddqn,3,41.4513,11.0,9412,cpu,2,20,11.53,0.05,0.92966
1073,lightweight_snake_ddqn,3,41.4952,11.12,9412,cpu,12,94,116.09,0.05,1.918636
1074,lightweight_snake_ddqn,3,41.5458,11.08,9412,cpu,13,108,127.46,0.05,2.240256
1075,lightweight_snake_ddqn,3,41.5594,10.8,9412,cpu,4,29,31.96,0.05,1.257248
1076,lightweight_snake_ddqn,3,41.5913,10.94,9412,cpu,11,68,104.24,0.05,0.677561
1077,lightweight_snake_ddqn,3,41.6945,11.18,9412,cpu,23,221,233.13,0.05,0.26404
1078,lightweight_snake_ddqn,3,41.7001,10.66,9412,cpu,1,12,0.5,0.05,1.638745
1079,lightweight_snake_ddqn,3,41.7288,10.56,9412,cpu,8,61,74.08,0.05,1.096321
1080,lightweight_snake_ddqn,3,41.7653,10.44,9412,cpu,10,78,95.23,0.05,1.206726
1081,lightweight_snake_ddqn,3,41.8236,10.44,9412,cpu,16,124,156.23,0.05,0.876918
1082,lightweight_snake_ddqn,3,41.868,10.62,9412,cpu,15,95,145.91,0.05,1.959199
1083,lightweight_snake_ddqn,3,41.9336,10.74,9412,cpu,17,140,168.58,0.05,0.844937
1084,lightweight_snake_ddqn,3,41.995,10.62,9412,cpu,17,131,168.97,0.05,1.365436
1085,lightweight_snake_ddqn,3,42.0362,10.88,9412,cpu,14,88,135.37,0.05,0.453364
1086,lightweight_snake_ddqn,3,42.0682,10.78,9412,cpu,8,68,74.91,0.05,0.96987
1087,lightweight_snake_ddqn,3,42.1268,10.86,9412,cpu,12,125,118.08,0.05,0.650984
1088,lightweight_snake_ddqn,3,42.1385,10.74,9412,cpu,3,25,21.89,0.05,1.117048
1089,lightweight_snake_ddqn,3,42.1469,10.74,9412,cpu,2,18,11.35,0.05,0.782837
1090,lightweight_snake_ddqn,3,42.2165,10.92,9412,cpu,19,148,188.32,0.05,1.643776
1091,lightweight_snake_ddqn,3,42.2739,10.72,9412,cpu,16,122,158.25,0.05,1.550117
1092,lightweight_snake_ddqn,3,42.3139,10.86,9412,cpu,9,85,85.55,0.05,1.16229
1093,lightweight_snake_ddqn,3,42.3196,10.84,9412,cpu,2,12,10.81,0.05,0.586343
1094,lightweight_snake_ddqn,3,42.3804,11.1,9412,cpu,17,129,168.79,0.05,1.478114
1095,lightweight_snake_ddqn,3,42.454,11.44,9412,cpu,20,157,199.84,0.05,1.557297
1096,lightweight_snake_ddqn,3,42.4672,11.38,9412,cpu,4,28,31.87,0.05,0.414847
1097,lightweight_snake_ddqn,3,42.5323,11.48,9412,cpu,18,139,176.0,0.05,1.296211
1098,lightweight_snake_ddqn,3,42.635,11.86,9412,cpu,26,219,263.88,0.05,1.216855
1099,lightweight_snake_ddqn,3,42.6898,12.1,9412,cpu,13,117,128.47,0.05,1.741067
1100,lightweight_snake_ddqn,3,42.7248,11.94,9412,cpu,8,73,74.56,0.05,1.381495
1101,lightweight_snake_ddqn,3,42.7526,11.84,9412,cpu,10,59,93.72,0.05,1.765446
1102,lightweight_snake_ddqn,3,42.798,11.8,9412,cpu,15,96,146.8,0.05,0.423833
1103,lightweight_snake_ddqn,3,42.8561,11.96,9412,cpu,15,123,147.63,0.05,0.711429
1104,lightweight_snake_ddqn,3,42.867,11.72,9412,cpu,4,23,31.42,0.05,0.878
1105,lightweight_snake_ddqn,3,42.9075,11.68,9412,cpu,11,86,106.06,0.05,0.919005
1106,lightweight_snake_ddqn,3,42.9443,11.64,9412,cpu,11,78,105.54,0.05,1.72429
1107,lightweight_snake_ddqn,3,42.9824,11.84,9412,cpu,12,81,115.92,0.05,1.204773
1108,lightweight_snake_ddqn,3,43.0285,11.96,9412,cpu,12,98,116.25,0.05,1.922368
1109,lightweight_snake_ddqn,3,43.1118,11.98,9412,cpu,21,177,209.55,0.05,1.379355
1110,lightweight_snake_ddqn,3,43.1789,12.12,9412,cpu,17,143,170.05,0.05,1.2566
1111,lightweight_snake_ddqn,3,43.2167,11.88,9412,cpu,9,81,85.59,0.05,0.456458
1112,lightweight_snake_ddqn,3,43.2641,11.76,9412,cpu,11,101,106.61,0.05,1.38666
1113,lightweight_snake_ddqn,3,43.3259,12.08,9412,cpu,17,132,168.86,0.05,1.594933
1114,lightweight_snake_ddqn,3,43.4021,12.34,9412,cpu,19,162,190.18,0.05,0.530537
1115,lightweight_snake_ddqn,3,43.4363,12.18,9412,cpu,11,73,103.89,0.05,0.397439
1116,lightweight_snake_ddqn,3,43.4642,12.06,9412,cpu,6,59,54.28,0.05,1.848604
1117,lightweight_snake_ddqn,3,43.5228,12.04,9412,cpu,15,125,148.81,0.05,0.937722
1118,lightweight_snake_ddqn,3,43.5402,12.1,9412,cpu,6,37,52.5,0.05,2.20338
1119,lightweight_snake_ddqn,3,43.5824,12.0,9412,cpu,10,90,96.11,0.05,1.195356
1120,lightweight_snake_ddqn,3,43.6373,12.04,9412,cpu,14,117,138.98,0.05,1.651403
1121,lightweight_snake_ddqn,3,43.6765,11.9,9412,cpu,9,84,85.26,0.05,0.696322
1122,lightweight_snake_ddqn,3,43.6905,11.92,9412,cpu,3,30,22.34,0.05,0.858883
1123,lightweight_snake_ddqn,3,43.7115,11.76,9412,cpu,4,45,33.4,0.05,1.736856
1124,lightweight_snake_ddqn,3,43.754,11.74,9412,cpu,12,90,116.73,0.05,1.234733
1125,lightweight_snake_ddqn,3,43.8119,11.98,9412,cpu,16,123,157.14,0.05,1.628331
1126,lightweight_snake_ddqn,3,43.8278,11.86,9412,cpu,5,34,41.72,0.05,0.830297
1127,lightweight_snake_ddqn,3,43.8634,11.54,9412,cpu,7,76,64.92,0.05,0.849547
1128,lightweight_snake_ddqn,3,43.9464,12.0,9412,cpu,24,177,241.08,0.05,1.845355
1129,lightweight_snake_ddqn,3,43.9801,12.02,9412,cpu,9,72,83.38,0.05,0.871949
1130,lightweight_snake_ddqn,3,43.9955,11.9,9412,cpu,4,33,32.12,0.05,0.917666
1131,lightweight_snake_ddqn,3,44.0372,11.88,9412,cpu,15,89,144.37,0.05,1.513794
1132,lightweight_snake_ddqn,3,44.0951,11.88,9412,cpu,15,124,146.12,0.05,1.055976
1133,lightweight_snake_ddqn,3,44.1618,11.96,9412,cpu,21,142,208.4,0.05,0.996099
1134,lightweight_snake_ddqn,3,44.2478,12.02,9412,cpu,20,183,200.38,0.05,0.594354
1135,lightweight_snake_ddqn,3,44.2911,12.02,9412,cpu,14,92,136.53,0.05,0.83646
1136,lightweight_snake_ddqn,3,44.3483,12.18,9412,cpu,16,121,158.76,0.05,0.909677
1137,lightweight_snake_ddqn,3,44.4268,12.42,9412,cpu,24,167,237.78,0.05,0.680639
1138,lightweight_snake_ddqn,3,44.4539,12.5,9412,cpu,7,58,64.3,0.05,0.796781
1139,lightweight_snake_ddqn,3,44.4811,12.66,9412,cpu,10,58,94.23,0.05,1.446324
1140,lightweight_snake_ddqn,3,44.55,12.76,9412,cpu,24,147,239.58,0.05,1.028635
1141,lightweight_snake_ddqn,3,44.6085,12.72,9412,cpu,14,125,138.9,0.05,1.210211
1142,lightweight_snake_ddqn,3,44.6476,12.72,9412,cpu,9,84,85.06,0.05,1.177327
1143,lightweight_snake_ddqn,3,44.7088,13.0,9412,cpu,16,131,159.06,0.05,1.066875
1144,lightweight_snake_ddqn,3,44.7565,12.92,9412,cpu,13,102,125.52,0.05,2.357706
1145,lightweight_snake_ddqn,3,44.7977,12.76,9412,cpu,12,88,116.55,0.05,1.260851
1146,lightweight_snake_ddqn,3,44.8623,12.98,9412,cpu,15,138,150.38,0.05,0.686635
1147,lightweight_snake_ddqn,3,44.9086,12.9,9412,cpu,14,99,136.76,0.05,0.848316
1148,lightweight_snake_ddqn,3,44.9172,12.44,9412,cpu,3,18,21.26,0.05,0.897053
1149,lightweight_snake_ddqn,3,44.9378,12.3,9412,cpu,6,44,53.33,0.05,1.042568
1150,lightweight_snake_ddqn,3,44.9931,12.56,9412,cpu,21,118,207.64,0.05,1.103463
1151,lightweight_snake_ddqn,3,45.054,12.68,9412,cpu,16,130,158.57,0.05,1.107363
1152,lightweight_snake_ddqn,3,45.0905,12.56,9412,cpu,9,78,84.52,0.05,1.692935
1153,lightweight_snake_ddqn,3,45.1295,12.5,9412,cpu,12,83,115.5,0.05,1.808174
1154,lightweight_snake_ddqn,3,45.1403,12.48,9412,cpu,3,23,21.71,0.05,1.004855
1155,lightweight_snake_ddqn,3,45.2551,12.76,9412,cpu,25,244,252.02,0.05,1.540047
1156,lightweight_snake_ddqn,3,45.3456,12.94,9412,cpu,20,192,201.99,0.05,0.603196
1157,lightweight_snake_ddqn,3,45.4157,13.06,9412,cpu,18,149,178.5,0.05,1.308697
1158,lightweight_snake_ddqn,3,45.4534,12.96,9412,cpu,7,81,66.57,0.05,0.719665
1159,lightweight_snake_ddqn,3,45.4637,12.64,9412,cpu,5,22,41.24,0.05,2.243082
1160,lightweight_snake_ddqn,3,45.5773,12.84,9412,cpu,27,242,273.26,0.05,1.766584
1161,lightweight_snake_ddqn,3,45.5932,12.72,9412,cpu,3,34,22.7,0.05,1.489466
1162,lightweight_snake_ddqn,3,45.6006,12.56,9412,cpu,3,16,21.08,0.05,0.905557
1163,lightweight_snake_ddqn,3,45.6211,12.36,9412,cpu,7,44,63.04,0.05,1.630292
1164,lightweight_snake_ddqn,3,45.6366,12.1,9412,cpu,6,33,52.34,0.05,1.29364
1165,lightweight_snake_ddqn,3,45.6652,12.08,9412,cpu,10,61,94.3,0.05,1.328629
1166,lightweight_snake_ddqn,3,45.6788,12.06,9412,cpu,5,29,42.07,0.05,1.336764
1167,lightweight_snake_ddqn,3,45.697,11.84,9412,cpu,4,39,32.66,0.05,0.587036
1168,lightweight_snake_ddqn,3,45.7198,11.84,9412,cpu,6,49,53.38,0.05,1.316715
1169,lightweight_snake_ddqn,3,45.7624,11.9,9412,cpu,13,91,126.13,0.05,0.874789
1170,lightweight_snake_ddqn,3,45.813,11.88,9412,cpu,13,108,126.86,0.05,2.524133
1171,lightweight_snake_ddqn,3,45.8463,11.9,9412,cpu,10,71,95.0,0.05,1.008412
1172,lightweight_snake_ddqn,3,45.8952,12.14,9412,cpu,15,104,147.32,0.05,1.130432
1173,lightweight_snake_ddqn,3,45.899,12.08,9412,cpu,1,8,0.54,0.05,1.631031
1174,lightweight_snake_ddqn,3,45.9619,12.16,9412,cpu,16,134,158.93,0.05,1.521108
1175,lightweight_snake_ddqn,3,46.0079,12.1,9412,cpu,13,98,125.76,0.05,1.641735
1176,lightweight_snake_ddqn,3,46.0233,12.14,9412,cpu,7,33,61.85,0.05,1.345353
1177,lightweight_snake_ddqn,3,46.1179,12.52,9412,cpu,26,202,262.75,0.05,1.392211
1178,lightweight_snake_ddqn,3,46.1511,12.22,9412,cpu,9,71,84.69,0.05,1.466238
1179,lightweight_snake_ddqn,3,46.1698,12.12,9412,cpu,4,40,32.95,0.05,1.478641
1180,lightweight_snake_ddqn,3,46.2163,12.32,9412,cpu,14,99,136.76,0.05,1.751498
1181,lightweight_snake_ddqn,3,46.3441,12.64,9412,cpu,31,270,316.42,0.05,1.931653
1182,lightweight_snake_ddqn,3,46.4258,12.7,9412,cpu,18,174,181.75,0.05,1.267986
1183,lightweight_snake_ddqn,3,46.4782,12.52,9412,cpu,12,112,116.51,0.05,0.978263
1184,lightweight_snake_ddqn,3,46.528,12.4,9412,cpu,14,106,135.79,0.05,0.630944
1185,lightweight_snake_ddqn,3,46.6132,12.58,9412,cpu,23,182,229.82,0.05,0.777257
1186,lightweight_snake_ddqn,3,46.6883,12.72,9412,cpu,23,160,231.04,0.05,1.039144
1187,lightweight_snake_ddqn,3,46.7004,12.34,9412,cpu,5,26,41.6,0.05,1.450707
1188,lightweight_snake_ddqn,3,46.714,12.3,9412,cpu,5,29,41.47,0.05,1.411374
1189,lightweight_snake_ddqn,3,46.7558,12.3,9412,cpu,10,89,96.02,0.05,1.11087
1190,lightweight_snake_ddqn,3,46.7802,11.94,9412,cpu,6,52,52.45,0.05,0.818881
1191,lightweight_snake_ddqn,3,46.8412,11.96,9412,cpu,15,130,149.46,0.05,1.325024
1192,lightweight_snake_ddqn,3,46.9462,12.24,9412,cpu,23,224,232.6,0.05,1.759183
1193,lightweight_snake_ddqn,3,46.9847,12.1,9412,cpu,9,82,84.28,0.05,0.686724
1194,lightweight_snake_ddqn,3,47.0121,11.98,9412,cpu,7,59,63.99,0.05,1.086206
1195,lightweight_snake_ddqn,3,47.1084,12.2,9412,cpu,23,206,232.78,0.05,1.021335
1196,lightweight_snake_ddqn,3,47.1585,12.1,9412,cpu,10,107,97.84,0.05,0.527275
1197,lightweight_snake_ddqn,3,47.179,11.92,9412,cpu,5,44,41.42,0.05,0.320187
1198,lightweight_snake_ddqn,3,47.1818,11.86,9412,cpu,0,6,-9.55,0.05,1.701961
1199,lightweight_snake_ddqn,3,47.2201,11.9,9412,cpu,8,81,75.48,0.05,0.547489
1200,lightweight_snake_ddqn,3,47.2513,11.68,9412,cpu,10,66,94.35,0.05,0.997953
1201,lightweight_snake_ddqn,3,47.2826,11.56,9412,cpu,10,66,93.55,0.05,1.299036
1202,lightweight_snake_ddqn,3,47.3198,11.58,9412,cpu,10,79,95.52,0.05,0.932998
1203,lightweight_snake_ddqn,3,47.3947,11.68,9412,cpu,17,158,170.8,0.05,1.005716
1204,lightweight_snake_ddqn,3,47.4477,11.9,9412,cpu,14,113,137.22,0.05,1.08022
1205,lightweight_snake_ddqn,3,47.4803,11.62,9412,cpu,11,69,105.13,0.05,1.452134
1206,lightweight_snake_ddqn,3,47.5415,11.56,9412,cpu,17,130,168.88,0.05,0.848964
1207,lightweight_snake_ddqn,3,47.5481,11.26,9412,cpu,3,14,20.9,0.05,0.739812
1208,lightweight_snake_ddqn,3,47.5809,11.32,9412,cpu,10,70,94.51,0.05,1.694346
1209,lightweight_snake_ddqn,3,47.5842,11.26,9412,cpu,2,7,10.16,0.05,1.189301
1210,lightweight_snake_ddqn,3,47.7081,11.34,9412,cpu,31,263,317.79,0.05,1.870948
1211,lightweight_snake_ddqn,3,47.7612,11.58,9412,cpu,15,113,146.33,0.05,1.138466
1212,lightweight_snake_ddqn,3,47.7744,11.64,9412,cpu,6,28,51.89,0.05,2.614263
1213,lightweight_snake_ddqn,3,47.7987,11.62,9412,cpu,6,52,53.65,0.05,2.110585
1214,lightweight_snake_ddqn,3,47.8198,11.62,9412,cpu,6,45,52.82,0.05,1.441079
1215,lightweight_snake_ddqn,3,47.8766,11.7,9412,cpu,14,121,136.94,0.05,0.206942
1216,lightweight_snake_ddqn,3,47.9214,11.82,9412,cpu,11,96,106.56,0.05,0.639102
1217,lightweight_snake_ddqn,3,47.9941,12.12,9412,cpu,19,155,189.95,0.05,1.33577
1218,lightweight_snake_ddqn,3,48.009,12.06,9412,cpu,3,32,22.12,0.05,1.297691
1219,lightweight_snake_ddqn,3,48.0764,12.2,9412,cpu,20,144,198.87,0.05,1.315469
1220,lightweight_snake_ddqn,3,48.1457,12.28,9412,cpu,17,148,168.3,0.05,1.839666
1221,lightweight_snake_ddqn,3,48.207,12.32,9412,cpu,12,131,117.62,0.05,0.594571
1222,lightweight_snake_ddqn,3,48.215,12.04,9412,cpu,1,17,1.35,0.05,1.273244
1223,lightweight_snake_ddqn,3,48.2652,12.28,9412,cpu,13,107,127.97,0.05,1.158667
1224,lightweight_snake_ddqn,3,48.2855,12.08,9412,cpu,6,43,52.84,0.05,0.904527
1225,lightweight_snake_ddqn,3,48.3372,12.08,9412,cpu,13,110,127.24,0.05,0.854646
1226,lightweight_snake_ddqn,3,48.4029,12.32,9412,cpu,19,140,188.4,0.05,2.07747
1227,lightweight_snake_ddqn,3,48.4957,12.22,9412,cpu,21,198,212.24,0.05,0.847752
1228,lightweight_snake_ddqn,3,48.5064,12.12,9412,cpu,4,23,31.22,0.05,1.614202
1229,lightweight_snake_ddqn,3,48.5116,12.06,9412,cpu,1,11,0.81,0.05,0.788907
1230,lightweight_snake_ddqn,3,48.5349,11.94,9412,cpu,8,50,73.69,0.05,1.443399
1231,lightweight_snake_ddqn,3,48.5977,11.64,9412,cpu,16,134,157.33,0.05,0.723846
1232,lightweight_snake_ddqn,3,48.6476,11.6,9412,cpu,16,106,157.81,0.05,1.055713
1233,lightweight_snake_ddqn,3,48.7028,11.64,9412,cpu,14,118,137.27,0.05,1.486118
1234,lightweight_snake_ddqn,3,48.7608,11.66,9412,cpu,15,124,148.12,0.05,1.408012
1235,lightweight_snake_ddqn,3,48.8161,11.48,9412,cpu,14,118,136.27,0.05,1.427558
1236,lightweight_snake_ddqn,3,48.8236,11.06,9412,cpu,2,16,11.17,0.05,1.520137
1237,lightweight_snake_ddqn,3,48.8606,11.18,9412,cpu,11,79,105.03,0.05,1.064784
1238,lightweight_snake_ddqn,3,48.8722,11.12,9412,cpu,2,25,11.78,0.05,0.840489
1239,lightweight_snake_ddqn,3,48.8994,11.08,9412,cpu,8,58,74.41,0.05,1.830261
1240,lightweight_snake_ddqn,3,48.9228,11.1,9412,cpu,7,50,62.78,0.05,1.194069
1241,lightweight_snake_ddqn,3,48.964,11.04,9412,cpu,12,88,115.35,0.05,1.878344
1242,lightweight_snake_ddqn,3,48.9719,10.62,9412,cpu,2,17,11.26,0.05,1.021896
1243,lightweight_snake_ddqn,3,49.0023,10.62,9412,cpu,9,65,84.35,0.05,1.17613
1244,lightweight_snake_ddqn,3,49.0209,10.6,9412,cpu,6,40,52.77,0.05,1.020644
1245,lightweight_snake_ddqn,3,49.0782,10.46,9412,cpu,16,122,158.65,0.05,1.004064
1246,lightweight_snake_ddqn,3,49.1207,10.48,9412,cpu,11,91,106.11,0.05,1.439158
1247,lightweight_snake_ddqn,3,49.1253,10.4,9412,cpu,1,10,0.52,0.05,1.062559
1248,lightweight_snake_ddqn,3,49.1689,10.64,9412,cpu,12,93,116.8,0.05,1.308503
1249,lightweight_snake_ddqn,3,49.2561,10.88,9412,cpu,20,185,202.76,0.05,1.117349
1250,lightweight_snake_ddqn,3,49.3546,11.1,9412,cpu,21,209,212.43,0.05,1.472503
1251,lightweight_snake_ddqn,3,49.4041,11.2,9412,cpu,15,105,147.41,0.05,0.920598
1252,lightweight_snake_ddqn,3,49.4404,11.28,9412,cpu,14,77,134.38,0.05,1.224115
1253,lightweight_snake_ddqn,3,49.4867,11.16,9412,cpu,11,99,106.23,0.05,0.86171
1254,lightweight_snake_ddqn,3,49.5747,11.24,9412,cpu,18,188,182.81,0.05,1.134276
1255,lightweight_snake_ddqn,3,49.6069,11.22,9412,cpu,10,69,94.82,0.05,0.716115
1256,lightweight_snake_ddqn,3,49.674,11.32,9412,cpu,22,143,219.2,0.05,1.542295
1257,lightweight_snake_ddqn,3,49.7405,11.6,9412,cpu,17,142,169.36,0.05,1.236605
1258,lightweight_snake_ddqn,3,49.8458,11.88,9412,cpu,24,225,241.8,0.05,0.486348
1259,lightweight_snake_ddqn,3,49.8492,11.86,9412,cpu,1,7,0.45,0.05,0.821831
1260,lightweight_snake_ddqn,3,49.9039,11.52,9412,cpu,14,117,137.18,0.05,1.149297
1261,lightweight_snake_ddqn,3,49.9637,11.54,9412,cpu,16,128,158.79,0.05,0.608338
1262,lightweight_snake_ddqn,3,50.0093,11.64,9412,cpu,11,97,107.45,0.05,0.991402
1263,lightweight_snake_ddqn,3,50.0275,11.64,9412,cpu,6,39,52.88,0.05,2.354946
1264,lightweight_snake_ddqn,3,50.0346,11.56,9412,cpu,2,15,11.08,0.05,1.336237
1265,lightweight_snake_ddqn,3,50.042,11.32,9412,cpu,2,16,10.97,0.05,1.366273
1266,lightweight_snake_ddqn,3,50.1467,11.6,9412,cpu,25,223,256.53,0.05,1.114063
1267,lightweight_snake_ddqn,3,50.1589,11.3,9412,cpu,4,26,31.29,0.05,1.310371
1268,lightweight_snake_ddqn,3,50.1931,11.46,9412,cpu,11,73,104.69,0.05,1.549173
1269,lightweight_snake_ddqn,3,50.2295,11.24,9412,cpu,9,78,85.32,0.05,0.765482
1270,lightweight_snake_ddqn,3,50.2361,10.92,9412,cpu,1,14,1.08,0.05,0.594374
1271,lightweight_snake_ddqn,3,50.2944,10.92,9412,cpu,12,124,117.39,0.05,0.654543
1272,lightweight_snake_ddqn,3,50.3528,11.2,9412,cpu,15,124,147.12,0.05,1.129201
1273,lightweight_snake_ddqn,3,50.3894,11.14,9412,cpu,10,78,93.83,0.05,0.734571
1274,lightweight_snake_ddqn,3,50.4203,11.18,9412,cpu,8,66,74.53,0.05,1.020482
1275,lightweight_snake_ddqn,3,50.432,10.96,9412,cpu,2,25,11.78,0.05,1.606108
1276,lightweight_snake_ddqn,3,50.4715,10.86,9412,cpu,14,84,135.81,0.05,1.394293
1277,lightweight_snake_ddqn,3,50.5019,10.6,9412,cpu,8,65,74.84,0.05,0.877885
1278,lightweight_snake_ddqn,3,50.5694,10.88,9412,cpu,18,144,178.05,0.05,1.457433
1279,lightweight_snake_ddqn,3,50.6003,11.02,9412,cpu,8,66,74.33,0.05,1.546547
1280,lightweight_snake_ddqn,3,50.7019,11.3,9412,cpu,22,217,222.86,0.05,0.609813
1281,lightweight_snake_ddqn,3,50.7434,11.24,9412,cpu,13,89,124.95,0.05,0.980117
1282,lightweight_snake_ddqn,3,50.7663,11.02,9412,cpu,5,49,43.07,0.05,1.386915
1283,lightweight_snake_ddqn,3,50.8145,11.0,9412,cpu,13,103,127.81,0.05,1.33036
1284,lightweight_snake_ddqn,3,50.8342,10.8,9412,cpu,5,42,43.04,0.05,1.519046
1285,lightweight_snake_ddqn,3,50.8693,10.72,9412,cpu,10,75,94.76,0.05,1.184051
1286,lightweight_snake_ddqn,3,50.9222,10.96,9412,cpu,14,113,137.82,0.05,0.999791
1287,lightweight_snake_ddqn,3,50.9835,11.08,9412,cpu,17,131,168.17,0.05,1.359517
1288,lightweight_snake_ddqn,3,51.0262,11.3,9412,cpu,13,91,124.33,0.05,1.223145
1289,lightweight_snake_ddqn,3,51.0901,11.46,9412,cpu,16,137,157.4,0.05,0.90014
1290,lightweight_snake_ddqn,3,51.1366,11.58,9412,cpu,13,99,126.05,0.05,1.234739
1291,lightweight_snake_ddqn,3,51.1567,11.5,9412,cpu,8,43,72.46,0.05,0.520456
1292,lightweight_snake_ddqn,3,51.1969,11.66,9412,cpu,10,86,94.35,0.05,1.115658
1293,lightweight_snake_ddqn,3,51.2334,11.7,9412,cpu,11,78,105.94,0.05,0.749092
1294,lightweight_snake_ddqn,3,51.2438,11.64,9412,cpu,3,22,21.42,0.05,1.037148
1295,lightweight_snake_ddqn,3,51.2849,11.58,9412,cpu,13,87,125.97,0.05,1.083666
1296,lightweight_snake_ddqn,3,51.3526,11.7,9412,cpu,17,144,169.14,0.05,0.740959
1297,lightweight_snake_ddqn,3,51.3842,11.88,9412,cpu,10,67,94.64,0.05,2.143502
1298,lightweight_snake_ddqn,3,51.43,11.9,9412,cpu,13,98,126.76,0.05,1.258807
1299,lightweight_snake_ddqn,3,51.4488,11.64,9412,cpu,7,40,62.68,0.05,1.193816
1300,lightweight_snake_ddqn,3,51.4999,11.48,9412,cpu,13,109,127.75,0.05,1.068401
1301,lightweight_snake_ddqn,3,51.5167,11.28,9412,cpu,5,36,42.7,0.05,1.377598
1302,lightweight_snake_ddqn,3,51.5458,11.18,9412,cpu,9,62,84.28,0.05,0.830755
1303,lightweight_snake_ddqn,3,51.5871,11.18,9412,cpu,11,88,106.04,0.05,1.276899
1304,lightweight_snake_ddqn,3,51.6569,11.16,9412,cpu,17,149,169.19,0.05,0.736359
1305,lightweight_snake_ddqn,3,51.6698,11.02,9412,cpu,3,28,21.56,0.05,1.345174
1306,lightweight_snake_ddqn,3,51.7647,11.06,9412,cpu,24,202,243.13,0.05,1.617558
1307,lightweight_snake_ddqn,3,51.7861,10.8,9412,cpu,4,46,31.69,0.05,0.541771
1308,lightweight_snake_ddqn,3,51.8287,10.54,9412,cpu,11,91,105.51,0.05,1.843822
1309,lightweight_snake_ddqn,3,51.8582,10.68,9412,cpu,8,63,74.66,0.05,0.855571
1310,lightweight_snake_ddqn,3,51.921,10.74,9412,cpu,17,134,168.84,0.05,0.621952
1311,lightweight_snake_ddqn,3,51.9336,10.5,9412,cpu,4,27,31.18,0.05,1.450642
1312,lightweight_snake_ddqn,3,52.0021,10.6,9412,cpu,16,146,158.21,0.05,1.229946
1313,lightweight_snake_ddqn,3,52.0928,10.92,9412,cpu,22,193,223.9,0.05,0.459062
1314,lightweight_snake_ddqn,3,52.1125,11.0,9412,cpu,6,42,53.15,0.05,1.771832
1315,lightweight_snake_ddqn,3,52.1377,11.14,9412,cpu,9,54,83.76,0.05,1.33764
1316,lightweight_snake_ddqn,3,52.2142,10.98,9412,cpu,17,163,169.45,0.05,0.683613
1317,lightweight_snake_ddqn,3,52.2787,11.2,9412,cpu,15,137,149.09,0.05,1.147936
1318,lightweight_snake_ddqn,3,52.3407,11.28,9412,cpu,15,131,148.95,0.05,1.199934
1319,lightweight_snake_ddqn,3,52.3708,11.26,9412,cpu,8,64,73.95,0.05,1.160736
1320,lightweight_snake_ddqn,3,52.4333,11.54,9412,cpu,15,133,149.73,0.05,1.036361
1321,lightweight_snake_ddqn,3,52.5305,11.76,9412,cpu,23,207,233.47,0.05,1.825137
1322,lightweight_snake_ddqn,3,52.5717,11.7,9412,cpu,12,88,114.55,0.05,1.373904
1323,lightweight_snake_ddqn,3,52.5759,11.52,9412,cpu,1,9,0.43,0.05,1.726935
1324,lightweight_snake_ddqn,3,52.6026,11.54,9412,cpu,9,57,84.23,0.05,1.41802
1325,lightweight_snake_ddqn,3,52.6747,11.88,9412,cpu,19,154,190.26,0.05,0.359562
1326,lightweight_snake_ddqn,3,52.7575,12.0,9412,cpu,20,177,201.64,0.05,1.569242
1327,lightweight_snake_ddqn,3,52.8418,12.26,9412,cpu,21,180,209.22,0.05,0.404185
1328,lightweight_snake_ddqn,3,52.8555,12.02,9412,cpu,6,29,51.78,0.05,0.891155
1329,lightweight_snake_ddqn,3,52.9024,12.14,9412,cpu,14,100,135.25,0.05,0.712405
1330,lightweight_snake_ddqn,3,52.9665,12.04,9412,cpu,17,137,169.71,0.05,1.470874
1331,lightweight_snake_ddqn,3,52.9982,11.94,9412,cpu,8,68,74.11,0.05,0.968764
1332,lightweight_snake_ddqn,3,53.0749,12.22,9412,cpu,19,163,191.27,0.05,1.04508
1333,lightweight_snake_ddqn,3,53.0888,12.04,9412,cpu,4,30,32.25,0.05,0.629999
1334,lightweight_snake_ddqn,3,53.1278,12.14,9412,cpu,10,83,96.08,0.05,1.311448
1335,lightweight_snake_ddqn,3,53.222,12.42,9412,cpu,24,200,243.15,0.05,1.020348
1336,lightweight_snake_ddqn,3,53.2429,12.28,9412,cpu,7,44,62.84,0.05,1.031617
1337,lightweight_snake_ddqn,3,53.2822,12.16,9412,cpu,11,83,105.39,0.05,1.276736
1338,lightweight_snake_ddqn,3,53.2997,12.0,9412,cpu,5,37,42.79,0.05,2.239021
1339,lightweight_snake_ddqn,3,53.3582,11.94,9412,cpu,13,124,126.9,0.05,0.895427
1340,lightweight_snake_ddqn,3,53.4204,12.02,9412,cpu,17,131,168.77,0.05,0.93407
1341,lightweight_snake_ddqn,3,53.4515,12.02,9412,cpu,8,66,74.93,0.05,0.838913
1342,lightweight_snake_ddqn,3,53.4661,11.9,9412,cpu,4,31,32.34,0.05,1.47489
1343,lightweight_snake_ddqn,3,53.5372,12.0,9412,cpu,16,151,157.86,0.05,0.68648
1344,lightweight_snake_ddqn,3,53.5932,12.22,9412,cpu,14,119,137.76,0.05,1.687338
1345,lightweight_snake_ddqn,3,53.5997,12.0,9412,cpu,2,14,10.99,0.05,1.726338
1346,lightweight_snake_ddqn,3,53.6974,12.2,9412,cpu,27,208,272.6,0.05,0.842164
1347,lightweight_snake_ddqn,3,53.7119,12.08,9412,cpu,4,31,32.14,0.05,1.209962
1348,lightweight_snake_ddqn,3,53.7913,12.22,9412,cpu,20,169,200.72,0.05,0.937518
1349,lightweight_snake_ddqn,3,53.795,12.08,9412,cpu,0,8,-9.37,0.05,0.8639
1350,lightweight_snake_ddqn,3,53.8299,11.98,9412,cpu,8,74,75.25,0.05,0.784587
1351,lightweight_snake_ddqn,3,53.8445,11.96,9412,cpu,4,31,32.34,0.05,1.219044
1352,lightweight_snake_ddqn,3,53.9124,12.12,9412,cpu,17,145,169.03,0.05,1.082193
1353,lightweight_snake_ddqn,3,53.9273,12.02,9412,cpu,6,32,52.05,0.05,0.686905
1354,lightweight_snake_ddqn,3,53.9594,11.88,9412,cpu,10,68,94.53,0.05,0.643588
1355,lightweight_snake_ddqn,3,54.0653,12.32,9412,cpu,25,226,252.8,0.05,0.420563
1356,lightweight_snake_ddqn,3,54.102,12.08,9412,cpu,12,78,115.25,0.05,1.110069
1357,lightweight_snake_ddqn,3,54.1825,12.38,9412,cpu,19,172,188.28,0.05,1.359273
1358,lightweight_snake_ddqn,3,54.2033,12.26,9412,cpu,5,44,43.02,0.05,0.729051
1359,lightweight_snake_ddqn,3,54.2539,12.36,9412,cpu,13,108,126.06,0.05,0.782633
1360,lightweight_snake_ddqn,3,54.3432,12.5,9412,cpu,24,190,242.25,0.05,0.738917
1361,lightweight_snake_ddqn,3,54.3511,12.44,9412,cpu,1,17,1.15,0.05,0.967411
1362,lightweight_snake_ddqn,3,54.3917,12.3,9412,cpu,9,87,84.13,0.05,1.673482
1363,lightweight_snake_ddqn,3,54.4748,12.26,9412,cpu,20,177,199.04,0.05,1.152306
1364,lightweight_snake_ddqn,3,54.5241,12.38,9412,cpu,12,105,116.88,0.05,0.640521
1365,lightweight_snake_ddqn,3,54.5925,12.54,9412,cpu,17,146,167.92,0.05,0.132114
1366,lightweight_snake_ddqn,3,54.667,12.56,9412,cpu,18,159,180.2,0.05,1.102425
1367,lightweight_snake_ddqn,3,54.7383,12.58,9412,cpu,16,152,156.35,0.05,1.063989
1368,lightweight_snake_ddqn,3,54.7811,12.54,9412,cpu,13,91,126.93,0.05,1.004071
1369,lightweight_snake_ddqn,3,54.8079,12.54,9412,cpu,8,57,73.52,0.05,1.076636
1370,lightweight_snake_ddqn,3,54.8672,12.52,9412,cpu,14,126,138.79,0.05,2.061296
1371,lightweight_snake_ddqn,3,54.9396,12.4,9412,cpu,17,155,168.53,0.05,1.229535
1372,lightweight_snake_ddqn,3,54.9588,12.28,9412,cpu,6,41,52.86,0.05,0.31445
1373,lightweight_snake_ddqn,3,55.0181,12.52,9412,cpu,13,127,127.97,0.05,1.116333
1374,lightweight_snake_ddqn,3,55.0739,12.58,9412,cpu,12,119,118.34,0.05,1.203685
1375,lightweight_snake_ddqn,3,55.0786,12.22,9412,cpu,1,10,0.72,0.05,1.658273
1376,lightweight_snake_ddqn,3,55.1648,12.28,9412,cpu,23,184,231.6,0.05,1.330743
1377,lightweight_snake_ddqn,3,55.2073,12.1,9412,cpu,12,91,116.42,0.05,0.791975
1378,lightweight_snake_ddqn,3,55.2608,12.34,9412,cpu,18,114,177.55,0.05,1.504516
1379,lightweight_snake_ddqn,3,55.2636,12.06,9412,cpu,0,6,-9.75,0.05,0.424779
1380,lightweight_snake_ddqn,3,55.3602,12.32,9412,cpu,30,206,303.35,0.05,0.804148
1381,lightweight_snake_ddqn,3,55.3976,12.4,9412,cpu,12,80,115.83,0.05,1.333106
1382,lightweight_snake_ddqn,3,55.4238,12.12,9412,cpu,5,56,43.9,0.05,0.905344
1383,lightweight_snake_ddqn,3,55.4612,12.24,9412,cpu,10,80,94.81,0.05,0.495035
1384,lightweight_snake_ddqn,3,55.541,12.44,9412,cpu,20,170,199.61,0.05,0.681816
1385,lightweight_snake_ddqn,3,55.5929,12.22,9412,cpu,13,111,127.53,0.05,1.035336
1386,lightweight_snake_ddqn,3,55.6335,12.32,9412,cpu,12,87,115.66,0.05,0.445565
1387,lightweight_snake_ddqn,3,55.6694,12.34,9412,cpu,12,77,115.16,0.05,1.583092
1388,lightweight_snake_ddqn,3,55.6805,12.28,9412,cpu,2,24,11.49,0.05,0.890348
1389,lightweight_snake_ddqn,3,55.7086,12.18,9412,cpu,8,59,74.1,0.05,1.883501
1390,lightweight_snake_ddqn,3,55.733,12.0,9412,cpu,8,51,72.98,0.05,0.328564
1391,lightweight_snake_ddqn,3,55.8034,12.22,9412,cpu,19,149,189.21,0.05,0.648789
1392,lightweight_snake_ddqn,3,55.8689,12.48,9412,cpu,17,139,166.49,0.05,1.273908
1393,lightweight_snake_ddqn,3,55.8889,12.26,9412,cpu,5,43,43.33,0.05,0.736386
1394,lightweight_snake_ddqn,3,55.9218,12.18,9412,cpu,10,70,94.91,0.05,1.699387
1395,lightweight_snake_ddqn,3,55.9639,12.42,9412,cpu,14,89,136.26,0.05,1.708228
1396,lightweight_snake_ddqn,3,56.0241,12.12,9412,cpu,12,129,118.64,0.05,1.130509
1397,lightweight_snake_ddqn,3,56.0796,12.34,9412,cpu,15,118,148.78,0.05,1.312971
1398,lightweight_snake_ddqn,3,56.1064,12.08,9412,cpu,7,57,64.21,0.05,1.698704
1399,lightweight_snake_ddqn,3,56.1318,12.3,9412,cpu,11,54,103.78,0.05,1.193021
1400,lightweight_snake_ddqn,3,56.1641,12.3,9412,cpu,8,69,75.0,0.05,0.886888
1401,lightweight_snake_ddqn,3,56.1712,12.24,9412,cpu,1,15,1.17,0.05,1.488225
1402,lightweight_snake_ddqn,3,56.2214,12.12,9412,cpu,11,107,108.55,0.05,1.287788
1403,lightweight_snake_ddqn,3,56.2576,12.16,9412,cpu,8,77,75.72,0.05,0.990681
1404,lightweight_snake_ddqn,3,56.2933,12.22,9412,cpu,13,76,124.98,0.05,1.546386
1405,lightweight_snake_ddqn,3,56.3758,12.2,9412,cpu,24,175,240.1,0.05,0.966608
1406,lightweight_snake_ddqn,3,56.416,12.14,9412,cpu,9,86,84.24,0.05,0.926364
1407,lightweight_snake_ddqn,3,56.4821,12.18,9412,cpu,21,141,209.91,0.05,1.300986
1408,lightweight_snake_ddqn,3,56.5304,12.36,9412,cpu,14,103,136.12,0.05,0.874299
1409,lightweight_snake_ddqn,3,56.5504,12.18,9412,cpu,4,43,31.62,0.05,0.949847
1410,lightweight_snake_ddqn,3,56.5831,11.9,9412,cpu,10,70,95.11,0.05,0.921689
1411,lightweight_snake_ddqn,3,56.6453,12.22,9412,cpu,17,133,166.35,0.05,1.692913
1412,lightweight_snake_ddqn,3,56.6969,12.3,9412,cpu,13,110,125.24,0.05,1.129481
1413,lightweight_snake_ddqn,3,56.7329,12.08,9412,cpu,9,77,83.83,0.05,1.245404
1414,lightweight_snake_ddqn,3,56.7684,12.0,9412,cpu,8,76,74.63,0.05,1.664736
1415,lightweight_snake_ddqn,3,56.8576,12.18,9412,cpu,26,190,261.87,0.05,1.213023
1416,lightweight_snake_ddqn,3,56.8918,11.98,9412,cpu,8,73,74.76,0.05,1.280811
1417,lightweight_snake_ddqn,3,56.95,12.0,9412,cpu,17,124,165.74,0.05,1.188481
1418,lightweight_snake_ddqn,3,56.9979,12.02,9412,cpu,14,102,136.23,0.05,0.605379
1419,lightweight_snake_ddqn,3,57.041,12.02,9412,cpu,8,92,76.47,0.05,1.072625
1420,lightweight_snake_ddqn,3,57.0551,11.8,9412,cpu,3,30,22.34,0.05,0.925169
1421,lightweight_snake_ddqn,3,57.1125,11.78,9412,cpu,16,122,158.25,0.05,0.525077
1422,lightweight_snake_ddqn,3,57.1725,11.9,9412,cpu,12,128,118.15,0.05,1.441386
1423,lightweight_snake_ddqn,3,57.2566,12.0,9412,cpu,18,179,181.2,0.05,0.98654
1424,lightweight_snake_ddqn,3,57.2783,11.88,9412,cpu,6,46,53.31,0.05,0.667538
1425,lightweight_snake_ddqn,3,57.3121,12.06,9412,cpu,10,72,94.49,0.05,1.121286
1426,lightweight_snake_ddqn,3,57.3334,11.74,9412,cpu,7,45,62.93,0.05,0.375981
1427,lightweight_snake_ddqn,3,57.4231,11.9,9412,cpu,20,191,199.7,0.05,1.707379
1428,lightweight_snake_ddqn,3,57.4579,11.8,9412,cpu,13,74,124.4,0.05,1.468257
1429,lightweight_snake_ddqn,3,57.4847,11.94,9412,cpu,7,57,64.21,0.05,2.211327
1430,lightweight_snake_ddqn,3,57.5622,11.7,9412,cpu,18,166,180.03,0.05,1.200147
1431,lightweight_snake_ddqn,3,57.6047,11.6,9412,cpu,7,91,64.27,0.05,1.42038
1432,lightweight_snake_ddqn,3,57.7074,11.94,9412,cpu,22,219,221.44,0.05,1.47625
1433,lightweight_snake_ddqn,3,57.7135,11.78,9412,cpu,2,13,10.9,0.05,0.963517
1434,lightweight_snake_ddqn,3,57.7202,11.42,9412,cpu,2,14,9.99,0.05,0.469658
1435,lightweight_snake_ddqn,3,57.7665,11.36,9412,cpu,10,99,96.52,0.05,0.870243
1436,lightweight_snake_ddqn,3,57.7899,11.2,9412,cpu,4,50,32.45,0.05,1.78254
1437,lightweight_snake_ddqn,3,57.8354,11.2,9412,cpu,12,97,115.96,0.05,1.454054
1438,lightweight_snake_ddqn,3,57.8825,11.4,9412,cpu,12,101,115.92,0.05,0.959336
1439,lightweight_snake_ddqn,3,57.9307,11.48,9412,cpu,12,103,117.1,0.05,0.846254
1440,lightweight_snake_ddqn,3,57.9908,11.62,9412,cpu,15,127,147.59,0.05,0.833337
1441,lightweight_snake_ddqn,3,58.0166,11.42,9412,cpu,9,55,83.65,0.05,0.908267
1442,lightweight_snake_ddqn,3,58.0393,11.2,9412,cpu,6,48,53.49,0.05,0.680459
1443,lightweight_snake_ddqn,3,58.0799,11.28,9412,cpu,9,86,85.44,0.05,1.15539
1444,lightweight_snake_ddqn,3,58.1294,11.36,9412,cpu,14,105,137.7,0.05,0.862909
1445,lightweight_snake_ddqn,3,58.2252,11.54,9412,cpu,23,203,232.71,0.05,1.194308
1446,lightweight_snake_ddqn,3,58.2867,11.6,9412,cpu,15,130,147.26,0.05,1.159436
1447,lightweight_snake_ddqn,3,58.29,11.3,9412,cpu,0,7,-9.46,0.05,1.042161
1448,lightweight_snake_ddqn,3,58.3427,11.48,9412,cpu,16,112,157.55,0.05,1.566625
1449,lightweight_snake_ddqn,3,58.3586,11.34,9412,cpu,4,34,32.41,0.05,0.987216
1450,lightweight_snake_ddqn,3,58.3825,11.34,9412,cpu,8,51,72.98,0.05,0.916501
1451,lightweight_snake_ddqn,3,58.4535,11.7,9412,cpu,19,151,189.39,0.05,0.27072
1452,lightweight_snake_ddqn,3,58.4811,11.64,9412,cpu,8,59,73.9,0.05,1.674216
1453,lightweight_snake_ddqn,3,58.4936,11.58,9412,cpu,5,27,41.89,0.05,0.72654
1454,lightweight_snake_ddqn,3,58.5938,11.84,9412,cpu,26,213,263.74,0.05,1.203969
1455,lightweight_snake_ddqn,3,58.6492,11.68,9412,cpu,16,118,158.09,0.05,1.596219
1456,lightweight_snake_ddqn,3,58.7056,11.86,9412,cpu,18,120,176.49,0.05,1.739175
1457,lightweight_snake_ddqn,3,58.7178,11.52,9412,cpu,4,26,31.69,0.05,0.378268
1458,lightweight_snake_ddqn,3,58.7823,11.62,9412,cpu,19,137,188.93,0.05,0.472883
1459,lightweight_snake_ddqn,3,58.8364,11.86,9412,cpu,16,115,158.02,0.05,0.340045
1460,lightweight_snake_ddqn,3,58.8406,11.7,9412,cpu,2,9,10.54,0.05,0.881252
1461,lightweight_snake_ddqn,3,58.8702,11.52,9412,cpu,8,63,74.66,0.05,0.613193
1462,lightweight_snake_ddqn,3,58.8873,11.4,9412,cpu,7,36,62.32,0.05,0.384029
1463,lightweight_snake_ddqn,3,58.9378,11.5,9412,cpu,14,108,136.17,0.05,0.83757
1464,lightweight_snake_ddqn,3,58.9776,11.58,9412,cpu,12,85,114.08,0.05,0.831924
1465,lightweight_snake_ddqn,3,58.9809,11.08,9412,cpu,1,7,0.45,0.05,1.576817
1466,lightweight_snake_ddqn,3,59.0255,11.16,9412,cpu,12,95,115.18,0.05,1.049519
1467,lightweight_snake_ddqn,3,59.0831,11.16,9412,cpu,17,123,167.45,0.05,0.533833
1468,lightweight_snake_ddqn,3,59.1423,11.24,9412,cpu,18,126,177.23,0.05,1.045795
1469,lightweight_snake_ddqn,3,59.2202,11.52,9412,cpu,22,166,221.47,0.05,1.253693
1470,lightweight_snake_ddqn,3,59.2711,11.74,9412,cpu,14,108,135.97,0.05,0.610409
1471,lightweight_snake_ddqn,3,59.2753,11.42,9412,cpu,0,9,-9.28,0.05,1.271882
1472,lightweight_snake_ddqn,3,59.3343,11.5,9412,cpu,16,125,157.52,0.05,2.027639
1473,lightweight_snake_ddqn,3,59.3873,11.38,9412,cpu,12,101,116.52,0.05,0.998201
1474,lightweight_snake_ddqn,3,59.4397,11.52,9412,cpu,13,104,126.5,0.05,0.59727
1475,lightweight_snake_ddqn,3,59.5065,11.68,9412,cpu,18,141,177.58,0.05,1.067904
1476,lightweight_snake_ddqn,3,59.5836,11.94,9412,cpu,20,163,198.98,0.05,1.316398
1477,lightweight_snake_ddqn,3,59.6402,11.84,9412,cpu,15,120,148.76,0.05,0.857764
1478,lightweight_snake_ddqn,3,59.653,11.66,9412,cpu,4,27,31.98,0.05,0.647779
1479,lightweight_snake_ddqn,3,59.7001,11.76,9412,cpu,12,100,117.43,0.05,0.894677
1480,lightweight_snake_ddqn,3,59.773,11.82,9412,cpu,21,154,209.88,0.05,0.327207
1481,lightweight_snake_ddqn,3,59.8408,12.04,9412,cpu,18,144,178.05,0.05,0.618613
1482,lightweight_snake_ddqn,3,59.8624,11.72,9412,cpu,6,46,53.11,0.05,2.326735
1483,lightweight_snake_ddqn,3,59.9423,11.98,9412,cpu,15,171,148.75,0.05,0.656308
1484,lightweight_snake_ddqn,3,60.0005,12.18,9412,cpu,12,124,118.39,0.05,1.040824
1485,lightweight_snake_ddqn,3,60.0616,12.34,9412,cpu,18,130,177.79,0.05,0.407652
1486,lightweight_snake_ddqn,3,60.1214,12.56,9412,cpu,15,128,147.28,0.05,1.198307
1487,lightweight_snake_ddqn,3,60.1284,12.34,9412,cpu,1,15,1.17,0.05,1.073254
1488,lightweight_snake_ddqn,3,60.1517,12.22,9412,cpu,6,50,53.67,0.05,1.24135
1489,lightweight_snake_ddqn,3,60.1982,12.28,9412,cpu,15,98,147.18,0.05,0.840591
1490,lightweight_snake_ddqn,3,60.2197,12.06,9412,cpu,4,45,32.6,0.05,0.810629
1491,lightweight_snake_ddqn,3,60.2239,11.9,9412,cpu,1,9,0.63,0.05,1.436536
1492,lightweight_snake_ddqn,3,60.3175,12.2,9412,cpu,21,198,210.04,0.05,0.574998
1493,lightweight_snake_ddqn,3,60.3921,12.5,9412,cpu,24,156,237.99,0.05,0.3842
1494,lightweight_snake_ddqn,3,60.4064,12.28,9412,cpu,3,28,21.96,0.05,1.356927
1495,lightweight_snake_ddqn,3,60.5183,12.34,9412,cpu,26,231,265.56,0.05,0.94834
1496,lightweight_snake_ddqn,3,60.5869,12.4,9412,cpu,18,144,179.85,0.05,1.053476
1497,lightweight_snake_ddqn,3,60.612,12.54,9412,cpu,7,52,63.76,0.05,0.709117
1498,lightweight_snake_ddqn,3,60.6745,12.52,9412,cpu,15,131,148.35,0.05,1.407495
1499,lightweight_snake_ddqn,3,60.7185,12.66,9412,cpu,11,93,105.09,0.05,1.516623
1500,lightweight_snake_ddqn,3,60.7492,12.7,9412,cpu,10,63,93.88,0.05,1.353433
1501,lightweight_snake_ddqn,3,60.7868,12.52,9412,cpu,10,79,95.92,0.05,0.511295
1502,lightweight_snake_ddqn,3,60.8164,12.54,9412,cpu,9,63,83.97,0.05,1.759155
1503,lightweight_snake_ddqn,3,60.8507,12.64,9412,cpu,10,71,94.8,0.05,0.555289
1504,lightweight_snake_ddqn,3,60.9036,12.4,9412,cpu,14,108,135.97,0.05,0.590477
1505,lightweight_snake_ddqn,3,60.9296,12.2,9412,cpu,6,55,53.32,0.05,1.042322
1506,lightweight_snake_ddqn,3,60.9508,11.94,9412,cpu,5,44,43.02,0.05,1.122105
1507,lightweight_snake_ddqn,3,61.0003,12.08,9412,cpu,11,105,107.77,0.05,1.834298
1508,lightweight_snake_ddqn,3,61.0353,11.9,9412,cpu,10,74,95.67,0.05,1.060505
1509,lightweight_snake_ddqn,3,61.0574,11.74,9412,cpu,8,46,72.93,0.05,1.737623
1510,lightweight_snake_ddqn,3,61.1484,12.1,9412,cpu,20,193,202.08,0.05,0.764463
1511,lightweight_snake_ddqn,3,61.1984,12.22,9412,cpu,14,106,136.39,0.05,1.288305
1512,lightweight_snake_ddqn,3,61.231,12.28,9412,cpu,10,69,95.02,0.05,1.163663
1513,lightweight_snake_ddqn,3,61.255,12.16,9412,cpu,8,48,73.51,0.05,2.242465
1514,lightweight_snake_ddqn,3,61.2642,11.98,9412,cpu,3,19,21.35,0.05,0.98518
1515,lightweight_snake_ddqn,3,61.3233,12.2,9412,cpu,12,122,118.01,0.05,0.497973
1516,lightweight_snake_ddqn,3,61.3961,12.38,9412,cpu,21,153,210.39,0.05,1.912347
1517,lightweight_snake_ddqn,3,61.4255,12.24,9412,cpu,10,62,93.99,0.05,0.872046
1518,lightweight_snake_ddqn,3,61.5011,12.28,9412,cpu,20,160,201.71,0.05,0.59466
1519,lightweight_snake_ddqn,3,61.5825,12.36,9412,cpu,26,173,261.14,0.05,1.019057
1520,lightweight_snake_ddqn,3,61.6168,12.24,9412,cpu,8,73,75.36,0.05,1.409183
1521,lightweight_snake_ddqn,3,61.6759,12.56,9412,cpu,16,124,159.43,0.05,1.026603
1522,lightweight_snake_ddqn,3,61.7504,12.58,9412,cpu,17,158,169.4,0.05,1.41683
1523,lightweight_snake_ddqn,3,61.7649,12.38,9412,cpu,2,31,12.12,0.05,0.720649
1524,lightweight_snake_ddqn,3,61.8595,12.56,9412,cpu,22,201,221.82,0.05,0.405506
1525,lightweight_snake_ddqn,3,61.8966,12.42,9412,cpu,11,79,105.63,0.05,1.332015
1526,lightweight_snake_ddqn,3,61.9462,12.28,9412,cpu,13,106,127.08,0.05,1.045644
1527,lightweight_snake_ddqn,3,61.9819,12.16,9412,cpu,9,76,85.34,0.05,0.808016
1528,lightweight_snake_ddqn,3,62.0096,12.22,9412,cpu,7,59,64.19,0.05,0.990318
1529,lightweight_snake_ddqn,3,62.0293,12.12,9412,cpu,7,42,62.46,0.05,0.631927
1530,lightweight_snake_ddqn,3,62.0412,11.78,9412,cpu,4,25,31.6,0.05,1.931683
1531,lightweight_snake_ddqn,3,62.0695,11.56,9412,cpu,7,60,63.48,0.05,1.422866
1532,lightweight_snake_ddqn,3,62.0937,11.56,9412,cpu,6,51,51.96,0.05,1.884333
1533,lightweight_snake_ddqn,3,62.12,11.4,9412,cpu,7,56,64.32,0.05,1.45091
1534,lightweight_snake_ddqn,3,62.143,11.3,9412,cpu,7,49,63.29,0.05,0.685492
1535,lightweight_snake_ddqn,3,62.202,11.36,9412,cpu,21,125,208.67,0.05,1.221282
1536,lightweight_snake_ddqn,3,62.2368,11.3,9412,cpu,12,74,113.89,0.05,1.162833
1537,lightweight_snake_ddqn,3,62.2851,11.54,9412,cpu,13,102,126.12,0.05,0.88068
1538,lightweight_snake_ddqn,3,62.346,11.76,9412,cpu,17,129,169.79,0.05,2.220804
1539,lightweight_snake_ddqn,3,62.3958,11.74,9412,cpu,14,106,136.79,0.05,0.956592
1540,lightweight_snake_ddqn,3,62.3995,11.68,9412,cpu,1,8,0.54,0.05,1.229872
1541,lightweight_snake_ddqn,3,62.415,11.72,9412,cpu,3,33,22.61,0.05,1.703365
1542,lightweight_snake_ddqn,3,62.4442,11.46,9412,cpu,8,62,74.17,0.05,0.535433
1543,lightweight_snake_ddqn,3,62.4752,11.18,9412,cpu,10,66,93.95,0.05,1.035017
1544,lightweight_snake_ddqn,3,62.5323,11.46,9412,cpu,17,122,167.56,0.05,0.916513
1545,lightweight_snake_ddqn,3,62.5379,10.96,9412,cpu,1,12,0.7,0.05,1.029367
1546,lightweight_snake_ddqn,3,62.5605,10.72,9412,cpu,6,48,53.29,0.05,0.194183
1547,lightweight_snake_ddqn,3,62.6097,10.84,9412,cpu,13,105,127.79,0.05,0.931815
1548,lightweight_snake_ddqn,3,62.6505,10.76,9412,cpu,11,87,104.95,0.05,1.677456
1549,lightweight_snake_ddqn,3,62.7154,10.84,9412,cpu,15,138,148.58,0.05,0.467665
1550,lightweight_snake_ddqn,3,62.7657,10.92,9412,cpu,14,107,136.88,0.05,0.742877
1551,lightweight_snake_ddqn,3,62.7832,10.86,9412,cpu,7,37,62.61,0.05,0.747029
1552,lightweight_snake_ddqn,3,62.8035,10.8,9412,cpu,6,43,52.84,0.05,0.754438
1553,lightweight_snake_ddqn,3,62.8388,10.82,9412,cpu,11,75,104.87,0.05,1.400416
1554,lightweight_snake_ddqn,3,62.882,10.76,9412,cpu,11,92,106.4,0.05,1.018794
1555,lightweight_snake_ddqn,3,62.9196,10.84,9412,cpu,10,80,96.01,0.05,1.336629
1556,lightweight_snake_ddqn,3,62.9712,11.04,9412,cpu,15,110,147.66,0.05,1.203673
1557,lightweight_snake_ddqn,3,63.0373,11.22,9412,cpu,20,141,200.4,0.05,0.767034
1558,lightweight_snake_ddqn,3,63.0866,11.28,9412,cpu,13,104,126.9,0.05,0.697088
1559,lightweight_snake_ddqn,3,63.1299,11.32,9412,cpu,10,92,95.29,0.05,1.047068
1560,lightweight_snake_ddqn,3,63.1614,11.08,9412,cpu,8,67,74.62,0.05,1.365224
1561,lightweight_snake_ddqn,3,63.22,11.12,9412,cpu,16,125,158.12,0.05,1.603776
1562,lightweight_snake_ddqn,3,63.2786,11.26,9412,cpu,17,125,167.83,0.05,0.658481
1563,lightweight_snake_ddqn,3,63.3016,11.18,9412,cpu,4,49,31.76,0.05,0.957504
1564,lightweight_snake_ddqn,3,63.4516,11.72,9412,cpu,30,318,306.23,0.05,1.4581
1565,lightweight_snake_ddqn,3,63.5033,11.76,9412,cpu,14,109,137.66,0.05,1.007743
1566,lightweight_snake_ddqn,3,63.5533,11.58,9412,cpu,12,106,116.97,0.05,0.983093
1567,lightweight_snake_ddqn,3,63.5903,11.62,9412,cpu,12,78,115.45,0.05,1.701666
1568,lightweight_snake_ddqn,3,63.6348,11.48,9412,cpu,13,94,126.4,0.05,0.898582
1569,lightweight_snake_ddqn,3,63.6919,11.3,9412,cpu,17,121,167.67,0.05,1.408837
1570,lightweight_snake_ddqn,3,63.7131,11.26,9412,cpu,6,45,52.02,0.05,0.836363
1571,lightweight_snake_ddqn,3,63.759,11.18,9412,cpu,12,97,116.76,0.05,1.510743
1572,lightweight_snake_ddqn,3,63.791,11.1,9412,cpu,13,68,124.06,0.05,1.262217
1573,lightweight_snake_ddqn,3,63.8475,11.34,9412,cpu,14,120,139.25,0.05,0.749887
1574,lightweight_snake_ddqn,3,63.8631,10.98,9412,cpu,4,33,32.12,0.05,1.159807
1575,lightweight_snake_ddqn,3,63.8735,10.82,9412,cpu,3,22,21.42,0.05,1.042735
1576,lightweight_snake_ddqn,3,63.9569,10.9,9412,cpu,17,178,171.8,0.05,0.672884
1577,lightweight_snake_ddqn,3,64.02,11.0,9412,cpu,14,134,138.51,0.05,1.138138
1578,lightweight_snake_ddqn,3,64.0388,10.96,9412,cpu,5,40,43.06,0.05,0.988133
1579,lightweight_snake_ddqn,3,64.1031,11.12,9412,cpu,15,136,149.4,0.05,1.433053
1580,lightweight_snake_ddqn,3,64.1125,11.08,9412,cpu,2,20,11.13,0.05,0.725836
1581,lightweight_snake_ddqn,3,64.1243,11.02,9412,cpu,4,25,31.6,0.05,1.524278
1582,lightweight_snake_ddqn,3,64.1626,11.14,9412,cpu,12,81,115.72,0.05,1.343557
1583,lightweight_snake_ddqn,3,64.2237,11.32,9412,cpu,16,129,159.08,0.05,1.150024
1584,lightweight_snake_ddqn,3,64.2331,11.22,9412,cpu,2,20,11.33,0.05,0.71325
1585,lightweight_snake_ddqn,3,64.249,10.92,9412,cpu,6,34,52.23,0.05,1.118171
1586,lightweight_snake_ddqn,3,64.2777,10.86,9412,cpu,9,61,84.39,0.05,1.188203
1587,lightweight_snake_ddqn,3,64.3315,10.86,9412,cpu,13,114,128.4,0.05,0.820235
1588,lightweight_snake_ddqn,3,64.3861,10.82,9412,cpu,15,116,146.6,0.05,0.670645
1589,lightweight_snake_ddqn,3,64.4424,10.86,9412,cpu,16,120,158.67,0.05,1.422143
1590,lightweight_snake_ddqn,3,64.4955,11.16,9412,cpu,16,113,158.04,0.05,1.164537
1591,lightweight_snake_ddqn,3,64.5259,11.22,9412,cpu,6,65,54.22,0.05,0.827009
1592,lightweight_snake_ddqn,3,64.5521,11.22,9412,cpu,8,56,72.83,0.05,1.252736
1593,lightweight_snake_ddqn,3,64.593,11.24,9412,cpu,11,87,106.15,0.05,1.049603
1594,lightweight_snake_ddqn,3,64.6394,11.14,9412,cpu,12,99,116.74,0.05,0.41308
1595,lightweight_snake_ddqn,3,64.6973,11.38,9412,cpu,13,123,125.81,0.05,0.745192
1596,lightweight_snake_ddqn,3,64.7334,11.46,9412,cpu,10,77,95.14,0.05,1.010397
1597,lightweight_snake_ddqn,3,64.7588,11.38,9412,cpu,9,54,83.56,0.05,1.044811
1598,lightweight_snake_ddqn,3,64.793,11.34,9412,cpu,9,73,84.47,0.05,1.43429
1599,lightweight_snake_ddqn,3,64.8648,11.38,9412,cpu,17,153,168.35,0.05,1.002394
1600,lightweight_snake_ddqn,3,64.915,11.34,9412,cpu,12,107,116.86,0.05,1.048636
1601,lightweight_snake_ddqn,3,64.957,11.4,9412,cpu,10,89,96.22,0.05,1.656807
1602,lightweight_snake_ddqn,3,65.0246,11.64,9412,cpu,18,144,178.85,0.05,1.756846
1603,lightweight_snake_ddqn,3,65.1045,11.82,9412,cpu,20,170,199.81,0.05,0.599039
1604,lightweight_snake_ddqn,3,65.1336,11.74,9412,cpu,7,62,63.26,0.05,0.614514
1605,lightweight_snake_ddqn,3,65.1473,11.6,9412,cpu,3,29,22.05,0.05,1.225122
1606,lightweight_snake_ddqn,3,65.1919,11.58,9412,cpu,14,95,136.0,0.05,0.638814
1607,lightweight_snake_ddqn,3,65.2332,11.4,9412,cpu,11,88,106.44,0.05,1.463653
1608,lightweight_snake_ddqn,3,65.3272,11.58,9412,cpu,22,200,220.13,0.05,0.923386
1609,lightweight_snake_ddqn,3,65.3823,11.68,9412,cpu,15,117,147.89,0.05,0.772042
1610,lightweight_snake_ddqn,3,65.3856,11.54,9412,cpu,1,7,0.45,0.05,0.677771
1611,lightweight_snake_ddqn,3,65.4328,11.44,9412,cpu,11,100,107.52,0.05,1.68692
1612,lightweight_snake_ddqn,3,65.4493,11.2,9412,cpu,5,35,42.41,0.05,0.842468
1613,lightweight_snake_ddqn,3,65.4923,11.32,9412,cpu,10,91,94.8,0.05,1.33526
1614,lightweight_snake_ddqn,3,65.5115,10.8,9412,cpu,4,41,32.64,0.05,1.096988
1615,lightweight_snake_ddqn,3,65.584,10.86,9412,cpu,17,154,171.64,0.05,0.808132
1616,lightweight_snake_ddqn,3,65.633,10.82,9412,cpu,10,104,96.57,0.05,0.889282
1617,lightweight_snake_ddqn,3,65.6409,10.62,9412,cpu,2,17,11.26,0.05,1.481362
1618,lightweight_snake_ddqn,3,65.6701,10.56,9412,cpu,10,62,94.19,0.05,1.578085
1619,lightweight_snake_ddqn,3,65.703,10.36,9412,cpu,7,70,63.98,0.05,0.515899
1620,lightweight_snake_ddqn,3,65.7318,10.42,9412,cpu,9,61,84.19,0.05,1.610346
1621,lightweight_snake_ddqn,3,65.7507,10.28,9412,cpu,5,40,43.06,0.05,2.124636
1622,lightweight_snake_ddqn,3,65.7666,10.12,9412,cpu,5,34,42.32,0.05,1.409946
1623,lightweight_snake_ddqn,3,65.7858,9.96,9412,cpu,6,41,52.86,0.05,1.00963
1624,lightweight_snake_ddqn,3,65.8334,10.18,9412,cpu,15,101,146.85,0.05,1.097713
1625,lightweight_snake_ddqn,3,65.8779,10.32,9412,cpu,10,95,96.56,0.05,0.608893
1626,lightweight_snake_ddqn,3,65.9226,10.28,9412,cpu,15,95,145.51,0.05,0.664332
1627,lightweight_snake_ddqn,3,65.9753,10.26,9412,cpu,13,112,127.42,0.05,0.20438
1628,lightweight_snake_ddqn,3,66.0167,10.38,9412,cpu,11,88,104.44,0.05,0.848861
1629,lightweight_snake_ddqn,3,66.0257,10.16,9412,cpu,4,19,31.06,0.05,1.197198
1630,lightweight_snake_ddqn,3,66.0922,10.44,9412,cpu,16,142,159.05,0.05,1.406102
1631,lightweight_snake_ddqn,3,66.1632,10.68,9412,cpu,16,151,158.86,0.05,1.797169
1632,lightweight_snake_ddqn,3,66.2264,10.8,9412,cpu,18,134,179.35,0.05,1.135179
1633,lightweight_snake_ddqn,3,66.2695,10.74,9412,cpu,13,92,125.42,0.05,1.200827
1634,lightweight_snake_ddqn,3,66.284,10.82,9412,cpu,6,31,51.56,0.05,1.475961
1635,lightweight_snake_ddqn,3,66.3225,10.86,9412,cpu,8,82,74.97,0.05,0.608997
1636,lightweight_snake_ddqn,3,66.3921,11.04,9412,cpu,18,148,180.21,0.05,1.949849
1637,lightweight_snake_ddqn,3,66.401,10.82,9412,cpu,2,19,11.44,0.05,1.515132
1638,lightweight_snake_ddqn,3,66.4507,10.8,9412,cpu,14,106,137.59,0.05,1.670523
1639,lightweight_snake_ddqn,3,66.4667,10.58,9412,cpu,5,34,42.52,0.05,1.213602
1640,lightweight_snake_ddqn,3,66.5069,10.42,9412,cpu,8,86,75.73,0.05,0.560898
1641,lightweight_snake_ddqn,3,66.5627,10.62,9412,cpu,16,119,158.58,0.05,0.646141
1642,lightweight_snake_ddqn,3,66.6443,10.84,9412,cpu,19,174,192.46,0.05,1.703347
1643,lightweight_snake_ddqn,3,66.6546,10.66,9412,cpu,2,22,11.71,0.05,0.175833
1644,lightweight_snake_ddqn,3,66.6772,10.54,9412,cpu,6,48,52.69,0.05,1.201302
1645,lightweight_snake_ddqn,3,66.7039,10.44,9412,cpu,8,57,73.92,0.05,0.930116
1646,lightweight_snake_ddqn,3,66.7489,10.48,9412,cpu,12,96,115.07,0.05,2.011983
1647,lightweight_snake_ddqn,3,66.7804,10.48,9412,cpu,9,67,84.53,0.05,0.925781
1648,lightweight_snake_ddqn,3,66.8166,10.52,9412,cpu,11,77,105.45,0.05,1.383751
1649,lightweight_snake_ddqn,3,66.8794,10.54,9412,cpu,18,134,178.95,0.05,0.450528
1650,lightweight_snake_ddqn,3,66.9182,10.5,9412,cpu,10,82,96.19,0.05,1.023742
1651,lightweight_snake_ddqn,3,66.9251,10.34,9412,cpu,2,15,10.88,0.05,0.576448
1652,lightweight_snake_ddqn,3,66.9354,10.02,9412,cpu,2,22,11.71,0.05,1.233257
1653,lightweight_snake_ddqn,3,66.9579,9.7,9412,cpu,4,48,33.27,0.05,1.45311
1654,lightweight_snake_ddqn,3,67.0099,9.8,9412,cpu,12,111,117.42,0.05,0.602997
1655,lightweight_snake_ddqn,3,67.0489,9.94,9412,cpu,10,83,94.68,0.05,1.814731
1656,lightweight_snake_ddqn,3,67.09,9.86,9412,cpu,10,88,95.93,0.05,1.361231
1657,lightweight_snake_ddqn,3,67.124,9.76,9412,cpu,6,73,55.34,0.05,2.438084
1658,lightweight_snake_ddqn,3,67.1648,9.52,9412,cpu,10,87,96.44,0.05,0.1138
1659,lightweight_snake_ddqn,3,67.2273,9.54,9412,cpu,16,133,158.24,0.05,1.13539
1660,lightweight_snake_ddqn,3,67.2742,9.8,9412,cpu,14,99,135.96,0.05,1.494589
1661,lightweight_snake_ddqn,3,67.3578,10.02,9412,cpu,22,177,220.86,0.05,2.053726
1662,lightweight_snake_ddqn,3,67.4053,10.16,9412,cpu,12,100,116.03,0.05,0.965461
1663,lightweight_snake_ddqn,3,67.4542,10.2,9412,cpu,12,104,116.99,0.05,1.220319
1664,lightweight_snake_ddqn,3,67.4961,10.36,9412,cpu,12,89,116.84,0.05,1.436617
1665,lightweight_snake_ddqn,3,67.51,10.1,9412,cpu,4,29,32.16,0.05,1.188999
1666,lightweight_snake_ddqn,3,67.5269,9.98,9412,cpu,4,36,32.39,0.05,1.442657
1667,lightweight_snake_ddqn,3,67.5774,10.3,9412,cpu,18,107,177.12,0.05,1.157127
1668,lightweight_snake_ddqn,3,67.657,10.44,9412,cpu,17,170,169.88,0.05,1.427972
1669,lightweight_snake_ddqn,3,67.6777,10.44,9412,cpu,7,44,62.84,0.05,2.54951
1670,lightweight_snake_ddqn,3,67.7222,10.54,9412,cpu,14,95,135.2,0.05,0.825161
1671,lightweight_snake_ddqn,3,67.749,10.58,9412,cpu,7,57,64.21,0.05,1.134734
1672,lightweight_snake_ddqn,3,67.7735,10.6,9412,cpu,6,52,53.85,0.05,1.327353
1673,lightweight_snake_ddqn,3,67.8119,10.68,9412,cpu,10,82,94.79,0.05,1.132493
1674,lightweight_snake_ddqn,3,67.8846,10.78,9412,cpu,20,155,200.26,0.05,1.095608
1675,lightweight_snake_ddqn,3,67.9066,10.7,9412,cpu,6,47,52.8,0.05,1.635916
1676,lightweight_snake_ddqn,3,67.9497,10.6,9412,cpu,10,92,94.69,0.05,1.618625
1677,lightweight_snake_ddqn,3,67.9609,10.38,9412,cpu,2,24,11.69,0.05,1.24856
1678,lightweight_snake_ddqn,3,67.9646,10.18,9412,cpu,1,8,0.54,0.05,0.636636
1679,lightweight_snake_ddqn,3,67.9997,10.28,9412,cpu,9,75,84.65,0.05,1.568211
1680,lightweight_snake_ddqn,3,68.0467,10.24,9412,cpu,14,100,136.85,0.05,1.582989
1681,lightweight_snake_ddqn,3,68.0601,9.98,9412,cpu,3,29,21.85,0.05,1.463821
1682,lightweight_snake_ddqn,3,68.0915,9.74,9412,cpu,6,67,54.8,0.05,1.429129
1683,lightweight_snake_ddqn,3,68.1566,9.82,9412,cpu,17,139,167.89,0.05,0.799415
1684,lightweight_snake_ddqn,3,68.2016,9.94,9412,cpu,12,96,116.27,0.05,0.647382
1685,lightweight_snake_ddqn,3,68.2575,10.12,9412,cpu,17,119,168.89,0.05,0.730171
1686,lightweight_snake_ddqn,3,68.288,9.94,9412,cpu,9,65,84.35,0.05,1.727889
1687,lightweight_snake_ddqn,3,68.3698,10.3,9412,cpu,20,173,201.28,0.05,0.875733
1688,lightweight_snake_ddqn,3,68.4509,10.34,9412,cpu,16,173,160.04,0.05,1.028264
1689,lightweight_snake_ddqn,3,68.5451,10.68,9412,cpu,22,201,220.62,0.05,0.618313
1690,lightweight_snake_ddqn,3,68.606,10.86,9412,cpu,17,130,167.88,0.05,1.474291
1691,lightweight_snake_ddqn,3,68.661,10.8,9412,cpu,13,118,126.36,0.05,1.730819
1692,lightweight_snake_ddqn,3,68.7291,10.78,9412,cpu,18,146,179.43,0.05,0.794518
1693,lightweight_snake_ddqn,3,68.7637,10.92,9412,cpu,9,74,84.96,0.05,0.742248
1694,lightweight_snake_ddqn,3,68.7675,10.8,9412,cpu,0,8,-9.37,0.05,1.617708
1695,lightweight_snake_ddqn,3,68.7829,10.7,9412,cpu,3,33,22.01,0.05,1.185785
1696,lightweight_snake_ddqn,3,68.8695,10.88,9412,cpu,21,184,210.78,0.05,1.510264
1697,lightweight_snake_ddqn,3,68.9361,11.06,9412,cpu,18,142,180.07,0.05,1.214416
1698,lightweight_snake_ddqn,3,68.9955,11.18,9412,cpu,17,127,168.01,0.05,1.10883
1699,lightweight_snake_ddqn,3,69.0546,11.14,9412,cpu,16,126,158.21,0.05,0.214436
1700,lightweight_snake_ddqn,3,69.1549,11.5,9412,cpu,28,213,284.16,0.05,1.613302
1701,lightweight_snake_ddqn,3,69.1942,11.68,9412,cpu,11,84,104.88,0.05,1.594041
1702,lightweight_snake_ddqn,3,69.2384,11.88,9412,cpu,12,94,116.69,0.05,1.128808
1703,lightweight_snake_ddqn,3,69.2553,11.92,9412,cpu,6,36,52.41,0.05,0.485501
1704,lightweight_snake_ddqn,3,69.3023,11.96,9412,cpu,14,99,136.36,0.05,1.116113
1705,lightweight_snake_ddqn,3,69.3277,11.92,9412,cpu,8,54,74.05,0.05,0.73511
1706,lightweight_snake_ddqn,3,69.3754,11.92,9412,cpu,10,101,95.5,0.05,0.673501
1707,lightweight_snake_ddqn,3,69.4054,11.92,9412,cpu,6,64,53.73,0.05,0.514238
1708,lightweight_snake_ddqn,3,69.4628,12.06,9412,cpu,17,122,168.56,0.05,0.751874
1709,lightweight_snake_ddqn,3,69.5025,11.96,9412,cpu,11,85,105.37,0.05,0.455666
1710,lightweight_snake_ddqn,3,69.5723,12.04,9412,cpu,18,149,178.3,0.05,0.628532
1711,lightweight_snake_ddqn,3,69.5817,11.66,9412,cpu,3,20,21.24,0.05,1.118209
1712,lightweight_snake_ddqn,3,69.6017,11.54,9412,cpu,6,43,53.04,0.05,1.485606
1713,lightweight_snake_ddqn,3,69.6634,11.64,9412,cpu,17,132,167.86,0.05,0.950575
1714,lightweight_snake_ddqn,3,69.7116,11.64,9412,cpu,12,103,116.9,0.05,1.705369
1715,lightweight_snake_ddqn,3,69.7736,11.9,9412,cpu,17,132,168.66,0.05,1.048759
1716,lightweight_snake_ddqn,3,69.8036,12.0,9412,cpu,9,64,83.46,0.05,0.923753
1717,lightweight_snake_ddqn,3,69.8531,11.86,9412,cpu,11,106,106.66,0.05,0.937784
1718,lightweight_snake_ddqn,3,69.8682,11.62,9412,cpu,5,32,42.14,0.05,0.963412
1719,lightweight_snake_ddqn,3,69.8748,11.52,9412,cpu,2,14,10.99,0.05,1.397697
1720,lightweight_snake_ddqn,3,69.8935,11.3,9412,cpu,3,40,22.64,0.05,1.779697
1721,lightweight_snake_ddqn,3,69.9217,11.3,9412,cpu,7,60,64.68,0.05,0.337726
1722,lightweight_snake_ddqn,3,70.0015,11.58,9412,cpu,20,170,201.41,0.05,2.026996
1723,lightweight_snake_ddqn,3,70.04,11.58,9412,cpu,10,82,95.99,0.05,2.179235
1724,lightweight_snake_ddqn,3,70.086,11.44,9412,cpu,13,98,125.76,0.05,0.603437
1725,lightweight_snake_ddqn,3,70.1231,11.56,9412,cpu,12,79,114.94,0.05,0.35551
1726,lightweight_snake_ddqn,3,70.1791,11.6,9412,cpu,12,119,115.74,0.05,1.654535
1727,lightweight_snake_ddqn,3,70.2818,12.06,9412,cpu,25,218,253.48,0.05,1.261374
1728,lightweight_snake_ddqn,3,70.3095,12.18,9412,cpu,7,59,63.79,0.05,0.948104
1729,lightweight_snake_ddqn,3,70.3694,12.3,9412,cpu,15,127,147.19,0.05,0.556907
1730,lightweight_snake_ddqn,3,70.4142,12.34,9412,cpu,16,95,155.62,0.05,2.010833
1731,lightweight_snake_ddqn,3,70.4273,12.36,9412,cpu,4,28,31.47,0.05,1.289828
1732,lightweight_snake_ddqn,3,70.4571,12.46,9412,cpu,11,63,104.19,0.05,0.689562
1733,lightweight_snake_ddqn,3,70.5224,12.5,9412,cpu,19,139,189.51,0.05,0.732588
1734,lightweight_snake_ddqn,3,70.5806,12.56,9412,cpu,15,124,148.92,0.05,0.925634
1735,lightweight_snake_ddqn,3,70.6556,12.6,9412,cpu,19,160,188.8,0.05,1.390114
1736,lightweight_snake_ddqn,3,70.7067,12.68,9412,cpu,13,109,127.75,0.05,1.20679
1737,lightweight_snake_ddqn,3,70.732,12.42,9412,cpu,7,54,63.94,0.05,0.938902
1738,lightweight_snake_ddqn,3,70.8085,12.5,9412,cpu,20,163,199.38,0.05,0.944377
1739,lightweight_snake_ddqn,3,70.8268,12.16,9412,cpu,5,39,42.17,0.05,0.633873
1740,lightweight_snake_ddqn,3,70.878,12.14,9412,cpu,16,109,157.48,0.05,1.104366
1741,lightweight_snake_ddqn,3,70.9428,12.24,9412,cpu,18,138,178.91,0.05,1.37842
1742,lightweight_snake_ddqn,3,71.0258,12.26,9412,cpu,19,177,192.73,0.05,0.845668
1743,lightweight_snake_ddqn,3,71.0788,12.36,9412,cpu,14,113,137.82,0.05,0.619892
1744,lightweight_snake_ddqn,3,71.1293,12.58,9412,cpu,11,108,107.64,0.05,0.580519
1745,lightweight_snake_ddqn,3,71.1738,12.76,9412,cpu,12,95,114.58,0.05,1.102236
1746,lightweight_snake_ddqn,3,71.2132,12.58,9412,cpu,12,84,115.39,0.05,0.955848
1747,lightweight_snake_ddqn,3,71.2366,12.42,9412,cpu,10,50,93.11,0.05,0.429029
1748,lightweight_snake_ddqn,3,71.2607,12.2,9412,cpu,6,51,53.76,0.05,1.644185
1749,lightweight_snake_ddqn,3,71.2926,12.02,9412,cpu,7,68,64.8,0.05,1.147326
1750,lightweight_snake_ddqn,3,71.383,11.88,9412,cpu,21,190,208.72,0.05,1.527714
1751,lightweight_snake_ddqn,3,71.4022,11.76,9412,cpu,5,41,42.55,0.05,0.347297
1752,lightweight_snake_ddqn,3,71.4724,11.88,9412,cpu,18,150,181.19,0.05,0.848618
1753,lightweight_snake_ddqn,3,71.5059,12.02,9412,cpu,13,71,124.53,0.05,1.181392
1754,lightweight_snake_ddqn,3,71.6016,12.18,9412,cpu,22,205,221.18,0.05,0.333537
1755,lightweight_snake_ddqn,3,71.625,12.16,9412,cpu,7,50,63.78,0.05,1.036758
1756,lightweight_snake_ddqn,3,71.6339,12.0,9412,cpu,2,19,11.24,0.05,0.888909
1757,lightweight_snake_ddqn,3,71.6775,12.18,9412,cpu,15,93,145.53,0.05,1.009667
1758,lightweight_snake_ddqn,3,71.745,12.2,9412,cpu,18,144,178.65,0.05,1.058583
1759,lightweight_snake_ddqn,3,71.8265,12.42,9412,cpu,22,174,221.19,0.05,0.390605
1760,lightweight_snake_ddqn,3,71.8829,12.4,9412,cpu,17,120,168.98,0.05,1.125482
1761,lightweight_snake_ddqn,3,71.9582,12.76,9412,cpu,21,160,210.82,0.05,1.548607
1762,lightweight_snake_ddqn,3,72.0506,13.12,9412,cpu,24,197,238.08,0.05,0.889332
1763,lightweight_snake_ddqn,3,72.075,12.94,9412,cpu,8,52,73.87,0.05,0.400167
1764,lightweight_snake_ddqn,3,72.1242,12.94,9412,cpu,12,105,116.88,0.05,0.834935
1765,lightweight_snake_ddqn,3,72.1636,12.82,9412,cpu,11,84,105.08,0.05,1.276328
1766,lightweight_snake_ddqn,3,72.1833,12.76,9412,cpu,6,42,52.95,0.05,1.320981
1767,lightweight_snake_ddqn,3,72.2358,12.82,9412,cpu,14,112,138.33,0.05,0.692091
1768,lightweight_snake_ddqn,3,72.2494,12.82,9412,cpu,5,29,42.07,0.05,0.793308
1769,lightweight_snake_ddqn,3,72.3332,13.14,9412,cpu,18,177,180.22,0.05,0.996601
1770,lightweight_snake_ddqn,3,72.3898,13.36,9412,cpu,14,120,137.45,0.05,0.687403
1771,lightweight_snake_ddqn,3,72.4152,13.36,9412,cpu,7,54,63.74,0.05,0.990188
1772,lightweight_snake_ddqn,3,72.4458,13.12,9412,cpu,8,65,75.04,0.05,0.803594
1773,lightweight_snake_ddqn,3,72.4973,13.14,9412,cpu,11,109,107.53,0.05,1.454842
1774,lightweight_snake_ddqn,3,72.5335,13.08,9412,cpu,10,77,94.34,0.05,1.216423
1775,lightweight_snake_ddqn,3,72.598,13.24,9412,cpu,20,137,198.64,0.05,1.236264
1776,lightweight_snake_ddqn,3,72.6303,13.18,9412,cpu,9,69,82.51,0.05,0.792479
1777,lightweight_snake_ddqn,3,72.675,12.98,9412,cpu,15,95,146.91,0.05,1.384551
1778,lightweight_snake_ddqn,3,72.6848,12.9,9412,cpu,3,21,21.33,0.05,1.778134
1779,lightweight_snake_ddqn,3,72.7708,13.08,9412,cpu,24,182,240.13,0.05,0.869371
1780,lightweight_snake_ddqn,3,72.8226,12.98,9412,cpu,11,110,106.62,0.05,1.83918
1781,lightweight_snake_ddqn,3,72.8901,13.2,9412,cpu,15,144,148.72,0.05,1.276605
1782,lightweight_snake_ddqn,3,72.9855,13.4,9412,cpu,21,203,212.29,0.05,1.020148
1783,lightweight_snake_ddqn,3,73.0242,13.3,9412,cpu,14,82,135.43,0.05,1.479474
1784,lightweight_snake_ddqn,3,73.0837,13.32,9412,cpu,16,127,158.1,0.05,0.90965
1785,lightweight_snake_ddqn,3,73.1385,13.24,9412,cpu,15,117,146.49,0.05,0.562699
1786,lightweight_snake_ddqn,3,73.1571,13.06,9412,cpu,4,40,33.15,0.05,2.031363
1787,lightweight_snake_ddqn,3,73.1829,13.06,9412,cpu,7,55,63.83,0.05,0.707746
1788,lightweight_snake_ddqn,3,73.2219,12.86,9412,cpu,10,83,95.68,0.05,1.418432
1789,lightweight_snake_ddqn,3,73.2449,12.92,9412,cpu,8,49,73.6,0.05,1.2075
1790,lightweight_snake_ddqn,3,73.2768,12.78,9412,cpu,9,67,85.13,0.05,0.765168
1791,lightweight_snake_ddqn,3,73.2843,12.44,9412,cpu,1,16,0.86,0.05,1.038935
1792,lightweight_snake_ddqn,3,73.336,12.28,9412,cpu,11,110,108.42,0.05,1.090698
1793,lightweight_snake_ddqn,3,73.3522,12.08,9412,cpu,4,34,32.61,0.05,1.689471
1794,lightweight_snake_ddqn,3,73.356,11.88,9412,cpu,1,8,0.54,0.05,0.841712
1795,lightweight_snake_ddqn,3,73.4195,11.94,9412,cpu,15,135,149.51,0.05,0.829362
1796,lightweight_snake_ddqn,3,73.4551,11.86,9412,cpu,8,76,73.23,0.05,1.321131
1797,lightweight_snake_ddqn,3,73.5262,12.06,9412,cpu,20,151,199.7,0.05,1.094895
1798,lightweight_snake_ddqn,3,73.5309,11.96,9412,cpu,1,10,0.72,0.05,1.897704
1799,lightweight_snake_ddqn,3,73.5813,12.1,9412,cpu,14,106,136.59,0.05,0.434493
1800,lightweight_snake_ddqn,3,73.6266,11.92,9412,cpu,12,95,116.78,0.05,1.882009
1801,lightweight_snake_ddqn,3,73.7027,12.16,9412,cpu,17,161,168.47,0.05,1.594548
1802,lightweight_snake_ddqn,3,73.7124,11.88,9412,cpu,4,20,31.35,0.05,1.531559
1803,lightweight_snake_ddqn,3,73.7684,11.92,9412,cpu,15,118,147.18,0.05,1.369316
1804,lightweight_snake_ddqn,3,73.8198,11.72,9412,cpu,12,109,116.84,0.05,0.781769
1805,lightweight_snake_ddqn,3,73.8373,11.66,9412,cpu,4,37,32.88,0.05,1.282607
1806,lightweight_snake_ddqn,3,73.896,11.92,9412,cpu,15,124,147.72,0.05,0.509776
1807,lightweight_snake_ddqn,3,73.9324,11.82,9412,cpu,10,77,94.74,0.05,0.35677
1808,lightweight_snake_ddqn,3,74.0068,11.78,9412,cpu,16,157,160.2,0.05,0.822944
1809,lightweight_snake_ddqn,3,74.0691,11.7,9412,cpu,18,132,178.37,0.05,0.589854
1810,lightweight_snake_ddqn,3,74.0994,11.5,9412,cpu,7,64,64.04,0.05,1.2196
1811,lightweight_snake_ddqn,3,74.1027,11.1,9412,cpu,1,7,0.45,0.05,1.014336
1812,lightweight_snake_ddqn,3,74.1177,10.7,9412,cpu,4,32,32.43,0.05,1.607877
1813,lightweight_snake_ddqn,3,74.1987,11.0,9412,cpu,23,171,231.83,0.05,1.19137
1814,lightweight_snake_ddqn,3,74.2247,10.9,9412,cpu,7,55,63.83,0.05,1.264867
1815,lightweight_snake_ddqn,3,74.2403,10.76,9412,cpu,4,33,31.92,0.05,1.002561
1816,lightweight_snake_ddqn,3,74.2901,10.86,9412,cpu,11,106,107.26,0.05,1.248096
1817,lightweight_snake_ddqn,3,74.3279,10.76,9412,cpu,9,80,85.5,0.05,0.823792
1818,lightweight_snake_ddqn,3,74.3664,10.86,9412,cpu,10,82,95.59,0.05,2.655464
1819,lightweight_snake_ddqn,3,74.3711,10.52,9412,cpu,1,10,0.72,0.05,2.105556
1820,lightweight_snake_ddqn,3,74.4157,10.48,9412,cpu,12,95,116.58,0.05,0.76638
1821,lightweight_snake_ddqn,3,74.4799,10.68,9412,cpu,17,137,169.71,0.05,1.703679
1822,lightweight_snake_ddqn,3,74.4976,10.64,9412,cpu,6,38,52.19,0.05,0.562443
1823,lightweight_snake_ddqn,3,74.5071,10.5,9412,cpu,4,20,31.35,0.05,1.165581
1824,lightweight_snake_ddqn,3,74.5164,10.36,9412,cpu,3,20,21.04,0.05,0.992055
1825,lightweight_snake_ddqn,3,74.5197,9.98,9412,cpu,1,7,0.25,0.05,1.01558
1826,lightweight_snake_ddqn,3,74.5468,9.92,9412,cpu,6,58,52.59,0.05,1.260188
1827,lightweight_snake_ddqn,3,74.6359,10.12,9412,cpu,25,190,252.56,0.05,1.493298
1828,lightweight_snake_ddqn,3,74.6829,10.34,9412,cpu,14,100,134.65,0.05,0.666986
1829,lightweight_snake_ddqn,3,74.7673,10.3,9412,cpu,22,180,222.53,0.05,0.796768
1830,lightweight_snake_ddqn,3,74.7907,10.18,9412,cpu,5,50,43.16,0.05,0.967231
1831,lightweight_snake_ddqn,3,74.8639,10.28,9412,cpu,20,156,201.15,0.05,0.987761
1832,lightweight_snake_ddqn,3,74.8812,9.94,9412,cpu,4,37,32.08,0.05,1.449976
1833,lightweight_snake_ddqn,3,74.8942,9.76,9412,cpu,5,28,41.58,0.05,1.304818
1834,lightweight_snake_ddqn,3,74.9232,9.58,9412,cpu,7,62,63.86,0.05,0.38974
1835,lightweight_snake_ddqn,3,74.9531,9.42,9412,cpu,7,64,64.64,0.05,1.144581
1836,lightweight_snake_ddqn,3,75.0237,9.7,9412,cpu,18,150,178.99,0.05,1.881509
1837,lightweight_snake_ddqn,3,75.1009,9.94,9412,cpu,19,164,191.16,0.05,1.56132
1838,lightweight_snake_ddqn,3,75.1225,9.9,9412,cpu,8,46,73.33,0.05,0.427151
1839,lightweight_snake_ddqn,3,75.1799,10.02,9412,cpu,14,122,137.83,0.05,0.433163
1840,lightweight_snake_ddqn,3,75.1854,9.86,9412,cpu,1,12,0.7,0.05,1.192967
1841,lightweight_snake_ddqn,3,75.2471,10.14,9412,cpu,15,132,149.04,0.05,1.571384
1842,lightweight_snake_ddqn,3,75.3035,10.22,9412,cpu,15,119,148.87,0.05,1.081562
1843,lightweight_snake_ddqn,3,75.3232,10.24,9412,cpu,5,42,43.24,0.05,0.563019
1844,lightweight_snake_ddqn,3,75.3867,10.5,9412,cpu,14,135,139.2,0.05,0.851278
1845,lightweight_snake_ddqn,3,75.4105,10.36,9412,cpu,8,50,73.49,0.05,1.063203
1846,lightweight_snake_ddqn,3,75.4863,10.56,9412,cpu,18,160,180.69,0.05,1.239914
1847,lightweight_snake_ddqn,3,75.5378,10.36,9412,cpu,10,109,96.42,0.05,0.935811
1848,lightweight_snake_ddqn,3,75.5815,10.56,9412,cpu,11,93,105.89,0.05,1.230647
1849,lightweight_snake_ddqn,3,75.6062,10.42,9412,cpu,7,52,62.36,0.05,0.875681
1850,lightweight_snake_ddqn,3,75.6486,10.42,9412,cpu,12,90,116.13,0.05,1.283942
1851,lightweight_snake_ddqn,3,75.6983,10.42,9412,cpu,17,105,167.03,0.05,0.900088
1852,lightweight_snake_ddqn,3,75.7321,10.58,9412,cpu,12,71,114.82,0.05,1.975421
1853,lightweight_snake_ddqn,3,75.7485,10.42,9412,cpu,7,35,62.23,0.05,1.868771
1854,lightweight_snake_ddqn,3,75.7613,10.24,9412,cpu,3,27,22.07,0.05,1.552643
1855,lightweight_snake_ddqn,3,75.7642,10.16,9412,cpu,0,6,-9.55,0.05,0.573574
1856,lightweight_snake_ddqn,3,75.7754,9.9,9412,cpu,2,24,11.89,0.05,0.814849
1857,lightweight_snake_ddqn,3,75.7975,9.82,9412,cpu,6,47,53.4,0.05,0.961525
1858,lightweight_snake_ddqn,3,75.8563,9.82,9412,cpu,16,124,158.43,0.05,1.735732
1859,lightweight_snake_ddqn,3,75.9194,9.78,9412,cpu,16,133,158.84,0.05,0.80566
1860,lightweight_snake_ddqn,3,75.9745,9.9,9412,cpu,13,115,127.69,0.05,1.852335
1861,lightweight_snake_ddqn,3,76.0265,10.14,9412,cpu,13,110,128.24,0.05,1.353449
1862,lightweight_snake_ddqn,3,76.0415,10.14,9412,cpu,4,32,32.43,0.05,0.652733
1863,lightweight_snake_ddqn,3,76.0538,9.72,9412,cpu,2,26,12.07,0.05,1.821611
1864,lightweight_snake_ddqn,3,76.1054,9.84,9412,cpu,13,109,127.95,0.05,0.87247
1865,lightweight_snake_ddqn,3,76.1592,10.04,9412,cpu,14,114,136.71,0.05,0.605504
1866,lightweight_snake_ddqn,3,76.1658,9.88,9412,cpu,3,14,20.9,0.05,0.625475
1867,lightweight_snake_ddqn,3,76.229,10.06,9412,cpu,18,133,177.66,0.05,0.76252
1868,lightweight_snake_ddqn,3,76.2658,10.06,9412,cpu,10,78,95.03,0.05,1.317287
1869,lightweight_snake_ddqn,3,76.2851,10.12,9412,cpu,4,41,32.84,0.05,1.6911
1870,lightweight_snake_ddqn,3,76.3934,10.4,9412,cpu,26,229,261.98,0.05,1.222676
1871,lightweight_snake_ddqn,3,76.4085,10.16,9412,cpu,5,32,42.14,0.05,1.042869
1872,lightweight_snake_ddqn,3,76.4393,10.2,9412,cpu,8,65,74.04,0.05,1.524092
1873,lightweight_snake_ddqn,3,76.4923,10.44,9412,cpu,16,112,156.35,0.05,0.972743
1874,lightweight_snake_ddqn,3,76.5732,10.76,9412,cpu,19,171,190.59,0.05,1.137761
1875,lightweight_snake_ddqn,3,76.6163,10.98,9412,cpu,12,91,114.82,0.05,0.877866
1876,lightweight_snake_ddqn,3,76.6707,11.1,9412,cpu,12,115,117.18,0.05,1.351991
1877,lightweight_snake_ddqn,3,76.681,10.66,9412,cpu,3,22,21.62,0.05,0.637879
1878,lightweight_snake_ddqn,3,76.7442,10.72,9412,cpu,17,135,168.33,0.05,0.892015
1879,lightweight_snake_ddqn,3,76.7838,10.46,9412,cpu,9,84,86.66,0.05,1.227555
1880,lightweight_snake_ddqn,3,76.8577,10.78,9412,cpu,21,157,209.55,0.05,1.156717
1881,lightweight_snake_ddqn,3,76.8643,10.44,9412,cpu,3,14,20.9,0.05,0.572297
1882,lightweight_snake_ddqn,3,76.8836,10.48,9412,cpu,6,41,53.06,0.05,0.617401
1883,lightweight_snake_ddqn,3,76.9291,10.58,9412,cpu,10,97,95.54,0.05,1.013754
1884,lightweight_snake_ddqn,3,76.9707,10.72,9412,cpu,14,89,135.26,0.05,0.788103
1885,lightweight_snake_ddqn,3,77.0196,10.82,9412,cpu,12,104,117.39,0.05,0.894725
1886,lightweight_snake_ddqn,3,77.0602,10.7,9412,cpu,12,86,115.57,0.05,1.200523
1887,lightweight_snake_ddqn,3,77.096,10.5,9412,cpu,9,76,84.74,0.05,0.332925
1888,lightweight_snake_ddqn,3,77.157,10.62,9412,cpu,14,130,136.35,0.05,0.933191
1889,lightweight_snake_ddqn,3,77.1884,10.52,9412,cpu,9,67,84.93,0.05,1.696836
1890,lightweight_snake_ddqn,3,77.2349,10.76,9412,cpu,13,99,127.05,0.05,0.428464
1891,lightweight_snake_ddqn,3,77.2853,10.74,9412,cpu,14,107,136.88,0.05,0.754595
1892,lightweight_snake_ddqn,3,77.3157,10.58,9412,cpu,7,65,63.73,0.05,0.586318
1893,lightweight_snake_ddqn,3,77.3791,10.76,9412,cpu,14,135,138.6,0.05,0.664538
1894,lightweight_snake_ddqn,3,77.404,10.62,9412,cpu,7,53,63.85,0.05,0.535888
1895,lightweight_snake_ddqn,3,77.4106,10.48,9412,cpu,1,14,1.08,0.05,1.438369
1896,lightweight_snake_ddqn,3,77.4768,10.5,9412,cpu,19,141,190.09,0.05,1.268714
1897,lightweight_snake_ddqn,3,77.4949,10.42,9412,cpu,6,39,52.08,0.05,0.648082
1898,lightweight_snake_ddqn,3,77.5703,10.54,9412,cpu,17,161,168.87,0.05,2.217288
1899,lightweight_snake_ddqn,3,77.5983,10.56,9412,cpu,8,60,74.39,0.05,1.13105
1900,lightweight_snake_ddqn,3,77.6355,10.54,9412,cpu,11,79,105.03,0.05,0.844618
1901,lightweight_snake_ddqn,3,77.7166,10.64,9412,cpu,22,173,220.7,0.05,0.806947
1902,lightweight_snake_ddqn,3,77.7566,10.62,9412,cpu,11,85,106.17,0.05,1.480355
1903,lightweight_snake_ddqn,3,77.7645,10.52,9412,cpu,2,17,11.06,0.05,1.268404
1904,lightweight_snake_ddqn,3,77.8106,10.76,9412,cpu,15,98,147.18,0.05,1.463837
1905,lightweight_snake_ddqn,3,77.8436,10.92,9412,cpu,8,70,74.69,0.05,1.385692
1906,lightweight_snake_ddqn,3,77.8783,11.1,9412,cpu,11,74,105.58,0.05,1.19007
1907,lightweight_snake_ddqn,3,77.8915,11.1,9412,cpu,6,28,51.89,0.05,0.924318
1908,lightweight_snake_ddqn,3,77.9239,10.94,9412,cpu,8,69,74.6,0.05,0.402762
1909,lightweight_snake_ddqn,3,77.9555,10.82,9412,cpu,10,67,93.64,0.05,1.829738
1910,lightweight_snake_ddqn,3,78.0376,10.94,9412,cpu,19,174,189.26,0.05,0.629445
1911,lightweight_snake_ddqn,3,78.083,10.94,9412,cpu,13,97,127.07,0.05,1.350981
1912,lightweight_snake_ddqn,3,78.1144,11.08,9412,cpu,11,67,104.15,0.05,1.44347
1913,lightweight_snake_ddqn,3,78.1648,11.28,9412,cpu,12,107,116.26,0.05,0.698706
1914,lightweight_snake_ddqn,3,78.2115,11.3,9412,cpu,14,99,136.56,0.05,0.639908
1915,lightweight_snake_ddqn,3,78.2814,11.4,9412,cpu,19,149,189.61,0.05,1.168504
1916,lightweight_snake_ddqn,3,78.3128,11.54,9412,cpu,10,67,94.44,0.05,2.113919
1917,lightweight_snake_ddqn,3,78.333,11.32,9412,cpu,7,43,62.55,0.05,1.475145
1918,lightweight_snake_ddqn,3,78.3605,11.28,9412,cpu,8,59,74.3,0.05,0.441899
1919,lightweight_snake_ddqn,3,78.3895,11.34,9412,cpu,7,62,63.46,0.05,2.469784
1920,lightweight_snake_ddqn,3,78.3965,10.86,9412,cpu,2,15,11.08,0.05,0.340858
1921,lightweight_snake_ddqn,3,78.4198,10.92,9412,cpu,8,50,73.29,0.05,1.582472
1922,lightweight_snake_ddqn,3,78.4569,10.98,9412,cpu,11,79,104.63,0.05,1.234812
1923,lightweight_snake_ddqn,3,78.5325,11.04,9412,cpu,19,161,190.69,0.05,1.576097
1924,lightweight_snake_ddqn,3,78.6091,11.04,9412,cpu,19,163,191.47,0.05,0.59051
1925,lightweight_snake_ddqn,3,78.7008,11.18,9412,cpu,19,195,192.75,0.05,1.347545
1926,lightweight_snake_ddqn,3,78.7243,11.08,9412,cpu,7,50,63.38,0.05,0.492021
1927,lightweight_snake_ddqn,3,78.7436,11.08,9412,cpu,3,41,23.13,0.05,1.531449
1928,lightweight_snake_ddqn,3,78.803,11.02,9412,cpu,14,127,138.68,0.05,0.599695
1929,lightweight_snake_ddqn,3,78.8563,11.18,9412,cpu,17,113,168.35,0.05,0.788027
1930,lightweight_snake_ddqn,3,78.9087,11.06,9412,cpu,15,112,147.44,0.05,0.737629
1931,lightweight_snake_ddqn,3,78.978,11.38,9412,cpu,19,148,188.72,0.05,1.086396
1932,lightweight_snake_ddqn,3,79.017,11.5,9412,cpu,12,83,115.7,0.05,0.680092
1933,lightweight_snake_ddqn,3,79.0743,11.6,9412,cpu,15,122,149.14,0.05,1.604139
1934,lightweight_snake_ddqn,3,79.137,11.6,9412,cpu,14,134,136.71,0.05,0.78973
1935,lightweight_snake_ddqn,3,79.1865,11.58,9412,cpu,11,106,106.66,0.05,0.551914
1936,lightweight_snake_ddqn,3,79.2024,11.44,9412,cpu,5,34,42.12,0.05,1.786417
1937,lightweight_snake_ddqn,3,79.2586,11.54,9412,cpu,14,120,137.25,0.05,0.519966
1938,lightweight_snake_ddqn,3,79.3317,11.64,9412,cpu,19,156,190.04,0.05,1.016531
1939,lightweight_snake_ddqn,3,79.3416,11.5,9412,cpu,2,21,11.22,0.05,1.302884
1940,lightweight_snake_ddqn,3,79.3585,11.34,9412,cpu,5,36,42.5,0.05,1.029228
1941,lightweight_snake_ddqn,3,79.4122,11.3,9412,cpu,12,115,117.18,0.05,1.431895
1942,lightweight_snake_ddqn,3,79.4309,11.3,9412,cpu,7,40,62.88,0.05,0.902161
1943,lightweight_snake_ddqn,3,79.475,11.28,9412,cpu,13,94,125.0,0.05,1.410932
1944,lightweight_snake_ddqn,3,79.4796,11.16,9412,cpu,1,10,0.72,0.05,1.033314
1945,lightweight_snake_ddqn,3,79.5199,11.4,9412,cpu,13,86,125.68,0.05,0.482675
1946,lightweight_snake_ddqn,3,79.5236,11.04,9412,cpu,1,8,0.34,0.05,1.101141
1947,lightweight_snake_ddqn,3,79.5651,11.14,9412,cpu,11,89,106.13,0.05,2.461395
1948,lightweight_snake_ddqn,3,79.5946,10.98,9412,cpu,9,63,84.77,0.05,1.689463
1949,lightweight_snake_ddqn,3,79.6545,11.16,9412,cpu,17,128,167.9,0.05,1.638545
1950,lightweight_snake_ddqn,3,79.706,11.28,9412,cpu,17,110,168.28,0.05,1.096138
1951,lightweight_snake_ddqn,3,79.7322,11.0,9412,cpu,8,56,74.23,0.05,1.078393
1952,lightweight_snake_ddqn,3,79.7636,10.96,9412,cpu,9,67,84.73,0.05,1.495992
1953,lightweight_snake_ddqn,3,79.7762,10.98,9412,cpu,3,27,21.67,0.05,1.584305
1954,lightweight_snake_ddqn,3,79.7931,10.82,9412,cpu,7,36,62.32,0.05,1.103256
1955,lightweight_snake_ddqn,3,79.8542,11.08,9412,cpu,21,130,209.12,0.05,1.652847
1956,lightweight_snake_ddqn,3,79.8784,10.98,9412,cpu,6,52,53.45,0.05,1.396132
1957,lightweight_snake_ddqn,3,80.0067,11.42,9412,cpu,28,274,284.65,0.05,1.334559
1958,lightweight_snake_ddqn,3,80.0476,11.54,9412,cpu,14,87,135.88,0.05,1.772634
1959,lightweight_snake_ddqn,3,80.0645,11.4,9412,cpu,3,36,22.68,0.05,0.797539
1960,lightweight_snake_ddqn,3,80.1583,11.54,9412,cpu,26,200,263.17,0.05,1.250852
1961,lightweight_snake_ddqn,3,80.207,11.58,9412,cpu,15,104,146.92,0.05,0.898429
1962,lightweight_snake_ddqn,3,80.2146,11.42,9412,cpu,3,16,20.88,0.05,0.423814
1963,lightweight_snake_ddqn,3,80.2351,11.28,9412,cpu,5,44,43.22,0.05,0.723524
1964,lightweight_snake_ddqn,3,80.3092,11.46,9412,cpu,23,158,230.06,0.05,1.659803
1965,lightweight_snake_ddqn,3,80.3336,11.22,9412,cpu,7,52,63.76,0.05,1.466223
1966,lightweight_snake_ddqn,3,80.3509,11.12,9412,cpu,5,37,42.59,0.05,1.065994
1967,lightweight_snake_ddqn,3,80.4084,11.28,9412,cpu,15,123,147.23,0.05,1.033601
1968,lightweight_snake_ddqn,3,80.4257,11.22,9412,cpu,5,37,42.59,0.05,0.597628
1969,lightweight_snake_ddqn,3,80.4636,11.3,9412,cpu,11,81,104.81,0.05,1.443659
1970,lightweight_snake_ddqn,3,80.5489,11.72,9412,cpu,23,182,230.42,0.05,0.619882
1971,lightweight_snake_ddqn,3,80.5882,11.72,9412,cpu,8,84,74.35,0.05,1.063892
1972,lightweight_snake_ddqn,3,80.6418,11.86,9412,cpu,18,114,177.95,0.05,0.876514
1973,lightweight_snake_ddqn,3,80.7078,11.8,9412,cpu,16,141,159.16,0.05,0.765997
1974,lightweight_snake_ddqn,3,80.7941,11.82,9412,cpu,20,184,199.67,0.05,2.000318
1975,lightweight_snake_ddqn,3,80.8597,11.86,9412,cpu,21,140,208.22,0.05,1.111108
1976,lightweight_snake_ddqn,3,80.8926,11.9,9412,cpu,9,70,85.2,0.05,2.165368
1977,lightweight_snake_ddqn,3,80.902,11.92,9412,cpu,4,20,31.35,0.05,1.138615
1978,lightweight_snake_ddqn,3,80.9103,11.66,9412,cpu,1,18,1.24,0.05,1.162952
1979,lightweight_snake_ddqn,3,80.9623,11.56,9412,cpu,12,111,117.22,0.05,1.501814
1980,lightweight_snake_ddqn,3,81.0176,11.52,9412,cpu,13,118,127.36,0.05,1.696344
1981,lightweight_snake_ddqn,3,81.1276,11.64,9412,cpu,25,235,252.61,0.05,1.052826
1982,lightweight_snake_ddqn,3,81.1921,11.72,9412,cpu,16,138,158.29,0.05,0.557168
1983,lightweight_snake_ddqn,3,81.2475,11.72,9412,cpu,15,118,147.18,0.05,0.876933
1984,lightweight_snake_ddqn,3,81.2727,11.56,9412,cpu,6,54,54.23,0.05,0.931997
1985,lightweight_snake_ddqn,3,81.2979,11.48,9412,cpu,7,54,63.94,0.05,0.913293
1986,lightweight_snake_ddqn,3,81.3371,11.56,9412,cpu,9,84,86.26,0.05,1.373514
1987,lightweight_snake_ddqn,3,81.4156,11.64,9412,cpu,18,168,181.81,0.05,1.392759
1988,lightweight_snake_ddqn,3,81.446,11.42,9412,cpu,8,65,73.84,0.05,1.59003
1989,lightweight_snake_ddqn,3,81.4586,11.46,9412,cpu,4,27,31.58,0.05,1.288813
1990,lightweight_snake_ddqn,3,81.4872,11.48,9412,cpu,6,61,53.46,0.05,0.668508
1991,lightweight_snake_ddqn,3,81.5121,11.38,9412,cpu,7,53,63.65,0.05,1.149842
1992,lightweight_snake_ddqn,3,81.5322,11.4,9412,cpu,8,43,73.06,0.05,1.348093
1993,lightweight_snake_ddqn,3,81.5388,11.18,9412,cpu,2,14,10.99,0.05,0.531949
1994,lightweight_snake_ddqn,3,81.5874,11.4,9412,cpu,12,104,116.79,0.05,1.247698
1995,lightweight_snake_ddqn,3,81.6019,11.22,9412,cpu,4,31,32.34,0.05,0.975797
1996,lightweight_snake_ddqn,3,81.6542,11.46,9412,cpu,13,112,128.02,0.05,1.816676
1997,lightweight_snake_ddqn,3,81.6641,11.3,9412,cpu,3,21,21.33,0.05,1.520247
1998,lightweight_snake_ddqn,3,81.7272,11.36,9412,cpu,12,135,117.58,0.05,1.379134
1999,lightweight_snake_ddqn,3,81.7561,11.16,9412,cpu,7,62,64.26,0.05,0.38137
2000,lightweight_snake_ddqn,3,81.7739,10.94,9412,cpu,6,38,52.59,0.05,0.869911
