episode,model,seed,elapsed_seconds,moving_avg_score,model_size,device,score,steps,reward,epsilon,loss
1,dqn,1,0.0003,1.0,18563,cpu,1,21,0.11,0.99601,0.0
2,dqn,1,0.0006,1.0,18563,cpu,1,34,0.08,0.98955,0.0
3,dqn,1,0.0007,0.6667,18563,cpu,0,14,-10.63,0.98689,0.0
4,dqn,1,0.0009,0.5,18563,cpu,0,12,-10.81,0.98461,0.0
5,dqn,1,0.001,0.4,18563,cpu,0,17,-10.76,0.98138,0.0
6,dqn,1,0.0058,0.3333,18563,cpu,0,9,-10.88,0.97967,0.886753
7,dqn,1,0.0201,0.2857,18563,cpu,0,39,-10.38,0.97226,0.006933
8,dqn,1,0.0256,0.25,18563,cpu,0,15,-9.94,0.96941,1.094138
9,dqn,1,0.0388,0.2222,18563,cpu,0,36,-10.45,0.96257,0.268789
10,dqn,1,0.0444,0.4,18563,cpu,2,16,10.57,0.95953,0.489778
11,dqn,1,0.0562,0.4545,18563,cpu,1,33,-0.81,0.95326,0.514992
12,dqn,1,0.0663,0.4167,18563,cpu,0,29,-11.08,0.94775,0.02008
13,dqn,1,0.0723,0.4615,18563,cpu,1,17,0.35,0.94452,0.393548
14,dqn,1,0.0791,0.4286,18563,cpu,0,19,-10.18,0.94091,0.310037
15,dqn,1,0.0816,0.4,18563,cpu,0,7,-10.46,0.93958,0.068993
16,dqn,1,0.0901,0.375,18563,cpu,0,24,-10.13,0.93502,0.010073
17,dqn,1,0.1012,0.4118,18563,cpu,1,31,0.01,0.92913,0.315285
18,dqn,1,0.1032,0.3889,18563,cpu,0,6,-10.55,0.92799,0.060311
19,dqn,1,0.1055,0.3684,18563,cpu,0,6,-10.55,0.92685,0.023802
20,dqn,1,0.1172,0.4,18563,cpu,1,34,0.08,0.92039,0.563231
21,dqn,1,0.1296,0.381,18563,cpu,0,36,-11.05,0.91355,0.250086
22,dqn,1,0.1429,0.4091,18563,cpu,1,38,0.64,0.90633,0.039469
23,dqn,1,0.1467,0.3913,18563,cpu,0,10,-10.19,0.90443,0.023902
24,dqn,1,0.1495,0.375,18563,cpu,0,8,-10.57,0.90291,0.023967
25,dqn,1,0.1563,0.4,18563,cpu,1,19,-0.27,0.8993,0.039324
26,dqn,1,0.1696,0.3846,18563,cpu,0,39,-10.58,0.89189,0.047722
27,dqn,1,0.1809,0.3704,18563,cpu,0,32,-10.41,0.88581,0.268153
28,dqn,1,0.1852,0.3929,18563,cpu,1,12,-0.1,0.88353,0.020208
29,dqn,1,0.187,0.3793,18563,cpu,0,5,-10.24,0.88258,0.04302
30,dqn,1,0.1894,0.3667,18563,cpu,0,7,-9.86,0.88125,0.019279
31,dqn,1,0.1939,0.3548,18563,cpu,0,13,-10.52,0.87878,0.02019
32,dqn,1,0.2099,0.3438,18563,cpu,0,47,-10.26,0.86985,0.564056
33,dqn,1,0.2161,0.3333,18563,cpu,0,18,-10.27,0.86643,0.260512
34,dqn,1,0.2235,0.3529,18563,cpu,1,21,0.31,0.86244,0.560758
35,dqn,1,0.2263,0.3429,18563,cpu,0,8,-9.77,0.86092,0.034602
36,dqn,1,0.2475,0.3611,18563,cpu,1,61,-0.49,0.84933,0.58858
37,dqn,1,0.2556,0.3514,18563,cpu,0,23,-10.62,0.84496,0.55366
38,dqn,1,0.2579,0.3421,18563,cpu,0,7,-10.26,0.84363,0.331993
39,dqn,1,0.2682,0.3846,18563,cpu,2,29,10.14,0.83812,0.633152
40,dqn,1,0.2742,0.375,18563,cpu,0,17,-10.76,0.83489,0.292329
41,dqn,1,0.2836,0.3659,18563,cpu,0,27,-10.86,0.82976,0.045847
42,dqn,1,0.2932,0.381,18563,cpu,1,27,0.45,0.82463,0.047185
43,dqn,1,0.2975,0.3721,18563,cpu,0,12,-10.21,0.82235,0.087014
44,dqn,1,0.3045,0.3636,18563,cpu,0,19,-10.78,0.81874,0.574049
45,dqn,1,0.3106,0.3778,18563,cpu,1,16,0.26,0.8157,0.052046
46,dqn,1,0.3133,0.413,18563,cpu,2,7,10.16,0.81437,0.071029
47,dqn,1,0.3199,0.4043,18563,cpu,0,19,-10.18,0.81076,0.277861
48,dqn,1,0.3256,0.4167,18563,cpu,1,16,-0.14,0.80772,0.030687
49,dqn,1,0.3341,0.4286,18563,cpu,1,24,0.38,0.80316,0.043434
50,dqn,1,0.3369,0.42,18563,cpu,0,8,-10.57,0.80164,0.032895
51,dqn,1,0.34,0.42,18563,cpu,1,9,0.43,0.79993,0.264089
52,dqn,1,0.3545,0.4,18563,cpu,0,39,-9.58,0.79252,0.064904
53,dqn,1,0.357,0.4,18563,cpu,0,7,-10.46,0.79119,0.517578
54,dqn,1,0.3651,0.42,18563,cpu,1,23,-0.11,0.78682,0.022918
55,dqn,1,0.3761,0.42,18563,cpu,0,28,-9.97,0.7815,0.035708
56,dqn,1,0.3805,0.42,18563,cpu,0,11,-10.1,0.77941,0.02949
57,dqn,1,0.389,0.46,18563,cpu,2,22,9.91,0.77523,0.07089
58,dqn,1,0.3989,0.46,18563,cpu,0,26,-10.15,0.77029,0.275598
59,dqn,1,0.4124,0.5,18563,cpu,2,36,10.97,0.76345,0.016097
60,dqn,1,0.4259,0.52,18563,cpu,3,37,20.77,0.75642,0.530606
61,dqn,1,0.435,0.5,18563,cpu,0,25,-10.64,0.75167,0.036066
62,dqn,1,0.4419,0.5,18563,cpu,0,20,-9.89,0.74787,0.32666
63,dqn,1,0.4596,0.52,18563,cpu,2,50,10.03,0.73837,0.04814
64,dqn,1,0.4649,0.52,18563,cpu,0,15,-10.34,0.73552,0.333283
65,dqn,1,0.4772,0.54,18563,cpu,1,32,0.3,0.72944,0.268322
66,dqn,1,0.507,0.58,18563,cpu,2,78,10.55,0.71462,0.760927
67,dqn,1,0.5116,0.56,18563,cpu,0,13,-10.52,0.71215,0.134668
68,dqn,1,0.5178,0.56,18563,cpu,0,17,-9.56,0.70892,0.047457
69,dqn,1,0.521,0.58,18563,cpu,1,9,0.23,0.70721,0.117943
70,dqn,1,0.5239,0.56,18563,cpu,0,8,-9.37,0.70569,0.38707
71,dqn,1,0.5264,0.56,18563,cpu,0,7,-10.06,0.70436,0.306337
72,dqn,1,0.5374,0.56,18563,cpu,1,31,0.01,0.69847,0.052062
73,dqn,1,0.546,0.58,18563,cpu,1,24,0.58,0.69391,0.283216
74,dqn,1,0.5564,0.6,18563,cpu,1,29,0.03,0.6884,0.096676
75,dqn,1,0.5646,0.6,18563,cpu,1,23,0.69,0.68403,0.080162
76,dqn,1,0.5717,0.6,18563,cpu,0,20,-10.09,0.68023,0.073339
77,dqn,1,0.5746,0.6,18563,cpu,0,8,-9.77,0.67871,0.077323
78,dqn,1,0.5821,0.58,18563,cpu,0,21,-9.8,0.67472,0.75793
79,dqn,1,0.5882,0.6,18563,cpu,1,17,-0.25,0.67149,0.098553
80,dqn,1,0.6016,0.62,18563,cpu,1,37,1.35,0.66446,0.320486
81,dqn,1,0.6055,0.66,18563,cpu,2,11,10.52,0.66237,0.395111
82,dqn,1,0.6202,0.68,18563,cpu,1,42,0.0,0.65439,0.274404
83,dqn,1,0.6232,0.68,18563,cpu,0,8,-10.17,0.65287,0.114123
84,dqn,1,0.6353,0.66,18563,cpu,0,34,-10.23,0.64641,0.24733
85,dqn,1,0.6512,0.7,18563,cpu,2,45,9.98,0.63786,0.087972
86,dqn,1,0.663,0.7,18563,cpu,1,33,0.19,0.63159,0.038543
87,dqn,1,0.6665,0.7,18563,cpu,0,10,-10.19,0.62969,0.738059
88,dqn,1,0.6842,0.74,18563,cpu,2,49,10.34,0.62038,0.323995
89,dqn,1,0.6963,0.72,18563,cpu,1,34,0.48,0.61392,0.04473
90,dqn,1,0.7082,0.76,18563,cpu,2,34,9.99,0.60746,0.515747
91,dqn,1,0.7144,0.78,18563,cpu,1,17,-0.45,0.60423,0.394739
92,dqn,1,0.7286,0.82,18563,cpu,3,40,20.64,0.59663,0.112203
93,dqn,1,0.7329,0.84,18563,cpu,1,12,0.5,0.59435,0.232268
94,dqn,1,0.7383,0.84,18563,cpu,0,15,-10.54,0.5915,0.240052
95,dqn,1,0.7717,0.88,18563,cpu,3,93,20.61,0.57383,0.117931
96,dqn,1,0.7754,0.84,18563,cpu,0,10,-10.19,0.57193,0.148794
97,dqn,1,0.7811,0.86,18563,cpu,1,16,-0.14,0.56889,0.154609
98,dqn,1,0.799,0.88,18563,cpu,2,50,10.83,0.55939,0.11526
99,dqn,1,0.8012,0.86,18563,cpu,0,6,-9.55,0.55825,0.354128
100,dqn,1,0.81,0.9,18563,cpu,2,25,11.38,0.5535,0.496776
101,dqn,1,0.8151,0.9,18563,cpu,1,14,0.48,0.55084,0.23939
102,dqn,1,0.819,0.9,18563,cpu,0,11,-10.5,0.54875,0.873413
103,dqn,1,0.8377,0.94,18563,cpu,2,52,10.61,0.53887,0.133645
104,dqn,1,0.8504,1.0,18563,cpu,4,35,31.1,0.53222,0.145597
105,dqn,1,0.8588,1.0,18563,cpu,0,24,-10.73,0.52766,0.501852
106,dqn,1,0.8628,1.0,18563,cpu,0,11,-10.1,0.52557,0.703454
107,dqn,1,0.8683,0.96,18563,cpu,0,15,-10.54,0.52272,0.19575
108,dqn,1,0.9038,0.96,18563,cpu,0,100,-3.0,0.50372,0.415968
109,dqn,1,0.9208,1.0,18563,cpu,4,46,31.29,0.49498,0.542155
110,dqn,1,0.9284,0.98,18563,cpu,2,21,10.42,0.49099,0.31183
111,dqn,1,0.9331,1.0,18563,cpu,1,13,0.19,0.48852,0.763279
112,dqn,1,0.9399,1.02,18563,cpu,1,19,0.53,0.48491,0.216687
113,dqn,1,0.9494,1.02,18563,cpu,2,26,11.27,0.47997,0.274137
114,dqn,1,0.9525,1.04,18563,cpu,1,8,0.54,0.47845,0.586768
115,dqn,1,0.9584,1.04,18563,cpu,1,16,0.26,0.47541,0.288944
116,dqn,1,0.9684,1.04,18563,cpu,2,28,10.25,0.47009,0.744657
117,dqn,1,0.979,1.12,18563,cpu,4,30,31.45,0.46439,0.895196
118,dqn,1,0.9853,1.16,18563,cpu,2,17,10.86,0.46116,0.163409
119,dqn,1,0.9948,1.16,18563,cpu,1,24,0.18,0.4566,0.57858
120,dqn,1,1.0078,1.18,18563,cpu,1,35,0.97,0.44995,0.078315
121,dqn,1,1.0108,1.18,18563,cpu,0,8,-9.57,0.44843,0.368913
122,dqn,1,1.015,1.16,18563,cpu,0,11,-9.5,0.44634,0.308287
123,dqn,1,1.0299,1.16,18563,cpu,1,40,0.22,0.43874,0.122548
124,dqn,1,1.0386,1.14,18563,cpu,0,23,-9.62,0.43437,0.572069
125,dqn,1,1.0419,1.14,18563,cpu,1,9,0.43,0.43266,0.291653
126,dqn,1,1.0542,1.16,18563,cpu,1,33,0.79,0.42639,0.202811
127,dqn,1,1.0575,1.2,18563,cpu,2,9,10.54,0.42468,0.470381
128,dqn,1,1.064,1.2,18563,cpu,0,18,-9.87,0.42126,0.391627
129,dqn,1,1.0685,1.22,18563,cpu,2,12,10.81,0.41898,0.795152
130,dqn,1,1.0724,1.2,18563,cpu,0,11,-9.9,0.41689,0.073665
131,dqn,1,1.081,1.18,18563,cpu,1,24,0.78,0.41233,0.18041
132,dqn,1,1.0981,1.22,18563,cpu,3,47,20.47,0.4034,0.268555
133,dqn,1,1.1124,1.24,18563,cpu,1,40,0.22,0.3958,0.817221
134,dqn,1,1.1233,1.26,18563,cpu,1,30,0.52,0.3901,0.564421
135,dqn,1,1.1404,1.24,18563,cpu,1,46,1.16,0.38136,0.386652
136,dqn,1,1.1512,1.28,18563,cpu,3,29,21.05,0.37585,0.168456
137,dqn,1,1.1635,1.34,18563,cpu,3,34,21.5,0.36939,0.124179
138,dqn,1,1.1678,1.3,18563,cpu,0,12,-9.61,0.36711,0.70165
139,dqn,1,1.1873,1.4,18563,cpu,6,54,52.43,0.35685,0.151484
140,dqn,1,1.1934,1.38,18563,cpu,1,17,0.35,0.35362,0.507619
141,dqn,1,1.1996,1.4,18563,cpu,2,17,11.06,0.35039,0.107584
142,dqn,1,1.2159,1.42,18563,cpu,4,45,32.4,0.34184,0.613998
143,dqn,1,1.2201,1.4,18563,cpu,0,11,-9.5,0.33975,0.284057
144,dqn,1,1.2237,1.4,18563,cpu,0,10,-9.39,0.33785,0.485099
145,dqn,1,1.2269,1.38,18563,cpu,2,9,10.54,0.33614,0.289316
146,dqn,1,1.2328,1.42,18563,cpu,2,16,10.57,0.3331,0.571838
147,dqn,1,1.24,1.44,18563,cpu,2,20,10.53,0.3293,0.57029
148,dqn,1,1.2643,1.56,18563,cpu,8,67,72.82,0.31657,0.887193
149,dqn,1,1.2741,1.6,18563,cpu,2,27,9.96,0.31144,0.77391
150,dqn,1,1.2851,1.6,18563,cpu,2,30,10.23,0.30574,0.306617
151,dqn,1,1.294,1.62,18563,cpu,2,25,10.38,0.30099,1.356588
152,dqn,1,1.3012,1.64,18563,cpu,1,20,0.22,0.29719,0.203376
153,dqn,1,1.3133,1.62,18563,cpu,1,33,1.39,0.29092,1.600215
154,dqn,1,1.3319,1.6,18563,cpu,3,51,22.23,0.28123,0.491756
155,dqn,1,1.3398,1.62,18563,cpu,1,22,1.2,0.27705,0.274067
156,dqn,1,1.3594,1.7,18563,cpu,4,54,32.21,0.26679,0.95992
157,dqn,1,1.3842,1.82,18563,cpu,6,68,53.09,0.25387,0.06381
158,dqn,1,1.3924,1.84,18563,cpu,1,22,0.4,0.24969,0.426737
159,dqn,1,1.4168,1.84,18563,cpu,4,66,31.89,0.23715,0.763052
160,dqn,1,1.4262,1.84,18563,cpu,2,26,11.87,0.23221,0.217588
161,dqn,1,1.4378,1.86,18563,cpu,2,32,10.61,0.22613,0.65664
162,dqn,1,1.4509,1.92,18563,cpu,4,35,31.5,0.21948,0.814376
163,dqn,1,1.4534,1.88,18563,cpu,0,7,-9.86,0.21815,0.543703
164,dqn,1,1.4686,1.96,18563,cpu,5,41,41.55,0.21036,0.746729
165,dqn,1,1.4797,1.98,18563,cpu,2,30,10.83,0.20466,0.745884
166,dqn,1,1.5097,2.04,18563,cpu,5,80,43.66,0.18946,1.476324
167,dqn,1,1.5217,2.0,18563,cpu,2,32,11.41,0.18338,0.318561
168,dqn,1,1.5486,2.14,18563,cpu,9,73,83.07,0.16951,0.356585
169,dqn,1,1.5655,2.2,18563,cpu,4,45,31.8,0.16096,0.811513
170,dqn,1,1.5708,2.22,18563,cpu,2,14,10.39,0.1583,0.871665
171,dqn,1,1.5789,2.24,18563,cpu,1,22,0.8,0.15412,0.880283
172,dqn,1,1.5856,2.3,18563,cpu,3,18,21.26,0.1507,0.668582
173,dqn,1,1.6048,2.4,18563,cpu,6,52,53.25,0.14082,0.89759
174,dqn,1,1.6142,2.46,18563,cpu,3,25,21.49,0.13607,0.732929
175,dqn,1,1.6303,2.54,18563,cpu,5,44,41.62,0.12771,0.694748
176,dqn,1,1.6498,2.6,18563,cpu,4,52,33.63,0.11783,1.363207
177,dqn,1,1.6543,2.58,18563,cpu,1,12,0.5,0.11555,0.443399
178,dqn,1,1.6794,2.72,18563,cpu,7,67,64.11,0.10282,0.828397
179,dqn,1,1.6944,2.78,18563,cpu,5,40,42.66,0.09522,0.831322
180,dqn,1,1.6992,2.8,18563,cpu,1,13,0.79,0.09275,0.810385
181,dqn,1,1.7251,2.98,18563,cpu,10,69,94.02,0.07964,0.522316
182,dqn,1,1.7368,3.0,18563,cpu,4,31,31.54,0.07375,0.807178
183,dqn,1,1.7465,3.04,18563,cpu,3,26,20.98,0.06881,0.412059
184,dqn,1,1.7655,3.12,18563,cpu,5,51,43.05,0.05912,1.239113
185,dqn,1,1.8111,3.38,18563,cpu,14,122,136.63,0.05,1.404308
186,dqn,1,1.817,3.36,18563,cpu,2,16,10.37,0.05,1.253349
187,dqn,1,1.8457,3.46,18563,cpu,8,77,74.92,0.05,0.491476
188,dqn,1,1.8796,3.66,18563,cpu,10,91,96.2,0.05,0.769811
189,dqn,1,1.9201,3.76,18563,cpu,11,108,106.24,0.05,1.393502
190,dqn,1,1.9235,3.76,18563,cpu,1,9,0.63,0.05,0.801777
191,dqn,1,1.9348,3.78,18563,cpu,3,30,22.14,0.05,0.989389
192,dqn,1,1.9688,3.98,18563,cpu,14,91,136.24,0.05,0.418018
193,dqn,1,1.9847,4.06,18563,cpu,4,42,32.93,0.05,1.181886
194,dqn,1,1.9888,4.08,18563,cpu,1,11,0.61,0.05,0.452499
195,dqn,1,2.0395,4.3,18563,cpu,13,136,127.18,0.05,0.698139
196,dqn,1,2.0657,4.48,18563,cpu,11,69,104.73,0.05,0.486809
197,dqn,1,2.0709,4.48,18563,cpu,2,14,10.59,0.05,0.25724
198,dqn,1,2.1063,4.54,18563,cpu,11,94,106.18,0.05,0.6899
199,dqn,1,2.1304,4.64,18563,cpu,7,64,64.24,0.05,0.270893
200,dqn,1,2.1385,4.66,18563,cpu,3,21,21.33,0.05,1.056614
201,dqn,1,2.1508,4.72,18563,cpu,5,32,42.34,0.05,1.300955
202,dqn,1,2.1849,4.92,18563,cpu,11,91,106.11,0.05,0.898427
203,dqn,1,2.2679,5.42,18563,cpu,26,220,264.57,0.05,1.294992
204,dqn,1,2.2775,5.4,18563,cpu,2,26,11.87,0.05,0.935688
205,dqn,1,2.3215,5.66,18563,cpu,14,117,137.98,0.05,0.628215
206,dqn,1,2.3527,5.84,18563,cpu,13,83,126.01,0.05,0.804149
207,dqn,1,2.3869,5.92,18563,cpu,10,91,96.4,0.05,1.175136
208,dqn,1,2.4493,6.34,18563,cpu,22,166,219.67,0.05,1.075143
209,dqn,1,2.4833,6.46,18563,cpu,10,91,95.8,0.05,0.468387
210,dqn,1,2.5346,6.7,18563,cpu,14,137,139.38,0.05,1.064493
211,dqn,1,2.5854,6.96,18563,cpu,15,136,149.6,0.05,0.961252
212,dqn,1,2.6198,7.12,18563,cpu,12,92,115.91,0.05,1.406818
213,dqn,1,2.6576,7.34,18563,cpu,11,101,105.01,0.05,0.489707
214,dqn,1,2.7048,7.56,18563,cpu,16,126,158.41,0.05,1.073974
215,dqn,1,2.7452,7.8,18563,cpu,14,108,136.17,0.05,0.898581
216,dqn,1,2.7913,8.06,18563,cpu,18,122,178.87,0.05,2.153748
217,dqn,1,2.7969,8.06,18563,cpu,2,15,10.88,0.05,1.000488
218,dqn,1,2.8215,8.02,18563,cpu,7,65,64.53,0.05,0.407559
219,dqn,1,2.8392,8.06,18563,cpu,6,48,53.69,0.05,0.681085
220,dqn,1,2.9343,8.56,18563,cpu,27,253,273.45,0.05,0.94338
221,dqn,1,3.0303,9.08,18563,cpu,27,256,275.72,0.05,1.017748
222,dqn,1,3.0724,9.28,18563,cpu,13,112,127.22,0.05,0.620727
223,dqn,1,3.1219,9.52,18563,cpu,18,129,177.1,0.05,1.554281
224,dqn,1,3.1506,9.62,18563,cpu,8,74,73.25,0.05,0.215736
225,dqn,1,3.2168,9.9,18563,cpu,19,172,188.88,0.05,0.652527
226,dqn,1,3.2784,10.12,18563,cpu,15,158,148.58,0.05,0.973117
227,dqn,1,3.2869,10.16,18563,cpu,3,22,21.42,0.05,0.942176
228,dqn,1,3.3485,10.44,18563,cpu,21,157,209.15,0.05,0.589479
229,dqn,1,3.3692,10.54,18563,cpu,10,53,93.58,0.05,0.582625
230,dqn,1,3.3861,10.64,18563,cpu,6,44,51.93,0.05,0.91802
231,dqn,1,3.3897,10.44,18563,cpu,0,9,-9.28,0.05,1.320474
232,dqn,1,3.4555,10.88,18563,cpu,26,171,261.16,0.05,0.521884
233,dqn,1,3.4865,11.04,18563,cpu,11,79,104.63,0.05,0.844022
234,dqn,1,3.5563,11.34,18563,cpu,20,180,198.51,0.05,1.024183
235,dqn,1,3.5793,11.22,18563,cpu,8,60,73.59,0.05,0.504496
236,dqn,1,3.5923,11.24,18563,cpu,3,34,21.1,0.05,1.049126
237,dqn,1,3.6289,11.32,18563,cpu,12,95,115.78,0.05,1.586962
238,dqn,1,3.683,11.38,18563,cpu,13,140,126.94,0.05,0.153881
239,dqn,1,3.7319,11.48,18563,cpu,16,126,156.41,0.05,0.76732
240,dqn,1,3.7638,11.64,18563,cpu,9,83,85.97,0.05,0.75401
241,dqn,1,3.7732,11.62,18563,cpu,2,25,11.38,0.05,1.088543
242,dqn,1,3.8203,11.66,18563,cpu,16,121,158.96,0.05,0.51931
243,dqn,1,3.8277,11.64,18563,cpu,3,19,20.95,0.05,0.429426
244,dqn,1,3.8457,11.74,18563,cpu,6,47,53.4,0.05,0.629989
245,dqn,1,3.8739,11.68,18563,cpu,10,73,95.38,0.05,0.712656
246,dqn,1,3.8882,11.56,18563,cpu,5,37,42.59,0.05,0.344088
247,dqn,1,3.9214,11.76,18563,cpu,12,85,115.68,0.05,1.278626
248,dqn,1,3.9735,11.88,18563,cpu,17,134,167.24,0.05,1.161151
249,dqn,1,4.0066,12.0,18563,cpu,13,85,124.39,0.05,1.465615
250,dqn,1,4.0306,12.1,18563,cpu,8,61,73.88,0.05,2.271049
251,dqn,1,4.0834,12.3,18563,cpu,15,135,147.31,0.05,0.462546
252,dqn,1,4.1553,12.54,18563,cpu,23,186,233.78,0.05,0.964874
253,dqn,1,4.187,12.24,18563,cpu,11,84,105.28,0.05,0.712313
254,dqn,1,4.2521,12.58,18563,cpu,19,172,190.68,0.05,1.855941
255,dqn,1,4.2794,12.5,18563,cpu,10,72,93.49,0.05,0.78566
256,dqn,1,4.2903,12.32,18563,cpu,4,29,31.56,0.05,0.736782
257,dqn,1,4.3001,12.18,18563,cpu,3,26,21.98,0.05,0.92118
258,dqn,1,4.3324,11.94,18563,cpu,10,85,96.06,0.05,1.897227
259,dqn,1,4.3444,11.84,18563,cpu,5,32,42.14,0.05,1.05388
260,dqn,1,4.3739,11.76,18563,cpu,10,78,95.23,0.05,0.413052
261,dqn,1,4.3977,11.64,18563,cpu,9,63,84.37,0.05,1.10291
262,dqn,1,4.4465,11.7,18563,cpu,15,129,147.37,0.05,0.843939
263,dqn,1,4.469,11.66,18563,cpu,9,59,84.41,0.05,0.252859
264,dqn,1,4.4876,11.5,18563,cpu,8,49,73.4,0.05,0.419866
265,dqn,1,4.4895,11.22,18563,cpu,0,5,-9.64,0.05,0.592762
266,dqn,1,4.5181,11.06,18563,cpu,10,76,95.05,0.05,0.9467
267,dqn,1,4.544,11.22,18563,cpu,10,69,94.02,0.05,0.605084
268,dqn,1,4.5505,11.12,18563,cpu,2,17,11.06,0.05,0.691376
269,dqn,1,4.5816,11.2,18563,cpu,10,83,95.88,0.05,1.050688
270,dqn,1,4.5973,10.72,18563,cpu,3,41,23.33,0.05,1.273498
271,dqn,1,4.6293,10.4,18563,cpu,11,84,106.08,0.05,0.777655
272,dqn,1,4.6427,10.2,18563,cpu,3,36,21.88,0.05,0.591545
273,dqn,1,4.6895,10.12,18563,cpu,14,123,137.72,0.05,1.37044
274,dqn,1,4.7402,10.3,18563,cpu,17,134,168.44,0.05,0.661157
275,dqn,1,4.7482,9.98,18563,cpu,3,20,21.44,0.05,0.661277
276,dqn,1,4.754,9.72,18563,cpu,2,15,11.08,0.05,0.398181
277,dqn,1,4.7774,9.86,18563,cpu,10,59,93.72,0.05,0.223974
278,dqn,1,4.8055,9.64,18563,cpu,10,74,95.07,0.05,1.049692
279,dqn,1,4.8125,9.48,18563,cpu,2,18,11.35,0.05,1.071928
280,dqn,1,4.817,9.38,18563,cpu,1,12,0.5,0.05,1.000671
281,dqn,1,4.826,9.46,18563,cpu,4,24,31.71,0.05,0.524372
282,dqn,1,4.8656,9.2,18563,cpu,13,105,125.99,0.05,0.385474
283,dqn,1,4.8902,9.14,18563,cpu,8,66,73.13,0.05,0.765313
284,dqn,1,4.9181,8.94,18563,cpu,10,74,95.27,0.05,0.484814
285,dqn,1,4.9684,9.14,18563,cpu,18,133,179.06,0.05,1.249305
286,dqn,1,5.0135,9.4,18563,cpu,16,117,157.8,0.05,1.267812
287,dqn,1,5.0517,9.42,18563,cpu,13,100,126.14,0.05,0.68715
288,dqn,1,5.0582,9.24,18563,cpu,4,17,30.88,0.05,0.928016
289,dqn,1,5.0769,9.04,18563,cpu,6,49,53.18,0.05,0.473042
290,dqn,1,5.1025,9.04,18563,cpu,9,67,85.13,0.05,1.206545
291,dqn,1,5.1072,9.04,18563,cpu,2,12,10.81,0.05,2.016949
292,dqn,1,5.1286,8.84,18563,cpu,6,56,54.21,0.05,0.966357
293,dqn,1,5.1631,8.98,18563,cpu,10,90,96.11,0.05,0.246603
294,dqn,1,5.2088,9.12,18563,cpu,13,121,128.03,0.05,1.221147
295,dqn,1,5.2611,9.3,18563,cpu,19,138,189.22,0.05,1.322042
296,dqn,1,5.278,9.3,18563,cpu,5,44,43.42,0.05,0.669951
297,dqn,1,5.3576,9.56,18563,cpu,25,210,252.96,0.05,1.225118
298,dqn,1,5.4021,9.48,18563,cpu,13,118,127.36,0.05,1.448268
299,dqn,1,5.4588,9.54,18563,cpu,16,150,158.77,0.05,1.019206
300,dqn,1,5.4696,9.44,18563,cpu,3,29,22.05,0.05,0.971737
301,dqn,1,5.5103,9.4,18563,cpu,13,107,126.57,0.05,0.764003
302,dqn,1,5.5533,9.18,18563,cpu,12,114,115.89,0.05,0.488246
303,dqn,1,5.5885,9.18,18563,cpu,11,93,104.49,0.05,0.607843
304,dqn,1,5.6265,9.04,18563,cpu,12,100,116.43,0.05,0.711731
305,dqn,1,5.6404,8.98,18563,cpu,7,37,62.21,0.05,1.042253
306,dqn,1,5.6436,8.92,18563,cpu,1,8,0.54,0.05,0.978059
307,dqn,1,5.6935,9.2,18563,cpu,17,131,169.97,0.05,1.048826
308,dqn,1,5.733,9.24,18563,cpu,12,104,116.79,0.05,0.993368
309,dqn,1,5.7836,9.44,18563,cpu,15,133,150.13,0.05,0.565202
310,dqn,1,5.7869,9.26,18563,cpu,1,9,0.23,0.05,1.887674
311,dqn,1,5.8728,9.56,18563,cpu,24,228,245.07,0.05,1.064776
312,dqn,1,5.9043,9.48,18563,cpu,11,83,105.79,0.05,0.593979
313,dqn,1,5.9344,9.46,18563,cpu,8,80,75.59,0.05,0.450923
314,dqn,1,5.9458,9.36,18563,cpu,3,30,22.34,0.05,1.394488
315,dqn,1,5.9704,9.52,18563,cpu,8,65,74.44,0.05,0.809046
316,dqn,1,6.0239,9.68,18563,cpu,18,141,178.38,0.05,0.590741
317,dqn,1,6.1079,9.9,18563,cpu,21,222,213.6,0.05,1.431729
318,dqn,1,6.1398,10.06,18563,cpu,10,83,95.28,0.05,1.760808
319,dqn,1,6.1701,10.1,18563,cpu,12,78,114.45,0.05,1.341254
320,dqn,1,6.211,10.34,18563,cpu,15,107,148.19,0.05,0.443751
321,dqn,1,6.2913,10.54,18563,cpu,21,211,212.81,0.05,1.139046
322,dqn,1,6.3438,10.76,18563,cpu,14,138,139.87,0.05,1.449901
323,dqn,1,6.4035,10.82,18563,cpu,17,156,167.82,0.05,0.939661
324,dqn,1,6.4641,10.92,18563,cpu,22,159,220.84,0.05,1.382875
325,dqn,1,6.4936,11.08,18563,cpu,11,77,105.65,0.05,1.272588
326,dqn,1,6.5567,11.5,18563,cpu,23,166,232.18,0.05,0.63237
327,dqn,1,6.5916,11.54,18563,cpu,12,91,116.22,0.05,1.041037
328,dqn,1,6.655,11.66,18563,cpu,16,166,160.41,0.05,0.626141
329,dqn,1,6.7095,12.04,18563,cpu,21,143,209.09,0.05,0.490531
330,dqn,1,6.7615,12.36,18563,cpu,17,136,166.42,0.05,0.45897
331,dqn,1,6.8702,12.88,18563,cpu,30,285,305.66,0.05,0.948997
332,dqn,1,6.911,12.86,18563,cpu,12,107,116.46,0.05,1.547163
333,dqn,1,6.9688,13.06,18563,cpu,18,151,180.68,0.05,0.856259
334,dqn,1,6.9722,12.88,18563,cpu,1,9,0.63,0.05,1.100483
335,dqn,1,6.9978,12.72,18563,cpu,10,67,93.24,0.05,0.97985
336,dqn,1,7.0692,12.82,18563,cpu,21,187,210.85,0.05,0.496533
337,dqn,1,7.1429,13.02,18563,cpu,23,188,231.16,0.05,0.837198
338,dqn,1,7.1571,13.02,18563,cpu,4,36,31.99,0.05,0.48008
339,dqn,1,7.175,13.0,18563,cpu,5,46,43.6,0.05,0.672588
340,dqn,1,7.2234,13.14,18563,cpu,16,122,157.05,0.05,0.570316
341,dqn,1,7.2815,13.48,18563,cpu,19,146,187.94,0.05,0.595755
342,dqn,1,7.3049,13.56,18563,cpu,10,59,94.12,0.05,0.781292
343,dqn,1,7.3224,13.46,18563,cpu,5,44,43.42,0.05,0.432845
344,dqn,1,7.3406,13.32,18563,cpu,6,47,53.2,0.05,1.040439
345,dqn,1,7.3806,13.24,18563,cpu,15,102,146.94,0.05,1.199392
346,dqn,1,7.384,13.16,18563,cpu,1,8,0.54,0.05,1.368387
347,dqn,1,7.4307,12.94,18563,cpu,14,120,136.65,0.05,1.482159
348,dqn,1,7.4487,12.8,18563,cpu,6,45,52.82,0.05,0.789543
349,dqn,1,7.4848,12.68,18563,cpu,10,91,95.6,0.05,0.839122
350,dqn,1,7.5187,12.86,18563,cpu,12,86,115.17,0.05,0.290527
351,dqn,1,7.5402,12.74,18563,cpu,7,55,63.63,0.05,0.515603
352,dqn,1,7.5784,12.7,18563,cpu,10,97,96.54,0.05,0.56745
353,dqn,1,7.6333,12.86,18563,cpu,19,139,189.11,0.05,2.019484
354,dqn,1,7.6851,12.98,18563,cpu,18,132,177.97,0.05,0.514939
355,dqn,1,7.746,13.32,18563,cpu,24,154,239.61,0.05,1.538013
356,dqn,1,7.7532,13.38,18563,cpu,4,18,30.97,0.05,1.066213
357,dqn,1,7.8449,13.52,18563,cpu,24,232,242.03,0.05,1.12669
358,dqn,1,7.898,13.56,18563,cpu,14,135,138.4,0.05,0.918931
359,dqn,1,7.9422,13.48,18563,cpu,11,112,104.8,0.05,1.113756
360,dqn,1,7.9451,13.48,18563,cpu,1,7,0.45,0.05,1.276792
361,dqn,1,7.9589,13.1,18563,cpu,5,35,42.41,0.05,0.623792
362,dqn,1,8.0192,13.24,18563,cpu,18,153,177.26,0.05,0.59554
363,dqn,1,8.0243,13.12,18563,cpu,2,13,10.9,0.05,0.621549
364,dqn,1,8.0387,13.14,18563,cpu,4,36,32.59,0.05,1.633119
365,dqn,1,8.0802,13.18,18563,cpu,10,105,97.66,0.05,1.53407
366,dqn,1,8.1028,12.96,18563,cpu,7,57,63.61,0.05,1.749066
367,dqn,1,8.1764,13.0,18563,cpu,23,189,232.05,0.05,0.926417
368,dqn,1,8.2355,13.12,18563,cpu,16,154,157.33,0.05,0.417983
369,dqn,1,8.3011,13.26,18563,cpu,19,171,191.39,0.05,0.875986
370,dqn,1,8.3298,13.2,18563,cpu,12,75,114.38,0.05,0.780676
371,dqn,1,8.3577,12.98,18563,cpu,10,73,94.38,0.05,1.056823
372,dqn,1,8.4005,13.02,18563,cpu,16,111,156.86,0.05,0.77189
373,dqn,1,8.4488,13.0,18563,cpu,16,126,159.01,0.05,0.961783
374,dqn,1,8.4811,12.78,18563,cpu,11,84,105.88,0.05,0.305707
375,dqn,1,8.5065,12.72,18563,cpu,8,66,74.33,0.05,0.801571
376,dqn,1,8.5204,12.34,18563,cpu,4,36,32.79,0.05,1.022537
377,dqn,1,8.5232,12.1,18563,cpu,0,7,-9.46,0.05,0.973774
378,dqn,1,8.5574,12.04,18563,cpu,13,89,125.75,0.05,0.85834
379,dqn,1,8.6144,11.94,18563,cpu,16,119,159.18,0.05,0.729646
380,dqn,1,8.6773,11.98,18563,cpu,19,163,190.67,0.05,1.331511
381,dqn,1,8.7516,11.84,18563,cpu,23,194,230.7,0.05,1.258317
382,dqn,1,8.7648,11.66,18563,cpu,3,35,22.39,0.05,1.201301
383,dqn,1,8.7763,11.38,18563,cpu,4,30,32.25,0.05,1.114723
384,dqn,1,8.7924,11.48,18563,cpu,6,42,53.15,0.05,1.855398
385,dqn,1,8.8523,11.64,18563,cpu,18,158,180.51,0.05,0.821038
386,dqn,1,8.8658,11.3,18563,cpu,4,36,31.79,0.05,0.138933
387,dqn,1,8.9045,11.12,18563,cpu,14,100,136.65,0.05,1.016841
388,dqn,1,8.9758,11.46,18563,cpu,21,187,211.85,0.05,1.064915
389,dqn,1,8.9872,11.48,18563,cpu,6,30,51.67,0.05,1.602438
390,dqn,1,9.0171,11.4,18563,cpu,12,79,115.74,0.05,0.71178
391,dqn,1,9.0239,11.06,18563,cpu,2,18,11.15,0.05,0.612321
392,dqn,1,9.044,11.04,18563,cpu,9,49,83.11,0.05,1.206204
393,dqn,1,9.0658,11.06,18563,cpu,6,54,53.43,0.05,0.910705
394,dqn,1,9.0847,11.06,18563,cpu,6,47,53.4,0.05,0.992649
395,dqn,1,9.1083,10.9,18563,cpu,7,59,64.39,0.05,0.895643
396,dqn,1,9.1253,11.0,18563,cpu,6,42,51.95,0.05,1.204332
397,dqn,1,9.1462,10.9,18563,cpu,9,49,83.51,0.05,0.553729
398,dqn,1,9.1635,10.86,18563,cpu,4,42,32.93,0.05,1.677764
399,dqn,1,9.1815,10.76,18563,cpu,5,45,43.31,0.05,0.9586
400,dqn,1,9.2694,10.8,18563,cpu,14,126,136.59,0.05,1.723083
401,dqn,1,9.3265,10.94,18563,cpu,14,119,138.16,0.05,0.949833
402,dqn,1,9.4183,11.12,18563,cpu,19,114,188.46,0.05,1.637165
403,dqn,1,9.4634,10.94,18563,cpu,10,72,95.09,0.05,0.924708
404,dqn,1,9.4718,10.68,18563,cpu,5,21,41.15,0.05,1.40919
405,dqn,1,9.5017,10.38,18563,cpu,9,75,84.85,0.05,1.036173
406,dqn,1,9.5523,10.6,18563,cpu,15,125,149.21,0.05,1.434077
407,dqn,1,9.576,10.26,18563,cpu,7,57,64.01,0.05,0.916312
408,dqn,1,9.6053,10.18,18563,cpu,10,70,94.71,0.05,0.580466
409,dqn,1,9.6134,10.0,18563,cpu,2,20,10.53,0.05,0.357683
410,dqn,1,9.6809,10.34,18563,cpu,18,164,182.25,0.05,0.408255
411,dqn,1,9.7026,10.36,18563,cpu,6,54,53.23,0.05,1.670381
412,dqn,1,9.7061,10.04,18563,cpu,2,9,10.34,0.05,1.348883
413,dqn,1,9.747,10.28,18563,cpu,14,107,136.68,0.05,0.566945
414,dqn,1,9.7531,10.22,18563,cpu,1,16,1.06,0.05,0.931555
415,dqn,1,9.8206,10.44,18563,cpu,21,163,209.29,0.05,1.031664
416,dqn,1,9.8683,10.6,18563,cpu,15,118,148.18,0.05,0.875405
417,dqn,1,9.8839,10.26,18563,cpu,6,40,52.77,0.05,0.607457
418,dqn,1,9.9023,10.06,18563,cpu,6,46,52.71,0.05,1.36623
419,dqn,1,9.9089,9.72,18563,cpu,2,16,10.97,0.05,1.529136
420,dqn,1,9.9293,9.62,18563,cpu,7,51,63.27,0.05,1.267964
421,dqn,1,9.9404,9.48,18563,cpu,3,29,22.05,0.05,0.316089
422,dqn,1,9.9641,9.32,18563,cpu,8,61,73.68,0.05,1.397639
423,dqn,1,9.9711,9.08,18563,cpu,4,18,31.17,0.05,0.829543
424,dqn,1,10.0349,9.3,18563,cpu,22,158,219.55,0.05,1.218362
425,dqn,1,10.0561,9.26,18563,cpu,6,54,53.03,0.05,1.416559
426,dqn,1,10.1069,9.5,18563,cpu,16,131,159.26,0.05,0.77152
427,dqn,1,10.1604,9.78,18563,cpu,14,101,137.34,0.05,0.787099
428,dqn,1,10.1897,9.72,18563,cpu,10,74,95.47,0.05,1.519557
429,dqn,1,10.2055,9.52,18563,cpu,6,38,52.79,0.05,1.901886
430,dqn,1,10.2599,9.44,18563,cpu,15,137,150.09,0.05,1.307242
431,dqn,1,10.288,9.14,18563,cpu,8,67,75.02,0.05,1.122505
432,dqn,1,10.3541,9.46,18563,cpu,19,167,191.63,0.05,1.223472
433,dqn,1,10.4369,9.94,18563,cpu,28,211,282.58,0.05,0.78275
434,dqn,1,10.4558,9.94,18563,cpu,6,46,53.31,0.05,1.291503
435,dqn,1,10.4637,9.62,18563,cpu,2,14,10.99,0.05,1.127731
436,dqn,1,10.4712,9.58,18563,cpu,2,15,11.08,0.05,1.971309
437,dqn,1,10.5033,9.48,18563,cpu,9,68,84.02,0.05,0.958544
438,dqn,1,10.5289,9.22,18563,cpu,8,54,73.45,0.05,1.396761
439,dqn,1,10.573,9.34,18563,cpu,12,82,115.61,0.05,0.714336
440,dqn,1,10.6337,9.46,18563,cpu,18,156,181.13,0.05,1.322871
441,dqn,1,10.7002,9.76,18563,cpu,17,173,167.75,0.05,1.19397
442,dqn,1,10.7534,9.88,18563,cpu,15,138,148.18,0.05,1.006199
443,dqn,1,10.829,10.2,18563,cpu,22,190,222.83,0.05,0.739662
444,dqn,1,10.8539,10.24,18563,cpu,8,60,73.59,0.05,0.946365
445,dqn,1,10.8959,10.3,18563,cpu,10,96,95.05,0.05,1.408091
446,dqn,1,10.9309,10.36,18563,cpu,9,76,82.94,0.05,0.878416
447,dqn,1,10.9981,10.54,18563,cpu,18,163,180.76,0.05,1.195076
448,dqn,1,11.0445,10.7,18563,cpu,12,102,116.81,0.05,0.38282
449,dqn,1,11.1171,10.98,18563,cpu,19,184,191.16,0.05,0.474519
450,dqn,1,11.1675,11.0,18563,cpu,15,127,146.79,0.05,0.687186
451,dqn,1,11.185,10.8,18563,cpu,4,42,32.53,0.05,1.250232
452,dqn,1,11.2175,10.64,18563,cpu,11,83,106.19,0.05,0.842734
453,dqn,1,11.3129,10.86,18563,cpu,21,230,211.72,0.05,1.390471
454,dqn,1,11.32,10.78,18563,cpu,1,18,1.24,0.05,0.890473
455,dqn,1,11.3485,10.8,18563,cpu,10,72,95.29,0.05,1.376365
456,dqn,1,11.3633,10.58,18563,cpu,4,38,32.37,0.05,0.786568
457,dqn,1,11.3985,10.66,18563,cpu,11,91,105.71,0.05,0.577111
458,dqn,1,11.4059,10.5,18563,cpu,2,19,10.84,0.05,0.873298
459,dqn,1,11.4218,10.58,18563,cpu,6,41,52.66,0.05,0.52145
460,dqn,1,11.4716,10.48,18563,cpu,13,128,126.46,0.05,1.176477
461,dqn,1,11.5297,10.6,18563,cpu,12,112,118.11,0.05,0.734421
462,dqn,1,11.5349,10.6,18563,cpu,2,10,10.43,0.05,1.310148
463,dqn,1,11.5693,10.42,18563,cpu,5,47,43.49,0.05,0.900614
464,dqn,1,11.5936,10.5,18563,cpu,5,55,43.01,0.05,1.427508
465,dqn,1,11.6298,10.32,18563,cpu,12,90,115.53,0.05,0.642882
466,dqn,1,11.6625,10.2,18563,cpu,9,81,85.79,0.05,1.454227
467,dqn,1,11.6657,10.1,18563,cpu,1,8,0.54,0.05,0.97576
468,dqn,1,11.6795,10.06,18563,cpu,4,35,31.9,0.05,1.768296
469,dqn,1,11.695,10.16,18563,cpu,7,40,62.48,0.05,0.879676
470,dqn,1,11.7223,10.18,18563,cpu,8,70,74.89,0.05,1.113804
471,dqn,1,11.7667,10.36,18563,cpu,12,107,116.46,0.05,2.041147
472,dqn,1,11.8117,10.44,18563,cpu,12,112,118.51,0.05,1.225631
473,dqn,1,11.8152,10.38,18563,cpu,1,9,0.63,0.05,1.005283
474,dqn,1,11.8189,9.96,18563,cpu,1,8,0.54,0.05,0.575802
475,dqn,1,11.8541,10.08,18563,cpu,12,90,115.53,0.05,1.364441
476,dqn,1,11.9168,10.12,18563,cpu,18,160,181.89,0.05,1.597849
477,dqn,1,11.9487,10.12,18563,cpu,14,82,135.63,0.05,1.191515
478,dqn,1,11.9925,10.2,18563,cpu,14,112,137.73,0.05,0.537994
479,dqn,1,12.017,10.28,18563,cpu,10,64,93.97,0.05,1.560183
480,dqn,1,12.0292,10.06,18563,cpu,4,31,32.14,0.05,1.249282
481,dqn,1,12.0943,10.28,18563,cpu,19,167,188.63,0.05,1.612716
482,dqn,1,12.1265,10.12,18563,cpu,11,83,105.79,0.05,1.336411
483,dqn,1,12.1539,9.74,18563,cpu,9,71,85.49,0.05,1.472435
484,dqn,1,12.2046,10.0,18563,cpu,19,134,189.06,0.05,0.600512
485,dqn,1,12.2188,10.02,18563,cpu,3,37,22.77,0.05,0.743735
486,dqn,1,12.2401,10.12,18563,cpu,7,57,64.01,0.05,1.11794
487,dqn,1,12.2778,10.16,18563,cpu,11,81,105.61,0.05,0.454418
488,dqn,1,12.3384,10.34,18563,cpu,17,132,167.86,0.05,0.613509
489,dqn,1,12.372,10.24,18563,cpu,7,68,63.8,0.05,1.196363
490,dqn,1,12.4879,10.36,18563,cpu,24,256,242.39,0.05,1.173946
491,dqn,1,12.5517,10.36,18563,cpu,17,137,168.91,0.05,1.581762
492,dqn,1,12.577,10.2,18563,cpu,7,54,63.74,0.05,2.385417
493,dqn,1,12.6522,10.16,18563,cpu,20,167,200.94,0.05,1.328851
494,dqn,1,12.695,10.28,18563,cpu,14,103,136.32,0.05,1.119451
495,dqn,1,12.7357,10.36,18563,cpu,14,102,136.83,0.05,0.751453
496,dqn,1,12.77,10.34,18563,cpu,8,67,74.82,0.05,1.344084
497,dqn,1,12.7879,10.1,18563,cpu,6,39,52.88,0.05,2.53303
498,dqn,1,12.8498,10.18,18563,cpu,16,126,157.81,0.05,1.500037
499,dqn,1,12.9589,10.3,18563,cpu,25,196,252.5,0.05,0.826383
500,dqn,1,12.9899,10.26,18563,cpu,13,67,124.37,0.05,1.776344
501,dqn,1,13.0137,10.3,18563,cpu,6,54,53.83,0.05,2.796788
502,dqn,1,13.0199,10.12,18563,cpu,2,14,10.79,0.05,1.74426
503,dqn,1,13.0477,9.84,18563,cpu,7,64,64.44,0.05,0.731892
504,dqn,1,13.053,9.84,18563,cpu,1,7,0.45,0.05,1.610628
505,dqn,1,13.1149,9.9,18563,cpu,13,98,124.76,0.05,1.427412
506,dqn,1,13.1863,10.18,18563,cpu,18,154,180.75,0.05,1.305467
507,dqn,1,13.2123,10.08,18563,cpu,6,61,53.66,0.05,0.448639
508,dqn,1,13.2205,10.08,18563,cpu,2,19,11.44,0.05,0.098647
509,dqn,1,13.2508,10.22,18563,cpu,13,75,125.49,0.05,1.064565
510,dqn,1,13.3137,10.26,18563,cpu,15,158,148.98,0.05,1.27039
511,dqn,1,13.3678,10.36,18563,cpu,17,134,168.84,0.05,2.034381
512,dqn,1,13.4393,10.74,18563,cpu,21,169,208.63,0.05,1.022798
513,dqn,1,13.5177,11.1,18563,cpu,23,181,229.53,0.05,1.008384
514,dqn,1,13.5469,11.14,18563,cpu,7,62,64.46,0.05,1.089872
515,dqn,1,13.5773,11.06,18563,cpu,8,69,75.0,0.05,1.239375
516,dqn,1,13.7105,11.32,18563,cpu,22,264,224.09,0.05,0.760434
517,dqn,1,13.7606,11.58,18563,cpu,14,122,137.63,0.05,1.13396
518,dqn,1,13.7968,11.7,18563,cpu,10,88,96.73,0.05,0.907044
519,dqn,1,13.8271,11.62,18563,cpu,3,46,22.18,0.05,1.638064
520,dqn,1,13.8971,11.78,18563,cpu,16,123,156.74,0.05,0.687716
521,dqn,1,13.9213,11.68,18563,cpu,7,56,64.12,0.05,1.298802
522,dqn,1,13.994,11.92,18563,cpu,24,179,241.26,0.05,0.430195
523,dqn,1,14.0295,12.16,18563,cpu,13,88,126.06,0.05,2.037363
524,dqn,1,14.0666,12.42,18563,cpu,14,91,135.24,0.05,0.79888
525,dqn,1,14.1366,12.58,18563,cpu,20,173,199.88,0.05,0.874816
526,dqn,1,14.1928,12.56,18563,cpu,17,139,168.69,0.05,0.818049
527,dqn,1,14.2523,12.62,18563,cpu,17,149,167.99,0.05,1.008102
528,dqn,1,14.2833,12.54,18563,cpu,10,79,95.32,0.05,1.452047
529,dqn,1,14.3254,12.66,18563,cpu,16,106,156.81,0.05,0.770664
530,dqn,1,14.3826,12.88,18563,cpu,15,146,150.9,0.05,0.581768
531,dqn,1,14.4475,12.88,18563,cpu,19,166,189.34,0.05,0.704105
532,dqn,1,14.4579,12.68,18563,cpu,1,27,1.85,0.05,0.623536
533,dqn,1,14.5032,12.76,18563,cpu,13,115,128.49,0.05,0.788336
534,dqn,1,14.5127,12.44,18563,cpu,3,24,21.8,0.05,0.462819
535,dqn,1,14.5641,12.68,18563,cpu,15,131,148.55,0.05,0.870087
536,dqn,1,14.5685,12.56,18563,cpu,1,11,0.81,0.05,0.727589
537,dqn,1,14.6553,12.76,18563,cpu,21,226,212.96,0.05,0.736289
538,dqn,1,14.7137,12.74,18563,cpu,16,155,160.22,0.05,1.266363
539,dqn,1,14.718,12.62,18563,cpu,1,11,0.81,0.05,0.584213
540,dqn,1,14.7613,12.44,18563,cpu,15,114,147.62,0.05,0.654887
541,dqn,1,14.7777,12.18,18563,cpu,4,43,32.62,0.05,0.74762
542,dqn,1,14.8105,12.28,18563,cpu,12,85,114.28,0.05,1.12553
543,dqn,1,14.8445,12.14,18563,cpu,13,89,124.75,0.05,1.039968
544,dqn,1,14.8491,11.92,18563,cpu,3,12,20.72,0.05,0.856089
545,dqn,1,14.8694,11.82,18563,cpu,9,53,83.67,0.05,1.621346
546,dqn,1,14.8828,11.74,18563,cpu,4,35,31.7,0.05,1.356353
547,dqn,1,14.898,11.7,18563,cpu,4,41,32.24,0.05,1.444137
548,dqn,1,14.9735,11.82,18563,cpu,22,200,223.73,0.05,0.53223
549,dqn,1,15.0251,11.7,18563,cpu,19,136,190.04,0.05,1.146394
550,dqn,1,15.0785,11.8,18563,cpu,18,141,179.58,0.05,1.500027
551,dqn,1,15.1127,11.88,18563,cpu,10,91,96.0,0.05,1.27436
552,dqn,1,15.1902,12.3,18563,cpu,23,203,232.11,0.05,0.868914
553,dqn,1,15.2179,12.36,18563,cpu,10,73,94.98,0.05,1.180517
554,dqn,1,15.2529,12.58,18563,cpu,12,93,115.8,0.05,1.576944
555,dqn,1,15.2562,12.36,18563,cpu,2,9,10.54,0.05,1.560215
556,dqn,1,15.3149,12.36,18563,cpu,18,150,178.39,0.05,1.070645
557,dqn,1,15.3708,12.58,18563,cpu,17,146,169.52,0.05,1.597556
558,dqn,1,15.3942,12.72,18563,cpu,9,62,84.28,0.05,0.615434
559,dqn,1,15.424,12.64,18563,cpu,9,79,85.61,0.05,0.632715
560,dqn,1,15.446,12.52,18563,cpu,9,59,83.41,0.05,1.059497
561,dqn,1,15.5083,12.62,18563,cpu,22,164,221.09,0.05,0.663753
562,dqn,1,15.5459,12.5,18563,cpu,15,99,145.67,0.05,0.572081
563,dqn,1,15.5691,12.16,18563,cpu,6,47,53.2,0.05,1.451647
564,dqn,1,15.6536,12.34,18563,cpu,16,147,159.1,0.05,1.205451
565,dqn,1,15.7183,12.46,18563,cpu,14,110,136.55,0.05,0.421075
566,dqn,1,15.7703,12.36,18563,cpu,17,126,167.92,0.05,0.550429
567,dqn,1,15.7981,12.22,18563,cpu,7,67,64.11,0.05,1.29838
568,dqn,1,15.8207,12.2,18563,cpu,9,57,83.23,0.05,0.76205
569,dqn,1,15.832,12.24,18563,cpu,5,29,41.67,0.05,1.206912
570,dqn,1,15.8649,12.16,18563,cpu,12,86,116.37,0.05,1.256788
571,dqn,1,15.9964,12.58,18563,cpu,28,259,284.7,0.05,0.841033
572,dqn,1,16.0558,12.4,18563,cpu,15,111,147.55,0.05,0.908098
573,dqn,1,16.1464,12.52,18563,cpu,19,168,192.72,0.05,1.46025
574,dqn,1,16.1608,12.28,18563,cpu,2,20,10.93,0.05,0.99646
575,dqn,1,16.2214,12.22,18563,cpu,17,120,168.98,0.05,1.03734
576,dqn,1,16.264,12.1,18563,cpu,11,81,105.81,0.05,1.312009
577,dqn,1,16.3007,11.96,18563,cpu,10,73,94.98,0.05,1.117773
578,dqn,1,16.3157,11.86,18563,cpu,5,38,41.88,0.05,1.006998
579,dqn,1,16.3423,11.7,18563,cpu,8,68,73.71,0.05,0.174626
580,dqn,1,16.4217,11.9,18563,cpu,25,201,252.15,0.05,0.532961
581,dqn,1,16.496,11.86,18563,cpu,17,181,169.87,0.05,0.887202
582,dqn,1,16.5061,11.92,18563,cpu,4,26,31.89,0.05,1.652669
583,dqn,1,16.5451,11.9,18563,cpu,12,101,116.92,0.05,0.575351
584,dqn,1,16.6019,12.18,18563,cpu,17,134,169.64,0.05,0.816312
585,dqn,1,16.6553,12.2,18563,cpu,16,134,158.73,0.05,1.616972
586,dqn,1,16.6968,12.42,18563,cpu,12,101,116.92,0.05,0.630122
587,dqn,1,16.7464,12.32,18563,cpu,16,124,158.23,0.05,1.007901
588,dqn,1,16.7615,12.12,18563,cpu,6,38,52.39,0.05,1.102613
589,dqn,1,16.8125,12.38,18563,cpu,14,117,137.78,0.05,1.035439
590,dqn,1,16.8436,12.26,18563,cpu,9,80,85.5,0.05,0.872039
591,dqn,1,16.8793,12.44,18563,cpu,13,91,125.73,0.05,0.903421
592,dqn,1,16.8944,12.32,18563,cpu,6,39,52.68,0.05,1.112913
593,dqn,1,16.9028,12.12,18563,cpu,3,22,21.62,0.05,1.232111
594,dqn,1,16.926,12.24,18563,cpu,9,61,84.39,0.05,0.673473
595,dqn,1,16.9627,12.34,18563,cpu,14,97,135.18,0.05,0.849702
596,dqn,1,17.0096,12.58,18563,cpu,16,118,157.49,0.05,2.391357
597,dqn,1,17.0579,12.76,18563,cpu,13,122,127.52,0.05,1.508141
598,dqn,1,17.0787,12.44,18563,cpu,6,52,53.65,0.05,0.387924
599,dqn,1,17.0939,12.18,18563,cpu,6,38,52.79,0.05,1.250262
600,dqn,1,17.1381,12.08,18563,cpu,13,111,126.13,0.05,1.453665
601,dqn,1,17.1463,11.92,18563,cpu,2,20,11.13,0.05,1.984579
602,dqn,1,17.1959,11.78,18563,cpu,16,124,156.43,0.05,0.781447
603,dqn,1,17.2805,12.08,18563,cpu,25,222,252.84,0.05,1.241788
604,dqn,1,17.3099,12.06,18563,cpu,11,76,104.76,0.05,1.172968
605,dqn,1,17.3444,12.22,18563,cpu,10,91,94.8,0.05,1.036105
606,dqn,1,17.3485,11.88,18563,cpu,1,11,0.61,0.05,1.463335
607,dqn,1,17.3585,11.6,18563,cpu,3,26,20.78,0.05,0.985558
608,dqn,1,17.3658,11.46,18563,cpu,2,19,11.44,0.05,0.886626
609,dqn,1,17.373,11.34,18563,cpu,3,18,21.06,0.05,0.99189
610,dqn,1,17.3829,11.2,18563,cpu,2,25,11.98,0.05,0.921813
611,dqn,1,17.4106,10.92,18563,cpu,8,69,74.8,0.05,0.409807
612,dqn,1,17.4804,11.08,18563,cpu,23,170,230.94,0.05,0.788204
613,dqn,1,17.5607,11.44,18563,cpu,24,198,241.77,0.05,0.675767
614,dqn,1,17.6048,11.42,18563,cpu,15,109,147.57,0.05,1.727043
615,dqn,1,17.6928,11.54,18563,cpu,20,188,202.23,0.05,1.863476
616,dqn,1,17.7433,11.5,18563,cpu,15,111,146.75,0.05,0.909239
617,dqn,1,17.7502,11.4,18563,cpu,2,17,11.26,0.05,0.996077
618,dqn,1,17.8067,11.62,18563,cpu,20,140,198.91,0.05,0.724542
619,dqn,1,17.8112,11.54,18563,cpu,1,11,0.81,0.05,0.761835
620,dqn,1,17.8957,11.86,18563,cpu,28,211,283.18,0.05,1.237386
621,dqn,1,17.9517,11.7,18563,cpu,20,141,198.0,0.05,1.696076
622,dqn,1,18.0301,11.84,18563,cpu,22,190,223.43,0.05,0.635993
623,dqn,1,18.0702,11.74,18563,cpu,14,98,136.27,0.05,0.741489
624,dqn,1,18.0911,11.86,18563,cpu,8,50,73.49,0.05,1.256553
625,dqn,1,18.1241,11.7,18563,cpu,9,81,85.79,0.05,0.644267
626,dqn,1,18.1402,11.62,18563,cpu,7,39,62.39,0.05,0.319636
627,dqn,1,18.1556,11.52,18563,cpu,5,38,41.28,0.05,0.786834
628,dqn,1,18.2023,11.68,18563,cpu,13,115,127.29,0.05,1.38336
629,dqn,1,18.2059,11.52,18563,cpu,0,9,-9.48,0.05,1.11266
630,dqn,1,18.2117,11.04,18563,cpu,1,14,1.08,0.05,1.629369
631,dqn,1,18.2663,11.02,18563,cpu,16,134,158.93,0.05,0.832437
632,dqn,1,18.2835,11.1,18563,cpu,8,41,72.48,0.05,1.462888
633,dqn,1,18.3856,11.46,18563,cpu,30,247,307.64,0.05,0.820392
634,dqn,1,18.3905,11.16,18563,cpu,2,12,10.61,0.05,1.533723
635,dqn,1,18.4364,11.1,18563,cpu,13,114,126.8,0.05,1.431943
636,dqn,1,18.4604,10.98,18563,cpu,6,61,52.86,0.05,1.083099
637,dqn,1,18.4785,10.76,18563,cpu,5,46,42.8,0.05,0.303292
638,dqn,1,18.5436,10.96,18563,cpu,16,164,158.83,0.05,1.270098
639,dqn,1,18.5577,10.78,18563,cpu,5,35,42.61,0.05,0.956156
640,dqn,1,18.6057,10.94,18563,cpu,17,121,166.87,0.05,1.517207
641,dqn,1,18.6359,10.88,18563,cpu,10,77,95.34,0.05,1.304449
642,dqn,1,18.7049,11.18,18563,cpu,21,175,212.17,0.05,1.373216
643,dqn,1,18.7893,11.66,18563,cpu,27,212,272.16,0.05,0.640274
644,dqn,1,18.8104,11.62,18563,cpu,7,52,63.76,0.05,1.633379
645,dqn,1,18.8743,11.74,18563,cpu,20,140,199.51,0.05,1.591524
646,dqn,1,18.9357,11.8,18563,cpu,19,150,189.1,0.05,1.098857
647,dqn,1,18.9848,11.8,18563,cpu,13,126,129.08,0.05,1.302846
648,dqn,1,19.045,12.08,18563,cpu,20,155,201.66,0.05,0.946957
649,dqn,1,19.0911,12.26,18563,cpu,15,106,146.3,0.05,0.864684
650,dqn,1,19.1284,12.26,18563,cpu,13,95,126.29,0.05,1.693151
651,dqn,1,19.1622,12.46,18563,cpu,12,83,115.5,0.05,1.264133
652,dqn,1,19.2167,12.46,18563,cpu,16,140,160.07,0.05,1.300552
653,dqn,1,19.2417,12.16,18563,cpu,10,65,93.46,0.05,0.842805
654,dqn,1,19.256,12.06,18563,cpu,6,37,52.1,0.05,0.836902
655,dqn,1,19.3047,12.18,18563,cpu,16,122,158.05,0.05,0.904196
656,dqn,1,19.3228,12.28,18563,cpu,6,43,52.44,0.05,0.628332
657,dqn,1,19.3866,12.58,18563,cpu,18,143,180.76,0.05,1.120383
658,dqn,1,19.4123,12.72,18563,cpu,9,61,84.39,0.05,0.90925
659,dqn,1,19.4737,13.06,18563,cpu,20,157,198.24,0.05,0.876403
660,dqn,1,19.5286,13.36,18563,cpu,17,141,169.27,0.05,1.071611
661,dqn,1,19.6342,13.72,18563,cpu,26,275,266.32,0.05,1.16907
662,dqn,1,19.672,13.52,18563,cpu,13,99,127.25,0.05,1.435698
663,dqn,1,19.718,13.32,18563,cpu,14,121,137.14,0.05,0.553389
664,dqn,1,19.7689,13.38,18563,cpu,18,131,178.28,0.05,1.022168
665,dqn,1,19.8003,13.16,18563,cpu,9,78,85.52,0.05,0.464448
666,dqn,1,19.8147,12.94,18563,cpu,4,36,32.39,0.05,1.382526
667,dqn,1,19.8465,13.14,18563,cpu,12,80,116.03,0.05,1.240175
668,dqn,1,19.8843,12.92,18563,cpu,9,88,86.22,0.05,0.7796
669,dqn,1,19.9136,13.02,18563,cpu,6,72,55.25,0.05,2.004582
670,dqn,1,19.9398,12.68,18563,cpu,11,64,104.48,0.05,2.472689
671,dqn,1,19.9548,12.38,18563,cpu,5,36,42.3,0.05,1.299904
672,dqn,1,20.0159,12.34,18563,cpu,20,151,199.7,0.05,1.378233
673,dqn,1,20.0828,12.38,18563,cpu,16,160,161.07,0.05,0.74204
674,dqn,1,20.1125,12.5,18563,cpu,14,63,133.92,0.05,1.536091
675,dqn,1,20.1189,12.36,18563,cpu,2,15,11.08,0.05,1.220012
676,dqn,1,20.1751,12.56,18563,cpu,17,140,170.78,0.05,1.369799
677,dqn,1,20.2465,12.9,18563,cpu,22,184,223.09,0.05,0.890633
678,dqn,1,20.2633,12.72,18563,cpu,4,44,33.11,0.05,1.193327
679,dqn,1,20.2871,12.88,18563,cpu,8,61,73.68,0.05,1.202037
680,dqn,1,20.3309,13.06,18563,cpu,10,112,97.29,0.05,0.878955
681,dqn,1,20.3589,12.94,18563,cpu,10,73,94.98,0.05,0.271288
682,dqn,1,20.3956,12.98,18563,cpu,10,97,97.34,0.05,1.680361
683,dqn,1,20.4001,12.4,18563,cpu,1,12,0.7,0.05,0.58999
684,dqn,1,20.4297,12.54,18563,cpu,9,78,84.52,0.05,1.627778
685,dqn,1,20.4544,12.46,18563,cpu,9,65,83.75,0.05,1.080886
686,dqn,1,20.4886,12.58,18563,cpu,12,90,116.33,0.05,0.886623
687,dqn,1,20.5043,12.58,18563,cpu,5,41,41.75,0.05,0.836168
688,dqn,1,20.5517,12.52,18563,cpu,13,123,128.21,0.05,0.642481
689,dqn,1,20.59,12.7,18563,cpu,14,97,136.98,0.05,1.164178
690,dqn,1,20.6031,12.46,18563,cpu,5,32,42.34,0.05,1.632007
691,dqn,1,20.6347,12.46,18563,cpu,10,69,95.02,0.05,1.352768
692,dqn,1,20.6752,12.28,18563,cpu,12,100,116.03,0.05,0.64197
693,dqn,1,20.7188,12.06,18563,cpu,16,113,158.04,0.05,1.428372
694,dqn,1,20.7877,12.22,18563,cpu,15,181,149.25,0.05,0.659602
695,dqn,1,20.8096,11.96,18563,cpu,7,56,62.92,0.05,1.258577
696,dqn,1,20.827,11.7,18563,cpu,6,46,53.31,0.05,1.165886
697,dqn,1,20.8842,11.78,18563,cpu,17,151,168.77,0.05,0.156018
698,dqn,1,20.8959,11.5,18563,cpu,6,31,52.16,0.05,1.053043
699,dqn,1,20.9107,11.3,18563,cpu,5,39,42.97,0.05,0.626519
700,dqn,1,20.9642,11.4,18563,cpu,18,141,178.18,0.05,0.626271
701,dqn,1,20.9811,11.26,18563,cpu,5,45,43.31,0.05,0.861356
702,dqn,1,21.044,11.34,18563,cpu,20,167,199.34,0.05,1.188231
703,dqn,1,21.0616,11.3,18563,cpu,8,46,73.33,0.05,1.388057
704,dqn,1,21.1469,11.6,18563,cpu,21,223,213.09,0.05,1.61754
705,dqn,1,21.1557,11.32,18563,cpu,2,23,11.6,0.05,0.824713
706,dqn,1,21.2075,11.56,18563,cpu,18,126,177.83,0.05,0.946676
707,dqn,1,21.2688,11.6,18563,cpu,20,133,198.88,0.05,1.11407
708,dqn,1,21.3044,11.66,18563,cpu,12,90,115.33,0.05,1.205263
709,dqn,1,21.3778,11.78,18563,cpu,26,187,260.2,0.05,1.099893
710,dqn,1,21.4138,11.68,18563,cpu,12,90,116.53,0.05,0.563665
711,dqn,1,21.5236,11.64,18563,cpu,24,279,247.26,0.05,1.130068
712,dqn,1,21.5334,11.44,18563,cpu,3,25,21.69,0.05,0.661765
713,dqn,1,21.5481,11.28,18563,cpu,6,37,52.3,0.05,0.203443
714,dqn,1,21.5764,11.1,18563,cpu,9,72,83.18,0.05,2.015412
715,dqn,1,21.6101,11.16,18563,cpu,12,86,115.57,0.05,1.179825
716,dqn,1,21.6314,11.22,18563,cpu,7,55,63.83,0.05,0.7763
717,dqn,1,21.7327,11.5,18563,cpu,26,253,263.94,0.05,1.270762
718,dqn,1,21.7885,11.68,18563,cpu,18,139,178.4,0.05,1.42547
719,dqn,1,21.7918,11.58,18563,cpu,1,8,0.54,0.05,0.986596
720,dqn,1,21.8529,11.74,18563,cpu,19,152,189.48,0.05,0.937575
721,dqn,1,21.8867,11.88,18563,cpu,12,84,115.39,0.05,0.589893
722,dqn,1,21.9547,11.84,18563,cpu,18,169,179.1,0.05,1.169573
723,dqn,1,22.0046,11.76,18563,cpu,12,125,117.88,0.05,1.278411
724,dqn,1,22.0479,11.78,18563,cpu,15,109,146.37,0.05,1.273565
725,dqn,1,22.1293,12.24,18563,cpu,25,200,252.06,0.05,0.774314
726,dqn,1,22.1451,12.04,18563,cpu,7,39,62.19,0.05,0.65847
727,dqn,1,22.2054,12.0,18563,cpu,20,150,200.81,0.05,1.751633
728,dqn,1,22.2612,12.3,18563,cpu,19,142,188.38,0.05,1.009572
729,dqn,1,22.3068,12.44,18563,cpu,15,116,147.0,0.05,1.215288
730,dqn,1,22.3348,12.48,18563,cpu,12,72,114.91,0.05,0.6016
731,dqn,1,22.3557,12.44,18563,cpu,8,52,73.47,0.05,0.72075
732,dqn,1,22.4222,12.66,18563,cpu,21,165,211.07,0.05,1.763775
733,dqn,1,22.4798,13.1,18563,cpu,23,144,229.4,0.05,0.834839
734,dqn,1,22.5089,13.1,18563,cpu,9,73,85.67,0.05,0.82239
735,dqn,1,22.5531,13.18,18563,cpu,13,112,126.02,0.05,0.350288
736,dqn,1,22.5977,13.2,18563,cpu,13,113,127.51,0.05,1.24831
737,dqn,1,22.6317,13.26,18563,cpu,8,87,75.42,0.05,0.830544
738,dqn,1,22.654,13.2,18563,cpu,10,57,93.54,0.05,1.236227
739,dqn,1,22.6791,13.12,18563,cpu,10,64,94.57,0.05,0.812645
740,dqn,1,22.7645,13.46,18563,cpu,22,217,223.86,0.05,1.809946
741,dqn,1,22.8259,13.6,18563,cpu,17,157,169.91,0.05,0.384206
742,dqn,1,22.8527,13.52,18563,cpu,8,71,74.58,0.05,1.339033
743,dqn,1,22.9085,13.52,18563,cpu,16,147,159.3,0.05,0.786014
744,dqn,1,22.9489,13.46,18563,cpu,12,107,115.86,0.05,1.583763
745,dqn,1,22.9509,13.32,18563,cpu,0,5,-9.64,0.05,0.689781
746,dqn,1,23.0108,13.64,18563,cpu,22,151,219.92,0.05,0.560246
747,dqn,1,23.0773,13.64,18563,cpu,17,166,169.52,0.05,0.857622
748,dqn,1,23.1138,13.74,18563,cpu,11,92,106.8,0.05,0.871548
749,dqn,1,23.1316,13.76,18563,cpu,6,46,53.31,0.05,0.970249
750,dqn,1,23.1699,13.62,18563,cpu,11,96,106.56,0.05,0.824697
751,dqn,1,23.211,13.92,18563,cpu,20,106,196.45,0.05,0.911497
752,dqn,1,23.2803,13.88,18563,cpu,18,179,178.8,0.05,1.791392
753,dqn,1,23.2925,13.84,18563,cpu,6,32,51.45,0.05,1.549712
754,dqn,1,23.3491,13.78,18563,cpu,18,143,180.76,0.05,1.129954
755,dqn,1,23.4033,14.06,18563,cpu,16,139,158.58,0.05,1.332299
756,dqn,1,23.4387,13.9,18563,cpu,10,91,97.0,0.05,0.836792
757,dqn,1,23.4721,13.72,18563,cpu,11,86,106.06,0.05,1.493175
758,dqn,1,23.5292,13.86,18563,cpu,19,144,190.16,0.05,1.672704
759,dqn,1,23.5654,13.56,18563,cpu,11,92,105.8,0.05,1.1905
760,dqn,1,23.584,13.44,18563,cpu,6,47,53.0,0.05,0.972345
761,dqn,1,23.6365,13.28,18563,cpu,16,135,159.02,0.05,1.09622
762,dqn,1,23.6538,13.3,18563,cpu,4,44,33.11,0.05,1.619598
763,dqn,1,23.6925,13.42,18563,cpu,12,99,117.34,0.05,0.868795
764,dqn,1,23.6997,13.28,18563,cpu,2,19,11.44,0.05,1.144619
765,dqn,1,23.7292,13.18,18563,cpu,7,76,64.72,0.05,1.298924
766,dqn,1,23.7628,13.2,18563,cpu,8,85,76.24,0.05,1.8826
767,dqn,1,23.7835,12.86,18563,cpu,9,53,83.27,0.05,1.067491
768,dqn,1,23.8351,12.8,18563,cpu,15,130,148.66,0.05,0.982195
769,dqn,1,23.897,13.14,18563,cpu,18,158,181.71,0.05,0.598135
770,dqn,1,23.9032,12.78,18563,cpu,1,16,1.06,0.05,1.161922
771,dqn,1,23.9821,12.96,18563,cpu,21,201,210.51,0.05,1.555871
772,dqn,1,24.045,12.96,18563,cpu,18,161,180.78,0.05,1.229843
773,dqn,1,24.1118,13.14,18563,cpu,21,174,212.88,0.05,0.560421
774,dqn,1,24.151,13.1,18563,cpu,13,102,127.12,0.05,1.367886
775,dqn,1,24.1716,12.78,18563,cpu,9,54,83.76,0.05,0.632403
776,dqn,1,24.1928,12.72,18563,cpu,4,56,33.79,0.05,0.348003
777,dqn,1,24.2218,12.5,18563,cpu,9,72,84.98,0.05,0.988693
778,dqn,1,24.2438,12.26,18563,cpu,7,53,62.85,0.05,1.231357
779,dqn,1,24.2764,12.22,18563,cpu,13,77,124.27,0.05,1.220914
780,dqn,1,24.2888,12.06,18563,cpu,4,30,32.05,0.05,0.406574
781,dqn,1,24.3479,12.2,18563,cpu,15,143,147.23,0.05,0.939544
782,dqn,1,24.394,12.08,18563,cpu,15,111,146.15,0.05,1.355787
783,dqn,1,24.4446,11.88,18563,cpu,13,121,128.43,0.05,0.66379
784,dqn,1,24.4991,12.04,18563,cpu,17,129,168.39,0.05,1.305001
785,dqn,1,24.5461,12.04,18563,cpu,13,114,126.6,0.05,0.64979
786,dqn,1,24.6185,12.3,18563,cpu,26,176,260.61,0.05,1.244124
787,dqn,1,24.6285,12.2,18563,cpu,3,25,21.49,0.05,0.671364
788,dqn,1,24.6509,12.14,18563,cpu,7,54,64.14,0.05,0.639424
789,dqn,1,24.6651,12.0,18563,cpu,3,34,22.7,0.05,1.230078
790,dqn,1,24.6706,11.62,18563,cpu,3,12,20.72,0.05,1.144472
791,dqn,1,24.7194,11.58,18563,cpu,15,115,147.91,0.05,0.794926
792,dqn,1,24.8233,11.96,18563,cpu,27,244,277.84,0.05,0.973928
793,dqn,1,24.8268,11.64,18563,cpu,0,7,-9.66,0.05,1.315933
794,dqn,1,24.8595,11.58,18563,cpu,9,68,84.02,0.05,1.077447
795,dqn,1,24.9281,11.88,18563,cpu,15,128,145.68,0.05,1.30763
796,dqn,1,24.9403,11.5,18563,cpu,3,26,21.78,0.05,0.550909
797,dqn,1,24.9549,11.28,18563,cpu,6,31,51.76,0.05,1.698937
798,dqn,1,24.9944,11.3,18563,cpu,12,89,115.84,0.05,0.820501
799,dqn,1,25.0051,11.22,18563,cpu,2,25,11.18,0.05,1.379024
800,dqn,1,25.0509,11.28,18563,cpu,14,100,136.45,0.05,1.38338
801,dqn,1,25.0955,11.1,18563,cpu,11,102,107.1,0.05,1.508556
802,dqn,1,25.1773,11.16,18563,cpu,21,190,212.32,0.05,0.352979
803,dqn,1,25.1818,11.08,18563,cpu,2,11,10.72,0.05,1.57517
804,dqn,1,25.2021,10.86,18563,cpu,7,48,62.8,0.05,0.891492
805,dqn,1,25.2385,10.82,18563,cpu,14,85,135.5,0.05,0.630547
806,dqn,1,25.2465,10.66,18563,cpu,2,17,11.26,0.05,2.092772
807,dqn,1,25.2871,10.66,18563,cpu,11,71,105.11,0.05,1.199958
808,dqn,1,25.3437,10.6,18563,cpu,16,132,160.35,0.05,1.284379
809,dqn,1,25.3982,10.66,18563,cpu,14,116,136.69,0.05,1.709167
810,dqn,1,25.4148,10.62,18563,cpu,4,33,31.72,0.05,1.35506
811,dqn,1,25.4341,10.42,18563,cpu,6,38,52.19,0.05,1.182922
812,dqn,1,25.4894,10.64,18563,cpu,15,96,146.2,0.05,1.124156
813,dqn,1,25.5127,10.48,18563,cpu,4,32,32.43,0.05,1.157425
814,dqn,1,25.5499,10.6,18563,cpu,8,66,74.53,0.05,0.674795
815,dqn,1,25.5886,10.68,18563,cpu,11,82,105.5,0.05,1.845044
816,dqn,1,25.6122,10.62,18563,cpu,5,55,43.21,0.05,1.120275
817,dqn,1,25.6258,10.52,18563,cpu,4,30,32.25,0.05,0.682853
818,dqn,1,25.641,10.32,18563,cpu,5,34,42.52,0.05,0.776895
819,dqn,1,25.6939,10.22,18563,cpu,13,118,127.36,0.05,1.333693
820,dqn,1,25.7621,10.62,18563,cpu,21,140,209.62,0.05,1.293739
821,dqn,1,25.8006,10.42,18563,cpu,11,84,105.68,0.05,0.813007
822,dqn,1,25.8227,10.16,18563,cpu,5,51,43.85,0.05,0.586698
823,dqn,1,25.8976,10.1,18563,cpu,18,131,179.08,0.05,0.894927
824,dqn,1,25.9406,10.06,18563,cpu,11,92,106.8,0.05,1.387516
825,dqn,1,25.9944,10.2,18563,cpu,16,111,156.06,0.05,0.738589
826,dqn,1,26.0716,10.52,18563,cpu,20,147,199.74,0.05,0.980761
827,dqn,1,26.2047,10.72,18563,cpu,19,127,189.63,0.05,1.199028
828,dqn,1,26.2575,10.84,18563,cpu,13,86,125.48,0.05,0.862398
829,dqn,1,26.2685,10.66,18563,cpu,4,22,31.53,0.05,0.63403
830,dqn,1,26.3,10.84,18563,cpu,13,74,124.8,0.05,1.053979
831,dqn,1,26.3921,10.94,18563,cpu,20,218,198.53,0.05,0.55553
832,dqn,1,26.4271,10.8,18563,cpu,8,84,76.35,0.05,0.538995
833,dqn,1,26.4895,10.9,18563,cpu,18,158,179.51,0.05,0.729643
834,dqn,1,26.5013,10.64,18563,cpu,4,30,31.85,0.05,1.266062
835,dqn,1,26.5306,10.56,18563,cpu,9,75,85.05,0.05,1.547386
836,dqn,1,26.5572,10.26,18563,cpu,11,69,105.13,0.05,0.326906
837,dqn,1,26.6112,10.5,18563,cpu,15,141,149.25,0.05,0.897775
838,dqn,1,26.6636,10.66,18563,cpu,15,137,150.09,0.05,0.815672
839,dqn,1,26.6883,10.8,18563,cpu,10,65,94.46,0.05,1.843544
840,dqn,1,26.7246,10.94,18563,cpu,10,96,95.25,0.05,0.891477
841,dqn,1,26.7483,10.78,18563,cpu,7,63,63.55,0.05,0.983939
842,dqn,1,26.7685,10.42,18563,cpu,9,53,83.67,0.05,1.5153
843,dqn,1,26.8053,10.66,18563,cpu,12,96,116.87,0.05,0.938214
844,dqn,1,26.8845,10.92,18563,cpu,22,209,221.54,0.05,0.961112
845,dqn,1,26.8981,10.72,18563,cpu,5,36,42.3,0.05,1.58311
846,dqn,1,26.9296,10.92,18563,cpu,13,81,125.43,0.05,0.913034
847,dqn,1,26.9491,10.96,18563,cpu,8,50,72.89,0.05,1.360863
848,dqn,1,27.0048,11.06,18563,cpu,17,141,168.87,0.05,0.942593
849,dqn,1,27.0421,11.22,18563,cpu,10,95,95.16,0.05,1.683313
850,dqn,1,27.0608,11.04,18563,cpu,5,48,42.38,0.05,0.883107
851,dqn,1,27.108,11.16,18563,cpu,17,121,168.47,0.05,1.117766
852,dqn,1,27.1365,10.94,18563,cpu,10,72,94.69,0.05,1.314867
853,dqn,1,27.1539,10.98,18563,cpu,4,43,33.02,0.05,0.926519
854,dqn,1,27.1562,10.84,18563,cpu,0,6,-9.55,0.05,0.908846
855,dqn,1,27.2113,10.88,18563,cpu,16,141,159.56,0.05,0.582732
856,dqn,1,27.2648,11.16,18563,cpu,16,135,159.22,0.05,1.385915
857,dqn,1,27.3088,11.2,18563,cpu,13,112,126.62,0.05,2.03231
858,dqn,1,27.3825,11.3,18563,cpu,21,190,210.52,0.05,0.973823
859,dqn,1,27.4045,11.2,18563,cpu,9,57,84.23,0.05,0.698042
860,dqn,1,27.408,11.14,18563,cpu,1,9,0.63,0.05,0.293717
861,dqn,1,27.4924,11.5,18563,cpu,24,217,244.28,0.05,1.62682
862,dqn,1,27.5627,11.72,18563,cpu,26,182,259.95,0.05,1.098841
863,dqn,1,27.6296,12.1,18563,cpu,23,169,230.85,0.05,1.561257
864,dqn,1,27.6461,12.06,18563,cpu,6,41,53.06,0.05,1.351299
865,dqn,1,27.7391,12.28,18563,cpu,22,233,222.7,0.05,0.943346
866,dqn,1,27.7822,12.44,18563,cpu,13,108,126.86,0.05,0.427402
867,dqn,1,27.8309,12.66,18563,cpu,15,122,148.14,0.05,0.843062
868,dqn,1,27.8749,12.86,18563,cpu,15,111,147.75,0.05,0.922464
869,dqn,1,27.9075,12.8,18563,cpu,10,82,95.79,0.05,1.329101
870,dqn,1,27.9392,12.62,18563,cpu,12,81,115.12,0.05,1.116359
871,dqn,1,27.9413,12.4,18563,cpu,0,5,-9.64,0.05,1.834228
872,dqn,1,27.9911,12.68,18563,cpu,19,126,188.14,0.05,0.961282
873,dqn,1,28.0429,12.62,18563,cpu,15,134,149.62,0.05,1.605251
874,dqn,1,28.0476,12.42,18563,cpu,1,12,0.9,0.05,1.877415
875,dqn,1,28.1153,12.5,18563,cpu,20,175,201.46,0.05,1.620093
876,dqn,1,28.124,12.18,18563,cpu,4,22,31.53,0.05,0.6261
877,dqn,1,28.1377,11.94,18563,cpu,7,34,62.34,0.05,0.897836
878,dqn,1,28.1713,11.9,18563,cpu,11,85,106.37,0.05,0.569379
879,dqn,1,28.2045,12.0,18563,cpu,9,86,85.84,0.05,1.124168
880,dqn,1,28.211,11.78,18563,cpu,2,16,11.17,0.05,0.815802
881,dqn,1,28.2258,11.48,18563,cpu,5,38,42.88,0.05,1.061509
882,dqn,1,28.2444,11.5,18563,cpu,9,49,82.51,0.05,1.844853
883,dqn,1,28.3049,11.44,18563,cpu,15,155,148.91,0.05,1.658101
884,dqn,1,28.3597,11.72,18563,cpu,18,142,178.27,0.05,1.175138
885,dqn,1,28.4078,11.9,18563,cpu,18,127,178.92,0.05,0.558963
886,dqn,1,28.4495,11.94,18563,cpu,13,110,128.24,0.05,1.366512
887,dqn,1,28.4687,11.76,18563,cpu,6,49,53.38,0.05,1.414437
888,dqn,1,28.4918,11.62,18563,cpu,8,61,74.28,0.05,0.50279
889,dqn,1,28.523,11.64,18563,cpu,11,83,105.99,0.05,1.449759
890,dqn,1,28.5941,11.84,18563,cpu,20,189,201.32,0.05,1.290985
891,dqn,1,28.6068,11.78,18563,cpu,4,34,32.61,0.05,1.777496
892,dqn,1,28.6267,11.76,18563,cpu,8,52,73.27,0.05,1.722736
893,dqn,1,28.6311,11.52,18563,cpu,0,12,-9.81,0.05,1.835527
894,dqn,1,28.6669,11.3,18563,cpu,11,95,106.87,0.05,1.482712
895,dqn,1,28.6939,11.38,18563,cpu,9,71,84.69,0.05,1.616353
896,dqn,1,28.7586,11.52,18563,cpu,20,171,198.3,0.05,1.071327
897,dqn,1,28.8402,11.78,18563,cpu,21,214,211.08,0.05,1.165385
898,dqn,1,28.8572,11.54,18563,cpu,5,45,43.31,0.05,0.451805
899,dqn,1,28.8715,11.44,18563,cpu,5,38,42.68,0.05,0.940643
900,dqn,1,28.8984,11.56,18563,cpu,11,71,105.11,0.05,1.033766
901,dqn,1,28.9168,11.32,18563,cpu,5,48,41.98,0.05,1.514373
902,dqn,1,28.9385,11.24,18563,cpu,6,58,54.39,0.05,1.865145
903,dqn,1,29.009,11.64,18563,cpu,24,183,240.62,0.05,1.411327
904,dqn,1,29.012,11.64,18563,cpu,0,8,-9.57,0.05,0.382261
905,dqn,1,29.0562,11.56,18563,cpu,12,117,115.16,0.05,1.609036
906,dqn,1,29.0714,11.34,18563,cpu,5,40,43.06,0.05,0.924741
907,dqn,1,29.0962,11.22,18563,cpu,7,66,64.82,0.05,0.899668
908,dqn,1,29.1099,10.88,18563,cpu,4,36,32.39,0.05,1.340943
909,dqn,1,29.1483,10.94,18563,cpu,12,101,116.92,0.05,1.414861
910,dqn,1,29.1882,11.12,18563,cpu,10,106,95.55,0.05,1.899899
911,dqn,1,29.1995,10.68,18563,cpu,2,30,12.23,0.05,0.755893
912,dqn,1,29.2201,10.32,18563,cpu,8,54,73.65,0.05,1.135981
913,dqn,1,29.2573,10.12,18563,cpu,13,99,127.05,0.05,0.639467
914,dqn,1,29.2978,10.26,18563,cpu,13,107,127.17,0.05,1.508722
915,dqn,1,29.3266,9.98,18563,cpu,8,70,74.89,0.05,1.40431
916,dqn,1,29.3676,10.0,18563,cpu,14,89,136.26,0.05,2.462132
917,dqn,1,29.4304,10.02,18563,cpu,16,153,159.04,0.05,1.046134
918,dqn,1,29.455,9.86,18563,cpu,7,61,64.57,0.05,1.185926
919,dqn,1,29.5194,10.1,18563,cpu,22,159,220.04,0.05,1.621048
920,dqn,1,29.5365,10.04,18563,cpu,9,43,82.57,0.05,0.853794
921,dqn,1,29.577,10.34,18563,cpu,15,102,146.74,0.05,1.509185
922,dqn,1,29.6216,10.24,18563,cpu,14,112,135.53,0.05,0.794415
923,dqn,1,29.6447,10.1,18563,cpu,8,58,74.01,0.05,0.670427
924,dqn,1,29.683,10.32,18563,cpu,12,97,116.16,0.05,1.687655
925,dqn,1,29.7168,10.14,18563,cpu,11,86,105.86,0.05,1.472424
926,dqn,1,29.7888,10.42,18563,cpu,18,182,179.67,0.05,1.570061
927,dqn,1,29.796,10.36,18563,cpu,4,18,30.77,0.05,1.53422
928,dqn,1,29.8624,10.62,18563,cpu,24,167,242.38,0.05,1.053865
929,dqn,1,29.928,10.86,18563,cpu,21,167,208.45,0.05,0.536573
930,dqn,1,29.9409,10.88,18563,cpu,3,34,22.7,0.05,0.588959
931,dqn,1,29.9838,11.06,18563,cpu,14,109,138.46,0.05,0.565292
932,dqn,1,30.0208,11.14,18563,cpu,13,95,126.29,0.05,1.403438
933,dqn,1,30.0235,10.88,18563,cpu,2,7,10.36,0.05,2.171731
934,dqn,1,30.085,10.86,18563,cpu,17,158,168.8,0.05,0.838781
935,dqn,1,30.1469,10.88,18563,cpu,19,159,190.91,0.05,0.986771
936,dqn,1,30.1671,10.74,18563,cpu,6,52,53.65,0.05,2.220407
937,dqn,1,30.2043,10.82,18563,cpu,10,95,94.76,0.05,1.249697
938,dqn,1,30.2599,11.02,18563,cpu,18,142,178.67,0.05,2.762523
939,dqn,1,30.3327,11.22,18563,cpu,21,178,209.84,0.05,1.278132
940,dqn,1,30.3792,11.06,18563,cpu,12,116,118.27,0.05,1.827223
941,dqn,1,30.3864,11.06,18563,cpu,4,18,31.17,0.05,1.072435
942,dqn,1,30.3975,10.98,18563,cpu,4,29,31.36,0.05,1.252912
943,dqn,1,30.4332,11.16,18563,cpu,9,93,83.67,0.05,0.925681
944,dqn,1,30.4822,11.26,18563,cpu,16,130,159.17,0.05,1.093446
945,dqn,1,30.538,11.36,18563,cpu,14,148,137.77,0.05,1.437009
946,dqn,1,30.5861,11.26,18563,cpu,15,127,149.39,0.05,1.7925
947,dqn,1,30.6,10.94,18563,cpu,5,37,42.79,0.05,1.689173
948,dqn,1,30.6517,11.12,18563,cpu,14,137,136.18,0.05,1.234825
949,dqn,1,30.7286,11.52,18563,cpu,25,203,251.93,0.05,0.76697
950,dqn,1,30.7495,11.42,18563,cpu,6,56,53.61,0.05,0.738206
951,dqn,1,30.7685,11.4,18563,cpu,4,50,33.45,0.05,0.539484
952,dqn,1,30.8163,11.62,18563,cpu,17,125,168.43,0.05,0.492767
953,dqn,1,30.8439,11.36,18563,cpu,11,74,104.98,0.05,1.006764
954,dqn,1,30.8728,11.58,18563,cpu,11,78,105.14,0.05,0.576683
955,dqn,1,30.8929,11.48,18563,cpu,7,53,63.65,0.05,0.712829
956,dqn,1,30.9477,11.7,18563,cpu,16,146,157.01,0.05,0.865435
957,dqn,1,30.9796,11.72,18563,cpu,8,84,76.35,0.05,1.289697
958,dqn,1,31.0014,11.76,18563,cpu,6,58,53.79,0.05,0.741824
959,dqn,1,31.0274,11.7,18563,cpu,9,68,84.62,0.05,1.005651
960,dqn,1,31.0698,11.78,18563,cpu,14,112,137.13,0.05,0.964646
961,dqn,1,31.0884,11.88,18563,cpu,7,49,63.49,0.05,0.960056
962,dqn,1,31.1435,12.08,18563,cpu,18,143,179.36,0.05,1.701511
963,dqn,1,31.1568,11.92,18563,cpu,5,34,41.92,0.05,1.115309
964,dqn,1,31.2195,12.02,18563,cpu,18,165,181.14,0.05,1.093189
965,dqn,1,31.2874,12.22,18563,cpu,18,179,180.4,0.05,0.852965
966,dqn,1,31.3431,12.24,18563,cpu,15,114,148.02,0.05,2.25516
967,dqn,1,31.3929,12.24,18563,cpu,16,112,156.55,0.05,0.163518
968,dqn,1,31.4205,12.28,18563,cpu,9,71,85.09,0.05,1.206564
969,dqn,1,31.4494,12.08,18563,cpu,12,70,114.93,0.05,1.520162
970,dqn,1,31.4925,12.28,18563,cpu,19,111,187.39,0.05,0.779431
971,dqn,1,31.5185,12.16,18563,cpu,9,68,84.82,0.05,2.233476
972,dqn,1,31.5309,12.0,18563,cpu,6,33,52.34,0.05,0.566793
973,dqn,1,31.5615,12.04,18563,cpu,10,80,95.01,0.05,1.083764
974,dqn,1,31.5741,11.86,18563,cpu,3,33,21.81,0.05,1.566897
975,dqn,1,31.6114,11.9,18563,cpu,13,96,126.38,0.05,1.468799
976,dqn,1,31.639,11.7,18563,cpu,8,72,75.07,0.05,0.743438
977,dqn,1,31.6613,11.82,18563,cpu,10,57,93.74,0.05,0.793759
978,dqn,1,31.7267,11.78,18563,cpu,22,170,219.63,0.05,1.366685
979,dqn,1,31.7516,11.54,18563,cpu,9,65,84.95,0.05,1.187127
980,dqn,1,31.8271,11.88,18563,cpu,20,196,202.75,0.05,1.700662
981,dqn,1,31.8301,11.6,18563,cpu,0,8,-9.37,0.05,1.312809
982,dqn,1,31.8719,11.56,18563,cpu,11,111,105.71,0.05,1.306587
983,dqn,1,31.9309,11.88,18563,cpu,18,157,181.62,0.05,1.102908
984,dqn,1,31.9727,11.78,18563,cpu,12,109,114.24,0.05,1.374189
985,dqn,1,32.0263,11.72,18563,cpu,16,138,160.69,0.05,1.237221
986,dqn,1,32.0687,11.8,18563,cpu,10,108,96.73,0.05,0.666121
987,dqn,1,32.0947,11.78,18563,cpu,9,67,84.93,0.05,0.807197
988,dqn,1,32.1021,11.48,18563,cpu,3,19,21.35,0.05,0.981063
989,dqn,1,32.1469,11.28,18563,cpu,11,114,107.58,0.05,1.337295
990,dqn,1,32.1546,11.1,18563,cpu,3,19,21.15,0.05,0.540042
991,dqn,1,32.1842,11.22,18563,cpu,10,76,95.05,0.05,2.0491
992,dqn,1,32.244,11.6,18563,cpu,23,155,230.99,0.05,1.41713
993,dqn,1,32.2772,11.62,18563,cpu,10,86,95.75,0.05,1.041749
994,dqn,1,32.3005,11.46,18563,cpu,8,61,74.48,0.05,0.778844
995,dqn,1,32.3387,11.44,18563,cpu,13,100,127.14,0.05,0.821108
996,dqn,1,32.3516,11.24,18563,cpu,5,33,42.23,0.05,1.265015
997,dqn,1,32.3539,11.14,18563,cpu,0,6,-9.55,0.05,2.249893
998,dqn,1,32.381,11.06,18563,cpu,10,72,94.09,0.05,0.794705
999,dqn,1,32.3912,10.64,18563,cpu,4,27,31.58,0.05,0.973529
1000,dqn,1,32.4862,11.04,18563,cpu,26,250,264.67,0.05,0.479882
1001,dqn,1,32.5112,11.14,18563,cpu,9,67,85.13,0.05,0.860353
1002,dqn,1,32.5263,10.88,18563,cpu,4,40,32.95,0.05,0.975998
1003,dqn,1,32.5308,10.68,18563,cpu,1,12,0.7,0.05,0.692603
1004,dqn,1,32.5465,10.56,18563,cpu,5,42,43.04,0.05,1.036386
1005,dqn,1,32.6226,10.96,18563,cpu,27,201,273.97,0.05,0.527198
1006,dqn,1,32.68,11.0,18563,cpu,18,152,180.17,0.05,0.854052
1007,dqn,1,32.731,11.16,18563,cpu,16,135,159.02,0.05,1.57467
1008,dqn,1,32.7715,11.32,18563,cpu,14,106,136.59,0.05,0.643411
1009,dqn,1,32.7879,11.26,18563,cpu,6,43,52.64,0.05,0.113837
1010,dqn,1,32.8176,11.22,18563,cpu,12,77,115.16,0.05,1.411881
1011,dqn,1,32.8656,11.38,18563,cpu,15,128,146.28,0.05,1.462867
1012,dqn,1,32.8754,11.08,18563,cpu,3,26,21.58,0.05,1.568185
1013,dqn,1,32.8881,11.14,18563,cpu,8,34,71.25,0.05,1.555624
1014,dqn,1,32.9594,11.18,18563,cpu,20,188,199.23,0.05,1.942513
1015,dqn,1,32.9727,10.9,18563,cpu,4,36,32.59,0.05,1.337571
1016,dqn,1,33.042,11.06,18563,cpu,23,183,229.91,0.05,0.906865
1017,dqn,1,33.1068,11.06,18563,cpu,16,163,160.34,0.05,0.570083
1018,dqn,1,33.1446,11.1,18563,cpu,11,83,104.79,0.05,0.84156
1019,dqn,1,33.2306,11.26,18563,cpu,20,203,200.78,0.05,0.887065
1020,dqn,1,33.2991,11.26,18563,cpu,19,162,189.78,0.05,0.783528
1021,dqn,1,33.3356,11.32,18563,cpu,12,89,116.64,0.05,0.944316
1022,dqn,1,33.3971,11.52,18563,cpu,16,142,160.05,0.05,0.725768
1023,dqn,1,33.4368,11.54,18563,cpu,11,88,106.04,0.05,1.246591
1024,dqn,1,33.49,11.74,18563,cpu,13,108,126.86,0.05,1.399326
1025,dqn,1,33.5639,11.88,18563,cpu,20,157,198.44,0.05,0.740543
1026,dqn,1,33.5679,11.74,18563,cpu,1,8,0.54,0.05,1.36389
1027,dqn,1,33.6195,11.76,18563,cpu,11,109,107.53,0.05,1.552864
1028,dqn,1,33.7052,11.56,18563,cpu,12,107,116.86,0.05,1.690992
1029,dqn,1,33.7136,11.4,18563,cpu,1,11,0.81,0.05,2.292616
1030,dqn,1,33.769,11.26,18563,cpu,13,86,125.08,0.05,2.423467
1031,dqn,1,33.8146,11.52,18563,cpu,13,90,126.64,0.05,0.53069
1032,dqn,1,33.8427,11.46,18563,cpu,8,58,74.01,0.05,0.612661
1033,dqn,1,33.8649,11.2,18563,cpu,5,34,41.32,0.05,1.166353
1034,dqn,1,33.9154,11.22,18563,cpu,13,104,127.1,0.05,1.030674
1035,dqn,1,33.9828,11.26,18563,cpu,18,144,179.85,0.05,1.289495
1036,dqn,1,33.9891,11.1,18563,cpu,2,14,10.99,0.05,1.275269
1037,dqn,1,34.0011,10.98,18563,cpu,3,28,22.16,0.05,1.767915
1038,dqn,1,34.0208,11.04,18563,cpu,6,44,52.73,0.05,1.705708
1039,dqn,1,34.0426,10.98,18563,cpu,8,49,73.4,0.05,0.946221
1040,dqn,1,34.1106,11.3,18563,cpu,19,149,189.41,0.05,0.351413
1041,dqn,1,34.1732,11.48,18563,cpu,19,131,187.59,0.05,2.704415
1042,dqn,1,34.2012,11.16,18563,cpu,7,55,63.43,0.05,1.008563
1043,dqn,1,34.2054,10.96,18563,cpu,0,7,-9.66,0.05,1.830402
1044,dqn,1,34.2357,10.92,18563,cpu,6,67,54.2,0.05,0.442384
1045,dqn,1,34.2589,10.78,18563,cpu,6,44,53.13,0.05,1.216506
1046,dqn,1,34.3271,11.02,18563,cpu,17,145,168.83,0.05,0.723892
1047,dqn,1,34.3726,11.2,18563,cpu,9,99,86.41,0.05,1.255111
1048,dqn,1,34.4427,11.38,18563,cpu,19,161,189.49,0.05,1.264621
1049,dqn,1,34.4722,11.44,18563,cpu,7,71,65.07,0.05,0.786883
1050,dqn,1,34.4758,10.96,18563,cpu,2,9,10.54,0.05,1.337474
1051,dqn,1,34.5201,11.04,18563,cpu,13,106,126.88,0.05,1.520476
1052,dqn,1,34.5508,11.24,18563,cpu,14,73,134.62,0.05,1.296411
1053,dqn,1,34.5535,11.22,18563,cpu,0,6,-9.55,0.05,1.106149
1054,dqn,1,34.583,11.3,18563,cpu,9,71,84.49,0.05,0.620793
1055,dqn,1,34.6201,11.06,18563,cpu,15,92,146.24,0.05,1.762407
1056,dqn,1,34.6723,10.96,18563,cpu,13,133,128.11,0.05,0.607728
1057,dqn,1,34.6883,10.78,18563,cpu,7,41,62.57,0.05,1.670209
1058,dqn,1,34.7052,10.66,18563,cpu,8,43,72.66,0.05,1.057692
1059,dqn,1,34.7138,10.62,18563,cpu,4,22,31.33,0.05,0.835245
1060,dqn,1,34.7468,10.62,18563,cpu,12,84,115.59,0.05,1.707522
1061,dqn,1,34.7941,10.62,18563,cpu,15,122,148.34,0.05,1.145068
1062,dqn,1,34.8419,10.86,18563,cpu,15,124,148.72,0.05,1.060972
1063,dqn,1,34.8511,10.78,18563,cpu,4,24,31.51,0.05,0.662031
1064,dqn,1,34.9075,10.72,18563,cpu,17,145,169.23,0.05,1.942276
1065,dqn,1,34.9203,10.7,18563,cpu,3,33,22.21,0.05,1.578889
1066,dqn,1,34.9304,10.32,18563,cpu,4,26,31.69,0.05,1.323161
1067,dqn,1,34.9466,10.08,18563,cpu,4,42,33.13,0.05,0.710815
1068,dqn,1,34.9717,10.06,18563,cpu,10,65,94.66,0.05,1.413203
1069,dqn,1,34.9997,9.86,18563,cpu,10,72,95.09,0.05,1.726329
1070,dqn,1,35.0411,9.72,18563,cpu,12,107,116.26,0.05,0.902315
1071,dqn,1,35.0487,9.5,18563,cpu,1,20,1.42,0.05,1.208044
1072,dqn,1,35.0533,9.24,18563,cpu,3,12,20.72,0.05,0.567808
1073,dqn,1,35.0904,9.22,18563,cpu,10,97,95.74,0.05,0.882523
1074,dqn,1,35.1805,9.46,18563,cpu,25,234,253.52,0.05,0.370763
1075,dqn,1,35.1934,9.12,18563,cpu,3,34,22.7,0.05,0.797559
1076,dqn,1,35.2346,9.38,18563,cpu,14,107,137.88,0.05,1.442655
1077,dqn,1,35.2603,9.32,18563,cpu,8,67,75.22,0.05,1.361348
1078,dqn,1,35.3101,9.38,18563,cpu,15,125,147.81,0.05,0.622852
1079,dqn,1,35.4212,9.9,18563,cpu,27,276,273.92,0.05,0.845929
1080,dqn,1,35.4618,9.92,18563,cpu,14,102,136.83,0.05,0.503097
1081,dqn,1,35.4888,9.84,18563,cpu,9,69,83.31,0.05,0.854128
1082,dqn,1,35.5346,10.0,18563,cpu,16,117,158.4,0.05,0.506366
1083,dqn,1,35.5574,10.1,18563,cpu,10,58,93.83,0.05,0.587448
1084,dqn,1,35.5788,10.04,18563,cpu,10,55,93.76,0.05,1.722406
1085,dqn,1,35.6177,9.94,18563,cpu,13,100,126.54,0.05,1.191804
1086,dqn,1,35.6364,10.04,18563,cpu,7,49,63.49,0.05,0.379846
1087,dqn,1,35.6999,10.32,18563,cpu,17,163,169.05,0.05,1.007934
1088,dqn,1,35.7293,10.4,18563,cpu,10,77,94.14,0.05,0.780137
1089,dqn,1,35.7663,10.5,18563,cpu,13,96,125.18,0.05,0.80995
1090,dqn,1,35.8257,10.5,18563,cpu,19,153,189.17,0.05,0.922636
1091,dqn,1,35.8543,10.32,18563,cpu,10,75,95.56,0.05,1.251156
1092,dqn,1,35.8709,10.34,18563,cpu,8,43,72.46,0.05,0.740434
1093,dqn,1,35.8875,10.44,18563,cpu,5,44,42.82,0.05,1.29542
1094,dqn,1,35.933,10.62,18563,cpu,15,119,147.07,0.05,1.040688
1095,dqn,1,35.9348,10.5,18563,cpu,0,5,-9.64,0.05,0.737125
1096,dqn,1,36.0249,10.72,18563,cpu,28,236,283.43,0.05,1.130242
1097,dqn,1,36.0671,10.78,18563,cpu,12,111,116.42,0.05,1.144873
1098,dqn,1,36.1054,10.7,18563,cpu,15,100,146.56,0.05,0.99826
1099,dqn,1,36.1339,10.78,18563,cpu,11,74,104.58,0.05,1.668233
1100,dqn,1,36.1673,10.94,18563,cpu,10,85,95.26,0.05,1.365122
1101,dqn,1,36.1865,10.84,18563,cpu,8,49,73.2,0.05,1.764027
1102,dqn,1,36.202,10.66,18563,cpu,5,40,43.06,0.05,0.389359
1103,dqn,1,36.2381,10.92,18563,cpu,13,93,126.11,0.05,1.353095
1104,dqn,1,36.2477,10.82,18563,cpu,4,25,31.2,0.05,1.000458
1105,dqn,1,36.2827,10.78,18563,cpu,13,92,126.02,0.05,1.142013
1106,dqn,1,36.3023,10.62,18563,cpu,5,51,43.45,0.05,1.13243
1107,dqn,1,36.3334,10.66,18563,cpu,9,82,85.48,0.05,1.161663
1108,dqn,1,36.3577,10.7,18563,cpu,10,64,94.17,0.05,0.832752
1109,dqn,1,36.4069,11.0,18563,cpu,19,129,189.41,0.05,0.605739
1110,dqn,1,36.4757,11.18,18563,cpu,21,182,210.4,0.05,1.445134
1111,dqn,1,36.5117,11.1,18563,cpu,11,95,106.07,0.05,2.069274
1112,dqn,1,36.541,11.0,18563,cpu,10,77,94.74,0.05,0.743972
1113,dqn,1,36.5766,11.14,18563,cpu,11,94,104.98,0.05,0.142632
1114,dqn,1,36.5797,10.82,18563,cpu,1,8,0.54,0.05,1.284645
1115,dqn,1,36.6558,11.24,18563,cpu,24,201,243.44,0.05,1.459521
1116,dqn,1,36.6775,11.28,18563,cpu,6,57,54.5,0.05,1.190505
1117,dqn,1,36.7228,11.48,18563,cpu,14,119,138.16,0.05,0.641572
1118,dqn,1,36.7543,11.52,18563,cpu,12,84,114.59,0.05,0.373548
1119,dqn,1,36.7828,11.48,18563,cpu,8,75,75.14,0.05,0.181148
1120,dqn,1,36.8268,11.52,18563,cpu,14,114,136.91,0.05,1.371405
1121,dqn,1,36.9238,12.14,18563,cpu,32,255,322.98,0.05,1.47827
1122,dqn,1,36.9383,12.18,18563,cpu,5,38,42.48,0.05,0.366533
1123,dqn,1,36.9922,12.28,18563,cpu,15,142,150.34,0.05,0.344061
1124,dqn,1,37.0265,12.06,18563,cpu,14,91,135.84,0.05,2.079598
1125,dqn,1,37.0633,12.22,18563,cpu,11,98,105.14,0.05,1.688464
1126,dqn,1,37.0767,12.06,18563,cpu,6,36,52.61,0.05,1.901794
1127,dqn,1,37.0856,11.96,18563,cpu,3,24,21.8,0.05,1.741549
1128,dqn,1,37.1103,11.82,18563,cpu,8,66,74.53,0.05,1.402084
1129,dqn,1,37.1993,11.76,18563,cpu,24,231,242.54,0.05,2.007508
1130,dqn,1,37.2606,11.8,18563,cpu,16,161,156.76,0.05,1.319681
1131,dqn,1,37.2754,11.78,18563,cpu,8,39,72.5,0.05,0.406812
1132,dqn,1,37.3178,11.74,18563,cpu,14,112,136.73,0.05,0.906348
1133,dqn,1,37.3322,11.62,18563,cpu,4,37,32.48,0.05,1.543344
1134,dqn,1,37.3595,11.62,18563,cpu,10,72,94.29,0.05,1.362176
1135,dqn,1,37.3795,11.48,18563,cpu,6,51,53.96,0.05,0.979866
1136,dqn,1,37.3879,11.42,18563,cpu,4,22,31.53,0.05,0.776043
1137,dqn,1,37.3935,11.1,18563,cpu,1,14,1.08,0.05,0.505764
1138,dqn,1,37.4658,11.4,18563,cpu,25,182,251.04,0.05,0.734746
1139,dqn,1,37.5566,11.62,18563,cpu,24,227,241.58,0.05,0.429529
1140,dqn,1,37.6231,11.68,18563,cpu,22,159,219.64,0.05,2.131525
1141,dqn,1,37.6453,11.6,18563,cpu,6,53,53.94,0.05,1.002749
1142,dqn,1,37.6685,11.58,18563,cpu,7,53,63.85,0.05,1.335701
1143,dqn,1,37.681,11.58,18563,cpu,5,30,41.76,0.05,1.116811
1144,dqn,1,37.6838,11.28,18563,cpu,0,7,-9.66,0.05,0.414068
1145,dqn,1,37.6872,11.3,18563,cpu,1,8,0.34,0.05,0.555353
1146,dqn,1,37.7237,10.96,18563,cpu,11,90,104.62,0.05,0.955835
1147,dqn,1,37.7445,10.82,18563,cpu,5,48,42.58,0.05,1.058381
1148,dqn,1,37.7904,10.84,18563,cpu,16,110,157.17,0.05,0.990818
1149,dqn,1,37.8098,10.76,18563,cpu,7,49,63.49,0.05,1.666209
1150,dqn,1,37.8997,10.9,18563,cpu,17,181,169.67,0.05,0.633255
1151,dqn,1,37.9382,10.98,18563,cpu,12,74,114.49,0.05,0.910834
1152,dqn,1,37.989,11.16,18563,cpu,14,124,137.41,0.05,1.014685
1153,dqn,1,38.0423,11.22,18563,cpu,16,118,156.89,0.05,0.84876
1154,dqn,1,38.0797,11.3,18563,cpu,8,86,74.93,0.05,0.159481
1155,dqn,1,38.1692,11.44,18563,cpu,20,177,200.04,0.05,1.80256
1156,dqn,1,38.177,11.36,18563,cpu,1,7,0.45,0.05,0.789853
1157,dqn,1,38.3497,11.46,18563,cpu,14,126,137.59,0.05,0.673294
1158,dqn,1,38.3531,11.26,18563,cpu,0,8,-9.37,0.05,2.332253
1159,dqn,1,38.4018,11.2,18563,cpu,16,115,158.02,0.05,0.904463
1160,dqn,1,38.4657,11.12,18563,cpu,17,160,169.18,0.05,1.149969
1161,dqn,1,38.4701,10.92,18563,cpu,1,11,0.81,0.05,1.465181
1162,dqn,1,38.5327,11.02,18563,cpu,15,159,152.27,0.05,0.356156
1163,dqn,1,38.5745,11.08,18563,cpu,14,106,137.39,0.05,1.478808
1164,dqn,1,38.5856,11.14,18563,cpu,4,28,31.47,0.05,0.31984
1165,dqn,1,38.5915,10.68,18563,cpu,1,15,0.97,0.05,0.503731
1166,dqn,1,38.6261,10.78,18563,cpu,11,84,105.28,0.05,0.74997
1167,dqn,1,38.6831,10.78,18563,cpu,14,102,137.23,0.05,1.674032
1168,dqn,1,38.702,10.64,18563,cpu,5,44,42.82,0.05,1.073329
1169,dqn,1,38.7098,10.54,18563,cpu,3,20,21.24,0.05,1.543436
1170,dqn,1,38.7499,10.52,18563,cpu,13,100,126.54,0.05,0.930473
1171,dqn,1,38.8145,10.26,18563,cpu,19,156,191.24,0.05,0.446661
1172,dqn,1,38.8446,10.28,18563,cpu,6,77,54.3,0.05,1.138008
1173,dqn,1,38.852,10.04,18563,cpu,3,18,20.66,0.05,0.620125
1174,dqn,1,38.8637,9.86,18563,cpu,5,27,41.89,0.05,1.750285
1175,dqn,1,38.8828,9.74,18563,cpu,5,46,43.2,0.05,0.700753
1176,dqn,1,38.9492,10.02,18563,cpu,20,161,200.4,0.05,0.843345
1177,dqn,1,38.9939,10.24,18563,cpu,14,100,137.25,0.05,0.632846
1178,dqn,1,39.022,10.32,18563,cpu,12,70,114.73,0.05,1.192842
1179,dqn,1,39.0312,9.9,18563,cpu,3,24,21.8,0.05,1.298145
1180,dqn,1,39.063,9.82,18563,cpu,12,80,115.63,0.05,1.085384
1181,dqn,1,39.1197,9.98,18563,cpu,16,147,160.1,0.05,0.636272
1182,dqn,1,39.1971,10.16,18563,cpu,23,201,228.13,0.05,1.261444
1183,dqn,1,39.2116,10.26,18563,cpu,9,38,82.52,0.05,1.079563
1184,dqn,1,39.2282,10.22,18563,cpu,8,44,73.15,0.05,1.048694
1185,dqn,1,39.3066,10.5,18563,cpu,20,193,202.08,0.05,0.839578
1186,dqn,1,39.3128,10.46,18563,cpu,2,15,11.08,0.05,1.01673
1187,dqn,1,39.3541,10.7,18563,cpu,13,99,127.05,0.05,1.437496
1188,dqn,1,39.3802,10.34,18563,cpu,7,66,64.42,0.05,0.866093
1189,dqn,1,39.4231,10.16,18563,cpu,15,96,145.8,0.05,1.223193
1190,dqn,1,39.5115,10.18,18563,cpu,23,198,232.86,0.05,0.377251
1191,dqn,1,39.542,10.2,18563,cpu,7,67,64.91,0.05,1.10877
1192,dqn,1,39.5505,10.1,18563,cpu,2,20,11.13,0.05,1.073301
1193,dqn,1,39.6364,10.48,18563,cpu,24,192,241.43,0.05,1.115362
1194,dqn,1,39.6544,10.6,18563,cpu,6,41,52.06,0.05,1.092432
1195,dqn,1,39.7008,10.86,18563,cpu,14,105,137.7,0.05,0.66703
1196,dqn,1,39.7908,11.1,18563,cpu,23,199,229.35,0.05,0.704076
1197,dqn,1,39.8295,11.2,18563,cpu,10,97,96.54,0.05,1.824463
1198,dqn,1,39.8924,11.3,18563,cpu,21,163,211.09,0.05,1.640879
1199,dqn,1,39.9344,11.46,18563,cpu,15,102,146.74,0.05,1.367767
1200,dqn,1,39.9497,11.26,18563,cpu,7,40,62.28,0.05,1.525325
1201,dqn,1,39.9626,11.12,18563,cpu,5,34,42.32,0.05,0.602097
1202,dqn,1,40.0009,11.06,18563,cpu,11,99,106.43,0.05,1.030332
1203,dqn,1,40.0674,11.22,18563,cpu,24,175,241.1,0.05,1.595542
1204,dqn,1,40.0945,11.28,18563,cpu,11,71,104.71,0.05,1.690136
1205,dqn,1,40.13,11.12,18563,cpu,12,94,116.29,0.05,1.411421
1206,dqn,1,40.1745,11.46,18563,cpu,18,115,177.04,0.05,1.878767
1207,dqn,1,40.2255,11.5,18563,cpu,16,134,158.93,0.05,0.196534
1208,dqn,1,40.2416,11.66,18563,cpu,8,42,72.37,0.05,0.832112
1209,dqn,1,40.2835,11.6,18563,cpu,13,109,127.55,0.05,0.512294
1210,dqn,1,40.3156,11.5,18563,cpu,12,84,115.19,0.05,1.138604
1211,dqn,1,40.3391,11.64,18563,cpu,8,62,73.97,0.05,0.933814
1212,dqn,1,40.3765,11.6,18563,cpu,13,96,126.58,0.05,1.721386
1213,dqn,1,40.3845,11.38,18563,cpu,3,21,21.13,0.05,1.066803
1214,dqn,1,40.4297,11.62,18563,cpu,16,113,157.84,0.05,1.360347
1215,dqn,1,40.4335,11.62,18563,cpu,1,10,0.72,0.05,1.618748
1216,dqn,1,40.4378,11.4,18563,cpu,0,10,-9.39,0.05,1.048323
1217,dqn,1,40.5015,11.5,18563,cpu,19,160,191.2,0.05,0.364918
1218,dqn,1,40.5152,11.48,18563,cpu,4,34,32.41,0.05,1.206791
1219,dqn,1,40.5557,11.68,18563,cpu,13,101,126.43,0.05,0.818406
1220,dqn,1,40.5874,11.74,18563,cpu,16,79,154.18,0.05,1.489192
1221,dqn,1,40.6307,11.68,18563,cpu,16,110,157.77,0.05,1.511994
1222,dqn,1,40.6568,11.76,18563,cpu,10,66,94.35,0.05,1.268268
1223,dqn,1,40.7004,11.96,18563,cpu,13,111,127.73,0.05,1.389498
1224,dqn,1,40.7339,12.06,18563,cpu,10,85,94.66,0.05,0.69337
1225,dqn,1,40.7795,12.2,18563,cpu,12,118,116.85,0.05,1.66822
1226,dqn,1,40.7944,11.9,18563,cpu,5,39,42.77,0.05,1.221636
1227,dqn,1,40.8256,11.74,18563,cpu,6,73,55.74,0.05,1.345885
1228,dqn,1,40.8551,11.72,18563,cpu,11,75,105.27,0.05,1.099915
1229,dqn,1,40.8837,11.8,18563,cpu,7,74,63.14,0.05,1.618989
1230,dqn,1,40.9119,11.72,18563,cpu,8,73,75.16,0.05,0.545262
1231,dqn,1,40.9817,11.72,18563,cpu,16,141,158.56,0.05,1.510317
1232,dqn,1,41.0214,11.58,18563,cpu,16,97,156.0,0.05,1.650725
1233,dqn,1,41.0253,11.42,18563,cpu,1,10,0.72,0.05,1.369817
1234,dqn,1,41.0722,11.54,18563,cpu,14,121,135.94,0.05,1.061796
1235,dqn,1,41.1199,11.44,18563,cpu,15,125,148.01,0.05,1.441307
1236,dqn,1,41.1601,11.66,18563,cpu,13,103,126.21,0.05,1.652566
1237,dqn,1,41.2175,11.74,18563,cpu,17,151,169.57,0.05,0.517649
1238,dqn,1,41.2272,11.66,18563,cpu,3,26,21.98,0.05,2.087477
1239,dqn,1,41.3037,11.72,18563,cpu,18,165,177.14,0.05,1.388153
1240,dqn,1,41.3461,11.54,18563,cpu,14,103,135.72,0.05,0.582396
1241,dqn,1,41.3595,11.52,18563,cpu,6,34,52.43,0.05,0.905057
1242,dqn,1,41.3744,11.58,18563,cpu,5,34,42.32,0.05,0.767592
1243,dqn,1,41.408,11.24,18563,cpu,7,80,64.88,0.05,1.096557
1244,dqn,1,41.4577,11.38,18563,cpu,13,123,129.21,0.05,2.285257
1245,dqn,1,41.5196,11.46,18563,cpu,18,148,179.61,0.05,0.859523
1246,dqn,1,41.6229,11.42,18563,cpu,21,202,211.8,0.05,1.102979
1247,dqn,1,41.6789,11.5,18563,cpu,14,122,137.43,0.05,1.45169
1248,dqn,1,41.7438,11.4,18563,cpu,16,134,158.73,0.05,1.065471
1249,dqn,1,41.7979,11.4,18563,cpu,15,122,148.34,0.05,1.150514
1250,dqn,1,41.8349,11.48,18563,cpu,11,72,104.8,0.05,1.187732
1251,dqn,1,41.9211,11.66,18563,cpu,14,143,137.92,0.05,1.313528
1252,dqn,1,41.9928,11.8,18563,cpu,18,162,180.07,0.05,1.803191
1253,dqn,1,42.0017,11.36,18563,cpu,2,19,11.44,0.05,1.494403
1254,dqn,1,42.093,11.64,18563,cpu,25,186,251.8,0.05,0.827889
1255,dqn,1,42.1117,11.48,18563,cpu,4,41,31.24,0.05,1.267067
1256,dqn,1,42.1379,11.24,18563,cpu,6,57,54.3,0.05,1.230786
1257,dqn,1,42.1851,11.14,18563,cpu,11,116,107.36,0.05,0.887742
1258,dqn,1,42.2312,11.28,18563,cpu,15,105,145.21,0.05,1.349351
1259,dqn,1,42.2697,11.1,18563,cpu,4,58,34.17,0.05,1.460705
1260,dqn,1,42.3099,11.04,18563,cpu,9,83,85.97,0.05,1.631227
1261,dqn,1,42.3863,11.24,18563,cpu,18,180,181.09,0.05,1.801288
1262,dqn,1,42.4653,11.5,18563,cpu,26,198,262.79,0.05,1.330861
1263,dqn,1,42.4814,11.56,18563,cpu,6,39,51.48,0.05,0.979135
1264,dqn,1,42.485,11.28,18563,cpu,2,9,10.54,0.05,1.353347
1265,dqn,1,42.5352,11.6,18563,cpu,17,128,168.7,0.05,2.130708
1266,dqn,1,42.5813,11.86,18563,cpu,13,121,128.63,0.05,1.607916
1267,dqn,1,42.6069,11.66,18563,cpu,9,68,83.82,0.05,0.848441
1268,dqn,1,42.6219,11.68,18563,cpu,5,39,42.37,0.05,1.812862
1269,dqn,1,42.6647,11.7,18563,cpu,14,113,138.02,0.05,0.911159
1270,dqn,1,42.7035,11.66,18563,cpu,14,102,137.63,0.05,1.113418
1271,dqn,1,42.7194,11.48,18563,cpu,7,42,62.66,0.05,0.910553
1272,dqn,1,42.7338,11.38,18563,cpu,5,38,42.68,0.05,1.679055
1273,dqn,1,42.8004,11.5,18563,cpu,19,174,189.06,0.05,1.484216
1274,dqn,1,42.835,11.5,18563,cpu,10,67,94.44,0.05,1.288614
1275,dqn,1,42.869,11.44,18563,cpu,9,74,84.56,0.05,0.870512
1276,dqn,1,42.8771,11.4,18563,cpu,3,19,21.35,0.05,1.263239
1277,dqn,1,42.9053,11.44,18563,cpu,8,62,73.37,0.05,1.815655
1278,dqn,1,42.9375,11.42,18563,cpu,10,75,93.96,0.05,1.000374
1279,dqn,1,42.9961,11.56,18563,cpu,14,142,138.03,0.05,1.231114
1280,dqn,1,43.0268,11.62,18563,cpu,11,71,104.31,0.05,1.691013
1281,dqn,1,43.0931,11.7,18563,cpu,20,159,200.02,0.05,0.975175
1282,dqn,1,43.1263,11.6,18563,cpu,11,87,105.55,0.05,1.209989
1283,dqn,1,43.1543,11.76,18563,cpu,9,71,85.09,0.05,0.680005
1284,dqn,1,43.1952,11.74,18563,cpu,13,85,124.99,0.05,0.987329
1285,dqn,1,43.2596,11.7,18563,cpu,13,85,125.39,0.05,0.572554
1286,dqn,1,43.3229,11.82,18563,cpu,19,159,190.11,0.05,0.469732
1287,dqn,1,43.377,11.86,18563,cpu,19,138,188.82,0.05,0.967076
1288,dqn,1,43.4318,12.16,18563,cpu,18,131,178.68,0.05,1.821804
1289,dqn,1,43.4581,11.96,18563,cpu,8,68,74.31,0.05,1.006314
1290,dqn,1,43.5108,12.0,18563,cpu,16,138,157.09,0.05,0.981465
1291,dqn,1,43.5512,12.1,18563,cpu,11,106,105.66,0.05,0.580204
1292,dqn,1,43.5952,12.32,18563,cpu,16,115,157.82,0.05,1.33592
1293,dqn,1,43.646,12.56,18563,cpu,19,134,188.66,0.05,1.890467
1294,dqn,1,43.6842,12.52,18563,cpu,11,101,106.61,0.05,0.853114
1295,dqn,1,43.7199,12.38,18563,cpu,11,95,106.67,0.05,1.050261
1296,dqn,1,43.7722,12.28,18563,cpu,16,139,156.38,0.05,1.10228
1297,dqn,1,43.7877,12.1,18563,cpu,5,40,42.86,0.05,0.975879
1298,dqn,1,43.8077,11.9,18563,cpu,6,52,53.65,0.05,1.504169
1299,dqn,1,43.8763,12.0,18563,cpu,20,182,200.89,0.05,0.67609
1300,dqn,1,43.9211,12.0,18563,cpu,11,117,106.45,0.05,1.24295
1301,dqn,1,43.977,12.12,18563,cpu,20,148,200.43,0.05,1.228952
1302,dqn,1,43.9964,11.9,18563,cpu,7,51,63.47,0.05,0.925023
1303,dqn,1,44.0652,12.3,18563,cpu,22,182,221.71,0.05,0.730538
1304,dqn,1,44.1153,12.06,18563,cpu,13,133,127.11,0.05,0.414827
1305,dqn,1,44.1372,12.18,18563,cpu,10,58,93.83,0.05,1.770693
1306,dqn,1,44.177,12.34,18563,cpu,14,104,137.01,0.05,1.388109
1307,dqn,1,44.1821,12.14,18563,cpu,1,13,0.99,0.05,1.019405
1308,dqn,1,44.1919,11.92,18563,cpu,4,26,31.89,0.05,1.440539
1309,dqn,1,44.1968,11.86,18563,cpu,1,13,0.79,0.05,0.966468
1310,dqn,1,44.2567,12.08,18563,cpu,20,159,199.42,0.05,1.275764
1311,dqn,1,44.2814,11.9,18563,cpu,9,66,84.24,0.05,0.781556
1312,dqn,1,44.3173,11.64,18563,cpu,13,95,126.29,0.05,1.833409
1313,dqn,1,44.3685,11.84,18563,cpu,16,136,159.31,0.05,1.110933
1314,dqn,1,44.4,11.98,18563,cpu,9,84,86.46,0.05,1.130825
1315,dqn,1,44.4515,12.02,18563,cpu,19,125,189.45,0.05,1.414591
1316,dqn,1,44.4992,12.0,18563,cpu,12,118,117.25,0.05,0.392245
1317,dqn,1,44.5498,12.12,18563,cpu,15,134,148.62,0.05,0.480342
1318,dqn,1,44.5751,12.16,18563,cpu,7,67,64.71,0.05,1.082457
1319,dqn,1,44.6144,12.14,18563,cpu,13,104,127.1,0.05,1.587717
1320,dqn,1,44.6736,12.22,18563,cpu,18,157,180.42,0.05,0.959306
1321,dqn,1,44.6956,12.26,18563,cpu,9,58,84.12,0.05,1.103766
1322,dqn,1,44.7269,12.34,18563,cpu,9,83,86.37,0.05,0.259091
1323,dqn,1,44.7777,12.22,18563,cpu,13,127,129.57,0.05,1.29038
1324,dqn,1,44.8178,12.32,18563,cpu,15,103,145.43,0.05,1.65276
1325,dqn,1,44.8645,12.46,18563,cpu,16,123,158.94,0.05,0.972984
1326,dqn,1,44.8819,12.52,18563,cpu,6,46,51.91,0.05,1.38468
1327,dqn,1,44.9121,12.54,18563,cpu,9,81,85.99,0.05,0.827663
1328,dqn,1,44.9475,12.58,18563,cpu,12,92,116.71,0.05,0.447441
1329,dqn,1,45.0349,12.66,18563,cpu,18,184,181.05,0.05,1.478198
1330,dqn,1,45.0677,12.6,18563,cpu,8,74,74.65,0.05,1.862606
1331,dqn,1,45.0815,12.28,18563,cpu,4,35,32.5,0.05,1.379519
1332,dqn,1,45.1642,12.52,18563,cpu,23,212,232.32,0.05,0.688125
1333,dqn,1,45.1769,12.42,18563,cpu,4,34,32.61,0.05,1.49698
1334,dqn,1,45.2443,12.58,18563,cpu,21,177,211.95,0.05,0.64391
1335,dqn,1,45.3141,12.66,18563,cpu,17,150,170.68,0.05,0.456795
1336,dqn,1,45.3388,12.38,18563,cpu,5,41,43.15,0.05,0.616905
1337,dqn,1,45.3563,12.12,18563,cpu,6,36,52.01,0.05,0.897814
1338,dqn,1,45.3661,11.82,18563,cpu,3,23,21.31,0.05,0.486431
1339,dqn,1,45.4258,11.78,18563,cpu,6,68,55.29,0.05,0.560227
1340,dqn,1,45.446,11.56,18563,cpu,5,22,41.44,0.05,0.709963
1341,dqn,1,45.4757,11.4,18563,cpu,3,29,22.25,0.05,0.450213
1342,dqn,1,45.5308,11.26,18563,cpu,9,71,85.09,0.05,1.001808
1343,dqn,1,45.5786,11.0,18563,cpu,6,47,53.2,0.05,1.284093
1344,dqn,1,45.5857,10.82,18563,cpu,2,17,11.26,0.05,0.597071
1345,dqn,1,45.6022,10.74,18563,cpu,7,39,62.79,0.05,0.980613
1346,dqn,1,45.6786,10.76,18563,cpu,17,148,169.9,0.05,0.898649
1347,dqn,1,45.7226,10.84,18563,cpu,9,78,85.12,0.05,0.922133
1348,dqn,1,45.7831,11.06,18563,cpu,17,137,169.31,0.05,0.7928
1349,dqn,1,45.8413,11.0,18563,cpu,17,138,169.0,0.05,1.056641
1350,dqn,1,45.9464,11.22,18563,cpu,22,231,225.32,0.05,1.220904
1351,dqn,1,45.9861,11.06,18563,cpu,12,90,116.73,0.05,0.37155
1352,dqn,1,46.0119,11.08,18563,cpu,8,58,73.81,0.05,2.139303
1353,dqn,1,46.0685,10.98,18563,cpu,17,125,166.23,0.05,0.424192
1354,dqn,1,46.1399,11.08,18563,cpu,18,166,180.43,0.05,1.757102
1355,dqn,1,46.1622,11.04,18563,cpu,8,56,73.43,0.05,1.109449
1356,dqn,1,46.2263,11.12,18563,cpu,18,160,179.89,0.05,0.905088
1357,dqn,1,46.2445,11.18,18563,cpu,4,46,33.29,0.05,0.289735
1358,dqn,1,46.2602,11.2,18563,cpu,5,40,42.46,0.05,0.769406
1359,dqn,1,46.2631,11.18,18563,cpu,0,7,-9.46,0.05,1.165493
1360,dqn,1,46.319,11.12,18563,cpu,17,136,168.02,0.05,0.601559
1361,dqn,1,46.3747,11.34,18563,cpu,20,137,199.04,0.05,1.10152
1362,dqn,1,46.4014,11.3,18563,cpu,11,67,104.55,0.05,1.200111
1363,dqn,1,46.405,11.0,18563,cpu,1,9,0.63,0.05,0.404966
1364,dqn,1,46.4872,11.26,18563,cpu,22,212,222.41,0.05,0.910973
1365,dqn,1,46.5363,11.18,18563,cpu,15,128,148.48,0.05,1.215081
1366,dqn,1,46.553,11.08,18563,cpu,7,43,63.15,0.05,1.035233
1367,dqn,1,46.5825,11.0,18563,cpu,11,75,105.07,0.05,1.758857
1368,dqn,1,46.6199,11.02,18563,cpu,8,97,76.12,0.05,1.511166
1369,dqn,1,46.6797,11.16,18563,cpu,20,155,201.66,0.05,1.30169
1370,dqn,1,46.6972,10.9,18563,cpu,5,45,43.31,0.05,1.442132
1371,dqn,1,46.7314,10.94,18563,cpu,11,89,104.93,0.05,0.81107
1372,dqn,1,46.7816,11.02,18563,cpu,13,102,127.32,0.05,0.935992
1373,dqn,1,46.8303,11.02,18563,cpu,13,122,127.92,0.05,0.728887
1374,dqn,1,46.8613,10.92,18563,cpu,10,74,95.47,0.05,1.516142
1375,dqn,1,46.8853,10.74,18563,cpu,7,60,64.28,0.05,1.693121
1376,dqn,1,46.9504,10.98,18563,cpu,18,162,180.27,0.05,1.003275
1377,dqn,1,46.9914,11.02,18563,cpu,11,95,104.47,0.05,0.78448
1378,dqn,1,47.0016,10.84,18563,cpu,3,25,21.89,0.05,1.089935
1379,dqn,1,47.0048,10.52,18563,cpu,2,7,10.36,0.05,2.001528
1380,dqn,1,47.1065,10.84,18563,cpu,24,191,239.94,0.05,0.705868
1381,dqn,1,47.1333,10.92,18563,cpu,8,56,74.03,0.05,1.562917
1382,dqn,1,47.2348,11.0,18563,cpu,27,243,272.35,0.05,0.478237
1383,dqn,1,47.259,11.06,18563,cpu,7,63,64.35,0.05,1.444687
1384,dqn,1,47.3306,11.02,18563,cpu,19,183,189.27,0.05,1.291508
1385,dqn,1,47.3485,10.82,18563,cpu,7,45,62.73,0.05,0.530166
1386,dqn,1,47.3548,10.78,18563,cpu,3,15,20.99,0.05,0.378863
1387,dqn,1,47.4327,11.1,18563,cpu,22,183,220.4,0.05,0.779969
1388,dqn,1,47.4898,11.44,18563,cpu,20,141,196.6,0.05,0.936852
1389,dqn,1,47.497,11.38,18563,cpu,3,18,21.06,0.05,0.341037
1390,dqn,1,47.5175,11.38,18563,cpu,5,53,42.63,0.05,0.405992
1391,dqn,1,47.5592,11.62,18563,cpu,15,108,146.88,0.05,0.998436
1392,dqn,1,47.6499,11.86,18563,cpu,21,238,210.04,0.05,1.056921
1393,dqn,1,47.69,12.04,18563,cpu,15,106,147.7,0.05,1.068821
1394,dqn,1,47.7148,12.24,18563,cpu,12,65,113.68,0.05,1.417545
1395,dqn,1,47.725,12.16,18563,cpu,3,27,21.87,0.05,1.422103
1396,dqn,1,47.7597,12.04,18563,cpu,11,92,106.2,0.05,0.755357
1397,dqn,1,47.7719,11.92,18563,cpu,3,32,21.72,0.05,0.927797
1398,dqn,1,47.8021,11.78,18563,cpu,10,78,95.23,0.05,1.321358
1399,dqn,1,47.8222,11.56,18563,cpu,6,52,53.85,0.05,1.347541
1400,dqn,1,47.8472,11.32,18563,cpu,10,66,94.55,0.05,0.86459
1401,dqn,1,47.8505,11.12,18563,cpu,2,9,10.34,0.05,0.216673
1402,dqn,1,47.8886,11.2,18563,cpu,12,96,116.27,0.05,0.998632
1403,dqn,1,47.919,11.06,18563,cpu,10,79,95.32,0.05,0.59805
1404,dqn,1,47.9213,10.7,18563,cpu,0,6,-9.75,0.05,1.212439
1405,dqn,1,47.9682,10.88,18563,cpu,17,123,168.05,0.05,1.677392
1406,dqn,1,47.9769,10.58,18563,cpu,3,23,21.51,0.05,0.874003
1407,dqn,1,48.0091,10.7,18563,cpu,10,85,94.66,0.05,0.722844
1408,dqn,1,48.0122,10.64,18563,cpu,2,8,10.45,0.05,0.888233
1409,dqn,1,48.0474,10.84,18563,cpu,10,93,96.38,0.05,1.221805
1410,dqn,1,48.0594,10.6,18563,cpu,5,32,41.54,0.05,0.499535
1411,dqn,1,48.1027,10.5,18563,cpu,15,114,147.02,0.05,1.374973
1412,dqn,1,48.1324,10.48,18563,cpu,10,77,95.14,0.05,1.900363
1413,dqn,1,48.1473,10.54,18563,cpu,4,39,32.86,0.05,1.069996
1414,dqn,1,48.1747,10.28,18563,cpu,9,71,85.29,0.05,1.571007
1415,dqn,1,48.2112,10.18,18563,cpu,10,96,95.45,0.05,1.561907
1416,dqn,1,48.2557,10.32,18563,cpu,14,117,137.58,0.05,2.392586
1417,dqn,1,48.2652,10.16,18563,cpu,3,25,21.69,0.05,0.431457
1418,dqn,1,48.2979,10.24,18563,cpu,12,86,116.17,0.05,1.717662
1419,dqn,1,48.3114,9.9,18563,cpu,3,36,22.68,0.05,2.11703
1420,dqn,1,48.3166,9.84,18563,cpu,2,13,10.9,0.05,1.92316
1421,dqn,1,48.3326,9.76,18563,cpu,7,42,62.86,0.05,0.710915
1422,dqn,1,48.3556,9.64,18563,cpu,7,60,64.28,0.05,1.290435
1423,dqn,1,48.3802,9.54,18563,cpu,8,65,74.04,0.05,0.579318
1424,dqn,1,48.4124,9.56,18563,cpu,11,82,105.9,0.05,1.013985
1425,dqn,1,48.4528,9.68,18563,cpu,13,101,127.43,0.05,1.132506
1426,dqn,1,48.5173,9.58,18563,cpu,13,103,127.01,0.05,0.828008
1427,dqn,1,48.5472,9.58,18563,cpu,11,66,104.46,0.05,1.39414
1428,dqn,1,48.5505,9.58,18563,cpu,3,8,20.36,0.05,1.077583
1429,dqn,1,48.6191,10.02,18563,cpu,24,160,240.55,0.05,0.552255
1430,dqn,1,48.6591,9.8,18563,cpu,13,92,126.22,0.05,0.753004
1431,dqn,1,48.7279,9.96,18563,cpu,16,152,158.95,0.05,0.862891
1432,dqn,1,48.7511,9.62,18563,cpu,10,57,93.74,0.05,1.310989
1433,dqn,1,48.7823,9.7,18563,cpu,11,72,104.2,0.05,0.649967
1434,dqn,1,48.8071,9.42,18563,cpu,5,58,42.08,0.05,0.476155
1435,dqn,1,48.8173,9.34,18563,cpu,3,25,21.69,0.05,0.803653
1436,dqn,1,48.8619,9.56,18563,cpu,14,114,137.91,0.05,0.602612
1437,dqn,1,48.9249,9.5,18563,cpu,19,161,188.89,0.05,1.503798
1438,dqn,1,48.9832,9.48,18563,cpu,19,151,188.39,0.05,0.659831
1439,dqn,1,49.028,9.74,18563,cpu,16,119,158.58,0.05,0.99853
1440,dqn,1,49.0426,9.74,18563,cpu,5,39,42.77,0.05,0.563396
1441,dqn,1,49.088,9.72,18563,cpu,14,120,138.25,0.05,0.793027
1442,dqn,1,49.1392,9.6,18563,cpu,15,133,148.73,0.05,1.127478
1443,dqn,1,49.1564,9.4,18563,cpu,5,44,43.22,0.05,0.747336
1444,dqn,1,49.1702,9.3,18563,cpu,7,36,62.52,0.05,1.22649
1445,dqn,1,49.2108,9.52,18563,cpu,14,107,137.08,0.05,1.546334
1446,dqn,1,49.2446,9.5,18563,cpu,10,89,97.02,0.05,0.80891
1447,dqn,1,49.3158,9.8,18563,cpu,18,179,178.4,0.05,1.111763
1448,dqn,1,49.4016,10.1,18563,cpu,25,180,250.06,0.05,1.649301
1449,dqn,1,49.4713,10.34,18563,cpu,18,155,179.24,0.05,1.360401
1450,dqn,1,49.542,10.56,18563,cpu,21,174,211.88,0.05,0.687712
1451,dqn,1,49.5887,10.78,18563,cpu,13,116,126.38,0.05,1.117014
1452,dqn,1,49.6616,10.96,18563,cpu,21,180,210.02,0.05,1.19881
1453,dqn,1,49.7239,11.18,18563,cpu,21,157,209.95,0.05,1.701186
1454,dqn,1,49.762,11.48,18563,cpu,15,97,145.49,0.05,1.264679
1455,dqn,1,49.823,11.5,18563,cpu,18,155,179.24,0.05,0.915503
1456,dqn,1,49.8317,11.48,18563,cpu,2,22,11.51,0.05,0.973935
1457,dqn,1,49.8965,11.7,18563,cpu,21,166,209.96,0.05,1.655976
1458,dqn,1,49.9163,11.78,18563,cpu,6,51,53.96,0.05,1.735622
1459,dqn,1,49.9361,11.7,18563,cpu,6,51,53.36,0.05,1.557333
1460,dqn,1,49.9734,11.84,18563,cpu,12,95,114.78,0.05,1.917377
1461,dqn,1,50.0268,11.92,18563,cpu,19,136,189.44,0.05,0.814767
1462,dqn,1,50.0509,11.9,18563,cpu,9,62,84.48,0.05,1.958906
1463,dqn,1,50.1029,12.16,18563,cpu,17,133,168.35,0.05,1.645379
1464,dqn,1,50.1556,12.28,18563,cpu,15,134,149.62,0.05,0.559172
1465,dqn,1,50.2135,12.46,18563,cpu,19,146,189.94,0.05,1.010024
1466,dqn,1,50.2256,12.26,18563,cpu,4,31,31.34,0.05,0.863256
1467,dqn,1,50.2606,12.46,18563,cpu,13,90,124.64,0.05,0.855623
1468,dqn,1,50.3067,12.52,18563,cpu,15,118,147.78,0.05,1.882226
1469,dqn,1,50.3514,12.76,18563,cpu,15,115,147.31,0.05,1.61223
1470,dqn,1,50.3569,12.76,18563,cpu,2,14,10.99,0.05,1.070133
1471,dqn,1,50.3805,12.8,18563,cpu,9,60,84.1,0.05,0.596606
1472,dqn,1,50.4298,13.02,18563,cpu,18,129,179.1,0.05,0.91414
1473,dqn,1,50.4505,12.96,18563,cpu,5,55,43.81,0.05,1.563112
1474,dqn,1,50.4723,12.9,18563,cpu,8,58,74.01,0.05,0.907125
1475,dqn,1,50.5032,12.82,18563,cpu,9,82,85.48,0.05,1.601175
1476,dqn,1,50.5887,13.04,18563,cpu,24,193,240.92,0.05,1.192945
1477,dqn,1,50.599,12.86,18563,cpu,2,24,11.89,0.05,1.100996
1478,dqn,1,50.6311,13.02,18563,cpu,11,71,104.91,0.05,0.882226
1479,dqn,1,50.6424,12.62,18563,cpu,4,28,31.87,0.05,1.290344
1480,dqn,1,50.6587,12.46,18563,cpu,5,36,42.3,0.05,1.006613
1481,dqn,1,50.6803,12.3,18563,cpu,8,50,72.89,0.05,1.390136
1482,dqn,1,50.6911,12.16,18563,cpu,3,27,22.07,0.05,0.468752
1483,dqn,1,50.6982,11.98,18563,cpu,2,18,11.35,0.05,0.742468
1484,dqn,1,50.739,12.06,18563,cpu,9,100,87.3,0.05,1.08188
1485,dqn,1,50.7997,12.38,18563,cpu,19,151,189.39,0.05,1.274623
1486,dqn,1,50.8263,12.26,18563,cpu,8,50,73.29,0.05,2.021927
1487,dqn,1,50.9538,12.28,18563,cpu,20,219,200.02,0.05,0.494617
1488,dqn,1,50.9712,12.06,18563,cpu,8,44,73.15,0.05,0.875432
1489,dqn,1,50.985,11.9,18563,cpu,8,36,72.43,0.05,1.030951
1490,dqn,1,51.0181,11.9,18563,cpu,5,86,43.8,0.05,0.781281
1491,dqn,1,51.0911,12.16,18563,cpu,27,191,271.27,0.05,0.999457
1492,dqn,1,51.1289,12.14,18563,cpu,14,98,135.87,0.05,2.124233
1493,dqn,1,51.1588,12.22,18563,cpu,9,78,85.72,0.05,1.184229
1494,dqn,1,51.2182,12.56,18563,cpu,24,157,240.08,0.05,1.127023
1495,dqn,1,51.283,12.7,18563,cpu,21,171,210.81,0.05,0.461375
1496,dqn,1,51.32,12.76,18563,cpu,13,98,126.76,0.05,1.562752
1497,dqn,1,51.3818,12.72,18563,cpu,16,162,160.25,0.05,0.725597
1498,dqn,1,51.406,12.4,18563,cpu,9,63,84.57,0.05,0.961727
1499,dqn,1,51.4386,12.28,18563,cpu,12,84,115.59,0.05,1.011412
1500,dqn,1,51.4732,12.1,18563,cpu,12,90,116.33,0.05,1.286643
1501,dqn,1,51.5324,12.24,18563,cpu,20,153,199.48,0.05,1.0883
1502,dqn,1,51.5826,12.1,18563,cpu,14,128,138.17,0.05,0.934762
1503,dqn,1,51.5995,11.8,18563,cpu,6,42,53.15,0.05,0.954443
1504,dqn,1,51.6573,11.9,18563,cpu,20,118,196.73,0.05,1.114614
1505,dqn,1,51.6624,11.56,18563,cpu,1,12,0.5,0.05,0.563006
1506,dqn,1,51.7388,11.88,18563,cpu,18,166,180.83,0.05,0.636764
1507,dqn,1,51.7677,11.68,18563,cpu,11,73,104.49,0.05,0.862949
1508,dqn,1,51.8047,11.8,18563,cpu,12,85,115.68,0.05,1.518954
1509,dqn,1,51.8274,11.82,18563,cpu,7,57,64.01,0.05,1.410029
1510,dqn,1,51.8488,11.72,18563,cpu,7,54,63.54,0.05,1.780709
1511,dqn,1,51.9102,11.68,18563,cpu,17,149,170.79,0.05,0.896486
1512,dqn,1,51.9492,11.74,18563,cpu,12,92,116.51,0.05,1.040708
1513,dqn,1,52.0079,11.72,18563,cpu,16,137,157.0,0.05,0.667274
1514,dqn,1,52.0169,11.5,18563,cpu,4,22,31.33,0.05,0.962696
1515,dqn,1,52.0274,11.16,18563,cpu,2,25,11.58,0.05,0.574589
1516,dqn,1,52.0743,11.36,18563,cpu,14,115,137.2,0.05,1.402664
1517,dqn,1,52.0952,11.26,18563,cpu,8,51,73.18,0.05,0.543884
1518,dqn,1,52.0993,10.98,18563,cpu,1,10,0.72,0.05,1.378745
1519,dqn,1,52.1056,10.72,18563,cpu,2,16,10.77,0.05,1.151554
1520,dqn,1,52.1434,10.88,18563,cpu,10,91,97.0,0.05,1.165669
1521,dqn,1,52.1725,10.86,18563,cpu,8,69,74.2,0.05,1.476203
1522,dqn,1,52.1909,10.66,18563,cpu,8,45,72.84,0.05,0.791152
1523,dqn,1,52.2932,11.1,18563,cpu,27,186,272.62,0.05,1.367325
1524,dqn,1,52.3116,11.04,18563,cpu,5,41,42.95,0.05,1.081746
1525,dqn,1,52.3535,11.14,18563,cpu,14,102,136.63,0.05,0.829003
1526,dqn,1,52.3837,10.86,18563,cpu,10,75,94.96,0.05,1.419492
1527,dqn,1,52.3885,10.86,18563,cpu,2,12,10.81,0.05,1.536748
1528,dqn,1,52.4324,10.88,18563,cpu,12,113,118.6,0.05,1.453682
1529,dqn,1,52.4508,10.94,18563,cpu,7,47,63.31,0.05,0.863835
1530,dqn,1,52.4786,11.04,18563,cpu,10,68,94.73,0.05,1.307033
1531,dqn,1,52.5205,11.12,18563,cpu,12,106,117.97,0.05,1.513368
1532,dqn,1,52.5897,11.48,18563,cpu,21,172,209.5,0.05,1.641803
1533,dqn,1,52.5922,11.46,18563,cpu,1,6,0.36,0.05,2.014033
1534,dqn,1,52.6323,11.52,18563,cpu,12,90,116.13,0.05,0.882183
1535,dqn,1,52.6433,11.2,18563,cpu,3,28,21.56,0.05,1.90082
1536,dqn,1,52.6904,11.4,18563,cpu,18,115,178.04,0.05,0.943911
1537,dqn,1,52.7678,11.38,18563,cpu,19,179,192.91,0.05,1.405928
1538,dqn,1,52.8297,11.66,18563,cpu,22,150,220.43,0.05,0.156658
1539,dqn,1,52.8661,11.72,18563,cpu,11,92,106.6,0.05,1.907186
1540,dqn,1,52.8978,11.82,18563,cpu,10,81,95.5,0.05,1.595771
1541,dqn,1,52.9619,11.7,18563,cpu,21,164,208.98,0.05,1.306728
1542,dqn,1,53.0286,11.84,18563,cpu,21,167,210.85,0.05,1.155233
1543,dqn,1,53.0415,11.72,18563,cpu,3,33,22.61,0.05,1.184641
1544,dqn,1,53.1002,11.62,18563,cpu,19,149,190.61,0.05,0.565529
1545,dqn,1,53.1539,11.58,18563,cpu,19,138,188.62,0.05,1.447063
1546,dqn,1,53.2045,11.66,18563,cpu,17,121,167.47,0.05,1.752599
1547,dqn,1,53.2513,11.64,18563,cpu,15,114,146.82,0.05,1.227159
1548,dqn,1,53.3116,11.78,18563,cpu,16,145,158.72,0.05,1.327325
1549,dqn,1,53.3393,11.76,18563,cpu,11,67,104.35,0.05,0.633666
1550,dqn,1,53.3668,11.68,18563,cpu,8,65,74.24,0.05,1.572828
1551,dqn,1,53.3796,11.36,18563,cpu,4,29,32.16,0.05,1.216108
1552,dqn,1,53.4273,11.4,18563,cpu,16,110,156.97,0.05,1.056545
1553,dqn,1,53.4738,11.54,18563,cpu,13,106,126.08,0.05,0.686138
1554,dqn,1,53.5241,11.44,18563,cpu,15,114,147.42,0.05,0.876521
1555,dqn,1,53.5269,11.44,18563,cpu,1,7,0.45,0.05,1.181115
1556,dqn,1,53.5296,11.1,18563,cpu,1,5,0.27,0.05,1.050454
1557,dqn,1,53.5877,11.24,18563,cpu,18,132,178.17,0.05,1.268502
1558,dqn,1,53.6299,11.24,18563,cpu,12,96,115.87,0.05,1.2213
1559,dqn,1,53.6345,11.12,18563,cpu,1,11,0.81,0.05,0.47602
1560,dqn,1,53.6565,11.12,18563,cpu,7,50,63.78,0.05,1.658775
1561,dqn,1,53.6787,10.92,18563,cpu,7,52,63.76,0.05,0.516416
1562,dqn,1,53.7153,10.98,18563,cpu,15,82,145.14,0.05,1.506109
1563,dqn,1,53.729,10.74,18563,cpu,4,31,31.54,0.05,1.367561
1564,dqn,1,53.7439,10.78,18563,cpu,6,35,52.32,0.05,0.938925
1565,dqn,1,53.7807,11.02,18563,cpu,14,79,135.36,0.05,1.44173
1566,dqn,1,53.8128,10.86,18563,cpu,6,72,55.65,0.05,1.524942
1567,dqn,1,53.8477,10.92,18563,cpu,11,80,105.32,0.05,2.081088
1568,dqn,1,53.8938,11.08,18563,cpu,9,85,84.75,0.05,1.924411
1569,dqn,1,53.9688,11.44,18563,cpu,20,166,200.05,0.05,1.269244
1570,dqn,1,54.0638,11.68,18563,cpu,22,217,222.66,0.05,0.772213
1571,dqn,1,54.0769,11.6,18563,cpu,4,31,32.34,0.05,0.949338
1572,dqn,1,54.1099,11.7,18563,cpu,13,74,124.8,0.05,1.722
1573,dqn,1,54.1215,11.24,18563,cpu,4,26,31.29,0.05,0.973405
1574,dqn,1,54.1854,11.46,18563,cpu,16,142,158.85,0.05,0.817524
1575,dqn,1,54.2156,11.38,18563,cpu,10,69,94.62,0.05,1.196143
1576,dqn,1,54.2371,11.32,18563,cpu,7,50,63.78,0.05,1.694328
1577,dqn,1,54.2833,11.52,18563,cpu,12,95,115.98,0.05,1.124156
1578,dqn,1,54.324,11.54,18563,cpu,13,87,123.97,0.05,1.371821
1579,dqn,1,54.3405,11.48,18563,cpu,4,37,32.48,0.05,1.08625
1580,dqn,1,54.3604,11.4,18563,cpu,6,41,52.86,0.05,0.98358
1581,dqn,1,54.3658,11.2,18563,cpu,2,12,10.81,0.05,1.136547
1582,dqn,1,54.3961,10.98,18563,cpu,10,69,94.42,0.05,0.968955
1583,dqn,1,54.4062,11.02,18563,cpu,3,24,21.0,0.05,0.76645
1584,dqn,1,54.4392,10.92,18563,cpu,7,79,66.19,0.05,0.660863
1585,dqn,1,54.4883,11.16,18563,cpu,15,118,146.38,0.05,1.423813
1586,dqn,1,54.5051,10.94,18563,cpu,7,40,62.28,0.05,1.379054
1587,dqn,1,54.5622,10.86,18563,cpu,15,138,146.78,0.05,1.213552
1588,dqn,1,54.6512,10.96,18563,cpu,27,214,273.54,0.05,0.85603
1589,dqn,1,54.6655,10.8,18563,cpu,3,34,22.5,0.05,0.655005
1590,dqn,1,54.7121,10.86,18563,cpu,13,112,126.42,0.05,1.026209
1591,dqn,1,54.7549,10.7,18563,cpu,13,103,127.41,0.05,1.348713
1592,dqn,1,54.7842,10.46,18563,cpu,9,71,84.69,0.05,1.142345
1593,dqn,1,54.8358,10.72,18563,cpu,16,122,158.45,0.05,0.765524
1594,dqn,1,54.901,10.74,18563,cpu,20,152,200.99,0.05,1.191517
1595,dqn,1,54.9558,10.66,18563,cpu,15,130,147.66,0.05,0.649643
1596,dqn,1,55.0133,10.68,18563,cpu,18,138,180.31,0.05,1.102444
1597,dqn,1,55.0661,10.58,18563,cpu,10,109,96.22,0.05,1.450116
1598,dqn,1,55.0992,10.46,18563,cpu,10,75,93.36,0.05,0.935748
1599,dqn,1,55.158,10.56,18563,cpu,16,133,158.64,0.05,1.541575
1600,dqn,1,55.1654,10.46,18563,cpu,3,17,21.17,0.05,1.64354
1601,dqn,1,55.1925,10.58,18563,cpu,10,69,94.42,0.05,1.371156
1602,dqn,1,55.2459,10.58,18563,cpu,16,134,158.33,0.05,0.207898
1603,dqn,1,55.2809,10.6,18563,cpu,14,88,136.37,0.05,0.999123
1604,dqn,1,55.3144,10.5,18563,cpu,10,87,94.44,0.05,1.33058
1605,dqn,1,55.3466,10.64,18563,cpu,8,83,76.26,0.05,1.852036
1606,dqn,1,55.424,11.04,18563,cpu,21,202,210.4,0.05,0.776924
1607,dqn,1,55.4688,10.96,18563,cpu,14,115,136.4,0.05,1.553396
1608,dqn,1,55.4986,10.9,18563,cpu,9,77,84.63,0.05,1.114568
1609,dqn,1,55.5365,11.12,18563,cpu,12,98,117.25,0.05,1.076498
1610,dqn,1,55.5753,11.26,18563,cpu,14,100,135.85,0.05,1.149913
1611,dqn,1,55.5976,11.32,18563,cpu,10,58,92.83,0.05,1.06086
1612,dqn,1,55.6053,11.1,18563,cpu,4,20,31.35,0.05,1.650937
1613,dqn,1,55.6672,11.38,18563,cpu,18,163,178.96,0.05,1.108182
1614,dqn,1,55.7329,11.66,18563,cpu,20,173,201.68,0.05,0.811472
1615,dqn,1,55.7598,11.56,18563,cpu,9,71,85.29,0.05,1.622498
1616,dqn,1,55.7833,11.62,18563,cpu,9,62,84.48,0.05,1.461259
1617,dqn,1,55.865,11.82,18563,cpu,21,215,210.57,0.05,0.667373
1618,dqn,1,55.8861,11.8,18563,cpu,8,56,73.03,0.05,0.872645
1619,dqn,1,55.9347,11.68,18563,cpu,14,128,137.37,0.05,1.056575
1620,dqn,1,55.9652,11.44,18563,cpu,10,80,95.41,0.05,0.410648
1621,dqn,1,55.9836,11.52,18563,cpu,8,48,72.91,0.05,0.931686
1622,dqn,1,56.0292,11.54,18563,cpu,14,121,136.74,0.05,0.995745
1623,dqn,1,56.0795,11.72,18563,cpu,13,133,128.31,0.05,1.358142
1624,dqn,1,56.1177,11.66,18563,cpu,13,100,125.54,0.05,1.418965
1625,dqn,1,56.1579,11.78,18563,cpu,16,104,156.83,0.05,1.569518
1626,dqn,1,56.1827,11.82,18563,cpu,9,65,84.35,0.05,0.819644
1627,dqn,1,56.2131,11.74,18563,cpu,8,80,76.39,0.05,1.243834
1628,dqn,1,56.2587,11.78,18563,cpu,15,122,148.34,0.05,0.786879
1629,dqn,1,56.3101,12.06,18563,cpu,18,136,178.33,0.05,1.165476
1630,dqn,1,56.3268,12.08,18563,cpu,7,44,63.04,0.05,0.983565
1631,dqn,1,56.3314,12.08,18563,cpu,2,12,10.61,0.05,1.062668
1632,dqn,1,56.4,12.4,18563,cpu,26,181,261.86,0.05,0.901476
1633,dqn,1,56.4076,12.38,18563,cpu,2,20,11.33,0.05,0.550208
1634,dqn,1,56.4425,12.48,18563,cpu,12,92,115.91,0.05,1.747187
1635,dqn,1,56.4722,12.42,18563,cpu,12,78,114.05,0.05,0.795949
1636,dqn,1,56.5517,12.72,18563,cpu,22,212,221.81,0.05,0.787204
1637,dqn,1,56.5976,12.74,18563,cpu,16,121,158.16,0.05,1.483255
1638,dqn,1,56.6563,12.6,18563,cpu,20,155,200.06,0.05,1.435577
1639,dqn,1,56.6842,12.74,18563,cpu,10,74,94.87,0.05,1.212349
1640,dqn,1,56.7278,12.78,18563,cpu,15,114,148.42,0.05,1.972867
1641,dqn,1,56.7936,12.92,18563,cpu,20,170,198.81,0.05,0.943113
1642,dqn,1,56.8446,13.06,18563,cpu,16,128,157.59,0.05,1.398602
1643,dqn,1,56.8662,12.86,18563,cpu,6,47,53.4,0.05,1.610825
1644,dqn,1,56.9605,12.96,18563,cpu,25,238,252.08,0.05,1.206766
1645,dqn,1,57.0117,12.98,18563,cpu,16,134,158.73,0.05,0.580501
1646,dqn,1,57.037,12.8,18563,cpu,9,66,85.04,0.05,1.207844
1647,dqn,1,57.0956,12.94,18563,cpu,17,150,169.48,0.05,1.150839
1648,dqn,1,57.1085,12.82,18563,cpu,4,33,31.92,0.05,1.487813
1649,dqn,1,57.1396,12.68,18563,cpu,9,81,85.99,0.05,1.002544
1650,dqn,1,57.1619,12.76,18563,cpu,7,57,63.61,0.05,1.131744
1651,dqn,1,57.1891,12.76,18563,cpu,10,71,95.2,0.05,1.381827
1652,dqn,1,57.2509,12.84,18563,cpu,20,163,201.38,0.05,1.997328
1653,dqn,1,57.2595,12.6,18563,cpu,2,22,11.71,0.05,1.197699
1654,dqn,1,57.3063,12.7,18563,cpu,15,122,145.54,0.05,0.349703
1655,dqn,1,57.3434,12.8,18563,cpu,13,98,127.16,0.05,1.337684
1656,dqn,1,57.3586,12.54,18563,cpu,8,40,72.39,0.05,0.930362
1657,dqn,1,57.3955,12.46,18563,cpu,10,95,95.76,0.05,0.872507
1658,dqn,1,57.4068,12.34,18563,cpu,3,29,21.85,0.05,1.376116
1659,dqn,1,57.4465,12.3,18563,cpu,10,101,96.3,0.05,1.725878
1660,dqn,1,57.4739,12.22,18563,cpu,10,69,95.02,0.05,1.218514
1661,dqn,1,57.5209,12.34,18563,cpu,16,121,157.96,0.05,1.924803
1662,dqn,1,57.5566,12.44,18563,cpu,9,91,86.29,0.05,0.72387
1663,dqn,1,57.57,12.14,18563,cpu,3,35,22.39,0.05,0.541778
1664,dqn,1,57.5975,11.9,18563,cpu,8,70,73.89,0.05,0.692972
1665,dqn,1,57.6175,11.9,18563,cpu,9,51,83.49,0.05,0.687335
1666,dqn,1,57.6274,11.8,18563,cpu,4,25,31.8,0.05,0.876633
1667,dqn,1,57.6435,11.54,18563,cpu,8,41,72.68,0.05,1.740376
1668,dqn,1,57.7252,11.9,18563,cpu,26,208,262.29,0.05,0.895521
1669,dqn,1,57.7327,11.64,18563,cpu,1,19,1.53,0.05,1.530009
1670,dqn,1,57.7639,11.68,18563,cpu,12,80,114.23,0.05,1.625041
1671,dqn,1,57.8098,11.8,18563,cpu,14,117,136.78,0.05,1.644207
1672,dqn,1,57.8193,11.56,18563,cpu,2,24,11.89,0.05,1.115153
1673,dqn,1,57.893,11.84,18563,cpu,27,187,272.31,0.05,2.420367
1674,dqn,1,57.9356,11.82,18563,cpu,12,107,118.06,0.05,1.477624
1675,dqn,1,57.9675,11.74,18563,cpu,12,81,114.12,0.05,1.911142
1676,dqn,1,57.9983,11.76,18563,cpu,10,77,94.14,0.05,0.619078
1677,dqn,1,58.0235,11.8,18563,cpu,10,62,93.79,0.05,0.734584
1678,dqn,1,58.0363,11.54,18563,cpu,2,32,12.41,0.05,1.195033
1679,dqn,1,58.0647,11.42,18563,cpu,12,71,114.62,0.05,0.692426
1680,dqn,1,58.0974,11.5,18563,cpu,11,83,105.19,0.05,2.366616
1681,dqn,1,58.1749,11.82,18563,cpu,18,193,182.66,0.05,0.823398
1682,dqn,1,58.1923,11.46,18563,cpu,8,43,72.86,0.05,1.100703
1683,dqn,1,58.204,11.5,18563,cpu,4,29,32.16,0.05,0.737857
1684,dqn,1,58.235,11.48,18563,cpu,11,76,105.76,0.05,0.94844
1685,dqn,1,58.3168,11.7,18563,cpu,23,202,234.42,0.05,1.954996
1686,dqn,1,58.3969,11.72,18563,cpu,23,198,232.66,0.05,1.068427
1687,dqn,1,58.448,11.72,18563,cpu,16,131,158.86,0.05,0.875443
1688,dqn,1,58.4669,11.52,18563,cpu,10,49,92.82,0.05,1.195314
1689,dqn,1,58.5334,11.68,18563,cpu,18,175,179.64,0.05,0.424286
1690,dqn,1,58.5943,11.84,18563,cpu,23,161,231.13,0.05,0.774689
1691,dqn,1,58.6214,11.7,18563,cpu,13,71,123.73,0.05,0.933088
1692,dqn,1,58.6561,11.68,18563,cpu,15,91,146.55,0.05,1.277356
1693,dqn,1,58.6813,11.74,18563,cpu,9,66,84.24,0.05,0.629704
1694,dqn,1,58.7169,11.5,18563,cpu,13,92,126.02,0.05,1.011759
1695,dqn,1,58.7567,11.48,18563,cpu,15,97,146.69,0.05,1.239713
1696,dqn,1,58.7744,11.46,18563,cpu,8,44,72.15,0.05,0.713358
1697,dqn,1,58.8132,11.32,18563,cpu,10,83,95.88,0.05,1.480268
1698,dqn,1,58.8672,11.52,18563,cpu,14,126,137.59,0.05,1.199919
1699,dqn,1,58.9301,11.76,18563,cpu,21,152,210.7,0.05,1.583203
1700,dqn,1,58.947,11.74,18563,cpu,6,42,52.55,0.05,1.758403
1701,dqn,1,58.964,11.68,18563,cpu,7,43,62.55,0.05,1.95681
1702,dqn,1,58.9798,11.38,18563,cpu,5,40,42.66,0.05,1.546071
1703,dqn,1,59.06,11.7,18563,cpu,18,203,181.16,0.05,0.627987
1704,dqn,1,59.0673,11.44,18563,cpu,2,18,11.15,0.05,1.20554
1705,dqn,1,59.0838,11.3,18563,cpu,6,42,53.15,0.05,1.201961
1706,dqn,1,59.1175,11.32,18563,cpu,9,85,86.55,0.05,1.692284
1707,dqn,1,59.1699,11.46,18563,cpu,17,132,169.06,0.05,1.706997
1708,dqn,1,59.192,11.56,18563,cpu,8,56,73.43,0.05,1.508004
1709,dqn,1,59.2684,11.78,18563,cpu,21,195,211.17,0.05,0.692046
1710,dqn,1,59.2891,11.74,18563,cpu,8,53,73.56,0.05,0.484982
1711,dqn,1,59.2981,11.5,18563,cpu,4,23,31.62,0.05,0.674424
1712,dqn,1,59.3693,11.7,18563,cpu,19,182,191.98,0.05,0.947531
1713,dqn,1,59.4206,11.96,18563,cpu,16,130,158.57,0.05,0.982013
1714,dqn,1,59.4253,11.86,18563,cpu,3,12,20.72,0.05,1.162923
1715,dqn,1,59.4339,11.78,18563,cpu,5,22,41.44,0.05,0.569817
1716,dqn,1,59.4394,11.72,18563,cpu,1,14,0.88,0.05,0.766468
1717,dqn,1,59.4612,11.78,18563,cpu,11,56,103.56,0.05,1.125172
1718,dqn,1,59.4868,11.4,18563,cpu,7,66,64.82,0.05,0.543436
1719,dqn,1,59.5381,11.68,18563,cpu,15,133,149.93,0.05,1.147391
1720,dqn,1,59.6195,11.88,18563,cpu,22,209,220.14,0.05,1.2704
1721,dqn,1,59.6467,11.78,18563,cpu,9,71,83.29,0.05,0.997051
1722,dqn,1,59.6505,11.76,18563,cpu,1,10,0.52,0.05,1.554031
1723,dqn,1,59.6725,11.4,18563,cpu,9,54,83.96,0.05,1.087115
1724,dqn,1,59.7646,11.52,18563,cpu,18,146,180.43,0.05,1.076166
1725,dqn,1,59.8344,11.52,18563,cpu,12,69,114.84,0.05,1.059904
1726,dqn,1,59.8845,11.58,18563,cpu,13,127,127.17,0.05,1.124438
1727,dqn,1,59.9297,11.64,18563,cpu,13,115,126.89,0.05,1.000359
1728,dqn,1,59.9482,11.7,18563,cpu,5,48,43.18,0.05,1.170127
1729,dqn,1,59.9946,11.74,18563,cpu,14,120,136.85,0.05,1.305451
1730,dqn,1,60.0306,11.8,18563,cpu,14,93,136.22,0.05,0.396654
1731,dqn,1,60.0336,11.44,18563,cpu,0,8,-9.37,0.05,1.485822
1732,dqn,1,60.0531,11.46,18563,cpu,9,52,83.18,0.05,1.625117
1733,dqn,1,60.1327,11.88,18563,cpu,25,194,250.12,0.05,0.569962
1734,dqn,1,60.1771,11.86,18563,cpu,10,102,97.79,0.05,1.57378
1735,dqn,1,60.2495,11.78,18563,cpu,19,160,191.6,0.05,0.614363
1736,dqn,1,60.2933,11.6,18563,cpu,14,106,137.99,0.05,1.461705
1737,dqn,1,60.3004,11.32,18563,cpu,2,18,11.15,0.05,0.866412
1738,dqn,1,60.3455,11.38,18563,cpu,13,111,126.13,0.05,1.458611
1739,dqn,1,60.395,11.32,18563,cpu,15,125,148.01,0.05,1.405251
1740,dqn,1,60.4269,11.04,18563,cpu,9,81,85.79,0.05,1.091923
1741,dqn,1,60.4676,11.06,18563,cpu,14,103,136.32,0.05,0.523349
1742,dqn,1,60.4971,11.02,18563,cpu,13,74,125.0,0.05,1.143198
1743,dqn,1,60.5586,11.24,18563,cpu,20,157,200.84,0.05,1.687518
1744,dqn,1,60.5894,11.18,18563,cpu,10,78,95.43,0.05,1.197874
1745,dqn,1,60.598,10.92,18563,cpu,2,22,11.51,0.05,0.911023
1746,dqn,1,60.6935,11.32,18563,cpu,28,240,283.39,0.05,1.135322
1747,dqn,1,60.7297,11.34,18563,cpu,11,93,105.69,0.05,1.342736
1748,dqn,1,60.7887,11.42,18563,cpu,18,155,180.84,0.05,1.18386
1749,dqn,1,60.8028,11.12,18563,cpu,6,36,52.21,0.05,1.139802
1750,dqn,1,60.8346,11.18,18563,cpu,9,83,84.97,0.05,0.96402
1751,dqn,1,60.8916,11.36,18563,cpu,16,145,158.52,0.05,1.179965
1752,dqn,1,60.9168,11.4,18563,cpu,7,65,64.33,0.05,1.178935
1753,dqn,1,60.9831,11.42,18563,cpu,19,168,191.92,0.05,0.364224
1754,dqn,1,61.0434,11.7,18563,cpu,16,152,158.75,0.05,1.178403
1755,dqn,1,61.1235,12.0,18563,cpu,21,203,211.09,0.05,1.037042
1756,dqn,1,61.1437,11.96,18563,cpu,7,51,63.87,0.05,0.639505
1757,dqn,1,61.2024,12.04,18563,cpu,21,130,209.12,0.05,1.35716
1758,dqn,1,61.2362,12.04,18563,cpu,8,79,73.9,0.05,0.532421
1759,dqn,1,61.2682,11.84,18563,cpu,11,76,105.36,0.05,0.648288
1760,dqn,1,61.3156,11.9,18563,cpu,11,104,105.48,0.05,1.213974
1761,dqn,1,61.3374,12.0,18563,cpu,9,52,83.58,0.05,1.414583
1762,dqn,1,61.3418,11.68,18563,cpu,3,11,20.63,0.05,2.427938
1763,dqn,1,61.362,11.52,18563,cpu,8,50,73.09,0.05,1.527073
1764,dqn,1,61.4204,11.82,18563,cpu,18,142,177.87,0.05,1.343901
1765,dqn,1,61.4514,11.94,18563,cpu,11,77,104.65,0.05,1.250903
1766,dqn,1,61.4635,12.0,18563,cpu,4,30,31.85,0.05,1.091604
1767,dqn,1,61.4972,12.0,18563,cpu,11,84,106.08,0.05,1.270371
1768,dqn,1,61.5355,12.12,18563,cpu,13,89,125.15,0.05,1.020078
1769,dqn,1,61.5641,12.0,18563,cpu,9,69,85.11,0.05,0.451581
1770,dqn,1,61.5929,11.76,18563,cpu,10,71,94.2,0.05,0.713502
1771,dqn,1,61.6469,11.88,18563,cpu,15,135,148.91,0.05,2.10648
1772,dqn,1,61.6733,12.04,18563,cpu,9,67,84.53,0.05,0.714671
1773,dqn,1,61.6899,11.94,18563,cpu,4,41,32.64,0.05,1.078082
1774,dqn,1,61.7744,12.02,18563,cpu,22,212,221.61,0.05,1.447147
1775,dqn,1,61.7798,11.82,18563,cpu,2,14,9.99,0.05,1.440631
1776,dqn,1,61.8224,11.8,18563,cpu,12,104,116.59,0.05,1.310972
1777,dqn,1,61.881,11.88,18563,cpu,17,138,167.6,0.05,1.364565
1778,dqn,1,61.9152,12.04,18563,cpu,13,82,124.52,0.05,1.010526
1779,dqn,1,61.9259,11.86,18563,cpu,5,26,41.6,0.05,1.081972
1780,dqn,1,61.9652,11.84,18563,cpu,13,96,125.78,0.05,1.634234
1781,dqn,1,62.018,12.2,18563,cpu,18,131,178.28,0.05,0.960018
1782,dqn,1,62.0544,12.24,18563,cpu,11,90,105.02,0.05,0.932221
1783,dqn,1,62.0857,12.0,18563,cpu,13,76,125.58,0.05,1.012822
1784,dqn,1,62.0963,11.84,18563,cpu,2,22,11.51,0.05,1.021801
1785,dqn,1,62.1099,11.56,18563,cpu,5,34,42.32,0.05,1.158965
1786,dqn,1,62.1677,11.62,18563,cpu,17,140,167.38,0.05,1.390374
1787,dqn,1,62.2183,11.86,18563,cpu,14,120,137.45,0.05,1.075163
1788,dqn,1,62.2491,11.78,18563,cpu,9,77,84.83,0.05,0.790617
1789,dqn,1,62.288,11.74,18563,cpu,13,97,126.47,0.05,1.336602
1790,dqn,1,62.2959,11.58,18563,cpu,1,20,1.62,0.05,1.205444
1791,dqn,1,62.3457,11.54,18563,cpu,12,125,118.28,0.05,0.743667
1792,dqn,1,62.4185,11.7,18563,cpu,21,177,209.95,0.05,1.680488
1793,dqn,1,62.4579,11.54,18563,cpu,12,92,114.91,0.05,1.400476
1794,dqn,1,62.5116,11.64,18563,cpu,15,134,150.42,0.05,0.494214
1795,dqn,1,62.5857,11.76,18563,cpu,8,64,74.75,0.05,0.772969
1796,dqn,1,62.5916,11.24,18563,cpu,2,13,10.7,0.05,1.183971
1797,dqn,1,62.6071,11.1,18563,cpu,4,37,32.48,0.05,0.590243
1798,dqn,1,62.6452,10.98,18563,cpu,12,97,116.36,0.05,1.192454
1799,dqn,1,62.6709,11.04,18563,cpu,9,64,84.86,0.05,1.193908
1800,dqn,1,62.732,11.2,18563,cpu,17,157,170.11,0.05,1.344466
1801,dqn,1,62.8248,11.4,18563,cpu,26,240,266.37,0.05,2.216477
1802,dqn,1,62.8269,11.26,18563,cpu,0,6,-9.55,0.05,0.729374
1803,dqn,1,62.872,11.16,18563,cpu,14,119,139.16,0.05,1.252633
1804,dqn,1,62.8792,10.88,18563,cpu,2,19,11.24,0.05,1.016412
1805,dqn,1,62.9262,10.74,18563,cpu,14,125,137.1,0.05,1.121064
1806,dqn,1,62.9907,11.04,18563,cpu,22,170,220.83,0.05,1.411692
1807,dqn,1,63.0181,10.78,18563,cpu,8,72,75.47,0.05,1.241307
1808,dqn,1,63.0536,10.86,18563,cpu,12,89,115.04,0.05,1.283453
1809,dqn,1,63.1025,10.94,18563,cpu,15,117,147.29,0.05,1.030124
1810,dqn,1,63.1395,10.92,18563,cpu,10,73,94.78,0.05,0.897004
1811,dqn,1,63.195,11.04,18563,cpu,15,116,147.2,0.05,1.499829
1812,dqn,1,63.2281,11.22,18563,cpu,12,82,115.01,0.05,0.902148
1813,dqn,1,63.282,11.38,18563,cpu,16,134,159.13,0.05,1.179306
1814,dqn,1,63.306,11.18,18563,cpu,8,59,74.5,0.05,1.156423
1815,dqn,1,63.3381,11.16,18563,cpu,10,81,95.5,0.05,1.786373
1816,dqn,1,63.3747,11.28,18563,cpu,10,94,94.27,0.05,0.282913
1817,dqn,1,63.4532,11.52,18563,cpu,23,200,233.84,0.05,1.258857
1818,dqn,1,63.5205,11.68,18563,cpu,21,173,210.79,0.05,0.958744
1819,dqn,1,63.5256,11.52,18563,cpu,1,13,0.99,0.05,1.335173
1820,dqn,1,63.5469,11.42,18563,cpu,5,53,43.83,0.05,1.117623
1821,dqn,1,63.5749,11.3,18563,cpu,9,68,83.62,0.05,1.106042
1822,dqn,1,63.624,11.4,18563,cpu,14,122,138.03,0.05,1.462544
1823,dqn,1,63.6314,11.38,18563,cpu,3,19,20.95,0.05,1.230964
1824,dqn,1,63.734,11.44,18563,cpu,25,262,255.04,0.05,0.691048
1825,dqn,1,63.7869,11.72,18563,cpu,16,133,159.04,0.05,1.522155
1826,dqn,1,63.8017,11.6,18563,cpu,6,37,52.5,0.05,1.633159
1827,dqn,1,63.8297,11.46,18563,cpu,10,72,94.69,0.05,0.526778
1828,dqn,1,63.8411,11.26,18563,cpu,3,30,21.34,0.05,1.280039
1829,dqn,1,63.8813,11.44,18563,cpu,14,104,135.81,0.05,0.434911
1830,dqn,1,63.9012,11.34,18563,cpu,8,52,73.47,0.05,1.165068
1831,dqn,1,63.9281,11.16,18563,cpu,9,71,84.69,0.05,1.921588
1832,dqn,1,63.9755,11.28,18563,cpu,17,124,168.34,0.05,0.966691
1833,dqn,1,63.9899,11.1,18563,cpu,4,38,32.37,0.05,0.674921
1834,dqn,1,64.0292,11.3,18563,cpu,12,103,116.3,0.05,1.318674
1835,dqn,1,64.0316,11.2,18563,cpu,0,6,-9.55,0.05,0.56575
1836,dqn,1,64.0346,10.86,18563,cpu,0,8,-9.37,0.05,0.894123
1837,dqn,1,64.0404,10.62,18563,cpu,2,15,11.08,0.05,0.981454
1838,dqn,1,64.0686,10.62,18563,cpu,9,74,85.16,0.05,0.906575
1839,dqn,1,64.0808,10.44,18563,cpu,4,32,32.23,0.05,1.580266
1840,dqn,1,64.1155,10.68,18563,cpu,13,91,124.93,0.05,1.942654
1841,dqn,1,64.1706,10.72,18563,cpu,14,138,137.67,0.05,0.926059
1842,dqn,1,64.2121,10.58,18563,cpu,14,105,137.5,0.05,0.922182
1843,dqn,1,64.2372,10.52,18563,cpu,9,63,84.77,0.05,1.137642
1844,dqn,1,64.2697,10.42,18563,cpu,10,83,96.28,0.05,0.956005
1845,dqn,1,64.2933,10.46,18563,cpu,10,61,93.7,0.05,1.190132
1846,dqn,1,64.3753,10.86,18563,cpu,22,213,221.1,0.05,1.20875
1847,dqn,1,64.3922,10.88,18563,cpu,5,44,43.42,0.05,1.293788
1848,dqn,1,64.4116,10.76,18563,cpu,6,50,53.67,0.05,1.256293
1849,dqn,1,64.4396,10.82,18563,cpu,12,72,114.91,0.05,0.828003
1850,dqn,1,64.4567,10.62,18563,cpu,7,44,62.44,0.05,0.889556
1851,dqn,1,64.4963,10.38,18563,cpu,14,103,137.32,0.05,0.583949
1852,dqn,1,64.5093,10.46,18563,cpu,4,34,32.21,0.05,1.170408
1853,dqn,1,64.5352,10.36,18563,cpu,9,68,83.82,0.05,1.155939
1854,dqn,1,64.5494,10.38,18563,cpu,3,37,22.37,0.05,1.078456
1855,dqn,1,64.5869,10.4,18563,cpu,15,98,147.38,0.05,0.565206
1856,dqn,1,64.6252,10.2,18563,cpu,12,101,117.12,0.05,1.411814
1857,dqn,1,64.7134,10.54,18563,cpu,25,232,254.94,0.05,1.375853
1858,dqn,1,64.7874,10.72,18563,cpu,21,196,211.06,0.05,1.750281
1859,dqn,1,64.7938,10.44,18563,cpu,1,17,0.95,0.05,1.111374
1860,dqn,1,64.8284,10.5,18563,cpu,13,90,126.44,0.05,1.001671
1861,dqn,1,64.864,10.46,18563,cpu,13,91,125.53,0.05,0.873832
1862,dqn,1,64.883,10.38,18563,cpu,8,49,73.0,0.05,1.990154
1863,dqn,1,64.9558,10.52,18563,cpu,23,188,230.96,0.05,1.270431
1864,dqn,1,64.9984,10.62,18563,cpu,13,110,126.24,0.05,0.668483
1865,dqn,1,65.0213,10.54,18563,cpu,6,45,53.42,0.05,1.040761
1866,dqn,1,65.0245,10.36,18563,cpu,1,8,0.34,0.05,0.931167
1867,dqn,1,65.065,10.08,18563,cpu,9,98,86.52,0.05,0.864308
1868,dqn,1,65.0862,9.82,18563,cpu,8,54,72.85,0.05,0.406833
1869,dqn,1,65.1479,10.18,18563,cpu,19,155,190.95,0.05,0.37626
1870,dqn,1,65.1768,10.2,18563,cpu,6,75,53.92,0.05,1.327381
1871,dqn,1,65.2668,10.5,18563,cpu,24,235,243.7,0.05,1.765671
1872,dqn,1,65.2781,10.28,18563,cpu,3,30,22.14,0.05,0.699684
1873,dqn,1,65.3261,10.56,18563,cpu,17,126,167.72,0.05,1.209172
1874,dqn,1,65.3584,10.26,18563,cpu,10,84,96.17,0.05,0.993603
1875,dqn,1,65.4116,10.12,18563,cpu,9,81,85.99,0.05,0.623534
1876,dqn,1,65.4966,10.48,18563,cpu,24,192,241.83,0.05,0.907538
1877,dqn,1,65.5995,10.9,18563,cpu,31,253,315.29,0.05,1.528911
1878,dqn,1,65.6501,11.14,18563,cpu,15,126,147.9,0.05,1.216471
1879,dqn,1,65.684,11.06,18563,cpu,10,85,96.46,0.05,0.758342
1880,dqn,1,65.6993,11.0,18563,cpu,5,39,42.97,0.05,0.94378
1881,dqn,1,65.7077,10.9,18563,cpu,4,21,31.44,0.05,1.144343
1882,dqn,1,65.7288,10.76,18563,cpu,10,51,93.4,0.05,1.641613
1883,dqn,1,65.7373,10.76,18563,cpu,4,20,31.35,0.05,1.200651
1884,dqn,1,65.8245,10.92,18563,cpu,20,169,201.12,0.05,1.111104
1885,dqn,1,65.8454,11.06,18563,cpu,7,46,63.22,0.05,1.14761
1886,dqn,1,65.8644,11.2,18563,cpu,7,41,62.97,0.05,1.18449
1887,dqn,1,65.9421,11.5,18563,cpu,17,165,169.03,0.05,0.499364
1888,dqn,1,65.981,11.58,18563,cpu,13,87,125.97,0.05,1.45999
1889,dqn,1,65.9901,11.56,18563,cpu,3,22,21.62,0.05,0.841804
1890,dqn,1,66.0224,11.48,18563,cpu,9,64,84.46,0.05,0.410222
1891,dqn,1,66.0698,11.4,18563,cpu,10,83,94.08,0.05,1.112147
1892,dqn,1,66.0747,11.12,18563,cpu,0,6,-9.55,0.05,0.630266
1893,dqn,1,66.1021,11.06,18563,cpu,6,45,53.02,0.05,1.251357
1894,dqn,1,66.1531,11.16,18563,cpu,15,118,146.58,0.05,1.389377
1895,dqn,1,66.1993,11.26,18563,cpu,15,112,147.04,0.05,0.613483
1896,dqn,1,66.2607,11.2,18563,cpu,19,150,189.9,0.05,1.891782
1897,dqn,1,66.3023,11.32,18563,cpu,11,103,105.59,0.05,1.505539
1898,dqn,1,66.3947,11.58,18563,cpu,19,215,191.15,0.05,1.02716
1899,dqn,1,66.4192,11.52,18563,cpu,9,57,82.83,0.05,1.377047
1900,dqn,1,66.4449,11.54,18563,cpu,8,54,74.05,0.05,2.148808
1901,dqn,1,66.4887,11.52,18563,cpu,13,110,127.24,0.05,1.641796
1902,dqn,1,66.515,11.6,18563,cpu,8,66,74.73,0.05,0.404282
1903,dqn,1,66.5681,11.68,18563,cpu,13,124,128.5,0.05,1.015702
1904,dqn,1,66.6063,11.94,18563,cpu,16,95,155.62,0.05,0.634853
1905,dqn,1,66.6661,12.06,18563,cpu,21,153,209.59,0.05,1.736618
1906,dqn,1,66.6915,12.04,18563,cpu,11,66,104.46,0.05,1.936078
1907,dqn,1,66.7049,11.68,18563,cpu,7,35,62.03,0.05,1.390096
1908,dqn,1,66.7645,11.7,18563,cpu,22,153,219.7,0.05,1.329488
1909,dqn,1,66.8052,12.0,18563,cpu,16,105,157.92,0.05,1.351546
1910,dqn,1,66.8195,11.88,18563,cpu,7,37,62.61,0.05,0.662787
1911,dqn,1,66.8714,11.92,18563,cpu,15,138,149.78,0.05,0.864899
1912,dqn,1,66.8755,11.78,18563,cpu,1,11,0.81,0.05,1.032025
1913,dqn,1,66.9008,11.56,18563,cpu,12,67,114.26,0.05,2.038553
1914,dqn,1,66.9344,11.54,18563,cpu,12,89,116.84,0.05,0.967373
1915,dqn,1,66.9443,11.48,18563,cpu,3,26,21.18,0.05,1.160683
1916,dqn,1,67.0034,11.82,18563,cpu,18,156,179.33,0.05,0.918581
1917,dqn,1,67.0999,12.24,18563,cpu,30,224,304.77,0.05,0.95917
1918,dqn,1,67.1169,12.16,18563,cpu,4,41,33.04,0.05,1.410171
1919,dqn,1,67.1292,11.86,18563,cpu,4,30,32.25,0.05,0.857631
1920,dqn,1,67.1667,11.96,18563,cpu,11,93,106.49,0.05,1.263419
1921,dqn,1,67.2453,11.9,18563,cpu,21,206,214.76,0.05,0.53554
1922,dqn,1,67.2533,11.86,18563,cpu,1,21,0.11,0.05,1.073127
1923,dqn,1,67.2753,11.7,18563,cpu,9,57,83.03,0.05,1.656898
1924,dqn,1,67.3044,11.68,18563,cpu,9,69,84.51,0.05,1.689761
1925,dqn,1,67.3399,11.68,18563,cpu,9,89,86.11,0.05,1.135223
1926,dqn,1,67.3754,11.46,18563,cpu,13,92,126.62,0.05,1.297465
1927,dqn,1,67.3975,10.98,18563,cpu,7,58,64.3,0.05,1.085643
1928,dqn,1,67.4304,10.92,18563,cpu,12,87,114.66,0.05,1.019197
1929,dqn,1,67.4654,11.02,18563,cpu,15,92,145.84,0.05,1.181455
1930,dqn,1,67.4894,11.08,18563,cpu,8,64,73.95,0.05,1.267737
1931,dqn,1,67.5024,11.1,18563,cpu,5,31,42.25,0.05,1.461427
1932,dqn,1,67.5382,11.1,18563,cpu,10,90,96.31,0.05,0.895749
1933,dqn,1,67.5484,11.1,18563,cpu,4,26,31.69,0.05,1.017459
1934,dqn,1,67.5615,10.78,18563,cpu,4,34,32.61,0.05,1.465727
1935,dqn,1,67.5907,10.82,18563,cpu,9,75,85.05,0.05,1.47428
1936,dqn,1,67.6356,10.94,18563,cpu,13,114,126.2,0.05,1.136839
1937,dqn,1,67.6988,11.04,18563,cpu,22,162,220.91,0.05,1.287388
1938,dqn,1,67.7832,11.16,18563,cpu,19,195,190.55,0.05,1.78628
1939,dqn,1,67.7924,11.18,18563,cpu,4,23,31.42,0.05,0.883171
1940,dqn,1,67.86,11.44,18563,cpu,22,174,221.59,0.05,1.587664
1941,dqn,1,67.904,11.54,18563,cpu,15,116,147.0,0.05,1.444275
1942,dqn,1,67.9395,11.74,18563,cpu,10,94,95.27,0.05,1.044384
1943,dqn,1,68.0043,12.02,18563,cpu,20,172,200.39,0.05,1.770928
1944,dqn,1,68.024,11.84,18563,cpu,6,52,53.05,0.05,2.425324
1945,dqn,1,68.04,11.68,18563,cpu,7,43,62.75,0.05,1.732497
1946,dqn,1,68.0946,11.68,18563,cpu,19,145,188.65,0.05,1.292009
1947,dqn,1,68.1066,11.56,18563,cpu,5,32,42.14,0.05,1.488981
1948,dqn,1,68.1797,11.7,18563,cpu,26,191,262.96,0.05,1.318796
1949,dqn,1,68.1827,11.54,18563,cpu,1,8,0.54,0.05,0.658753
1950,dqn,1,68.1999,11.46,18563,cpu,4,46,33.29,0.05,1.188969
1951,dqn,1,68.2588,11.54,18563,cpu,17,157,169.11,0.05,1.102116
1952,dqn,1,68.2787,11.52,18563,cpu,7,53,63.85,0.05,0.850291
1953,dqn,1,68.3058,11.48,18563,cpu,11,72,103.6,0.05,0.465884
1954,dqn,1,68.3182,11.24,18563,cpu,4,33,32.52,0.05,1.094256
1955,dqn,1,68.354,11.0,18563,cpu,9,96,86.54,0.05,1.451487
1956,dqn,1,68.3932,11.06,18563,cpu,14,104,136.01,0.05,1.487927
1957,dqn,1,68.406,11.04,18563,cpu,6,34,52.03,0.05,0.980616
1958,dqn,1,68.4165,10.66,18563,cpu,3,28,21.36,0.05,1.49583
1959,dqn,1,68.4348,10.48,18563,cpu,7,49,62.69,0.05,0.850831
1960,dqn,1,68.4521,10.46,18563,cpu,6,46,52.91,0.05,1.181175
1961,dqn,1,68.4863,10.4,18563,cpu,12,90,116.53,0.05,1.139548
1962,dqn,1,68.5344,10.66,18563,cpu,14,128,137.77,0.05,1.230958
1963,dqn,1,68.5847,10.72,18563,cpu,15,134,149.22,0.05,0.774079
1964,dqn,1,68.6538,10.86,18563,cpu,19,184,192.56,0.05,2.164831
1965,dqn,1,68.6704,10.88,18563,cpu,4,44,32.71,0.05,1.249861
1966,dqn,1,68.7463,10.98,18563,cpu,23,199,233.55,0.05,1.037894
1967,dqn,1,68.8239,10.86,18563,cpu,24,201,241.84,0.05,2.308248
1968,dqn,1,68.8661,11.08,18563,cpu,15,113,147.73,0.05,1.650222
1969,dqn,1,68.9098,11.3,18563,cpu,15,116,147.0,0.05,1.536022
1970,dqn,1,68.9134,11.1,18563,cpu,1,9,0.63,0.05,1.617332
1971,dqn,1,68.9755,11.14,18563,cpu,23,164,230.4,0.05,0.530824
1972,dqn,1,68.9978,11.22,18563,cpu,5,47,43.09,0.05,1.649853
1973,dqn,1,69.0098,11.1,18563,cpu,3,26,21.58,0.05,1.865058
1974,dqn,1,69.0285,11.04,18563,cpu,6,44,53.13,0.05,1.232561
1975,dqn,1,69.0688,11.12,18563,cpu,13,77,125.47,0.05,0.416871
1976,dqn,1,69.1307,11.06,18563,cpu,10,89,96.82,0.05,0.882151
1977,dqn,1,69.1832,11.2,18563,cpu,14,122,137.83,0.05,0.489589
1978,dqn,1,69.2245,11.2,18563,cpu,12,86,115.57,0.05,0.742637
1979,dqn,1,69.3202,11.4,18563,cpu,25,220,251.06,0.05,0.517858
1980,dqn,1,69.337,11.34,18563,cpu,5,40,42.26,0.05,1.183569
1981,dqn,1,69.3415,11.26,18563,cpu,1,11,0.61,0.05,1.180752
1982,dqn,1,69.383,11.36,18563,cpu,15,100,145.96,0.05,1.422836
1983,dqn,1,69.4181,11.5,18563,cpu,11,82,105.9,0.05,1.608251
1984,dqn,1,69.4591,11.62,18563,cpu,10,92,97.09,0.05,0.669654
1985,dqn,1,69.521,11.74,18563,cpu,15,135,150.11,0.05,0.897861
1986,dqn,1,69.5927,11.88,18563,cpu,20,158,198.93,0.05,0.627784
1987,dqn,1,69.6145,11.56,18563,cpu,6,47,52.8,0.05,1.687421
1988,dqn,1,69.6425,11.34,18563,cpu,8,62,74.37,0.05,0.599204
1989,dqn,1,69.652,11.32,18563,cpu,3,21,21.13,0.05,0.316916
1990,dqn,1,69.7067,11.22,18563,cpu,17,120,166.98,0.05,1.306237
1991,dqn,1,69.8105,11.42,18563,cpu,25,219,251.77,0.05,0.893438
1992,dqn,1,69.8508,11.44,18563,cpu,11,88,105.84,0.05,0.676466
1993,dqn,1,69.8842,11.24,18563,cpu,10,71,95.0,0.05,0.657857
1994,dqn,1,69.8962,11.18,18563,cpu,3,26,21.78,0.05,1.027701
1995,dqn,1,69.9072,11.08,18563,cpu,2,23,11.6,0.05,0.973239
1996,dqn,1,69.9439,10.92,18563,cpu,11,73,104.89,0.05,0.807556
1997,dqn,1,70.0473,11.0,18563,cpu,9,71,84.29,0.05,1.089767
1998,dqn,1,70.1033,10.74,18563,cpu,13,89,125.55,0.05,0.184694
1999,dqn,1,70.1271,10.86,18563,cpu,7,50,63.38,0.05,1.692473
2000,dqn,1,70.1572,10.94,18563,cpu,8,65,72.64,0.05,0.857802
