episode,model,seed,elapsed_seconds,moving_avg_score,model_size,device,score,steps,reward,epsilon,loss
1,dueling_dqn,3,0.0002,0.0,35204,cpu,0,19,-10.78,0.99639,0.0
2,dueling_dqn,3,0.0007,0.0,35204,cpu,0,50,-10.99,0.98689,0.0
3,dueling_dqn,3,0.0008,0.3333,35204,cpu,1,10,0.12,0.98499,0.0
4,dueling_dqn,3,0.0009,0.25,35204,cpu,0,5,-10.44,0.98404,0.0
5,dueling_dqn,3,0.0051,0.2,35204,cpu,0,23,-10.82,0.97967,0.299193
6,dueling_dqn,3,0.0192,0.1667,35204,cpu,0,29,-10.08,0.97416,0.270889
7,dueling_dqn,3,0.0397,0.1429,35204,cpu,0,42,-10.31,0.96618,0.023003
8,dueling_dqn,3,0.0449,0.125,35204,cpu,0,11,-10.7,0.96409,0.115801
9,dueling_dqn,3,0.0585,0.1111,35204,cpu,0,29,-11.28,0.95858,0.035928
10,dueling_dqn,3,0.0682,0.1,35204,cpu,0,20,-10.29,0.95478,0.008857
11,dueling_dqn,3,0.0772,0.1818,35204,cpu,1,19,-0.27,0.95117,0.333716
12,dueling_dqn,3,0.0805,0.1667,35204,cpu,0,7,-10.46,0.94984,0.041473
13,dueling_dqn,3,0.0976,0.1538,35204,cpu,0,36,-9.85,0.943,0.043157
14,dueling_dqn,3,0.1038,0.1429,35204,cpu,0,13,-10.32,0.94053,0.196388
15,dueling_dqn,3,0.1246,0.1333,35204,cpu,0,44,-10.53,0.93217,0.022403
16,dueling_dqn,3,0.1279,0.125,35204,cpu,0,7,-10.46,0.93084,0.046413
17,dueling_dqn,3,0.1367,0.1176,35204,cpu,0,19,-9.98,0.92723,0.019767
18,dueling_dqn,3,0.1496,0.1111,35204,cpu,0,27,-10.86,0.9221,0.023622
19,dueling_dqn,3,0.1689,0.1053,35204,cpu,0,41,-10.8,0.91431,0.054887
20,dueling_dqn,3,0.1784,0.15,35204,cpu,1,20,0.42,0.91051,0.106007
21,dueling_dqn,3,0.1893,0.1429,35204,cpu,0,23,-10.02,0.90614,0.025804
22,dueling_dqn,3,0.1966,0.1364,35204,cpu,0,15,-9.54,0.90329,0.12488
23,dueling_dqn,3,0.2014,0.1304,35204,cpu,0,10,-9.79,0.90139,0.085525
24,dueling_dqn,3,0.2159,0.1667,35204,cpu,1,30,0.32,0.89569,0.051089
25,dueling_dqn,3,0.2317,0.2,35204,cpu,1,33,-1.01,0.88942,0.012634
26,dueling_dqn,3,0.2408,0.1923,35204,cpu,0,19,-10.58,0.88581,0.044085
27,dueling_dqn,3,0.2465,0.1852,35204,cpu,0,12,-11.01,0.88353,0.01919
28,dueling_dqn,3,0.2503,0.1786,35204,cpu,0,8,-9.97,0.88201,0.093937
29,dueling_dqn,3,0.2886,0.1724,35204,cpu,0,81,-11.4,0.86662,0.035261
30,dueling_dqn,3,0.3028,0.1667,35204,cpu,0,30,-9.79,0.86092,0.331532
31,dueling_dqn,3,0.3094,0.1613,35204,cpu,0,14,-10.63,0.85826,0.031904
32,dueling_dqn,3,0.3142,0.1562,35204,cpu,0,10,-10.39,0.85636,0.321508
33,dueling_dqn,3,0.3292,0.1515,35204,cpu,0,31,-10.7,0.85047,0.018366
34,dueling_dqn,3,0.337,0.1471,35204,cpu,0,16,-9.65,0.84743,0.04472
35,dueling_dqn,3,0.3466,0.1429,35204,cpu,0,20,-9.89,0.84363,0.022953
36,dueling_dqn,3,0.3579,0.1389,35204,cpu,0,24,-9.93,0.83907,0.018809
37,dueling_dqn,3,0.3658,0.1351,35204,cpu,0,16,-10.25,0.83603,0.0154
38,dueling_dqn,3,0.3701,0.1316,35204,cpu,0,9,-10.28,0.83432,0.020389
39,dueling_dqn,3,0.3804,0.1282,35204,cpu,0,22,-10.31,0.83014,0.021224
40,dueling_dqn,3,0.3947,0.125,35204,cpu,0,30,-10.79,0.82444,0.009567
41,dueling_dqn,3,0.4398,0.1707,35204,cpu,2,95,9.68,0.80639,0.016543
42,dueling_dqn,3,0.45,0.1667,35204,cpu,0,21,-10.6,0.8024,0.009459
43,dueling_dqn,3,0.4543,0.186,35204,cpu,1,9,0.23,0.80069,0.016043
44,dueling_dqn,3,0.4732,0.2045,35204,cpu,1,40,0.02,0.79309,0.298842
45,dueling_dqn,3,0.4937,0.2444,35204,cpu,2,43,9.8,0.78492,0.006971
46,dueling_dqn,3,0.4984,0.2391,35204,cpu,0,10,-10.39,0.78302,0.007817
47,dueling_dqn,3,0.5109,0.234,35204,cpu,0,26,-9.75,0.77808,0.013492
48,dueling_dqn,3,0.5234,0.25,35204,cpu,1,26,-0.04,0.77314,0.306606
49,dueling_dqn,3,0.5302,0.2653,35204,cpu,1,14,0.28,0.77048,0.029052
50,dueling_dqn,3,0.5483,0.28,35204,cpu,1,38,0.84,0.76326,0.007344
51,dueling_dqn,3,0.5691,0.32,35204,cpu,2,43,10.6,0.75509,0.606089
52,dueling_dqn,3,0.581,0.32,35204,cpu,0,25,-9.84,0.75034,0.300226
53,dueling_dqn,3,0.5938,0.3,35204,cpu,0,27,-10.26,0.74521,0.584368
54,dueling_dqn,3,0.5991,0.3,35204,cpu,0,11,-10.7,0.74312,0.015092
55,dueling_dqn,3,0.6184,0.32,35204,cpu,1,40,0.22,0.73552,0.019789
56,dueling_dqn,3,0.6295,0.32,35204,cpu,0,23,-10.22,0.73115,0.027704
57,dueling_dqn,3,0.6439,0.36,35204,cpu,2,30,10.23,0.72545,0.00754
58,dueling_dqn,3,0.6559,0.36,35204,cpu,0,25,-10.04,0.7207,0.009087
59,dueling_dqn,3,0.6645,0.36,35204,cpu,0,18,-10.27,0.71728,0.306686
60,dueling_dqn,3,0.6734,0.38,35204,cpu,1,18,0.64,0.71386,0.306955
61,dueling_dqn,3,0.6763,0.36,35204,cpu,0,6,-9.75,0.71272,0.036709
62,dueling_dqn,3,0.6871,0.36,35204,cpu,0,23,-10.22,0.70835,0.306556
63,dueling_dqn,3,0.6991,0.36,35204,cpu,0,25,-10.04,0.7036,0.596912
64,dueling_dqn,3,0.7164,0.38,35204,cpu,1,36,-0.14,0.69676,0.022549
65,dueling_dqn,3,0.7264,0.38,35204,cpu,0,21,-10.2,0.69277,0.012459
66,dueling_dqn,3,0.7389,0.4,35204,cpu,1,26,-0.04,0.68783,0.020328
67,dueling_dqn,3,0.75,0.4,35204,cpu,0,23,-9.62,0.68346,0.009611
68,dueling_dqn,3,0.7658,0.44,35204,cpu,2,33,10.3,0.67719,0.26811
69,dueling_dqn,3,0.7841,0.46,35204,cpu,1,38,-0.36,0.66997,0.010415
70,dueling_dqn,3,0.8039,0.48,35204,cpu,2,41,10.82,0.66218,0.023202
71,dueling_dqn,3,0.8159,0.5,35204,cpu,1,25,0.67,0.65743,0.014269
72,dueling_dqn,3,0.8231,0.5,35204,cpu,0,15,-10.94,0.65458,0.565944
73,dueling_dqn,3,0.8482,0.54,35204,cpu,2,52,11.01,0.6447,0.030173
74,dueling_dqn,3,0.854,0.54,35204,cpu,1,12,0.5,0.64242,0.030161
75,dueling_dqn,3,0.8663,0.56,35204,cpu,2,25,10.78,0.63767,0.006214
76,dueling_dqn,3,0.8847,0.56,35204,cpu,0,38,-10.27,0.63045,0.012646
77,dueling_dqn,3,0.9017,0.62,35204,cpu,3,35,19.99,0.6238,0.308001
78,dueling_dqn,3,0.9116,0.62,35204,cpu,0,20,-10.09,0.62,0.306249
79,dueling_dqn,3,0.9367,0.68,35204,cpu,3,52,21.52,0.61012,0.031613
80,dueling_dqn,3,0.9481,0.7,35204,cpu,1,23,0.49,0.60575,0.316
81,dueling_dqn,3,0.9761,0.74,35204,cpu,2,58,10.15,0.59473,0.022903
82,dueling_dqn,3,0.9906,0.78,35204,cpu,2,30,10.43,0.58903,0.035781
83,dueling_dqn,3,1.0043,0.78,35204,cpu,0,29,-10.48,0.58352,0.031727
84,dueling_dqn,3,1.0286,0.82,35204,cpu,2,50,10.43,0.57402,0.027511
85,dueling_dqn,3,1.0487,0.84,35204,cpu,1,41,1.31,0.56623,0.554142
86,dueling_dqn,3,1.0547,0.86,35204,cpu,1,12,0.5,0.56395,0.326192
87,dueling_dqn,3,1.0634,0.86,35204,cpu,0,18,-9.67,0.56053,0.043445
88,dueling_dqn,3,1.0794,0.94,35204,cpu,4,32,31.23,0.55445,0.019974
89,dueling_dqn,3,1.0876,0.94,35204,cpu,0,17,-9.56,0.55122,0.02904
90,dueling_dqn,3,1.105,0.98,35204,cpu,2,36,11.17,0.54438,0.537522
91,dueling_dqn,3,1.1248,1.04,35204,cpu,5,40,41.26,0.53678,0.057603
92,dueling_dqn,3,1.1292,1.06,35204,cpu,1,9,0.43,0.53507,0.32005
93,dueling_dqn,3,1.1389,1.1,35204,cpu,3,19,20.95,0.53146,0.034229
94,dueling_dqn,3,1.1463,1.1,35204,cpu,1,15,0.57,0.52861,0.889342
95,dueling_dqn,3,1.1544,1.1,35204,cpu,2,16,10.37,0.52557,0.30185
96,dueling_dqn,3,1.1652,1.12,35204,cpu,1,22,0.2,0.52139,0.041449
97,dueling_dqn,3,1.1716,1.12,35204,cpu,0,13,-9.72,0.51892,0.290929
98,dueling_dqn,3,1.1875,1.14,35204,cpu,2,33,10.9,0.51265,0.071303
99,dueling_dqn,3,1.2003,1.14,35204,cpu,1,26,0.76,0.50771,0.767353
100,dueling_dqn,3,1.2228,1.18,35204,cpu,3,46,21.58,0.49897,0.051312
101,dueling_dqn,3,1.2539,1.22,35204,cpu,4,63,31.82,0.487,0.331533
102,dueling_dqn,3,1.2608,1.26,35204,cpu,2,14,10.39,0.48434,0.079202
103,dueling_dqn,3,1.2651,1.26,35204,cpu,0,9,-10.08,0.48263,0.314123
104,dueling_dqn,3,1.2719,1.28,35204,cpu,1,14,0.48,0.47997,0.053907
105,dueling_dqn,3,1.298,1.3,35204,cpu,2,53,10.7,0.4699,0.52995
106,dueling_dqn,3,1.3054,1.32,35204,cpu,1,15,0.57,0.46705,0.032387
107,dueling_dqn,3,1.3157,1.3,35204,cpu,1,21,0.91,0.46306,0.251202
108,dueling_dqn,3,1.3338,1.34,35204,cpu,2,36,10.97,0.45622,0.059804
109,dueling_dqn,3,1.3607,1.42,35204,cpu,4,55,31.3,0.44577,0.338311
110,dueling_dqn,3,1.3667,1.4,35204,cpu,0,12,-9.61,0.44349,0.049854
111,dueling_dqn,3,1.382,1.42,35204,cpu,1,31,0.21,0.4376,0.052924
112,dueling_dqn,3,1.3854,1.42,35204,cpu,0,7,-10.46,0.43627,0.476305
113,dueling_dqn,3,1.3904,1.42,35204,cpu,0,10,-9.59,0.43437,0.014961
114,dueling_dqn,3,1.3998,1.46,35204,cpu,3,19,20.75,0.43076,0.033329
115,dueling_dqn,3,1.4069,1.46,35204,cpu,0,14,-9.63,0.4281,0.065641
116,dueling_dqn,3,1.4133,1.44,35204,cpu,0,13,-9.72,0.42563,1.293242
117,dueling_dqn,3,1.4236,1.44,35204,cpu,0,21,-9.8,0.42164,0.280597
118,dueling_dqn,3,1.4554,1.46,35204,cpu,3,65,21.49,0.40929,0.32796
119,dueling_dqn,3,1.4723,1.46,35204,cpu,1,34,1.28,0.40283,0.037015
120,dueling_dqn,3,1.4762,1.42,35204,cpu,0,8,-9.77,0.40131,0.039438
121,dueling_dqn,3,1.5136,1.46,35204,cpu,3,76,20.68,0.38687,0.056776
122,dueling_dqn,3,1.5244,1.5,35204,cpu,2,22,10.71,0.38269,0.265981
123,dueling_dqn,3,1.5483,1.52,35204,cpu,3,48,21.76,0.37357,0.099646
124,dueling_dqn,3,1.5637,1.54,35204,cpu,2,31,11.72,0.36768,0.582734
125,dueling_dqn,3,1.5785,1.54,35204,cpu,2,30,10.83,0.36198,0.059222
126,dueling_dqn,3,1.5947,1.58,35204,cpu,2,33,10.7,0.35571,0.016751
127,dueling_dqn,3,1.6105,1.56,35204,cpu,2,32,11.01,0.34963,0.05218
128,dueling_dqn,3,1.6228,1.58,35204,cpu,1,25,1.07,0.34488,0.091885
129,dueling_dqn,3,1.6467,1.6,35204,cpu,4,48,31.07,0.33576,0.228204
130,dueling_dqn,3,1.6547,1.58,35204,cpu,0,16,-9.65,0.33272,0.067513
131,dueling_dqn,3,1.6632,1.58,35204,cpu,2,17,10.06,0.32949,0.556707
132,dueling_dqn,3,1.6682,1.56,35204,cpu,1,10,0.52,0.32759,0.340662
133,dueling_dqn,3,1.6767,1.6,35204,cpu,2,17,11.06,0.32436,0.608459
134,dueling_dqn,3,1.6812,1.58,35204,cpu,1,9,0.63,0.32265,0.389298
135,dueling_dqn,3,1.6916,1.6,35204,cpu,2,21,10.42,0.31866,0.509624
136,dueling_dqn,3,1.7163,1.62,35204,cpu,2,50,11.83,0.30916,0.635677
137,dueling_dqn,3,1.7198,1.62,35204,cpu,0,7,-9.66,0.30783,0.113866
138,dueling_dqn,3,1.7507,1.64,35204,cpu,5,62,41.84,0.29605,0.365414
139,dueling_dqn,3,1.7586,1.64,35204,cpu,0,16,-9.65,0.29301,0.509151
140,dueling_dqn,3,1.7816,1.68,35204,cpu,4,46,32.49,0.28427,0.127842
141,dueling_dqn,3,1.802,1.62,35204,cpu,2,41,11.82,0.27648,0.339431
142,dueling_dqn,3,1.8168,1.64,35204,cpu,2,30,11.03,0.27078,0.457769
143,dueling_dqn,3,1.8451,1.7,35204,cpu,6,57,51.9,0.25995,0.448044
144,dueling_dqn,3,1.8576,1.76,35204,cpu,4,25,31.4,0.2552,0.118406
145,dueling_dqn,3,1.8867,1.84,35204,cpu,6,58,52.99,0.24418,0.059994
146,dueling_dqn,3,1.8976,1.84,35204,cpu,1,22,0.8,0.24,0.147358
147,dueling_dqn,3,1.9097,1.88,35204,cpu,2,24,11.09,0.23544,0.637981
148,dueling_dqn,3,1.9317,1.94,35204,cpu,5,44,42.82,0.22708,0.332717
149,dueling_dqn,3,1.9978,2.12,35204,cpu,10,132,94.49,0.202,0.438713
150,dueling_dqn,3,2.0053,2.1,35204,cpu,2,15,10.88,0.19915,0.199751
151,dueling_dqn,3,2.0205,2.08,35204,cpu,3,30,21.74,0.19345,0.057846
152,dueling_dqn,3,2.0443,2.22,35204,cpu,9,47,82.53,0.18452,0.579071
153,dueling_dqn,3,2.0873,2.38,35204,cpu,8,83,74.06,0.16875,0.185939
154,dueling_dqn,3,2.1261,2.5,35204,cpu,7,77,64.81,0.15412,0.448778
155,dueling_dqn,3,2.1606,2.62,35204,cpu,8,68,73.71,0.1412,0.631668
156,dueling_dqn,3,2.1867,2.7,35204,cpu,5,52,41.54,0.13132,0.718735
157,dueling_dqn,3,2.2291,2.84,35204,cpu,8,84,73.95,0.11536,0.647267
158,dueling_dqn,3,2.2929,3.06,35204,cpu,13,125,125.99,0.09161,0.826937
159,dueling_dqn,3,2.3523,3.24,35204,cpu,13,117,125.67,0.06938,0.158523
160,dueling_dqn,3,2.4885,3.74,35204,cpu,25,267,254.29,0.05,0.344396
161,dueling_dqn,3,2.5083,3.8,35204,cpu,4,39,31.66,0.05,0.871427
162,dueling_dqn,3,2.5667,4.08,35204,cpu,14,115,137.8,0.05,0.186022
163,dueling_dqn,3,2.583,4.16,35204,cpu,4,32,31.63,0.05,0.117586
164,dueling_dqn,3,2.6479,4.44,35204,cpu,17,127,168.21,0.05,0.811321
165,dueling_dqn,3,2.7339,4.86,35204,cpu,21,169,211.03,0.05,0.598387
166,dueling_dqn,3,2.8311,5.28,35204,cpu,21,191,209.01,0.05,0.630627
167,dueling_dqn,3,2.945,5.72,35204,cpu,22,224,220.89,0.05,0.112671
168,dueling_dqn,3,2.9563,5.74,35204,cpu,4,22,31.53,0.05,0.468227
169,dueling_dqn,3,3.0049,5.98,35204,cpu,13,96,126.98,0.05,0.528098
170,dueling_dqn,3,3.0181,6.06,35204,cpu,4,26,31.89,0.05,0.258082
171,dueling_dqn,3,3.0389,6.14,35204,cpu,7,41,62.77,0.05,0.474018
172,dueling_dqn,3,3.0959,6.42,35204,cpu,16,112,156.55,0.05,0.343424
173,dueling_dqn,3,3.1208,6.54,35204,cpu,9,49,82.51,0.05,0.951834
174,dueling_dqn,3,3.1244,6.54,35204,cpu,2,7,10.36,0.05,0.758015
175,dueling_dqn,3,3.1948,6.8,35204,cpu,15,138,146.18,0.05,0.324368
176,dueling_dqn,3,3.2658,7.1,35204,cpu,17,139,166.89,0.05,0.541699
177,dueling_dqn,3,3.3239,7.34,35204,cpu,14,114,137.71,0.05,0.599007
178,dueling_dqn,3,3.3801,7.54,35204,cpu,11,110,104.82,0.05,1.262297
179,dueling_dqn,3,3.4201,7.66,35204,cpu,10,79,95.32,0.05,0.50043
180,dueling_dqn,3,3.4358,7.72,35204,cpu,3,31,22.43,0.05,0.582699
181,dueling_dqn,3,3.4712,7.82,35204,cpu,7,70,64.78,0.05,0.901239
182,dueling_dqn,3,3.4969,7.94,35204,cpu,7,51,62.87,0.05,0.217397
183,dueling_dqn,3,3.5784,8.2,35204,cpu,15,161,146.45,0.05,0.478341
184,dueling_dqn,3,3.6394,8.46,35204,cpu,14,121,137.14,0.05,0.660198
185,dueling_dqn,3,3.6748,8.58,35204,cpu,8,70,74.29,0.05,1.275743
186,dueling_dqn,3,3.7176,8.76,35204,cpu,11,84,104.68,0.05,1.532523
187,dueling_dqn,3,3.7551,8.98,35204,cpu,11,74,103.98,0.05,0.273835
188,dueling_dqn,3,3.8624,9.3,35204,cpu,21,212,208.9,0.05,0.609006
189,dueling_dqn,3,3.8949,9.46,35204,cpu,8,64,73.15,0.05,0.683267
190,dueling_dqn,3,3.936,9.54,35204,cpu,8,81,74.68,0.05,1.013927
191,dueling_dqn,3,3.9569,9.64,35204,cpu,7,41,62.37,0.05,0.333051
192,dueling_dqn,3,4.057,10.1,35204,cpu,25,197,250.19,0.05,0.844806
193,dueling_dqn,3,4.0957,10.22,35204,cpu,12,76,115.47,0.05,0.381477
194,dueling_dqn,3,4.1352,10.36,35204,cpu,11,78,105.34,0.05,0.632755
195,dueling_dqn,3,4.1899,10.5,35204,cpu,13,108,126.26,0.05,0.708764
196,dueling_dqn,3,4.3043,11.04,35204,cpu,28,225,284.44,0.05,0.847249
197,dueling_dqn,3,4.3084,11.04,35204,cpu,2,8,10.25,0.05,0.298962
198,dueling_dqn,3,4.3273,11.02,35204,cpu,4,37,32.28,0.05,0.686882
199,dueling_dqn,3,4.365,11.04,35204,cpu,11,74,103.78,0.05,0.639998
200,dueling_dqn,3,4.4292,11.26,35204,cpu,13,126,127.88,0.05,0.744814
201,dueling_dqn,3,4.5123,11.58,35204,cpu,19,163,191.07,0.05,0.410634
202,dueling_dqn,3,4.5921,11.74,35204,cpu,17,157,169.31,0.05,0.781144
203,dueling_dqn,3,4.6094,11.72,35204,cpu,7,34,61.74,0.05,0.487803
204,dueling_dqn,3,4.6145,11.62,35204,cpu,2,10,10.63,0.05,1.733114
205,dueling_dqn,3,4.7137,11.94,35204,cpu,24,195,242.3,0.05,0.323732
206,dueling_dqn,3,4.7853,12.16,35204,cpu,16,141,158.16,0.05,1.279576
207,dueling_dqn,3,4.7974,12.08,35204,cpu,4,24,31.31,0.05,1.134723
208,dueling_dqn,3,4.8564,12.2,35204,cpu,19,116,188.04,0.05,0.800882
209,dueling_dqn,3,4.8635,12.0,35204,cpu,3,14,20.9,0.05,0.99249
210,dueling_dqn,3,4.8976,11.66,35204,cpu,8,67,74.62,0.05,0.83262
211,dueling_dqn,3,4.9276,11.76,35204,cpu,9,59,83.21,0.05,0.968028
212,dueling_dqn,3,4.9925,11.76,35204,cpu,14,128,137.57,0.05,0.917147
213,dueling_dqn,3,5.0863,12.14,35204,cpu,23,184,231.0,0.05,0.436239
214,dueling_dqn,3,5.1688,12.22,35204,cpu,21,162,210.8,0.05,1.056323
215,dueling_dqn,3,5.1734,11.82,35204,cpu,1,9,0.63,0.05,0.819152
216,dueling_dqn,3,5.233,11.74,35204,cpu,17,117,167.11,0.05,1.074371
217,dueling_dqn,3,5.3466,11.78,35204,cpu,24,223,243.42,0.05,1.218554
218,dueling_dqn,3,5.4141,12.0,35204,cpu,15,132,145.84,0.05,1.269319
219,dueling_dqn,3,5.4253,11.82,35204,cpu,4,22,31.33,0.05,0.879342
220,dueling_dqn,3,5.4952,12.04,35204,cpu,15,138,149.78,0.05,1.302156
221,dueling_dqn,3,5.5716,12.2,35204,cpu,15,151,150.15,0.05,0.092642
222,dueling_dqn,3,5.6729,12.44,35204,cpu,28,199,284.3,0.05,0.7064
223,dueling_dqn,3,5.6927,12.36,35204,cpu,5,39,42.97,0.05,0.962651
224,dueling_dqn,3,5.7338,12.54,35204,cpu,11,81,105.61,0.05,0.76366
225,dueling_dqn,3,5.8025,12.54,35204,cpu,15,135,146.11,0.05,0.854816
226,dueling_dqn,3,5.8407,12.36,35204,cpu,8,75,73.94,0.05,0.728366
227,dueling_dqn,3,5.882,12.28,35204,cpu,10,81,95.9,0.05,0.59213
228,dueling_dqn,3,5.8886,12.1,35204,cpu,2,13,10.7,0.05,0.198497
229,dueling_dqn,3,5.9939,12.42,35204,cpu,26,207,260.8,0.05,0.417936
230,dueling_dqn,3,6.041,12.62,35204,cpu,13,93,126.51,0.05,1.495751
231,dueling_dqn,3,6.1238,12.8,35204,cpu,16,164,159.03,0.05,1.061258
232,dueling_dqn,3,6.177,12.94,35204,cpu,14,105,137.1,0.05,1.118067
233,dueling_dqn,3,6.18,12.66,35204,cpu,1,6,0.36,0.05,0.79893
234,dueling_dqn,3,6.2471,12.8,35204,cpu,21,131,209.21,0.05,1.080549
235,dueling_dqn,3,6.385,13.3,35204,cpu,33,270,336.04,0.05,1.137899
236,dueling_dqn,3,6.4176,13.24,35204,cpu,8,64,74.15,0.05,0.559052
237,dueling_dqn,3,6.4914,13.46,35204,cpu,22,145,218.98,0.05,0.665835
238,dueling_dqn,3,6.5104,13.12,35204,cpu,4,38,31.57,0.05,0.579673
239,dueling_dqn,3,6.5521,13.16,35204,cpu,10,82,93.79,0.05,0.728243
240,dueling_dqn,3,6.5612,13.04,35204,cpu,2,18,11.15,0.05,0.488213
241,dueling_dqn,3,6.6059,13.14,35204,cpu,12,88,114.75,0.05,1.034693
242,dueling_dqn,3,6.6669,12.98,35204,cpu,17,120,167.98,0.05,1.857661
243,dueling_dqn,3,6.7171,13.02,35204,cpu,14,99,136.16,0.05,1.360272
244,dueling_dqn,3,6.7726,13.06,35204,cpu,13,109,126.55,0.05,1.393237
245,dueling_dqn,3,6.878,13.22,35204,cpu,21,206,211.76,0.05,0.640263
246,dueling_dqn,3,6.9134,12.84,35204,cpu,9,70,83.8,0.05,0.954972
247,dueling_dqn,3,6.9245,12.88,35204,cpu,4,22,31.33,0.05,0.679531
248,dueling_dqn,3,6.9504,12.92,35204,cpu,6,51,53.76,0.05,1.490077
249,dueling_dqn,3,6.9634,12.78,35204,cpu,4,26,31.29,0.05,0.624814
250,dueling_dqn,3,7.015,12.78,35204,cpu,13,101,124.63,0.05,0.573888
251,dueling_dqn,3,7.0575,12.7,35204,cpu,15,83,145.03,0.05,2.093092
252,dueling_dqn,3,7.0631,12.4,35204,cpu,2,11,10.72,0.05,0.61427
253,dueling_dqn,3,7.0788,12.34,35204,cpu,4,31,32.34,0.05,0.616747
254,dueling_dqn,3,7.1108,12.46,35204,cpu,8,63,74.26,0.05,1.324497
255,dueling_dqn,3,7.1159,12.02,35204,cpu,2,10,10.43,0.05,0.734141
256,dueling_dqn,3,7.1442,11.84,35204,cpu,7,56,64.12,0.05,0.832144
257,dueling_dqn,3,7.2062,12.06,35204,cpu,15,122,147.94,0.05,0.755772
258,dueling_dqn,3,7.2681,12.0,35204,cpu,16,121,156.36,0.05,1.854107
259,dueling_dqn,3,7.3674,12.4,35204,cpu,23,194,232.7,0.05,0.838202
260,dueling_dqn,3,7.4261,12.56,35204,cpu,16,115,156.42,0.05,0.410442
261,dueling_dqn,3,7.4708,12.64,35204,cpu,13,88,126.06,0.05,0.670839
262,dueling_dqn,3,7.5283,12.62,35204,cpu,13,113,127.31,0.05,0.672264
263,dueling_dqn,3,7.5723,12.36,35204,cpu,10,87,95.04,0.05,0.651273
264,dueling_dqn,3,7.5789,11.98,35204,cpu,2,13,10.7,0.05,1.030857
265,dueling_dqn,3,7.6067,12.1,35204,cpu,7,55,63.63,0.05,1.146072
266,dueling_dqn,3,7.692,12.12,35204,cpu,18,168,181.21,0.05,1.775415
267,dueling_dqn,3,7.8049,12.14,35204,cpu,25,222,255.04,0.05,1.341455
268,dueling_dqn,3,7.815,11.88,35204,cpu,2,20,10.93,0.05,1.169398
269,dueling_dqn,3,7.9036,12.2,35204,cpu,20,173,198.08,0.05,1.210882
270,dueling_dqn,3,7.9607,12.18,35204,cpu,14,112,138.33,0.05,1.091562
271,dueling_dqn,3,7.9831,12.02,35204,cpu,7,44,63.04,0.05,0.38982
272,dueling_dqn,3,8.0228,11.62,35204,cpu,8,78,74.01,0.05,0.366122
273,dueling_dqn,3,8.0641,11.76,35204,cpu,12,81,114.52,0.05,0.621894
274,dueling_dqn,3,8.1069,11.74,35204,cpu,10,84,95.57,0.05,1.699273
275,dueling_dqn,3,8.1965,11.88,35204,cpu,22,175,221.28,0.05,0.970371
276,dueling_dqn,3,8.2217,11.88,35204,cpu,8,49,73.4,0.05,1.081547
277,dueling_dqn,3,8.2426,11.78,35204,cpu,5,41,42.95,0.05,0.873675
278,dueling_dqn,3,8.2638,11.88,35204,cpu,7,41,62.57,0.05,0.371595
279,dueling_dqn,3,8.294,11.54,35204,cpu,9,59,84.01,0.05,1.021267
280,dueling_dqn,3,8.3705,11.64,35204,cpu,18,148,180.01,0.05,0.424535
281,dueling_dqn,3,8.3859,11.4,35204,cpu,4,30,31.85,0.05,0.702675
282,dueling_dqn,3,8.4664,11.48,35204,cpu,18,157,179.42,0.05,1.027513
283,dueling_dqn,3,8.4937,11.62,35204,cpu,8,53,73.76,0.05,1.16843
284,dueling_dqn,3,8.5601,11.5,35204,cpu,15,129,149.97,0.05,1.048336
285,dueling_dqn,3,8.5743,10.88,35204,cpu,2,28,12.05,0.05,1.037574
286,dueling_dqn,3,8.6297,11.0,35204,cpu,14,107,137.88,0.05,0.953759
287,dueling_dqn,3,8.7001,10.84,35204,cpu,14,136,137.89,0.05,1.23992
288,dueling_dqn,3,8.7451,10.96,35204,cpu,10,87,95.44,0.05,0.789117
289,dueling_dqn,3,8.7895,10.96,35204,cpu,10,86,95.55,0.05,1.190492
290,dueling_dqn,3,8.8127,11.0,35204,cpu,4,45,33.4,0.05,1.161799
291,dueling_dqn,3,8.8558,10.96,35204,cpu,10,84,96.57,0.05,0.619974
292,dueling_dqn,3,8.8765,10.74,35204,cpu,6,40,52.97,0.05,1.16345
293,dueling_dqn,3,8.9299,10.68,35204,cpu,11,104,108.08,0.05,1.538836
294,dueling_dqn,3,8.9915,10.72,35204,cpu,15,120,146.96,0.05,0.632182
295,dueling_dqn,3,9.0779,10.72,35204,cpu,21,168,209.94,0.05,1.063539
296,dueling_dqn,3,9.1511,10.86,35204,cpu,16,142,157.65,0.05,0.613247
297,dueling_dqn,3,9.1724,10.9,35204,cpu,6,41,53.06,0.05,1.429058
298,dueling_dqn,3,9.2322,11.08,35204,cpu,15,116,147.6,0.05,2.180031
299,dueling_dqn,3,9.2931,11.24,35204,cpu,12,117,118.96,0.05,1.358363
300,dueling_dqn,3,9.3567,11.26,35204,cpu,14,123,137.12,0.05,1.538516
301,dueling_dqn,3,9.4055,11.2,35204,cpu,12,95,115.78,0.05,0.698558
302,dueling_dqn,3,9.4926,11.6,35204,cpu,22,169,219.94,0.05,1.341822
303,dueling_dqn,3,9.5405,11.8,35204,cpu,14,93,136.42,0.05,1.086089
304,dueling_dqn,3,9.6594,12.22,35204,cpu,29,230,294.4,0.05,1.24538
305,dueling_dqn,3,9.7013,12.4,35204,cpu,11,81,105.21,0.05,0.818051
306,dueling_dqn,3,9.7435,12.44,35204,cpu,9,82,86.08,0.05,1.352235
307,dueling_dqn,3,9.7523,12.2,35204,cpu,3,17,21.17,0.05,0.594261
308,dueling_dqn,3,9.8383,12.22,35204,cpu,17,167,169.01,0.05,0.913175
309,dueling_dqn,3,9.9395,12.24,35204,cpu,24,196,242.19,0.05,0.978061
310,dueling_dqn,3,10.0346,12.26,35204,cpu,17,185,168.43,0.05,0.97347
311,dueling_dqn,3,10.0882,12.26,35204,cpu,13,104,124.1,0.05,0.789184
312,dueling_dqn,3,10.1482,12.3,35204,cpu,15,117,147.29,0.05,0.815942
313,dueling_dqn,3,10.1905,12.32,35204,cpu,11,82,104.5,0.05,0.967843
314,dueling_dqn,3,10.3127,12.84,35204,cpu,28,236,285.03,0.05,1.241748
315,dueling_dqn,3,10.3327,12.78,35204,cpu,4,39,30.86,0.05,1.25665
316,dueling_dqn,3,10.3651,12.58,35204,cpu,8,63,73.06,0.05,1.181747
317,dueling_dqn,3,10.4286,12.36,35204,cpu,14,124,138.41,0.05,0.328099
318,dueling_dqn,3,10.5115,12.68,35204,cpu,18,161,180.38,0.05,0.629526
319,dueling_dqn,3,10.559,12.52,35204,cpu,12,92,116.11,0.05,1.266118
320,dueling_dqn,3,10.6568,12.66,35204,cpu,21,190,211.72,0.05,2.008088
321,dueling_dqn,3,10.7605,12.98,35204,cpu,23,202,232.62,0.05,0.680028
322,dueling_dqn,3,10.7914,13.02,35204,cpu,10,60,94.41,0.05,1.071095
323,dueling_dqn,3,10.8165,12.9,35204,cpu,6,49,53.78,0.05,1.461281
324,dueling_dqn,3,10.9518,13.2,35204,cpu,25,264,251.62,0.05,0.937081
325,dueling_dqn,3,10.9795,12.88,35204,cpu,6,54,54.03,0.05,1.9211
326,dueling_dqn,3,11.043,13.0,35204,cpu,14,124,138.21,0.05,0.605303
327,dueling_dqn,3,11.0804,13.1,35204,cpu,10,73,94.78,0.05,0.857132
328,dueling_dqn,3,11.1259,13.26,35204,cpu,15,88,146.08,0.05,0.944196
329,dueling_dqn,3,11.1543,13.2,35204,cpu,6,56,52.81,0.05,0.893796
330,dueling_dqn,3,11.1994,13.06,35204,cpu,11,88,104.84,0.05,0.54325
331,dueling_dqn,3,11.2236,13.06,35204,cpu,4,47,33.18,0.05,0.716107
332,dueling_dqn,3,11.3175,13.14,35204,cpu,22,182,220.31,0.05,1.354748
333,dueling_dqn,3,11.3309,13.02,35204,cpu,2,26,11.67,0.05,1.112335
334,dueling_dqn,3,11.371,12.96,35204,cpu,12,78,114.45,0.05,1.09391
335,dueling_dqn,3,11.4262,13.18,35204,cpu,13,108,127.26,0.05,1.024789
336,dueling_dqn,3,11.4876,13.12,35204,cpu,11,120,107.32,0.05,1.511967
337,dueling_dqn,3,11.5092,12.9,35204,cpu,3,42,21.02,0.05,1.06748
338,dueling_dqn,3,11.5627,12.9,35204,cpu,10,105,95.06,0.05,1.706128
339,dueling_dqn,3,11.6911,13.24,35204,cpu,27,251,274.47,0.05,0.614453
340,dueling_dqn,3,11.7499,13.4,35204,cpu,12,115,117.18,0.05,0.839382
341,dueling_dqn,3,11.8109,13.52,35204,cpu,16,119,156.98,0.05,1.290438
342,dueling_dqn,3,11.8863,13.76,35204,cpu,18,148,177.81,0.05,0.754591
343,dueling_dqn,3,11.894,13.58,35204,cpu,2,15,11.08,0.05,1.370639
344,dueling_dqn,3,11.8971,13.28,35204,cpu,0,6,-9.55,0.05,2.086131
345,dueling_dqn,3,11.9073,12.9,35204,cpu,2,20,11.13,0.05,0.556333
346,dueling_dqn,3,11.9437,12.78,35204,cpu,10,71,93.6,0.05,0.61311
347,dueling_dqn,3,11.9866,12.88,35204,cpu,11,84,105.28,0.05,0.880305
348,dueling_dqn,3,12.0378,12.9,35204,cpu,16,100,156.27,0.05,1.09778
349,dueling_dqn,3,12.068,12.8,35204,cpu,7,59,64.39,0.05,0.442956
350,dueling_dqn,3,12.1337,12.84,35204,cpu,16,128,158.19,0.05,1.432699
351,dueling_dqn,3,12.1844,12.84,35204,cpu,12,98,115.45,0.05,1.245762
352,dueling_dqn,3,12.2624,12.76,35204,cpu,18,152,180.57,0.05,0.959657
353,dueling_dqn,3,12.3008,12.66,35204,cpu,9,75,85.65,0.05,1.08268
354,dueling_dqn,3,12.3548,12.3,35204,cpu,11,105,107.77,0.05,1.204443
355,dueling_dqn,3,12.3631,12.1,35204,cpu,1,16,1.26,0.05,0.959971
356,dueling_dqn,3,12.3974,12.08,35204,cpu,8,67,75.02,0.05,1.461029
357,dueling_dqn,3,12.4097,12.08,35204,cpu,3,24,21.6,0.05,0.727103
358,dueling_dqn,3,12.4334,11.9,35204,cpu,8,46,72.73,0.05,0.614862
359,dueling_dqn,3,12.4658,11.58,35204,cpu,8,63,74.86,0.05,0.359995
360,dueling_dqn,3,12.5687,11.74,35204,cpu,25,200,252.86,0.05,0.876992
361,dueling_dqn,3,12.6333,11.76,35204,cpu,14,125,138.5,0.05,0.45517
362,dueling_dqn,3,12.7085,11.86,35204,cpu,20,146,200.65,0.05,1.305071
363,dueling_dqn,3,12.7737,11.92,35204,cpu,14,126,139.39,0.05,1.280676
364,dueling_dqn,3,12.789,11.46,35204,cpu,5,30,42.16,0.05,2.165436
365,dueling_dqn,3,12.9208,11.98,35204,cpu,30,255,304.76,0.05,1.573595
366,dueling_dqn,3,12.9652,12.06,35204,cpu,12,86,115.17,0.05,1.718234
367,dueling_dqn,3,13.0229,12.0,35204,cpu,11,113,106.09,0.05,0.901706
368,dueling_dqn,3,13.0691,11.88,35204,cpu,12,90,116.33,0.05,1.2378
369,dueling_dqn,3,13.0933,11.78,35204,cpu,7,47,62.91,0.05,1.181923
370,dueling_dqn,3,13.1251,11.54,35204,cpu,9,62,83.68,0.05,0.825096
371,dueling_dqn,3,13.1343,11.12,35204,cpu,2,18,11.15,0.05,0.56994
372,dueling_dqn,3,13.217,11.36,35204,cpu,22,162,219.91,0.05,1.243546
373,dueling_dqn,3,13.2745,11.46,35204,cpu,11,112,107.0,0.05,0.803672
374,dueling_dqn,3,13.3284,11.18,35204,cpu,11,105,106.77,0.05,1.095755
375,dueling_dqn,3,13.3622,11.2,35204,cpu,7,65,64.33,0.05,1.459887
376,dueling_dqn,3,13.387,11.08,35204,cpu,8,48,72.71,0.05,1.315211
377,dueling_dqn,3,13.3901,10.9,35204,cpu,1,6,0.36,0.05,1.256158
378,dueling_dqn,3,13.4267,10.8,35204,cpu,10,71,93.2,0.05,0.600662
379,dueling_dqn,3,13.5019,10.98,35204,cpu,15,146,149.3,0.05,0.965621
380,dueling_dqn,3,13.5245,10.92,35204,cpu,8,44,72.95,0.05,1.096357
381,dueling_dqn,3,13.5892,11.18,35204,cpu,17,126,168.52,0.05,1.221294
382,dueling_dqn,3,13.7029,11.16,35204,cpu,21,222,212.6,0.05,1.054668
383,dueling_dqn,3,13.754,11.38,35204,cpu,13,100,125.74,0.05,0.859484
384,dueling_dqn,3,13.7976,11.34,35204,cpu,10,85,96.66,0.05,1.248498
385,dueling_dqn,3,13.8119,11.12,35204,cpu,2,28,12.25,0.05,1.671476
386,dueling_dqn,3,13.8777,11.22,35204,cpu,16,128,158.79,0.05,1.497189
387,dueling_dqn,3,13.9354,11.4,35204,cpu,12,113,118.4,0.05,1.048206
388,dueling_dqn,3,13.9876,11.46,35204,cpu,13,102,127.32,0.05,1.018403
389,dueling_dqn,3,14.0076,11.02,35204,cpu,5,39,42.77,0.05,0.795742
390,dueling_dqn,3,14.0106,10.8,35204,cpu,1,6,0.36,0.05,1.645267
391,dueling_dqn,3,14.0741,10.82,35204,cpu,17,124,168.14,0.05,0.441474
392,dueling_dqn,3,14.168,10.8,35204,cpu,17,183,170.05,0.05,1.48409
393,dueling_dqn,3,14.1991,10.92,35204,cpu,8,61,74.08,0.05,0.424842
394,dueling_dqn,3,14.287,11.38,35204,cpu,23,171,232.23,0.05,0.90498
395,dueling_dqn,3,14.3351,11.58,35204,cpu,12,93,115.2,0.05,0.952707
396,dueling_dqn,3,14.3641,11.56,35204,cpu,9,56,83.94,0.05,0.509664
397,dueling_dqn,3,14.4609,11.78,35204,cpu,22,189,222.14,0.05,0.246607
398,dueling_dqn,3,14.5154,11.74,35204,cpu,14,106,135.99,0.05,1.157326
399,dueling_dqn,3,14.6113,12.02,35204,cpu,21,168,211.94,0.05,0.447097
400,dueling_dqn,3,14.7022,12.16,35204,cpu,23,175,230.79,0.05,1.591892
401,dueling_dqn,3,14.7787,12.22,35204,cpu,15,148,149.88,0.05,0.76393
402,dueling_dqn,3,14.8224,12.12,35204,cpu,13,85,124.59,0.05,1.810614
403,dueling_dqn,3,14.9221,12.42,35204,cpu,24,193,241.72,0.05,1.134255
404,dueling_dqn,3,14.9293,12.24,35204,cpu,2,14,10.99,0.05,0.855082
405,dueling_dqn,3,14.9776,12.5,35204,cpu,14,94,135.51,0.05,1.131921
406,dueling_dqn,3,15.009,12.5,35204,cpu,8,61,74.08,0.05,1.369667
407,dueling_dqn,3,15.0152,12.46,35204,cpu,1,12,0.9,0.05,0.636308
408,dueling_dqn,3,15.0295,12.34,35204,cpu,2,28,10.85,0.05,0.852577
409,dueling_dqn,3,15.088,12.56,35204,cpu,19,114,187.46,0.05,2.153645
410,dueling_dqn,3,15.1043,12.12,35204,cpu,3,32,22.12,0.05,0.914023
411,dueling_dqn,3,15.1508,12.1,35204,cpu,13,91,126.73,0.05,0.665118
412,dueling_dqn,3,15.1926,11.92,35204,cpu,11,82,105.1,0.05,1.090003
413,dueling_dqn,3,15.2018,11.66,35204,cpu,1,18,1.24,0.05,0.864921
414,dueling_dqn,3,15.2795,11.88,35204,cpu,16,151,159.66,0.05,1.000432
415,dueling_dqn,3,15.2923,11.34,35204,cpu,3,25,21.69,0.05,1.765226
416,dueling_dqn,3,15.3728,11.48,35204,cpu,19,156,188.64,0.05,1.108874
417,dueling_dqn,3,15.4134,11.46,35204,cpu,10,79,95.32,0.05,0.333139
418,dueling_dqn,3,15.506,11.68,35204,cpu,23,180,232.44,0.05,0.772036
419,dueling_dqn,3,15.5512,11.76,35204,cpu,11,88,105.84,0.05,0.846919
420,dueling_dqn,3,15.588,11.7,35204,cpu,6,72,55.45,0.05,0.785012
421,dueling_dqn,3,15.5984,11.74,35204,cpu,4,20,31.35,0.05,1.073328
422,dueling_dqn,3,15.687,11.66,35204,cpu,18,173,181.66,0.05,0.760631
423,dueling_dqn,3,15.7325,11.6,35204,cpu,8,89,76.4,0.05,1.599981
424,dueling_dqn,3,15.7689,11.54,35204,cpu,8,71,74.58,0.05,0.979422
425,dueling_dqn,3,15.7971,11.54,35204,cpu,7,55,63.83,0.05,0.648706
426,dueling_dqn,3,15.8649,11.74,35204,cpu,18,132,179.57,0.05,1.418486
427,dueling_dqn,3,15.9296,12.02,35204,cpu,15,126,148.7,0.05,1.003829
428,dueling_dqn,3,15.963,12.0,35204,cpu,9,65,84.15,0.05,1.161397
429,dueling_dqn,3,16.0309,12.06,35204,cpu,18,125,178.34,0.05,2.841459
430,dueling_dqn,3,16.0667,12.06,35204,cpu,8,68,75.11,0.05,0.3431
431,dueling_dqn,3,16.0885,11.82,35204,cpu,5,42,43.04,0.05,1.280133
432,dueling_dqn,3,16.0968,11.48,35204,cpu,4,16,30.99,0.05,1.229126
433,dueling_dqn,3,16.1868,11.64,35204,cpu,21,172,209.9,0.05,1.546743
434,dueling_dqn,3,16.2261,11.64,35204,cpu,10,76,94.25,0.05,0.98451
435,dueling_dqn,3,16.2385,11.66,35204,cpu,3,24,21.8,0.05,1.098617
436,dueling_dqn,3,16.2917,11.6,35204,cpu,13,102,126.52,0.05,0.972446
437,dueling_dqn,3,16.3878,11.84,35204,cpu,24,184,240.91,0.05,1.462506
438,dueling_dqn,3,16.4509,11.9,35204,cpu,16,122,157.65,0.05,1.208696
439,dueling_dqn,3,16.4834,11.98,35204,cpu,9,62,84.68,0.05,0.422589
440,dueling_dqn,3,16.4913,12.0,35204,cpu,2,15,10.88,0.05,1.529459
441,dueling_dqn,3,16.5054,11.72,35204,cpu,3,27,22.07,0.05,1.077337
442,dueling_dqn,3,16.5647,11.66,35204,cpu,14,115,137.6,0.05,1.473169
443,dueling_dqn,3,16.63,11.82,35204,cpu,16,127,157.9,0.05,1.416308
444,dueling_dqn,3,16.6562,11.5,35204,cpu,7,51,63.27,0.05,1.840716
445,dueling_dqn,3,16.7068,11.54,35204,cpu,14,99,135.96,0.05,0.828715
446,dueling_dqn,3,16.7592,11.62,35204,cpu,13,102,127.52,0.05,2.291281
447,dueling_dqn,3,16.8325,11.52,35204,cpu,17,143,170.45,0.05,0.697814
448,dueling_dqn,3,16.8459,11.34,35204,cpu,5,26,41.8,0.05,0.935826
449,dueling_dqn,3,16.881,11.08,35204,cpu,8,69,74.8,0.05,1.075189
450,dueling_dqn,3,16.8913,10.68,35204,cpu,3,20,21.24,0.05,0.344982
451,dueling_dqn,3,16.9314,10.52,35204,cpu,7,78,65.5,0.05,1.634708
452,dueling_dqn,3,17.0145,10.66,35204,cpu,20,156,200.35,0.05,1.109042
453,dueling_dqn,3,17.0657,10.48,35204,cpu,15,98,145.98,0.05,0.513743
454,dueling_dqn,3,17.1178,10.68,35204,cpu,12,101,116.72,0.05,1.692398
455,dueling_dqn,3,17.1401,10.52,35204,cpu,6,43,53.24,0.05,0.815231
456,dueling_dqn,3,17.1941,10.62,35204,cpu,13,104,126.9,0.05,1.501866
457,dueling_dqn,3,17.2868,10.98,35204,cpu,19,180,187.6,0.05,0.715829
458,dueling_dqn,3,17.3095,11.04,35204,cpu,5,44,43.02,0.05,0.891933
459,dueling_dqn,3,17.3589,10.88,35204,cpu,11,96,104.36,0.05,1.579697
460,dueling_dqn,3,17.3874,10.98,35204,cpu,8,54,73.85,0.05,0.672306
461,dueling_dqn,3,17.439,10.96,35204,cpu,12,100,116.23,0.05,0.955506
462,dueling_dqn,3,17.5047,11.08,35204,cpu,17,128,169.3,0.05,0.737525
463,dueling_dqn,3,17.5443,11.26,35204,cpu,10,77,95.94,0.05,1.32032
464,dueling_dqn,3,17.576,11.1,35204,cpu,8,62,73.97,0.05,1.014692
465,dueling_dqn,3,17.5892,11.1,35204,cpu,3,26,21.38,0.05,0.615563
466,dueling_dqn,3,17.6296,10.9,35204,cpu,9,79,85.61,0.05,1.083149
467,dueling_dqn,3,17.6845,11.0,35204,cpu,15,107,146.79,0.05,1.38379
468,dueling_dqn,3,17.7752,10.9,35204,cpu,18,178,180.31,0.05,0.907571
469,dueling_dqn,3,17.8893,11.14,35204,cpu,23,223,234.11,0.05,1.109732
470,dueling_dqn,3,17.9117,11.14,35204,cpu,6,44,53.13,0.05,1.128369
471,dueling_dqn,3,17.9778,11.36,35204,cpu,15,129,147.97,0.05,1.173552
472,dueling_dqn,3,18.0018,11.1,35204,cpu,5,47,43.09,0.05,1.334358
473,dueling_dqn,3,18.0385,11.12,35204,cpu,9,72,84.98,0.05,1.843001
474,dueling_dqn,3,18.0415,10.96,35204,cpu,0,6,-9.55,0.05,0.227507
475,dueling_dqn,3,18.0514,10.86,35204,cpu,2,19,11.24,0.05,1.101834
476,dueling_dqn,3,18.1151,10.82,35204,cpu,16,125,154.92,0.05,0.883389
477,dueling_dqn,3,18.1923,10.86,35204,cpu,17,151,168.37,0.05,1.138175
478,dueling_dqn,3,18.2664,11.06,35204,cpu,19,145,190.05,0.05,1.932249
479,dueling_dqn,3,18.348,11.04,35204,cpu,17,158,168.8,0.05,0.798847
480,dueling_dqn,3,18.4207,11.16,35204,cpu,14,142,138.83,0.05,0.531111
481,dueling_dqn,3,18.4423,11.2,35204,cpu,7,42,63.06,0.05,1.357588
482,dueling_dqn,3,18.5264,11.52,35204,cpu,20,164,202.07,0.05,1.502061
483,dueling_dqn,3,18.6206,11.5,35204,cpu,20,184,199.67,0.05,0.955641
484,dueling_dqn,3,18.6562,11.5,35204,cpu,10,70,93.91,0.05,1.876924
485,dueling_dqn,3,18.7046,11.68,35204,cpu,12,94,113.89,0.05,1.465972
486,dueling_dqn,3,18.7596,11.64,35204,cpu,11,108,108.04,0.05,0.92857
487,dueling_dqn,3,18.8286,11.44,35204,cpu,14,135,139.0,0.05,1.113385
488,dueling_dqn,3,18.9371,11.58,35204,cpu,23,211,233.23,0.05,0.912697
489,dueling_dqn,3,18.9916,11.6,35204,cpu,10,106,95.75,0.05,1.502084
490,dueling_dqn,3,19.0432,11.8,35204,cpu,12,100,116.23,0.05,1.241563
491,dueling_dqn,3,19.0603,11.82,35204,cpu,4,33,32.52,0.05,0.971672
492,dueling_dqn,3,19.141,11.96,35204,cpu,21,158,209.44,0.05,0.771278
493,dueling_dqn,3,19.1941,11.92,35204,cpu,14,104,136.81,0.05,1.556729
494,dueling_dqn,3,19.2691,12.08,35204,cpu,15,146,149.5,0.05,1.418024
495,dueling_dqn,3,19.3182,12.1,35204,cpu,15,95,146.11,0.05,0.878587
496,dueling_dqn,3,19.3337,11.9,35204,cpu,3,30,22.34,0.05,1.047416
497,dueling_dqn,3,19.3878,11.78,35204,cpu,11,105,105.97,0.05,2.527954
498,dueling_dqn,3,19.4782,12.12,35204,cpu,22,174,222.19,0.05,1.493781
499,dueling_dqn,3,19.5847,12.4,35204,cpu,22,206,223.27,0.05,1.739797
500,dueling_dqn,3,19.6368,12.54,35204,cpu,10,101,96.9,0.05,1.288471
501,dueling_dqn,3,19.6697,12.54,35204,cpu,7,64,64.84,0.05,1.639107
502,dueling_dqn,3,19.6852,12.18,35204,cpu,2,30,12.43,0.05,1.383397
503,dueling_dqn,3,19.8048,12.38,35204,cpu,25,232,251.14,0.05,0.904458
504,dueling_dqn,3,19.8519,12.38,35204,cpu,12,91,114.42,0.05,2.025518
505,dueling_dqn,3,19.8937,12.5,35204,cpu,12,81,114.92,0.05,0.905524
506,dueling_dqn,3,19.9122,12.32,35204,cpu,4,36,32.79,0.05,0.983259
507,dueling_dqn,3,19.9236,11.98,35204,cpu,2,22,11.51,0.05,0.608461
508,dueling_dqn,3,19.9422,12.02,35204,cpu,7,36,62.52,0.05,1.071794
509,dueling_dqn,3,20.0089,12.08,35204,cpu,14,130,138.95,0.05,0.821267
510,dueling_dqn,3,20.0879,12.32,35204,cpu,20,153,197.68,0.05,0.727392
511,dueling_dqn,3,20.1697,12.4,35204,cpu,16,159,160.38,0.05,1.419662
512,dueling_dqn,3,20.2224,12.34,35204,cpu,14,103,136.12,0.05,1.297498
513,dueling_dqn,3,20.3369,12.64,35204,cpu,25,221,251.95,0.05,1.204035
514,dueling_dqn,3,20.412,12.86,35204,cpu,19,145,190.25,0.05,1.479666
515,dueling_dqn,3,20.4589,13.02,35204,cpu,11,91,106.71,0.05,1.207514
516,dueling_dqn,3,20.4698,12.9,35204,cpu,3,21,20.93,0.05,0.97597
517,dueling_dqn,3,20.4755,12.62,35204,cpu,1,11,0.81,0.05,0.349984
518,dueling_dqn,3,20.5236,12.48,35204,cpu,11,93,105.89,0.05,0.772616
519,dueling_dqn,3,20.5474,12.16,35204,cpu,7,46,63.42,0.05,1.037963
520,dueling_dqn,3,20.586,12.22,35204,cpu,9,75,85.25,0.05,1.136288
521,dueling_dqn,3,20.6481,12.2,35204,cpu,14,121,136.74,0.05,1.818506
522,dueling_dqn,3,20.6957,12.34,35204,cpu,12,93,116.8,0.05,1.264407
523,dueling_dqn,3,20.7407,12.38,35204,cpu,11,87,106.15,0.05,0.92349
524,dueling_dqn,3,20.7955,12.6,35204,cpu,11,106,107.26,0.05,1.84477
525,dueling_dqn,3,20.8087,12.62,35204,cpu,3,25,21.69,0.05,1.307077
526,dueling_dqn,3,20.8445,12.5,35204,cpu,10,69,94.82,0.05,0.964839
527,dueling_dqn,3,20.8486,12.16,35204,cpu,0,8,-9.37,0.05,0.909105
528,dueling_dqn,3,20.8512,11.78,35204,cpu,0,5,-9.64,0.05,1.253271
529,dueling_dqn,3,20.9077,11.7,35204,cpu,13,108,126.66,0.05,0.851978
530,dueling_dqn,3,20.9985,11.84,35204,cpu,21,175,210.97,0.05,0.984196
531,dueling_dqn,3,21.0192,11.8,35204,cpu,5,40,42.26,0.05,0.705862
532,dueling_dqn,3,21.0264,11.44,35204,cpu,2,14,10.39,0.05,0.981729
533,dueling_dqn,3,21.0331,11.06,35204,cpu,1,13,0.99,0.05,1.05313
534,dueling_dqn,3,21.0635,11.0,35204,cpu,7,59,63.19,0.05,0.55253
535,dueling_dqn,3,21.1707,11.24,35204,cpu,24,207,243.78,0.05,1.027583
536,dueling_dqn,3,21.1758,11.02,35204,cpu,0,10,-9.39,0.05,0.467127
537,dueling_dqn,3,21.2211,10.96,35204,cpu,11,88,106.04,0.05,1.087688
538,dueling_dqn,3,21.267,10.7,35204,cpu,10,88,95.93,0.05,2.211071
539,dueling_dqn,3,21.2727,10.54,35204,cpu,2,11,10.72,0.05,0.809537
540,dueling_dqn,3,21.3614,10.78,35204,cpu,24,171,242.14,0.05,0.735235
541,dueling_dqn,3,21.4018,10.92,35204,cpu,11,78,103.74,0.05,1.302448
542,dueling_dqn,3,21.4437,10.7,35204,cpu,10,81,95.9,0.05,1.011864
543,dueling_dqn,3,21.5471,10.9,35204,cpu,24,201,243.24,0.05,0.642715
544,dueling_dqn,3,21.5877,10.78,35204,cpu,9,79,84.81,0.05,1.461564
545,dueling_dqn,3,21.6552,10.82,35204,cpu,17,131,168.77,0.05,1.274427
546,dueling_dqn,3,21.6603,10.78,35204,cpu,1,10,0.72,0.05,1.361576
547,dueling_dqn,3,21.6849,10.72,35204,cpu,8,48,73.31,0.05,1.449866
548,dueling_dqn,3,21.7337,10.54,35204,cpu,13,95,126.09,0.05,1.384468
549,dueling_dqn,3,21.772,10.34,35204,cpu,12,74,114.89,0.05,1.212177
550,dueling_dqn,3,21.7998,10.3,35204,cpu,8,54,73.65,0.05,1.521991
551,dueling_dqn,3,21.8368,10.4,35204,cpu,12,72,114.51,0.05,1.21046
552,dueling_dqn,3,21.8498,10.4,35204,cpu,2,25,11.58,0.05,2.209483
553,dueling_dqn,3,21.9466,10.34,35204,cpu,22,187,222.16,0.05,1.557025
554,dueling_dqn,3,21.9656,10.22,35204,cpu,6,37,52.7,0.05,0.603816
555,dueling_dqn,3,21.9759,10.04,35204,cpu,3,20,21.44,0.05,0.842149
556,dueling_dqn,3,22.0177,10.22,35204,cpu,13,81,125.43,0.05,0.78377
557,dueling_dqn,3,22.0807,10.48,35204,cpu,15,122,148.74,0.05,1.029111
558,dueling_dqn,3,22.1025,10.42,35204,cpu,4,42,31.53,0.05,1.413496
559,dueling_dqn,3,22.117,10.18,35204,cpu,2,28,11.65,0.05,0.810432
560,dueling_dqn,3,22.1419,9.94,35204,cpu,8,48,73.31,0.05,0.935847
561,dueling_dqn,3,22.1901,9.88,35204,cpu,13,93,126.71,0.05,1.198509
562,dueling_dqn,3,22.2345,9.84,35204,cpu,12,86,114.57,0.05,1.222612
563,dueling_dqn,3,22.2813,9.54,35204,cpu,10,90,94.11,0.05,1.350211
564,dueling_dqn,3,22.3588,9.54,35204,cpu,19,149,189.81,0.05,0.977622
565,dueling_dqn,3,22.366,9.34,35204,cpu,1,14,1.08,0.05,1.287429
566,dueling_dqn,3,22.4086,9.52,35204,cpu,12,82,115.41,0.05,0.834998
567,dueling_dqn,3,22.4752,9.82,35204,cpu,16,128,156.99,0.05,2.652424
568,dueling_dqn,3,22.4896,9.68,35204,cpu,4,28,31.67,0.05,1.151172
569,dueling_dqn,3,22.5359,9.72,35204,cpu,9,90,85.8,0.05,2.053321
570,dueling_dqn,3,22.5714,9.7,35204,cpu,8,69,74.8,0.05,1.30701
571,dueling_dqn,3,22.6145,9.62,35204,cpu,10,84,95.97,0.05,0.334216
572,dueling_dqn,3,22.6586,9.56,35204,cpu,9,86,85.04,0.05,0.954881
573,dueling_dqn,3,22.7178,9.64,35204,cpu,15,115,148.11,0.05,1.182726
574,dueling_dqn,3,22.7661,9.7,35204,cpu,14,93,134.82,0.05,0.692407
575,dueling_dqn,3,22.8001,9.82,35204,cpu,9,66,84.64,0.05,0.576285
576,dueling_dqn,3,22.8451,9.84,35204,cpu,11,87,106.55,0.05,2.080486
577,dueling_dqn,3,22.9079,10.24,35204,cpu,20,121,198.6,0.05,1.120586
578,dueling_dqn,3,22.9383,10.36,35204,cpu,6,59,54.48,0.05,1.552648
579,dueling_dqn,3,23.0122,10.42,35204,cpu,16,144,159.23,0.05,0.489922
580,dueling_dqn,3,23.0434,10.18,35204,cpu,9,61,84.19,0.05,1.333413
581,dueling_dqn,3,23.1067,10.36,35204,cpu,14,122,138.23,0.05,1.033273
582,dueling_dqn,3,23.1779,10.62,35204,cpu,15,139,149.67,0.05,0.614731
583,dueling_dqn,3,23.2232,10.88,35204,cpu,14,88,134.97,0.05,1.094647
584,dueling_dqn,3,23.2849,11.04,35204,cpu,15,120,146.16,0.05,1.073058
585,dueling_dqn,3,23.3384,10.84,35204,cpu,14,104,136.81,0.05,0.992648
586,dueling_dqn,3,23.3983,11.16,35204,cpu,16,117,157.2,0.05,2.485345
587,dueling_dqn,3,23.4686,11.3,35204,cpu,18,137,180.22,0.05,1.308428
588,dueling_dqn,3,23.5054,11.24,35204,cpu,7,72,64.56,0.05,1.25975
589,dueling_dqn,3,23.5397,11.38,35204,cpu,9,67,85.13,0.05,0.883897
590,dueling_dqn,3,23.5759,11.06,35204,cpu,8,71,75.38,0.05,1.137072
591,dueling_dqn,3,23.6169,11.04,35204,cpu,10,80,95.61,0.05,0.574091
592,dueling_dqn,3,23.6487,11.02,35204,cpu,9,62,84.68,0.05,0.953131
593,dueling_dqn,3,23.6702,10.68,35204,cpu,7,42,62.26,0.05,0.344168
594,dueling_dqn,3,23.7014,10.68,35204,cpu,9,61,83.19,0.05,0.694169
595,dueling_dqn,3,23.7543,10.58,35204,cpu,12,103,117.5,0.05,1.07003
596,dueling_dqn,3,23.7675,10.64,35204,cpu,4,26,31.69,0.05,1.943614
597,dueling_dqn,3,23.805,10.68,35204,cpu,10,73,94.78,0.05,1.015486
598,dueling_dqn,3,23.8168,10.5,35204,cpu,4,23,31.62,0.05,1.413682
599,dueling_dqn,3,23.8915,10.64,35204,cpu,19,146,190.34,0.05,0.996932
600,dueling_dqn,3,23.9567,10.86,35204,cpu,19,126,188.34,0.05,0.774382
601,dueling_dqn,3,23.9815,10.74,35204,cpu,6,47,53.4,0.05,1.181285
602,dueling_dqn,3,24.0553,11.1,35204,cpu,20,142,199.69,0.05,0.994645
603,dueling_dqn,3,24.1494,11.18,35204,cpu,26,181,261.86,0.05,2.165435
604,dueling_dqn,3,24.2276,11.42,35204,cpu,18,152,177.97,0.05,1.743746
605,dueling_dqn,3,24.2803,11.58,35204,cpu,11,101,107.21,0.05,1.272054
606,dueling_dqn,3,24.3258,11.5,35204,cpu,9,88,86.02,0.05,2.131517
607,dueling_dqn,3,24.3714,11.36,35204,cpu,8,88,75.31,0.05,0.968869
608,dueling_dqn,3,24.4036,11.44,35204,cpu,8,62,74.77,0.05,0.305423
609,dueling_dqn,3,24.4149,11.46,35204,cpu,3,22,21.62,0.05,1.334788
610,dueling_dqn,3,24.471,11.62,35204,cpu,16,108,156.79,0.05,0.575162
611,dueling_dqn,3,24.5352,11.66,35204,cpu,15,123,147.83,0.05,1.471694
612,dueling_dqn,3,24.5414,11.48,35204,cpu,3,12,20.72,0.05,1.480888
613,dueling_dqn,3,24.6156,11.6,35204,cpu,16,142,159.65,0.05,0.935832
614,dueling_dqn,3,24.6468,11.4,35204,cpu,9,60,84.1,0.05,1.190642
615,dueling_dqn,3,24.7286,11.86,35204,cpu,24,157,240.68,0.05,1.906977
616,dueling_dqn,3,24.7598,11.88,35204,cpu,13,60,123.74,0.05,0.969224
617,dueling_dqn,3,24.8035,11.76,35204,cpu,10,85,96.66,0.05,1.251739
618,dueling_dqn,3,24.9031,12.16,35204,cpu,24,192,244.03,0.05,0.111511
619,dueling_dqn,3,24.9478,12.22,35204,cpu,12,86,115.97,0.05,0.370913
620,dueling_dqn,3,25.0034,12.28,35204,cpu,11,107,106.55,0.05,1.410089
621,dueling_dqn,3,25.029,12.2,35204,cpu,6,49,53.18,0.05,1.631438
622,dueling_dqn,3,25.0875,12.22,35204,cpu,10,113,96.38,0.05,1.045587
623,dueling_dqn,3,25.1721,12.3,35204,cpu,19,163,188.47,0.05,1.108454
624,dueling_dqn,3,25.2023,12.16,35204,cpu,7,58,64.3,0.05,1.276728
625,dueling_dqn,3,25.3001,12.48,35204,cpu,25,188,251.78,0.05,1.596299
626,dueling_dqn,3,25.3161,12.32,35204,cpu,3,31,21.83,0.05,0.667232
627,dueling_dqn,3,25.3612,12.14,35204,cpu,11,87,106.35,0.05,1.303356
628,dueling_dqn,3,25.373,12.1,35204,cpu,4,23,31.22,0.05,0.988976
629,dueling_dqn,3,25.4112,12.0,35204,cpu,11,73,103.09,0.05,1.618762
630,dueling_dqn,3,25.4899,12.1,35204,cpu,14,152,138.73,0.05,0.677784
631,dueling_dqn,3,25.507,11.9,35204,cpu,4,33,32.32,0.05,2.565548
632,dueling_dqn,3,25.5267,11.66,35204,cpu,3,38,22.66,0.05,0.872491
633,dueling_dqn,3,25.5931,11.72,35204,cpu,17,128,169.3,0.05,1.588995
634,dueling_dqn,3,25.6116,11.52,35204,cpu,5,36,42.5,0.05,1.76015
635,dueling_dqn,3,25.6601,11.5,35204,cpu,13,94,125.2,0.05,0.910871
636,dueling_dqn,3,25.6662,11.2,35204,cpu,1,12,0.7,0.05,0.793037
637,dueling_dqn,3,25.7201,11.04,35204,cpu,10,105,96.86,0.05,2.181684
638,dueling_dqn,3,25.7685,11.08,35204,cpu,9,94,85.96,0.05,1.588493
639,dueling_dqn,3,25.8224,11.1,35204,cpu,10,105,96.06,0.05,0.735583
640,dueling_dqn,3,25.8482,11.12,35204,cpu,9,50,83.6,0.05,1.676931
641,dueling_dqn,3,25.8859,11.16,35204,cpu,12,73,115.4,0.05,0.911345
642,dueling_dqn,3,25.9361,11.26,35204,cpu,14,97,136.98,0.05,1.776032
643,dueling_dqn,3,25.9648,11.24,35204,cpu,6,56,52.61,0.05,0.451684
644,dueling_dqn,3,25.9864,11.16,35204,cpu,5,42,42.64,0.05,0.753883
645,dueling_dqn,3,25.9951,10.98,35204,cpu,3,17,20.97,0.05,0.793036
646,dueling_dqn,3,26.0588,11.24,35204,cpu,17,123,167.65,0.05,1.533499
647,dueling_dqn,3,26.063,11.06,35204,cpu,1,8,0.54,0.05,1.155809
648,dueling_dqn,3,26.1671,11.42,35204,cpu,22,203,220.4,0.05,1.458298
649,dueling_dqn,3,26.2282,11.26,35204,cpu,11,119,109.03,0.05,0.719282
650,dueling_dqn,3,26.2588,11.02,35204,cpu,7,60,64.48,0.05,1.274061
651,dueling_dqn,3,26.3146,11.1,35204,cpu,10,109,96.22,0.05,1.776421
652,dueling_dqn,3,26.3788,10.96,35204,cpu,13,125,127.99,0.05,0.842699
653,dueling_dqn,3,26.3849,10.46,35204,cpu,1,12,0.7,0.05,1.387181
654,dueling_dqn,3,26.478,10.48,35204,cpu,19,182,188.98,0.05,1.771691
655,dueling_dqn,3,26.4872,10.32,35204,cpu,3,18,21.26,0.05,1.269951
656,dueling_dqn,3,26.5014,10.2,35204,cpu,3,28,21.96,0.05,1.080535
657,dueling_dqn,3,26.5764,10.44,35204,cpu,20,146,197.05,0.05,0.688771
658,dueling_dqn,3,26.6078,10.46,35204,cpu,9,61,84.59,0.05,0.857333
659,dueling_dqn,3,26.7121,10.88,35204,cpu,24,203,242.82,0.05,1.417973
660,dueling_dqn,3,26.7945,10.96,35204,cpu,20,161,200.4,0.05,0.52361
661,dueling_dqn,3,26.8824,11.04,35204,cpu,19,172,191.88,0.05,0.655995
662,dueling_dqn,3,26.9253,11.16,35204,cpu,9,84,86.06,0.05,0.784089
663,dueling_dqn,3,27.0014,11.22,35204,cpu,19,149,190.01,0.05,0.922093
664,dueling_dqn,3,27.0531,11.32,35204,cpu,14,101,135.94,0.05,1.407425
665,dueling_dqn,3,27.0572,10.86,35204,cpu,1,8,0.54,0.05,1.566853
666,dueling_dqn,3,27.0976,10.84,35204,cpu,12,79,114.94,0.05,0.80537
667,dueling_dqn,3,27.1154,10.74,35204,cpu,5,35,42.21,0.05,0.655957
668,dueling_dqn,3,27.1261,10.32,35204,cpu,3,21,21.13,0.05,1.65054
669,dueling_dqn,3,27.1956,10.46,35204,cpu,19,136,189.44,0.05,0.577093
670,dueling_dqn,3,27.3112,10.84,35204,cpu,30,225,302.06,0.05,0.898443
671,dueling_dqn,3,27.3245,10.8,35204,cpu,4,26,31.09,0.05,0.901618
672,dueling_dqn,3,27.3947,10.92,35204,cpu,16,137,159.0,0.05,1.385965
673,dueling_dqn,3,27.4914,10.94,35204,cpu,20,189,201.92,0.05,0.56737
674,dueling_dqn,3,27.5272,11.04,35204,cpu,12,70,114.53,0.05,0.803329
675,dueling_dqn,3,27.5913,10.88,35204,cpu,17,125,168.23,0.05,1.42761
676,dueling_dqn,3,27.6729,11.16,35204,cpu,17,160,172.78,0.05,0.773488
677,dueling_dqn,3,27.7056,11.12,35204,cpu,9,64,83.86,0.05,1.996173
678,dueling_dqn,3,27.7866,11.4,35204,cpu,18,158,180.51,0.05,0.525115
679,dueling_dqn,3,27.8325,11.42,35204,cpu,12,89,116.24,0.05,0.778818
680,dueling_dqn,3,27.8356,11.14,35204,cpu,0,6,-9.55,0.05,0.66868
681,dueling_dqn,3,27.9001,11.36,35204,cpu,15,124,149.12,0.05,1.850947
682,dueling_dqn,3,27.9133,11.36,35204,cpu,3,26,21.18,0.05,1.347189
683,dueling_dqn,3,27.9195,11.06,35204,cpu,2,12,10.61,0.05,0.82615
684,dueling_dqn,3,27.9324,11.04,35204,cpu,4,24,31.71,0.05,0.893335
685,dueling_dqn,3,27.963,10.9,35204,cpu,6,60,53.57,0.05,1.134936
686,dueling_dqn,3,28.0958,11.42,35204,cpu,27,257,274.21,0.05,0.399278
687,dueling_dqn,3,28.1395,11.48,35204,cpu,13,85,125.79,0.05,1.333118
688,dueling_dqn,3,28.1534,11.34,35204,cpu,2,27,12.16,0.05,0.895903
689,dueling_dqn,3,28.2086,11.42,35204,cpu,14,107,137.08,0.05,0.945429
690,dueling_dqn,3,28.2613,11.52,35204,cpu,14,101,136.14,0.05,0.769265
691,dueling_dqn,3,28.2991,11.46,35204,cpu,9,73,85.47,0.05,0.629645
692,dueling_dqn,3,28.4111,11.7,35204,cpu,26,216,262.01,0.05,1.39173
693,dueling_dqn,3,28.4512,11.8,35204,cpu,11,78,105.54,0.05,1.669103
694,dueling_dqn,3,28.522,12.04,35204,cpu,17,137,169.11,0.05,1.475667
695,dueling_dqn,3,28.5558,12.18,35204,cpu,10,66,94.35,0.05,1.414728
696,dueling_dqn,3,28.6075,12.1,35204,cpu,13,101,127.03,0.05,1.09544
697,dueling_dqn,3,28.6792,12.46,35204,cpu,19,139,189.51,0.05,0.969444
698,dueling_dqn,3,28.7043,12.14,35204,cpu,6,49,52.98,0.05,1.28545
699,dueling_dqn,3,28.781,12.34,35204,cpu,21,149,208.23,0.05,1.558426
700,dueling_dqn,3,28.8044,12.32,35204,cpu,6,46,53.31,0.05,1.151425
701,dueling_dqn,3,28.9044,12.52,35204,cpu,20,194,199.57,0.05,0.686573
702,dueling_dqn,3,28.9684,12.58,35204,cpu,16,125,157.32,0.05,1.025549
703,dueling_dqn,3,28.9961,12.72,35204,cpu,8,54,72.65,0.05,0.393248
704,dueling_dqn,3,29.0384,12.52,35204,cpu,9,82,84.88,0.05,1.234086
705,dueling_dqn,3,29.0655,12.56,35204,cpu,5,53,41.83,0.05,1.266799
706,dueling_dqn,3,29.0896,12.64,35204,cpu,7,47,63.31,0.05,1.586201
707,dueling_dqn,3,29.1632,12.66,35204,cpu,21,143,210.09,0.05,0.868249
708,dueling_dqn,3,29.1832,12.58,35204,cpu,5,39,42.57,0.05,1.792334
709,dueling_dqn,3,29.2416,12.38,35204,cpu,14,114,135.71,0.05,1.19174
710,dueling_dqn,3,29.3375,12.42,35204,cpu,22,185,219.58,0.05,2.498391
711,dueling_dqn,3,29.386,12.32,35204,cpu,14,93,136.22,0.05,1.023558
712,dueling_dqn,3,29.4225,12.32,35204,cpu,9,71,84.69,0.05,0.592316
713,dueling_dqn,3,29.4275,11.96,35204,cpu,1,10,0.52,0.05,1.115874
714,dueling_dqn,3,29.4864,12.0,35204,cpu,16,114,155.53,0.05,1.27777
715,dueling_dqn,3,29.5132,12.14,35204,cpu,8,52,73.67,0.05,0.76498
716,dueling_dqn,3,29.5537,12.1,35204,cpu,10,79,95.32,0.05,0.838449
717,dueling_dqn,3,29.564,12.02,35204,cpu,1,20,1.62,0.05,0.276521
718,dueling_dqn,3,29.583,12.06,35204,cpu,5,37,42.19,0.05,1.040661
719,dueling_dqn,3,29.6026,11.82,35204,cpu,7,38,62.3,0.05,0.957978
720,dueling_dqn,3,29.624,11.34,35204,cpu,6,42,52.55,0.05,0.871333
721,dueling_dqn,3,29.7015,11.72,35204,cpu,23,150,230.34,0.05,1.289889
722,dueling_dqn,3,29.7414,11.6,35204,cpu,10,77,95.54,0.05,2.103721
723,dueling_dqn,3,29.7863,11.4,35204,cpu,10,87,96.04,0.05,1.164013
724,dueling_dqn,3,29.8599,11.56,35204,cpu,20,141,198.0,0.05,1.05887
725,dueling_dqn,3,29.8961,11.44,35204,cpu,11,69,104.73,0.05,1.141099
726,dueling_dqn,3,29.9291,11.28,35204,cpu,9,64,84.46,0.05,0.833852
727,dueling_dqn,3,29.9594,11.3,35204,cpu,10,59,93.32,0.05,1.062267
728,dueling_dqn,3,29.977,11.02,35204,cpu,4,34,32.41,0.05,1.432782
729,dueling_dqn,3,30.0331,11.06,35204,cpu,14,109,137.06,0.05,0.599416
730,dueling_dqn,3,30.0695,11.26,35204,cpu,10,71,94.8,0.05,1.466598
731,dueling_dqn,3,30.1658,11.36,35204,cpu,20,187,201.94,0.05,0.660787
732,dueling_dqn,3,30.2062,11.5,35204,cpu,10,78,94.43,0.05,1.034479
733,dueling_dqn,3,30.2786,11.78,35204,cpu,16,139,157.98,0.05,0.931044
734,dueling_dqn,3,30.4024,12.28,35204,cpu,29,239,295.01,0.05,0.689316
735,dueling_dqn,3,30.4371,12.32,35204,cpu,8,67,74.82,0.05,2.187562
736,dueling_dqn,3,30.5301,12.2,35204,cpu,21,181,209.51,0.05,1.338111
737,dueling_dqn,3,30.6094,12.34,35204,cpu,20,153,200.28,0.05,0.83581
738,dueling_dqn,3,30.615,12.34,35204,cpu,2,11,10.72,0.05,1.620012
739,dueling_dqn,3,30.6772,12.3,35204,cpu,12,121,117.52,0.05,1.616813
740,dueling_dqn,3,30.7384,12.3,35204,cpu,14,119,137.56,0.05,0.624093
741,dueling_dqn,3,30.77,12.3,35204,cpu,9,62,83.88,0.05,1.036499
742,dueling_dqn,3,30.8302,12.06,35204,cpu,14,117,136.78,0.05,1.212627
743,dueling_dqn,3,30.8874,12.08,35204,cpu,12,111,116.82,0.05,1.397879
744,dueling_dqn,3,30.9106,11.86,35204,cpu,6,45,53.02,0.05,1.343182
745,dueling_dqn,3,30.9486,11.82,35204,cpu,8,74,75.45,0.05,0.406167
746,dueling_dqn,3,31.0126,11.82,35204,cpu,13,125,127.79,0.05,1.217794
747,dueling_dqn,3,31.0758,11.74,35204,cpu,15,123,148.63,0.05,1.428592
748,dueling_dqn,3,31.1319,11.96,35204,cpu,17,109,167.79,0.05,1.263641
749,dueling_dqn,3,31.1453,11.6,35204,cpu,3,26,21.98,0.05,1.222992
750,dueling_dqn,3,31.1983,11.72,35204,cpu,12,103,114.7,0.05,1.911439
751,dueling_dqn,3,31.2044,11.36,35204,cpu,2,12,10.81,0.05,1.487144
752,dueling_dqn,3,31.2762,11.36,35204,cpu,16,139,159.18,0.05,0.826886
753,dueling_dqn,3,31.311,11.36,35204,cpu,8,67,74.22,0.05,1.258947
754,dueling_dqn,3,31.325,11.26,35204,cpu,4,27,31.58,0.05,2.516792
755,dueling_dqn,3,31.3621,11.32,35204,cpu,8,72,74.67,0.05,1.222497
756,dueling_dqn,3,31.3931,11.34,35204,cpu,8,60,73.59,0.05,1.174436
757,dueling_dqn,3,31.5085,11.5,35204,cpu,29,224,291.06,0.05,1.963638
758,dueling_dqn,3,31.5859,11.74,35204,cpu,17,150,170.28,0.05,1.100667
759,dueling_dqn,3,31.6507,11.78,35204,cpu,16,126,157.81,0.05,1.24893
760,dueling_dqn,3,31.7536,11.78,35204,cpu,22,200,222.33,0.05,0.807939
761,dueling_dqn,3,31.8197,11.78,35204,cpu,14,129,139.06,0.05,0.491939
762,dueling_dqn,3,31.8362,11.7,35204,cpu,5,32,41.94,0.05,1.835853
763,dueling_dqn,3,31.862,11.84,35204,cpu,8,50,73.29,0.05,1.508958
764,dueling_dqn,3,31.939,11.84,35204,cpu,16,150,158.77,0.05,1.57458
765,dueling_dqn,3,31.9909,11.9,35204,cpu,11,101,106.01,0.05,1.055995
766,dueling_dqn,3,32.0021,11.74,35204,cpu,2,22,11.31,0.05,1.005754
767,dueling_dqn,3,32.0708,12.1,35204,cpu,19,134,187.26,0.05,0.371288
768,dueling_dqn,3,32.1395,12.38,35204,cpu,19,134,188.66,0.05,0.794942
769,dueling_dqn,3,32.2014,12.56,35204,cpu,16,121,157.36,0.05,0.767302
770,dueling_dqn,3,32.2432,12.58,35204,cpu,7,82,65.86,0.05,1.660514
771,dueling_dqn,3,32.2499,12.18,35204,cpu,3,13,20.61,0.05,1.937657
772,dueling_dqn,3,32.2595,12.04,35204,cpu,3,19,21.35,0.05,1.358609
773,dueling_dqn,3,32.3214,12.2,35204,cpu,18,120,178.09,0.05,1.387749
774,dueling_dqn,3,32.3845,12.14,35204,cpu,17,123,168.45,0.05,1.168216
775,dueling_dqn,3,32.4637,12.3,35204,cpu,19,155,190.15,0.05,1.265154
776,dueling_dqn,3,32.4698,12.14,35204,cpu,1,12,0.7,0.05,1.097528
777,dueling_dqn,3,32.4956,12.04,35204,cpu,5,50,43.96,0.05,1.086771
778,dueling_dqn,3,32.5433,12.18,35204,cpu,11,92,104.8,0.05,1.288427
779,dueling_dqn,3,32.5531,11.94,35204,cpu,2,19,11.04,0.05,1.117931
780,dueling_dqn,3,32.5724,11.84,35204,cpu,5,37,42.79,0.05,1.595069
781,dueling_dqn,3,32.6522,11.86,35204,cpu,21,154,208.68,0.05,1.219839
782,dueling_dqn,3,32.6801,11.76,35204,cpu,5,54,44.12,0.05,0.849919
783,dueling_dqn,3,32.7307,11.74,35204,cpu,15,98,146.98,0.05,1.496094
784,dueling_dqn,3,32.8523,11.64,35204,cpu,24,235,243.7,0.05,1.221739
785,dueling_dqn,3,32.9532,11.88,35204,cpu,20,196,201.95,0.05,1.333504
786,dueling_dqn,3,33.0614,11.94,35204,cpu,24,210,242.65,0.05,1.290694
787,dueling_dqn,3,33.1159,11.8,35204,cpu,13,106,127.08,0.05,0.825896
788,dueling_dqn,3,33.1207,11.78,35204,cpu,1,9,0.63,0.05,1.575542
789,dueling_dqn,3,33.1882,11.78,35204,cpu,12,132,116.31,0.05,2.169782
790,dueling_dqn,3,33.2094,11.58,35204,cpu,4,41,32.04,0.05,1.758029
791,dueling_dqn,3,33.2253,11.48,35204,cpu,4,31,32.14,0.05,2.34116
792,dueling_dqn,3,33.2792,11.48,35204,cpu,14,103,135.92,0.05,1.057369
793,dueling_dqn,3,33.323,11.52,35204,cpu,14,85,135.5,0.05,0.822035
794,dueling_dqn,3,33.4026,11.78,35204,cpu,19,154,190.66,0.05,1.18128
795,dueling_dqn,3,33.4727,11.94,35204,cpu,16,136,158.71,0.05,0.640977
796,dueling_dqn,3,33.548,12.02,35204,cpu,17,147,167.21,0.05,0.827898
797,dueling_dqn,3,33.6145,12.08,35204,cpu,18,130,177.99,0.05,0.338583
798,dueling_dqn,3,33.6867,12.04,35204,cpu,15,141,149.45,0.05,1.20183
799,dueling_dqn,3,33.6913,12.0,35204,cpu,1,9,0.63,0.05,1.96566
800,dueling_dqn,3,33.753,12.02,35204,cpu,13,121,128.03,0.05,0.928084
801,dueling_dqn,3,33.851,12.42,35204,cpu,22,191,222.92,0.05,0.206371
802,dueling_dqn,3,33.8649,12.18,35204,cpu,4,27,29.98,0.05,0.959257
803,dueling_dqn,3,33.8943,12.16,35204,cpu,7,57,64.01,0.05,1.229162
804,dueling_dqn,3,33.9404,12.32,35204,cpu,12,90,115.53,0.05,1.335643
805,dueling_dqn,3,34.0553,12.72,35204,cpu,28,224,285.35,0.05,1.139941
806,dueling_dqn,3,34.0835,12.74,35204,cpu,9,55,82.85,0.05,1.188591
807,dueling_dqn,3,34.138,12.5,35204,cpu,17,106,166.72,0.05,2.191714
808,dueling_dqn,3,34.1956,12.42,35204,cpu,13,112,127.42,0.05,1.635269
809,dueling_dqn,3,34.2743,12.5,35204,cpu,20,153,199.28,0.05,1.233464
810,dueling_dqn,3,34.3573,12.42,35204,cpu,18,160,180.69,0.05,1.173493
811,dueling_dqn,3,34.3976,12.32,35204,cpu,9,78,85.32,0.05,1.722946
812,dueling_dqn,3,34.4379,12.38,35204,cpu,8,78,75.81,0.05,0.897555
813,dueling_dqn,3,34.4656,12.32,35204,cpu,5,54,43.52,0.05,1.315251
814,dueling_dqn,3,34.5285,12.3,35204,cpu,15,122,147.14,0.05,1.067742
815,dueling_dqn,3,34.5761,12.32,35204,cpu,12,92,115.31,0.05,1.630231
816,dueling_dqn,3,34.6539,12.7,35204,cpu,21,150,209.72,0.05,1.351976
817,dueling_dqn,3,34.6627,12.38,35204,cpu,3,17,20.97,0.05,0.675207
818,dueling_dqn,3,34.7018,12.24,35204,cpu,12,76,114.87,0.05,0.518263
819,dueling_dqn,3,34.7527,12.12,35204,cpu,10,99,96.92,0.05,0.834301
820,dueling_dqn,3,34.8427,12.42,35204,cpu,22,175,222.48,0.05,0.38614
821,dueling_dqn,3,34.8952,12.6,35204,cpu,12,101,117.52,0.05,1.753151
822,dueling_dqn,3,34.9262,12.72,35204,cpu,9,60,83.7,0.05,1.083193
823,dueling_dqn,3,35.001,12.68,35204,cpu,16,145,158.92,0.05,0.40108
824,dueling_dqn,3,35.0676,12.62,35204,cpu,14,130,137.55,0.05,0.940793
825,dueling_dqn,3,35.1124,12.48,35204,cpu,12,88,114.55,0.05,0.836269
826,dueling_dqn,3,35.1588,12.7,35204,cpu,12,91,116.02,0.05,1.747134
827,dueling_dqn,3,35.2325,12.92,35204,cpu,16,145,159.92,0.05,1.32533
828,dueling_dqn,3,35.267,12.86,35204,cpu,8,68,74.11,0.05,1.244711
829,dueling_dqn,3,35.3271,13.1,35204,cpu,14,117,138.78,0.05,1.041521
830,dueling_dqn,3,35.3847,13.28,35204,cpu,14,112,138.13,0.05,1.027946
831,dueling_dqn,3,35.4264,13.08,35204,cpu,11,81,105.21,0.05,0.394756
832,dueling_dqn,3,35.5013,13.36,35204,cpu,19,144,188.16,0.05,0.682397
833,dueling_dqn,3,35.568,13.34,35204,cpu,14,128,137.77,0.05,1.105535
834,dueling_dqn,3,35.6025,13.0,35204,cpu,7,67,65.11,0.05,1.242723
835,dueling_dqn,3,35.641,12.82,35204,cpu,11,75,104.27,0.05,1.256706
836,dueling_dqn,3,35.6703,12.48,35204,cpu,7,57,64.21,0.05,1.232543
837,dueling_dqn,3,35.7274,12.5,35204,cpu,14,111,136.24,0.05,1.13059
838,dueling_dqn,3,35.7919,12.8,35204,cpu,16,126,157.81,0.05,1.050686
839,dueling_dqn,3,35.8222,12.7,35204,cpu,7,59,63.99,0.05,1.172715
840,dueling_dqn,3,35.9286,13.08,35204,cpu,23,207,233.47,0.05,0.995562
841,dueling_dqn,3,35.9544,13.16,35204,cpu,8,50,72.49,0.05,1.546141
842,dueling_dqn,3,36.0179,13.18,35204,cpu,15,124,146.32,0.05,0.638583
843,dueling_dqn,3,36.0833,13.26,35204,cpu,18,127,179.12,0.05,0.451716
844,dueling_dqn,3,36.1119,13.06,35204,cpu,9,56,82.94,0.05,1.182089
845,dueling_dqn,3,36.2318,13.2,35204,cpu,23,233,233.01,0.05,1.438581
846,dueling_dqn,3,36.2749,13.1,35204,cpu,12,83,115.3,0.05,0.57329
847,dueling_dqn,3,36.2965,12.84,35204,cpu,5,42,43.24,0.05,1.016648
848,dueling_dqn,3,36.3513,12.84,35204,cpu,15,106,147.3,0.05,2.7073
849,dueling_dqn,3,36.397,13.12,35204,cpu,15,88,145.88,0.05,0.959479
850,dueling_dqn,3,36.4536,13.14,35204,cpu,14,110,137.95,0.05,1.617832
851,dueling_dqn,3,36.5305,13.08,35204,cpu,19,149,190.21,0.05,1.402234
852,dueling_dqn,3,36.5775,13.22,35204,cpu,11,92,105.6,0.05,1.100905
853,dueling_dqn,3,36.6427,13.34,35204,cpu,13,127,127.77,0.05,0.398625
854,dueling_dqn,3,36.658,13.16,35204,cpu,3,30,22.14,0.05,2.201497
855,dueling_dqn,3,36.7811,13.12,35204,cpu,26,240,265.77,0.05,2.036818
856,dueling_dqn,3,36.8651,13.3,35204,cpu,18,163,180.76,0.05,1.303896
857,dueling_dqn,3,36.9432,13.32,35204,cpu,18,152,178.77,0.05,0.6562
858,dueling_dqn,3,36.9611,13.18,35204,cpu,6,35,51.92,0.05,1.369812
859,dueling_dqn,3,36.9944,12.94,35204,cpu,8,65,72.44,0.05,1.49105
860,dueling_dqn,3,37.0511,12.88,35204,cpu,15,111,146.75,0.05,1.92006
861,dueling_dqn,3,37.1045,13.06,35204,cpu,18,104,177.25,0.05,0.613828
862,dueling_dqn,3,37.1286,13.0,35204,cpu,5,47,43.29,0.05,1.791084
863,dueling_dqn,3,37.2027,13.22,35204,cpu,16,145,160.32,0.05,0.625575
864,dueling_dqn,3,37.312,13.42,35204,cpu,25,213,252.43,0.05,0.836537
865,dueling_dqn,3,37.3985,13.54,35204,cpu,18,167,178.72,0.05,0.648926
866,dueling_dqn,3,37.4535,13.4,35204,cpu,14,107,137.28,0.05,0.764699
867,dueling_dqn,3,37.464,13.4,35204,cpu,3,20,21.44,0.05,0.452425
868,dueling_dqn,3,37.5505,13.64,35204,cpu,24,167,240.38,0.05,1.030171
869,dueling_dqn,3,37.61,13.76,35204,cpu,16,115,157.82,0.05,1.109293
870,dueling_dqn,3,37.6485,13.46,35204,cpu,7,74,65.74,0.05,0.896726
871,dueling_dqn,3,37.6723,13.32,35204,cpu,5,46,43.4,0.05,0.592823
872,dueling_dqn,3,37.706,13.3,35204,cpu,8,66,73.13,0.05,1.119131
873,dueling_dqn,3,37.7571,13.26,35204,cpu,14,100,135.85,0.05,0.589104
874,dueling_dqn,3,37.8038,13.22,35204,cpu,12,91,116.22,0.05,1.960745
875,dueling_dqn,3,37.8717,13.36,35204,cpu,19,132,188.88,0.05,0.987602
876,dueling_dqn,3,37.8773,13.16,35204,cpu,2,11,10.72,0.05,1.534608
877,dueling_dqn,3,37.929,13.12,35204,cpu,14,100,135.45,0.05,1.43917
878,dueling_dqn,3,37.9878,13.28,35204,cpu,16,114,155.93,0.05,1.139293
879,dueling_dqn,3,38.0852,13.46,35204,cpu,23,189,230.45,0.05,0.877834
880,dueling_dqn,3,38.1243,13.36,35204,cpu,9,76,84.54,0.05,1.181481
881,dueling_dqn,3,38.164,13.34,35204,cpu,10,77,95.14,0.05,1.339329
882,dueling_dqn,3,38.1891,13.08,35204,cpu,6,49,52.98,0.05,0.603444
883,dueling_dqn,3,38.2491,13.08,35204,cpu,14,116,138.29,0.05,2.903931
884,dueling_dqn,3,38.3149,13.18,35204,cpu,12,127,119.26,0.05,1.626045
885,dueling_dqn,3,38.3505,13.16,35204,cpu,10,69,94.22,0.05,1.628571
886,dueling_dqn,3,38.3647,13.08,35204,cpu,3,27,21.87,0.05,1.40217
887,dueling_dqn,3,38.4298,13.14,35204,cpu,17,126,168.92,0.05,0.627098
888,dueling_dqn,3,38.4627,12.96,35204,cpu,7,64,64.64,0.05,1.389512
889,dueling_dqn,3,38.4894,12.94,35204,cpu,6,52,53.85,0.05,0.868134
890,dueling_dqn,3,38.5344,12.64,35204,cpu,8,88,75.91,0.05,1.315461
891,dueling_dqn,3,38.5942,12.78,35204,cpu,15,117,146.49,0.05,1.094109
892,dueling_dqn,3,38.6718,12.84,35204,cpu,18,151,177.88,0.05,1.176801
893,dueling_dqn,3,38.7149,12.72,35204,cpu,12,84,116.39,0.05,0.786548
894,dueling_dqn,3,38.773,12.88,35204,cpu,17,113,166.55,0.05,0.983378
895,dueling_dqn,3,38.7894,12.52,35204,cpu,5,32,42.14,0.05,1.414015
896,dueling_dqn,3,38.8211,12.4,35204,cpu,6,62,54.55,0.05,1.236954
897,dueling_dqn,3,38.8769,12.54,35204,cpu,12,109,117.04,0.05,1.43143
898,dueling_dqn,3,39.0197,12.76,35204,cpu,26,278,261.79,0.05,0.724444
899,dueling_dqn,3,39.0585,12.74,35204,cpu,14,75,135.4,0.05,0.636501
900,dueling_dqn,3,39.0863,12.6,35204,cpu,7,54,63.94,0.05,1.879797
901,dueling_dqn,3,39.1201,12.4,35204,cpu,9,66,84.04,0.05,0.896919
902,dueling_dqn,3,39.1445,12.3,35204,cpu,6,48,53.09,0.05,0.349344
903,dueling_dqn,3,39.1734,12.2,35204,cpu,8,56,73.03,0.05,0.702903
904,dueling_dqn,3,39.1958,12.24,35204,cpu,5,44,43.02,0.05,1.636772
905,dueling_dqn,3,39.2306,11.88,35204,cpu,8,68,74.11,0.05,0.922841
906,dueling_dqn,3,39.2924,11.8,35204,cpu,14,120,137.05,0.05,1.530185
907,dueling_dqn,3,39.3157,11.58,35204,cpu,7,45,63.13,0.05,0.749713
908,dueling_dqn,3,39.3952,11.86,35204,cpu,20,154,197.97,0.05,0.715174
909,dueling_dqn,3,39.4505,11.96,35204,cpu,13,107,126.77,0.05,0.386941
910,dueling_dqn,3,39.5146,11.98,35204,cpu,16,125,157.32,0.05,1.35023
911,dueling_dqn,3,39.543,11.74,35204,cpu,6,55,54.32,0.05,1.769365
912,dueling_dqn,3,39.5892,11.84,35204,cpu,10,89,95.62,0.05,0.820452
913,dueling_dqn,3,39.6041,11.58,35204,cpu,3,29,22.25,0.05,0.623412
914,dueling_dqn,3,39.6372,11.24,35204,cpu,8,64,73.95,0.05,1.375572
915,dueling_dqn,3,39.6627,11.0,35204,cpu,6,49,53.38,0.05,1.090698
916,dueling_dqn,3,39.7421,11.04,35204,cpu,16,152,161.75,0.05,1.142906
917,dueling_dqn,3,39.8479,11.5,35204,cpu,26,203,264.64,0.05,1.026332
918,dueling_dqn,3,39.9039,11.24,35204,cpu,11,108,107.24,0.05,1.403446
919,dueling_dqn,3,39.9577,11.14,35204,cpu,11,104,107.88,0.05,0.992034
920,dueling_dqn,3,39.9608,11.0,35204,cpu,0,6,-9.55,0.05,0.755939
921,dueling_dqn,3,40.0257,11.2,35204,cpu,15,127,148.19,0.05,1.12582
922,dueling_dqn,3,40.0718,11.24,35204,cpu,10,89,95.62,0.05,2.062493
923,dueling_dqn,3,40.1404,11.28,35204,cpu,16,133,156.64,0.05,0.815438
924,dueling_dqn,3,40.2349,11.42,35204,cpu,19,183,189.67,0.05,1.015228
925,dueling_dqn,3,40.3,11.34,35204,cpu,15,125,149.61,0.05,0.830979
926,dueling_dqn,3,40.3088,11.38,35204,cpu,4,17,31.08,0.05,0.657844
927,dueling_dqn,3,40.344,11.26,35204,cpu,8,68,74.11,0.05,1.17048
928,dueling_dqn,3,40.4138,11.24,35204,cpu,15,135,147.51,0.05,1.632222
929,dueling_dqn,3,40.4832,11.06,35204,cpu,14,134,139.11,0.05,2.439133
930,dueling_dqn,3,40.5431,11.22,35204,cpu,17,117,167.91,0.05,0.383992
931,dueling_dqn,3,40.6316,11.42,35204,cpu,20,172,200.79,0.05,1.996143
932,dueling_dqn,3,40.6693,11.46,35204,cpu,8,73,74.76,0.05,1.3153
933,dueling_dqn,3,40.72,11.42,35204,cpu,12,98,116.85,0.05,1.968312
934,dueling_dqn,3,40.7407,11.3,35204,cpu,6,40,52.37,0.05,1.537631
935,dueling_dqn,3,40.7805,11.32,35204,cpu,11,77,105.25,0.05,1.229087
936,dueling_dqn,3,40.823,11.46,35204,cpu,10,83,94.28,0.05,0.97419
937,dueling_dqn,3,40.8618,11.3,35204,cpu,9,75,84.85,0.05,0.342206
938,dueling_dqn,3,40.9161,11.42,35204,cpu,13,105,127.19,0.05,0.78345
939,dueling_dqn,3,40.9537,11.52,35204,cpu,11,73,105.09,0.05,1.483822
940,dueling_dqn,3,40.9568,11.36,35204,cpu,0,6,-9.55,0.05,1.135724
941,dueling_dqn,3,40.9906,11.26,35204,cpu,10,65,93.86,0.05,0.92556
942,dueling_dqn,3,41.0568,11.2,35204,cpu,15,129,148.37,0.05,0.885567
943,dueling_dqn,3,41.0866,11.1,35204,cpu,7,58,63.7,0.05,0.407823
944,dueling_dqn,3,41.1264,10.96,35204,cpu,10,77,93.54,0.05,0.926612
945,dueling_dqn,3,41.1653,11.0,35204,cpu,7,76,65.72,0.05,1.914002
946,dueling_dqn,3,41.1878,11.0,35204,cpu,6,44,52.93,0.05,1.27022
947,dueling_dqn,3,41.231,11.02,35204,cpu,13,84,124.7,0.05,1.093877
948,dueling_dqn,3,41.2735,10.72,35204,cpu,11,82,106.1,0.05,1.736505
949,dueling_dqn,3,41.348,10.78,35204,cpu,17,144,169.34,0.05,1.8247
950,dueling_dqn,3,41.4004,10.92,35204,cpu,14,101,135.94,0.05,1.5296
951,dueling_dqn,3,41.4479,11.0,35204,cpu,13,92,126.22,0.05,0.956683
952,dueling_dqn,3,41.4608,10.96,35204,cpu,4,25,31.6,0.05,1.604147
953,dueling_dqn,3,41.4655,10.82,35204,cpu,1,9,0.43,0.05,1.048619
954,dueling_dqn,3,41.4748,10.76,35204,cpu,2,18,11.15,0.05,1.030935
955,dueling_dqn,3,41.5298,10.88,35204,cpu,14,106,136.59,0.05,2.094318
956,dueling_dqn,3,41.6812,11.26,35204,cpu,33,293,336.91,0.05,0.952586
957,dueling_dqn,3,41.7251,11.34,35204,cpu,11,85,105.97,0.05,1.408899
958,dueling_dqn,3,41.7421,11.02,35204,cpu,4,33,32.12,0.05,1.296983
959,dueling_dqn,3,41.784,10.96,35204,cpu,10,81,95.5,0.05,1.878439
960,dueling_dqn,3,41.8103,10.8,35204,cpu,8,51,73.78,0.05,1.25164
961,dueling_dqn,3,41.8428,10.84,35204,cpu,8,63,74.46,0.05,0.707764
962,dueling_dqn,3,41.8863,10.82,35204,cpu,9,85,86.35,0.05,1.134562
963,dueling_dqn,3,41.9397,10.96,35204,cpu,10,104,97.17,0.05,1.223777
964,dueling_dqn,3,42.0018,11.06,35204,cpu,13,121,127.23,0.05,1.795278
965,dueling_dqn,3,42.0404,11.12,35204,cpu,9,75,84.25,0.05,2.460133
966,dueling_dqn,3,42.0435,10.8,35204,cpu,0,6,-9.55,0.05,1.206174
967,dueling_dqn,3,42.1014,10.6,35204,cpu,16,113,157.24,0.05,1.686554
968,dueling_dqn,3,42.1436,10.6,35204,cpu,11,82,104.7,0.05,1.305069
969,dueling_dqn,3,42.1517,10.44,35204,cpu,3,16,20.48,0.05,1.713586
970,dueling_dqn,3,42.2484,10.82,35204,cpu,19,189,191.01,0.05,1.52519
971,dueling_dqn,3,42.272,10.66,35204,cpu,7,46,63.22,0.05,0.78638
972,dueling_dqn,3,42.3425,10.76,35204,cpu,15,138,146.58,0.05,1.395371
973,dueling_dqn,3,42.4037,10.72,35204,cpu,14,119,137.16,0.05,1.001774
974,dueling_dqn,3,42.4165,10.42,35204,cpu,4,25,31.8,0.05,0.48106
975,dueling_dqn,3,42.4908,10.5,35204,cpu,19,145,189.05,0.05,0.808241
976,dueling_dqn,3,42.5071,10.54,35204,cpu,6,32,52.25,0.05,1.582431
977,dueling_dqn,3,42.5306,10.5,35204,cpu,6,46,52.91,0.05,1.79622
978,dueling_dqn,3,42.591,10.54,35204,cpu,17,119,168.29,0.05,1.026463
979,dueling_dqn,3,42.6212,10.44,35204,cpu,9,59,83.41,0.05,0.550935
980,dueling_dqn,3,42.6467,10.22,35204,cpu,6,50,53.47,0.05,0.605732
981,dueling_dqn,3,42.7203,10.22,35204,cpu,20,144,198.47,0.05,0.79768
982,dueling_dqn,3,42.7881,10.46,35204,cpu,20,132,196.79,0.05,1.084768
983,dueling_dqn,3,42.8641,10.58,35204,cpu,18,149,180.1,0.05,1.235016
984,dueling_dqn,3,42.9109,10.8,35204,cpu,17,91,166.17,0.05,0.173292
985,dueling_dqn,3,42.9867,10.94,35204,cpu,18,148,178.41,0.05,1.537582
986,dueling_dqn,3,43.0342,11.02,35204,cpu,14,93,136.22,0.05,1.671173
987,dueling_dqn,3,43.1236,11.22,35204,cpu,19,175,187.15,0.05,0.792423
988,dueling_dqn,3,43.1635,11.2,35204,cpu,12,78,114.25,0.05,1.37459
989,dueling_dqn,3,43.2298,11.3,35204,cpu,16,130,158.17,0.05,0.468005
990,dueling_dqn,3,43.2609,11.48,35204,cpu,9,61,83.99,0.05,1.604695
991,dueling_dqn,3,43.3127,11.58,35204,cpu,15,101,147.05,0.05,0.758751
992,dueling_dqn,3,43.3997,11.7,35204,cpu,21,169,209.03,0.05,2.36582
993,dueling_dqn,3,43.4141,11.68,35204,cpu,6,27,51.6,0.05,0.612207
994,dueling_dqn,3,43.5267,12.02,35204,cpu,27,217,272.81,0.05,0.58714
995,dueling_dqn,3,43.5527,12.06,35204,cpu,9,50,82.8,0.05,0.839028
996,dueling_dqn,3,43.6035,12.2,35204,cpu,13,98,125.36,0.05,1.595659
997,dueling_dqn,3,43.6348,12.08,35204,cpu,7,61,63.97,0.05,0.559858
998,dueling_dqn,3,43.7018,12.2,35204,cpu,17,130,168.48,0.05,1.280429
999,dueling_dqn,3,43.7651,12.16,35204,cpu,15,124,146.52,0.05,1.625848
1000,dueling_dqn,3,43.7928,12.02,35204,cpu,7,54,63.94,0.05,0.571632
1001,dueling_dqn,3,43.8965,12.14,35204,cpu,19,202,190.98,0.05,2.010637
1002,dueling_dqn,3,43.9739,12.4,35204,cpu,17,151,169.97,0.05,2.093501
1003,dueling_dqn,3,43.9805,12.4,35204,cpu,1,13,0.79,0.05,2.260025
1004,dueling_dqn,3,44.0719,12.8,35204,cpu,22,178,220.75,0.05,1.190833
1005,dueling_dqn,3,44.126,12.78,35204,cpu,13,106,126.68,0.05,0.69398
1006,dueling_dqn,3,44.1495,12.24,35204,cpu,6,46,52.51,0.05,1.167367
1007,dueling_dqn,3,44.1521,12.02,35204,cpu,0,5,-9.64,0.05,0.68931
1008,dueling_dqn,3,44.2194,12.28,35204,cpu,17,131,168.57,0.05,2.016555
1009,dueling_dqn,3,44.3094,12.48,35204,cpu,20,175,201.06,0.05,1.942085
1010,dueling_dqn,3,44.3432,12.5,35204,cpu,9,65,84.35,0.05,1.829361
1011,dueling_dqn,3,44.3749,12.56,35204,cpu,11,61,103.61,0.05,1.527439
1012,dueling_dqn,3,44.4078,12.5,35204,cpu,6,64,52.53,0.05,1.677818
1013,dueling_dqn,3,44.4335,12.42,35204,cpu,6,50,53.07,0.05,0.650574
1014,dueling_dqn,3,44.4817,12.38,35204,cpu,11,94,106.38,0.05,1.020216
1015,dueling_dqn,3,44.5497,12.58,35204,cpu,19,132,188.08,0.05,2.179332
1016,dueling_dqn,3,44.5939,12.8,35204,cpu,11,86,106.06,0.05,1.066239
1017,dueling_dqn,3,44.6,12.5,35204,cpu,1,12,0.9,0.05,0.838769
1018,dueling_dqn,3,44.6386,12.5,35204,cpu,11,75,104.67,0.05,0.371393
1019,dueling_dqn,3,44.6803,12.66,35204,cpu,11,81,106.01,0.05,1.506769
1020,dueling_dqn,3,44.7082,12.42,35204,cpu,7,54,63.14,0.05,0.652813
1021,dueling_dqn,3,44.737,12.44,35204,cpu,8,56,74.03,0.05,1.699325
1022,dueling_dqn,3,44.8019,12.46,35204,cpu,16,127,157.5,0.05,1.592779
1023,dueling_dqn,3,44.8168,12.24,35204,cpu,3,29,22.25,0.05,0.374219
1024,dueling_dqn,3,44.8307,12.28,35204,cpu,6,27,51.8,0.05,1.579559
1025,dueling_dqn,3,44.8868,12.18,35204,cpu,14,109,137.46,0.05,0.337238
1026,dueling_dqn,3,44.9462,12.3,35204,cpu,12,116,117.07,0.05,0.960669
1027,dueling_dqn,3,44.9606,12.26,35204,cpu,4,28,32.07,0.05,0.655145
1028,dueling_dqn,3,45.0492,12.36,35204,cpu,22,173,219.3,0.05,0.7707
1029,dueling_dqn,3,45.1049,12.44,35204,cpu,13,108,127.46,0.05,0.611531
1030,dueling_dqn,3,45.1163,12.42,35204,cpu,5,22,41.44,0.05,2.554526
1031,dueling_dqn,3,45.1291,12.08,35204,cpu,3,25,21.89,0.05,1.979582
1032,dueling_dqn,3,45.1547,11.78,35204,cpu,5,50,43.56,0.05,0.848019
1033,dueling_dqn,3,45.2012,11.6,35204,cpu,9,91,86.09,0.05,0.793996
1034,dueling_dqn,3,45.2625,11.54,35204,cpu,14,120,138.45,0.05,1.032354
1035,dueling_dqn,3,45.3198,11.44,35204,cpu,13,111,127.93,0.05,1.448299
1036,dueling_dqn,3,45.3565,11.34,35204,cpu,9,71,85.29,0.05,1.483667
1037,dueling_dqn,3,45.3701,11.02,35204,cpu,3,26,21.78,0.05,1.636703
1038,dueling_dqn,3,45.4232,11.02,35204,cpu,12,103,115.9,0.05,1.708786
1039,dueling_dqn,3,45.4669,10.88,35204,cpu,9,85,86.15,0.05,1.045871
1040,dueling_dqn,3,45.484,10.84,35204,cpu,7,33,61.85,0.05,0.85996
1041,dueling_dqn,3,45.4943,10.6,35204,cpu,3,20,21.44,0.05,0.70935
1042,dueling_dqn,3,45.5352,10.44,35204,cpu,13,80,124.14,0.05,1.199381
1043,dueling_dqn,3,45.688,10.84,35204,cpu,26,298,265.39,0.05,0.428207
1044,dueling_dqn,3,45.6916,10.32,35204,cpu,1,7,0.25,0.05,0.136929
1045,dueling_dqn,3,45.7014,10.18,35204,cpu,2,19,11.24,0.05,1.045765
1046,dueling_dqn,3,45.7711,10.22,35204,cpu,15,136,149.2,0.05,0.908648
1047,dueling_dqn,3,45.7902,10.18,35204,cpu,5,37,42.59,0.05,1.517268
1048,dueling_dqn,3,45.8312,10.06,35204,cpu,11,80,105.32,0.05,0.610693
1049,dueling_dqn,3,45.8764,10.04,35204,cpu,14,88,135.17,0.05,1.693486
1050,dueling_dqn,3,45.9124,10.06,35204,cpu,8,70,75.09,0.05,1.269782
1051,dueling_dqn,3,45.9412,9.84,35204,cpu,8,56,74.23,0.05,0.859744
1052,dueling_dqn,3,45.9634,9.66,35204,cpu,8,43,72.46,0.05,1.75541
1053,dueling_dqn,3,46.0026,9.84,35204,cpu,10,76,95.25,0.05,0.736551
1054,dueling_dqn,3,46.0286,9.52,35204,cpu,6,51,53.76,0.05,1.525974
1055,dueling_dqn,3,46.0811,9.52,35204,cpu,13,103,126.21,0.05,1.412904
1056,dueling_dqn,3,46.1543,9.82,35204,cpu,21,143,207.49,0.05,1.06884
1057,dueling_dqn,3,46.2066,10.06,35204,cpu,12,103,117.3,0.05,1.799124
1058,dueling_dqn,3,46.2163,9.78,35204,cpu,3,19,21.35,0.05,1.19421
1059,dueling_dqn,3,46.2666,9.58,35204,cpu,10,98,96.43,0.05,0.615458
1060,dueling_dqn,3,46.287,9.5,35204,cpu,5,40,42.66,0.05,1.313971
1061,dueling_dqn,3,46.3059,9.38,35204,cpu,5,37,42.59,0.05,1.088452
1062,dueling_dqn,3,46.3921,9.6,35204,cpu,17,168,172.5,0.05,0.757818
1063,dueling_dqn,3,46.4044,9.52,35204,cpu,2,24,11.89,0.05,0.942253
1064,dueling_dqn,3,46.4601,9.52,35204,cpu,11,109,105.33,0.05,0.961622
1065,dueling_dqn,3,46.5224,9.42,35204,cpu,14,122,136.43,0.05,1.231867
1066,dueling_dqn,3,46.6086,9.6,35204,cpu,20,169,200.52,0.05,0.733289
1067,dueling_dqn,3,46.6755,9.88,35204,cpu,15,131,148.95,0.05,1.830517
1068,dueling_dqn,3,46.737,9.96,35204,cpu,15,120,146.36,0.05,1.958433
1069,dueling_dqn,3,46.7757,9.9,35204,cpu,8,76,75.43,0.05,0.451045
1070,dueling_dqn,3,46.7946,9.86,35204,cpu,5,37,42.39,0.05,0.703609
1071,dueling_dqn,3,46.8108,9.76,35204,cpu,3,32,22.52,0.05,1.354206
1072,dueling_dqn,3,46.895,9.92,35204,cpu,24,164,241.31,0.05,1.100355
1073,dueling_dqn,3,46.9554,10.18,35204,cpu,16,118,157.89,0.05,1.141682
1074,dueling_dqn,3,47.0289,10.44,35204,cpu,19,143,188.87,0.05,1.599887
1075,dueling_dqn,3,47.1058,10.54,35204,cpu,19,150,187.7,0.05,1.491976
1076,dueling_dqn,3,47.1432,10.52,35204,cpu,11,72,104.8,0.05,0.988524
1077,dueling_dqn,3,47.1819,10.62,35204,cpu,9,75,85.25,0.05,1.365075
1078,dueling_dqn,3,47.1994,10.26,35204,cpu,4,34,32.01,0.05,1.167439
1079,dueling_dqn,3,47.2485,10.18,35204,cpu,9,95,83.65,0.05,0.454458
1080,dueling_dqn,3,47.2891,10.28,35204,cpu,10,78,94.63,0.05,2.018934
1081,dueling_dqn,3,47.379,10.64,35204,cpu,21,173,208.79,0.05,1.06009
1082,dueling_dqn,3,47.3987,10.66,35204,cpu,6,33,51.94,0.05,1.29612
1083,dueling_dqn,3,47.4175,10.58,35204,cpu,5,31,41.65,0.05,1.398655
1084,dueling_dqn,3,47.4652,10.54,35204,cpu,12,87,115.86,0.05,1.520089
1085,dueling_dqn,3,47.5051,10.56,35204,cpu,14,77,135.38,0.05,0.875353
1086,dueling_dqn,3,47.5647,10.66,35204,cpu,14,116,136.89,0.05,1.651938
1087,dueling_dqn,3,47.5723,10.62,35204,cpu,1,15,0.97,0.05,0.858998
1088,dueling_dqn,3,47.636,10.68,35204,cpu,15,124,148.52,0.05,0.596169
1089,dueling_dqn,3,47.7035,10.88,35204,cpu,19,131,189.19,0.05,1.27125
1090,dueling_dqn,3,47.7231,10.88,35204,cpu,7,38,62.3,0.05,1.610431
1091,dueling_dqn,3,47.7929,11.16,35204,cpu,17,135,168.53,0.05,1.199179
1092,dueling_dqn,3,47.8513,11.14,35204,cpu,12,114,116.89,0.05,1.276713
1093,dueling_dqn,3,47.8648,10.7,35204,cpu,4,26,31.49,0.05,0.650536
1094,dueling_dqn,3,47.9227,10.98,35204,cpu,15,113,146.93,0.05,0.493548
1095,dueling_dqn,3,47.933,10.98,35204,cpu,2,20,11.53,0.05,1.526539
1096,dueling_dqn,3,48.0013,10.98,35204,cpu,15,133,146.53,0.05,1.371429
1097,dueling_dqn,3,48.0433,11.14,35204,cpu,13,82,124.92,0.05,1.048322
1098,dueling_dqn,3,48.0546,10.96,35204,cpu,2,22,11.31,0.05,0.836725
1099,dueling_dqn,3,48.0951,10.82,35204,cpu,7,79,65.79,0.05,1.185805
1100,dueling_dqn,3,48.1272,10.82,35204,cpu,8,62,74.77,0.05,0.567476
1101,dueling_dqn,3,48.2057,11.06,35204,cpu,20,152,199.79,0.05,1.311816
1102,dueling_dqn,3,48.2604,11.2,35204,cpu,15,106,147.1,0.05,1.416095
1103,dueling_dqn,3,48.3212,11.3,35204,cpu,15,116,147.2,0.05,1.31949
1104,dueling_dqn,3,48.3793,11.42,35204,cpu,12,112,117.51,0.05,1.076327
1105,dueling_dqn,3,48.3967,11.24,35204,cpu,4,34,32.41,0.05,1.21992
1106,dueling_dqn,3,48.4776,11.2,35204,cpu,19,156,189.04,0.05,0.981694
1107,dueling_dqn,3,48.5196,11.2,35204,cpu,12,81,115.52,0.05,0.623187
1108,dueling_dqn,3,48.5598,11.34,35204,cpu,10,78,95.23,0.05,1.748084
1109,dueling_dqn,3,48.6265,11.4,35204,cpu,13,129,126.35,0.05,0.716405
1110,dueling_dqn,3,48.6762,11.54,35204,cpu,12,96,116.67,0.05,1.422538
1111,dueling_dqn,3,48.7146,11.6,35204,cpu,8,74,75.45,0.05,0.823958
1112,dueling_dqn,3,48.741,11.38,35204,cpu,6,51,53.76,0.05,1.077646
1113,dueling_dqn,3,48.7636,11.5,35204,cpu,8,44,72.55,0.05,1.580999
1114,dueling_dqn,3,48.7853,11.42,35204,cpu,7,42,62.86,0.05,1.174499
1115,dueling_dqn,3,48.8355,11.4,35204,cpu,13,97,124.47,0.05,1.007138
1116,dueling_dqn,3,48.892,11.26,35204,cpu,13,110,127.24,0.05,1.039751
1117,dueling_dqn,3,48.9368,11.18,35204,cpu,11,87,106.15,0.05,1.014643
1118,dueling_dqn,3,48.9561,11.0,35204,cpu,6,37,52.5,0.05,1.726663
1119,dueling_dqn,3,49.0364,11.16,35204,cpu,16,156,158.91,0.05,1.970516
1120,dueling_dqn,3,49.0447,11.12,35204,cpu,3,16,21.08,0.05,1.133386
1121,dueling_dqn,3,49.1066,11.34,35204,cpu,14,120,137.85,0.05,0.394559
1122,dueling_dqn,3,49.1271,10.94,35204,cpu,4,40,33.15,0.05,1.455979
1123,dueling_dqn,3,49.1594,10.78,35204,cpu,8,63,74.66,0.05,0.876051
1124,dueling_dqn,3,49.2074,10.68,35204,cpu,14,93,136.62,0.05,0.849001
1125,dueling_dqn,3,49.2924,10.76,35204,cpu,23,165,230.29,0.05,0.865703
1126,dueling_dqn,3,49.4199,10.98,35204,cpu,22,243,221.6,0.05,1.089154
1127,dueling_dqn,3,49.4879,11.1,35204,cpu,15,130,148.06,0.05,1.801339
1128,dueling_dqn,3,49.4998,11.06,35204,cpu,2,23,11.6,0.05,1.603074
1129,dueling_dqn,3,49.5473,11.12,35204,cpu,12,91,116.22,0.05,1.197495
1130,dueling_dqn,3,49.5811,11.1,35204,cpu,9,65,84.75,0.05,1.580227
1131,dueling_dqn,3,49.6071,10.86,35204,cpu,9,50,82.2,0.05,1.00307
1132,dueling_dqn,3,49.6666,11.06,35204,cpu,16,115,158.62,0.05,0.503046
1133,dueling_dqn,3,49.7215,11.28,35204,cpu,16,107,156.7,0.05,1.44274
1134,dueling_dqn,3,49.8022,11.38,35204,cpu,17,157,169.91,0.05,1.578439
1135,dueling_dqn,3,49.8449,11.36,35204,cpu,13,83,125.41,0.05,0.896591
1136,dueling_dqn,3,49.8685,11.2,35204,cpu,6,44,53.33,0.05,1.10235
1137,dueling_dqn,3,49.9155,11.48,35204,cpu,15,90,145.86,0.05,1.348917
1138,dueling_dqn,3,49.9217,11.2,35204,cpu,1,12,0.7,0.05,1.757957
1139,dueling_dqn,3,49.9573,11.04,35204,cpu,11,68,104.84,0.05,0.72836
1140,dueling_dqn,3,49.9947,11.1,35204,cpu,10,71,94.8,0.05,0.559389
1141,dueling_dqn,3,50.0094,10.84,35204,cpu,4,28,31.07,0.05,0.494363
1142,dueling_dqn,3,50.0725,10.9,35204,cpu,15,123,148.43,0.05,0.990748
1143,dueling_dqn,3,50.0995,10.92,35204,cpu,5,53,44.23,0.05,1.468745
1144,dueling_dqn,3,50.1346,10.82,35204,cpu,10,68,95.13,0.05,1.21294
1145,dueling_dqn,3,50.238,11.24,35204,cpu,23,201,233.13,0.05,0.3169
1146,dueling_dqn,3,50.2696,11.08,35204,cpu,7,59,64.39,0.05,0.504566
1147,dueling_dqn,3,50.2836,10.9,35204,cpu,4,26,31.89,0.05,1.292832
1148,dueling_dqn,3,50.3705,11.28,35204,cpu,21,168,209.74,0.05,1.483081
1149,dueling_dqn,3,50.3932,11.26,35204,cpu,6,43,53.24,0.05,0.470472
1150,dueling_dqn,3,50.4646,11.5,35204,cpu,20,138,198.13,0.05,1.501153
1151,dueling_dqn,3,50.4856,11.2,35204,cpu,5,41,42.95,0.05,1.224096
1152,dueling_dqn,3,50.5175,11.04,35204,cpu,7,62,63.66,0.05,0.945131
1153,dueling_dqn,3,50.5889,11.04,35204,cpu,15,138,149.18,0.05,0.960846
1154,dueling_dqn,3,50.6557,11.1,35204,cpu,15,129,147.57,0.05,1.422109
1155,dueling_dqn,3,50.7033,11.26,35204,cpu,12,93,116.4,0.05,0.82996
1156,dueling_dqn,3,50.7472,11.08,35204,cpu,10,86,95.95,0.05,0.858629
1157,dueling_dqn,3,50.8473,11.34,35204,cpu,25,195,251.81,0.05,1.55684
1158,dueling_dqn,3,50.8843,11.26,35204,cpu,6,71,55.36,0.05,0.858622
1159,dueling_dqn,3,50.8953,11.1,35204,cpu,5,21,41.35,0.05,0.889332
1160,dueling_dqn,3,50.8979,10.86,35204,cpu,0,5,-9.64,0.05,1.668408
1161,dueling_dqn,3,50.9757,11.02,35204,cpu,16,152,160.35,0.05,0.930525
1162,dueling_dqn,3,51.0006,11.04,35204,cpu,7,49,62.89,0.05,1.124125
1163,dueling_dqn,3,51.0932,11.32,35204,cpu,22,181,222.62,0.05,0.864751
1164,dueling_dqn,3,51.1435,11.5,35204,cpu,16,99,156.18,0.05,1.315847
1165,dueling_dqn,3,51.2064,11.6,35204,cpu,18,123,177.96,0.05,1.402588
1166,dueling_dqn,3,51.3223,11.88,35204,cpu,27,227,275.51,0.05,1.332469
1167,dueling_dqn,3,51.3346,11.7,35204,cpu,2,24,11.69,0.05,1.32388
1168,dueling_dqn,3,51.3813,11.78,35204,cpu,10,91,96.2,0.05,0.766389
1169,dueling_dqn,3,51.4369,11.74,35204,cpu,14,109,137.06,0.05,1.211347
1170,dueling_dqn,3,51.4498,11.76,35204,cpu,4,25,31.8,0.05,1.064196
1171,dueling_dqn,3,51.5312,11.88,35204,cpu,20,159,201.02,0.05,1.184447
1172,dueling_dqn,3,51.5536,11.94,35204,cpu,7,44,62.84,0.05,1.259978
1173,dueling_dqn,3,51.6241,12.08,35204,cpu,15,138,148.78,0.05,1.410223
1174,dueling_dqn,3,51.6931,12.08,35204,cpu,14,135,140.0,0.05,0.71712
1175,dueling_dqn,3,51.7735,11.98,35204,cpu,18,158,178.51,0.05,1.775443
1176,dueling_dqn,3,51.8269,11.82,35204,cpu,14,104,137.21,0.05,0.661426
1177,dueling_dqn,3,51.8908,11.9,35204,cpu,19,125,188.85,0.05,1.005671
1178,dueling_dqn,3,51.9191,12.04,35204,cpu,9,55,83.85,0.05,1.323103
1179,dueling_dqn,3,51.9622,12.04,35204,cpu,12,84,115.39,0.05,1.129386
1180,dueling_dqn,3,52.0422,12.3,35204,cpu,22,156,220.37,0.05,1.302983
1181,dueling_dqn,3,52.0776,12.3,35204,cpu,9,69,84.91,0.05,0.387226
1182,dueling_dqn,3,52.129,12.18,35204,cpu,10,101,96.9,0.05,0.873952
1183,dueling_dqn,3,52.1662,12.08,35204,cpu,11,73,105.09,0.05,1.953063
1184,dueling_dqn,3,52.1718,11.76,35204,cpu,1,11,0.81,0.05,1.024297
1185,dueling_dqn,3,52.2091,11.72,35204,cpu,11,73,105.29,0.05,1.458979
1186,dueling_dqn,3,52.236,11.8,35204,cpu,10,53,93.58,0.05,1.790463
1187,dueling_dqn,3,52.2747,11.66,35204,cpu,8,76,73.83,0.05,1.484701
1188,dueling_dqn,3,52.3276,12.0,35204,cpu,18,103,176.16,0.05,1.226956
1189,dueling_dqn,3,52.3512,11.9,35204,cpu,6,46,53.31,0.05,0.849378
1190,dueling_dqn,3,52.3659,11.78,35204,cpu,4,29,31.96,0.05,1.201465
1191,dueling_dqn,3,52.4642,12.1,35204,cpu,20,192,200.59,0.05,1.574497
1192,dueling_dqn,3,52.5025,11.98,35204,cpu,9,75,85.65,0.05,1.433709
1193,dueling_dqn,3,52.5351,12.04,35204,cpu,8,64,73.35,0.05,0.727247
1194,dueling_dqn,3,52.5963,12.12,35204,cpu,14,120,138.25,0.05,1.362443
1195,dueling_dqn,3,52.6294,11.82,35204,cpu,8,65,74.44,0.05,1.515568
1196,dueling_dqn,3,52.6886,11.92,35204,cpu,12,116,118.27,0.05,0.872468
1197,dueling_dqn,3,52.7166,11.98,35204,cpu,7,55,64.03,0.05,1.377923
1198,dueling_dqn,3,52.7696,11.82,35204,cpu,13,104,127.5,0.05,0.72235
1199,dueling_dqn,3,52.9143,12.26,35204,cpu,28,283,285.86,0.05,0.733271
1200,dueling_dqn,3,53.0083,12.38,35204,cpu,26,184,260.93,0.05,2.058372
1201,dueling_dqn,3,53.0638,12.56,35204,cpu,14,109,135.66,0.05,1.229945
1202,dueling_dqn,3,53.0867,12.54,35204,cpu,6,45,52.62,0.05,1.918122
1203,dueling_dqn,3,53.164,12.56,35204,cpu,16,151,160.86,0.05,1.279219
1204,dueling_dqn,3,53.2436,12.58,35204,cpu,16,156,157.71,0.05,2.072047
1205,dueling_dqn,3,53.2553,12.4,35204,cpu,3,23,21.51,0.05,0.794235
1206,dueling_dqn,3,53.283,12.34,35204,cpu,7,54,63.74,0.05,0.683016
1207,dueling_dqn,3,53.3237,12.02,35204,cpu,9,79,85.61,0.05,1.146753
1208,dueling_dqn,3,53.3805,12.16,35204,cpu,13,111,126.53,0.05,1.081177
1209,dueling_dqn,3,53.3922,12.12,35204,cpu,3,23,21.31,0.05,0.950696
1210,dueling_dqn,3,53.405,12.16,35204,cpu,2,25,11.18,0.05,1.081887
1211,dueling_dqn,3,53.4416,12.04,35204,cpu,10,72,94.49,0.05,1.398669
1212,dueling_dqn,3,53.5613,12.38,35204,cpu,24,234,239.01,0.05,0.69
1213,dueling_dqn,3,53.614,12.18,35204,cpu,12,103,116.3,0.05,1.028845
1214,dueling_dqn,3,53.6515,12.06,35204,cpu,10,73,95.18,0.05,1.277058
1215,dueling_dqn,3,53.6819,11.82,35204,cpu,6,59,53.68,0.05,1.097528
1216,dueling_dqn,3,53.6968,11.36,35204,cpu,4,29,32.16,0.05,1.602794
1217,dueling_dqn,3,53.7836,11.72,35204,cpu,20,168,199.23,0.05,1.074896
1218,dueling_dqn,3,53.817,11.66,35204,cpu,7,65,65.13,0.05,0.955789
1219,dueling_dqn,3,53.8601,11.64,35204,cpu,13,83,125.81,0.05,0.632339
1220,dueling_dqn,3,53.9084,11.84,35204,cpu,14,94,135.71,0.05,1.267546
1221,dueling_dqn,3,53.9698,11.68,35204,cpu,12,119,118.34,0.05,0.548384
1222,dueling_dqn,3,54.0038,11.66,35204,cpu,6,66,55.11,0.05,0.894316
1223,dueling_dqn,3,54.0398,11.54,35204,cpu,9,70,85.2,0.05,1.352962
1224,dueling_dqn,3,54.0593,11.36,35204,cpu,5,38,42.68,0.05,0.874448
1225,dueling_dqn,3,54.1293,11.36,35204,cpu,18,135,178.84,0.05,0.349711
1226,dueling_dqn,3,54.1636,11.28,35204,cpu,10,67,94.64,0.05,1.058083
1227,dueling_dqn,3,54.1682,10.92,35204,cpu,1,9,0.63,0.05,1.287117
1228,dueling_dqn,3,54.233,11.1,35204,cpu,18,126,177.83,0.05,1.550209
1229,dueling_dqn,3,54.3339,11.34,35204,cpu,24,196,242.79,0.05,1.318848
1230,dueling_dqn,3,54.3791,11.16,35204,cpu,13,87,125.97,0.05,2.370579
1231,dueling_dqn,3,54.4362,11.26,35204,cpu,14,111,137.04,0.05,1.586511
1232,dueling_dqn,3,54.5052,11.42,35204,cpu,18,134,179.35,0.05,1.866016
1233,dueling_dqn,3,54.5668,11.5,35204,cpu,15,119,148.87,0.05,0.962313
1234,dueling_dqn,3,54.6306,11.78,35204,cpu,15,123,146.23,0.05,1.50757
1235,dueling_dqn,3,54.6419,11.62,35204,cpu,3,22,21.62,0.05,1.545003
1236,dueling_dqn,3,54.6517,11.46,35204,cpu,2,19,11.04,0.05,0.921404
1237,dueling_dqn,3,54.697,11.52,35204,cpu,11,88,105.44,0.05,1.505535
1238,dueling_dqn,3,54.7635,11.52,35204,cpu,18,129,177.9,0.05,1.017618
1239,dueling_dqn,3,54.7934,11.56,35204,cpu,8,58,74.41,0.05,0.778739
1240,dueling_dqn,3,54.8631,11.74,35204,cpu,13,136,126.78,0.05,0.427273
1241,dueling_dqn,3,54.8786,11.42,35204,cpu,4,30,31.45,0.05,1.027513
1242,dueling_dqn,3,54.9262,11.44,35204,cpu,10,93,95.38,0.05,0.909115
1243,dueling_dqn,3,54.9298,11.28,35204,cpu,0,7,-9.46,0.05,2.273949
1244,dueling_dqn,3,54.9787,11.26,35204,cpu,13,95,126.09,0.05,0.871108
1245,dueling_dqn,3,54.9922,11.18,35204,cpu,4,26,31.89,0.05,0.953773
1246,dueling_dqn,3,55.0115,11.04,35204,cpu,5,37,42.79,0.05,1.863888
1247,dueling_dqn,3,55.0303,10.96,35204,cpu,3,37,22.77,0.05,0.904369
1248,dueling_dqn,3,55.0663,10.88,35204,cpu,9,70,85.0,0.05,1.279442
1249,dueling_dqn,3,55.0847,10.4,35204,cpu,4,36,32.19,0.05,0.856009
1250,dueling_dqn,3,55.1494,10.16,35204,cpu,14,126,138.99,0.05,1.58673
1251,dueling_dqn,3,55.168,10.0,35204,cpu,6,36,52.61,0.05,1.089086
1252,dueling_dqn,3,55.2238,10.24,35204,cpu,18,108,177.21,0.05,1.467912
1253,dueling_dqn,3,55.2392,9.98,35204,cpu,3,30,22.34,0.05,1.127498
1254,dueling_dqn,3,55.3239,10.0,35204,cpu,17,163,171.85,0.05,1.829655
1255,dueling_dqn,3,55.3338,10.04,35204,cpu,5,19,40.77,0.05,0.596699
1256,dueling_dqn,3,55.3723,10.12,35204,cpu,11,74,103.98,0.05,1.791923
1257,dueling_dqn,3,55.4376,10.28,35204,cpu,17,126,168.72,0.05,0.757248
1258,dueling_dqn,3,55.4768,10.22,35204,cpu,10,76,95.65,0.05,0.595311
1259,dueling_dqn,3,55.4867,10.24,35204,cpu,4,19,31.26,0.05,0.653318
1260,dueling_dqn,3,55.5614,10.52,35204,cpu,16,145,158.52,0.05,0.94783
1261,dueling_dqn,3,55.6138,10.58,35204,cpu,13,102,127.52,0.05,1.857238
1262,dueling_dqn,3,55.6756,10.36,35204,cpu,13,120,128.74,0.05,0.605536
1263,dueling_dqn,3,55.6864,10.16,35204,cpu,2,21,11.62,0.05,2.214287
1264,dueling_dqn,3,55.7402,10.2,35204,cpu,12,105,115.88,0.05,0.957632
1265,dueling_dqn,3,55.7922,10.34,35204,cpu,13,101,126.63,0.05,1.064004
1266,dueling_dqn,3,55.8571,10.58,35204,cpu,16,126,158.21,0.05,0.864769
1267,dueling_dqn,3,55.8885,10.32,35204,cpu,7,61,63.97,0.05,1.102791
1268,dueling_dqn,3,55.8938,10.22,35204,cpu,2,10,10.63,0.05,1.235642
1269,dueling_dqn,3,55.9467,10.18,35204,cpu,11,103,107.59,0.05,1.603829
1270,dueling_dqn,3,55.9524,9.92,35204,cpu,1,11,0.81,0.05,1.664654
1271,dueling_dqn,3,56.0023,9.86,35204,cpu,9,97,86.03,0.05,0.888522
1272,dueling_dqn,3,56.0353,9.9,35204,cpu,8,64,74.55,0.05,0.448982
1273,dueling_dqn,3,56.1193,10.14,35204,cpu,21,164,209.98,0.05,1.458624
1274,dueling_dqn,3,56.1264,10.06,35204,cpu,1,14,1.08,0.05,2.229296
1275,dueling_dqn,3,56.1499,9.84,35204,cpu,7,46,62.82,0.05,2.352709
1276,dueling_dqn,3,56.2088,9.96,35204,cpu,16,115,157.22,0.05,1.699234
1277,dueling_dqn,3,56.2267,10.02,35204,cpu,4,35,32.3,0.05,1.665088
1278,dueling_dqn,3,56.2703,9.9,35204,cpu,12,85,115.08,0.05,1.285647
1279,dueling_dqn,3,56.2897,9.54,35204,cpu,6,38,52.39,0.05,0.752323
1280,dueling_dqn,3,56.3387,9.5,35204,cpu,11,95,106.27,0.05,0.993865
1281,dueling_dqn,3,56.4286,9.62,35204,cpu,20,175,199.86,0.05,0.909569
1282,dueling_dqn,3,56.4795,9.48,35204,cpu,11,100,105.92,0.05,1.941783
1283,dueling_dqn,3,56.5276,9.42,35204,cpu,12,94,117.09,0.05,1.834609
1284,dueling_dqn,3,56.5995,9.42,35204,cpu,15,141,148.05,0.05,1.259284
1285,dueling_dqn,3,56.6572,9.6,35204,cpu,12,113,117.0,0.05,1.658747
1286,dueling_dqn,3,56.7512,9.96,35204,cpu,20,183,200.98,0.05,2.293369
1287,dueling_dqn,3,56.7798,9.92,35204,cpu,9,56,83.54,0.05,1.114909
1288,dueling_dqn,3,56.8185,9.82,35204,cpu,13,75,124.89,0.05,1.143939
1289,dueling_dqn,3,56.8818,9.96,35204,cpu,15,124,147.32,0.05,0.746304
1290,dueling_dqn,3,56.9259,9.98,35204,cpu,14,86,135.99,0.05,1.548566
1291,dueling_dqn,3,56.9664,10.14,35204,cpu,12,79,115.14,0.05,0.175614
1292,dueling_dqn,3,56.9766,9.98,35204,cpu,2,20,11.33,0.05,0.471086
1293,dueling_dqn,3,56.9893,10.06,35204,cpu,4,25,31.6,0.05,1.192251
1294,dueling_dqn,3,56.9979,9.84,35204,cpu,2,17,11.26,0.05,0.978683
1295,dueling_dqn,3,57.0625,10.12,35204,cpu,18,126,178.83,0.05,0.947134
1296,dueling_dqn,3,57.1053,10.22,35204,cpu,10,84,95.37,0.05,0.99942
1297,dueling_dqn,3,57.1832,10.52,35204,cpu,18,152,179.37,0.05,1.035092
1298,dueling_dqn,3,57.199,10.42,35204,cpu,4,31,32.34,0.05,1.00145
1299,dueling_dqn,3,57.2716,10.68,35204,cpu,17,142,169.76,0.05,1.706661
1300,dueling_dqn,3,57.3571,10.86,35204,cpu,23,166,231.78,0.05,1.992839
1301,dueling_dqn,3,57.3785,10.88,35204,cpu,7,42,62.66,0.05,1.422132
1302,dueling_dqn,3,57.4596,10.92,35204,cpu,20,158,200.33,0.05,0.293845
1303,dueling_dqn,3,57.543,11.3,35204,cpu,22,163,221.0,0.05,1.189817
1304,dueling_dqn,3,57.5889,11.2,35204,cpu,12,90,116.53,0.05,0.912318
1305,dueling_dqn,3,57.6543,11.42,35204,cpu,16,128,157.99,0.05,1.176696
1306,dueling_dqn,3,57.7314,11.56,35204,cpu,18,151,179.88,0.05,0.965856
1307,dueling_dqn,3,57.7823,11.5,35204,cpu,14,100,136.65,0.05,1.672036
1308,dueling_dqn,3,57.7987,11.36,35204,cpu,3,32,22.12,0.05,1.173468
1309,dueling_dqn,3,57.8233,11.42,35204,cpu,7,48,63.6,0.05,1.159903
1310,dueling_dqn,3,57.8268,11.1,35204,cpu,0,7,-9.46,0.05,0.636664
1311,dueling_dqn,3,57.8861,11.16,35204,cpu,16,116,157.31,0.05,1.041229
1312,dueling_dqn,3,57.9563,11.26,35204,cpu,18,138,178.91,0.05,1.093447
1313,dueling_dqn,3,58.0104,11.48,35204,cpu,13,106,127.68,0.05,2.348176
1314,dueling_dqn,3,58.0205,11.3,35204,cpu,3,20,21.44,0.05,1.12224
1315,dueling_dqn,3,58.024,11.06,35204,cpu,1,7,0.45,0.05,0.909748
1316,dueling_dqn,3,58.0708,10.98,35204,cpu,12,91,115.62,0.05,1.583176
1317,dueling_dqn,3,58.1489,11.26,35204,cpu,21,153,209.99,0.05,1.931158
1318,dueling_dqn,3,58.1937,11.4,35204,cpu,9,88,86.02,0.05,1.340109
1319,dueling_dqn,3,58.2263,11.36,35204,cpu,9,64,84.26,0.05,0.774564
1320,dueling_dqn,3,58.2436,11.42,35204,cpu,4,34,31.61,0.05,0.39461
1321,dueling_dqn,3,58.2563,11.3,35204,cpu,3,25,21.69,0.05,0.813079
1322,dueling_dqn,3,58.3179,11.48,35204,cpu,17,120,166.58,0.05,0.773293
1323,dueling_dqn,3,58.3721,11.34,35204,cpu,14,105,135.3,0.05,1.928062
1324,dueling_dqn,3,58.4174,11.52,35204,cpu,10,88,95.93,0.05,1.834288
1325,dueling_dqn,3,58.4829,11.68,35204,cpu,15,127,148.19,0.05,1.367793
1326,dueling_dqn,3,58.5386,11.56,35204,cpu,10,109,97.22,0.05,0.833837
1327,dueling_dqn,3,58.6179,11.84,35204,cpu,18,154,179.55,0.05,0.647941
1328,dueling_dqn,3,58.6956,12.06,35204,cpu,23,151,229.23,0.05,0.804703
1329,dueling_dqn,3,58.7214,12.1,35204,cpu,8,50,72.69,0.05,0.803625
1330,dueling_dqn,3,58.7727,12.12,35204,cpu,12,100,115.63,0.05,1.637578
1331,dueling_dqn,3,58.8324,11.96,35204,cpu,12,117,115.36,0.05,1.680835
1332,dueling_dqn,3,58.8944,12.02,35204,cpu,14,121,137.74,0.05,1.857963
1333,dueling_dqn,3,58.9403,11.98,35204,cpu,10,90,95.31,0.05,0.770023
1334,dueling_dqn,3,58.999,11.96,35204,cpu,14,114,138.31,0.05,0.141976
1335,dueling_dqn,3,59.0442,11.94,35204,cpu,11,88,106.44,0.05,1.748491
1336,dueling_dqn,3,59.0891,11.8,35204,cpu,13,86,125.88,0.05,0.650537
1337,dueling_dqn,3,59.1405,11.88,35204,cpu,13,99,126.85,0.05,0.37177
1338,dueling_dqn,3,59.1564,11.7,35204,cpu,4,31,32.34,0.05,0.592805
1339,dueling_dqn,3,59.1661,11.44,35204,cpu,2,19,11.24,0.05,0.338347
1340,dueling_dqn,3,59.2314,11.48,35204,cpu,16,126,158.21,0.05,1.05306
1341,dueling_dqn,3,59.3117,11.6,35204,cpu,18,155,179.44,0.05,1.328416
1342,dueling_dqn,3,59.3903,11.9,35204,cpu,17,151,169.97,0.05,0.959558
1343,dueling_dqn,3,59.4232,11.98,35204,cpu,8,64,73.35,0.05,1.124231
1344,dueling_dqn,3,59.4268,11.94,35204,cpu,0,7,-9.66,0.05,1.091631
1345,dueling_dqn,3,59.4933,11.86,35204,cpu,14,129,137.66,0.05,1.581364
1346,dueling_dqn,3,59.6009,12.12,35204,cpu,23,209,231.45,0.05,1.157699
1347,dueling_dqn,3,59.6952,12.2,35204,cpu,22,183,220.4,0.05,0.634826
1348,dueling_dqn,3,59.7261,12.24,35204,cpu,6,60,54.17,0.05,0.826183
1349,dueling_dqn,3,59.7606,12.06,35204,cpu,8,67,75.22,0.05,1.080405
1350,dueling_dqn,3,59.8528,11.98,35204,cpu,19,179,191.11,0.05,0.340384
1351,dueling_dqn,3,59.8704,11.94,35204,cpu,5,34,42.52,0.05,1.852267
1352,dueling_dqn,3,59.918,11.78,35204,cpu,12,92,115.71,0.05,0.976359
1353,dueling_dqn,3,59.9868,11.68,35204,cpu,17,133,168.55,0.05,0.954024
1354,dueling_dqn,3,59.9929,11.46,35204,cpu,1,12,0.5,0.05,1.421996
1355,dueling_dqn,3,60.0064,11.2,35204,cpu,3,26,21.78,0.05,0.630895
1356,dueling_dqn,3,60.0474,11.08,35204,cpu,12,80,115.43,0.05,0.815302
1357,dueling_dqn,3,60.0521,10.82,35204,cpu,1,9,0.23,0.05,0.782346
1358,dueling_dqn,3,60.086,10.9,35204,cpu,7,66,64.02,0.05,1.45783
1359,dueling_dqn,3,60.1018,10.84,35204,cpu,4,31,31.54,0.05,0.262241
1360,dueling_dqn,3,60.159,11.12,35204,cpu,14,111,138.64,0.05,0.816427
1361,dueling_dqn,3,60.1992,10.96,35204,cpu,8,78,75.81,0.05,0.808948
1362,dueling_dqn,3,60.2395,10.8,35204,cpu,10,78,95.83,0.05,0.865395
1363,dueling_dqn,3,60.2839,10.76,35204,cpu,11,86,105.66,0.05,1.592671
1364,dueling_dqn,3,60.333,10.94,35204,cpu,12,95,116.18,0.05,0.898058
1365,dueling_dqn,3,60.372,11.12,35204,cpu,10,76,95.45,0.05,2.316519
1366,dueling_dqn,3,60.4157,11.08,35204,cpu,10,85,96.26,0.05,1.858465
1367,dueling_dqn,3,60.4836,11.0,35204,cpu,17,132,168.46,0.05,0.850668
1368,dueling_dqn,3,60.5481,11.1,35204,cpu,14,125,138.1,0.05,1.199173
1369,dueling_dqn,3,60.5579,10.96,35204,cpu,2,19,10.84,0.05,1.049472
1370,dueling_dqn,3,60.5969,11.04,35204,cpu,8,76,73.63,0.05,0.931957
1371,dueling_dqn,3,60.6252,11.14,35204,cpu,8,55,73.94,0.05,1.854033
1372,dueling_dqn,3,60.6386,10.86,35204,cpu,3,26,20.78,0.05,1.292975
1373,dueling_dqn,3,60.6908,10.84,35204,cpu,13,101,127.83,0.05,0.708173
1374,dueling_dqn,3,60.6933,10.64,35204,cpu,0,5,-9.64,0.05,1.752268
1375,dueling_dqn,3,60.7386,10.58,35204,cpu,12,88,116.15,0.05,0.568498
1376,dueling_dqn,3,60.7601,10.52,35204,cpu,7,41,62.57,0.05,1.195966
1377,dueling_dqn,3,60.8369,10.56,35204,cpu,20,150,199.21,0.05,0.808185
1378,dueling_dqn,3,60.8712,10.28,35204,cpu,9,67,84.33,0.05,0.88096
1379,dueling_dqn,3,60.9248,10.36,35204,cpu,12,104,117.39,0.05,1.525979
1380,dueling_dqn,3,60.9909,10.44,35204,cpu,16,129,157.48,0.05,1.43221
1381,dueling_dqn,3,61.0541,10.58,35204,cpu,19,123,188.67,0.05,0.885318
1382,dueling_dqn,3,61.0629,10.34,35204,cpu,2,17,11.26,0.05,1.563393
1383,dueling_dqn,3,61.1386,10.46,35204,cpu,16,148,159.19,0.05,0.938329
1384,dueling_dqn,3,61.2241,10.56,35204,cpu,19,167,188.43,0.05,0.910779
1385,dueling_dqn,3,61.2404,10.42,35204,cpu,4,32,32.43,0.05,1.221449
1386,dueling_dqn,3,61.2594,10.28,35204,cpu,6,37,52.1,0.05,1.718385
1387,dueling_dqn,3,61.2872,10.18,35204,cpu,8,54,73.65,0.05,1.695578
1388,dueling_dqn,3,61.3059,10.18,35204,cpu,4,36,32.59,0.05,0.657598
1389,dueling_dqn,3,61.3754,10.5,35204,cpu,18,135,178.84,0.05,1.505906
1390,dueling_dqn,3,61.4017,10.34,35204,cpu,8,51,73.18,0.05,1.556075
1391,dueling_dqn,3,61.4962,10.38,35204,cpu,20,184,200.87,0.05,0.454259
1392,dueling_dqn,3,61.5418,10.3,35204,cpu,13,89,125.55,0.05,1.039076
1393,dueling_dqn,3,61.5833,10.34,35204,cpu,10,81,95.5,0.05,0.967515
1394,dueling_dqn,3,61.6244,10.58,35204,cpu,12,80,114.43,0.05,0.788749
1395,dueling_dqn,3,61.6966,10.7,35204,cpu,20,141,198.8,0.05,1.489844
1396,dueling_dqn,3,61.7458,10.46,35204,cpu,11,96,106.96,0.05,0.604892
1397,dueling_dqn,3,61.7618,10.08,35204,cpu,3,31,22.23,0.05,0.452444
1398,dueling_dqn,3,61.7823,10.06,35204,cpu,5,40,42.86,0.05,1.227525
1399,dueling_dqn,3,61.792,9.98,35204,cpu,4,19,31.26,0.05,0.369432
1400,dueling_dqn,3,61.8038,9.64,35204,cpu,2,23,11.4,0.05,0.423562
1401,dueling_dqn,3,61.8503,9.74,35204,cpu,10,91,96.6,0.05,1.311383
1402,dueling_dqn,3,61.9058,9.74,35204,cpu,12,109,117.64,0.05,1.372036
1403,dueling_dqn,3,61.9274,9.5,35204,cpu,5,42,43.24,0.05,1.033824
1404,dueling_dqn,3,61.9764,9.78,35204,cpu,15,95,145.91,0.05,1.343233
1405,dueling_dqn,3,62.0347,10.04,35204,cpu,16,113,157.24,0.05,0.812181
1406,dueling_dqn,3,62.0528,9.88,35204,cpu,4,35,32.3,0.05,1.020519
1407,dueling_dqn,3,62.1196,10.22,35204,cpu,18,127,178.72,0.05,1.199697
1408,dueling_dqn,3,62.1667,10.32,35204,cpu,12,92,115.71,0.05,1.255761
1409,dueling_dqn,3,62.1854,10.34,35204,cpu,5,36,42.7,0.05,0.639738
1410,dueling_dqn,3,62.2028,10.18,35204,cpu,6,34,52.43,0.05,1.267492
1411,dueling_dqn,3,62.2556,10.32,35204,cpu,15,102,146.94,0.05,1.765937
1412,dueling_dqn,3,62.3302,10.46,35204,cpu,17,144,166.14,0.05,1.120763
1413,dueling_dqn,3,62.3821,10.54,35204,cpu,15,101,145.85,0.05,0.418166
1414,dueling_dqn,3,62.4088,10.42,35204,cpu,6,52,53.25,0.05,1.064209
1415,dueling_dqn,3,62.474,10.54,35204,cpu,16,126,158.61,0.05,1.042307
1416,dueling_dqn,3,62.4781,10.34,35204,cpu,0,8,-9.37,0.05,0.888678
1417,dueling_dqn,3,62.5012,10.16,35204,cpu,8,45,73.04,0.05,0.94689
1418,dueling_dqn,3,62.5872,10.26,35204,cpu,19,167,188.83,0.05,1.060301
1419,dueling_dqn,3,62.6042,10.28,35204,cpu,3,33,22.61,0.05,0.4187
1420,dueling_dqn,3,62.6766,10.44,35204,cpu,16,141,159.96,0.05,1.271092
1421,dueling_dqn,3,62.7909,10.72,35204,cpu,22,222,221.71,0.05,0.649617
1422,dueling_dqn,3,62.8503,10.94,35204,cpu,14,115,137.4,0.05,0.474028
1423,dueling_dqn,3,62.8802,10.82,35204,cpu,7,58,64.3,0.05,0.368124
1424,dueling_dqn,3,62.9236,11.04,35204,cpu,11,84,105.08,0.05,0.68583
1425,dueling_dqn,3,62.9939,11.08,35204,cpu,14,137,136.18,0.05,1.147878
1426,dueling_dqn,3,63.0393,11.18,35204,cpu,12,88,115.15,0.05,0.944273
1427,dueling_dqn,3,63.1265,11.2,35204,cpu,21,170,210.32,0.05,1.446785
1428,dueling_dqn,3,63.1465,11.16,35204,cpu,7,39,62.59,0.05,0.917326
1429,dueling_dqn,3,63.1501,10.94,35204,cpu,1,7,0.45,0.05,1.513355
1430,dueling_dqn,3,63.1746,10.74,35204,cpu,6,48,52.69,0.05,1.092248
1431,dueling_dqn,3,63.2222,10.56,35204,cpu,10,93,96.18,0.05,1.284339
1432,dueling_dqn,3,63.3317,10.96,35204,cpu,22,214,219.99,0.05,0.808855
1433,dueling_dqn,3,63.3389,10.68,35204,cpu,2,14,10.99,0.05,0.809156
1434,dueling_dqn,3,63.3498,10.4,35204,cpu,5,21,41.35,0.05,1.127439
1435,dueling_dqn,3,63.4147,10.66,35204,cpu,17,126,168.92,0.05,1.146041
1436,dueling_dqn,3,63.4788,10.82,35204,cpu,14,125,138.9,0.05,1.55716
1437,dueling_dqn,3,63.4941,10.74,35204,cpu,4,30,32.05,0.05,0.843406
1438,dueling_dqn,3,63.6045,11.12,35204,cpu,23,216,231.08,0.05,1.03869
1439,dueling_dqn,3,63.6172,10.82,35204,cpu,3,25,21.89,0.05,0.620654
1440,dueling_dqn,3,63.6958,11.02,35204,cpu,18,153,179.06,0.05,0.850637
1441,dueling_dqn,3,63.7403,10.82,35204,cpu,10,85,93.86,0.05,1.5785
1442,dueling_dqn,3,63.7742,10.74,35204,cpu,9,65,84.75,0.05,0.84635
1443,dueling_dqn,3,63.7973,10.62,35204,cpu,4,44,33.11,0.05,1.472863
1444,dueling_dqn,3,63.8126,10.42,35204,cpu,2,29,12.34,0.05,1.432265
1445,dueling_dqn,3,63.9504,10.58,35204,cpu,28,265,285.44,0.05,0.612069
1446,dueling_dqn,3,64.0136,10.66,35204,cpu,15,122,146.94,0.05,2.560554
1447,dueling_dqn,3,64.0444,10.76,35204,cpu,8,60,74.19,0.05,2.460871
1448,dueling_dqn,3,64.0972,10.96,35204,cpu,15,102,147.14,0.05,1.06455
1449,dueling_dqn,3,64.2264,11.42,35204,cpu,27,250,276.18,0.05,0.551439
1450,dueling_dqn,3,64.3422,11.94,35204,cpu,28,223,283.66,0.05,1.433677
1451,dueling_dqn,3,64.4916,12.32,35204,cpu,29,289,295.31,0.05,1.154469
1452,dueling_dqn,3,64.5273,12.24,35204,cpu,8,69,73.6,0.05,0.696022
1453,dueling_dqn,3,64.6209,12.52,35204,cpu,19,183,190.67,0.05,1.009965
1454,dueling_dqn,3,64.6685,12.48,35204,cpu,13,92,125.82,0.05,0.627474
1455,dueling_dqn,3,64.7211,12.46,35204,cpu,15,101,147.45,0.05,1.281015
1456,dueling_dqn,3,64.7625,12.62,35204,cpu,12,79,115.34,0.05,0.356121
1457,dueling_dqn,3,64.8029,12.48,35204,cpu,11,78,104.14,0.05,1.344447
1458,dueling_dqn,3,64.8097,12.28,35204,cpu,2,13,10.9,0.05,0.991294
1459,dueling_dqn,3,64.8663,12.44,35204,cpu,13,109,128.15,0.05,1.423903
1460,dueling_dqn,3,64.8957,12.44,35204,cpu,6,57,53.9,0.05,0.636148
1461,dueling_dqn,3,64.9608,12.42,35204,cpu,14,126,138.59,0.05,0.613691
1462,dueling_dqn,3,65.0039,12.3,35204,cpu,11,84,105.48,0.05,1.218287
1463,dueling_dqn,3,65.0184,12.08,35204,cpu,4,28,31.87,0.05,0.595699
1464,dueling_dqn,3,65.0775,12.3,35204,cpu,17,115,166.13,0.05,1.176553
1465,dueling_dqn,3,65.1425,12.28,35204,cpu,15,126,147.3,0.05,1.538101
1466,dueling_dqn,3,65.1745,12.46,35204,cpu,9,62,83.88,0.05,0.918097
1467,dueling_dqn,3,65.2385,12.62,35204,cpu,16,125,157.12,0.05,1.654466
1468,dueling_dqn,3,65.2681,12.4,35204,cpu,8,57,73.72,0.05,0.583526
1469,dueling_dqn,3,65.3006,12.54,35204,cpu,10,62,93.59,0.05,0.709819
1470,dueling_dqn,3,65.3714,12.6,35204,cpu,19,137,188.53,0.05,0.897454
1471,dueling_dqn,3,65.4185,12.38,35204,cpu,11,91,106.51,0.05,1.53451
1472,dueling_dqn,3,65.4641,12.34,35204,cpu,12,88,116.35,0.05,0.485126
1473,dueling_dqn,3,65.5044,12.4,35204,cpu,10,78,95.83,0.05,0.745714
1474,dueling_dqn,3,65.5368,12.32,35204,cpu,7,63,64.55,0.05,1.127995
1475,dueling_dqn,3,65.5765,12.24,35204,cpu,10,77,94.34,0.05,2.266642
1476,dueling_dqn,3,65.6698,12.4,35204,cpu,20,181,199.6,0.05,1.554888
1477,dueling_dqn,3,65.6745,11.98,35204,cpu,0,9,-9.28,0.05,0.673052
1478,dueling_dqn,3,65.7053,12.04,35204,cpu,10,60,93.81,0.05,1.091038
1479,dueling_dqn,3,65.7805,12.38,35204,cpu,18,146,180.83,0.05,1.071679
1480,dueling_dqn,3,65.8161,12.46,35204,cpu,10,69,93.42,0.05,1.141438
1481,dueling_dqn,3,65.8593,12.5,35204,cpu,12,84,115.59,0.05,1.092124
1482,dueling_dqn,3,65.8825,12.18,35204,cpu,6,45,53.42,0.05,1.624634
1483,dueling_dqn,3,65.9341,12.4,35204,cpu,13,100,127.34,0.05,0.395041
1484,dueling_dqn,3,66.0019,12.56,35204,cpu,13,131,127.13,0.05,1.42982
1485,dueling_dqn,3,66.0366,12.38,35204,cpu,8,67,74.22,0.05,1.231859
1486,dueling_dqn,3,66.0686,12.24,35204,cpu,7,62,64.86,0.05,1.185499
1487,dueling_dqn,3,66.111,12.42,35204,cpu,13,82,125.72,0.05,0.636998
1488,dueling_dqn,3,66.1377,12.08,35204,cpu,6,52,53.85,0.05,0.986185
1489,dueling_dqn,3,66.1961,12.34,35204,cpu,16,114,158.13,0.05,1.405905
1490,dueling_dqn,3,66.301,12.48,35204,cpu,25,203,252.93,0.05,1.74616
1491,dueling_dqn,3,66.3704,12.56,35204,cpu,14,134,138.51,0.05,1.451775
1492,dueling_dqn,3,66.405,12.54,35204,cpu,8,67,74.22,0.05,0.788249
1493,dueling_dqn,3,66.4457,12.7,35204,cpu,12,79,113.74,0.05,1.904942
1494,dueling_dqn,3,66.5221,12.98,35204,cpu,16,148,158.99,0.05,1.308691
1495,dueling_dqn,3,66.5887,12.74,35204,cpu,16,129,159.48,0.05,1.585154
1496,dueling_dqn,3,66.5933,12.46,35204,cpu,1,9,0.63,0.05,1.271399
1497,dueling_dqn,3,66.6201,12.44,35204,cpu,7,52,63.56,0.05,1.310004
1498,dueling_dqn,3,66.6962,12.44,35204,cpu,15,148,147.68,0.05,0.830663
1499,dueling_dqn,3,66.7081,11.98,35204,cpu,4,23,31.42,0.05,1.484962
1500,dueling_dqn,3,66.7374,11.62,35204,cpu,10,57,93.74,0.05,1.05546
1501,dueling_dqn,3,66.7866,11.24,35204,cpu,10,96,95.25,0.05,0.701391
1502,dueling_dqn,3,66.8764,11.54,35204,cpu,23,174,228.9,0.05,0.643334
1503,dueling_dqn,3,66.8825,11.2,35204,cpu,2,12,10.81,0.05,1.261848
1504,dueling_dqn,3,66.9366,11.22,35204,cpu,14,105,136.7,0.05,1.024378
1505,dueling_dqn,3,66.9535,11.0,35204,cpu,4,33,31.72,0.05,1.055549
1506,dueling_dqn,3,66.9805,10.92,35204,cpu,8,52,73.67,0.05,0.819308
1507,dueling_dqn,3,67.0271,10.9,35204,cpu,10,91,95.6,0.05,1.145634
1508,dueling_dqn,3,67.1054,11.26,35204,cpu,20,152,199.79,0.05,1.337173
1509,dueling_dqn,3,67.2067,11.36,35204,cpu,18,198,179.71,0.05,0.777387
1510,dueling_dqn,3,67.2165,11.26,35204,cpu,1,19,1.53,0.05,1.203531
1511,dueling_dqn,3,67.3067,11.38,35204,cpu,20,176,201.15,0.05,0.204011
1512,dueling_dqn,3,67.3763,11.5,35204,cpu,17,135,168.13,0.05,2.124741
1513,dueling_dqn,3,67.4284,11.68,35204,cpu,13,101,126.83,0.05,1.295772
1514,dueling_dqn,3,67.542,11.86,35204,cpu,26,222,260.55,0.05,2.432277
1515,dueling_dqn,3,67.6511,11.98,35204,cpu,21,212,212.3,0.05,0.858833
1516,dueling_dqn,3,67.6757,11.94,35204,cpu,7,48,63.0,0.05,0.759947
1517,dueling_dqn,3,67.7133,11.88,35204,cpu,13,73,124.91,0.05,0.857382
1518,dueling_dqn,3,67.8015,12.12,35204,cpu,20,172,202.59,0.05,1.138479
1519,dueling_dqn,3,67.8885,12.32,35204,cpu,20,170,198.21,0.05,0.867366
1520,dueling_dqn,3,67.9184,12.08,35204,cpu,7,59,63.39,0.05,0.372234
1521,dueling_dqn,3,68.0047,12.22,35204,cpu,18,169,178.9,0.05,1.217079
1522,dueling_dqn,3,68.0175,12.04,35204,cpu,3,25,21.89,0.05,1.060705
1523,dueling_dqn,3,68.1224,12.26,35204,cpu,21,205,212.27,0.05,1.272634
1524,dueling_dqn,3,68.1761,12.38,35204,cpu,13,105,126.59,0.05,1.578031
1525,dueling_dqn,3,68.2158,12.38,35204,cpu,10,78,95.23,0.05,1.045943
1526,dueling_dqn,3,68.2699,12.2,35204,cpu,11,106,107.86,0.05,1.243585
1527,dueling_dqn,3,68.2816,12.26,35204,cpu,3,23,21.51,0.05,1.195038
1528,dueling_dqn,3,68.3208,12.24,35204,cpu,9,76,85.14,0.05,1.019085
1529,dueling_dqn,3,68.3681,12.14,35204,cpu,13,92,124.62,0.05,1.507248
1530,dueling_dqn,3,68.3743,11.98,35204,cpu,2,12,10.81,0.05,0.904648
1531,dueling_dqn,3,68.4689,12.14,35204,cpu,20,184,201.87,0.05,1.660135
1532,dueling_dqn,3,68.4872,12.12,35204,cpu,5,36,42.5,0.05,0.824633
1533,dueling_dqn,3,68.501,11.94,35204,cpu,4,27,31.98,0.05,0.817345
1534,dueling_dqn,3,68.6124,12.08,35204,cpu,20,218,201.33,0.05,0.804681
1535,dueling_dqn,3,68.6678,12.18,35204,cpu,13,109,125.55,0.05,1.720257
1536,dueling_dqn,3,68.6836,12.14,35204,cpu,5,31,41.25,0.05,1.156625
1537,dueling_dqn,3,68.6918,11.9,35204,cpu,1,16,1.26,0.05,1.350156
1538,dueling_dqn,3,68.7194,11.92,35204,cpu,7,54,63.94,0.05,0.789342
1539,dueling_dqn,3,68.7631,11.86,35204,cpu,13,85,125.59,0.05,1.547362
1540,dueling_dqn,3,68.8305,11.7,35204,cpu,17,132,169.26,0.05,1.161253
1541,dueling_dqn,3,68.8952,11.7,35204,cpu,14,126,138.79,0.05,1.139653
1542,dueling_dqn,3,68.9451,11.8,35204,cpu,13,98,127.16,0.05,0.729317
1543,dueling_dqn,3,68.982,11.78,35204,cpu,11,72,104.4,0.05,1.065382
1544,dueling_dqn,3,69.0144,11.66,35204,cpu,10,63,94.48,0.05,0.866435
1545,dueling_dqn,3,69.0428,11.46,35204,cpu,6,56,53.01,0.05,1.035029
1546,dueling_dqn,3,69.0885,11.68,35204,cpu,12,89,116.44,0.05,1.620532
1547,dueling_dqn,3,69.1236,11.72,35204,cpu,9,69,84.91,0.05,0.968952
1548,dueling_dqn,3,69.1467,11.54,35204,cpu,6,45,53.42,0.05,0.810506
1549,dueling_dqn,3,69.2018,11.76,35204,cpu,15,108,146.68,0.05,0.593352
1550,dueling_dqn,3,69.2681,11.9,35204,cpu,17,130,169.28,0.05,1.483621
1551,dueling_dqn,3,69.3473,12.1,35204,cpu,20,154,198.97,0.05,0.565099
1552,dueling_dqn,3,69.4211,11.96,35204,cpu,16,144,159.03,0.05,0.7529
1553,dueling_dqn,3,69.4437,12.04,35204,cpu,6,44,52.73,0.05,0.686316
1554,dueling_dqn,3,69.5761,12.3,35204,cpu,27,259,273.59,0.05,0.974394
1555,dueling_dqn,3,69.6051,12.36,35204,cpu,7,57,64.21,0.05,1.487705
1556,dueling_dqn,3,69.6669,12.52,35204,cpu,16,121,157.56,0.05,1.245281
1557,dueling_dqn,3,69.7429,12.66,35204,cpu,17,149,170.59,0.05,1.774008
1558,dueling_dqn,3,69.7954,12.48,35204,cpu,11,103,106.79,0.05,1.23227
1559,dueling_dqn,3,69.8228,12.22,35204,cpu,5,54,43.32,0.05,1.631522
1560,dueling_dqn,3,69.8987,12.54,35204,cpu,17,148,170.9,0.05,0.605608
1561,dueling_dqn,3,69.955,12.42,35204,cpu,14,110,137.55,0.05,2.110541
1562,dueling_dqn,3,70.0313,12.42,35204,cpu,17,149,166.79,0.05,1.276985
1563,dueling_dqn,3,70.045,12.22,35204,cpu,3,27,21.67,0.05,1.43891
1564,dueling_dqn,3,70.0537,11.76,35204,cpu,3,17,21.17,0.05,0.687808
1565,dueling_dqn,3,70.1184,11.68,35204,cpu,17,126,167.52,0.05,0.753339
1566,dueling_dqn,3,70.1657,11.78,35204,cpu,12,92,116.91,0.05,1.242041
1567,dueling_dqn,3,70.2372,11.94,35204,cpu,21,140,208.62,0.05,1.490307
1568,dueling_dqn,3,70.2602,11.66,35204,cpu,6,45,53.22,0.05,0.699908
1569,dueling_dqn,3,70.3003,11.52,35204,cpu,13,77,125.47,0.05,0.746498
1570,dueling_dqn,3,70.3807,11.78,35204,cpu,20,156,198.55,0.05,1.032
1571,dueling_dqn,3,70.4083,11.56,35204,cpu,7,53,63.45,0.05,1.17997
1572,dueling_dqn,3,70.4233,11.58,35204,cpu,4,29,31.96,0.05,1.3452
1573,dueling_dqn,3,70.4662,11.34,35204,cpu,9,83,85.37,0.05,0.641545
1574,dueling_dqn,3,70.5363,11.48,35204,cpu,20,136,196.95,0.05,0.954072
1575,dueling_dqn,3,70.555,11.4,35204,cpu,6,36,52.41,0.05,1.416378
1576,dueling_dqn,3,70.5739,11.24,35204,cpu,3,37,22.97,0.05,1.105751
1577,dueling_dqn,3,70.5913,11.3,35204,cpu,6,34,51.83,0.05,1.314192
1578,dueling_dqn,3,70.632,11.32,35204,cpu,10,79,94.72,0.05,0.53998
1579,dueling_dqn,3,70.6644,11.2,35204,cpu,7,63,64.55,0.05,0.841976
1580,dueling_dqn,3,70.6912,11.28,35204,cpu,6,52,53.65,0.05,0.845267
1581,dueling_dqn,3,70.7149,11.0,35204,cpu,6,46,53.11,0.05,0.930123
1582,dueling_dqn,3,70.7603,11.14,35204,cpu,12,88,116.35,0.05,1.016743
1583,dueling_dqn,3,70.7964,11.26,35204,cpu,10,70,94.51,0.05,0.765109
1584,dueling_dqn,3,70.8005,10.88,35204,cpu,1,8,0.54,0.05,0.987761
1585,dueling_dqn,3,70.8778,10.96,35204,cpu,17,150,170.08,0.05,1.539966
1586,dueling_dqn,3,70.9112,11.04,35204,cpu,9,65,83.95,0.05,0.459792
1587,dueling_dqn,3,70.9308,11.08,35204,cpu,3,38,23.06,0.05,1.682336
1588,dueling_dqn,3,71.0166,11.32,35204,cpu,19,167,189.23,0.05,0.561501
1589,dueling_dqn,3,71.0974,11.48,35204,cpu,21,157,210.55,0.05,1.377381
1590,dueling_dqn,3,71.1553,11.46,35204,cpu,16,112,157.75,0.05,0.46091
1591,dueling_dqn,3,71.2308,11.5,35204,cpu,16,147,157.9,0.05,0.621011
1592,dueling_dqn,3,71.2502,11.38,35204,cpu,7,38,62.5,0.05,1.014073
1593,dueling_dqn,3,71.2762,11.28,35204,cpu,6,50,53.87,0.05,1.363894
1594,dueling_dqn,3,71.308,11.22,35204,cpu,7,62,64.26,0.05,1.256652
1595,dueling_dqn,3,71.3994,11.54,35204,cpu,22,177,222.66,0.05,0.531896
1596,dueling_dqn,3,71.4245,11.42,35204,cpu,6,49,53.78,0.05,1.657333
1597,dueling_dqn,3,71.4488,11.42,35204,cpu,9,47,83.13,0.05,1.156511
1598,dueling_dqn,3,71.5191,11.64,35204,cpu,17,137,169.11,0.05,1.102341
1599,dueling_dqn,3,71.5663,11.6,35204,cpu,13,92,126.42,0.05,1.412852
1600,dueling_dqn,3,71.631,11.56,35204,cpu,15,126,149.3,0.05,0.387119
1601,dueling_dqn,3,71.6658,11.32,35204,cpu,8,68,74.31,0.05,0.432057
1602,dueling_dqn,3,71.6833,11.08,35204,cpu,4,34,32.41,0.05,0.610392
1603,dueling_dqn,3,71.7598,11.34,35204,cpu,19,149,189.61,0.05,1.56049
1604,dueling_dqn,3,71.8059,11.06,35204,cpu,13,90,126.44,0.05,1.64958
1605,dueling_dqn,3,71.8248,10.98,35204,cpu,3,37,22.77,0.05,0.992925
1606,dueling_dqn,3,71.8311,10.7,35204,cpu,2,12,10.81,0.05,0.599349
1607,dueling_dqn,3,71.8714,10.52,35204,cpu,8,79,75.5,0.05,1.348924
1608,dueling_dqn,3,71.9453,10.62,35204,cpu,16,144,157.83,0.05,1.132883
1609,dueling_dqn,3,71.9934,10.74,35204,cpu,11,94,105.98,0.05,2.078324
1610,dueling_dqn,3,72.0264,10.52,35204,cpu,6,64,54.33,0.05,0.571308
1611,dueling_dqn,3,72.0498,10.34,35204,cpu,5,46,43.0,0.05,0.700014
1612,dueling_dqn,3,72.0937,10.26,35204,cpu,13,86,126.28,0.05,0.777825
1613,dueling_dqn,3,72.127,10.4,35204,cpu,10,65,94.66,0.05,0.651883
1614,dueling_dqn,3,72.1697,10.54,35204,cpu,10,84,96.37,0.05,0.68473
1615,dueling_dqn,3,72.2354,10.46,35204,cpu,13,129,128.35,0.05,2.094313
1616,dueling_dqn,3,72.3258,10.58,35204,cpu,18,176,180.53,0.05,0.681533
1617,dueling_dqn,3,72.36,10.36,35204,cpu,10,66,94.55,0.05,0.943062
1618,dueling_dqn,3,72.3906,10.4,35204,cpu,8,60,74.39,0.05,0.391049
1619,dueling_dqn,3,72.4347,10.32,35204,cpu,9,86,84.64,0.05,1.559494
1620,dueling_dqn,3,72.5044,10.22,35204,cpu,15,136,148.0,0.05,1.366884
1621,dueling_dqn,3,72.5563,10.32,35204,cpu,12,101,117.32,0.05,1.814932
1622,dueling_dqn,3,72.5609,10.26,35204,cpu,1,9,0.63,0.05,1.199206
1623,dueling_dqn,3,72.5884,10.2,35204,cpu,6,54,54.03,0.05,0.979795
1624,dueling_dqn,3,72.641,10.1,35204,cpu,15,103,146.83,0.05,0.555129
1625,dueling_dqn,3,72.7061,10.24,35204,cpu,13,128,128.66,0.05,0.989712
1626,dueling_dqn,3,72.7347,10.36,35204,cpu,9,56,83.74,0.05,1.381048
1627,dueling_dqn,3,72.8053,10.54,35204,cpu,15,138,149.78,0.05,0.528252
1628,dueling_dqn,3,72.8575,10.62,35204,cpu,14,102,133.63,0.05,1.065466
1629,dueling_dqn,3,72.9289,10.88,35204,cpu,20,139,197.82,0.05,0.972101
1630,dueling_dqn,3,72.9697,10.96,35204,cpu,10,80,95.41,0.05,1.372988
1631,dueling_dqn,3,73.0148,11.06,35204,cpu,11,88,106.24,0.05,1.500657
1632,dueling_dqn,3,73.0533,11.04,35204,cpu,11,75,105.07,0.05,1.149778
1633,dueling_dqn,3,73.1277,11.18,35204,cpu,17,145,166.03,0.05,1.291839
1634,dueling_dqn,3,73.1737,11.4,35204,cpu,12,90,115.13,0.05,1.262344
1635,dueling_dqn,3,73.233,11.38,35204,cpu,16,116,157.31,0.05,1.647672
1636,dueling_dqn,3,73.2693,11.34,35204,cpu,7,71,65.27,0.05,1.118792
1637,dueling_dqn,3,73.3099,11.46,35204,cpu,9,80,85.3,0.05,0.558483
1638,dueling_dqn,3,73.3285,11.14,35204,cpu,3,36,22.68,0.05,0.537364
1639,dueling_dqn,3,73.3532,10.86,35204,cpu,7,48,63.0,0.05,1.507918
1640,dueling_dqn,3,73.3897,10.7,35204,cpu,8,71,75.38,0.05,1.901407
1641,dueling_dqn,3,73.4444,10.64,35204,cpu,13,107,127.17,0.05,1.600504
1642,dueling_dqn,3,73.4899,10.74,35204,cpu,12,89,116.84,0.05,0.718439
1643,dueling_dqn,3,73.5144,10.72,35204,cpu,5,48,43.58,0.05,0.358014
1644,dueling_dqn,3,73.542,10.74,35204,cpu,8,54,73.25,0.05,1.735824
1645,dueling_dqn,3,73.5445,10.32,35204,cpu,1,5,0.27,0.05,0.991638
1646,dueling_dqn,3,73.5649,10.3,35204,cpu,5,40,43.06,0.05,0.69395
1647,dueling_dqn,3,73.611,10.36,35204,cpu,12,90,115.53,0.05,0.759502
1648,dueling_dqn,3,73.6304,10.14,35204,cpu,6,38,52.39,0.05,0.969135
1649,dueling_dqn,3,73.6501,9.98,35204,cpu,5,39,42.97,0.05,1.249736
1650,dueling_dqn,3,73.7395,10.06,35204,cpu,19,175,191.15,0.05,1.300275
1651,dueling_dqn,3,73.7815,10.1,35204,cpu,10,82,95.79,0.05,0.804494
1652,dueling_dqn,3,73.8752,10.4,35204,cpu,19,184,191.56,0.05,0.739442
1653,dueling_dqn,3,73.911,10.16,35204,cpu,7,70,65.18,0.05,1.591238
1654,dueling_dqn,3,73.9421,10.0,35204,cpu,5,61,42.95,0.05,0.814607
1655,dueling_dqn,3,73.9783,10.1,35204,cpu,8,71,74.18,0.05,1.221955
1656,dueling_dqn,3,73.9814,10.06,35204,cpu,0,6,-9.75,0.05,0.633533
1657,dueling_dqn,3,74.0146,10.02,35204,cpu,6,65,54.62,0.05,1.405383
1658,dueling_dqn,3,74.1398,10.18,35204,cpu,24,245,244.0,0.05,1.518246
1659,dueling_dqn,3,74.1766,10.12,35204,cpu,8,72,75.27,0.05,0.418773
1660,dueling_dqn,3,74.1976,10.14,35204,cpu,7,41,62.77,0.05,0.839564
1661,dueling_dqn,3,74.2879,10.44,35204,cpu,20,177,200.04,0.05,0.769741
1662,dueling_dqn,3,74.3538,10.56,35204,cpu,19,128,188.72,0.05,1.399466
1663,dueling_dqn,3,74.459,10.84,35204,cpu,24,204,240.71,0.05,1.510386
1664,dueling_dqn,3,74.4866,10.78,35204,cpu,7,54,63.94,0.05,1.220335
1665,dueling_dqn,3,74.5277,10.76,35204,cpu,12,80,115.23,0.05,1.945988
1666,dueling_dqn,3,74.5476,10.5,35204,cpu,5,39,42.77,0.05,1.686768
1667,dueling_dqn,3,74.6001,10.58,35204,cpu,14,103,135.52,0.05,0.68413
1668,dueling_dqn,3,74.6185,10.48,35204,cpu,3,36,22.48,0.05,1.515623
1669,dueling_dqn,3,74.6983,10.74,35204,cpu,22,156,219.77,0.05,1.457338
1670,dueling_dqn,3,74.724,10.56,35204,cpu,6,50,53.27,0.05,1.572506
1671,dueling_dqn,3,74.7319,10.38,35204,cpu,3,15,20.99,0.05,1.107672
1672,dueling_dqn,3,74.7443,10.42,35204,cpu,3,24,21.6,0.05,0.622582
1673,dueling_dqn,3,74.749,10.32,35204,cpu,1,9,0.63,0.05,0.870186
1674,dueling_dqn,3,74.8356,10.42,35204,cpu,20,167,201.14,0.05,1.603653
1675,dueling_dqn,3,74.8985,10.48,35204,cpu,16,122,158.25,0.05,1.602383
1676,dueling_dqn,3,74.9411,10.48,35204,cpu,9,82,85.08,0.05,0.842818
1677,dueling_dqn,3,75.0051,10.48,35204,cpu,15,124,146.72,0.05,1.479397
1678,dueling_dqn,3,75.0566,10.44,35204,cpu,12,100,114.83,0.05,1.14728
1679,dueling_dqn,3,75.0716,10.14,35204,cpu,5,29,42.07,0.05,2.611195
1680,dueling_dqn,3,75.0987,10.1,35204,cpu,8,53,73.76,0.05,1.478647
1681,dueling_dqn,3,75.1833,10.3,35204,cpu,21,164,211.38,0.05,0.819062
1682,dueling_dqn,3,75.2133,10.2,35204,cpu,6,58,54.39,0.05,1.265089
1683,dueling_dqn,3,75.2777,10.18,35204,cpu,16,125,157.32,0.05,0.538064
1684,dueling_dqn,3,75.3528,10.32,35204,cpu,19,145,188.45,0.05,1.070188
1685,dueling_dqn,3,75.4067,10.26,35204,cpu,13,105,127.59,0.05,0.587566
1686,dueling_dqn,3,75.446,10.4,35204,cpu,14,76,134.69,0.05,0.753363
1687,dueling_dqn,3,75.5126,10.52,35204,cpu,15,128,148.88,0.05,1.048004
1688,dueling_dqn,3,75.5794,10.76,35204,cpu,15,128,149.28,0.05,2.032603
1689,dueling_dqn,3,75.6448,10.92,35204,cpu,15,127,147.99,0.05,1.688184
1690,dueling_dqn,3,75.6668,10.88,35204,cpu,6,43,52.44,0.05,1.224932
1691,dueling_dqn,3,75.7305,10.94,35204,cpu,16,123,157.94,0.05,0.837136
1692,dueling_dqn,3,75.7558,10.84,35204,cpu,7,49,63.49,0.05,0.944675
1693,dueling_dqn,3,75.7978,10.98,35204,cpu,12,81,115.72,0.05,0.767889
1694,dueling_dqn,3,75.8303,10.96,35204,cpu,7,63,64.75,0.05,1.390063
1695,dueling_dqn,3,75.8395,10.98,35204,cpu,2,18,11.15,0.05,0.949022
1696,dueling_dqn,3,75.9556,11.4,35204,cpu,26,223,262.84,0.05,1.186231
1697,dueling_dqn,3,75.9758,11.26,35204,cpu,5,39,42.57,0.05,1.145961
1698,dueling_dqn,3,76.028,11.4,35204,cpu,13,101,126.83,0.05,0.790619
1699,dueling_dqn,3,76.1059,11.64,35204,cpu,17,151,169.37,0.05,1.04196
1700,dueling_dqn,3,76.1511,11.52,35204,cpu,13,88,125.46,0.05,0.856616
1701,dueling_dqn,3,76.1935,11.52,35204,cpu,10,83,93.68,0.05,0.630902
1702,dueling_dqn,3,76.28,11.54,35204,cpu,20,168,199.43,0.05,1.067506
1703,dueling_dqn,3,76.3107,11.56,35204,cpu,8,60,73.79,0.05,1.290666
1704,dueling_dqn,3,76.3344,11.6,35204,cpu,7,46,63.02,0.05,1.039806
1705,dueling_dqn,3,76.3375,11.44,35204,cpu,0,6,-9.55,0.05,1.387642
1706,dueling_dqn,3,76.4094,11.72,35204,cpu,14,140,136.85,0.05,0.781181
1707,dueling_dqn,3,76.4269,11.66,35204,cpu,3,34,22.7,0.05,1.29725
1708,dueling_dqn,3,76.4968,11.5,35204,cpu,16,136,158.71,0.05,1.404307
1709,dueling_dqn,3,76.539,11.58,35204,cpu,12,82,116.21,0.05,1.374092
1710,dueling_dqn,3,76.5693,11.6,35204,cpu,8,59,74.1,0.05,1.862789
1711,dueling_dqn,3,76.6311,11.5,35204,cpu,15,120,147.76,0.05,1.056741
1712,dueling_dqn,3,76.7281,11.6,35204,cpu,24,188,242.27,0.05,1.142708
1713,dueling_dqn,3,76.7447,11.22,35204,cpu,5,32,42.14,0.05,0.994584
1714,dueling_dqn,3,76.7878,11.28,35204,cpu,10,84,96.17,0.05,1.389699
1715,dueling_dqn,3,76.8375,11.26,35204,cpu,11,97,106.85,0.05,0.966792
1716,dueling_dqn,3,76.882,11.42,35204,cpu,13,87,125.37,0.05,1.08222
1717,dueling_dqn,3,76.9622,11.46,35204,cpu,16,157,159.8,0.05,1.440366
1718,dueling_dqn,3,76.9904,11.6,35204,cpu,10,55,93.56,0.05,0.654104
1719,dueling_dqn,3,77.0554,11.46,35204,cpu,15,127,148.59,0.05,0.621351
1720,dueling_dqn,3,77.1376,11.7,35204,cpu,18,161,179.18,0.05,1.247784
1721,dueling_dqn,3,77.1975,11.9,35204,cpu,13,117,128.07,0.05,0.635171
1722,dueling_dqn,3,77.2608,12.1,35204,cpu,13,124,128.1,0.05,0.667315
1723,dueling_dqn,3,77.271,12.12,35204,cpu,2,20,11.53,0.05,0.819693
1724,dueling_dqn,3,77.343,12.08,35204,cpu,18,140,179.89,0.05,0.714421
1725,dueling_dqn,3,77.3699,11.88,35204,cpu,6,52,53.45,0.05,0.827757
1726,dueling_dqn,3,77.4161,11.98,35204,cpu,14,90,136.15,0.05,1.394993
1727,dueling_dqn,3,77.4504,11.82,35204,cpu,7,67,64.51,0.05,0.996732
1728,dueling_dqn,3,77.4663,11.66,35204,cpu,4,31,32.14,0.05,1.832431
1729,dueling_dqn,3,77.5103,11.78,35204,cpu,11,85,105.77,0.05,2.692328
1730,dueling_dqn,3,77.5569,11.88,35204,cpu,13,91,125.13,0.05,1.913186
1731,dueling_dqn,3,77.6078,11.72,35204,cpu,13,99,127.05,0.05,1.114546
1732,dueling_dqn,3,77.69,12.02,35204,cpu,21,161,210.11,0.05,1.238492
1733,dueling_dqn,3,77.6972,11.78,35204,cpu,4,14,30.81,0.05,0.798218
1734,dueling_dqn,3,77.7304,11.62,35204,cpu,11,65,104.37,0.05,0.868546
1735,dueling_dqn,3,77.7518,11.46,35204,cpu,5,42,42.44,0.05,1.10964
1736,dueling_dqn,3,77.7886,11.34,35204,cpu,8,72,74.07,0.05,1.243414
1737,dueling_dqn,3,77.8509,11.32,35204,cpu,14,122,138.43,0.05,1.168282
1738,dueling_dqn,3,77.8678,11.12,35204,cpu,5,33,42.23,0.05,0.730398
1739,dueling_dqn,3,77.8799,10.88,35204,cpu,3,24,21.6,0.05,0.733335
1740,dueling_dqn,3,77.9059,10.9,35204,cpu,7,51,62.67,0.05,0.985491
1741,dueling_dqn,3,77.9402,10.8,35204,cpu,11,67,104.95,0.05,0.665102
1742,dueling_dqn,3,78.0132,10.94,35204,cpu,14,143,139.12,0.05,1.834815
1743,dueling_dqn,3,78.1321,11.16,35204,cpu,23,233,231.61,0.05,2.138436
1744,dueling_dqn,3,78.1584,11.12,35204,cpu,5,52,43.74,0.05,1.049136
1745,dueling_dqn,3,78.2359,11.48,35204,cpu,20,152,197.99,0.05,1.390808
1746,dueling_dqn,3,78.2762,11.18,35204,cpu,11,79,104.83,0.05,1.541128
1747,dueling_dqn,3,78.2936,11.2,35204,cpu,6,34,51.83,0.05,1.120349
1748,dueling_dqn,3,78.3956,11.34,35204,cpu,20,199,200.62,0.05,0.772267
1749,dueling_dqn,3,78.3998,11.0,35204,cpu,0,8,-9.57,0.05,1.695224
1750,dueling_dqn,3,78.4249,10.86,35204,cpu,6,49,52.78,0.05,1.009345
1751,dueling_dqn,3,78.5187,11.1,35204,cpu,22,183,222.4,0.05,0.594937
1752,dueling_dqn,3,78.5997,11.12,35204,cpu,21,159,210.53,0.05,1.147626
1753,dueling_dqn,3,78.6232,11.14,35204,cpu,9,46,82.84,0.05,1.095314
1754,dueling_dqn,3,78.7128,11.42,35204,cpu,21,176,211.26,0.05,1.016515
1755,dueling_dqn,3,78.7706,11.7,35204,cpu,14,113,137.82,0.05,1.730408
1756,dueling_dqn,3,78.8106,11.64,35204,cpu,11,78,105.54,0.05,1.879609
1757,dueling_dqn,3,78.8642,11.92,35204,cpu,17,105,166.23,0.05,0.461387
1758,dueling_dqn,3,78.894,11.78,35204,cpu,9,58,83.92,0.05,1.695145
1759,dueling_dqn,3,78.942,11.78,35204,cpu,12,94,116.69,0.05,1.162863
1760,dueling_dqn,3,79.0052,11.92,35204,cpu,15,124,148.12,0.05,0.988133
1761,dueling_dqn,3,79.0822,11.96,35204,cpu,17,151,170.77,0.05,0.701407
1762,dueling_dqn,3,79.1134,11.72,35204,cpu,12,61,113.52,0.05,1.124881
1763,dueling_dqn,3,79.1585,11.9,35204,cpu,14,88,135.77,0.05,0.955788
1764,dueling_dqn,3,79.2112,12.02,35204,cpu,16,103,156.74,0.05,1.108099
1765,dueling_dqn,3,79.2884,12.2,35204,cpu,20,151,199.5,0.05,0.429208
1766,dueling_dqn,3,79.3109,12.08,35204,cpu,7,44,63.04,0.05,1.045911
1767,dueling_dqn,3,79.3752,12.06,35204,cpu,15,125,147.81,0.05,1.290532
1768,dueling_dqn,3,79.4199,12.08,35204,cpu,11,87,106.15,0.05,1.097444
1769,dueling_dqn,3,79.4527,11.98,35204,cpu,10,64,93.97,0.05,1.102635
1770,dueling_dqn,3,79.5396,12.02,35204,cpu,20,170,200.21,0.05,1.512055
1771,dueling_dqn,3,79.5563,11.84,35204,cpu,4,33,31.92,0.05,1.666942
1772,dueling_dqn,3,79.5939,11.74,35204,cpu,8,74,75.45,0.05,0.706576
1773,dueling_dqn,3,79.6516,11.96,35204,cpu,13,113,128.31,0.05,1.403768
1774,dueling_dqn,3,79.6719,11.72,35204,cpu,6,40,52.77,0.05,0.819489
1775,dueling_dqn,3,79.7213,11.88,35204,cpu,14,97,135.78,0.05,0.939132
1776,dueling_dqn,3,79.793,12.0,35204,cpu,20,140,199.31,0.05,0.67802
1777,dueling_dqn,3,79.8402,12.14,35204,cpu,14,92,136.13,0.05,2.468327
1778,dueling_dqn,3,79.9127,12.36,35204,cpu,15,142,147.74,0.05,1.386151
1779,dueling_dqn,3,79.9627,12.42,35204,cpu,14,98,136.67,0.05,1.659758
1780,dueling_dqn,3,80.0136,12.38,35204,cpu,11,100,107.12,0.05,0.641335
1781,dueling_dqn,3,80.0284,12.18,35204,cpu,3,29,22.25,0.05,1.86885
1782,dueling_dqn,3,80.0991,12.04,35204,cpu,14,138,139.47,0.05,0.892215
1783,dueling_dqn,3,80.1814,12.38,35204,cpu,21,161,207.71,0.05,1.055049
1784,dueling_dqn,3,80.2308,12.4,35204,cpu,12,97,116.96,0.05,1.10921
1785,dueling_dqn,3,80.28,12.62,35204,cpu,16,96,156.71,0.05,1.294767
1786,dueling_dqn,3,80.3187,12.66,35204,cpu,10,76,95.45,0.05,0.798507
1787,dueling_dqn,3,80.3984,12.8,35204,cpu,21,155,208.77,0.05,1.339649
1788,dueling_dqn,3,80.4757,13.02,35204,cpu,16,149,160.28,0.05,1.069908
1789,dueling_dqn,3,80.5325,13.26,35204,cpu,15,111,146.75,0.05,1.254778
1790,dueling_dqn,3,80.5679,13.3,35204,cpu,9,68,85.02,0.05,1.483501
1791,dueling_dqn,3,80.6008,13.28,35204,cpu,10,64,93.97,0.05,0.739573
1792,dueling_dqn,3,80.6133,13.02,35204,cpu,1,24,1.78,0.05,1.644489
1793,dueling_dqn,3,80.6634,12.76,35204,cpu,10,96,96.65,0.05,1.399467
1794,dueling_dqn,3,80.7224,12.92,35204,cpu,13,114,126.2,0.05,1.640266
1795,dueling_dqn,3,80.7602,12.7,35204,cpu,9,72,84.58,0.05,0.947809
1796,dueling_dqn,3,80.8445,12.84,35204,cpu,18,163,179.76,0.05,0.873112
1797,dueling_dqn,3,80.8846,12.94,35204,cpu,11,71,104.51,0.05,2.095522
1798,dueling_dqn,3,80.9359,12.82,35204,cpu,14,90,136.55,0.05,0.748464
1799,dueling_dqn,3,80.9658,12.96,35204,cpu,7,57,64.01,0.05,1.155485
1800,dueling_dqn,3,81.0343,13.2,35204,cpu,18,132,178.97,0.05,0.939163
1801,dueling_dqn,3,81.0543,12.84,35204,cpu,4,39,33.06,0.05,0.802439
1802,dueling_dqn,3,81.0992,12.64,35204,cpu,11,87,104.95,0.05,0.913023
1803,dueling_dqn,3,81.1439,12.64,35204,cpu,9,87,86.13,0.05,0.89935
1804,dueling_dqn,3,81.2402,12.66,35204,cpu,22,186,222.47,0.05,0.411806
1805,dueling_dqn,3,81.3473,12.72,35204,cpu,17,207,170.21,0.05,2.171622
1806,dueling_dqn,3,81.3993,12.8,35204,cpu,15,101,147.05,0.05,1.071343
1807,dueling_dqn,3,81.4312,12.62,35204,cpu,8,62,73.57,0.05,0.818663
1808,dueling_dqn,3,81.5567,12.88,35204,cpu,22,244,222.29,0.05,2.105677
1809,dueling_dqn,3,81.579,12.76,35204,cpu,6,43,52.84,0.05,0.813852
1810,dueling_dqn,3,81.6292,12.68,35204,cpu,11,97,106.25,0.05,0.852845
1811,dueling_dqn,3,81.6831,12.6,35204,cpu,13,104,127.7,0.05,1.850749
1812,dueling_dqn,3,81.7158,12.52,35204,cpu,8,64,73.95,0.05,0.634163
1813,dueling_dqn,3,81.7277,12.34,35204,cpu,5,23,41.53,0.05,0.249576
1814,dueling_dqn,3,81.7339,12.04,35204,cpu,1,12,0.9,0.05,0.386865
1815,dueling_dqn,3,81.8142,12.02,35204,cpu,19,156,186.64,0.05,0.996813
1816,dueling_dqn,3,81.829,11.94,35204,cpu,3,29,22.05,0.05,0.830622
1817,dueling_dqn,3,81.8434,11.7,35204,cpu,3,28,21.76,0.05,0.535714
1818,dueling_dqn,3,81.9061,11.8,35204,cpu,16,122,157.45,0.05,1.016144
1819,dueling_dqn,3,81.9347,11.74,35204,cpu,7,56,63.92,0.05,0.680066
1820,dueling_dqn,3,82.0016,11.64,35204,cpu,15,130,148.46,0.05,0.806393
1821,dueling_dqn,3,82.0708,11.86,35204,cpu,15,128,148.68,0.05,2.092805
1822,dueling_dqn,3,82.1112,11.94,35204,cpu,12,77,115.16,0.05,0.980575
1823,dueling_dqn,3,82.141,11.84,35204,cpu,8,57,73.92,0.05,1.298113
1824,dueling_dqn,3,82.2147,12.06,35204,cpu,17,142,169.16,0.05,0.581879
1825,dueling_dqn,3,82.2306,11.86,35204,cpu,4,31,31.54,0.05,1.238605
1826,dueling_dqn,3,82.2405,11.5,35204,cpu,2,19,11.24,0.05,1.268034
1827,dueling_dqn,3,82.3271,11.62,35204,cpu,20,166,202.25,0.05,1.318873
1828,dueling_dqn,3,82.3698,11.6,35204,cpu,14,82,135.63,0.05,1.20453
1829,dueling_dqn,3,82.3924,11.44,35204,cpu,6,44,52.93,0.05,1.30265
1830,dueling_dqn,3,82.4391,11.38,35204,cpu,8,89,75.2,0.05,1.728774
1831,dueling_dqn,3,82.4801,11.52,35204,cpu,10,79,95.92,0.05,1.137013
1832,dueling_dqn,3,82.5394,11.54,35204,cpu,15,113,147.73,0.05,1.151497
1833,dueling_dqn,3,82.5578,11.26,35204,cpu,7,35,62.43,0.05,0.838342
1834,dueling_dqn,3,82.6334,11.38,35204,cpu,18,144,178.65,0.05,1.580509
1835,dueling_dqn,3,82.7042,11.32,35204,cpu,13,136,127.18,0.05,0.934431
1836,dueling_dqn,3,82.8031,11.54,35204,cpu,21,186,208.76,0.05,1.447947
1837,dueling_dqn,3,82.8302,11.2,35204,cpu,4,50,33.65,0.05,0.763426
1838,dueling_dqn,3,82.887,11.14,35204,cpu,13,109,127.95,0.05,0.99776
1839,dueling_dqn,3,82.943,11.08,35204,cpu,12,107,116.66,0.05,1.176874
1840,dueling_dqn,3,83.0338,11.36,35204,cpu,23,175,232.59,0.05,0.366975
1841,dueling_dqn,3,83.0558,11.26,35204,cpu,5,42,42.64,0.05,1.937404
1842,dueling_dqn,3,83.1094,11.48,35204,cpu,12,103,118.1,0.05,1.262908
1843,dueling_dqn,3,83.182,11.6,35204,cpu,16,140,159.47,0.05,1.258358
1844,dueling_dqn,3,83.2294,11.56,35204,cpu,11,91,106.51,0.05,2.198088
1845,dueling_dqn,3,83.314,11.8,35204,cpu,21,162,209.4,0.05,1.507829
1846,dueling_dqn,3,83.3833,11.74,35204,cpu,15,132,147.84,0.05,0.820925
1847,dueling_dqn,3,83.3992,11.6,35204,cpu,4,31,31.54,0.05,1.411789
1848,dueling_dqn,3,83.4397,11.5,35204,cpu,9,78,85.72,0.05,1.356821
1849,dueling_dqn,3,83.5245,11.74,35204,cpu,19,164,189.56,0.05,0.727354
1850,dueling_dqn,3,83.5633,11.56,35204,cpu,9,75,85.25,0.05,0.883237
1851,dueling_dqn,3,83.6297,11.84,35204,cpu,18,128,178.21,0.05,0.862913
1852,dueling_dqn,3,83.6486,11.72,35204,cpu,5,37,42.19,0.05,1.495706
1853,dueling_dqn,3,83.719,11.9,35204,cpu,18,136,177.33,0.05,1.354828
1854,dueling_dqn,3,83.7534,11.6,35204,cpu,7,67,64.91,0.05,1.456975
1855,dueling_dqn,3,83.7895,11.46,35204,cpu,10,70,94.91,0.05,1.767493
1856,dueling_dqn,3,83.8458,11.44,35204,cpu,14,109,137.06,0.05,0.766493
1857,dueling_dqn,3,83.926,11.66,35204,cpu,19,156,189.44,0.05,0.612276
1858,dueling_dqn,3,83.9668,11.42,35204,cpu,10,79,94.52,0.05,1.511401
1859,dueling_dqn,3,84.0065,11.5,35204,cpu,10,77,94.34,0.05,0.939481
1860,dueling_dqn,3,84.0142,11.32,35204,cpu,2,15,11.08,0.05,1.641008
1861,dueling_dqn,3,84.0784,11.32,35204,cpu,13,124,128.3,0.05,1.266084
1862,dueling_dqn,3,84.0999,11.26,35204,cpu,5,42,42.84,0.05,1.974139
1863,dueling_dqn,3,84.1235,11.28,35204,cpu,6,46,53.11,0.05,0.346064
1864,dueling_dqn,3,84.2089,11.62,35204,cpu,18,166,181.63,0.05,1.298822
1865,dueling_dqn,3,84.2514,11.4,35204,cpu,8,83,75.46,0.05,1.558529
1866,dueling_dqn,3,84.3053,11.64,35204,cpu,15,104,144.32,0.05,0.717558
1867,dueling_dqn,3,84.3353,11.76,35204,cpu,9,58,83.72,0.05,1.367889
1868,dueling_dqn,3,84.3902,11.7,35204,cpu,13,107,126.57,0.05,0.623269
1869,dueling_dqn,3,84.5068,12.02,35204,cpu,23,227,233.07,0.05,0.880284
1870,dueling_dqn,3,84.5744,12.04,35204,cpu,16,132,158.75,0.05,2.099037
1871,dueling_dqn,3,84.5928,11.84,35204,cpu,5,36,42.3,0.05,0.404331
1872,dueling_dqn,3,84.6145,11.72,35204,cpu,6,42,52.35,0.05,0.75573
1873,dueling_dqn,3,84.6346,11.7,35204,cpu,7,39,62.79,0.05,0.662463
1874,dueling_dqn,3,84.6931,11.64,35204,cpu,14,114,137.31,0.05,0.679378
1875,dueling_dqn,3,84.7049,11.64,35204,cpu,4,23,31.42,0.05,0.723521
1876,dueling_dqn,3,84.7084,11.62,35204,cpu,1,7,0.25,0.05,0.769623
1877,dueling_dqn,3,84.7208,11.28,35204,cpu,3,24,21.6,0.05,0.546493
1878,dueling_dqn,3,84.776,11.28,35204,cpu,14,108,136.97,0.05,1.466835
1879,dueling_dqn,3,84.8143,11.32,35204,cpu,8,75,75.14,0.05,1.279037
1880,dueling_dqn,3,84.857,11.36,35204,cpu,10,83,95.68,0.05,1.475354
1881,dueling_dqn,3,84.9446,11.56,35204,cpu,20,171,200.3,0.05,1.916271
1882,dueling_dqn,3,84.982,11.44,35204,cpu,9,72,84.98,0.05,1.315832
1883,dueling_dqn,3,85.0663,11.76,35204,cpu,23,164,231.8,0.05,1.403691
1884,dueling_dqn,3,85.1046,11.62,35204,cpu,11,73,103.69,0.05,1.336976
1885,dueling_dqn,3,85.1389,11.5,35204,cpu,7,67,65.11,0.05,1.632457
1886,dueling_dqn,3,85.1732,11.28,35204,cpu,10,67,94.04,0.05,0.598593
1887,dueling_dqn,3,85.2489,11.52,35204,cpu,16,147,158.9,0.05,0.690775
1888,dueling_dqn,3,85.2845,11.42,35204,cpu,8,69,75.2,0.05,0.822632
1889,dueling_dqn,3,85.2932,11.24,35204,cpu,3,17,21.17,0.05,2.118734
1890,dueling_dqn,3,85.33,10.94,35204,cpu,8,72,74.67,0.05,1.879976
1891,dueling_dqn,3,85.3486,10.94,35204,cpu,5,36,42.5,0.05,0.991834
1892,dueling_dqn,3,85.391,10.88,35204,cpu,9,83,85.77,0.05,1.246509
1893,dueling_dqn,3,85.4335,10.76,35204,cpu,10,83,95.68,0.05,1.107639
1894,dueling_dqn,3,85.454,10.66,35204,cpu,6,40,52.57,0.05,1.251467
1895,dueling_dqn,3,85.4703,10.3,35204,cpu,3,32,22.32,0.05,1.046232
1896,dueling_dqn,3,85.4866,10.08,35204,cpu,4,32,32.43,0.05,1.014548
1897,dueling_dqn,3,85.5091,10.12,35204,cpu,6,44,51.53,0.05,1.170811
1898,dueling_dqn,3,85.5264,10.02,35204,cpu,4,34,32.41,0.05,1.372388
1899,dueling_dqn,3,85.5371,9.7,35204,cpu,3,21,21.33,0.05,1.542976
1900,dueling_dqn,3,85.5983,9.82,35204,cpu,15,117,148.69,0.05,1.498292
1901,dueling_dqn,3,85.6224,9.58,35204,cpu,6,46,52.91,0.05,1.352593
1902,dueling_dqn,3,85.6845,9.78,35204,cpu,15,120,148.56,0.05,1.839524
1903,dueling_dqn,3,85.6927,9.44,35204,cpu,1,16,1.06,0.05,1.062392
1904,dueling_dqn,3,85.733,9.56,35204,cpu,13,78,124.16,0.05,1.075581
1905,dueling_dqn,3,85.7594,9.5,35204,cpu,7,51,63.87,0.05,1.024565
1906,dueling_dqn,3,85.8497,9.66,35204,cpu,22,176,219.97,0.05,0.87286
1907,dueling_dqn,3,85.9346,9.66,35204,cpu,19,165,188.85,0.05,1.585253
1908,dueling_dqn,3,86.0266,9.9,35204,cpu,22,178,220.55,0.05,1.547303
1909,dueling_dqn,3,86.0524,9.86,35204,cpu,8,50,73.29,0.05,1.078001
1910,dueling_dqn,3,86.0981,10.0,35204,cpu,9,89,86.11,0.05,0.386767
1911,dueling_dqn,3,86.1279,9.86,35204,cpu,6,58,53.99,0.05,1.134419
1912,dueling_dqn,3,86.2057,10.12,35204,cpu,18,151,178.08,0.05,1.428555
1913,dueling_dqn,3,86.2422,10.2,35204,cpu,10,71,94.8,0.05,1.877284
1914,dueling_dqn,3,86.2447,9.84,35204,cpu,0,5,-9.64,0.05,1.372032
1915,dueling_dqn,3,86.2879,9.92,35204,cpu,12,84,115.39,0.05,0.343894
1916,dueling_dqn,3,86.2998,9.68,35204,cpu,3,23,21.51,0.05,1.118178
1917,dueling_dqn,3,86.334,9.7,35204,cpu,10,66,94.15,0.05,1.683066
1918,dueling_dqn,3,86.3483,9.52,35204,cpu,4,28,32.07,0.05,1.612695
1919,dueling_dqn,3,86.3735,9.18,35204,cpu,6,49,52.98,0.05,1.428069
1920,dueling_dqn,3,86.4348,9.2,35204,cpu,17,119,166.29,0.05,1.348222
1921,dueling_dqn,3,86.5159,9.44,35204,cpu,17,158,168.4,0.05,0.99283
1922,dueling_dqn,3,86.5505,9.54,35204,cpu,11,67,104.15,0.05,0.99172
1923,dueling_dqn,3,86.5793,9.54,35204,cpu,7,56,63.92,0.05,0.623767
1924,dueling_dqn,3,86.6168,9.42,35204,cpu,8,73,75.76,0.05,1.324783
1925,dueling_dqn,3,86.639,9.44,35204,cpu,5,43,43.13,0.05,1.66107
1926,dueling_dqn,3,86.6922,9.7,35204,cpu,14,103,137.12,0.05,0.715114
1927,dueling_dqn,3,86.7065,9.68,35204,cpu,2,27,12.16,0.05,1.548308
1928,dueling_dqn,3,86.7515,9.6,35204,cpu,10,87,96.04,0.05,1.158643
1929,dueling_dqn,3,86.8023,9.72,35204,cpu,14,97,136.98,0.05,1.019129
1930,dueling_dqn,3,86.8477,9.72,35204,cpu,10,88,95.93,0.05,1.375327
1931,dueling_dqn,3,86.9034,9.6,35204,cpu,14,107,136.08,0.05,1.177011
1932,dueling_dqn,3,86.9351,9.56,35204,cpu,7,62,63.66,0.05,0.929329
1933,dueling_dqn,3,87.0119,9.44,35204,cpu,17,149,171.19,0.05,0.931724
1934,dueling_dqn,3,87.0609,9.42,35204,cpu,10,95,94.76,0.05,1.031325
1935,dueling_dqn,3,87.1513,9.66,35204,cpu,19,175,191.55,0.05,1.325749
1936,dueling_dqn,3,87.1979,9.64,35204,cpu,9,91,84.69,0.05,1.118121
1937,dueling_dqn,3,87.2817,9.72,35204,cpu,20,162,198.89,0.05,1.306973
1938,dueling_dqn,3,87.2871,9.58,35204,cpu,1,10,0.72,0.05,1.58385
1939,dueling_dqn,3,87.3624,9.8,35204,cpu,14,146,138.19,0.05,1.438718
1940,dueling_dqn,3,87.3736,9.68,35204,cpu,2,21,11.42,0.05,1.673746
1941,dueling_dqn,3,87.441,9.92,35204,cpu,17,130,168.48,0.05,0.594414
1942,dueling_dqn,3,87.4606,9.86,35204,cpu,6,38,51.79,0.05,0.996915
1943,dueling_dqn,3,87.4997,9.9,35204,cpu,12,76,114.87,0.05,1.264752
1944,dueling_dqn,3,87.5805,10.16,35204,cpu,19,157,189.13,0.05,0.476459
1945,dueling_dqn,3,87.6093,10.28,35204,cpu,9,56,83.54,0.05,1.065732
1946,dueling_dqn,3,87.6937,10.6,35204,cpu,20,164,200.47,0.05,0.988885
1947,dueling_dqn,3,87.7391,10.72,35204,cpu,12,88,116.55,0.05,1.515588
1948,dueling_dqn,3,87.7956,10.9,35204,cpu,13,109,126.95,0.05,0.742549
1949,dueling_dqn,3,87.8724,11.18,35204,cpu,17,149,169.99,0.05,0.838279
1950,dueling_dqn,3,87.9058,11.04,35204,cpu,8,65,74.04,0.05,0.729405
1951,dueling_dqn,3,87.947,11.16,35204,cpu,12,80,116.03,0.05,0.910451
1952,dueling_dqn,3,87.9681,10.94,35204,cpu,4,41,32.44,0.05,1.087935
1953,dueling_dqn,3,88.0082,11.08,35204,cpu,8,78,73.81,0.05,1.589686
1954,dueling_dqn,3,88.0251,10.96,35204,cpu,7,33,62.05,0.05,1.158979
1955,dueling_dqn,3,88.0585,11.04,35204,cpu,11,64,104.28,0.05,0.085871
1956,dueling_dqn,3,88.0739,10.68,35204,cpu,4,30,31.85,0.05,0.897452
1957,dueling_dqn,3,88.1052,10.46,35204,cpu,8,61,74.28,0.05,1.187048
1958,dueling_dqn,3,88.1588,10.3,35204,cpu,14,104,137.81,0.05,2.251892
1959,dueling_dqn,3,88.1651,10.16,35204,cpu,1,12,0.9,0.05,0.939073
1960,dueling_dqn,3,88.2032,10.16,35204,cpu,9,74,84.56,0.05,0.954187
1961,dueling_dqn,3,88.2521,10.3,35204,cpu,13,95,126.09,0.05,1.674455
1962,dueling_dqn,3,88.3634,10.4,35204,cpu,23,214,233.1,0.05,1.547069
1963,dueling_dqn,3,88.4054,10.4,35204,cpu,10,81,95.9,0.05,1.421141
1964,dueling_dqn,3,88.5079,10.82,35204,cpu,21,199,211.73,0.05,0.713195
1965,dueling_dqn,3,88.5176,10.62,35204,cpu,2,19,11.04,0.05,1.375971
1966,dueling_dqn,3,88.6437,11.12,35204,cpu,28,245,282.04,0.05,1.52697
1967,dueling_dqn,3,88.7103,11.26,35204,cpu,17,129,168.39,0.05,1.652023
1968,dueling_dqn,3,88.7231,11.26,35204,cpu,4,25,31.8,0.05,1.198537
1969,dueling_dqn,3,88.7554,11.28,35204,cpu,7,63,64.35,0.05,2.015007
1970,dueling_dqn,3,88.7836,11.16,35204,cpu,11,55,103.47,0.05,0.851929
1971,dueling_dqn,3,88.8077,10.94,35204,cpu,6,47,53.6,0.05,1.608923
1972,dueling_dqn,3,88.8587,11.02,35204,cpu,15,99,146.47,0.05,0.553429
1973,dueling_dqn,3,88.8998,11.1,35204,cpu,11,80,105.92,0.05,1.344305
1974,dueling_dqn,3,88.9249,11.08,35204,cpu,7,49,63.69,0.05,1.694149
1975,dueling_dqn,3,88.963,11.18,35204,cpu,10,74,94.47,0.05,0.151585
1976,dueling_dqn,3,89.0113,11.08,35204,cpu,9,95,85.85,0.05,0.741549
1977,dueling_dqn,3,89.0317,11.18,35204,cpu,7,40,62.28,0.05,1.448612
1978,dueling_dqn,3,89.1149,11.3,35204,cpu,16,163,160.74,0.05,0.753949
1979,dueling_dqn,3,89.2179,11.4,35204,cpu,19,202,190.18,0.05,1.426882
1980,dueling_dqn,3,89.2627,11.42,35204,cpu,11,88,106.04,0.05,1.032116
1981,dueling_dqn,3,89.2861,11.24,35204,cpu,5,46,43.2,0.05,1.464309
1982,dueling_dqn,3,89.3238,11.28,35204,cpu,9,74,84.56,0.05,0.341389
1983,dueling_dqn,3,89.3799,11.22,35204,cpu,14,109,137.66,0.05,2.127671
1984,dueling_dqn,3,89.4063,11.12,35204,cpu,5,52,43.14,0.05,2.191443
1985,dueling_dqn,3,89.4858,11.14,35204,cpu,20,155,200.06,0.05,1.301404
1986,dueling_dqn,3,89.5031,11.02,35204,cpu,3,34,22.1,0.05,0.880636
1987,dueling_dqn,3,89.5403,10.84,35204,cpu,11,73,105.49,0.05,1.153223
1988,dueling_dqn,3,89.5795,11.06,35204,cpu,12,77,115.36,0.05,0.662203
1989,dueling_dqn,3,89.6906,11.32,35204,cpu,27,218,271.3,0.05,0.701035
1990,dueling_dqn,3,89.7367,11.48,35204,cpu,10,90,96.71,0.05,1.583871
1991,dueling_dqn,3,89.8033,11.42,35204,cpu,14,131,139.84,0.05,2.075399
1992,dueling_dqn,3,89.8232,11.42,35204,cpu,6,39,52.68,0.05,1.284436
1993,dueling_dqn,3,89.8909,11.52,35204,cpu,17,133,167.75,0.05,1.288375
1994,dueling_dqn,3,89.9384,11.38,35204,cpu,12,93,116.8,0.05,1.194034
1995,dueling_dqn,3,90.0061,11.5,35204,cpu,15,132,149.44,0.05,1.513054
1996,dueling_dqn,3,90.0653,11.36,35204,cpu,13,115,127.89,0.05,0.525427
1997,dueling_dqn,3,90.1183,11.4,35204,cpu,14,102,137.23,0.05,1.045578
1998,dueling_dqn,3,90.1654,11.38,35204,cpu,12,91,115.82,0.05,1.256893
1999,dueling_dqn,3,90.2103,11.24,35204,cpu,10,87,96.24,0.05,1.247923
2000,dueling_dqn,3,90.3153,11.6,35204,cpu,26,203,261.44,0.05,0.833346
