episode,model,seed,elapsed_seconds,moving_avg_score,model_size,device,score,steps,reward,epsilon,loss
1,double_dqn,3,0.0002,0.0,18563,cpu,0,19,-10.78,0.99639,0.0
2,double_dqn,3,0.0007,0.0,18563,cpu,0,52,-11.21,0.98651,0.0
3,double_dqn,3,0.0008,0.0,18563,cpu,0,6,-10.15,0.98537,0.0
4,double_dqn,3,0.0009,0.0,18563,cpu,0,7,-10.66,0.98404,0.0
5,double_dqn,3,0.0041,0.0,18563,cpu,0,23,-10.82,0.97967,0.006839
6,double_dqn,3,0.0143,0.0,18563,cpu,0,29,-10.08,0.97416,0.287542
7,double_dqn,3,0.0232,0.0,18563,cpu,0,25,-10.44,0.96941,0.527231
8,double_dqn,3,0.0285,0.0,18563,cpu,0,15,-10.74,0.96656,1.035106
9,double_dqn,3,0.0322,0.0,18563,cpu,0,10,-9.39,0.96466,0.501595
10,double_dqn,3,0.042,0.0,18563,cpu,0,28,-9.97,0.95934,0.324184
11,double_dqn,3,0.058,0.0909,18563,cpu,1,46,-0.64,0.9506,0.032155
12,double_dqn,3,0.0601,0.0833,18563,cpu,0,6,-10.35,0.94946,0.172497
13,double_dqn,3,0.0724,0.0769,18563,cpu,0,34,-10.03,0.943,0.037799
14,double_dqn,3,0.0899,0.0714,18563,cpu,0,50,-10.59,0.9335,0.01684
15,double_dqn,3,0.0933,0.0667,18563,cpu,0,10,-9.79,0.9316,0.012304
16,double_dqn,3,0.1014,0.0625,18563,cpu,0,23,-10.62,0.92723,0.011593
17,double_dqn,3,0.121,0.1176,18563,cpu,1,56,0.26,0.91659,0.290877
18,double_dqn,3,0.1238,0.1111,18563,cpu,0,8,-10.77,0.91507,0.281537
19,double_dqn,3,0.135,0.2105,18563,cpu,2,32,10.41,0.90899,0.342647
20,double_dqn,3,0.1482,0.2,18563,cpu,0,37,-10.96,0.90196,0.044233
21,double_dqn,3,0.1563,0.2381,18563,cpu,1,23,0.69,0.89759,0.05466
22,double_dqn,3,0.1622,0.2273,18563,cpu,0,17,-9.96,0.89436,0.02876
23,double_dqn,3,0.1694,0.2609,18563,cpu,1,21,0.31,0.89037,0.008501
24,double_dqn,3,0.1719,0.25,18563,cpu,0,7,-10.26,0.88904,0.303855
25,double_dqn,3,0.1803,0.24,18563,cpu,0,24,-10.33,0.88448,0.012798
26,double_dqn,3,0.1848,0.3077,18563,cpu,2,13,10.1,0.88201,0.577138
27,double_dqn,3,0.1891,0.3333,18563,cpu,1,12,0.3,0.87973,0.011139
28,double_dqn,3,0.2028,0.3214,18563,cpu,0,40,-10.69,0.87213,0.041649
29,double_dqn,3,0.2123,0.3103,18563,cpu,0,27,-10.26,0.867,0.03059
30,double_dqn,3,0.222,0.3,18563,cpu,0,28,-9.77,0.86168,0.308582
31,double_dqn,3,0.2247,0.2903,18563,cpu,0,8,-10.37,0.86016,0.643343
32,double_dqn,3,0.2339,0.2812,18563,cpu,0,26,-9.55,0.85522,0.173488
33,double_dqn,3,0.2363,0.2727,18563,cpu,0,7,-9.66,0.85389,0.876813
34,double_dqn,3,0.2439,0.2647,18563,cpu,0,22,-10.71,0.84971,0.035026
35,double_dqn,3,0.2468,0.2571,18563,cpu,0,8,-9.77,0.84819,0.025361
36,double_dqn,3,0.2543,0.25,18563,cpu,0,21,-9.8,0.8442,0.110489
37,double_dqn,3,0.2618,0.2432,18563,cpu,0,22,-10.91,0.84002,0.321071
38,double_dqn,3,0.2666,0.2368,18563,cpu,0,13,-9.72,0.83755,0.039377
39,double_dqn,3,0.2722,0.2308,18563,cpu,0,16,-9.85,0.83451,0.298703
40,double_dqn,3,0.2802,0.25,18563,cpu,1,23,0.29,0.83014,0.298432
41,double_dqn,3,0.2964,0.2683,18563,cpu,1,46,0.36,0.8214,0.012833
42,double_dqn,3,0.3161,0.2619,18563,cpu,0,56,-10.85,0.81076,0.012113
43,double_dqn,3,0.3227,0.2791,18563,cpu,1,18,0.04,0.80734,0.011952
44,double_dqn,3,0.3361,0.2955,18563,cpu,1,39,-0.27,0.79993,0.024045
45,double_dqn,3,0.3389,0.2889,18563,cpu,0,8,-10.17,0.79841,0.02532
46,double_dqn,3,0.3468,0.2826,18563,cpu,0,23,-10.22,0.79404,0.234576
47,double_dqn,3,0.3489,0.2766,18563,cpu,0,6,-10.35,0.7929,0.03114
48,double_dqn,3,0.352,0.2708,18563,cpu,0,9,-10.08,0.79119,0.010616
49,double_dqn,3,0.3634,0.2857,18563,cpu,1,33,-1.21,0.78492,0.026103
50,double_dqn,3,0.3665,0.28,18563,cpu,0,9,-10.88,0.78321,0.326092
51,double_dqn,3,0.3842,0.32,18563,cpu,2,51,10.12,0.77352,0.323529
52,double_dqn,3,0.391,0.32,18563,cpu,0,19,-11.18,0.76991,0.013602
53,double_dqn,3,0.4037,0.34,18563,cpu,1,37,-0.45,0.76288,0.05042
54,double_dqn,3,0.409,0.36,18563,cpu,1,15,0.57,0.76003,0.791926
55,double_dqn,3,0.4134,0.36,18563,cpu,0,12,-9.61,0.75775,0.056649
56,double_dqn,3,0.4523,0.42,18563,cpu,3,111,19.63,0.73666,0.015735
57,double_dqn,3,0.4686,0.44,18563,cpu,1,46,-0.04,0.72792,0.053931
58,double_dqn,3,0.4742,0.46,18563,cpu,1,16,0.26,0.72488,0.018372
59,double_dqn,3,0.478,0.46,18563,cpu,0,11,-10.9,0.72279,0.023159
60,double_dqn,3,0.4826,0.46,18563,cpu,0,13,-10.52,0.72032,0.286336
61,double_dqn,3,0.4946,0.46,18563,cpu,1,34,1.48,0.71386,0.061632
62,double_dqn,3,0.4992,0.48,18563,cpu,1,13,0.39,0.71139,0.605577
63,double_dqn,3,0.503,0.48,18563,cpu,0,11,-10.1,0.7093,0.119763
64,double_dqn,3,0.5055,0.48,18563,cpu,0,7,-10.26,0.70797,0.04257
65,double_dqn,3,0.5187,0.5,18563,cpu,1,38,0.44,0.70075,0.058425
66,double_dqn,3,0.5257,0.52,18563,cpu,1,20,0.22,0.69695,0.589111
67,double_dqn,3,0.5471,0.54,18563,cpu,2,61,11.22,0.68536,0.290087
68,double_dqn,3,0.5609,0.58,18563,cpu,2,39,9.84,0.67795,0.047532
69,double_dqn,3,0.5669,0.54,18563,cpu,0,17,-10.36,0.67472,0.02704
70,double_dqn,3,0.5838,0.56,18563,cpu,1,48,-0.06,0.6656,0.297708
71,double_dqn,3,0.5902,0.54,18563,cpu,0,18,-9.87,0.66218,0.013307
72,double_dqn,3,0.5923,0.56,18563,cpu,1,6,0.36,0.66104,0.014533
73,double_dqn,3,0.5994,0.56,18563,cpu,1,20,0.02,0.65724,0.269558
74,double_dqn,3,0.6035,0.56,18563,cpu,0,12,-9.81,0.65496,0.31183
75,double_dqn,3,0.6068,0.58,18563,cpu,1,9,0.43,0.65325,0.012798
76,double_dqn,3,0.6124,0.54,18563,cpu,0,16,-9.65,0.65021,0.032142
77,double_dqn,3,0.6198,0.56,18563,cpu,2,21,9.82,0.64622,0.590051
78,double_dqn,3,0.6334,0.58,18563,cpu,1,38,-0.16,0.639,0.015421
79,double_dqn,3,0.6378,0.58,18563,cpu,0,12,-10.01,0.63672,0.01531
80,double_dqn,3,0.6404,0.58,18563,cpu,0,7,-9.66,0.63539,0.298466
81,double_dqn,3,0.6475,0.62,18563,cpu,2,19,10.84,0.63178,0.009731
82,double_dqn,3,0.6601,0.64,18563,cpu,1,35,0.17,0.62513,0.298483
83,double_dqn,3,0.6643,0.64,18563,cpu,0,12,-9.61,0.62285,0.837563
84,double_dqn,3,0.6709,0.68,18563,cpu,2,18,10.95,0.61943,0.311286
85,double_dqn,3,0.6813,0.68,18563,cpu,0,29,-9.88,0.61392,0.024501
86,double_dqn,3,0.6878,0.7,18563,cpu,1,18,0.64,0.6105,0.302502
87,double_dqn,3,0.69,0.7,18563,cpu,0,6,-9.95,0.60936,0.327052
88,double_dqn,3,0.7009,0.74,18563,cpu,2,31,11.12,0.60347,0.032885
89,double_dqn,3,0.7101,0.74,18563,cpu,0,26,-9.95,0.59853,0.576154
90,double_dqn,3,0.7122,0.72,18563,cpu,0,6,-9.75,0.59739,0.330085
91,double_dqn,3,0.7263,0.76,18563,cpu,3,40,20.64,0.58979,0.588971
92,double_dqn,3,0.736,0.78,18563,cpu,1,28,-0.06,0.58447,0.027752
93,double_dqn,3,0.744,0.76,18563,cpu,0,23,-10.82,0.5801,0.02797
94,double_dqn,3,0.7469,0.74,18563,cpu,0,8,-9.77,0.57858,0.309518
95,double_dqn,3,0.7515,0.78,18563,cpu,2,13,10.5,0.57611,0.018056
96,double_dqn,3,0.7607,0.78,18563,cpu,0,25,-10.04,0.57136,0.044395
97,double_dqn,3,0.7864,0.82,18563,cpu,2,72,10.41,0.55768,0.282438
98,double_dqn,3,0.7926,0.86,18563,cpu,2,17,10.66,0.55445,0.035254
99,double_dqn,3,0.7981,0.86,18563,cpu,1,15,0.57,0.5516,0.032686
100,double_dqn,3,0.8019,0.88,18563,cpu,1,11,0.21,0.54951,0.292906
101,double_dqn,3,0.8102,0.88,18563,cpu,2,23,10.4,0.54514,0.298807
102,double_dqn,3,0.8211,0.94,18563,cpu,3,30,21.14,0.53944,0.517556
103,double_dqn,3,0.8317,0.94,18563,cpu,1,29,0.23,0.53393,0.037603
104,double_dqn,3,0.8362,0.96,18563,cpu,2,12,10.81,0.53165,0.032725
105,double_dqn,3,0.8605,1.0,18563,cpu,2,67,10.76,0.51892,0.318489
106,double_dqn,3,0.8689,0.96,18563,cpu,1,23,0.29,0.51455,0.296326
107,double_dqn,3,0.8737,0.96,18563,cpu,1,13,0.99,0.51208,0.27643
108,double_dqn,3,0.8831,0.96,18563,cpu,1,26,0.36,0.50714,0.043229
109,double_dqn,3,0.8888,1.0,18563,cpu,2,16,10.97,0.5041,0.018866
110,double_dqn,3,0.8995,1.04,18563,cpu,2,30,11.43,0.4984,0.04749
111,double_dqn,3,0.9041,1.04,18563,cpu,1,13,0.39,0.49593,0.033402
112,double_dqn,3,0.909,1.02,18563,cpu,0,14,-9.83,0.49327,0.293599
113,double_dqn,3,0.9133,1.04,18563,cpu,1,12,0.5,0.49099,0.017896
114,double_dqn,3,0.9209,1.08,18563,cpu,2,21,10.62,0.487,0.015603
115,double_dqn,3,0.9288,1.1,18563,cpu,2,22,11.11,0.48282,1.050754
116,double_dqn,3,0.9409,1.12,18563,cpu,2,33,11.7,0.47655,0.334685
117,double_dqn,3,0.949,1.1,18563,cpu,1,22,0.6,0.47237,0.096317
118,double_dqn,3,0.957,1.08,18563,cpu,1,22,0.8,0.46819,0.58316
119,double_dqn,3,0.9698,1.1,18563,cpu,1,36,1.26,0.46135,0.577636
120,double_dqn,3,0.9782,1.14,18563,cpu,3,23,20.71,0.45698,1.058973
121,double_dqn,3,0.9868,1.14,18563,cpu,0,24,-9.93,0.45242,0.305239
122,double_dqn,3,0.9952,1.16,18563,cpu,2,23,10.6,0.44805,0.288282
123,double_dqn,3,0.9984,1.14,18563,cpu,0,9,-9.68,0.44634,0.319651
124,double_dqn,3,1.0067,1.16,18563,cpu,1,23,-0.31,0.44197,0.111809
125,double_dqn,3,1.0219,1.2,18563,cpu,3,42,21.62,0.43399,0.589839
126,double_dqn,3,1.0266,1.2,18563,cpu,0,13,-9.52,0.43152,0.817412
127,double_dqn,3,1.0381,1.2,18563,cpu,2,31,11.92,0.42563,0.324563
128,double_dqn,3,1.054,1.22,18563,cpu,2,45,11.38,0.41708,0.032889
129,double_dqn,3,1.058,1.22,18563,cpu,0,11,-10.3,0.41499,0.301901
130,double_dqn,3,1.0641,1.22,18563,cpu,0,17,-9.56,0.41176,0.881325
131,double_dqn,3,1.0691,1.24,18563,cpu,3,14,20.7,0.4091,0.323434
132,double_dqn,3,1.0801,1.26,18563,cpu,2,31,11.32,0.40321,0.290206
133,double_dqn,3,1.0923,1.32,18563,cpu,3,34,20.7,0.39675,0.043652
134,double_dqn,3,1.0964,1.28,18563,cpu,0,11,-9.7,0.39466,0.305272
135,double_dqn,3,1.1057,1.32,18563,cpu,2,26,10.07,0.38972,0.294143
136,double_dqn,3,1.1175,1.32,18563,cpu,1,33,0.19,0.38345,0.063963
137,double_dqn,3,1.1234,1.32,18563,cpu,0,16,-9.65,0.38041,0.12627
138,double_dqn,3,1.1399,1.34,18563,cpu,3,45,21.69,0.37186,0.340898
139,double_dqn,3,1.1487,1.36,18563,cpu,1,24,1.38,0.3673,0.566509
140,double_dqn,3,1.1614,1.4,18563,cpu,2,35,11.08,0.36065,0.095445
141,double_dqn,3,1.1775,1.4,18563,cpu,3,44,21.8,0.35229,0.318588
142,double_dqn,3,1.1844,1.42,18563,cpu,2,19,10.64,0.34868,0.259963
143,double_dqn,3,1.1873,1.42,18563,cpu,0,8,-9.77,0.34716,0.932127
144,double_dqn,3,1.2,1.46,18563,cpu,2,35,10.48,0.34051,0.28028
145,double_dqn,3,1.208,1.48,18563,cpu,3,22,20.82,0.33633,0.97631
146,double_dqn,3,1.215,1.5,18563,cpu,1,19,0.93,0.33272,0.086937
147,double_dqn,3,1.2217,1.5,18563,cpu,2,18,10.75,0.3293,0.071237
148,double_dqn,3,1.2454,1.56,18563,cpu,5,66,43.0,0.31676,0.069462
149,double_dqn,3,1.2653,1.64,18563,cpu,5,54,42.52,0.3065,0.3011
150,double_dqn,3,1.2797,1.72,18563,cpu,5,39,42.17,0.29909,0.656593
151,double_dqn,3,1.2932,1.74,18563,cpu,3,37,21.57,0.29206,0.285114
152,double_dqn,3,1.3079,1.82,18563,cpu,7,40,62.08,0.28446,0.606424
153,double_dqn,3,1.3298,1.9,18563,cpu,5,59,42.77,0.27325,0.354787
154,double_dqn,3,1.3361,1.9,18563,cpu,2,17,10.86,0.27002,0.552829
155,double_dqn,3,1.3402,1.9,18563,cpu,2,11,10.72,0.26793,0.128627
156,double_dqn,3,1.351,1.94,18563,cpu,3,30,20.94,0.26223,0.406851
157,double_dqn,3,1.3656,1.98,18563,cpu,3,40,21.64,0.25463,0.624322
158,double_dqn,3,1.3704,1.98,18563,cpu,1,13,0.59,0.25216,0.5405
159,double_dqn,3,1.3854,2.04,18563,cpu,5,41,42.15,0.24437,1.397906
160,double_dqn,3,1.4185,2.14,18563,cpu,7,90,63.98,0.22727,0.989319
161,double_dqn,3,1.4561,2.32,18563,cpu,10,102,95.59,0.20789,0.769063
162,double_dqn,3,1.4664,2.38,18563,cpu,3,28,21.36,0.20257,0.504554
163,double_dqn,3,1.4906,2.5,18563,cpu,7,65,62.93,0.19022,0.369374
164,double_dqn,3,1.5248,2.66,18563,cpu,10,92,93.69,0.17274,0.503871
165,double_dqn,3,1.5366,2.68,18563,cpu,3,31,21.63,0.16685,0.285254
166,double_dqn,3,1.5809,2.88,18563,cpu,12,114,116.09,0.14519,0.067347
167,double_dqn,3,1.595,2.96,18563,cpu,5,37,41.59,0.13816,0.073133
168,double_dqn,3,1.6086,3.04,18563,cpu,5,36,41.1,0.13132,0.658376
169,double_dqn,3,1.6257,3.12,18563,cpu,5,44,42.62,0.12296,0.130276
170,double_dqn,3,1.635,3.14,18563,cpu,4,24,31.71,0.1184,0.308635
171,double_dqn,3,1.6721,3.36,18563,cpu,11,96,105.36,0.10016,1.00856
172,double_dqn,3,1.6802,3.38,18563,cpu,3,21,21.33,0.09617,0.803985
173,double_dqn,3,1.7275,3.74,18563,cpu,18,123,177.56,0.0728,0.386479
174,double_dqn,3,1.745,3.8,18563,cpu,4,46,31.09,0.06406,0.524666
175,double_dqn,3,1.8056,4.18,18563,cpu,22,156,218.17,0.05,0.605597
176,double_dqn,3,1.8525,4.5,18563,cpu,16,122,156.45,0.05,0.368329
177,double_dqn,3,1.8908,4.7,18563,cpu,12,99,115.74,0.05,0.551302
178,double_dqn,3,1.9002,4.72,18563,cpu,3,24,21.6,0.05,0.89459
179,double_dqn,3,1.9449,5.02,18563,cpu,15,115,148.71,0.05,0.101485
180,double_dqn,3,1.9874,5.3,18563,cpu,14,109,137.06,0.05,1.272545
181,double_dqn,3,2.0001,5.28,18563,cpu,2,33,12.1,0.05,1.152827
182,double_dqn,3,2.0143,5.3,18563,cpu,3,37,20.97,0.05,0.13433
183,double_dqn,3,2.0557,5.56,18563,cpu,16,108,157.59,0.05,0.561165
184,double_dqn,3,2.1177,5.94,18563,cpu,19,161,188.69,0.05,0.523605
185,double_dqn,3,2.12,5.92,18563,cpu,1,6,0.16,0.05,0.789614
186,double_dqn,3,2.1985,6.36,18563,cpu,23,203,232.11,0.05,0.123916
187,double_dqn,3,2.2325,6.56,18563,cpu,10,88,94.33,0.05,0.492132
188,double_dqn,3,2.2631,6.72,18563,cpu,11,79,103.63,0.05,0.345575
189,double_dqn,3,2.2651,6.7,18563,cpu,0,5,-9.64,0.05,0.825518
190,double_dqn,3,2.3095,6.86,18563,cpu,10,115,95.36,0.05,0.910105
191,double_dqn,3,2.3423,6.98,18563,cpu,9,85,83.75,0.05,0.555351
192,double_dqn,3,2.3975,7.36,18563,cpu,21,141,208.51,0.05,0.88883
193,double_dqn,3,2.461,7.74,18563,cpu,19,162,190.38,0.05,1.067702
194,double_dqn,3,2.5167,8.04,18563,cpu,17,143,169.45,0.05,0.375355
195,double_dqn,3,2.5473,8.2,18563,cpu,11,79,105.43,0.05,0.70399
196,double_dqn,3,2.5723,8.38,18563,cpu,10,66,94.35,0.05,0.762459
197,double_dqn,3,2.5884,8.46,18563,cpu,6,43,52.64,0.05,0.644089
198,double_dqn,3,2.6041,8.46,18563,cpu,5,42,43.04,0.05,0.593634
199,double_dqn,3,2.6487,8.66,18563,cpu,15,117,145.29,0.05,0.242746
200,double_dqn,3,2.712,8.92,18563,cpu,18,167,179.52,0.05,1.056803
201,double_dqn,3,2.7199,8.9,18563,cpu,2,21,11.62,0.05,0.770565
202,double_dqn,3,2.7444,8.9,18563,cpu,7,65,63.73,0.05,0.712728
203,double_dqn,3,2.7711,9.02,18563,cpu,11,71,103.71,0.05,0.828823
204,double_dqn,3,2.8063,9.28,18563,cpu,15,94,145.62,0.05,0.8354
205,double_dqn,3,2.8721,9.64,18563,cpu,20,175,199.46,0.05,0.442921
206,double_dqn,3,2.918,9.92,18563,cpu,17,122,167.76,0.05,0.619712
207,double_dqn,3,3.0317,10.48,18563,cpu,31,298,314.34,0.05,0.41672
208,double_dqn,3,3.0844,10.86,18563,cpu,20,140,199.31,0.05,0.874861
209,double_dqn,3,3.1103,10.98,18563,cpu,11,69,104.73,0.05,0.780076
210,double_dqn,3,3.1142,10.86,18563,cpu,1,10,0.72,0.05,0.496651
211,double_dqn,3,3.1859,11.08,18563,cpu,21,187,209.85,0.05,0.52239
212,double_dqn,3,3.207,11.16,18563,cpu,7,56,64.12,0.05,0.496652
213,double_dqn,3,3.21,11.06,18563,cpu,2,8,10.05,0.05,0.868398
214,double_dqn,3,3.2654,11.14,18563,cpu,14,147,136.88,0.05,0.334043
215,double_dqn,3,3.3086,11.36,18563,cpu,14,114,136.91,0.05,0.86005
216,double_dqn,3,3.3304,11.3,18563,cpu,9,58,83.72,0.05,0.790389
217,double_dqn,3,3.3605,11.38,18563,cpu,9,81,85.79,0.05,0.630171
218,double_dqn,3,3.3896,11.46,18563,cpu,9,77,85.23,0.05,0.938785
219,double_dqn,3,3.4365,11.62,18563,cpu,13,124,127.9,0.05,1.209118
220,double_dqn,3,3.4815,11.78,18563,cpu,12,119,117.14,0.05,1.722808
221,double_dqn,3,3.4976,11.66,18563,cpu,5,42,43.24,0.05,0.832424
222,double_dqn,3,3.5161,11.76,18563,cpu,8,49,73.4,0.05,0.484171
223,double_dqn,3,3.5201,11.42,18563,cpu,1,11,0.81,0.05,0.560962
224,double_dqn,3,3.5342,11.46,18563,cpu,6,37,52.3,0.05,1.03354
225,double_dqn,3,3.5391,11.06,18563,cpu,2,13,10.9,0.05,0.894888
226,double_dqn,3,3.584,10.98,18563,cpu,12,119,116.14,0.05,0.980206
227,double_dqn,3,3.6219,10.98,18563,cpu,12,100,116.43,0.05,1.075833
228,double_dqn,3,3.6405,11.1,18563,cpu,9,49,82.91,0.05,0.627072
229,double_dqn,3,3.6453,10.82,18563,cpu,1,13,0.79,0.05,1.140553
230,double_dqn,3,3.6874,10.78,18563,cpu,12,110,116.93,0.05,0.635651
231,double_dqn,3,3.7154,10.92,18563,cpu,9,75,85.05,0.05,0.541445
232,double_dqn,3,3.7306,11.02,18563,cpu,8,40,72.59,0.05,0.950474
233,double_dqn,3,3.7742,10.94,18563,cpu,12,116,118.67,0.05,0.584355
234,double_dqn,3,3.832,10.9,18563,cpu,17,153,169.35,0.05,1.128463
235,double_dqn,3,3.8433,11.0,18563,cpu,6,30,51.87,0.05,0.672572
236,double_dqn,3,3.9177,10.92,18563,cpu,19,196,187.84,0.05,1.187183
237,double_dqn,3,3.9884,11.14,18563,cpu,21,185,210.67,0.05,1.278633
238,double_dqn,3,4.0138,11.1,18563,cpu,9,67,84.33,0.05,0.817543
239,double_dqn,3,4.0338,11.28,18563,cpu,9,52,83.38,0.05,1.275718
240,double_dqn,3,4.088,11.36,18563,cpu,14,143,137.32,0.05,0.716021
241,double_dqn,3,4.1001,11.28,18563,cpu,5,33,42.03,0.05,0.559205
242,double_dqn,3,4.1282,11.06,18563,cpu,10,76,95.45,0.05,0.814658
243,double_dqn,3,4.1475,10.88,18563,cpu,10,51,93.2,0.05,0.45237
244,double_dqn,3,4.1901,10.84,18563,cpu,15,112,147.84,0.05,1.009111
245,double_dqn,3,4.2592,11.02,18563,cpu,20,183,200.78,0.05,0.341753
246,double_dqn,3,4.2839,11.0,18563,cpu,9,65,84.15,0.05,0.846519
247,double_dqn,3,4.3091,11.06,18563,cpu,9,68,84.42,0.05,0.516743
248,double_dqn,3,4.3618,11.28,18563,cpu,16,139,156.98,0.05,1.014281
249,double_dqn,3,4.4031,11.22,18563,cpu,12,110,114.33,0.05,0.43646
250,double_dqn,3,4.4236,10.98,18563,cpu,6,54,52.23,0.05,1.345326
251,double_dqn,3,4.4586,11.18,18563,cpu,12,92,113.91,0.05,0.467472
252,double_dqn,3,4.4613,11.06,18563,cpu,1,7,0.45,0.05,0.626548
253,double_dqn,3,4.485,10.98,18563,cpu,7,63,63.35,0.05,1.433765
254,double_dqn,3,4.4961,10.76,18563,cpu,4,29,30.96,0.05,1.298609
255,double_dqn,3,4.5002,10.38,18563,cpu,1,11,0.41,0.05,0.735636
256,double_dqn,3,4.5181,10.14,18563,cpu,5,48,41.98,0.05,0.690787
257,double_dqn,3,4.5403,9.7,18563,cpu,9,58,82.12,0.05,1.027192
258,double_dqn,3,4.5623,9.46,18563,cpu,8,58,73.81,0.05,0.489475
259,double_dqn,3,4.6014,9.46,18563,cpu,11,105,105.77,0.05,1.159105
260,double_dqn,3,4.6495,9.72,18563,cpu,14,125,135.5,0.05,0.906261
261,double_dqn,3,4.6568,9.34,18563,cpu,2,19,11.04,0.05,1.845868
262,double_dqn,3,4.7,9.48,18563,cpu,14,114,137.31,0.05,0.838949
263,double_dqn,3,4.7159,9.56,18563,cpu,6,42,52.95,0.05,0.951342
264,double_dqn,3,4.7329,9.44,18563,cpu,8,45,72.84,0.05,0.448457
265,double_dqn,3,4.7656,9.42,18563,cpu,13,87,125.57,0.05,0.898673
266,double_dqn,3,4.834,9.6,18563,cpu,18,182,181.47,0.05,1.184729
267,double_dqn,3,4.8671,9.62,18563,cpu,10,88,95.53,0.05,0.76619
268,double_dqn,3,4.9021,9.7,18563,cpu,13,93,126.51,0.05,1.009959
269,double_dqn,3,4.9133,9.56,18563,cpu,6,29,51.78,0.05,1.085369
270,double_dqn,3,4.9584,9.58,18563,cpu,13,117,127.47,0.05,2.08013
271,double_dqn,3,5.012,9.84,18563,cpu,18,142,177.87,0.05,0.645203
272,double_dqn,3,5.0475,9.88,18563,cpu,10,94,95.07,0.05,1.810955
273,double_dqn,3,5.0983,10.18,18563,cpu,16,135,156.22,0.05,0.437948
274,double_dqn,3,5.1323,10.3,18563,cpu,12,90,116.73,0.05,0.848444
275,double_dqn,3,5.1398,10.3,18563,cpu,2,20,11.33,0.05,0.811198
276,double_dqn,3,5.2258,10.48,18563,cpu,21,225,210.07,0.05,1.126264
277,double_dqn,3,5.2898,10.68,18563,cpu,22,170,219.43,0.05,0.756478
278,double_dqn,3,5.3121,10.66,18563,cpu,8,59,73.9,0.05,1.24812
279,double_dqn,3,5.4133,11.24,18563,cpu,30,266,304.15,0.05,0.645651
280,double_dqn,3,5.496,11.52,18563,cpu,26,217,263.3,0.05,0.898035
281,double_dqn,3,5.5353,11.6,18563,cpu,13,101,125.23,0.05,0.198907
282,double_dqn,3,5.5642,11.66,18563,cpu,11,73,105.09,0.05,1.557316
283,double_dqn,3,5.6004,11.64,18563,cpu,11,92,106.2,0.05,1.748392
284,double_dqn,3,5.6234,11.44,18563,cpu,7,58,63.9,0.05,0.785578
285,double_dqn,3,5.6483,11.44,18563,cpu,6,64,54.53,0.05,1.306262
286,double_dqn,3,5.6705,11.2,18563,cpu,7,57,63.01,0.05,1.353928
287,double_dqn,3,5.7417,11.2,18563,cpu,21,181,212.11,0.05,0.682994
288,double_dqn,3,5.7807,11.18,18563,cpu,8,99,75.7,0.05,0.930474
289,double_dqn,3,5.8401,11.38,18563,cpu,19,151,190.39,0.05,0.909613
290,double_dqn,3,5.9176,11.48,18563,cpu,19,195,191.55,0.05,1.171193
291,double_dqn,3,5.944,11.54,18563,cpu,8,66,74.93,0.05,0.714021
292,double_dqn,3,5.9752,11.58,18563,cpu,12,79,114.14,0.05,0.611355
293,double_dqn,3,6.0568,11.82,18563,cpu,22,206,222.67,0.05,0.885553
294,double_dqn,3,6.085,11.74,18563,cpu,11,71,105.11,0.05,1.323274
295,double_dqn,3,6.1545,11.74,18563,cpu,20,176,199.15,0.05,0.57925
296,double_dqn,3,6.195,11.88,18563,cpu,16,100,156.07,0.05,1.872396
297,double_dqn,3,6.2622,12.06,18563,cpu,18,168,181.21,0.05,1.032701
298,double_dqn,3,6.2743,11.8,18563,cpu,3,30,22.14,0.05,0.668552
299,double_dqn,3,6.3445,12.0,18563,cpu,22,178,221.75,0.05,0.55933
300,double_dqn,3,6.4192,12.28,18563,cpu,20,189,202.32,0.05,1.247627
301,double_dqn,3,6.4343,12.14,18563,cpu,5,38,42.88,0.05,1.18074
302,double_dqn,3,6.4496,12.22,18563,cpu,5,38,42.88,0.05,0.796041
303,double_dqn,3,6.5239,12.54,18563,cpu,23,186,231.78,0.05,1.01564
304,double_dqn,3,6.5668,12.72,18563,cpu,13,110,126.44,0.05,0.971386
305,double_dqn,3,6.6012,12.94,18563,cpu,12,89,115.64,0.05,1.161765
306,double_dqn,3,6.6334,13.02,18563,cpu,9,84,85.46,0.05,1.485637
307,double_dqn,3,6.697,13.18,18563,cpu,17,165,167.83,0.05,1.348359
308,double_dqn,3,6.7339,13.26,18563,cpu,12,98,117.05,0.05,0.581836
309,double_dqn,3,6.7985,13.42,18563,cpu,19,169,189.61,0.05,0.38541
310,double_dqn,3,6.8495,13.46,18563,cpu,16,134,158.13,0.05,0.504462
311,double_dqn,3,6.869,13.58,18563,cpu,8,51,72.78,0.05,1.325159
312,double_dqn,3,6.8801,13.38,18563,cpu,4,29,31.76,0.05,0.728149
313,double_dqn,3,6.8952,13.36,18563,cpu,5,40,42.66,0.05,1.113255
314,double_dqn,3,6.9506,13.54,18563,cpu,17,144,170.54,0.05,0.738526
315,double_dqn,3,6.9834,13.48,18563,cpu,10,86,94.75,0.05,1.072131
316,double_dqn,3,7.0313,13.48,18563,cpu,18,126,178.43,0.05,0.972734
317,double_dqn,3,7.1004,13.68,18563,cpu,20,181,203.0,0.05,0.755842
318,double_dqn,3,7.1191,13.5,18563,cpu,4,49,33.16,0.05,0.413116
319,double_dqn,3,7.1404,13.52,18563,cpu,7,56,63.52,0.05,0.609368
320,double_dqn,3,7.1688,13.46,18563,cpu,10,73,95.18,0.05,1.023919
321,double_dqn,3,7.2211,13.42,18563,cpu,16,136,158.71,0.05,0.970399
322,double_dqn,3,7.2896,13.62,18563,cpu,20,177,202.44,0.05,1.449195
323,double_dqn,3,7.3069,13.4,18563,cpu,5,46,43.0,0.05,1.283976
324,double_dqn,3,7.3697,13.58,18563,cpu,21,165,210.87,0.05,0.954955
325,double_dqn,3,7.4259,13.9,18563,cpu,18,147,180.12,0.05,1.241138
326,double_dqn,3,7.4794,13.76,18563,cpu,14,140,139.65,0.05,1.408284
327,double_dqn,3,7.5316,13.68,18563,cpu,18,136,177.13,0.05,0.574131
328,double_dqn,3,7.5627,13.76,18563,cpu,12,81,114.12,0.05,1.564212
329,double_dqn,3,7.624,13.54,18563,cpu,19,160,189.2,0.05,0.778317
330,double_dqn,3,7.668,13.32,18563,cpu,15,113,147.13,0.05,0.86613
331,double_dqn,3,7.6795,13.12,18563,cpu,3,30,22.14,0.05,0.705955
332,double_dqn,3,7.7419,13.34,18563,cpu,22,164,218.89,0.05,0.424211
333,double_dqn,3,7.8279,13.54,18563,cpu,21,225,210.67,0.05,0.842386
334,double_dqn,3,7.8807,13.7,18563,cpu,15,138,147.18,0.05,0.651249
335,double_dqn,3,7.8978,13.68,18563,cpu,5,45,42.91,0.05,1.077022
336,double_dqn,3,7.9059,13.6,18563,cpu,3,21,21.33,0.05,0.546431
337,double_dqn,3,7.9346,13.34,18563,cpu,8,74,74.65,0.05,0.713077
338,double_dqn,3,7.9807,13.5,18563,cpu,16,119,157.78,0.05,1.404298
339,double_dqn,3,8.0056,13.3,18563,cpu,9,65,83.95,0.05,1.907679
340,double_dqn,3,8.0488,13.18,18563,cpu,13,113,127.11,0.05,0.666571
341,double_dqn,3,8.0993,13.38,18563,cpu,18,132,178.57,0.05,0.593949
342,double_dqn,3,8.1048,13.16,18563,cpu,1,14,1.08,0.05,1.46201
343,double_dqn,3,8.1602,13.14,18563,cpu,21,143,209.89,0.05,0.722423
344,double_dqn,3,8.2024,13.24,18563,cpu,16,110,157.57,0.05,0.991131
345,double_dqn,3,8.2132,12.9,18563,cpu,3,28,22.16,0.05,1.740548
346,double_dqn,3,8.2384,12.78,18563,cpu,10,65,93.66,0.05,0.619413
347,double_dqn,3,8.2552,12.52,18563,cpu,5,44,43.02,0.05,0.757631
348,double_dqn,3,8.2869,12.72,18563,cpu,13,83,125.61,0.05,0.465201
349,double_dqn,3,8.3268,12.5,18563,cpu,11,104,107.88,0.05,0.852109
350,double_dqn,3,8.3412,12.2,18563,cpu,5,38,42.28,0.05,1.468345
351,double_dqn,3,8.3776,12.38,18563,cpu,14,94,136.11,0.05,0.718685
352,double_dqn,3,8.4191,12.54,18563,cpu,13,109,126.35,0.05,0.797783
353,double_dqn,3,8.4315,12.16,18563,cpu,4,32,32.23,0.05,0.590779
354,double_dqn,3,8.47,12.12,18563,cpu,11,101,107.81,0.05,1.002577
355,double_dqn,3,8.4787,11.92,18563,cpu,2,23,11.4,0.05,1.09559
356,double_dqn,3,8.507,11.9,18563,cpu,8,74,74.45,0.05,1.276
357,double_dqn,3,8.5633,11.82,18563,cpu,13,147,126.37,0.05,0.840604
358,double_dqn,3,8.5813,11.74,18563,cpu,8,47,72.82,0.05,1.197588
359,double_dqn,3,8.6238,11.6,18563,cpu,12,111,118.02,0.05,1.235336
360,double_dqn,3,8.6491,11.48,18563,cpu,10,65,93.06,0.05,1.222197
361,double_dqn,3,8.6905,11.6,18563,cpu,14,107,137.08,0.05,1.053217
362,double_dqn,3,8.6992,11.58,18563,cpu,3,23,21.31,0.05,1.211445
363,double_dqn,3,8.7756,11.84,18563,cpu,18,200,181.29,0.05,0.962265
364,double_dqn,3,8.8183,11.82,18563,cpu,16,112,157.15,0.05,0.7401
365,double_dqn,3,8.8381,11.78,18563,cpu,8,52,73.27,0.05,1.053117
366,double_dqn,3,8.8426,11.44,18563,cpu,1,12,0.9,0.05,0.791834
367,double_dqn,3,8.8462,11.06,18563,cpu,1,9,0.63,0.05,0.610874
368,double_dqn,3,8.8813,11.22,18563,cpu,12,92,116.11,0.05,1.541449
369,double_dqn,3,8.8898,11.14,18563,cpu,3,22,21.02,0.05,1.02027
370,double_dqn,3,8.9,11.0,18563,cpu,3,27,21.47,0.05,1.08515
371,double_dqn,3,8.9284,10.86,18563,cpu,9,74,85.36,0.05,0.816311
372,double_dqn,3,8.9746,10.76,18563,cpu,15,119,147.67,0.05,1.315351
373,double_dqn,3,9.0278,10.96,18563,cpu,15,139,149.07,0.05,0.754128
374,double_dqn,3,9.1171,11.06,18563,cpu,26,233,263.74,0.05,0.551824
375,double_dqn,3,9.1685,11.04,18563,cpu,17,133,169.75,0.05,0.969748
376,double_dqn,3,9.171,10.78,18563,cpu,1,6,0.36,0.05,1.362812
377,double_dqn,3,9.1998,10.62,18563,cpu,10,74,94.27,0.05,1.28399
378,double_dqn,3,9.2055,10.42,18563,cpu,2,15,9.88,0.05,1.035523
379,double_dqn,3,9.2413,10.26,18563,cpu,11,94,106.78,0.05,0.868497
380,double_dqn,3,9.3422,10.46,18563,cpu,25,263,254.53,0.05,1.313881
381,double_dqn,3,9.3775,10.62,18563,cpu,11,92,104.4,0.05,1.349122
382,double_dqn,3,9.3855,10.22,18563,cpu,2,21,11.62,0.05,1.271845
383,double_dqn,3,9.4258,10.06,18563,cpu,13,105,125.59,0.05,1.435945
384,double_dqn,3,9.4704,10.08,18563,cpu,16,116,158.11,0.05,1.052508
385,double_dqn,3,9.5058,10.2,18563,cpu,11,93,106.09,0.05,0.522533
386,double_dqn,3,9.5648,10.58,18563,cpu,22,147,218.36,0.05,0.649443
387,double_dqn,3,9.5956,10.6,18563,cpu,9,77,84.83,0.05,1.494317
388,double_dqn,3,9.5977,10.28,18563,cpu,0,5,-9.64,0.05,1.121006
389,double_dqn,3,9.5998,10.1,18563,cpu,0,5,-9.64,0.05,0.914308
390,double_dqn,3,9.6411,10.14,18563,cpu,15,104,146.52,0.05,0.665005
391,double_dqn,3,9.6807,10.02,18563,cpu,12,99,115.34,0.05,1.281344
392,double_dqn,3,9.6874,10.04,18563,cpu,2,17,11.26,0.05,1.071799
393,double_dqn,3,9.7496,9.96,18563,cpu,17,156,169.42,0.05,1.785169
394,double_dqn,3,9.7838,9.86,18563,cpu,11,86,106.46,0.05,0.982467
395,double_dqn,3,9.8014,9.9,18563,cpu,5,44,42.22,0.05,1.086656
396,double_dqn,3,9.836,9.96,18563,cpu,13,87,126.17,0.05,0.761302
397,double_dqn,3,9.8543,9.96,18563,cpu,5,46,43.2,0.05,1.581511
398,double_dqn,3,9.9161,10.06,18563,cpu,18,155,177.04,0.05,1.337836
399,double_dqn,3,9.9672,10.12,18563,cpu,14,128,139.37,0.05,1.530957
400,double_dqn,3,9.9711,10.04,18563,cpu,1,10,0.72,0.05,0.959184
401,double_dqn,3,10.0351,10.1,18563,cpu,17,159,171.69,0.05,0.820137
402,double_dqn,3,10.0757,10.1,18563,cpu,13,101,125.03,0.05,1.256415
403,double_dqn,3,10.1201,10.32,18563,cpu,15,111,147.55,0.05,1.446678
404,double_dqn,3,10.1265,10.16,18563,cpu,3,16,21.08,0.05,1.171804
405,double_dqn,3,10.1565,10.36,18563,cpu,12,75,115.18,0.05,1.342616
406,double_dqn,3,10.1997,10.44,18563,cpu,12,107,115.66,0.05,1.307479
407,double_dqn,3,10.2536,10.5,18563,cpu,16,135,158.22,0.05,1.317397
408,double_dqn,3,10.3035,10.64,18563,cpu,15,124,148.12,0.05,0.973984
409,double_dqn,3,10.3068,10.42,18563,cpu,1,8,0.54,0.05,0.682981
410,double_dqn,3,10.3194,10.28,18563,cpu,3,32,22.32,0.05,1.381148
411,double_dqn,3,10.3571,10.28,18563,cpu,14,92,136.33,0.05,0.65732
412,double_dqn,3,10.4165,10.62,18563,cpu,20,149,199.12,0.05,0.949773
413,double_dqn,3,10.4684,10.6,18563,cpu,17,129,167.19,0.05,0.480006
414,double_dqn,3,10.4857,10.4,18563,cpu,6,44,52.93,0.05,0.892276
415,double_dqn,3,10.5202,10.46,18563,cpu,11,87,106.15,0.05,1.037717
416,double_dqn,3,10.5567,10.7,18563,cpu,13,92,126.22,0.05,1.363983
417,double_dqn,3,10.6447,11.16,18563,cpu,24,228,241.07,0.05,1.438615
418,double_dqn,3,10.7033,11.3,18563,cpu,19,151,190.19,0.05,0.802534
419,double_dqn,3,10.729,11.46,18563,cpu,11,67,104.15,0.05,1.417652
420,double_dqn,3,10.7936,11.84,18563,cpu,22,169,220.94,0.05,0.438294
421,double_dqn,3,10.8266,11.94,18563,cpu,14,86,134.99,0.05,1.039248
422,double_dqn,3,10.8432,11.74,18563,cpu,5,43,43.13,0.05,1.177351
423,double_dqn,3,10.9242,11.88,18563,cpu,22,210,225.03,0.05,0.772924
424,double_dqn,3,11.0075,11.84,18563,cpu,24,215,244.1,0.05,0.838191
425,double_dqn,3,11.0328,11.66,18563,cpu,8,65,74.04,0.05,0.585449
426,double_dqn,3,11.0896,12.0,18563,cpu,18,148,178.81,0.05,1.74366
427,double_dqn,3,11.1649,12.22,18563,cpu,21,195,211.17,0.05,1.038548
428,double_dqn,3,11.2079,12.48,18563,cpu,15,112,147.64,0.05,0.38468
429,double_dqn,3,11.2289,12.42,18563,cpu,8,55,73.94,0.05,1.608014
430,double_dqn,3,11.2927,12.34,18563,cpu,21,166,210.16,0.05,1.378869
431,double_dqn,3,11.3436,12.42,18563,cpu,15,133,148.73,0.05,0.861342
432,double_dqn,3,11.3763,12.58,18563,cpu,10,86,94.75,0.05,0.608813
433,double_dqn,3,11.3989,12.48,18563,cpu,8,59,73.5,0.05,1.38607
434,double_dqn,3,11.4147,12.28,18563,cpu,6,41,52.26,0.05,0.825449
435,double_dqn,3,11.4403,12.24,18563,cpu,9,66,84.64,0.05,0.821471
436,double_dqn,3,11.4799,12.06,18563,cpu,13,103,127.01,0.05,0.895187
437,double_dqn,3,11.5058,12.04,18563,cpu,8,68,74.71,0.05,1.749513
438,double_dqn,3,11.5386,12.3,18563,cpu,13,83,125.61,0.05,1.02437
439,double_dqn,3,11.6002,12.62,18563,cpu,16,144,160.03,0.05,1.161371
440,double_dqn,3,11.6748,12.78,18563,cpu,23,190,231.14,0.05,1.285809
441,double_dqn,3,11.695,12.68,18563,cpu,7,53,63.25,0.05,0.697633
442,double_dqn,3,11.7258,12.92,18563,cpu,14,80,134.65,0.05,1.217046
443,double_dqn,3,11.7912,12.96,18563,cpu,19,171,191.19,0.05,2.00033
444,double_dqn,3,11.7986,12.8,18563,cpu,3,19,21.35,0.05,0.891937
445,double_dqn,3,11.8249,12.88,18563,cpu,9,69,83.91,0.05,1.003929
446,double_dqn,3,11.8681,12.92,18563,cpu,15,113,147.33,0.05,0.928996
447,double_dqn,3,11.9393,13.26,18563,cpu,22,183,223.0,0.05,1.447828
448,double_dqn,3,11.9663,13.1,18563,cpu,10,70,93.71,0.05,0.831128
449,double_dqn,3,11.9842,12.9,18563,cpu,4,47,32.98,0.05,0.452814
450,double_dqn,3,12.0027,13.04,18563,cpu,8,48,73.11,0.05,0.859755
451,double_dqn,3,12.0176,12.78,18563,cpu,4,39,32.86,0.05,1.068175
452,double_dqn,3,12.0984,12.88,18563,cpu,18,212,179.17,0.05,1.154627
453,double_dqn,3,12.1003,12.6,18563,cpu,1,5,-0.13,0.05,0.679535
454,double_dqn,3,12.1574,12.92,18563,cpu,19,148,190.32,0.05,0.92283
455,double_dqn,3,12.1964,12.96,18563,cpu,14,101,136.94,0.05,0.474309
456,double_dqn,3,12.2372,12.98,18563,cpu,13,107,127.17,0.05,1.010996
457,double_dqn,3,12.2535,12.74,18563,cpu,4,43,33.02,0.05,0.667255
458,double_dqn,3,12.2981,12.74,18563,cpu,15,116,148.6,0.05,1.591231
459,double_dqn,3,12.3376,12.98,18563,cpu,13,104,127.9,0.05,1.719481
460,double_dqn,3,12.3633,13.16,18563,cpu,12,67,114.46,0.05,0.461897
461,double_dqn,3,12.4068,13.2,18563,cpu,16,114,158.13,0.05,1.006062
462,double_dqn,3,12.4549,13.1,18563,cpu,15,126,149.3,0.05,0.422733
463,double_dqn,3,12.4602,12.8,18563,cpu,2,14,10.99,0.05,1.320818
464,double_dqn,3,12.4927,12.98,18563,cpu,15,84,145.72,0.05,0.542911
465,double_dqn,3,12.5297,12.98,18563,cpu,11,96,106.76,0.05,2.18491
466,double_dqn,3,12.5687,12.92,18563,cpu,10,87,96.64,0.05,1.236749
467,double_dqn,3,12.6209,12.64,18563,cpu,10,69,95.02,0.05,0.876252
468,double_dqn,3,12.6732,12.56,18563,cpu,15,118,148.58,0.05,1.008606
469,double_dqn,3,12.6771,12.36,18563,cpu,1,9,0.43,0.05,1.736337
470,double_dqn,3,12.6878,12.0,18563,cpu,4,23,31.62,0.05,1.36094
471,double_dqn,3,12.7435,12.02,18563,cpu,15,128,148.28,0.05,0.890843
472,double_dqn,3,12.7678,12.06,18563,cpu,7,57,64.01,0.05,0.780345
473,double_dqn,3,12.8078,11.9,18563,cpu,14,96,135.69,0.05,2.008101
474,double_dqn,3,12.8765,11.88,18563,cpu,23,157,230.37,0.05,0.909954
475,double_dqn,3,12.9508,12.12,18563,cpu,20,181,201.4,0.05,1.132394
476,double_dqn,3,12.9949,12.06,18563,cpu,15,105,146.21,0.05,1.028893
477,double_dqn,3,13.0695,12.02,18563,cpu,19,162,191.58,0.05,1.358676
478,double_dqn,3,13.0798,11.78,18563,cpu,3,26,21.58,0.05,0.713562
479,double_dqn,3,13.1335,11.94,18563,cpu,16,134,159.13,0.05,0.96923
480,double_dqn,3,13.1686,11.7,18563,cpu,9,89,85.71,0.05,0.608605
481,double_dqn,3,13.2015,11.6,18563,cpu,10,84,94.97,0.05,0.568323
482,double_dqn,3,13.24,11.62,18563,cpu,11,97,107.25,0.05,1.175108
483,double_dqn,3,13.2745,11.76,18563,cpu,15,88,145.48,0.05,1.068435
484,double_dqn,3,13.3062,11.86,18563,cpu,11,83,104.79,0.05,0.886721
485,double_dqn,3,13.3437,11.92,18563,cpu,12,98,113.85,0.05,1.680024
486,double_dqn,3,13.4081,11.98,18563,cpu,16,165,161.52,0.05,0.954747
487,double_dqn,3,13.462,12.14,18563,cpu,16,140,159.27,0.05,1.542859
488,double_dqn,3,13.503,12.18,18563,cpu,15,106,147.3,0.05,0.822671
489,double_dqn,3,13.5151,11.92,18563,cpu,3,31,22.43,0.05,0.930822
490,double_dqn,3,13.5398,11.6,18563,cpu,7,61,63.37,0.05,0.764764
491,double_dqn,3,13.5973,11.74,18563,cpu,14,143,140.32,0.05,0.659846
492,double_dqn,3,13.6282,11.64,18563,cpu,9,77,85.23,0.05,1.088733
493,double_dqn,3,13.6548,11.46,18563,cpu,10,66,94.55,0.05,0.997704
494,double_dqn,3,13.6753,11.52,18563,cpu,6,51,53.56,0.05,0.956605
495,double_dqn,3,13.7152,11.62,18563,cpu,14,98,135.87,0.05,2.076763
496,double_dqn,3,13.7441,11.52,18563,cpu,10,73,95.38,0.05,1.109754
497,double_dqn,3,13.7972,11.38,18563,cpu,15,133,147.73,0.05,0.376283
498,double_dqn,3,13.8117,11.24,18563,cpu,3,37,22.97,0.05,0.990634
499,double_dqn,3,13.8485,11.4,18563,cpu,12,92,116.51,0.05,1.474759
500,double_dqn,3,13.8525,11.24,18563,cpu,0,10,-9.19,0.05,1.652388
501,double_dqn,3,13.8567,11.2,18563,cpu,2,10,10.63,0.05,0.394944
502,double_dqn,3,13.9494,11.36,18563,cpu,26,233,262.94,0.05,1.005234
503,double_dqn,3,14.0075,11.62,18563,cpu,14,146,137.79,0.05,0.831654
504,double_dqn,3,14.0122,11.26,18563,cpu,1,12,0.7,0.05,0.390138
505,double_dqn,3,14.0429,11.22,18563,cpu,12,74,115.29,0.05,1.831386
506,double_dqn,3,14.0679,11.1,18563,cpu,7,62,64.46,0.05,0.432883
507,double_dqn,3,14.1334,11.38,18563,cpu,18,161,180.78,0.05,0.916441
508,double_dqn,3,14.1758,11.42,18563,cpu,17,106,166.52,0.05,1.15003
509,double_dqn,3,14.2277,11.42,18563,cpu,13,130,128.84,0.05,1.49872
510,double_dqn,3,14.2733,11.56,18563,cpu,19,114,185.86,0.05,1.631626
511,double_dqn,3,14.2826,11.3,18563,cpu,3,23,21.71,0.05,0.597365
512,double_dqn,3,14.3542,11.4,18563,cpu,20,180,199.51,0.05,1.826505
513,double_dqn,3,14.3647,11.44,18563,cpu,4,26,31.69,0.05,1.103469
514,double_dqn,3,14.4038,11.38,18563,cpu,12,98,117.65,0.05,1.447998
515,double_dqn,3,14.4224,11.26,18563,cpu,5,47,43.49,0.05,1.653996
516,double_dqn,3,14.4662,11.34,18563,cpu,14,110,135.55,0.05,1.040816
517,double_dqn,3,14.5089,11.46,18563,cpu,16,107,156.1,0.05,0.883228
518,double_dqn,3,14.5827,11.66,18563,cpu,25,188,250.58,0.05,0.601243
519,double_dqn,3,14.5989,11.74,18563,cpu,5,42,42.64,0.05,0.3677
520,double_dqn,3,14.615,11.78,18563,cpu,6,42,52.95,0.05,1.362561
521,double_dqn,3,14.6266,11.56,18563,cpu,4,30,32.25,0.05,0.686287
522,double_dqn,3,14.6574,11.66,18563,cpu,12,79,115.54,0.05,1.473031
523,double_dqn,3,14.6964,11.68,18563,cpu,15,101,147.25,0.05,1.681082
524,double_dqn,3,14.7344,11.42,18563,cpu,10,99,96.32,0.05,0.808833
525,double_dqn,3,14.7607,11.2,18563,cpu,9,68,84.22,0.05,0.870881
526,double_dqn,3,14.7928,11.12,18563,cpu,11,84,106.48,0.05,0.836621
527,double_dqn,3,14.8035,10.78,18563,cpu,2,28,11.85,0.05,0.938995
528,double_dqn,3,14.8522,10.96,18563,cpu,12,127,116.66,0.05,1.3646
529,double_dqn,3,14.865,10.72,18563,cpu,4,33,32.32,0.05,1.823351
530,double_dqn,3,14.8883,10.76,18563,cpu,11,61,104.21,0.05,1.487773
531,double_dqn,3,14.8982,10.64,18563,cpu,4,26,31.89,0.05,1.272153
532,double_dqn,3,14.9247,10.56,18563,cpu,7,69,63.69,0.05,0.265397
533,double_dqn,3,14.9761,10.62,18563,cpu,18,132,178.97,0.05,0.129031
534,double_dqn,3,15.0114,10.64,18563,cpu,12,91,115.62,0.05,1.42662
535,double_dqn,3,15.028,10.52,18563,cpu,6,43,53.04,0.05,1.55955
536,double_dqn,3,15.0563,10.38,18563,cpu,9,74,85.36,0.05,1.808865
537,double_dqn,3,15.1152,10.48,18563,cpu,21,153,207.79,0.05,1.734308
538,double_dqn,3,15.1393,10.34,18563,cpu,8,63,74.46,0.05,1.550387
539,double_dqn,3,15.189,10.68,18563,cpu,20,129,197.72,0.05,1.702601
540,double_dqn,3,15.2396,10.86,18563,cpu,16,132,158.75,0.05,0.66236
541,double_dqn,3,15.2654,10.8,18563,cpu,11,67,104.15,0.05,1.30882
542,double_dqn,3,15.299,10.82,18563,cpu,10,87,95.44,0.05,1.111193
543,double_dqn,3,15.3334,10.8,18563,cpu,9,90,85.0,0.05,0.899755
544,double_dqn,3,15.3799,10.98,18563,cpu,15,122,146.94,0.05,1.237669
545,double_dqn,3,15.4293,11.06,18563,cpu,18,128,178.81,0.05,1.119136
546,double_dqn,3,15.4332,10.88,18563,cpu,1,10,0.72,0.05,1.326999
547,double_dqn,3,15.5012,11.0,18563,cpu,21,176,209.46,0.05,1.054293
548,double_dqn,3,15.5301,11.16,18563,cpu,11,75,105.67,0.05,1.220391
549,double_dqn,3,15.5452,11.04,18563,cpu,6,40,51.37,0.05,1.484117
550,double_dqn,3,15.5488,11.06,18563,cpu,1,9,0.63,0.05,1.438746
551,double_dqn,3,15.5579,11.1,18563,cpu,4,24,31.71,0.05,0.787949
552,double_dqn,3,15.5686,10.64,18563,cpu,3,28,21.76,0.05,1.37779
553,double_dqn,3,15.5721,10.38,18563,cpu,1,9,0.63,0.05,1.27687
554,double_dqn,3,15.5844,10.48,18563,cpu,6,32,52.25,0.05,1.674427
555,double_dqn,3,15.5984,10.36,18563,cpu,6,36,52.61,0.05,0.521737
556,double_dqn,3,15.6121,10.3,18563,cpu,4,36,31.99,0.05,0.761757
557,double_dqn,3,15.6209,9.98,18563,cpu,2,23,11.2,0.05,1.933827
558,double_dqn,3,15.6876,10.06,18563,cpu,21,173,210.99,0.05,0.749406
559,double_dqn,3,15.726,10.02,18563,cpu,11,101,106.61,0.05,0.80104
560,double_dqn,3,15.7447,9.78,18563,cpu,7,49,62.49,0.05,2.53606
561,double_dqn,3,15.766,9.86,18563,cpu,7,56,63.52,0.05,0.793432
562,double_dqn,3,15.808,9.74,18563,cpu,14,110,135.35,0.05,1.015494
563,double_dqn,3,15.838,9.9,18563,cpu,12,78,114.45,0.05,0.901014
564,double_dqn,3,15.8469,9.7,18563,cpu,2,23,11.8,0.05,0.768492
565,double_dqn,3,15.8657,9.72,18563,cpu,6,49,53.58,0.05,0.862916
566,double_dqn,3,15.8749,9.5,18563,cpu,3,24,21.4,0.05,0.821244
567,double_dqn,3,15.8818,9.24,18563,cpu,3,18,21.06,0.05,1.305699
568,double_dqn,3,15.9121,8.98,18563,cpu,12,79,115.34,0.05,1.789179
569,double_dqn,3,15.9228,8.96,18563,cpu,4,27,31.78,0.05,0.997028
570,double_dqn,3,15.9482,9.0,18563,cpu,8,65,74.24,0.05,0.906713
571,double_dqn,3,16.0019,9.26,18563,cpu,17,139,168.09,0.05,0.685662
572,double_dqn,3,16.0316,9.2,18563,cpu,9,78,84.72,0.05,1.216456
573,double_dqn,3,16.0342,8.92,18563,cpu,1,7,0.45,0.05,1.306594
574,double_dqn,3,16.0703,8.98,18563,cpu,13,94,126.0,0.05,0.857136
575,double_dqn,3,16.1165,9.1,18563,cpu,15,121,147.25,0.05,0.892814
576,double_dqn,3,16.1811,9.3,18563,cpu,21,167,211.05,0.05,1.133558
577,double_dqn,3,16.2203,9.58,18563,cpu,16,103,155.34,0.05,0.576271
578,double_dqn,3,16.2644,9.6,18563,cpu,13,115,126.89,0.05,1.241287
579,double_dqn,3,16.3035,9.74,18563,cpu,11,103,107.59,0.05,1.677838
580,double_dqn,3,16.3579,9.88,18563,cpu,18,141,179.18,0.05,1.317023
581,double_dqn,3,16.414,10.14,18563,cpu,17,147,170.41,0.05,0.654025
582,double_dqn,3,16.4806,10.4,18563,cpu,20,174,202.77,0.05,1.329087
583,double_dqn,3,16.4987,10.16,18563,cpu,6,47,51.8,0.05,1.479627
584,double_dqn,3,16.5514,10.3,18563,cpu,19,137,189.53,0.05,0.903307
585,double_dqn,3,16.5901,10.46,18563,cpu,14,101,136.74,0.05,1.429932
586,double_dqn,3,16.6058,10.38,18563,cpu,5,41,42.95,0.05,1.018419
587,double_dqn,3,16.6357,10.16,18563,cpu,10,78,96.03,0.05,1.729237
588,double_dqn,3,16.7042,10.42,18563,cpu,21,177,210.35,0.05,1.042331
589,double_dqn,3,16.7161,10.1,18563,cpu,4,31,32.34,0.05,0.925427
590,double_dqn,3,16.7415,9.94,18563,cpu,8,67,74.82,0.05,0.157745
591,double_dqn,3,16.7658,9.9,18563,cpu,9,63,84.37,0.05,1.988292
592,double_dqn,3,16.7938,9.88,18563,cpu,9,74,83.56,0.05,0.663522
593,double_dqn,3,16.8413,10.0,18563,cpu,15,123,147.43,0.05,0.662421
594,double_dqn,3,16.868,9.9,18563,cpu,10,70,94.91,0.05,1.185023
595,double_dqn,3,16.9171,9.82,18563,cpu,14,129,138.46,0.05,1.665153
596,double_dqn,3,16.9579,10.08,18563,cpu,14,104,136.81,0.05,0.794527
597,double_dqn,3,16.9703,9.74,18563,cpu,4,32,32.23,0.05,1.008961
598,double_dqn,3,16.9733,9.52,18563,cpu,0,8,-9.57,0.05,1.255568
599,double_dqn,3,17.0135,9.64,18563,cpu,12,106,115.97,0.05,1.177752
600,double_dqn,3,17.0335,9.72,18563,cpu,5,52,43.14,0.05,0.561147
601,double_dqn,3,17.0775,9.92,18563,cpu,14,115,137.8,0.05,0.602367
602,double_dqn,3,17.1641,10.4,18563,cpu,27,223,272.15,0.05,1.525963
603,double_dqn,3,17.2291,10.76,18563,cpu,19,170,190.7,0.05,1.299336
604,double_dqn,3,17.2603,10.86,18563,cpu,11,81,105.41,0.05,0.879431
605,double_dqn,3,17.2849,10.88,18563,cpu,7,64,64.84,0.05,1.168165
606,double_dqn,3,17.3074,10.94,18563,cpu,7,59,64.19,0.05,0.514425
607,double_dqn,3,17.3188,10.94,18563,cpu,2,30,12.03,0.05,0.742268
608,double_dqn,3,17.333,10.6,18563,cpu,4,37,32.68,0.05,0.923023
609,double_dqn,3,17.356,10.5,18563,cpu,6,60,54.17,0.05,1.206782
610,double_dqn,3,17.4074,10.68,18563,cpu,16,134,156.53,0.05,1.494646
611,double_dqn,3,17.4347,10.72,18563,cpu,9,71,85.09,0.05,2.276732
612,double_dqn,3,17.4859,10.74,18563,cpu,15,134,147.82,0.05,1.116819
613,double_dqn,3,17.5175,10.7,18563,cpu,10,81,96.3,0.05,0.946835
614,double_dqn,3,17.5808,11.1,18563,cpu,22,157,219.86,0.05,2.745095
615,double_dqn,3,17.5846,11.02,18563,cpu,2,10,10.43,0.05,1.540806
616,double_dqn,3,17.6185,11.24,18563,cpu,14,85,134.9,0.05,0.64207
617,double_dqn,3,17.6396,11.28,18563,cpu,5,53,43.83,0.05,1.131138
618,double_dqn,3,17.6416,11.04,18563,cpu,0,5,-9.64,0.05,1.13237
619,double_dqn,3,17.6768,11.22,18563,cpu,13,89,126.55,0.05,1.569852
620,double_dqn,3,17.7362,11.38,18563,cpu,16,148,160.39,0.05,0.67681
621,double_dqn,3,17.7671,11.26,18563,cpu,11,77,105.85,0.05,2.303697
622,double_dqn,3,17.7827,11.16,18563,cpu,4,39,33.06,0.05,1.746135
623,double_dqn,3,17.7952,11.2,18563,cpu,3,32,22.32,0.05,0.540567
624,double_dqn,3,17.8174,11.08,18563,cpu,7,56,64.12,0.05,0.998096
625,double_dqn,3,17.8679,11.08,18563,cpu,15,127,147.39,0.05,0.791552
626,double_dqn,3,17.9066,10.9,18563,cpu,12,97,116.96,0.05,1.10167
627,double_dqn,3,17.9955,11.0,18563,cpu,21,224,214.18,0.05,0.949419
628,double_dqn,3,18.0451,11.04,18563,cpu,15,125,148.21,0.05,2.105967
629,double_dqn,3,18.0808,11.1,18563,cpu,14,89,134.46,0.05,0.696479
630,double_dqn,3,18.1572,11.22,18563,cpu,24,191,242.14,0.05,1.041756
631,double_dqn,3,18.1799,11.04,18563,cpu,8,56,74.23,0.05,0.607317
632,double_dqn,3,18.2339,10.96,18563,cpu,16,135,159.22,0.05,1.56433
633,double_dqn,3,18.2568,10.98,18563,cpu,7,58,63.9,0.05,0.627972
634,double_dqn,3,18.2754,10.72,18563,cpu,6,47,53.6,0.05,1.235902
635,double_dqn,3,18.3228,10.76,18563,cpu,16,119,156.98,0.05,1.32177
636,double_dqn,3,18.3677,10.9,18563,cpu,12,113,116.6,0.05,0.39792
637,double_dqn,3,18.4067,10.92,18563,cpu,11,98,106.34,0.05,0.905741
638,double_dqn,3,18.409,10.52,18563,cpu,1,6,0.36,0.05,1.992455
639,double_dqn,3,18.4473,10.64,18563,cpu,10,96,96.65,0.05,0.872478
640,double_dqn,3,18.4691,10.66,18563,cpu,9,54,83.76,0.05,0.736223
641,double_dqn,3,18.5205,10.82,18563,cpu,17,128,168.7,0.05,0.625394
642,double_dqn,3,18.5537,10.88,18563,cpu,12,84,115.59,0.05,1.554821
643,double_dqn,3,18.6269,11.06,18563,cpu,24,189,241.16,0.05,0.794437
644,double_dqn,3,18.6812,11.2,18563,cpu,17,139,168.29,0.05,1.423939
645,double_dqn,3,18.7266,11.2,18563,cpu,14,116,138.29,0.05,1.930223
646,double_dqn,3,18.758,11.14,18563,cpu,11,82,105.9,0.05,1.926798
647,double_dqn,3,18.7916,11.3,18563,cpu,12,87,116.26,0.05,0.640308
648,double_dqn,3,18.8147,11.46,18563,cpu,8,60,73.99,0.05,0.853547
649,double_dqn,3,18.868,11.5,18563,cpu,14,139,139.56,0.05,1.01733
650,double_dqn,3,18.9323,11.74,18563,cpu,17,167,170.81,0.05,1.127531
651,double_dqn,3,18.9472,11.54,18563,cpu,4,38,32.77,0.05,0.882632
652,double_dqn,3,19.0078,11.4,18563,cpu,20,157,199.84,0.05,1.222504
653,double_dqn,3,19.0124,11.06,18563,cpu,2,12,10.81,0.05,1.347909
654,double_dqn,3,19.0426,11.06,18563,cpu,11,79,105.23,0.05,1.129124
655,double_dqn,3,19.0854,11.22,18563,cpu,15,111,146.95,0.05,1.094992
656,double_dqn,3,19.1015,11.16,18563,cpu,4,42,32.73,0.05,1.172301
657,double_dqn,3,19.1531,11.42,18563,cpu,15,134,147.82,0.05,0.440875
658,double_dqn,3,19.1748,11.5,18563,cpu,8,56,73.83,0.05,0.266334
659,double_dqn,3,19.2059,11.56,18563,cpu,9,81,85.59,0.05,0.685576
660,double_dqn,3,19.2123,11.28,18563,cpu,2,17,11.26,0.05,0.344307
661,double_dqn,3,19.2356,11.22,18563,cpu,6,59,54.08,0.05,1.291522
662,double_dqn,3,19.3002,11.26,18563,cpu,17,165,171.43,0.05,1.408363
663,double_dqn,3,19.3358,11.28,18563,cpu,11,93,106.69,0.05,1.18251
664,double_dqn,3,19.3756,11.12,18563,cpu,14,106,135.99,0.05,1.256199
665,double_dqn,3,19.4178,11.32,18563,cpu,12,113,116.8,0.05,0.933062
666,double_dqn,3,19.45,11.3,18563,cpu,13,84,124.5,0.05,0.914042
667,double_dqn,3,19.4531,11.22,18563,cpu,1,8,0.54,0.05,0.718418
668,double_dqn,3,19.4864,11.5,18563,cpu,14,86,134.79,0.05,0.668108
669,double_dqn,3,19.5393,11.56,18563,cpu,16,139,158.38,0.05,1.096447
670,double_dqn,3,19.5885,11.54,18563,cpu,15,128,148.08,0.05,1.133168
671,double_dqn,3,19.5934,11.38,18563,cpu,3,13,20.81,0.05,0.663266
672,double_dqn,3,19.6033,11.38,18563,cpu,4,26,31.49,0.05,1.917705
673,double_dqn,3,19.6848,11.76,18563,cpu,22,211,223.72,0.05,0.660464
674,double_dqn,3,19.7266,11.94,18563,cpu,16,110,156.77,0.05,0.844697
675,double_dqn,3,19.7823,12.06,18563,cpu,21,145,208.67,0.05,0.494904
676,double_dqn,3,19.8131,12.02,18563,cpu,10,81,96.1,0.05,0.359067
677,double_dqn,3,19.8399,11.78,18563,cpu,9,71,83.69,0.05,0.626424
678,double_dqn,3,19.9027,11.84,18563,cpu,18,164,180.25,0.05,1.377079
679,double_dqn,3,19.9562,11.88,18563,cpu,16,137,159.0,0.05,1.600361
680,double_dqn,3,20.0111,11.64,18563,cpu,12,104,117.59,0.05,0.574998
681,double_dqn,3,20.0499,11.74,18563,cpu,13,101,127.43,0.05,1.509206
682,double_dqn,3,20.0708,11.54,18563,cpu,6,54,52.43,0.05,2.241166
683,double_dqn,3,20.0945,11.56,18563,cpu,8,61,73.68,0.05,0.906121
684,double_dqn,3,20.1192,11.58,18563,cpu,7,64,62.24,0.05,0.855526
685,double_dqn,3,20.1686,11.6,18563,cpu,17,128,169.3,0.05,0.877941
686,double_dqn,3,20.1929,11.54,18563,cpu,9,65,84.75,0.05,1.495555
687,double_dqn,3,20.234,11.58,18563,cpu,13,109,126.95,0.05,1.179337
688,double_dqn,3,20.247,11.6,18563,cpu,2,34,12.59,0.05,0.328028
689,double_dqn,3,20.3285,11.92,18563,cpu,26,215,264.52,0.05,1.734794
690,double_dqn,3,20.3502,11.88,18563,cpu,7,57,63.21,0.05,0.392593
691,double_dqn,3,20.4179,11.88,18563,cpu,17,179,171.89,0.05,1.201724
692,double_dqn,3,20.4282,11.72,18563,cpu,4,27,31.38,0.05,1.252931
693,double_dqn,3,20.4528,11.42,18563,cpu,9,64,84.26,0.05,1.364172
694,double_dqn,3,20.5542,11.56,18563,cpu,24,267,244.38,0.05,1.379596
695,double_dqn,3,20.599,11.54,18563,cpu,13,118,126.36,0.05,0.731188
696,double_dqn,3,20.6472,11.64,18563,cpu,16,126,159.41,0.05,1.106258
697,double_dqn,3,20.6859,11.64,18563,cpu,12,101,116.52,0.05,1.841332
698,double_dqn,3,20.6951,11.56,18563,cpu,4,24,31.71,0.05,0.812312
699,double_dqn,3,20.733,11.62,18563,cpu,17,100,166.78,0.05,1.693875
700,double_dqn,3,20.7626,11.5,18563,cpu,11,78,104.94,0.05,1.252131
701,double_dqn,3,20.7661,11.44,18563,cpu,1,9,0.63,0.05,1.203096
702,double_dqn,3,20.7892,11.26,18563,cpu,11,61,104.21,0.05,0.955931
703,double_dqn,3,20.829,11.52,18563,cpu,15,104,146.92,0.05,0.279723
704,double_dqn,3,20.8865,11.64,18563,cpu,17,151,170.97,0.05,1.234109
705,double_dqn,3,20.9178,11.6,18563,cpu,13,82,124.72,0.05,1.553245
706,double_dqn,3,20.9844,11.86,18563,cpu,17,173,168.75,0.05,0.933286
707,double_dqn,3,21.0412,11.94,18563,cpu,19,149,188.41,0.05,1.522964
708,double_dqn,3,21.0507,11.84,18563,cpu,3,25,21.69,0.05,1.614836
709,double_dqn,3,21.0808,11.84,18563,cpu,9,80,84.1,0.05,0.838626
710,double_dqn,3,21.1126,12.02,18563,cpu,11,84,104.48,0.05,1.220762
711,double_dqn,3,21.1774,12.3,18563,cpu,20,168,198.23,0.05,1.460905
712,double_dqn,3,21.1958,12.06,18563,cpu,5,48,42.58,0.05,0.889589
713,double_dqn,3,21.2325,12.04,18563,cpu,10,96,95.85,0.05,1.472913
714,double_dqn,3,21.2727,12.06,18563,cpu,15,106,145.7,0.05,0.994177
715,double_dqn,3,21.2929,11.98,18563,cpu,8,53,73.36,0.05,0.78545
716,double_dqn,3,21.3434,12.1,18563,cpu,19,133,189.77,0.05,1.135055
717,double_dqn,3,21.4044,12.52,18563,cpu,22,160,220.53,0.05,1.079511
718,double_dqn,3,21.4435,12.56,18563,cpu,16,102,156.85,0.05,0.425404
719,double_dqn,3,21.4625,12.4,18563,cpu,8,50,72.69,0.05,1.013308
720,double_dqn,3,21.518,12.4,18563,cpu,15,145,149.01,0.05,0.363695
721,double_dqn,3,21.52,12.34,18563,cpu,0,5,-9.64,0.05,1.806559
722,double_dqn,3,21.5563,12.48,18563,cpu,11,91,105.51,0.05,1.536384
723,double_dqn,3,21.5791,12.18,18563,cpu,7,58,64.3,0.05,1.537934
724,double_dqn,3,21.6425,12.34,18563,cpu,24,160,239.15,0.05,1.094102
725,double_dqn,3,21.6791,12.2,18563,cpu,14,93,136.22,0.05,0.751729
726,double_dqn,3,21.7314,12.28,18563,cpu,14,133,138.02,0.05,0.954479
727,double_dqn,3,21.7493,12.26,18563,cpu,8,46,72.93,0.05,1.957522
728,double_dqn,3,21.8153,12.28,18563,cpu,19,168,190.12,0.05,0.733997
729,double_dqn,3,21.8992,12.42,18563,cpu,23,213,232.41,0.05,1.919279
730,double_dqn,3,21.9411,12.44,18563,cpu,13,106,125.48,0.05,0.723772
731,double_dqn,3,21.9962,12.46,18563,cpu,14,138,139.07,0.05,0.542123
732,double_dqn,3,22.0438,12.66,18563,cpu,16,120,158.07,0.05,0.721182
733,double_dqn,3,22.1086,12.92,18563,cpu,21,162,209.2,0.05,1.031816
734,double_dqn,3,22.1718,13.12,18563,cpu,17,160,170.98,0.05,1.468495
735,double_dqn,3,22.1857,12.86,18563,cpu,4,35,32.7,0.05,1.460186
736,double_dqn,3,22.2073,12.8,18563,cpu,6,54,53.03,0.05,0.811849
737,double_dqn,3,22.247,12.8,18563,cpu,13,100,125.74,0.05,1.593083
738,double_dqn,3,22.2576,12.86,18563,cpu,5,27,41.89,0.05,1.174991
739,double_dqn,3,22.2854,12.48,18563,cpu,7,70,64.58,0.05,0.557543
740,double_dqn,3,22.3572,12.68,18563,cpu,17,183,169.85,0.05,0.806176
741,double_dqn,3,22.4331,12.86,18563,cpu,26,190,262.87,0.05,1.005653
742,double_dqn,3,22.4365,12.8,18563,cpu,1,9,0.63,0.05,0.684775
743,double_dqn,3,22.4545,12.76,18563,cpu,7,45,62.93,0.05,0.479977
744,double_dqn,3,22.491,12.5,18563,cpu,11,92,106.2,0.05,0.519093
745,double_dqn,3,22.5171,12.4,18563,cpu,8,66,74.53,0.05,1.724237
746,double_dqn,3,22.5578,12.34,18563,cpu,13,104,127.5,0.05,1.160832
747,double_dqn,3,22.6246,12.5,18563,cpu,20,174,201.17,0.05,1.685074
748,double_dqn,3,22.6287,12.44,18563,cpu,1,11,0.81,0.05,0.910442
749,double_dqn,3,22.674,12.34,18563,cpu,12,115,117.38,0.05,1.690543
750,double_dqn,3,22.7332,12.52,18563,cpu,20,154,199.97,0.05,1.685385
751,double_dqn,3,22.7468,12.62,18563,cpu,6,36,52.21,0.05,1.001654
752,double_dqn,3,22.7766,12.58,18563,cpu,9,78,85.32,0.05,2.149183
753,double_dqn,3,22.8004,12.46,18563,cpu,9,62,84.48,0.05,0.98232
754,double_dqn,3,22.8336,12.38,18563,cpu,13,87,126.57,0.05,1.170423
755,double_dqn,3,22.8913,12.46,18563,cpu,17,151,169.77,0.05,1.097574
756,double_dqn,3,22.9607,12.52,18563,cpu,20,178,199.53,0.05,1.525959
757,double_dqn,3,22.9696,12.22,18563,cpu,4,23,31.42,0.05,0.647697
758,double_dqn,3,23.012,12.4,18563,cpu,12,111,117.22,0.05,0.819328
759,double_dqn,3,23.0843,12.62,18563,cpu,20,189,202.12,0.05,0.498797
760,double_dqn,3,23.1112,12.52,18563,cpu,6,70,55.07,0.05,1.363118
761,double_dqn,3,23.1227,12.22,18563,cpu,5,30,42.16,0.05,0.85359
762,double_dqn,3,23.1332,12.22,18563,cpu,5,27,41.89,0.05,1.554928
763,double_dqn,3,23.151,12.18,18563,cpu,8,46,73.13,0.05,0.568542
764,double_dqn,3,23.1711,12.02,18563,cpu,7,52,63.76,0.05,0.693278
765,double_dqn,3,23.2077,12.06,18563,cpu,10,96,96.05,0.05,0.5633
766,double_dqn,3,23.2395,11.86,18563,cpu,9,84,84.86,0.05,0.451732
767,double_dqn,3,23.3068,11.8,18563,cpu,19,175,186.95,0.05,1.313456
768,double_dqn,3,23.3253,11.6,18563,cpu,6,49,53.38,0.05,0.59483
769,double_dqn,3,23.3572,11.7,18563,cpu,13,83,125.41,0.05,0.874312
770,double_dqn,3,23.4033,11.7,18563,cpu,15,121,149.25,0.05,0.733717
771,double_dqn,3,23.4332,11.9,18563,cpu,10,78,95.03,0.05,1.460171
772,double_dqn,3,23.4895,12.1,18563,cpu,21,146,210.76,0.05,0.185766
773,double_dqn,3,23.5382,12.3,18563,cpu,17,127,168.41,0.05,1.794236
774,double_dqn,3,23.577,12.1,18563,cpu,14,102,137.23,0.05,1.600518
775,double_dqn,3,23.6605,12.32,18563,cpu,25,217,253.19,0.05,1.506144
776,double_dqn,3,23.6669,12.08,18563,cpu,2,16,10.97,0.05,1.170367
777,double_dqn,3,23.7255,12.24,18563,cpu,16,153,160.64,0.05,0.831066
778,double_dqn,3,23.7628,12.1,18563,cpu,12,98,115.65,0.05,0.843323
779,double_dqn,3,23.8672,12.16,18563,cpu,26,273,263.14,0.05,1.142346
780,double_dqn,3,23.9047,12.16,18563,cpu,13,98,127.16,0.05,1.81461
781,double_dqn,3,23.9434,12.2,18563,cpu,16,100,156.87,0.05,1.538187
782,double_dqn,3,23.9501,11.92,18563,cpu,2,17,11.06,0.05,0.518043
783,double_dqn,3,23.9643,11.6,18563,cpu,5,37,42.39,0.05,0.930514
784,double_dqn,3,23.9707,11.3,18563,cpu,2,17,10.66,0.05,1.073971
785,double_dqn,3,23.9768,11.24,18563,cpu,1,16,1.26,0.05,0.866298
786,double_dqn,3,24.0286,11.42,18563,cpu,15,135,147.91,0.05,0.499056
787,double_dqn,3,24.0883,11.5,18563,cpu,17,157,169.31,0.05,0.751008
788,double_dqn,3,24.0932,11.46,18563,cpu,3,13,20.81,0.05,0.344222
789,double_dqn,3,24.1342,11.56,18563,cpu,12,106,116.97,0.05,1.111194
790,double_dqn,3,24.1606,11.4,18563,cpu,9,67,84.73,0.05,0.963087
791,double_dqn,3,24.1698,10.92,18563,cpu,2,24,11.29,0.05,0.560065
792,double_dqn,3,24.1947,11.08,18563,cpu,9,65,84.35,0.05,0.740735
793,double_dqn,3,24.2321,11.22,18563,cpu,14,98,136.07,0.05,0.979371
794,double_dqn,3,24.2682,11.26,18563,cpu,13,94,126.8,0.05,1.006298
795,double_dqn,3,24.2931,11.24,18563,cpu,7,66,64.02,0.05,1.170059
796,double_dqn,3,24.3527,11.38,18563,cpu,20,156,198.15,0.05,1.544412
797,double_dqn,3,24.3996,11.34,18563,cpu,18,122,178.07,0.05,1.229806
798,double_dqn,3,24.4248,11.5,18563,cpu,9,66,84.44,0.05,0.438476
799,double_dqn,3,24.4305,11.28,18563,cpu,1,15,0.57,0.05,1.325785
800,double_dqn,3,24.4597,11.06,18563,cpu,9,77,85.63,0.05,0.944277
801,double_dqn,3,24.4903,11.16,18563,cpu,11,79,104.63,0.05,0.471285
802,double_dqn,3,24.5532,11.4,18563,cpu,21,165,208.07,0.05,0.192805
803,double_dqn,3,24.584,11.4,18563,cpu,9,81,84.99,0.05,0.72475
804,double_dqn,3,24.6423,11.52,18563,cpu,19,152,189.88,0.05,1.680866
805,double_dqn,3,24.6506,11.24,18563,cpu,3,21,21.33,0.05,0.832444
806,double_dqn,3,24.6805,11.08,18563,cpu,12,77,113.96,0.05,0.946566
807,double_dqn,3,24.6919,11.08,18563,cpu,4,30,32.05,0.05,0.629341
808,double_dqn,3,24.709,10.96,18563,cpu,6,45,53.02,0.05,1.247794
809,double_dqn,3,24.8039,11.18,18563,cpu,31,249,314.13,0.05,1.126471
810,double_dqn,3,24.8594,11.42,18563,cpu,18,145,180.94,0.05,0.927951
811,double_dqn,3,24.8929,11.52,18563,cpu,10,88,96.13,0.05,0.885235
812,double_dqn,3,24.9357,11.66,18563,cpu,12,111,118.82,0.05,1.030105
813,double_dqn,3,24.9849,11.8,18563,cpu,15,128,146.28,0.05,1.115054
814,double_dqn,3,25.0056,11.78,18563,cpu,6,55,53.72,0.05,0.806606
815,double_dqn,3,25.0666,11.94,18563,cpu,18,159,178.0,0.05,1.44283
816,double_dqn,3,25.116,12.08,18563,cpu,16,130,159.37,0.05,0.386824
817,double_dqn,3,25.1779,12.06,18563,cpu,18,161,180.98,0.05,1.096381
818,double_dqn,3,25.2286,12.32,18563,cpu,19,132,189.08,0.05,1.987328
819,double_dqn,3,25.3109,12.5,18563,cpu,22,215,222.08,0.05,0.617035
820,double_dqn,3,25.3704,12.56,18563,cpu,18,157,178.62,0.05,0.973001
821,double_dqn,3,25.4059,12.54,18563,cpu,9,93,86.27,0.05,0.761253
822,double_dqn,3,25.4523,12.4,18563,cpu,14,123,136.12,0.05,1.588159
823,double_dqn,3,25.4844,12.26,18563,cpu,10,84,95.77,0.05,0.798314
824,double_dqn,3,25.5212,12.26,18563,cpu,14,96,135.29,0.05,1.080876
825,double_dqn,3,25.5496,11.92,18563,cpu,8,71,75.18,0.05,1.129253
826,double_dqn,3,25.5651,11.98,18563,cpu,5,39,42.57,0.05,1.176687
827,double_dqn,3,25.6361,12.04,18563,cpu,19,180,191.8,0.05,1.212547
828,double_dqn,3,25.6756,12.02,18563,cpu,11,99,106.03,0.05,0.558535
829,double_dqn,3,25.7117,11.74,18563,cpu,12,91,116.22,0.05,0.736748
830,double_dqn,3,25.7595,11.72,18563,cpu,12,121,117.52,0.05,0.847322
831,double_dqn,3,25.7748,11.5,18563,cpu,5,39,42.57,0.05,1.373743
832,double_dqn,3,25.8254,11.82,18563,cpu,18,128,175.61,0.05,0.99117
833,double_dqn,3,25.8616,11.94,18563,cpu,11,91,106.51,0.05,1.207673
834,double_dqn,3,25.8954,12.08,18563,cpu,9,85,86.15,0.05,0.865482
835,double_dqn,3,25.9099,12.2,18563,cpu,7,37,62.61,0.05,0.610825
836,double_dqn,3,26.05,12.56,18563,cpu,33,351,336.73,0.05,1.029921
837,double_dqn,3,26.0919,12.5,18563,cpu,14,106,136.59,0.05,1.081937
838,double_dqn,3,26.1451,12.78,18563,cpu,17,134,168.84,0.05,0.510073
839,double_dqn,3,26.206,12.88,18563,cpu,17,154,170.44,0.05,0.966095
840,double_dqn,3,26.2566,12.98,18563,cpu,14,127,137.88,0.05,0.926665
841,double_dqn,3,26.3105,13.26,18563,cpu,16,136,156.51,0.05,0.875666
842,double_dqn,3,26.3974,13.58,18563,cpu,25,218,251.68,0.05,1.775832
843,double_dqn,3,26.4222,13.46,18563,cpu,8,62,73.97,0.05,1.052707
844,double_dqn,3,26.4386,13.36,18563,cpu,8,41,72.48,0.05,1.039993
845,double_dqn,3,26.485,13.5,18563,cpu,14,117,138.18,0.05,1.020962
846,double_dqn,3,26.5171,13.34,18563,cpu,12,81,114.92,0.05,0.984702
847,double_dqn,3,26.5423,13.12,18563,cpu,7,63,64.55,0.05,0.865885
848,double_dqn,3,26.5528,13.02,18563,cpu,4,27,31.38,0.05,1.692971
849,double_dqn,3,26.5661,13.1,18563,cpu,5,34,42.32,0.05,1.47012
850,double_dqn,3,26.599,13.1,18563,cpu,9,85,84.75,0.05,1.194253
851,double_dqn,3,26.6309,13.1,18563,cpu,11,84,105.28,0.05,1.11864
852,double_dqn,3,26.676,12.98,18563,cpu,15,115,147.31,0.05,1.495207
853,double_dqn,3,26.692,12.9,18563,cpu,5,42,42.84,0.05,1.239771
854,double_dqn,3,26.6953,12.54,18563,cpu,1,9,0.63,0.05,0.8816
855,double_dqn,3,26.7386,12.74,18563,cpu,13,113,128.11,0.05,1.092612
856,double_dqn,3,26.7641,12.66,18563,cpu,8,66,74.73,0.05,0.570377
857,double_dqn,3,26.7781,12.68,18563,cpu,5,37,42.79,0.05,0.916312
858,double_dqn,3,26.8217,12.84,18563,cpu,14,114,137.51,0.05,1.589244
859,double_dqn,3,26.8526,12.42,18563,cpu,10,81,95.5,0.05,1.146671
860,double_dqn,3,26.8761,12.26,18563,cpu,10,61,94.3,0.05,2.078191
861,double_dqn,3,26.9006,12.22,18563,cpu,8,64,73.55,0.05,0.435716
862,double_dqn,3,26.9648,12.4,18563,cpu,21,165,210.47,0.05,0.72138
863,double_dqn,3,26.9969,12.28,18563,cpu,9,84,85.46,0.05,0.621524
864,double_dqn,3,27.012,12.24,18563,cpu,4,40,32.95,0.05,0.783541
865,double_dqn,3,27.0175,11.92,18563,cpu,2,14,10.79,0.05,1.109927
866,double_dqn,3,27.0252,11.64,18563,cpu,2,20,11.53,0.05,1.442293
867,double_dqn,3,27.0697,11.66,18563,cpu,19,117,188.13,0.05,0.39049
868,double_dqn,3,27.1056,11.6,18563,cpu,16,94,156.53,0.05,1.02566
869,double_dqn,3,27.1647,11.56,18563,cpu,20,152,199.99,0.05,0.895821
870,double_dqn,3,27.1822,11.28,18563,cpu,4,46,33.49,0.05,0.831407
871,double_dqn,3,27.2013,11.22,18563,cpu,6,50,53.67,0.05,1.033206
872,double_dqn,3,27.2588,11.32,18563,cpu,19,151,188.79,0.05,0.938832
873,double_dqn,3,27.2769,11.28,18563,cpu,8,47,73.42,0.05,0.971629
874,double_dqn,3,27.2878,11.08,18563,cpu,4,28,32.07,0.05,0.838804
875,double_dqn,3,27.3398,11.22,18563,cpu,15,136,148.2,0.05,1.417143
876,double_dqn,3,27.3598,11.28,18563,cpu,8,52,73.67,0.05,1.416539
877,double_dqn,3,27.4003,11.2,18563,cpu,15,105,147.01,0.05,0.720009
878,double_dqn,3,27.4454,11.3,18563,cpu,16,118,157.29,0.05,0.343541
879,double_dqn,3,27.4816,11.36,18563,cpu,15,93,146.93,0.05,1.327691
880,double_dqn,3,27.5233,11.36,18563,cpu,12,109,114.64,0.05,0.965889
881,double_dqn,3,27.5689,11.52,18563,cpu,13,118,125.56,0.05,1.748931
882,double_dqn,3,27.5964,11.36,18563,cpu,10,71,94.8,0.05,0.518856
883,double_dqn,3,27.6492,11.46,18563,cpu,16,137,158.0,0.05,0.979476
884,double_dqn,3,27.6935,11.52,18563,cpu,12,116,119.27,0.05,0.873794
885,double_dqn,3,27.7203,11.6,18563,cpu,11,70,104.42,0.05,1.169946
886,double_dqn,3,27.7751,11.34,18563,cpu,20,143,198.38,0.05,1.017448
887,double_dqn,3,27.8011,11.26,18563,cpu,10,67,94.64,0.05,1.398723
888,double_dqn,3,27.8101,10.96,18563,cpu,2,23,11.6,0.05,1.933499
889,double_dqn,3,27.9067,11.06,18563,cpu,22,251,223.12,0.05,0.984116
890,double_dqn,3,27.9945,11.2,18563,cpu,21,227,213.25,0.05,0.991663
891,double_dqn,3,28.0283,11.12,18563,cpu,12,88,114.75,0.05,0.853321
892,double_dqn,3,28.0504,10.74,18563,cpu,6,58,53.19,0.05,1.273368
893,double_dqn,3,28.0803,10.78,18563,cpu,10,78,95.63,0.05,1.015549
894,double_dqn,3,28.0833,10.64,18563,cpu,1,8,0.54,0.05,1.033142
895,double_dqn,3,28.1321,10.72,18563,cpu,18,127,177.72,0.05,1.116846
896,double_dqn,3,28.1739,10.74,18563,cpu,13,108,127.06,0.05,0.623458
897,double_dqn,3,28.2007,10.72,18563,cpu,6,70,54.07,0.05,0.395926
898,double_dqn,3,28.208,10.7,18563,cpu,3,19,21.35,0.05,0.540797
899,double_dqn,3,28.226,10.76,18563,cpu,8,47,73.22,0.05,1.058296
900,double_dqn,3,28.2995,11.0,18563,cpu,21,192,211.3,0.05,1.513606
901,double_dqn,3,28.3372,11.06,18563,cpu,14,98,136.87,0.05,1.205031
902,double_dqn,3,28.3715,10.96,18563,cpu,10,88,94.73,0.05,1.335567
903,double_dqn,3,28.3959,11.02,18563,cpu,8,64,72.95,0.05,2.167632
904,double_dqn,3,28.4105,11.06,18563,cpu,3,38,22.46,0.05,0.856106
905,double_dqn,3,28.4137,10.82,18563,cpu,1,8,0.54,0.05,1.054091
906,double_dqn,3,28.4664,10.98,18563,cpu,16,138,156.49,0.05,1.84722
907,double_dqn,3,28.4871,11.04,18563,cpu,8,54,73.65,0.05,0.319047
908,double_dqn,3,28.5013,10.86,18563,cpu,5,37,41.79,0.05,0.921028
909,double_dqn,3,28.5172,10.76,18563,cpu,5,42,42.44,0.05,1.212679
910,double_dqn,3,28.5446,10.74,18563,cpu,9,71,84.49,0.05,0.947074
911,double_dqn,3,28.5525,10.6,18563,cpu,1,21,1.51,0.05,0.954026
912,double_dqn,3,28.5908,10.42,18563,cpu,12,100,116.03,0.05,0.659002
913,double_dqn,3,28.634,10.5,18563,cpu,13,113,127.71,0.05,1.55077
914,double_dqn,3,28.6738,10.68,18563,cpu,13,102,127.12,0.05,1.272867
915,double_dqn,3,28.6949,10.76,18563,cpu,6,55,53.92,0.05,1.506247
916,double_dqn,3,28.7199,10.84,18563,cpu,6,66,54.71,0.05,2.563181
917,double_dqn,3,28.7481,10.62,18563,cpu,8,73,75.76,0.05,0.630931
918,double_dqn,3,28.7684,10.44,18563,cpu,7,54,63.74,0.05,0.835522
919,double_dqn,3,28.7844,10.12,18563,cpu,4,42,32.73,0.05,1.236836
920,double_dqn,3,28.867,10.52,18563,cpu,24,215,242.7,0.05,1.196172
921,double_dqn,3,28.8776,10.5,18563,cpu,5,28,41.78,0.05,1.434492
922,double_dqn,3,28.8899,10.2,18563,cpu,4,32,32.23,0.05,0.55594
923,double_dqn,3,28.9224,10.28,18563,cpu,12,84,116.19,0.05,1.194366
924,double_dqn,3,28.9709,10.54,18563,cpu,17,125,169.23,0.05,1.409253
925,double_dqn,3,28.9881,10.34,18563,cpu,5,45,43.11,0.05,1.191987
926,double_dqn,3,29.0336,10.48,18563,cpu,15,119,148.67,0.05,1.072491
927,double_dqn,3,29.0369,10.22,18563,cpu,2,9,10.34,0.05,0.648604
928,double_dqn,3,29.0597,10.06,18563,cpu,8,60,73.59,0.05,1.266308
929,double_dqn,3,29.106,10.02,18563,cpu,13,120,129.14,0.05,0.64582
930,double_dqn,3,29.1448,10.04,18563,cpu,13,101,126.83,0.05,0.40106
931,double_dqn,3,29.2276,10.24,18563,cpu,23,215,233.39,0.05,0.574549
932,double_dqn,3,29.2358,10.1,18563,cpu,3,21,21.33,0.05,0.575994
933,double_dqn,3,29.2778,10.06,18563,cpu,14,110,137.15,0.05,1.803931
934,double_dqn,3,29.3244,10.1,18563,cpu,14,121,136.14,0.05,1.014799
935,double_dqn,3,29.3997,10.36,18563,cpu,24,197,240.48,0.05,1.406731
936,double_dqn,3,29.4753,10.42,18563,cpu,23,197,233.97,0.05,0.732472
937,double_dqn,3,29.4848,10.28,18563,cpu,3,25,21.49,0.05,0.405745
938,double_dqn,3,29.5538,10.56,18563,cpu,16,176,157.51,0.05,1.197894
939,double_dqn,3,29.5943,10.38,18563,cpu,13,102,126.72,0.05,1.368983
940,double_dqn,3,29.6347,10.2,18563,cpu,12,101,116.32,0.05,0.599621
941,double_dqn,3,29.6693,10.26,18563,cpu,15,87,145.39,0.05,1.026449
942,double_dqn,3,29.6915,10.28,18563,cpu,7,55,63.63,0.05,0.833272
943,double_dqn,3,29.8228,10.72,18563,cpu,32,331,325.42,0.05,1.25807
944,double_dqn,3,29.8808,11.08,18563,cpu,19,147,188.83,0.05,1.590846
945,double_dqn,3,29.9005,10.82,18563,cpu,5,50,43.76,0.05,1.298782
946,double_dqn,3,29.9199,10.7,18563,cpu,7,48,63.6,0.05,0.615454
947,double_dqn,3,29.9825,11.02,18563,cpu,22,157,220.06,0.05,0.20151
948,double_dqn,3,30.0344,11.26,18563,cpu,15,131,149.15,0.05,0.826379
949,double_dqn,3,30.069,11.34,18563,cpu,12,88,116.35,0.05,1.73795
950,double_dqn,3,30.0805,10.98,18563,cpu,3,29,21.45,0.05,0.26934
951,double_dqn,3,30.0924,10.78,18563,cpu,4,30,32.25,0.05,0.660828
952,double_dqn,3,30.0958,10.6,18563,cpu,1,9,0.63,0.05,1.507029
953,double_dqn,3,30.1425,10.72,18563,cpu,14,116,136.09,0.05,0.858874
954,double_dqn,3,30.1751,10.86,18563,cpu,10,82,95.59,0.05,1.597234
955,double_dqn,3,30.2669,11.32,18563,cpu,24,230,243.45,0.05,1.016532
956,double_dqn,3,30.3056,11.26,18563,cpu,13,97,127.07,0.05,1.872999
957,double_dqn,3,30.3081,11.12,18563,cpu,1,6,0.36,0.05,0.7925
958,double_dqn,3,30.4026,11.56,18563,cpu,27,238,275.9,0.05,0.519515
959,double_dqn,3,30.44,11.68,18563,cpu,11,95,104.47,0.05,1.034395
960,double_dqn,3,30.5078,11.86,18563,cpu,18,169,180.1,0.05,2.037879
961,double_dqn,3,30.557,12.12,18563,cpu,14,124,137.21,0.05,0.74638
962,double_dqn,3,30.5748,11.98,18563,cpu,5,46,43.2,0.05,0.83135
963,double_dqn,3,30.6167,11.92,18563,cpu,10,109,96.82,0.05,1.209979
964,double_dqn,3,30.6395,11.76,18563,cpu,5,59,44.17,0.05,1.530845
965,double_dqn,3,30.6975,11.96,18563,cpu,16,146,160.01,0.05,0.939595
966,double_dqn,3,30.7637,12.28,18563,cpu,22,172,220.41,0.05,1.554175
967,double_dqn,3,30.8064,12.4,18563,cpu,14,112,136.33,0.05,1.511166
968,double_dqn,3,30.8371,12.48,18563,cpu,11,81,104.81,0.05,0.866163
969,double_dqn,3,30.8524,12.52,18563,cpu,6,40,52.77,0.05,0.958064
970,double_dqn,3,30.872,12.18,18563,cpu,7,51,63.67,0.05,1.06454
971,double_dqn,3,30.923,12.44,18563,cpu,18,132,177.37,0.05,1.694526
972,double_dqn,3,30.9525,12.52,18563,cpu,8,76,75.03,0.05,2.039627
973,double_dqn,3,30.9801,12.48,18563,cpu,10,72,94.89,0.05,1.724012
974,double_dqn,3,30.9824,12.14,18563,cpu,0,6,-9.55,0.05,0.782528
975,double_dqn,3,31.0414,12.38,18563,cpu,17,153,169.15,0.05,1.435508
976,double_dqn,3,31.0437,12.08,18563,cpu,0,6,-9.55,0.05,1.164813
977,double_dqn,3,31.0631,12.16,18563,cpu,6,51,52.96,0.05,1.579229
978,double_dqn,3,31.0882,12.16,18563,cpu,8,65,74.84,0.05,1.006356
979,double_dqn,3,31.1567,12.3,18563,cpu,20,178,200.53,0.05,1.109855
980,double_dqn,3,31.1867,12.24,18563,cpu,10,78,95.03,0.05,0.304062
981,double_dqn,3,31.2242,12.08,18563,cpu,15,98,146.18,0.05,1.026732
982,double_dqn,3,31.2265,12.02,18563,cpu,0,6,-9.55,0.05,0.844036
983,double_dqn,3,31.2346,11.8,18563,cpu,3,21,21.13,0.05,0.314711
984,double_dqn,3,31.2621,11.76,18563,cpu,12,72,114.91,0.05,1.502333
985,double_dqn,3,31.3017,11.5,18563,cpu,11,103,104.79,0.05,1.190223
986,double_dqn,3,31.3292,11.26,18563,cpu,11,72,104.2,0.05,1.084362
987,double_dqn,3,31.4043,11.68,18563,cpu,24,196,241.19,0.05,2.118471
988,double_dqn,3,31.4405,11.64,18563,cpu,14,94,135.31,0.05,0.387005
989,double_dqn,3,31.4764,11.62,18563,cpu,12,93,116.0,0.05,0.804405
990,double_dqn,3,31.5055,11.62,18563,cpu,12,76,114.67,0.05,0.426202
991,double_dqn,3,31.5449,11.62,18563,cpu,15,103,147.63,0.05,0.54226
992,double_dqn,3,31.5756,11.68,18563,cpu,10,80,95.61,0.05,2.097838
993,double_dqn,3,31.6076,11.3,18563,cpu,13,84,125.1,0.05,0.935519
994,double_dqn,3,31.6397,11.1,18563,cpu,9,84,85.66,0.05,1.617032
995,double_dqn,3,31.6734,11.22,18563,cpu,11,86,105.26,0.05,0.476003
996,double_dqn,3,31.734,11.52,18563,cpu,22,158,220.55,0.05,0.981356
997,double_dqn,3,31.7501,11.16,18563,cpu,4,42,33.13,0.05,0.822278
998,double_dqn,3,31.799,11.18,18563,cpu,16,127,158.5,0.05,0.715516
999,double_dqn,3,31.8021,10.94,18563,cpu,0,8,-9.37,0.05,0.934455
1000,double_dqn,3,31.864,11.3,18563,cpu,21,161,210.31,0.05,1.058366
1001,double_dqn,3,31.8822,11.32,18563,cpu,5,48,42.58,0.05,1.001294
1002,double_dqn,3,31.8917,11.32,18563,cpu,1,25,0.87,0.05,1.653981
1003,double_dqn,3,31.9629,11.5,18563,cpu,23,184,232.4,0.05,0.559239
1004,double_dqn,3,31.998,11.58,18563,cpu,14,91,135.44,0.05,1.852279
1005,double_dqn,3,32.0403,11.38,18563,cpu,14,111,138.24,0.05,0.664077
1006,double_dqn,3,32.0581,11.24,18563,cpu,6,46,52.91,0.05,0.844527
1007,double_dqn,3,32.0604,11.22,18563,cpu,0,6,-9.55,0.05,1.369261
1008,double_dqn,3,32.0841,10.86,18563,cpu,9,62,84.48,0.05,1.44925
1009,double_dqn,3,32.1362,11.0,18563,cpu,18,136,179.73,0.05,1.429851
1010,double_dqn,3,32.1409,10.68,18563,cpu,2,12,10.61,0.05,1.264435
1011,double_dqn,3,32.1879,10.74,18563,cpu,17,121,165.67,0.05,1.15323
1012,double_dqn,3,32.2462,11.06,18563,cpu,21,151,211.01,0.05,0.819561
1013,double_dqn,3,32.2716,11.04,18563,cpu,9,66,85.04,0.05,0.962671
1014,double_dqn,3,32.2979,11.1,18563,cpu,8,69,74.8,0.05,0.126232
1015,double_dqn,3,32.3365,11.08,18563,cpu,15,100,145.56,0.05,1.879814
1016,double_dqn,3,32.3684,10.84,18563,cpu,10,84,96.17,0.05,0.915499
1017,double_dqn,3,32.4092,10.84,18563,cpu,14,106,135.79,0.05,1.66978
1018,double_dqn,3,32.4632,10.98,18563,cpu,18,140,179.89,0.05,2.028494
1019,double_dqn,3,32.4732,10.92,18563,cpu,3,26,21.98,0.05,1.332053
1020,double_dqn,3,32.5078,11.06,18563,cpu,14,90,136.15,0.05,0.84529
1021,double_dqn,3,32.5166,10.78,18563,cpu,4,23,31.62,0.05,0.409995
1022,double_dqn,3,32.5486,10.84,18563,cpu,11,83,104.99,0.05,1.028986
1023,double_dqn,3,32.5639,10.74,18563,cpu,5,40,42.46,0.05,0.921375
1024,double_dqn,3,32.5957,11.02,18563,cpu,14,83,135.12,0.05,0.731501
1025,double_dqn,3,32.6508,11.02,18563,cpu,17,143,170.05,0.05,1.048692
1026,double_dqn,3,32.6886,11.26,18563,cpu,12,97,117.16,0.05,1.917662
1027,double_dqn,3,32.7224,11.34,18563,cpu,10,88,95.93,0.05,1.443519
1028,double_dqn,3,32.765,11.56,18563,cpu,19,111,187.39,0.05,1.070313
1029,double_dqn,3,32.8058,11.4,18563,cpu,12,106,117.17,0.05,1.397249
1030,double_dqn,3,32.864,11.56,18563,cpu,18,152,178.57,0.05,0.650127
1031,double_dqn,3,32.8847,11.42,18563,cpu,8,54,73.65,0.05,0.425332
1032,double_dqn,3,32.9199,11.6,18563,cpu,9,92,85.58,0.05,0.683967
1033,double_dqn,3,32.9423,11.66,18563,cpu,6,57,54.5,0.05,1.519087
1034,double_dqn,3,32.9497,11.48,18563,cpu,3,19,21.35,0.05,0.887295
1035,double_dqn,3,32.9838,11.44,18563,cpu,9,89,85.71,0.05,0.698383
1036,double_dqn,3,33.0654,11.76,18563,cpu,27,213,273.65,0.05,1.362685
1037,double_dqn,3,33.1084,11.6,18563,cpu,16,113,158.24,0.05,0.874234
1038,double_dqn,3,33.1379,11.5,18563,cpu,9,77,82.83,0.05,1.902956
1039,double_dqn,3,33.1502,11.32,18563,cpu,3,32,22.52,0.05,0.123107
1040,double_dqn,3,33.1742,11.26,18563,cpu,9,62,82.88,0.05,1.005214
1041,double_dqn,3,33.1834,11.02,18563,cpu,3,24,21.8,0.05,1.528765
1042,double_dqn,3,33.2297,11.14,18563,cpu,16,121,156.56,0.05,0.743811
1043,double_dqn,3,33.2575,11.04,18563,cpu,8,73,75.16,0.05,1.89917
1044,double_dqn,3,33.2739,10.96,18563,cpu,5,43,42.73,0.05,1.070583
1045,double_dqn,3,33.2939,10.88,18563,cpu,7,52,63.56,0.05,0.465629
1046,double_dqn,3,33.3167,10.58,18563,cpu,7,59,63.99,0.05,1.416345
1047,double_dqn,3,33.3868,10.9,18563,cpu,20,183,201.98,0.05,0.616852
1048,double_dqn,3,33.4128,10.76,18563,cpu,9,67,83.93,0.05,0.578944
1049,double_dqn,3,33.4478,11.06,18563,cpu,15,90,145.06,0.05,1.704494
1050,double_dqn,3,33.4556,10.68,18563,cpu,2,20,11.33,0.05,1.206586
1051,double_dqn,3,33.4831,10.78,18563,cpu,10,72,94.69,0.05,0.818621
1052,double_dqn,3,33.5043,10.94,18563,cpu,9,55,83.05,0.05,1.874957
1053,double_dqn,3,33.5194,10.58,18563,cpu,5,38,42.68,0.05,1.166961
1054,double_dqn,3,33.5495,10.5,18563,cpu,10,75,95.36,0.05,0.325213
1055,double_dqn,3,33.5901,10.5,18563,cpu,14,101,136.54,0.05,1.5114
1056,double_dqn,3,33.6397,10.76,18563,cpu,19,124,186.56,0.05,0.463016
1057,double_dqn,3,33.6828,11.02,18563,cpu,13,109,126.95,0.05,1.323768
1058,double_dqn,3,33.7176,11.06,18563,cpu,11,86,105.06,0.05,1.758381
1059,double_dqn,3,33.7644,10.98,18563,cpu,14,115,138.0,0.05,0.848389
1060,double_dqn,3,33.8295,11.26,18563,cpu,16,162,159.65,0.05,2.192507
1061,double_dqn,3,33.8543,11.06,18563,cpu,7,62,64.66,0.05,1.344306
1062,double_dqn,3,33.875,10.72,18563,cpu,4,51,33.74,0.05,1.695827
1063,double_dqn,3,33.8797,10.56,18563,cpu,1,12,0.7,0.05,1.468923
1064,double_dqn,3,33.903,10.56,18563,cpu,8,58,74.21,0.05,1.264081
1065,double_dqn,3,33.9516,10.56,18563,cpu,15,120,146.56,0.05,1.414691
1066,double_dqn,3,34.0099,10.66,18563,cpu,15,144,148.12,0.05,1.056551
1067,double_dqn,3,34.0372,10.54,18563,cpu,8,68,73.91,0.05,0.922733
1068,double_dqn,3,34.0419,10.2,18563,cpu,1,11,0.81,0.05,1.636888
1069,double_dqn,3,34.1112,10.46,18563,cpu,16,172,160.15,0.05,0.863035
1070,double_dqn,3,34.13,10.34,18563,cpu,8,47,73.22,0.05,0.813819
1071,double_dqn,3,34.1654,10.46,18563,cpu,10,89,96.42,0.05,1.784841
1072,double_dqn,3,34.2042,10.44,18563,cpu,10,98,96.43,0.05,0.783559
1073,double_dqn,3,34.2329,10.54,18563,cpu,10,72,94.69,0.05,1.976
1074,double_dqn,3,34.2922,10.58,18563,cpu,16,148,159.99,0.05,1.541355
1075,double_dqn,3,34.3208,10.48,18563,cpu,12,73,114.2,0.05,1.997388
1076,double_dqn,3,34.3607,10.52,18563,cpu,14,100,137.05,0.05,0.948243
1077,double_dqn,3,34.4256,10.76,18563,cpu,22,162,221.11,0.05,1.559058
1078,double_dqn,3,34.4648,10.62,18563,cpu,12,97,116.76,0.05,2.268315
1079,double_dqn,3,34.4998,10.6,18563,cpu,11,87,105.95,0.05,0.753392
1080,double_dqn,3,34.5119,10.34,18563,cpu,5,31,42.25,0.05,0.71177
1081,double_dqn,3,34.5416,10.4,18563,cpu,11,74,104.98,0.05,1.266837
1082,double_dqn,3,34.6251,10.76,18563,cpu,27,216,272.72,0.05,0.639781
1083,double_dqn,3,34.7018,11.06,18563,cpu,21,197,208.95,0.05,0.422158
1084,double_dqn,3,34.7587,11.4,18563,cpu,20,149,199.72,0.05,1.434399
1085,double_dqn,3,34.7944,11.5,18563,cpu,14,93,135.62,0.05,1.301567
1086,double_dqn,3,34.8107,11.06,18563,cpu,5,43,42.53,0.05,1.101198
1087,double_dqn,3,34.8296,10.84,18563,cpu,5,49,43.47,0.05,0.558198
1088,double_dqn,3,34.8811,11.0,18563,cpu,17,134,169.04,0.05,1.317878
1089,double_dqn,3,34.9103,11.14,18563,cpu,10,76,95.05,0.05,0.674858
1090,double_dqn,3,34.9304,11.14,18563,cpu,9,52,82.98,0.05,0.837035
1091,double_dqn,3,34.948,11.22,18563,cpu,7,45,62.93,0.05,0.771372
1092,double_dqn,3,34.9749,11.06,18563,cpu,8,70,74.89,0.05,1.60664
1093,double_dqn,3,34.9833,10.96,18563,cpu,3,22,21.62,0.05,0.762621
1094,double_dqn,3,35.043,11.28,18563,cpu,21,156,210.46,0.05,1.512345
1095,double_dqn,3,35.0769,11.38,18563,cpu,12,88,116.75,0.05,0.350279
1096,double_dqn,3,35.0984,11.38,18563,cpu,7,56,62.72,0.05,1.52622
1097,double_dqn,3,35.1509,11.38,18563,cpu,20,136,197.35,0.05,1.562624
1098,double_dqn,3,35.1881,11.44,18563,cpu,12,96,116.87,0.05,1.685863
1099,double_dqn,3,35.2166,11.26,18563,cpu,6,75,54.92,0.05,1.723696
1100,double_dqn,3,35.2552,11.46,18563,cpu,12,100,116.83,0.05,0.960236
1101,double_dqn,3,35.2701,11.4,18563,cpu,7,39,62.79,0.05,0.944319
1102,double_dqn,3,35.3099,11.48,18563,cpu,13,103,126.21,0.05,0.846242
1103,double_dqn,3,35.3336,11.56,18563,cpu,9,62,84.68,0.05,1.165139
1104,double_dqn,3,35.3723,11.66,18563,cpu,15,100,146.76,0.05,1.458068
1105,double_dqn,3,35.4129,11.64,18563,cpu,13,106,127.48,0.05,0.17038
1106,double_dqn,3,35.4713,11.62,18563,cpu,18,152,177.37,0.05,1.414518
1107,double_dqn,3,35.505,11.6,18563,cpu,12,87,115.86,0.05,0.58498
1108,double_dqn,3,35.5188,11.48,18563,cpu,5,36,42.5,0.05,0.768036
1109,double_dqn,3,35.5649,11.5,18563,cpu,15,119,146.47,0.05,1.810876
1110,double_dqn,3,35.5785,11.28,18563,cpu,5,35,42.61,0.05,1.199885
1111,double_dqn,3,35.6091,11.32,18563,cpu,9,80,85.7,0.05,1.324788
1112,double_dqn,3,35.6635,11.56,18563,cpu,16,139,159.78,0.05,0.697174
1113,double_dqn,3,35.6792,11.68,18563,cpu,7,41,62.77,0.05,1.669963
1114,double_dqn,3,35.7377,11.92,18563,cpu,20,153,199.48,0.05,0.574657
1115,double_dqn,3,35.7625,11.84,18563,cpu,11,64,103.68,0.05,1.105773
1116,double_dqn,3,35.8019,11.82,18563,cpu,14,104,137.01,0.05,1.313751
1117,double_dqn,3,35.8362,11.84,18563,cpu,9,89,85.91,0.05,0.656696
1118,double_dqn,3,35.8667,12.04,18563,cpu,11,79,105.23,0.05,1.381684
1119,double_dqn,3,35.8892,11.86,18563,cpu,7,59,63.99,0.05,1.67308
1120,double_dqn,3,35.9453,12.04,18563,cpu,17,145,169.43,0.05,0.698729
1121,double_dqn,3,35.9742,12.02,18563,cpu,9,75,85.65,0.05,0.728911
1122,double_dqn,3,36.0366,12.14,18563,cpu,16,162,159.45,0.05,0.789355
1123,double_dqn,3,36.039,11.94,18563,cpu,0,6,-9.75,0.05,0.544765
1124,double_dqn,3,36.0535,11.74,18563,cpu,6,38,52.79,0.05,1.06169
1125,double_dqn,3,36.0935,11.74,18563,cpu,12,105,116.48,0.05,1.143886
1126,double_dqn,3,36.153,11.78,18563,cpu,16,153,158.44,0.05,1.18441
1127,double_dqn,3,36.1923,11.6,18563,cpu,13,103,126.61,0.05,0.457214
1128,double_dqn,3,36.235,11.66,18563,cpu,15,112,146.24,0.05,1.651649
1129,double_dqn,3,36.2644,11.62,18563,cpu,9,76,85.34,0.05,0.902809
1130,double_dqn,3,36.3072,11.74,18563,cpu,11,112,105.0,0.05,1.159488
1131,double_dqn,3,36.3491,11.94,18563,cpu,21,108,206.34,0.05,1.435589
1132,double_dqn,3,36.3649,11.52,18563,cpu,6,41,52.86,0.05,1.30247
1133,double_dqn,3,36.4108,11.46,18563,cpu,18,121,177.18,0.05,0.228141
1134,double_dqn,3,36.4401,11.24,18563,cpu,9,76,85.74,0.05,1.718702
1135,double_dqn,3,36.4799,11.26,18563,cpu,15,104,146.32,0.05,0.926051
1136,double_dqn,3,36.5342,11.52,18563,cpu,18,141,179.58,0.05,1.049806
1137,double_dqn,3,36.5488,11.54,18563,cpu,6,38,52.59,0.05,0.861287
1138,double_dqn,3,36.5898,11.48,18563,cpu,14,106,137.19,0.05,1.264852
1139,double_dqn,3,36.6384,11.64,18563,cpu,18,126,178.63,0.05,1.078777
1140,double_dqn,3,36.6599,11.6,18563,cpu,7,55,63.43,0.05,1.975519
1141,double_dqn,3,36.6631,11.5,18563,cpu,2,8,10.45,0.05,0.965788
1142,double_dqn,3,36.7213,11.7,18563,cpu,18,151,178.88,0.05,1.331038
1143,double_dqn,3,36.7513,11.74,18563,cpu,5,78,43.68,0.05,0.943864
1144,double_dqn,3,36.8497,11.92,18563,cpu,30,253,302.98,0.05,0.778318
1145,double_dqn,3,36.8851,11.92,18563,cpu,12,94,116.29,0.05,1.432598
1146,double_dqn,3,36.9226,12.02,18563,cpu,12,100,117.43,0.05,1.032709
1147,double_dqn,3,36.9596,11.86,18563,cpu,12,95,116.38,0.05,0.226017
1148,double_dqn,3,36.9668,11.7,18563,cpu,4,19,31.26,0.05,1.523416
1149,double_dqn,3,36.9913,11.76,18563,cpu,9,64,84.66,0.05,0.814923
1150,double_dqn,3,37.0084,11.7,18563,cpu,9,44,82.86,0.05,0.874988
1151,double_dqn,3,37.0524,11.82,18563,cpu,13,115,127.09,0.05,1.66586
1152,double_dqn,3,37.0556,11.56,18563,cpu,0,8,-9.37,0.05,0.784512
1153,double_dqn,3,37.1109,11.74,18563,cpu,18,144,180.45,0.05,0.555383
1154,double_dqn,3,37.1586,11.68,18563,cpu,12,123,116.3,0.05,0.688146
1155,double_dqn,3,37.2167,11.84,18563,cpu,21,151,209.21,0.05,0.866904
1156,double_dqn,3,37.2304,11.56,18563,cpu,4,35,32.3,0.05,1.062266
1157,double_dqn,3,37.2537,11.52,18563,cpu,10,60,94.01,0.05,0.847996
1158,double_dqn,3,37.3054,11.68,18563,cpu,13,135,130.69,0.05,1.705101
1159,double_dqn,3,37.3425,11.66,18563,cpu,14,97,136.78,0.05,2.526677
1160,double_dqn,3,37.4023,11.96,18563,cpu,20,156,199.55,0.05,0.533977
1161,double_dqn,3,37.449,12.06,18563,cpu,14,122,138.43,0.05,0.769218
1162,double_dqn,3,37.4736,11.88,18563,cpu,7,64,63.64,0.05,0.809886
1163,double_dqn,3,37.5214,12.06,18563,cpu,16,123,159.14,0.05,0.814406
1164,double_dqn,3,37.5564,11.98,18563,cpu,16,88,156.19,0.05,0.565884
1165,double_dqn,3,37.5683,11.84,18563,cpu,4,30,31.85,0.05,1.324895
1166,double_dqn,3,37.623,11.92,18563,cpu,18,136,179.73,0.05,1.085075
1167,double_dqn,3,37.6659,12.02,18563,cpu,14,106,136.79,0.05,0.563781
1168,double_dqn,3,37.6832,11.92,18563,cpu,6,43,53.24,0.05,0.924369
1169,double_dqn,3,37.6919,11.82,18563,cpu,2,22,10.71,0.05,1.334795
1170,double_dqn,3,37.7666,11.88,18563,cpu,20,186,200.25,0.05,1.350308
1171,double_dqn,3,37.8347,12.08,18563,cpu,19,170,190.9,0.05,1.400716
1172,double_dqn,3,37.8933,12.1,18563,cpu,17,148,167.9,0.05,1.203672
1173,double_dqn,3,37.9077,12.18,18563,cpu,4,36,32.59,0.05,1.135941
1174,double_dqn,3,37.9579,12.38,18563,cpu,16,126,159.01,0.05,1.273114
1175,double_dqn,3,37.992,12.38,18563,cpu,12,85,114.88,0.05,1.022328
1176,double_dqn,3,38.1014,12.72,18563,cpu,33,273,335.31,0.05,0.949678
1177,double_dqn,3,38.1366,12.76,18563,cpu,15,87,145.59,0.05,1.278951
1178,double_dqn,3,38.163,12.62,18563,cpu,8,65,74.64,0.05,2.146558
1179,double_dqn,3,38.2077,12.74,18563,cpu,15,111,146.95,0.05,1.369721
1180,double_dqn,3,38.2659,12.9,18563,cpu,19,144,189.16,0.05,1.279001
1181,double_dqn,3,38.359,13.02,18563,cpu,27,232,275.16,0.05,0.892135
1182,double_dqn,3,38.3939,13.08,18563,cpu,9,88,86.62,0.05,0.819777
1183,double_dqn,3,38.4345,12.96,18563,cpu,12,101,116.32,0.05,1.52051
1184,double_dqn,3,38.4631,13.02,18563,cpu,12,71,114.82,0.05,1.261316
1185,double_dqn,3,38.5216,13.08,18563,cpu,18,145,178.74,0.05,1.263629
1186,double_dqn,3,38.5431,12.92,18563,cpu,10,54,93.47,0.05,1.077071
1187,double_dqn,3,38.5862,13.14,18563,cpu,17,111,166.97,0.05,0.830405
1188,double_dqn,3,38.5936,12.92,18563,cpu,3,19,21.35,0.05,1.024057
1189,double_dqn,3,38.6223,12.74,18563,cpu,9,74,85.36,0.05,1.097009
1190,double_dqn,3,38.6617,12.84,18563,cpu,12,101,115.32,0.05,0.8509
1191,double_dqn,3,38.706,13.04,18563,cpu,12,114,117.49,0.05,0.866525
1192,double_dqn,3,38.7302,12.8,18563,cpu,6,63,53.24,0.05,1.184976
1193,double_dqn,3,38.7728,12.98,18563,cpu,14,111,135.84,0.05,1.145965
1194,double_dqn,3,38.8513,12.72,18563,cpu,17,205,170.43,0.05,0.970453
1195,double_dqn,3,38.8731,12.6,18563,cpu,6,56,53.81,0.05,1.696881
1196,double_dqn,3,38.9201,12.6,18563,cpu,12,124,118.39,0.05,1.151962
1197,double_dqn,3,38.923,12.38,18563,cpu,1,7,0.45,0.05,0.962695
1198,double_dqn,3,38.999,12.82,18563,cpu,26,195,262.92,0.05,0.931549
1199,double_dqn,3,39.0044,12.66,18563,cpu,1,14,0.48,0.05,1.527596
1200,double_dqn,3,39.0488,12.76,18563,cpu,14,115,135.4,0.05,0.930078
1201,double_dqn,3,39.0815,12.76,18563,cpu,13,85,124.79,0.05,1.591326
1202,double_dqn,3,39.1231,13.02,18563,cpu,13,108,127.26,0.05,1.902517
1203,double_dqn,3,39.1381,12.78,18563,cpu,6,39,52.68,0.05,1.744591
1204,double_dqn,3,39.1903,12.88,18563,cpu,17,134,168.04,0.05,1.745658
1205,double_dqn,3,39.2216,12.7,18563,cpu,12,82,115.61,0.05,1.624768
1206,double_dqn,3,39.2944,13.1,18563,cpu,24,188,242.87,0.05,0.889458
1207,double_dqn,3,39.3323,13.12,18563,cpu,11,98,105.94,0.05,1.511129
1208,double_dqn,3,39.4037,13.34,18563,cpu,24,186,240.69,0.05,0.925951
1209,double_dqn,3,39.4061,13.1,18563,cpu,2,6,10.07,0.05,1.261696
1210,double_dqn,3,39.4149,12.74,18563,cpu,2,23,11.8,0.05,1.315123
1211,double_dqn,3,39.421,12.5,18563,cpu,2,16,10.77,0.05,1.750253
1212,double_dqn,3,39.4664,12.7,18563,cpu,17,118,167.6,0.05,1.160683
1213,double_dqn,3,39.5088,12.66,18563,cpu,14,110,136.35,0.05,1.17138
1214,double_dqn,3,39.5703,12.66,18563,cpu,16,160,158.07,0.05,1.108783
1215,double_dqn,3,39.6178,12.86,18563,cpu,14,123,137.52,0.05,0.344498
1216,double_dqn,3,39.6935,12.98,18563,cpu,24,195,243.9,0.05,1.27799
1217,double_dqn,3,39.7175,12.88,18563,cpu,9,62,83.68,0.05,1.92236
1218,double_dqn,3,39.7193,12.76,18563,cpu,0,5,-9.64,0.05,0.500236
1219,double_dqn,3,39.7408,12.9,18563,cpu,9,55,83.85,0.05,0.818137
1220,double_dqn,3,39.7598,12.64,18563,cpu,7,49,63.29,0.05,1.286464
1221,double_dqn,3,39.7822,12.4,18563,cpu,7,58,64.1,0.05,1.291036
1222,double_dqn,3,39.8399,12.38,18563,cpu,16,150,160.77,0.05,1.290662
1223,double_dqn,3,39.8794,12.58,18563,cpu,14,102,137.83,0.05,0.951076
1224,double_dqn,3,39.9043,12.42,18563,cpu,8,64,74.35,0.05,0.780203
1225,double_dqn,3,39.9462,12.46,18563,cpu,14,108,137.37,0.05,0.613484
1226,double_dqn,3,39.9705,12.0,18563,cpu,10,64,94.37,0.05,1.478942
1227,double_dqn,3,39.9817,11.76,18563,cpu,3,29,22.05,0.05,1.578833
1228,double_dqn,3,40.0228,11.92,18563,cpu,16,107,155.9,0.05,1.002565
1229,double_dqn,3,40.0389,11.7,18563,cpu,4,42,33.13,0.05,1.344779
1230,double_dqn,3,40.0554,11.44,18563,cpu,6,43,53.04,0.05,1.192385
1231,double_dqn,3,40.099,11.22,18563,cpu,16,113,157.84,0.05,0.848445
1232,double_dqn,3,40.123,11.24,18563,cpu,10,63,93.88,0.05,0.47946
1233,double_dqn,3,40.139,11.1,18563,cpu,5,42,41.64,0.05,0.799994
1234,double_dqn,3,40.2178,11.32,18563,cpu,23,204,232.6,0.05,1.50484
1235,double_dqn,3,40.2198,10.96,18563,cpu,0,5,-9.64,0.05,0.724675
1236,double_dqn,3,40.2411,10.92,18563,cpu,8,55,73.34,0.05,1.635849
1237,double_dqn,3,40.2813,10.9,18563,cpu,16,104,156.23,0.05,2.255856
1238,double_dqn,3,40.3214,11.1,18563,cpu,13,105,126.79,0.05,1.791366
1239,double_dqn,3,40.3695,11.24,18563,cpu,16,126,158.41,0.05,2.153071
1240,double_dqn,3,40.3779,11.08,18563,cpu,4,22,31.53,0.05,1.579993
1241,double_dqn,3,40.4009,10.98,18563,cpu,7,60,63.28,0.05,1.660132
1242,double_dqn,3,40.4384,11.1,18563,cpu,12,96,116.27,0.05,0.970955
1243,double_dqn,3,40.4667,11.02,18563,cpu,10,73,94.98,0.05,1.521393
1244,double_dqn,3,40.5013,10.94,18563,cpu,13,91,126.13,0.05,0.792913
1245,double_dqn,3,40.5352,11.06,18563,cpu,12,90,116.73,0.05,0.879613
1246,double_dqn,3,40.5481,10.9,18563,cpu,4,34,32.61,0.05,0.624193
1247,double_dqn,3,40.6196,11.3,18563,cpu,21,186,210.96,0.05,1.02949
1248,double_dqn,3,40.6539,11.02,18563,cpu,12,89,116.64,0.05,1.741559
1249,double_dqn,3,40.6964,11.2,18563,cpu,10,110,97.11,0.05,1.181458
1250,double_dqn,3,40.7159,11.02,18563,cpu,5,51,43.65,0.05,0.64556
1251,double_dqn,3,40.7565,11.06,18563,cpu,15,105,147.21,0.05,0.82319
1252,double_dqn,3,40.8344,11.26,18563,cpu,23,202,228.42,0.05,2.111002
1253,double_dqn,3,40.8787,11.42,18563,cpu,14,116,137.49,0.05,1.310859
1254,double_dqn,3,40.9696,11.56,18563,cpu,24,233,246.12,0.05,1.943583
1255,double_dqn,3,41.0122,11.58,18563,cpu,13,110,125.64,0.05,1.803807
1256,double_dqn,3,41.0584,11.48,18563,cpu,19,120,187.6,0.05,1.289413
1257,double_dqn,3,41.1257,11.68,18563,cpu,21,175,210.37,0.05,1.299026
1258,double_dqn,3,41.2004,11.68,18563,cpu,24,192,242.23,0.05,1.059153
1259,double_dqn,3,41.2087,11.72,18563,cpu,4,22,31.33,0.05,1.039156
1260,double_dqn,3,41.2421,11.86,18563,cpu,9,87,85.53,0.05,1.072852
1261,double_dqn,3,41.2772,11.98,18563,cpu,8,92,74.27,0.05,1.871002
1262,double_dqn,3,41.2977,11.72,18563,cpu,4,53,33.92,0.05,0.954962
1263,double_dqn,3,41.3374,11.7,18563,cpu,13,104,127.5,0.05,0.648683
1264,double_dqn,3,41.3795,11.66,18563,cpu,14,109,137.06,0.05,0.939205
1265,double_dqn,3,41.4009,11.52,18563,cpu,7,56,63.52,0.05,0.928755
1266,double_dqn,3,41.4467,11.3,18563,cpu,13,119,127.45,0.05,1.674847
1267,double_dqn,3,41.4551,11.2,18563,cpu,4,22,31.13,0.05,1.566626
1268,double_dqn,3,41.4679,11.28,18563,cpu,4,33,32.32,0.05,0.891191
1269,double_dqn,3,41.4963,11.28,18563,cpu,9,74,85.16,0.05,1.150265
1270,double_dqn,3,41.5229,11.28,18563,cpu,7,68,65.2,0.05,1.242154
1271,double_dqn,3,41.538,11.22,18563,cpu,4,38,32.37,0.05,1.157134
1272,double_dqn,3,41.5632,11.06,18563,cpu,8,63,73.86,0.05,1.15925
1273,double_dqn,3,41.5844,10.94,18563,cpu,8,54,73.85,0.05,0.938864
1274,double_dqn,3,41.6188,10.98,18563,cpu,10,86,95.35,0.05,0.907056
1275,double_dqn,3,41.6596,10.96,18563,cpu,13,101,127.43,0.05,1.50647
1276,double_dqn,3,41.6946,10.98,18563,cpu,11,88,104.24,0.05,1.50616
1277,double_dqn,3,41.7242,11.12,18563,cpu,10,74,95.47,0.05,1.790839
1278,double_dqn,3,41.7787,11.18,18563,cpu,19,136,188.04,0.05,0.644915
1279,double_dqn,3,41.793,11.22,18563,cpu,6,36,52.61,0.05,1.419684
1280,double_dqn,3,41.851,11.44,18563,cpu,17,146,168.52,0.05,1.945609
1281,double_dqn,3,41.8546,11.14,18563,cpu,1,9,0.63,0.05,1.11952
1282,double_dqn,3,41.9148,11.32,18563,cpu,19,150,190.5,0.05,1.429772
1283,double_dqn,3,41.9172,11.24,18563,cpu,1,6,0.36,0.05,0.83551
1284,double_dqn,3,41.937,10.9,18563,cpu,6,50,53.27,0.05,1.032242
1285,double_dqn,3,41.9809,11.16,18563,cpu,13,109,127.15,0.05,0.651556
1286,double_dqn,3,42.0037,11.12,18563,cpu,6,57,53.3,0.05,1.258475
1287,double_dqn,3,42.0349,11.02,18563,cpu,11,78,104.74,0.05,1.406632
1288,double_dqn,3,42.059,10.96,18563,cpu,10,60,93.61,0.05,1.01223
1289,double_dqn,3,42.1292,11.04,18563,cpu,20,177,199.44,0.05,1.352575
1290,double_dqn,3,42.178,11.3,18563,cpu,17,121,167.07,0.05,1.143528
1291,double_dqn,3,42.1882,11.22,18563,cpu,3,25,20.29,0.05,1.40375
1292,double_dqn,3,42.1953,11.02,18563,cpu,2,18,11.35,0.05,1.115001
1293,double_dqn,3,42.2327,11.04,18563,cpu,11,93,105.89,0.05,0.831799
1294,double_dqn,3,42.2795,11.04,18563,cpu,13,117,128.27,0.05,1.684395
1295,double_dqn,3,42.3303,11.16,18563,cpu,18,127,178.92,0.05,0.838817
1296,double_dqn,3,42.3588,11.26,18563,cpu,9,72,85.18,0.05,1.326262
1297,double_dqn,3,42.4216,11.26,18563,cpu,21,158,210.24,0.05,0.641616
1298,double_dqn,3,42.4538,11.22,18563,cpu,10,80,95.01,0.05,0.885333
1299,double_dqn,3,42.4885,11.26,18563,cpu,12,87,115.86,0.05,1.223771
1300,double_dqn,3,42.5347,11.46,18563,cpu,15,116,147.8,0.05,0.589437
1301,double_dqn,3,42.5482,11.26,18563,cpu,5,34,42.52,0.05,1.363564
1302,double_dqn,3,42.6072,11.18,18563,cpu,19,152,188.88,0.05,0.463641
1303,double_dqn,3,42.611,10.94,18563,cpu,2,10,10.63,0.05,1.342151
1304,double_dqn,3,42.6645,10.8,18563,cpu,17,136,168.82,0.05,0.493444
1305,double_dqn,3,42.7,10.74,18563,cpu,10,93,96.58,0.05,1.278482
1306,double_dqn,3,42.7059,10.42,18563,cpu,3,15,20.79,0.05,1.329624
1307,double_dqn,3,42.7119,10.02,18563,cpu,1,16,0.66,0.05,1.353642
1308,double_dqn,3,42.7353,9.72,18563,cpu,9,61,84.39,0.05,0.90151
1309,double_dqn,3,42.7796,9.98,18563,cpu,17,114,167.84,0.05,0.824486
1310,double_dqn,3,42.7969,9.94,18563,cpu,7,45,62.53,0.05,2.300107
1311,double_dqn,3,42.8219,9.98,18563,cpu,10,65,94.26,0.05,0.779988
1312,double_dqn,3,42.8785,10.28,18563,cpu,19,147,190.43,0.05,1.01388
1313,double_dqn,3,42.9213,10.26,18563,cpu,12,111,117.62,0.05,0.822983
1314,double_dqn,3,42.9294,10.04,18563,cpu,3,21,21.53,0.05,1.337429
1315,double_dqn,3,42.9733,10.24,18563,cpu,17,112,166.46,0.05,0.956275
1316,double_dqn,3,42.9822,10.04,18563,cpu,3,23,21.51,0.05,0.62415
1317,double_dqn,3,43.0316,10.28,18563,cpu,16,126,158.01,0.05,0.974407
1318,double_dqn,3,43.0928,10.58,18563,cpu,19,158,190.62,0.05,0.386877
1319,double_dqn,3,43.1212,10.58,18563,cpu,9,74,84.56,0.05,0.909096
1320,double_dqn,3,43.1686,10.72,18563,cpu,14,120,138.25,0.05,1.279075
1321,double_dqn,3,43.2191,10.96,18563,cpu,16,131,159.06,0.05,1.360086
1322,double_dqn,3,43.2741,11.22,18563,cpu,21,143,207.89,0.05,1.107559
1323,double_dqn,3,43.2892,11.18,18563,cpu,6,39,52.88,0.05,1.034323
1324,double_dqn,3,43.3554,11.38,18563,cpu,20,172,200.99,0.05,0.56614
1325,double_dqn,3,43.3717,11.24,18563,cpu,6,43,52.84,0.05,1.053892
1326,double_dqn,3,43.4679,11.52,18563,cpu,25,250,255.16,0.05,0.459581
1327,double_dqn,3,43.4919,11.46,18563,cpu,7,62,64.06,0.05,1.357064
1328,double_dqn,3,43.5362,11.42,18563,cpu,17,115,165.33,0.05,1.139791
1329,double_dqn,3,43.5647,11.52,18563,cpu,11,74,104.38,0.05,1.267941
1330,double_dqn,3,43.5753,11.24,18563,cpu,3,28,22.16,0.05,1.017341
1331,double_dqn,3,43.6302,11.54,18563,cpu,16,143,158.54,0.05,1.16099
1332,double_dqn,3,43.6363,11.18,18563,cpu,1,16,1.06,0.05,0.383977
1333,double_dqn,3,43.6398,11.18,18563,cpu,1,9,0.63,0.05,1.114013
1334,double_dqn,3,43.6877,11.3,18563,cpu,12,123,117.9,0.05,1.072624
1335,double_dqn,3,43.774,11.46,18563,cpu,21,225,211.47,0.05,1.427333
1336,double_dqn,3,43.7779,11.38,18563,cpu,2,10,10.43,0.05,1.264488
1337,double_dqn,3,43.7855,11.22,18563,cpu,3,20,21.24,0.05,2.095223
1338,double_dqn,3,43.8483,11.5,18563,cpu,24,164,239.71,0.05,1.667032
1339,double_dqn,3,43.9105,11.5,18563,cpu,20,163,201.18,0.05,0.944577
1340,double_dqn,3,43.9637,11.52,18563,cpu,18,137,177.82,0.05,1.314294
1341,double_dqn,3,43.9679,11.48,18563,cpu,1,11,0.81,0.05,0.669285
1342,double_dqn,3,44.068,12.04,18563,cpu,30,242,305.59,0.05,1.222703
1343,double_dqn,3,44.1009,12.04,18563,cpu,11,82,104.9,0.05,1.032043
1344,double_dqn,3,44.1286,11.94,18563,cpu,8,71,73.58,0.05,0.72648
1345,double_dqn,3,44.1401,11.64,18563,cpu,3,29,22.25,0.05,1.222633
1346,double_dqn,3,44.2058,11.9,18563,cpu,22,170,220.43,0.05,1.522225
1347,double_dqn,3,44.2744,11.92,18563,cpu,22,179,220.44,0.05,0.916427
1348,double_dqn,3,44.2979,11.86,18563,cpu,7,61,64.77,0.05,1.33725
1349,double_dqn,3,44.3389,11.9,18563,cpu,14,107,137.68,0.05,1.360816
1350,double_dqn,3,44.3704,11.78,18563,cpu,9,83,86.17,0.05,0.707322
1351,double_dqn,3,44.3987,11.86,18563,cpu,9,74,84.76,0.05,0.441702
1352,double_dqn,3,44.4312,11.7,18563,cpu,11,85,106.17,0.05,0.914559
1353,double_dqn,3,44.4696,11.92,18563,cpu,13,100,126.34,0.05,1.091305
1354,double_dqn,3,44.5133,11.84,18563,cpu,13,113,126.91,0.05,1.812394
1355,double_dqn,3,44.5193,11.68,18563,cpu,2,16,11.17,0.05,0.933379
1356,double_dqn,3,44.5475,11.8,18563,cpu,9,73,85.07,0.05,1.111783
1357,double_dqn,3,44.5586,11.86,18563,cpu,4,29,31.96,0.05,1.423451
1358,double_dqn,3,44.5898,11.9,18563,cpu,11,81,105.81,0.05,1.935141
1359,double_dqn,3,44.6389,11.94,18563,cpu,19,128,188.12,0.05,1.45952
1360,double_dqn,3,44.705,12.18,18563,cpu,19,171,191.39,0.05,1.040362
1361,double_dqn,3,44.7518,12.26,18563,cpu,14,123,138.52,0.05,1.061062
1362,double_dqn,3,44.8215,12.32,18563,cpu,22,181,221.42,0.05,1.517798
1363,double_dqn,3,44.8691,12.4,18563,cpu,16,124,157.43,0.05,1.427337
1364,double_dqn,3,44.8828,12.42,18563,cpu,4,36,32.59,0.05,0.918453
1365,double_dqn,3,44.9042,12.26,18563,cpu,9,56,83.74,0.05,1.226217
1366,double_dqn,3,44.9603,12.58,18563,cpu,19,145,190.65,0.05,0.969995
1367,double_dqn,3,44.9634,12.26,18563,cpu,0,8,-9.37,0.05,0.996712
1368,double_dqn,3,44.9724,11.94,18563,cpu,3,23,21.71,0.05,1.148552
1369,double_dqn,3,45.0078,12.04,18563,cpu,14,93,136.42,0.05,0.514094
1370,double_dqn,3,45.012,11.78,18563,cpu,1,11,0.81,0.05,1.149937
1371,double_dqn,3,45.0402,11.66,18563,cpu,10,74,93.87,0.05,1.014722
1372,double_dqn,3,45.0878,11.5,18563,cpu,13,124,125.7,0.05,0.314031
1373,double_dqn,3,45.1186,11.6,18563,cpu,11,81,105.81,0.05,0.951391
1374,double_dqn,3,45.166,11.48,18563,cpu,14,122,138.43,0.05,0.786307
1375,double_dqn,3,45.171,11.38,18563,cpu,1,13,0.79,0.05,0.656207
1376,double_dqn,3,45.1999,11.14,18563,cpu,13,75,124.89,0.05,1.480893
1377,double_dqn,3,45.2256,11.2,18563,cpu,10,67,94.64,0.05,1.632743
1378,double_dqn,3,45.266,11.1,18563,cpu,12,106,117.57,0.05,1.697664
1379,double_dqn,3,45.2715,10.9,18563,cpu,1,14,1.08,0.05,0.960105
1380,double_dqn,3,45.2891,10.96,18563,cpu,6,46,52.91,0.05,1.767518
1381,double_dqn,3,45.3225,10.9,18563,cpu,13,87,126.37,0.05,1.049026
1382,double_dqn,3,45.3302,10.92,18563,cpu,2,20,11.13,0.05,1.261764
1383,double_dqn,3,45.3447,10.96,18563,cpu,3,39,21.75,0.05,1.152648
1384,double_dqn,3,45.4209,11.06,18563,cpu,17,199,169.49,0.05,1.041329
1385,double_dqn,3,45.4347,10.72,18563,cpu,4,36,32.79,0.05,0.70905
1386,double_dqn,3,45.447,10.8,18563,cpu,6,32,51.85,0.05,0.919575
1387,double_dqn,3,45.4811,10.96,18563,cpu,11,89,105.53,0.05,1.200454
1388,double_dqn,3,45.5061,10.66,18563,cpu,9,65,84.95,0.05,1.132592
1389,double_dqn,3,45.5576,10.54,18563,cpu,14,130,139.15,0.05,1.204069
1390,double_dqn,3,45.5958,10.42,18563,cpu,12,96,115.07,0.05,1.1139
1391,double_dqn,3,45.6322,10.66,18563,cpu,13,92,126.22,0.05,0.946064
1392,double_dqn,3,45.6946,10.48,18563,cpu,21,157,209.55,0.05,0.936082
1393,double_dqn,3,45.7371,10.46,18563,cpu,10,107,96.44,0.05,0.851572
1394,double_dqn,3,45.788,10.62,18563,cpu,16,128,156.39,0.05,0.707858
1395,double_dqn,3,45.8436,10.92,18563,cpu,18,140,178.09,0.05,0.869446
1396,double_dqn,3,45.881,10.66,18563,cpu,9,94,86.36,0.05,1.243018
1397,double_dqn,3,45.919,10.4,18563,cpu,9,96,86.94,0.05,1.513401
1398,double_dqn,3,45.9725,10.6,18563,cpu,17,134,169.04,0.05,1.018831
1399,double_dqn,3,45.9875,10.46,18563,cpu,7,38,62.5,0.05,0.770437
1400,double_dqn,3,46.0398,10.56,18563,cpu,14,120,138.25,0.05,0.852771
1401,double_dqn,3,46.042,10.38,18563,cpu,0,5,-10.44,0.05,0.817633
1402,double_dqn,3,46.0824,10.32,18563,cpu,8,92,74.87,0.05,1.138185
1403,double_dqn,3,46.1388,10.26,18563,cpu,10,98,96.63,0.05,1.276485
1404,double_dqn,3,46.1707,10.18,18563,cpu,9,60,84.3,0.05,1.466488
1405,double_dqn,3,46.2111,10.42,18563,cpu,14,100,136.65,0.05,1.229737
1406,double_dqn,3,46.261,10.58,18563,cpu,17,124,167.14,0.05,0.817117
1407,double_dqn,3,46.2688,10.56,18563,cpu,3,19,21.35,0.05,0.757401
1408,double_dqn,3,46.3017,10.54,18563,cpu,10,81,95.9,0.05,0.47742
1409,double_dqn,3,46.3243,10.3,18563,cpu,7,57,64.21,0.05,1.279477
1410,double_dqn,3,46.3534,10.08,18563,cpu,8,72,74.47,0.05,0.496091
1411,double_dqn,3,46.3773,9.96,18563,cpu,8,60,73.19,0.05,1.200868
1412,double_dqn,3,46.3995,9.64,18563,cpu,6,55,53.92,0.05,1.203176
1413,double_dqn,3,46.4421,9.62,18563,cpu,15,108,145.88,0.05,1.249772
1414,double_dqn,3,46.4827,9.78,18563,cpu,12,103,116.7,0.05,1.844956
1415,double_dqn,3,46.5397,9.9,18563,cpu,15,140,147.96,0.05,0.976104
1416,double_dqn,3,46.5766,9.78,18563,cpu,13,96,126.78,0.05,1.373072
1417,double_dqn,3,46.5862,9.88,18563,cpu,5,25,41.51,0.05,1.088602
1418,double_dqn,3,46.6071,10.0,18563,cpu,9,54,83.56,0.05,1.310092
1419,double_dqn,3,46.634,9.88,18563,cpu,8,70,75.29,0.05,1.757393
1420,double_dqn,3,46.6832,10.16,18563,cpu,15,128,149.48,0.05,2.029862
1421,double_dqn,3,46.706,10.1,18563,cpu,7,59,63.59,0.05,1.216039
1422,double_dqn,3,46.7206,9.92,18563,cpu,4,39,33.06,0.05,1.623921
1423,double_dqn,3,46.7725,9.98,18563,cpu,14,125,138.3,0.05,1.22138
1424,double_dqn,3,46.8292,10.02,18563,cpu,16,125,158.52,0.05,1.182272
1425,double_dqn,3,46.863,10.18,18563,cpu,9,73,84.67,0.05,0.916283
1426,double_dqn,3,46.8719,10.0,18563,cpu,4,21,31.44,0.05,1.733006
1427,double_dqn,3,46.8935,9.94,18563,cpu,7,54,63.74,0.05,1.029122
1428,double_dqn,3,46.9142,9.86,18563,cpu,8,52,73.67,0.05,2.221523
1429,double_dqn,3,46.9178,9.88,18563,cpu,2,9,10.54,0.05,1.148655
1430,double_dqn,3,46.9675,10.04,18563,cpu,14,123,137.32,0.05,1.297572
1431,double_dqn,3,46.9959,9.98,18563,cpu,10,71,95.2,0.05,1.404631
1432,double_dqn,3,47.0393,10.2,18563,cpu,13,109,126.95,0.05,1.110842
1433,double_dqn,3,47.0696,10.34,18563,cpu,10,72,94.89,0.05,2.295202
1434,double_dqn,3,47.0756,10.04,18563,cpu,2,14,9.99,0.05,1.705047
1435,double_dqn,3,47.0912,10.04,18563,cpu,4,39,32.86,0.05,1.662021
1436,double_dqn,3,47.103,9.98,18563,cpu,3,30,22.34,0.05,1.018763
1437,double_dqn,3,47.1312,9.92,18563,cpu,8,71,75.18,0.05,1.458652
1438,double_dqn,3,47.1826,10.04,18563,cpu,15,132,148.84,0.05,0.969495
1439,double_dqn,3,47.1924,9.82,18563,cpu,3,25,21.89,0.05,1.065614
1440,double_dqn,3,47.2215,9.8,18563,cpu,11,75,105.07,0.05,0.724566
1441,double_dqn,3,47.249,9.72,18563,cpu,9,71,83.49,0.05,0.809644
1442,double_dqn,3,47.2812,9.46,18563,cpu,8,83,74.66,0.05,0.729525
1443,double_dqn,3,47.3643,9.72,18563,cpu,23,215,234.39,0.05,0.907041
1444,double_dqn,3,47.4014,9.64,18563,cpu,12,97,115.36,0.05,1.514965
1445,double_dqn,3,47.4583,9.64,18563,cpu,18,146,179.63,0.05,1.089773
1446,double_dqn,3,47.4927,9.72,18563,cpu,13,87,125.57,0.05,1.099522
1447,double_dqn,3,47.4964,9.56,18563,cpu,1,9,0.63,0.05,0.622908
1448,double_dqn,3,47.501,9.24,18563,cpu,1,11,0.81,0.05,1.394194
1449,double_dqn,3,47.578,9.56,18563,cpu,23,193,232.21,0.05,1.515662
1450,double_dqn,3,47.6043,9.5,18563,cpu,11,66,104.46,0.05,0.922338
1451,double_dqn,3,47.6405,9.76,18563,cpu,13,93,126.91,0.05,0.561589
1452,double_dqn,3,47.6688,9.78,18563,cpu,9,73,84.27,0.05,0.395215
1453,double_dqn,3,47.6843,9.68,18563,cpu,5,40,42.66,0.05,0.856764
1454,double_dqn,3,47.7235,9.78,18563,cpu,14,102,136.83,0.05,1.988713
1455,double_dqn,3,47.7341,9.54,18563,cpu,2,28,11.65,0.05,1.513449
1456,double_dqn,3,47.7526,9.34,18563,cpu,7,49,62.29,0.05,0.817949
1457,double_dqn,3,47.8198,9.72,18563,cpu,22,174,219.59,0.05,1.395667
1458,double_dqn,3,47.8249,9.56,18563,cpu,2,13,10.9,0.05,0.700272
1459,double_dqn,3,47.8278,9.42,18563,cpu,0,8,-9.37,0.05,2.409124
1460,double_dqn,3,47.8791,9.58,18563,cpu,16,133,158.84,0.05,1.227214
1461,double_dqn,3,47.8855,9.46,18563,cpu,2,17,11.26,0.05,1.362802
1462,double_dqn,3,47.9302,9.64,18563,cpu,15,114,147.82,0.05,1.088017
1463,double_dqn,3,47.9951,9.72,18563,cpu,19,169,190.41,0.05,1.227935
1464,double_dqn,3,48.0562,9.92,18563,cpu,22,160,215.93,0.05,1.066857
1465,double_dqn,3,48.069,9.72,18563,cpu,5,33,42.23,0.05,1.727481
1466,double_dqn,3,48.0972,9.64,18563,cpu,9,73,84.67,0.05,0.862711
1467,double_dqn,3,48.1256,9.72,18563,cpu,9,74,84.96,0.05,0.813136
1468,double_dqn,3,48.1611,9.78,18563,cpu,12,91,116.22,0.05,0.954432
1469,double_dqn,3,48.1916,9.86,18563,cpu,12,79,114.74,0.05,1.388082
1470,double_dqn,3,48.2376,9.86,18563,cpu,15,121,146.45,0.05,1.174958
1471,double_dqn,3,48.2725,9.92,18563,cpu,10,91,96.0,0.05,1.801558
1472,double_dqn,3,48.2916,9.98,18563,cpu,7,50,63.58,0.05,0.833642
1473,double_dqn,3,48.3285,9.9,18563,cpu,10,96,94.85,0.05,0.908238
1474,double_dqn,3,48.3611,9.8,18563,cpu,11,84,105.48,0.05,0.61529
1475,double_dqn,3,48.4142,9.98,18563,cpu,18,138,178.51,0.05,1.587988
1476,double_dqn,3,48.4645,10.26,18563,cpu,18,131,177.88,0.05,2.472845
1477,double_dqn,3,48.4854,10.28,18563,cpu,8,55,73.74,0.05,0.91334
1478,double_dqn,3,48.501,10.26,18563,cpu,7,40,62.88,0.05,0.680762
1479,double_dqn,3,48.5082,10.26,18563,cpu,2,19,11.24,0.05,0.827976
1480,double_dqn,3,48.5348,10.16,18563,cpu,9,69,83.51,0.05,0.862425
1481,double_dqn,3,48.5572,10.12,18563,cpu,8,58,73.81,0.05,1.837789
1482,double_dqn,3,48.5636,9.9,18563,cpu,2,17,11.26,0.05,1.887881
1483,double_dqn,3,48.6292,10.1,18563,cpu,20,170,199.81,0.05,0.646982
1484,double_dqn,3,48.6763,10.32,18563,cpu,13,121,128.23,0.05,0.650173
1485,double_dqn,3,48.7286,10.62,18563,cpu,19,136,188.84,0.05,0.16927
1486,double_dqn,3,48.7708,10.86,18563,cpu,15,110,146.86,0.05,1.104848
1487,double_dqn,3,48.7937,10.82,18563,cpu,6,60,54.57,0.05,1.302953
1488,double_dqn,3,48.8445,10.84,18563,cpu,16,133,159.04,0.05,1.120249
1489,double_dqn,3,48.8465,10.78,18563,cpu,0,5,-9.64,0.05,0.842197
1490,double_dqn,3,48.8588,10.66,18563,cpu,5,32,42.34,0.05,1.425603
1491,double_dqn,3,48.9053,10.78,18563,cpu,15,122,148.74,0.05,1.423817
1492,double_dqn,3,48.9803,11.02,18563,cpu,20,193,200.88,0.05,0.804551
1493,double_dqn,3,49.0252,10.96,18563,cpu,20,117,197.64,0.05,0.545442
1494,double_dqn,3,49.0804,11.04,18563,cpu,16,143,159.94,0.05,0.547071
1495,double_dqn,3,49.1264,11.02,18563,cpu,17,120,167.58,0.05,0.636212
1496,double_dqn,3,49.1494,10.9,18563,cpu,7,59,64.39,0.05,1.308366
1497,double_dqn,3,49.1902,11.14,18563,cpu,13,105,126.39,0.05,0.648588
1498,double_dqn,3,49.2216,11.28,18563,cpu,8,81,76.08,0.05,0.793682
1499,double_dqn,3,49.2488,11.0,18563,cpu,9,71,85.09,0.05,1.267184
1500,double_dqn,3,49.2549,10.82,18563,cpu,2,16,10.57,0.05,1.595935
1501,double_dqn,3,49.3425,10.98,18563,cpu,21,228,212.74,0.05,1.271973
1502,double_dqn,3,49.3825,11.06,18563,cpu,13,104,125.1,0.05,0.759697
1503,double_dqn,3,49.4142,11.18,18563,cpu,11,82,105.3,0.05,0.843912
1504,double_dqn,3,49.4848,11.4,18563,cpu,25,184,251.42,0.05,1.40187
1505,double_dqn,3,49.5144,11.56,18563,cpu,10,76,94.85,0.05,1.127298
1506,double_dqn,3,49.555,11.66,18563,cpu,12,102,116.81,0.05,1.246671
1507,double_dqn,3,49.6088,11.48,18563,cpu,13,135,128.29,0.05,1.091089
1508,double_dqn,3,49.6187,11.5,18563,cpu,3,25,21.29,0.05,0.746485
1509,double_dqn,3,49.6455,11.7,18563,cpu,10,67,94.84,0.05,1.06917
1510,double_dqn,3,49.6643,11.46,18563,cpu,4,46,33.49,0.05,1.236829
1511,double_dqn,3,49.738,11.82,18563,cpu,20,185,199.96,0.05,1.29967
1512,double_dqn,3,49.778,11.78,18563,cpu,13,101,126.83,0.05,0.641679
1513,double_dqn,3,49.8352,11.8,18563,cpu,20,143,200.98,0.05,1.125227
1514,double_dqn,3,49.8858,11.72,18563,cpu,18,127,176.92,0.05,1.452477
1515,double_dqn,3,49.9758,12.06,18563,cpu,22,224,221.89,0.05,1.662966
1516,double_dqn,3,50.0325,12.24,18563,cpu,18,142,178.67,0.05,1.428817
1517,double_dqn,3,50.08,12.36,18563,cpu,15,119,145.67,0.05,0.986692
1518,double_dqn,3,50.1492,12.52,18563,cpu,20,173,202.48,0.05,0.677913
1519,double_dqn,3,50.1854,12.52,18563,cpu,12,91,116.22,0.05,1.019048
1520,double_dqn,3,50.2347,12.5,18563,cpu,14,123,138.52,0.05,1.232896
1521,double_dqn,3,50.2772,12.56,18563,cpu,13,106,125.48,0.05,1.475819
1522,double_dqn,3,50.3253,12.66,18563,cpu,12,120,117.43,0.05,1.123047
1523,double_dqn,3,50.329,12.48,18563,cpu,1,9,0.63,0.05,0.83741
1524,double_dqn,3,50.369,12.5,18563,cpu,12,101,116.12,0.05,0.191221
1525,double_dqn,3,50.3829,12.22,18563,cpu,4,35,32.7,0.05,1.568587
1526,double_dqn,3,50.3924,11.9,18563,cpu,2,24,11.89,0.05,0.890229
1527,double_dqn,3,50.4383,11.98,18563,cpu,12,115,117.78,0.05,0.574285
1528,double_dqn,3,50.4489,11.88,18563,cpu,2,26,11.67,0.05,0.509884
1529,double_dqn,3,50.4576,11.88,18563,cpu,2,22,10.51,0.05,0.657066
1530,double_dqn,3,50.5073,12.06,18563,cpu,18,124,177.25,0.05,0.540392
1531,double_dqn,3,50.5531,12.16,18563,cpu,13,115,127.49,0.05,1.648677
1532,double_dqn,3,50.5887,12.34,18563,cpu,11,92,106.2,0.05,1.320864
1533,double_dqn,3,50.6122,12.08,18563,cpu,7,61,64.37,0.05,1.024939
1534,double_dqn,3,50.669,12.12,18563,cpu,15,146,149.9,0.05,1.562631
1535,double_dqn,3,50.6927,11.92,18563,cpu,9,61,83.39,0.05,1.375405
1536,double_dqn,3,50.7191,11.8,18563,cpu,9,69,82.91,0.05,0.878539
1537,double_dqn,3,50.7736,12.02,18563,cpu,17,142,168.36,0.05,0.977696
1538,double_dqn,3,50.8041,11.9,18563,cpu,10,79,95.72,0.05,1.484488
1539,double_dqn,3,50.8223,12.04,18563,cpu,7,47,63.31,0.05,1.524893
1540,double_dqn,3,50.8595,12.2,18563,cpu,13,97,126.27,0.05,0.537651
1541,double_dqn,3,50.8962,12.1,18563,cpu,10,95,97.16,0.05,1.236457
1542,double_dqn,3,50.9002,11.72,18563,cpu,1,10,0.52,0.05,1.9441
1543,double_dqn,3,50.963,11.68,18563,cpu,18,161,176.98,0.05,1.451665
1544,double_dqn,3,51.0012,11.64,18563,cpu,14,99,136.56,0.05,0.646909
1545,double_dqn,3,51.0311,11.48,18563,cpu,9,78,84.52,0.05,0.529981
1546,double_dqn,3,51.0828,11.66,18563,cpu,16,134,156.93,0.05,1.327152
1547,double_dqn,3,51.1434,11.76,18563,cpu,18,158,179.71,0.05,1.014768
1548,double_dqn,3,51.1779,11.84,18563,cpu,12,88,115.95,0.05,1.101692
1549,double_dqn,3,51.202,11.8,18563,cpu,7,63,64.75,0.05,1.017315
1550,double_dqn,3,51.2362,11.98,18563,cpu,11,89,105.13,0.05,2.10677
1551,double_dqn,3,51.2672,11.78,18563,cpu,11,80,103.72,0.05,1.098212
1552,double_dqn,3,51.2844,11.64,18563,cpu,6,44,53.33,0.05,1.369104
1553,double_dqn,3,51.3033,11.56,18563,cpu,7,49,63.09,0.05,0.876315
1554,double_dqn,3,51.3306,11.22,18563,cpu,8,71,74.38,0.05,2.174059
1555,double_dqn,3,51.3732,11.32,18563,cpu,15,111,147.35,0.05,1.187915
1556,double_dqn,3,51.4293,11.4,18563,cpu,16,145,158.72,0.05,1.43166
1557,double_dqn,3,51.4813,11.46,18563,cpu,16,135,158.62,0.05,1.034009
1558,double_dqn,3,51.5052,11.54,18563,cpu,7,62,64.66,0.05,1.781889
1559,double_dqn,3,51.5668,11.74,18563,cpu,20,160,200.91,0.05,1.416186
1560,double_dqn,3,51.597,11.84,18563,cpu,9,79,85.81,0.05,0.625129
1561,double_dqn,3,51.6154,11.56,18563,cpu,6,48,53.29,0.05,1.52015
1562,double_dqn,3,51.6278,11.36,18563,cpu,3,32,20.92,0.05,0.852355
1563,double_dqn,3,51.6389,11.04,18563,cpu,4,29,31.96,0.05,0.733161
1564,double_dqn,3,51.6535,10.8,18563,cpu,6,38,52.59,0.05,1.595051
1565,double_dqn,3,51.7015,10.62,18563,cpu,13,124,126.7,0.05,1.168057
1566,double_dqn,3,51.7604,10.6,18563,cpu,17,153,168.95,0.05,1.490672
1567,double_dqn,3,51.7709,10.36,18563,cpu,3,27,22.07,0.05,1.331747
1568,double_dqn,3,51.8095,10.24,18563,cpu,14,101,135.94,0.05,1.653939
1569,double_dqn,3,51.8554,10.28,18563,cpu,14,120,137.45,0.05,1.369451
1570,double_dqn,3,51.8831,10.18,18563,cpu,9,72,83.18,0.05,1.651701
1571,double_dqn,3,51.9163,10.12,18563,cpu,10,86,95.35,0.05,0.91034
1572,double_dqn,3,51.9747,10.32,18563,cpu,22,149,219.14,0.05,0.956024
1573,double_dqn,3,52.001,10.48,18563,cpu,9,69,85.11,0.05,0.824558
1574,double_dqn,3,52.0277,10.52,18563,cpu,14,69,134.86,0.05,1.789523
1575,double_dqn,3,52.0862,10.8,18563,cpu,18,153,180.46,0.05,1.778916
1576,double_dqn,3,52.0887,10.76,18563,cpu,0,6,-9.55,0.05,0.711711
1577,double_dqn,3,52.1228,10.76,18563,cpu,12,88,116.55,0.05,1.490359
1578,double_dqn,3,52.1423,10.84,18563,cpu,6,50,53.47,0.05,1.790541
1579,double_dqn,3,52.2035,11.18,18563,cpu,19,156,189.04,0.05,1.806847
1580,double_dqn,3,52.2558,11.16,18563,cpu,17,135,168.33,0.05,1.257583
1581,double_dqn,3,52.3159,11.24,18563,cpu,17,155,170.33,0.05,2.327902
1582,double_dqn,3,52.355,11.26,18563,cpu,12,92,116.51,0.05,0.848999
1583,double_dqn,3,52.3855,11.34,18563,cpu,11,73,104.49,0.05,1.163919
1584,double_dqn,3,52.4125,11.24,18563,cpu,10,63,94.48,0.05,0.92116
1585,double_dqn,3,52.42,11.06,18563,cpu,0,18,-11.07,0.05,0.396383
1586,double_dqn,3,52.4509,11.08,18563,cpu,10,73,95.18,0.05,0.844953
1587,double_dqn,3,52.4931,10.98,18563,cpu,12,104,117.19,0.05,1.077047
1588,double_dqn,3,52.5241,11.0,18563,cpu,11,79,105.03,0.05,0.75038
1589,double_dqn,3,52.5741,11.22,18563,cpu,18,129,178.7,0.05,0.825907
1590,double_dqn,3,52.6545,11.48,18563,cpu,26,204,263.93,0.05,1.625025
1591,double_dqn,3,52.6754,11.4,18563,cpu,6,53,53.74,0.05,1.544994
1592,double_dqn,3,52.6954,11.56,18563,cpu,9,52,82.38,0.05,1.818745
1593,double_dqn,3,52.7264,11.42,18563,cpu,11,81,105.81,0.05,1.296498
1594,double_dqn,3,52.7454,11.26,18563,cpu,6,49,53.18,0.05,0.6146
1595,double_dqn,3,52.7575,11.16,18563,cpu,4,31,32.14,0.05,1.1262
1596,double_dqn,3,52.7767,10.96,18563,cpu,6,50,53.27,0.05,0.423446
1597,double_dqn,3,52.8188,10.9,18563,cpu,15,109,145.37,0.05,0.674394
1598,double_dqn,3,52.8428,10.82,18563,cpu,8,62,74.37,0.05,0.654848
1599,double_dqn,3,52.8852,10.94,18563,cpu,13,109,125.55,0.05,0.983246
1600,double_dqn,3,52.904,10.84,18563,cpu,6,49,53.58,0.05,1.344227
1601,double_dqn,3,52.9393,10.82,18563,cpu,10,91,95.6,0.05,1.382016
1602,double_dqn,3,52.9616,10.88,18563,cpu,9,57,84.23,0.05,0.875837
1603,double_dqn,3,53.0075,11.0,18563,cpu,13,119,126.65,0.05,0.735385
1604,double_dqn,3,53.0478,11.06,18563,cpu,11,104,105.48,0.05,1.293532
1605,double_dqn,3,53.0699,10.9,18563,cpu,7,58,63.9,0.05,1.495902
1606,double_dqn,3,53.0742,10.6,18563,cpu,1,11,0.81,0.05,0.821274
1607,double_dqn,3,53.0977,10.42,18563,cpu,7,61,64.17,0.05,1.317003
1608,double_dqn,3,53.1168,10.42,18563,cpu,7,50,63.38,0.05,2.130351
1609,double_dqn,3,53.1416,10.16,18563,cpu,7,64,65.04,0.05,1.586928
1610,double_dqn,3,53.1474,10.0,18563,cpu,1,15,1.17,0.05,1.275234
1611,double_dqn,3,53.1783,10.04,18563,cpu,8,79,75.7,0.05,1.938675
1612,double_dqn,3,53.2558,10.46,18563,cpu,24,200,240.55,0.05,0.367701
1613,double_dqn,3,53.3235,10.76,18563,cpu,19,176,189.44,0.05,0.945763
1614,double_dqn,3,53.3951,11.04,18563,cpu,20,186,202.45,0.05,0.936059
1615,double_dqn,3,53.4324,10.98,18563,cpu,10,97,95.54,0.05,0.623398
1616,double_dqn,3,53.4423,10.7,18563,cpu,3,26,21.98,0.05,1.68462
1617,double_dqn,3,53.5066,11.04,18563,cpu,20,167,199.94,0.05,0.517003
1618,double_dqn,3,53.5655,11.22,18563,cpu,23,147,229.47,0.05,0.424846
1619,double_dqn,3,53.5826,11.02,18563,cpu,4,43,32.82,0.05,1.25298
1620,double_dqn,3,53.6573,11.36,18563,cpu,26,187,262.6,0.05,1.314386
1621,double_dqn,3,53.7149,11.54,18563,cpu,19,144,189.36,0.05,0.926227
1622,double_dqn,3,53.7475,11.34,18563,cpu,12,81,115.92,0.05,0.568231
1623,double_dqn,3,53.8031,11.46,18563,cpu,15,139,149.47,0.05,2.301748
1624,double_dqn,3,53.8635,11.56,18563,cpu,19,151,188.99,0.05,0.657771
1625,double_dqn,3,53.8912,11.36,18563,cpu,8,69,75.2,0.05,0.633061
1626,double_dqn,3,53.9479,11.74,18563,cpu,19,142,189.98,0.05,0.851318
1627,double_dqn,3,54.0067,11.82,18563,cpu,16,146,159.61,0.05,0.831308
1628,double_dqn,3,54.0446,11.92,18563,cpu,11,95,104.27,0.05,1.03038
1629,double_dqn,3,54.0676,11.74,18563,cpu,10,57,93.54,0.05,1.178848
1630,double_dqn,3,54.1184,11.72,18563,cpu,16,127,158.7,0.05,0.572146
1631,double_dqn,3,54.1622,11.6,18563,cpu,11,109,106.33,0.05,0.794742
1632,double_dqn,3,54.2109,11.64,18563,cpu,14,122,137.23,0.05,1.551691
1633,double_dqn,3,54.2435,11.68,18563,cpu,13,81,125.43,0.05,1.256385
1634,double_dqn,3,54.291,11.84,18563,cpu,18,117,176.82,0.05,1.258211
1635,double_dqn,3,54.3538,12.2,18563,cpu,18,158,178.51,0.05,1.257594
1636,double_dqn,3,54.4103,12.34,18563,cpu,17,141,169.27,0.05,1.018831
1637,double_dqn,3,54.4779,12.5,18563,cpu,20,168,201.23,0.05,1.856243
1638,double_dqn,3,54.5191,12.5,18563,cpu,11,104,107.68,0.05,0.291205
1639,double_dqn,3,54.5283,12.22,18563,cpu,4,23,31.62,0.05,1.319307
1640,double_dqn,3,54.5722,11.9,18563,cpu,10,112,97.69,0.05,1.157975
1641,double_dqn,3,54.6075,12.0,18563,cpu,11,92,106.0,0.05,1.107746
1642,double_dqn,3,54.632,11.96,18563,cpu,7,63,64.35,0.05,1.577933
1643,double_dqn,3,54.6683,11.94,18563,cpu,10,92,96.89,0.05,1.911702
1644,double_dqn,3,54.6726,11.84,18563,cpu,1,11,0.61,0.05,0.476007
1645,double_dqn,3,54.7194,12.06,18563,cpu,15,122,147.14,0.05,1.065547
1646,double_dqn,3,54.7691,12.28,18563,cpu,17,129,168.39,0.05,1.118245
1647,double_dqn,3,54.7746,12.04,18563,cpu,3,14,20.5,0.05,1.223663
1648,double_dqn,3,54.7831,11.94,18563,cpu,3,22,21.62,0.05,1.018269
1649,double_dqn,3,54.8234,11.94,18563,cpu,13,104,125.7,0.05,1.291927
1650,double_dqn,3,54.8519,12.02,18563,cpu,10,74,94.87,0.05,1.230764
1651,double_dqn,3,54.8922,12.08,18563,cpu,13,104,127.3,0.05,0.645791
1652,double_dqn,3,54.9395,12.14,18563,cpu,12,122,117.61,0.05,0.734154
1653,double_dqn,3,54.9501,11.92,18563,cpu,2,27,11.96,0.05,1.382785
1654,double_dqn,3,54.9731,11.84,18563,cpu,7,59,63.99,0.05,1.313598
1655,double_dqn,3,54.9981,11.88,18563,cpu,9,65,84.35,0.05,1.649334
1656,double_dqn,3,55.0667,12.24,18563,cpu,19,179,191.31,0.05,1.584904
1657,double_dqn,3,55.0892,12.22,18563,cpu,6,59,54.48,0.05,1.122511
1658,double_dqn,3,55.1089,12.22,18563,cpu,7,51,63.27,0.05,1.010081
1659,double_dqn,3,55.1562,12.38,18563,cpu,15,121,147.45,0.05,0.838692
1660,double_dqn,3,55.2027,12.7,18563,cpu,17,121,166.27,0.05,1.190041
1661,double_dqn,3,55.2458,12.86,18563,cpu,16,112,157.95,0.05,1.211196
1662,double_dqn,3,55.3039,12.72,18563,cpu,17,151,168.57,0.05,1.144047
1663,double_dqn,3,55.3253,12.48,18563,cpu,7,56,63.32,0.05,0.775297
1664,double_dqn,3,55.3361,12.16,18563,cpu,4,28,32.07,0.05,0.76661
1665,double_dqn,3,55.4008,12.34,18563,cpu,19,169,188.21,0.05,1.507144
1666,double_dqn,3,55.4553,12.6,18563,cpu,16,144,157.63,0.05,0.828673
1667,double_dqn,3,55.485,12.44,18563,cpu,12,77,113.76,0.05,1.637596
1668,double_dqn,3,55.5088,12.12,18563,cpu,7,62,64.46,0.05,0.918974
1669,double_dqn,3,55.5812,12.46,18563,cpu,21,189,209.03,0.05,2.177485
1670,double_dqn,3,55.5953,12.06,18563,cpu,6,36,52.41,0.05,0.815399
1671,double_dqn,3,55.6107,11.78,18563,cpu,5,41,41.95,0.05,0.411887
1672,double_dqn,3,55.6374,11.72,18563,cpu,9,70,84.8,0.05,0.748039
1673,double_dqn,3,55.678,11.66,18563,cpu,12,104,116.79,0.05,1.284439
1674,double_dqn,3,55.7081,11.5,18563,cpu,11,78,105.54,0.05,1.156424
1675,double_dqn,3,55.7423,11.6,18563,cpu,13,88,125.86,0.05,1.682432
1676,double_dqn,3,55.7754,11.48,18563,cpu,13,86,125.48,0.05,1.133066
1677,double_dqn,3,55.8501,11.58,18563,cpu,21,194,211.48,0.05,1.447112
1678,double_dqn,3,55.9019,11.68,18563,cpu,16,135,158.02,0.05,1.373749
1679,double_dqn,3,55.9072,11.52,18563,cpu,2,14,10.99,0.05,0.545597
1680,double_dqn,3,55.918,11.3,18563,cpu,5,28,41.98,0.05,1.053271
1681,double_dqn,3,55.9393,11.2,18563,cpu,6,54,52.83,0.05,1.599
1682,double_dqn,3,55.9598,11.02,18563,cpu,5,53,43.63,0.05,2.044484
1683,double_dqn,3,56.0084,11.1,18563,cpu,17,125,168.03,0.05,0.795735
1684,double_dqn,3,56.0656,11.12,18563,cpu,19,150,189.7,0.05,1.659922
1685,double_dqn,3,56.0727,10.82,18563,cpu,3,18,21.26,0.05,0.530335
1686,double_dqn,3,56.1001,10.68,18563,cpu,10,71,94.6,0.05,1.416228
1687,double_dqn,3,56.1562,10.66,18563,cpu,19,146,190.54,0.05,1.599469
1688,double_dqn,3,56.1828,10.62,18563,cpu,9,69,84.11,0.05,1.597151
1689,double_dqn,3,56.2151,10.74,18563,cpu,10,85,94.26,0.05,0.923065
1690,double_dqn,3,56.228,10.64,18563,cpu,5,34,42.32,0.05,0.441985
1691,double_dqn,3,56.3351,11.04,18563,cpu,31,280,316.92,0.05,1.44351
1692,double_dqn,3,56.407,11.34,18563,cpu,22,187,220.96,0.05,1.700712
1693,double_dqn,3,56.4305,11.28,18563,cpu,7,61,63.97,0.05,0.842595
1694,double_dqn,3,56.4339,11.28,18563,cpu,1,9,0.63,0.05,0.854567
1695,double_dqn,3,56.4925,11.34,18563,cpu,18,152,178.77,0.05,2.129237
1696,double_dqn,3,56.5313,11.24,18563,cpu,12,101,117.12,0.05,1.367364
1697,double_dqn,3,56.5836,11.54,18563,cpu,18,136,178.53,0.05,2.116963
1698,double_dqn,3,56.5868,11.5,18563,cpu,1,8,0.54,0.05,1.657557
1699,double_dqn,3,56.6165,11.42,18563,cpu,9,77,85.43,0.05,2.040811
1700,double_dqn,3,56.6204,11.26,18563,cpu,2,10,10.63,0.05,1.634802
1701,double_dqn,3,56.6787,11.36,18563,cpu,18,149,179.7,0.05,0.381023
1702,double_dqn,3,56.6954,11.22,18563,cpu,5,44,43.42,0.05,1.535773
1703,double_dqn,3,56.7159,11.34,18563,cpu,8,55,73.74,0.05,0.994234
1704,double_dqn,3,56.7603,11.46,18563,cpu,13,116,126.78,0.05,1.965012
1705,double_dqn,3,56.7631,11.28,18563,cpu,0,7,-9.46,0.05,1.017021
1706,double_dqn,3,56.8037,11.2,18563,cpu,15,107,146.99,0.05,0.799713
1707,double_dqn,3,56.8187,11.16,18563,cpu,4,39,33.06,0.05,1.118569
1708,double_dqn,3,56.8257,11.06,18563,cpu,2,18,11.35,0.05,0.824592
1709,double_dqn,3,56.886,11.14,18563,cpu,19,157,188.93,0.05,2.275597
1710,double_dqn,3,56.9215,11.04,18563,cpu,12,93,116.0,0.05,1.432667
1711,double_dqn,3,57.0007,11.14,18563,cpu,21,204,210.98,0.05,0.961866
1712,double_dqn,3,57.0183,10.92,18563,cpu,6,46,53.31,0.05,1.297423
1713,double_dqn,3,57.0816,11.26,18563,cpu,24,164,239.51,0.05,0.917478
1714,double_dqn,3,57.1185,11.42,18563,cpu,12,95,117.18,0.05,0.802918
1715,double_dqn,3,57.1369,11.16,18563,cpu,6,48,53.49,0.05,0.957206
1716,double_dqn,3,57.1588,11.02,18563,cpu,9,56,83.54,0.05,0.760618
1717,double_dqn,3,57.1958,10.98,18563,cpu,10,96,96.65,0.05,0.911063
1718,double_dqn,3,57.2122,11.0,18563,cpu,8,43,72.86,0.05,0.403089
1719,double_dqn,3,57.2696,10.96,18563,cpu,19,149,189.81,0.05,1.479815
1720,double_dqn,3,57.3248,11.18,18563,cpu,17,143,169.85,0.05,0.656198
1721,double_dqn,3,57.3358,11.14,18563,cpu,3,29,22.05,0.05,1.002493
1722,double_dqn,3,57.3627,11.12,18563,cpu,8,70,75.09,0.05,0.933387
1723,double_dqn,3,57.3889,11.04,18563,cpu,8,68,75.31,0.05,1.522638
1724,double_dqn,3,57.4398,11.14,18563,cpu,16,133,158.64,0.05,0.812919
1725,double_dqn,3,57.4468,10.96,18563,cpu,4,18,30.97,0.05,1.74844
1726,double_dqn,3,57.4819,10.92,18563,cpu,11,92,106.4,0.05,0.982094
1727,double_dqn,3,57.512,10.68,18563,cpu,9,79,85.41,0.05,1.411661
1728,double_dqn,3,57.5232,10.44,18563,cpu,4,28,31.87,0.05,1.572924
1729,double_dqn,3,57.6084,10.9,18563,cpu,25,213,251.23,0.05,0.936086
1730,double_dqn,3,57.6606,11.12,18563,cpu,16,131,156.86,0.05,1.851095
1731,double_dqn,3,57.6818,11.14,18563,cpu,7,53,63.65,0.05,0.865829
1732,double_dqn,3,57.6894,11.1,18563,cpu,3,19,21.15,0.05,1.417525
1733,double_dqn,3,57.7188,10.96,18563,cpu,10,74,93.87,0.05,0.77996
1734,double_dqn,3,57.7844,11.0,18563,cpu,21,165,209.87,0.05,1.166383
1735,double_dqn,3,57.8049,11.12,18563,cpu,9,51,83.69,0.05,0.587072
1736,double_dqn,3,57.817,10.98,18563,cpu,3,30,22.34,0.05,1.300702
1737,double_dqn,3,57.8425,10.76,18563,cpu,8,64,74.55,0.05,1.393921
1738,double_dqn,3,57.875,10.78,18563,cpu,10,81,95.5,0.05,0.376943
1739,double_dqn,3,57.9253,10.9,18563,cpu,16,126,159.61,0.05,0.983727
1740,double_dqn,3,57.9461,10.98,18563,cpu,9,52,83.78,0.05,1.585135
1741,double_dqn,3,58.001,10.76,18563,cpu,20,137,198.84,0.05,0.647497
1742,double_dqn,3,58.0088,10.4,18563,cpu,4,19,31.26,0.05,1.201358
1743,double_dqn,3,58.0423,10.46,18563,cpu,10,84,95.37,0.05,1.126506
1744,double_dqn,3,58.0546,10.5,18563,cpu,3,31,22.23,0.05,0.93512
1745,double_dqn,3,58.0826,10.34,18563,cpu,10,69,94.02,0.05,0.214577
1746,double_dqn,3,58.1223,10.36,18563,cpu,13,98,125.56,0.05,0.79471
1747,double_dqn,3,58.143,10.2,18563,cpu,10,52,93.09,0.05,1.398354
1748,double_dqn,3,58.1544,10.24,18563,cpu,3,29,22.05,0.05,1.002218
1749,double_dqn,3,58.2283,10.44,18563,cpu,19,185,194.05,0.05,1.467384
1750,double_dqn,3,58.2862,10.78,18563,cpu,19,144,187.76,0.05,0.928319
1751,double_dqn,3,58.3641,10.88,18563,cpu,23,195,230.79,0.05,1.111474
1752,double_dqn,3,58.4778,11.38,18563,cpu,30,285,304.66,0.05,0.985795
1753,double_dqn,3,58.5512,11.72,18563,cpu,25,183,249.93,0.05,1.738791
1754,double_dqn,3,58.5844,11.7,18563,cpu,12,86,116.37,0.05,1.244348
1755,double_dqn,3,58.6685,12.16,18563,cpu,23,215,232.19,0.05,1.811892
1756,double_dqn,3,58.709,12.12,18563,cpu,13,105,126.99,0.05,0.631463
1757,double_dqn,3,58.7278,12.16,18563,cpu,6,49,53.18,0.05,0.821372
1758,double_dqn,3,58.7493,12.3,18563,cpu,9,55,83.85,0.05,1.231133
1759,double_dqn,3,58.7954,12.22,18563,cpu,15,121,147.45,0.05,1.40654
1760,double_dqn,3,58.8775,12.46,18563,cpu,24,214,243.01,0.05,1.00137
1761,double_dqn,3,58.9225,12.3,18563,cpu,13,116,128.18,0.05,1.185467
1762,double_dqn,3,58.9458,12.38,18563,cpu,10,59,93.32,0.05,1.531314
1763,double_dqn,3,59.0174,12.48,18563,cpu,29,184,291.66,0.05,1.142833
1764,double_dqn,3,59.0321,12.36,18563,cpu,6,38,52.39,0.05,1.208317
1765,double_dqn,3,59.0925,12.6,18563,cpu,18,156,178.93,0.05,0.794197
1766,double_dqn,3,59.1018,12.52,18563,cpu,5,24,41.42,0.05,0.687825
1767,double_dqn,3,59.135,12.54,18563,cpu,11,87,105.95,0.05,1.797081
1768,double_dqn,3,59.1569,12.52,18563,cpu,7,56,64.12,0.05,0.584133
1769,double_dqn,3,59.1878,12.36,18563,cpu,11,80,105.52,0.05,0.475639
1770,double_dqn,3,59.2035,12.12,18563,cpu,5,41,42.95,0.05,1.693831
1771,double_dqn,3,59.2108,12.1,18563,cpu,2,19,11.24,0.05,1.094749
1772,double_dqn,3,59.2892,12.4,18563,cpu,23,203,234.51,0.05,1.040555
1773,double_dqn,3,59.3021,12.3,18563,cpu,3,34,22.1,0.05,1.066426
1774,double_dqn,3,59.3189,12.08,18563,cpu,5,44,42.62,0.05,1.285314
1775,double_dqn,3,59.3223,12.02,18563,cpu,1,9,0.43,0.05,0.933303
1776,double_dqn,3,59.3296,11.84,18563,cpu,2,19,10.04,0.05,1.664945
1777,double_dqn,3,59.4078,12.22,18563,cpu,28,203,282.46,0.05,1.130551
1778,double_dqn,3,59.4596,12.46,18563,cpu,16,136,158.11,0.05,0.801683
1779,double_dqn,3,59.499,12.24,18563,cpu,14,102,137.43,0.05,1.090376
1780,double_dqn,3,59.543,12.16,18563,cpu,12,115,117.58,0.05,1.209657
1781,double_dqn,3,59.5742,12.2,18563,cpu,9,81,84.39,0.05,0.983827
1782,double_dqn,3,59.6119,12.34,18563,cpu,10,99,97.32,0.05,2.169166
1783,double_dqn,3,59.6743,12.58,18563,cpu,22,160,218.93,0.05,1.676806
1784,double_dqn,3,59.7796,12.74,18563,cpu,29,276,294.54,0.05,0.868724
1785,double_dqn,3,59.7889,12.62,18563,cpu,3,24,21.8,0.05,0.719052
1786,double_dqn,3,59.8043,12.62,18563,cpu,3,40,23.04,0.05,1.328347
1787,double_dqn,3,59.8638,12.88,18563,cpu,21,154,209.68,0.05,1.642133
1788,double_dqn,3,59.9118,12.98,18563,cpu,15,125,149.61,0.05,1.315654
1789,double_dqn,3,60.0065,13.16,18563,cpu,25,244,253.42,0.05,1.636422
1790,double_dqn,3,60.0375,13.18,18563,cpu,10,81,95.5,0.05,1.469908
1791,double_dqn,3,60.07,12.96,18563,cpu,9,84,82.66,0.05,0.733109
1792,double_dqn,3,60.0734,12.9,18563,cpu,1,9,0.63,0.05,0.976428
1793,double_dqn,3,60.1067,12.92,18563,cpu,11,87,106.15,0.05,1.859763
1794,double_dqn,3,60.1558,13.18,18563,cpu,16,126,157.81,0.05,1.998588
1795,double_dqn,3,60.1645,13.04,18563,cpu,3,22,21.62,0.05,1.691652
1796,double_dqn,3,60.1745,12.84,18563,cpu,3,26,21.58,0.05,1.453437
1797,double_dqn,3,60.2029,12.8,18563,cpu,8,74,74.25,0.05,1.329371
1798,double_dqn,3,60.2321,12.98,18563,cpu,12,75,115.58,0.05,1.82831
1799,double_dqn,3,60.2475,12.7,18563,cpu,5,40,42.66,0.05,0.740803
1800,double_dqn,3,60.2716,12.48,18563,cpu,8,63,74.26,0.05,1.70482
1801,double_dqn,3,60.307,12.26,18563,cpu,12,92,116.31,0.05,0.618717
1802,double_dqn,3,60.3177,11.74,18563,cpu,4,28,32.07,0.05,0.733295
1803,double_dqn,3,60.3981,11.56,18563,cpu,16,210,159.17,0.05,0.195594
1804,double_dqn,3,60.458,11.7,18563,cpu,19,156,190.04,0.05,1.830585
1805,double_dqn,3,60.5494,11.76,18563,cpu,26,237,263.1,0.05,1.132958
1806,double_dqn,3,60.6078,11.88,18563,cpu,19,153,187.97,0.05,0.433398
1807,double_dqn,3,60.6437,11.98,18563,cpu,11,93,106.29,0.05,1.289833
1808,double_dqn,3,60.6548,11.86,18563,cpu,3,28,22.16,0.05,2.002164
1809,double_dqn,3,60.6969,11.92,18563,cpu,18,108,176.81,0.05,1.33532
1810,double_dqn,3,60.7346,11.7,18563,cpu,13,98,127.36,0.05,1.196113
1811,double_dqn,3,60.7643,11.66,18563,cpu,11,77,105.65,0.05,1.908678
1812,double_dqn,3,60.8048,11.74,18563,cpu,14,105,137.1,0.05,1.227316
1813,double_dqn,3,60.843,11.42,18563,cpu,13,100,126.14,0.05,0.359752
1814,double_dqn,3,60.866,11.44,18563,cpu,7,60,64.28,0.05,0.912268
1815,double_dqn,3,60.8889,11.26,18563,cpu,9,59,83.41,0.05,0.93783
1816,double_dqn,3,60.9163,11.3,18563,cpu,7,72,64.96,0.05,0.88692
1817,double_dqn,3,60.9797,11.4,18563,cpu,16,164,158.23,0.05,0.891085
1818,double_dqn,3,60.991,11.32,18563,cpu,3,29,22.25,0.05,0.733161
1819,double_dqn,3,61.0386,11.4,18563,cpu,15,123,147.23,0.05,1.235263
1820,double_dqn,3,61.0776,11.54,18563,cpu,12,102,117.01,0.05,1.015848
1821,double_dqn,3,61.1249,11.8,18563,cpu,15,122,148.14,0.05,0.708017
1822,double_dqn,3,61.1669,11.66,18563,cpu,16,109,157.48,0.05,1.347325
1823,double_dqn,3,61.1861,11.76,18563,cpu,8,50,73.49,0.05,0.995719
1824,double_dqn,3,61.2018,11.78,18563,cpu,6,41,52.86,0.05,1.139471
1825,double_dqn,3,61.2087,11.8,18563,cpu,2,18,10.95,0.05,1.03547
1826,double_dqn,3,61.2412,11.94,18563,cpu,9,85,84.55,0.05,1.019522
1827,double_dqn,3,61.3227,11.86,18563,cpu,24,211,242.94,0.05,1.255861
1828,double_dqn,3,61.3285,11.58,18563,cpu,2,15,11.08,0.05,0.972808
1829,double_dqn,3,61.3458,11.42,18563,cpu,6,45,53.02,0.05,0.886228
1830,double_dqn,3,61.3919,11.46,18563,cpu,14,120,137.05,0.05,1.734471
1831,double_dqn,3,61.4119,11.42,18563,cpu,7,52,63.96,0.05,0.93018
1832,double_dqn,3,61.4222,11.28,18563,cpu,3,27,21.87,0.05,0.543822
1833,double_dqn,3,61.4481,11.06,18563,cpu,11,67,104.75,0.05,1.46638
1834,double_dqn,3,61.4767,10.68,18563,cpu,10,74,95.67,0.05,2.165781
1835,double_dqn,3,61.5439,11.0,18563,cpu,19,171,191.59,0.05,0.683616
1836,double_dqn,3,61.5723,11.12,18563,cpu,9,71,84.49,0.05,1.113646
1837,double_dqn,3,61.6296,11.0,18563,cpu,15,145,149.01,0.05,0.699386
1838,double_dqn,3,61.6497,10.84,18563,cpu,7,50,62.58,0.05,1.43494
1839,double_dqn,3,61.6944,10.56,18563,cpu,11,112,106.0,0.05,0.9403
1840,double_dqn,3,61.764,10.7,18563,cpu,17,174,168.44,0.05,1.561288
1841,double_dqn,3,61.8026,10.78,18563,cpu,13,97,127.47,0.05,2.7362
1842,double_dqn,3,61.8661,11.12,18563,cpu,18,159,180.4,0.05,0.572793
1843,double_dqn,3,61.9121,11.1,18563,cpu,10,116,97.25,0.05,1.640763
1844,double_dqn,3,61.9509,11.0,18563,cpu,11,97,106.65,0.05,0.791291
1845,double_dqn,3,61.9759,11.1,18563,cpu,8,63,74.06,0.05,1.919341
1846,double_dqn,3,62.0261,11.34,18563,cpu,15,126,147.9,0.05,1.738516
1847,double_dqn,3,62.0305,11.22,18563,cpu,2,11,10.72,0.05,0.661487
1848,double_dqn,3,62.1015,11.42,18563,cpu,22,177,222.46,0.05,1.603599
1849,double_dqn,3,62.1341,11.54,18563,cpu,11,82,105.5,0.05,0.713545
1850,double_dqn,3,62.1971,11.76,18563,cpu,19,157,189.93,0.05,1.613645
1851,double_dqn,3,62.2383,11.86,18563,cpu,17,103,167.05,0.05,1.078082
1852,double_dqn,3,62.2633,11.92,18563,cpu,7,63,63.55,0.05,0.813049
1853,double_dqn,3,62.2724,11.68,18563,cpu,4,22,30.93,0.05,1.550366
1854,double_dqn,3,62.287,11.36,18563,cpu,3,37,22.97,0.05,1.80518
1855,double_dqn,3,62.3071,10.98,18563,cpu,7,50,63.78,0.05,2.116161
1856,double_dqn,3,62.314,10.64,18563,cpu,2,17,11.26,0.05,1.816953
1857,double_dqn,3,62.3689,10.78,18563,cpu,18,139,179.4,0.05,1.446656
1858,double_dqn,3,62.4229,11.04,18563,cpu,16,134,157.93,0.05,1.085496
1859,double_dqn,3,62.4638,10.94,18563,cpu,13,103,126.81,0.05,0.663467
1860,double_dqn,3,62.6031,11.28,18563,cpu,30,354,308.27,0.05,0.786528
1861,double_dqn,3,62.6348,11.24,18563,cpu,9,82,85.68,0.05,1.239743
1862,double_dqn,3,62.6485,11.04,18563,cpu,4,35,32.5,0.05,0.751594
1863,double_dqn,3,62.6954,11.06,18563,cpu,14,120,139.05,0.05,1.486327
1864,double_dqn,3,62.7225,11.1,18563,cpu,9,70,85.2,0.05,0.688168
1865,double_dqn,3,62.7652,11.2,18563,cpu,14,110,136.75,0.05,0.886202
1866,double_dqn,3,62.7723,11.12,18563,cpu,3,18,21.06,0.05,1.067958
1867,double_dqn,3,62.8104,11.08,18563,cpu,14,100,135.85,0.05,0.586754
1868,double_dqn,3,62.8401,11.24,18563,cpu,11,76,105.56,0.05,1.344169
1869,double_dqn,3,62.8646,11.06,18563,cpu,6,63,54.04,0.05,1.488234
1870,double_dqn,3,62.9048,11.08,18563,cpu,13,104,127.5,0.05,2.356671
1871,double_dqn,3,62.9608,11.06,18563,cpu,14,144,137.41,0.05,0.410027
1872,double_dqn,3,62.9989,11.0,18563,cpu,13,99,126.85,0.05,1.813737
1873,double_dqn,3,63.0016,10.84,18563,cpu,0,7,-9.46,0.05,0.880264
1874,double_dqn,3,63.0058,10.76,18563,cpu,2,11,10.72,0.05,2.103006
1875,double_dqn,3,63.0216,10.86,18563,cpu,7,41,62.77,0.05,0.864599
1876,double_dqn,3,63.0374,10.82,18563,cpu,7,40,62.88,0.05,0.428854
1877,double_dqn,3,63.0541,10.44,18563,cpu,5,43,43.13,0.05,1.070534
1878,double_dqn,3,63.0922,10.68,18563,cpu,14,99,136.76,0.05,1.699476
1879,double_dqn,3,63.101,10.6,18563,cpu,2,23,11.6,0.05,1.590548
1880,double_dqn,3,63.1407,10.56,18563,cpu,12,102,115.61,0.05,1.895835
1881,double_dqn,3,63.19,10.78,18563,cpu,18,126,178.03,0.05,0.408305
1882,double_dqn,3,63.2404,11.06,18563,cpu,17,131,167.57,0.05,0.410138
1883,double_dqn,3,63.2466,10.9,18563,cpu,3,16,21.08,0.05,1.664793
1884,double_dqn,3,63.2664,10.82,18563,cpu,6,52,51.65,0.05,2.172038
1885,double_dqn,3,63.3236,10.8,18563,cpu,18,148,180.21,0.05,1.084722
1886,double_dqn,3,63.3407,10.76,18563,cpu,7,44,62.84,0.05,0.559498
1887,double_dqn,3,63.3913,10.78,18563,cpu,16,131,158.26,0.05,1.573119
1888,double_dqn,3,63.4182,10.82,18563,cpu,9,70,85.2,0.05,0.23131
1889,double_dqn,3,63.4779,10.96,18563,cpu,18,154,179.55,0.05,0.878751
1890,double_dqn,3,63.5265,10.92,18563,cpu,15,126,147.7,0.05,0.531855
1891,double_dqn,3,63.5301,10.7,18563,cpu,2,9,10.54,0.05,1.09651
1892,double_dqn,3,63.5745,10.62,18563,cpu,14,115,137.8,0.05,0.351005
1893,double_dqn,3,63.5799,10.46,18563,cpu,2,14,10.99,0.05,1.177594
1894,double_dqn,3,63.5991,10.36,18563,cpu,6,49,52.18,0.05,1.106301
1895,double_dqn,3,63.6033,10.22,18563,cpu,1,11,0.81,0.05,0.616925
1896,double_dqn,3,63.6168,10.0,18563,cpu,4,35,32.3,0.05,0.473332
1897,double_dqn,3,63.6717,10.32,18563,cpu,18,140,178.49,0.05,0.36458
1898,double_dqn,3,63.7053,10.08,18563,cpu,10,88,94.93,0.05,0.625549
1899,double_dqn,3,63.7423,10.1,18563,cpu,12,97,115.76,0.05,0.820873
1900,double_dqn,3,63.7789,9.94,18563,cpu,11,96,105.36,0.05,1.084222
1901,double_dqn,3,63.784,9.64,18563,cpu,2,13,10.7,0.05,1.873619
1902,double_dqn,3,63.8355,9.8,18563,cpu,15,134,148.22,0.05,0.895083
1903,double_dqn,3,63.8973,10.1,18563,cpu,19,160,192.0,0.05,1.231592
1904,double_dqn,3,63.9506,10.4,18563,cpu,18,137,178.02,0.05,1.67214
1905,double_dqn,3,63.9757,10.4,18563,cpu,7,65,63.73,0.05,0.863606
1906,double_dqn,3,64.0274,10.68,18563,cpu,16,134,158.33,0.05,1.416787
1907,double_dqn,3,64.0409,10.44,18563,cpu,6,35,51.92,0.05,1.489023
1908,double_dqn,3,64.0719,10.28,18563,cpu,8,80,73.19,0.05,1.003322
1909,double_dqn,3,64.0984,10.22,18563,cpu,10,69,94.22,0.05,1.227451
1910,double_dqn,3,64.1291,9.8,18563,cpu,9,80,85.3,0.05,1.588785
1911,double_dqn,3,64.1605,9.82,18563,cpu,10,79,95.72,0.05,1.961884
1912,double_dqn,3,64.197,10.02,18563,cpu,14,95,135.8,0.05,0.864217
1913,double_dqn,3,64.2633,10.12,18563,cpu,19,173,190.77,0.05,0.827188
1914,double_dqn,3,64.2936,10.16,18563,cpu,11,79,106.03,0.05,0.102892
1915,double_dqn,3,64.3451,10.28,18563,cpu,20,133,199.48,0.05,1.430063
1916,double_dqn,3,64.3665,10.38,18563,cpu,8,56,73.63,0.05,0.212077
1917,double_dqn,3,64.3734,10.14,18563,cpu,2,18,10.95,0.05,1.128403
1918,double_dqn,3,64.3849,10.0,18563,cpu,4,30,32.25,0.05,0.562828
1919,double_dqn,3,64.4348,10.16,18563,cpu,14,129,138.86,0.05,1.427101
1920,double_dqn,3,64.4674,10.18,18563,cpu,14,84,134.41,0.05,0.621163
1921,double_dqn,3,64.5284,10.32,18563,cpu,21,158,210.44,0.05,1.35301
1922,double_dqn,3,64.5361,10.14,18563,cpu,4,20,30.95,0.05,1.084144
1923,double_dqn,3,64.558,10.28,18563,cpu,7,56,63.92,0.05,0.572876
1924,double_dqn,3,64.5985,10.46,18563,cpu,11,105,107.97,0.05,0.630815
1925,double_dqn,3,64.6363,10.52,18563,cpu,10,98,96.63,0.05,2.310231
1926,double_dqn,3,64.692,10.76,18563,cpu,19,143,189.07,0.05,0.596516
1927,double_dqn,3,64.7034,10.7,18563,cpu,2,30,12.23,0.05,1.30432
1928,double_dqn,3,64.7177,10.5,18563,cpu,4,37,32.68,0.05,1.158494
1929,double_dqn,3,64.7354,10.56,18563,cpu,5,46,42.8,0.05,0.614804
1930,double_dqn,3,64.772,10.56,18563,cpu,12,95,115.78,0.05,2.013744
1931,double_dqn,3,64.8103,10.46,18563,cpu,13,100,127.34,0.05,0.562953
1932,double_dqn,3,64.8954,10.54,18563,cpu,21,220,211.82,0.05,0.76514
1933,double_dqn,3,64.927,10.66,18563,cpu,9,82,86.28,0.05,0.323899
1934,double_dqn,3,64.9624,10.74,18563,cpu,10,91,95.4,0.05,1.536392
1935,double_dqn,3,65.0369,10.76,18563,cpu,19,193,191.37,0.05,0.440611
1936,double_dqn,3,65.0564,10.76,18563,cpu,7,50,63.58,0.05,0.829151
1937,double_dqn,3,65.0695,10.54,18563,cpu,5,34,42.52,0.05,0.431576
1938,double_dqn,3,65.1074,10.62,18563,cpu,13,98,126.96,0.05,0.779972
1939,double_dqn,3,65.1711,10.64,18563,cpu,19,163,190.87,0.05,0.648979
1940,double_dqn,3,65.2071,10.58,18563,cpu,12,94,116.69,0.05,1.105179
1941,double_dqn,3,65.2613,10.88,18563,cpu,17,141,168.87,0.05,0.772946
1942,double_dqn,3,65.3214,11.06,18563,cpu,23,155,230.19,0.05,0.799634
1943,double_dqn,3,65.3649,11.34,18563,cpu,16,113,156.64,0.05,1.50693
1944,double_dqn,3,65.4151,11.58,18563,cpu,18,130,179.19,0.05,1.49849
1945,double_dqn,3,65.4613,11.88,18563,cpu,16,120,155.87,0.05,1.987426
1946,double_dqn,3,65.478,11.98,18563,cpu,9,43,82.97,0.05,0.946021
1947,double_dqn,3,65.4972,11.78,18563,cpu,8,49,73.6,0.05,1.235743
1948,double_dqn,3,65.5101,11.68,18563,cpu,5,33,42.43,0.05,0.854753
1949,double_dqn,3,65.5517,11.68,18563,cpu,12,104,117.39,0.05,1.850046
1950,double_dqn,3,65.567,11.58,18563,cpu,6,38,52.79,0.05,1.311726
1951,double_dqn,3,65.5836,11.64,18563,cpu,5,42,42.64,0.05,0.506957
1952,double_dqn,3,65.634,11.66,18563,cpu,16,126,158.81,0.05,0.713804
1953,double_dqn,3,65.6755,11.56,18563,cpu,14,104,136.81,0.05,0.576255
1954,double_dqn,3,65.7006,11.36,18563,cpu,8,62,72.97,0.05,0.614735
1955,double_dqn,3,65.7689,11.74,18563,cpu,26,170,260.27,0.05,1.14197
1956,double_dqn,3,65.8157,11.72,18563,cpu,15,116,147.6,0.05,0.922174
1957,double_dqn,3,65.8765,11.98,18563,cpu,19,152,189.48,0.05,0.715911
1958,double_dqn,3,65.8957,11.96,18563,cpu,7,48,63.6,0.05,1.252473
1959,double_dqn,3,65.9315,11.96,18563,cpu,10,89,95.62,0.05,1.365911
1960,double_dqn,3,65.9351,11.8,18563,cpu,1,9,0.43,0.05,1.452377
1961,double_dqn,3,65.9726,11.86,18563,cpu,13,94,125.2,0.05,2.564647
1962,double_dqn,3,65.9992,11.8,18563,cpu,11,66,104.86,0.05,0.563405
1963,double_dqn,3,66.0134,11.48,18563,cpu,3,36,22.68,0.05,1.051246
1964,double_dqn,3,66.0179,11.3,18563,cpu,2,11,10.72,0.05,1.650759
1965,double_dqn,3,66.0707,11.22,18563,cpu,16,132,157.95,0.05,1.123921
1966,double_dqn,3,66.1204,11.34,18563,cpu,14,125,135.9,0.05,1.27835
1967,double_dqn,3,66.1351,11.38,18563,cpu,4,36,31.39,0.05,1.174802
1968,double_dqn,3,66.1654,11.54,18563,cpu,12,76,115.47,0.05,1.642019
1969,double_dqn,3,66.186,11.4,18563,cpu,7,52,63.76,0.05,1.579065
1970,double_dqn,3,66.1997,11.24,18563,cpu,6,34,51.63,0.05,1.612106
1971,double_dqn,3,66.2469,11.08,18563,cpu,13,119,126.05,0.05,0.586097
1972,double_dqn,3,66.2875,11.26,18563,cpu,13,101,126.23,0.05,1.556115
1973,double_dqn,3,66.3142,11.3,18563,cpu,9,66,84.84,0.05,0.945386
1974,double_dqn,3,66.3536,11.28,18563,cpu,10,99,96.72,0.05,0.779655
1975,double_dqn,3,66.3883,11.36,18563,cpu,14,86,136.39,0.05,0.689546
1976,double_dqn,3,66.4307,11.22,18563,cpu,12,106,115.97,0.05,0.854133
1977,double_dqn,3,66.4528,11.38,18563,cpu,10,55,93.76,0.05,0.93352
1978,double_dqn,3,66.4722,11.42,18563,cpu,6,48,53.09,0.05,1.182601
1979,double_dqn,3,66.4941,11.46,18563,cpu,7,55,63.03,0.05,1.112072
1980,double_dqn,3,66.5257,11.42,18563,cpu,10,79,95.72,0.05,1.404265
1981,double_dqn,3,66.5434,11.26,18563,cpu,5,45,43.11,0.05,1.207415
1982,double_dqn,3,66.5933,11.14,18563,cpu,15,128,146.88,0.05,0.996984
1983,double_dqn,3,66.6378,11.26,18563,cpu,15,114,147.42,0.05,0.764951
1984,double_dqn,3,66.6783,11.34,18563,cpu,14,103,136.52,0.05,0.962879
1985,double_dqn,3,66.704,11.2,18563,cpu,12,66,113.57,0.05,1.575147
1986,double_dqn,3,66.7569,11.34,18563,cpu,14,137,138.58,0.05,0.400176
1987,double_dqn,3,66.8445,11.72,18563,cpu,24,226,243.69,0.05,1.561461
1988,double_dqn,3,66.8908,11.78,18563,cpu,16,120,156.47,0.05,1.472384
1989,double_dqn,3,66.9131,11.58,18563,cpu,9,58,83.72,0.05,0.558453
1990,double_dqn,3,66.9527,11.58,18563,cpu,12,102,117.41,0.05,0.663422
1991,double_dqn,3,66.9812,11.42,18563,cpu,9,74,85.36,0.05,1.457923
1992,double_dqn,3,67.0158,11.24,18563,cpu,14,90,135.15,0.05,1.540789
1993,double_dqn,3,67.0443,11.1,18563,cpu,9,74,85.16,0.05,1.727306
1994,double_dqn,3,67.0818,10.98,18563,cpu,12,96,115.27,0.05,0.611127
1995,double_dqn,3,67.0948,10.72,18563,cpu,3,34,22.3,0.05,0.812719
1996,double_dqn,3,67.0991,10.56,18563,cpu,1,11,0.81,0.05,0.611792
1997,double_dqn,3,67.1402,10.68,18563,cpu,14,106,136.19,0.05,0.682707
1998,double_dqn,3,67.1771,10.84,18563,cpu,13,94,126.6,0.05,0.962211
1999,double_dqn,3,67.187,10.68,18563,cpu,4,25,31.8,0.05,0.936427
2000,double_dqn,3,67.1978,10.64,18563,cpu,4,28,32.07,0.05,1.588961
