episode,model,seed,elapsed_seconds,moving_avg_score,model_size,device,score,steps,reward,epsilon,loss
1,lightweight_snake_ddqn,2,0.0002,0.0,9412,cpu,0,14,-10.63,0.99734,0.0
2,lightweight_snake_ddqn,2,0.0003,0.0,9412,cpu,0,12,-10.21,0.99506,0.0
3,lightweight_snake_ddqn,2,0.0006,0.0,9412,cpu,0,26,-10.75,0.99012,0.0
4,lightweight_snake_ddqn,2,0.0034,0.0,9412,cpu,0,52,-11.41,0.98024,0.304831
5,lightweight_snake_ddqn,2,0.0087,0.0,9412,cpu,0,12,-10.81,0.97796,0.59337
6,lightweight_snake_ddqn,2,0.0159,0.0,9412,cpu,0,16,-10.45,0.97492,0.586874
7,lightweight_snake_ddqn,2,0.0341,0.0,9412,cpu,0,41,-11.0,0.96713,0.834567
8,lightweight_snake_ddqn,2,0.0373,0.0,9412,cpu,0,7,-10.46,0.9658,0.267355
9,lightweight_snake_ddqn,2,0.0421,0.0,9412,cpu,0,11,-10.5,0.96371,0.553808
10,lightweight_snake_ddqn,2,0.0504,0.0,9412,cpu,0,19,-10.18,0.9601,0.222462
11,lightweight_snake_ddqn,2,0.0535,0.0,9412,cpu,0,7,-10.66,0.95877,0.500746
12,lightweight_snake_ddqn,2,0.0583,0.0,9412,cpu,0,11,-10.5,0.95668,0.150873
13,lightweight_snake_ddqn,2,0.0613,0.0,9412,cpu,0,7,-10.66,0.95535,0.301517
14,lightweight_snake_ddqn,2,0.0727,0.0,9412,cpu,0,26,-10.15,0.95041,0.043223
15,lightweight_snake_ddqn,2,0.0806,0.0,9412,cpu,0,18,-10.67,0.94699,0.291485
16,lightweight_snake_ddqn,2,0.0841,0.0625,9412,cpu,1,8,0.54,0.94547,0.844084
17,lightweight_snake_ddqn,2,0.0968,0.1176,9412,cpu,1,29,-0.37,0.93996,0.322747
18,lightweight_snake_ddqn,2,0.1068,0.1111,9412,cpu,0,23,-10.62,0.93559,0.017929
19,lightweight_snake_ddqn,2,0.1217,0.1053,9412,cpu,0,34,-10.83,0.92913,0.270552
20,lightweight_snake_ddqn,2,0.1283,0.1,9412,cpu,0,15,-9.94,0.92628,0.014549
21,lightweight_snake_ddqn,2,0.1358,0.0952,9412,cpu,0,17,-10.16,0.92305,0.016905
22,lightweight_snake_ddqn,2,0.1411,0.1364,9412,cpu,1,12,-0.1,0.92077,0.289449
23,lightweight_snake_ddqn,2,0.1455,0.1304,9412,cpu,0,10,-10.39,0.91887,0.178262
24,lightweight_snake_ddqn,2,0.1567,0.125,9412,cpu,0,26,-10.55,0.91393,0.267523
25,lightweight_snake_ddqn,2,0.1623,0.12,9412,cpu,0,13,-10.92,0.91146,0.202264
26,lightweight_snake_ddqn,2,0.1724,0.1154,9412,cpu,0,23,-10.22,0.90709,0.298665
27,lightweight_snake_ddqn,2,0.184,0.1481,9412,cpu,1,26,0.36,0.90215,0.319392
28,lightweight_snake_ddqn,2,0.188,0.1429,9412,cpu,0,9,-10.48,0.90044,0.021402
29,lightweight_snake_ddqn,2,0.1906,0.1379,9412,cpu,0,6,-10.15,0.8993,0.083437
30,lightweight_snake_ddqn,2,0.2003,0.1333,9412,cpu,0,22,-10.71,0.89512,0.051491
31,lightweight_snake_ddqn,2,0.2183,0.129,9412,cpu,0,41,-10.6,0.88733,0.030487
32,lightweight_snake_ddqn,2,0.224,0.125,9412,cpu,0,13,-10.52,0.88486,0.032251
33,lightweight_snake_ddqn,2,0.2315,0.1212,9412,cpu,0,17,-10.36,0.88163,0.021245
34,lightweight_snake_ddqn,2,0.2411,0.1176,9412,cpu,0,22,-10.11,0.87745,0.032829
35,lightweight_snake_ddqn,2,0.2456,0.1143,9412,cpu,0,10,-10.59,0.87555,0.170658
36,lightweight_snake_ddqn,2,0.2482,0.1111,9412,cpu,0,6,-9.75,0.87441,0.056827
37,lightweight_snake_ddqn,2,0.2561,0.1081,9412,cpu,0,18,-10.27,0.87099,0.045736
38,lightweight_snake_ddqn,2,0.2587,0.1053,9412,cpu,0,6,-10.55,0.86985,0.01501
39,lightweight_snake_ddqn,2,0.2626,0.1026,9412,cpu,0,9,-10.88,0.86814,0.014522
40,lightweight_snake_ddqn,2,0.2697,0.1,9412,cpu,0,16,-10.25,0.8651,0.025997
41,lightweight_snake_ddqn,2,0.282,0.0976,9412,cpu,0,28,-10.77,0.85978,0.032184
42,lightweight_snake_ddqn,2,0.2846,0.0952,9412,cpu,0,6,-9.95,0.85864,0.396838
43,lightweight_snake_ddqn,2,0.2921,0.093,9412,cpu,0,17,-10.76,0.85541,0.029903
44,lightweight_snake_ddqn,2,0.3005,0.0909,9412,cpu,0,19,-10.18,0.8518,0.055268
45,lightweight_snake_ddqn,2,0.3203,0.1111,9412,cpu,1,45,0.07,0.84325,0.01463
46,lightweight_snake_ddqn,2,0.3277,0.1304,9412,cpu,1,17,0.15,0.84002,0.032991
47,lightweight_snake_ddqn,2,0.3317,0.1277,9412,cpu,0,9,-10.28,0.83831,0.270909
48,lightweight_snake_ddqn,2,0.3344,0.125,9412,cpu,0,6,-9.75,0.83717,0.017707
49,lightweight_snake_ddqn,2,0.3392,0.1224,9412,cpu,0,11,-10.1,0.83508,0.017066
50,lightweight_snake_ddqn,2,0.3441,0.16,9412,cpu,2,11,10.72,0.83299,0.031114
51,lightweight_snake_ddqn,2,0.3512,0.16,9412,cpu,0,16,-10.45,0.82995,0.318044
52,lightweight_snake_ddqn,2,0.363,0.16,9412,cpu,0,27,-10.46,0.82482,0.031371
53,lightweight_snake_ddqn,2,0.3774,0.18,9412,cpu,1,33,0.19,0.81855,0.025526
54,lightweight_snake_ddqn,2,0.3818,0.18,9412,cpu,0,10,-10.79,0.81665,0.015223
55,lightweight_snake_ddqn,2,0.3968,0.18,9412,cpu,0,34,-10.23,0.81019,0.299329
56,lightweight_snake_ddqn,2,0.4034,0.18,9412,cpu,0,15,-10.34,0.80734,0.035619
57,lightweight_snake_ddqn,2,0.4127,0.2,9412,cpu,1,21,-0.49,0.80335,0.011691
58,lightweight_snake_ddqn,2,0.4193,0.2,9412,cpu,0,15,-9.74,0.8005,0.019643
59,lightweight_snake_ddqn,2,0.4272,0.2,9412,cpu,0,18,-9.87,0.79708,0.56018
60,lightweight_snake_ddqn,2,0.4308,0.2,9412,cpu,0,8,-10.37,0.79556,0.01292
61,lightweight_snake_ddqn,2,0.444,0.2,9412,cpu,0,30,-10.99,0.78986,0.03196
62,lightweight_snake_ddqn,2,0.4564,0.2,9412,cpu,0,28,-10.37,0.78454,0.014257
63,lightweight_snake_ddqn,2,0.46,0.2,9412,cpu,0,8,-10.37,0.78302,0.269751
64,lightweight_snake_ddqn,2,0.4811,0.24,9412,cpu,2,48,10.45,0.7739,0.021229
65,lightweight_snake_ddqn,2,0.4851,0.26,9412,cpu,1,9,-0.37,0.77219,0.032717
66,lightweight_snake_ddqn,2,0.4873,0.26,9412,cpu,1,5,0.27,0.77124,0.303659
67,lightweight_snake_ddqn,2,0.4917,0.24,9412,cpu,0,10,-10.39,0.76934,0.012688
68,lightweight_snake_ddqn,2,0.4984,0.26,9412,cpu,1,15,-0.03,0.76649,0.010396
69,lightweight_snake_ddqn,2,0.5091,0.26,9412,cpu,0,24,-10.33,0.76193,0.024456
70,lightweight_snake_ddqn,2,0.54,0.28,9412,cpu,1,70,-0.88,0.74863,0.020669
71,lightweight_snake_ddqn,2,0.5454,0.28,9412,cpu,0,12,-10.21,0.74635,0.252985
72,lightweight_snake_ddqn,2,0.5524,0.3,9412,cpu,2,16,10.77,0.74331,0.024709
73,lightweight_snake_ddqn,2,0.556,0.32,9412,cpu,1,8,0.34,0.74179,0.520137
74,lightweight_snake_ddqn,2,0.5802,0.32,9412,cpu,0,54,-10.23,0.73153,0.020896
75,lightweight_snake_ddqn,2,0.5855,0.32,9412,cpu,0,12,-10.21,0.72925,0.294972
76,lightweight_snake_ddqn,2,0.5908,0.32,9412,cpu,0,12,-9.81,0.72697,0.029887
77,lightweight_snake_ddqn,2,0.6023,0.3,9412,cpu,0,26,-10.15,0.72203,0.268071
78,lightweight_snake_ddqn,2,0.6227,0.32,9412,cpu,1,46,1.16,0.71329,1.061044
79,lightweight_snake_ddqn,2,0.6506,0.38,9412,cpu,3,63,20.51,0.70132,0.277558
80,lightweight_snake_ddqn,2,0.6602,0.4,9412,cpu,1,22,0.0,0.69714,0.027316
81,lightweight_snake_ddqn,2,0.6826,0.42,9412,cpu,1,50,0.12,0.68764,0.494897
82,lightweight_snake_ddqn,2,0.6876,0.44,9412,cpu,1,11,-0.19,0.68555,0.302926
83,lightweight_snake_ddqn,2,0.6992,0.44,9412,cpu,0,26,-10.75,0.68061,0.032044
84,lightweight_snake_ddqn,2,0.7067,0.44,9412,cpu,0,17,-9.76,0.67738,0.022145
85,lightweight_snake_ddqn,2,0.7239,0.48,9412,cpu,2,38,9.75,0.67016,0.28283
86,lightweight_snake_ddqn,2,0.7307,0.5,9412,cpu,1,15,0.37,0.66731,0.019939
87,lightweight_snake_ddqn,2,0.7426,0.54,9412,cpu,2,27,10.76,0.66218,0.314846
88,lightweight_snake_ddqn,2,0.7585,0.56,9412,cpu,1,36,0.06,0.65534,0.270462
89,lightweight_snake_ddqn,2,0.7616,0.56,9412,cpu,0,7,-10.06,0.65401,0.024945
90,lightweight_snake_ddqn,2,0.7702,0.58,9412,cpu,1,19,0.33,0.6504,0.819418
91,lightweight_snake_ddqn,2,0.7799,0.58,9412,cpu,0,22,-10.51,0.64622,0.023839
92,lightweight_snake_ddqn,2,0.8018,0.6,9412,cpu,1,49,-0.17,0.63691,0.014259
93,lightweight_snake_ddqn,2,0.8082,0.62,9412,cpu,1,14,0.48,0.63425,0.030823
94,lightweight_snake_ddqn,2,0.8234,0.62,9412,cpu,0,34,-9.83,0.62779,0.018058
95,lightweight_snake_ddqn,2,0.8291,0.6,9412,cpu,0,13,-9.92,0.62532,0.020776
96,lightweight_snake_ddqn,2,0.841,0.58,9412,cpu,0,27,-9.66,0.62019,0.267121
97,lightweight_snake_ddqn,2,0.8479,0.58,9412,cpu,0,15,-10.34,0.61734,0.031537
98,lightweight_snake_ddqn,2,0.8804,0.62,9412,cpu,2,73,10.3,0.60347,0.076624
99,lightweight_snake_ddqn,2,0.8885,0.64,9412,cpu,1,18,0.44,0.60005,0.563833
100,lightweight_snake_ddqn,2,0.8967,0.64,9412,cpu,2,18,10.75,0.59663,0.284686
101,lightweight_snake_ddqn,2,0.9142,0.66,9412,cpu,1,39,-0.27,0.58922,0.281658
102,lightweight_snake_ddqn,2,0.9183,0.66,9412,cpu,0,9,-9.88,0.58751,0.028625
103,lightweight_snake_ddqn,2,0.9337,0.68,9412,cpu,2,34,10.79,0.58105,0.045469
104,lightweight_snake_ddqn,2,0.9459,0.72,9412,cpu,2,27,10.56,0.57592,0.274586
105,lightweight_snake_ddqn,2,0.9513,0.72,9412,cpu,0,12,-9.61,0.57364,0.038726
106,lightweight_snake_ddqn,2,0.9554,0.72,9412,cpu,0,9,-9.48,0.57193,1.084273
107,lightweight_snake_ddqn,2,0.9608,0.7,9412,cpu,0,12,-9.61,0.56965,0.298536
108,lightweight_snake_ddqn,2,0.9749,0.74,9412,cpu,2,31,11.72,0.56376,0.279966
109,lightweight_snake_ddqn,2,0.9821,0.76,9412,cpu,1,16,0.26,0.56072,0.2953
110,lightweight_snake_ddqn,2,0.9875,0.76,9412,cpu,0,12,-9.81,0.55844,0.027037
111,lightweight_snake_ddqn,2,0.993,0.76,9412,cpu,0,12,-9.81,0.55616,0.636142
112,lightweight_snake_ddqn,2,0.9971,0.78,9412,cpu,1,9,0.43,0.55445,0.054401
113,lightweight_snake_ddqn,2,1.0038,0.78,9412,cpu,0,15,-9.74,0.5516,0.076006
114,lightweight_snake_ddqn,2,1.0123,0.74,9412,cpu,0,19,-10.38,0.54799,0.053881
115,lightweight_snake_ddqn,2,1.04,0.76,9412,cpu,2,62,10.51,0.53621,0.306558
116,lightweight_snake_ddqn,2,1.0435,0.76,9412,cpu,1,8,-0.26,0.53469,0.037685
117,lightweight_snake_ddqn,2,1.0573,0.8,9412,cpu,2,30,10.63,0.52899,0.299704
118,lightweight_snake_ddqn,2,1.0676,0.78,9412,cpu,0,23,-10.22,0.52462,0.307167
119,lightweight_snake_ddqn,2,1.0797,0.8,9412,cpu,1,27,0.25,0.51949,0.045489
120,lightweight_snake_ddqn,2,1.1091,0.8,9412,cpu,1,65,0.07,0.50714,0.060543
121,lightweight_snake_ddqn,2,1.1213,0.84,9412,cpu,2,27,11.36,0.50201,0.311324
122,lightweight_snake_ddqn,2,1.13,0.82,9412,cpu,1,19,0.93,0.4984,0.231676
123,lightweight_snake_ddqn,2,1.1535,0.88,9412,cpu,4,52,31.63,0.48852,0.040993
124,lightweight_snake_ddqn,2,1.1635,0.88,9412,cpu,0,22,-9.91,0.48434,0.065289
125,lightweight_snake_ddqn,2,1.1839,0.94,9412,cpu,3,45,21.49,0.47579,0.344034
126,lightweight_snake_ddqn,2,1.2091,1.08,9412,cpu,7,56,62.72,0.46515,0.271709
127,lightweight_snake_ddqn,2,1.2231,1.1,9412,cpu,1,31,0.61,0.45926,0.033732
128,lightweight_snake_ddqn,2,1.2294,1.1,9412,cpu,1,14,0.28,0.4566,0.302436
129,lightweight_snake_ddqn,2,1.2357,1.04,9412,cpu,0,14,-9.83,0.45394,0.042908
130,lightweight_snake_ddqn,2,1.2493,1.06,9412,cpu,2,30,11.23,0.44824,0.041263
131,lightweight_snake_ddqn,2,1.2593,1.06,9412,cpu,1,22,0.4,0.44406,0.311875
132,lightweight_snake_ddqn,2,1.2796,1.1,9412,cpu,3,45,21.49,0.43551,0.549941
133,lightweight_snake_ddqn,2,1.2833,1.12,9412,cpu,1,8,0.34,0.43399,0.392126
134,lightweight_snake_ddqn,2,1.2987,1.16,9412,cpu,2,34,10.39,0.42753,0.066002
135,lightweight_snake_ddqn,2,1.3082,1.14,9412,cpu,1,21,0.91,0.42354,0.804479
136,lightweight_snake_ddqn,2,1.321,1.16,9412,cpu,2,28,11.25,0.41822,0.057927
137,lightweight_snake_ddqn,2,1.3366,1.2,9412,cpu,4,34,31.41,0.41176,0.101707
138,lightweight_snake_ddqn,2,1.3453,1.2,9412,cpu,1,19,0.73,0.40815,0.144713
139,lightweight_snake_ddqn,2,1.3677,1.28,9412,cpu,4,49,32.36,0.39884,0.504968
140,lightweight_snake_ddqn,2,1.3836,1.3,9412,cpu,2,35,10.68,0.39219,0.047019
141,lightweight_snake_ddqn,2,1.3968,1.34,9412,cpu,2,29,10.94,0.38668,0.732844
142,lightweight_snake_ddqn,2,1.4064,1.36,9412,cpu,2,21,10.82,0.38269,0.05889
143,lightweight_snake_ddqn,2,1.4186,1.36,9412,cpu,1,27,0.65,0.37756,0.123905
144,lightweight_snake_ddqn,2,1.429,1.38,9412,cpu,1,23,0.09,0.37319,0.679868
145,lightweight_snake_ddqn,2,1.4562,1.48,9412,cpu,5,60,42.06,0.36179,0.315253
146,lightweight_snake_ddqn,2,1.4611,1.52,9412,cpu,2,11,10.52,0.3597,0.296951
147,lightweight_snake_ddqn,2,1.4745,1.62,9412,cpu,5,29,41.47,0.35419,0.918577
148,lightweight_snake_ddqn,2,1.4827,1.6,9412,cpu,1,18,0.64,0.35077,0.477755
149,lightweight_snake_ddqn,2,1.5045,1.66,9412,cpu,4,48,32.07,0.34165,0.554523
150,lightweight_snake_ddqn,2,1.5222,1.76,9412,cpu,7,38,62.1,0.33443,0.696522
151,lightweight_snake_ddqn,2,1.534,1.78,9412,cpu,2,26,11.07,0.32949,0.123069
152,lightweight_snake_ddqn,2,1.5544,1.84,9412,cpu,3,45,21.69,0.32094,0.339591
153,lightweight_snake_ddqn,2,1.5617,1.84,9412,cpu,2,16,10.77,0.3179,0.335021
154,lightweight_snake_ddqn,2,1.5762,1.86,9412,cpu,3,32,20.72,0.31182,0.563104
155,lightweight_snake_ddqn,2,1.5871,1.9,9412,cpu,2,24,10.69,0.30726,0.792957
156,lightweight_snake_ddqn,2,1.5981,1.94,9412,cpu,2,24,10.09,0.3027,0.102322
157,lightweight_snake_ddqn,2,1.6158,1.98,9412,cpu,2,39,11.84,0.29529,0.087695
158,lightweight_snake_ddqn,2,1.6396,2.02,9412,cpu,4,52,32.03,0.28541,0.106027
159,lightweight_snake_ddqn,2,1.6607,2.12,9412,cpu,6,46,51.31,0.27667,0.568963
160,lightweight_snake_ddqn,2,1.6644,2.2,9412,cpu,4,8,30.27,0.27515,0.777225
161,lightweight_snake_ddqn,2,1.6745,2.24,9412,cpu,2,22,10.91,0.27097,0.071718
162,lightweight_snake_ddqn,2,1.6847,2.26,9412,cpu,2,22,10.11,0.26679,0.772433
163,lightweight_snake_ddqn,2,1.6928,2.28,9412,cpu,1,18,0.44,0.26337,0.354513
164,lightweight_snake_ddqn,2,1.7158,2.28,9412,cpu,0,50,-10.19,0.25387,0.160881
165,lightweight_snake_ddqn,2,1.7578,2.46,9412,cpu,11,91,104.71,0.23658,0.385025
166,lightweight_snake_ddqn,2,1.768,2.48,9412,cpu,2,22,10.71,0.2324,0.497043
167,lightweight_snake_ddqn,2,1.7923,2.5,9412,cpu,3,53,21.41,0.22233,0.358878
168,lightweight_snake_ddqn,2,1.8037,2.54,9412,cpu,2,25,10.58,0.21758,0.254109
169,lightweight_snake_ddqn,2,1.8151,2.54,9412,cpu,1,25,1.87,0.21283,1.025211
170,lightweight_snake_ddqn,2,1.8367,2.62,9412,cpu,5,47,42.29,0.2039,0.386211
171,lightweight_snake_ddqn,2,1.8622,2.64,9412,cpu,3,56,22.08,0.19326,0.547437
172,lightweight_snake_ddqn,2,1.8903,2.72,9412,cpu,5,61,44.15,0.18167,0.189984
173,lightweight_snake_ddqn,2,1.91,2.76,9412,cpu,6,43,52.84,0.1735,0.483589
174,lightweight_snake_ddqn,2,1.9366,2.88,9412,cpu,6,58,52.19,0.16248,0.307917
175,lightweight_snake_ddqn,2,1.9449,2.86,9412,cpu,2,18,11.15,0.15906,0.122586
176,lightweight_snake_ddqn,2,1.9587,2.8,9412,cpu,4,30,30.65,0.15336,0.571563
177,lightweight_snake_ddqn,2,1.993,2.98,9412,cpu,10,74,94.27,0.1393,0.705434
178,lightweight_snake_ddqn,2,2.0,3.0,9412,cpu,2,15,10.28,0.13645,0.566531
179,lightweight_snake_ddqn,2,2.058,3.28,9412,cpu,14,125,137.5,0.1127,0.136483
180,lightweight_snake_ddqn,2,2.071,3.3,9412,cpu,3,28,20.36,0.10738,1.038374
181,lightweight_snake_ddqn,2,2.0817,3.34,9412,cpu,3,23,21.31,0.10301,0.300194
182,lightweight_snake_ddqn,2,2.1099,3.4,9412,cpu,6,61,53.26,0.09142,0.370829
183,lightweight_snake_ddqn,2,2.1446,3.58,9412,cpu,10,75,94.56,0.07717,0.219042
184,lightweight_snake_ddqn,2,2.2177,3.86,9412,cpu,16,158,159.89,0.05,0.8784
185,lightweight_snake_ddqn,2,2.2918,4.16,9412,cpu,16,160,157.87,0.05,0.511835
186,lightweight_snake_ddqn,2,2.3436,4.38,9412,cpu,13,111,126.53,0.05,0.426739
187,lightweight_snake_ddqn,2,2.4158,4.6,9412,cpu,15,156,149.0,0.05,0.29076
188,lightweight_snake_ddqn,2,2.4581,4.8,9412,cpu,11,91,105.51,0.05,0.246951
189,lightweight_snake_ddqn,2,2.4992,4.94,9412,cpu,11,89,105.13,0.05,1.192255
190,lightweight_snake_ddqn,2,2.5297,5.04,9412,cpu,7,66,63.62,0.05,1.237602
191,lightweight_snake_ddqn,2,2.564,5.2,9412,cpu,10,74,93.87,0.05,0.763552
192,lightweight_snake_ddqn,2,2.5973,5.32,9412,cpu,8,72,74.27,0.05,0.798236
193,lightweight_snake_ddqn,2,2.6753,5.66,9412,cpu,18,168,178.01,0.05,0.723684
194,lightweight_snake_ddqn,2,2.7106,5.86,9412,cpu,11,76,104.36,0.05,0.461731
195,lightweight_snake_ddqn,2,2.7648,6.02,9412,cpu,13,117,126.87,0.05,0.360665
196,lightweight_snake_ddqn,2,2.7675,5.98,9412,cpu,0,6,-9.55,0.05,0.981686
197,lightweight_snake_ddqn,2,2.775,5.92,9412,cpu,2,16,11.17,0.05,1.114873
198,lightweight_snake_ddqn,2,2.8116,6.06,9412,cpu,8,79,73.5,0.05,0.529466
199,lightweight_snake_ddqn,2,2.868,6.26,9412,cpu,14,122,138.03,0.05,1.097493
200,lightweight_snake_ddqn,2,2.9157,6.36,9412,cpu,12,103,117.7,0.05,0.507492
201,lightweight_snake_ddqn,2,2.9593,6.52,9412,cpu,10,94,95.67,0.05,0.580158
202,lightweight_snake_ddqn,2,2.9787,6.62,9412,cpu,8,42,72.57,0.05,1.216915
203,lightweight_snake_ddqn,2,3.0372,6.92,9412,cpu,17,126,167.52,0.05,0.781223
204,lightweight_snake_ddqn,2,3.0464,6.94,9412,cpu,4,20,31.15,0.05,1.326098
205,lightweight_snake_ddqn,2,3.0857,7.06,9412,cpu,8,85,74.84,0.05,0.552104
206,lightweight_snake_ddqn,2,3.1189,7.18,9412,cpu,8,72,73.67,0.05,0.823651
207,lightweight_snake_ddqn,2,3.1755,7.4,9412,cpu,13,122,127.12,0.05,0.732523
208,lightweight_snake_ddqn,2,3.2354,7.74,9412,cpu,21,129,206.03,0.05,0.870414
209,lightweight_snake_ddqn,2,3.2779,7.84,9412,cpu,11,91,106.31,0.05,0.504753
210,lightweight_snake_ddqn,2,3.349,8.12,9412,cpu,18,153,180.86,0.05,0.770887
211,lightweight_snake_ddqn,2,3.3955,8.32,9412,cpu,12,100,115.83,0.05,0.62867
212,lightweight_snake_ddqn,2,3.436,8.48,9412,cpu,10,87,96.24,0.05,0.974751
213,lightweight_snake_ddqn,2,3.4429,8.5,9412,cpu,2,15,10.88,0.05,0.293514
214,lightweight_snake_ddqn,2,3.4707,8.64,9412,cpu,7,60,63.68,0.05,0.978559
215,lightweight_snake_ddqn,2,3.5523,8.74,9412,cpu,16,176,160.31,0.05,1.262986
216,lightweight_snake_ddqn,2,3.5602,8.74,9412,cpu,2,17,11.26,0.05,0.479798
217,lightweight_snake_ddqn,2,3.6218,8.94,9412,cpu,13,133,127.31,0.05,1.026585
218,lightweight_snake_ddqn,2,3.7082,9.22,9412,cpu,16,186,161.01,0.05,0.864631
219,lightweight_snake_ddqn,2,3.7639,9.44,9412,cpu,12,119,117.74,0.05,0.693814
220,lightweight_snake_ddqn,2,3.8117,9.58,9412,cpu,12,102,115.61,0.05,0.726653
221,lightweight_snake_ddqn,2,3.8769,9.88,9412,cpu,18,138,178.71,0.05,0.529548
222,lightweight_snake_ddqn,2,3.9157,10.0,9412,cpu,11,82,105.5,0.05,0.717482
223,lightweight_snake_ddqn,2,3.9288,9.96,9412,cpu,4,28,31.27,0.05,0.549397
224,lightweight_snake_ddqn,2,3.9573,10.02,9412,cpu,9,60,84.1,0.05,0.742659
225,lightweight_snake_ddqn,2,4.0182,10.24,9412,cpu,13,130,127.24,0.05,0.890625
226,lightweight_snake_ddqn,2,4.0594,10.36,9412,cpu,10,88,94.93,0.05,0.424599
227,lightweight_snake_ddqn,2,4.0815,10.28,9412,cpu,6,47,53.4,0.05,0.865637
228,lightweight_snake_ddqn,2,4.1474,10.62,9412,cpu,19,141,188.89,0.05,0.460083
229,lightweight_snake_ddqn,2,4.1647,10.48,9412,cpu,7,37,62.61,0.05,0.214928
230,lightweight_snake_ddqn,2,4.2072,10.62,9412,cpu,10,91,96.8,0.05,1.493195
231,lightweight_snake_ddqn,2,4.288,10.96,9412,cpu,20,173,199.48,0.05,0.487416
232,lightweight_snake_ddqn,2,4.3161,10.98,9412,cpu,7,60,63.88,0.05,0.422578
233,lightweight_snake_ddqn,2,4.3482,10.98,9412,cpu,10,69,93.02,0.05,0.704157
234,lightweight_snake_ddqn,2,4.4104,11.02,9412,cpu,18,133,176.66,0.05,1.065967
235,lightweight_snake_ddqn,2,4.4183,10.74,9412,cpu,2,17,11.26,0.05,0.408887
236,lightweight_snake_ddqn,2,4.451,10.62,9412,cpu,7,70,64.38,0.05,0.534733
237,lightweight_snake_ddqn,2,4.4912,10.5,9412,cpu,9,86,86.04,0.05,0.354763
238,lightweight_snake_ddqn,2,4.5375,10.52,9412,cpu,12,99,116.94,0.05,1.191277
239,lightweight_snake_ddqn,2,4.5446,10.36,9412,cpu,3,15,20.79,0.05,0.973508
240,lightweight_snake_ddqn,2,4.5956,10.48,9412,cpu,13,109,127.15,0.05,1.355221
241,lightweight_snake_ddqn,2,4.6647,10.62,9412,cpu,17,147,168.81,0.05,0.814331
242,lightweight_snake_ddqn,2,4.7274,10.78,9412,cpu,16,133,160.04,0.05,1.26757
243,lightweight_snake_ddqn,2,4.7743,10.7,9412,cpu,14,99,135.16,0.05,0.687331
244,lightweight_snake_ddqn,2,4.8333,10.8,9412,cpu,16,126,156.61,0.05,1.159537
245,lightweight_snake_ddqn,2,4.8861,10.82,9412,cpu,14,113,137.22,0.05,0.599767
246,lightweight_snake_ddqn,2,4.9165,10.98,9412,cpu,8,65,74.24,0.05,0.460133
247,lightweight_snake_ddqn,2,4.9338,11.1,9412,cpu,8,37,72.12,0.05,1.395435
248,lightweight_snake_ddqn,2,5.0277,11.44,9412,cpu,25,200,252.86,0.05,0.371746
249,lightweight_snake_ddqn,2,5.0389,11.2,9412,cpu,2,24,11.29,0.05,0.518403
250,lightweight_snake_ddqn,2,5.1169,11.34,9412,cpu,19,167,189.43,0.05,0.845923
251,lightweight_snake_ddqn,2,5.1323,11.22,9412,cpu,4,33,32.12,0.05,0.76896
252,lightweight_snake_ddqn,2,5.1379,11.08,9412,cpu,1,12,0.9,0.05,0.907379
253,lightweight_snake_ddqn,2,5.2092,11.02,9412,cpu,14,153,138.82,0.05,0.661458
254,lightweight_snake_ddqn,2,5.2426,11.1,9412,cpu,8,71,75.18,0.05,0.613717
255,lightweight_snake_ddqn,2,5.2967,11.2,9412,cpu,13,116,125.58,0.05,0.483358
256,lightweight_snake_ddqn,2,5.3314,11.24,9412,cpu,10,74,94.27,0.05,0.846974
257,lightweight_snake_ddqn,2,5.3618,11.1,9412,cpu,6,65,53.62,0.05,0.493214
258,lightweight_snake_ddqn,2,5.3816,10.84,9412,cpu,8,42,72.57,0.05,0.929872
259,lightweight_snake_ddqn,2,5.422,10.82,9412,cpu,10,86,94.75,0.05,0.898183
260,lightweight_snake_ddqn,2,5.4266,10.5,9412,cpu,2,10,10.63,0.05,0.708707
261,lightweight_snake_ddqn,2,5.4507,10.4,9412,cpu,7,51,63.67,0.05,0.860702
262,lightweight_snake_ddqn,2,5.5054,10.48,9412,cpu,14,116,136.49,0.05,0.768882
263,lightweight_snake_ddqn,2,5.511,10.48,9412,cpu,2,12,10.41,0.05,0.85874
264,lightweight_snake_ddqn,2,5.5704,10.64,9412,cpu,15,127,146.39,0.05,0.73888
265,lightweight_snake_ddqn,2,5.5838,10.38,9412,cpu,3,29,22.05,0.05,0.907482
266,lightweight_snake_ddqn,2,5.6127,10.5,9412,cpu,8,62,72.97,0.05,0.743962
267,lightweight_snake_ddqn,2,5.6827,10.4,9412,cpu,8,89,76.6,0.05,0.974374
268,lightweight_snake_ddqn,2,5.686,10.08,9412,cpu,0,7,-9.46,0.05,0.382437
269,lightweight_snake_ddqn,2,5.7283,10.06,9412,cpu,11,90,105.22,0.05,0.539449
270,lightweight_snake_ddqn,2,5.7382,9.88,9412,cpu,3,21,21.53,0.05,0.7175
271,lightweight_snake_ddqn,2,5.7424,9.54,9412,cpu,1,9,0.63,0.05,0.540919
272,lightweight_snake_ddqn,2,5.8028,9.66,9412,cpu,17,129,167.79,0.05,0.356081
273,lightweight_snake_ddqn,2,5.8103,9.64,9412,cpu,3,16,20.68,0.05,0.949225
274,lightweight_snake_ddqn,2,5.9077,9.94,9412,cpu,24,206,241.69,0.05,0.433994
275,lightweight_snake_ddqn,2,5.9649,10.0,9412,cpu,16,122,158.45,0.05,1.17075
276,lightweight_snake_ddqn,2,5.9768,9.86,9412,cpu,3,25,20.89,0.05,0.653839
277,lightweight_snake_ddqn,2,6.0648,10.16,9412,cpu,21,188,209.74,0.05,1.283667
278,lightweight_snake_ddqn,2,6.107,10.06,9412,cpu,14,90,134.95,0.05,0.458836
279,lightweight_snake_ddqn,2,6.1597,10.16,9412,cpu,12,113,117.0,0.05,1.407901
280,lightweight_snake_ddqn,2,6.2488,10.42,9412,cpu,23,191,229.43,0.05,0.412575
281,lightweight_snake_ddqn,2,6.2609,10.1,9412,cpu,4,26,31.69,0.05,0.485637
282,lightweight_snake_ddqn,2,6.2693,10.0,9412,cpu,2,18,11.35,0.05,1.806249
283,lightweight_snake_ddqn,2,6.3484,10.22,9412,cpu,21,169,208.23,0.05,1.579114
284,lightweight_snake_ddqn,2,6.3723,10.0,9412,cpu,7,51,63.67,0.05,0.774058
285,lightweight_snake_ddqn,2,6.4022,10.12,9412,cpu,8,64,73.55,0.05,0.596896
286,lightweight_snake_ddqn,2,6.4613,10.26,9412,cpu,14,126,136.59,0.05,1.721041
287,lightweight_snake_ddqn,2,6.4663,10.1,9412,cpu,1,11,0.81,0.05,1.013866
288,lightweight_snake_ddqn,2,6.5088,10.12,9412,cpu,13,91,125.33,0.05,0.859766
289,lightweight_snake_ddqn,2,6.5711,10.38,9412,cpu,16,133,158.24,0.05,1.200701
290,lightweight_snake_ddqn,2,6.621,10.32,9412,cpu,10,107,98.04,0.05,1.102752
291,lightweight_snake_ddqn,2,6.6786,10.32,9412,cpu,17,123,167.25,0.05,0.927343
292,lightweight_snake_ddqn,2,6.6922,10.06,9412,cpu,3,29,22.25,0.05,1.157724
293,lightweight_snake_ddqn,2,6.7418,10.04,9412,cpu,13,106,125.08,0.05,0.899771
294,lightweight_snake_ddqn,2,6.8081,10.12,9412,cpu,20,142,198.09,0.05,0.423144
295,lightweight_snake_ddqn,2,6.927,10.34,9412,cpu,25,254,252.52,0.05,0.998938
296,lightweight_snake_ddqn,2,6.9751,10.42,9412,cpu,12,103,116.1,0.05,0.733547
297,lightweight_snake_ddqn,2,7.0174,10.42,9412,cpu,8,91,75.18,0.05,1.572696
298,lightweight_snake_ddqn,2,7.0773,10.24,9412,cpu,16,128,157.79,0.05,0.660518
299,lightweight_snake_ddqn,2,7.0982,10.28,9412,cpu,4,45,31.2,0.05,0.589328
300,lightweight_snake_ddqn,2,7.1795,10.36,9412,cpu,23,174,229.9,0.05,0.986565
301,lightweight_snake_ddqn,2,7.2244,10.52,9412,cpu,12,96,116.67,0.05,0.859657
302,lightweight_snake_ddqn,2,7.3075,10.9,9412,cpu,20,178,199.53,0.05,1.274057
303,lightweight_snake_ddqn,2,7.3775,11.0,9412,cpu,19,150,189.7,0.05,0.819102
304,lightweight_snake_ddqn,2,7.4076,11.02,9412,cpu,9,65,83.35,0.05,0.785247
305,lightweight_snake_ddqn,2,7.4113,10.8,9412,cpu,2,8,10.45,0.05,0.345573
306,lightweight_snake_ddqn,2,7.422,10.68,9412,cpu,4,23,31.22,0.05,1.456815
307,lightweight_snake_ddqn,2,7.4744,10.76,9412,cpu,10,113,93.58,0.05,0.9149
308,lightweight_snake_ddqn,2,7.4923,10.72,9412,cpu,6,38,52.39,0.05,1.347181
309,lightweight_snake_ddqn,2,7.5021,10.56,9412,cpu,2,21,11.62,0.05,0.799476
310,lightweight_snake_ddqn,2,7.5294,10.68,9412,cpu,8,58,72.61,0.05,0.261388
311,lightweight_snake_ddqn,2,7.5625,10.7,9412,cpu,8,71,73.98,0.05,0.981108
312,lightweight_snake_ddqn,2,7.5824,10.6,9412,cpu,9,42,82.88,0.05,1.770091
313,lightweight_snake_ddqn,2,7.5941,10.6,9412,cpu,2,25,11.78,0.05,0.928921
314,lightweight_snake_ddqn,2,7.6523,10.62,9412,cpu,16,124,158.43,0.05,1.10391
315,lightweight_snake_ddqn,2,7.6588,10.6,9412,cpu,2,14,10.79,0.05,0.807448
316,lightweight_snake_ddqn,2,7.7384,10.84,9412,cpu,20,168,198.03,0.05,0.635319
317,lightweight_snake_ddqn,2,7.7563,10.78,9412,cpu,5,38,42.48,0.05,1.564192
318,lightweight_snake_ddqn,2,7.7924,11.02,9412,cpu,12,76,115.47,0.05,1.041163
319,lightweight_snake_ddqn,2,7.8362,11.06,9412,cpu,13,93,126.51,0.05,0.91446
320,lightweight_snake_ddqn,2,7.8423,11.04,9412,cpu,2,13,10.9,0.05,1.095461
321,lightweight_snake_ddqn,2,7.8745,11.22,9412,cpu,10,68,94.13,0.05,1.149642
322,lightweight_snake_ddqn,2,7.8858,10.94,9412,cpu,3,24,21.6,0.05,1.118296
323,lightweight_snake_ddqn,2,7.9127,11.06,9412,cpu,9,57,83.63,0.05,0.494165
324,lightweight_snake_ddqn,2,7.9494,10.8,9412,cpu,11,78,104.54,0.05,0.587108
325,lightweight_snake_ddqn,2,7.9823,10.64,9412,cpu,8,70,73.69,0.05,0.277155
326,lightweight_snake_ddqn,2,8.0198,10.78,9412,cpu,10,80,95.21,0.05,0.805668
327,lightweight_snake_ddqn,2,8.1138,10.82,9412,cpu,23,200,231.44,0.05,0.630518
328,lightweight_snake_ddqn,2,8.1738,10.8,9412,cpu,13,128,129.26,0.05,0.813159
329,lightweight_snake_ddqn,2,8.179,10.58,9412,cpu,1,11,0.41,0.05,1.233871
330,lightweight_snake_ddqn,2,8.2189,10.32,9412,cpu,10,85,93.66,0.05,0.628306
331,lightweight_snake_ddqn,2,8.3033,10.58,9412,cpu,17,180,167.38,0.05,0.701898
332,lightweight_snake_ddqn,2,8.325,10.66,9412,cpu,6,46,52.71,0.05,0.490637
333,lightweight_snake_ddqn,2,8.37,10.48,9412,cpu,12,96,115.67,0.05,0.798074
334,lightweight_snake_ddqn,2,8.4024,10.48,9412,cpu,7,69,63.29,0.05,0.508259
335,lightweight_snake_ddqn,2,8.4231,10.4,9412,cpu,4,44,32.91,0.05,0.786315
336,lightweight_snake_ddqn,2,8.5068,10.52,9412,cpu,20,178,201.73,0.05,0.643517
337,lightweight_snake_ddqn,2,8.5722,10.86,9412,cpu,18,139,177.0,0.05,1.298823
338,lightweight_snake_ddqn,2,8.661,10.94,9412,cpu,17,190,169.48,0.05,0.64601
339,lightweight_snake_ddqn,2,8.6886,10.74,9412,cpu,6,59,54.08,0.05,0.863478
340,lightweight_snake_ddqn,2,8.7276,10.74,9412,cpu,10,83,95.08,0.05,1.564395
341,lightweight_snake_ddqn,2,8.7542,10.56,9412,cpu,8,57,73.12,0.05,0.408353
342,lightweight_snake_ddqn,2,8.8017,10.74,9412,cpu,12,101,116.12,0.05,0.431657
343,lightweight_snake_ddqn,2,8.8887,10.84,9412,cpu,18,185,178.14,0.05,0.379765
344,lightweight_snake_ddqn,2,8.9496,10.76,9412,cpu,16,129,157.28,0.05,1.01276
345,lightweight_snake_ddqn,2,9.0206,10.56,9412,cpu,15,151,147.95,0.05,1.147579
346,lightweight_snake_ddqn,2,9.0563,10.5,9412,cpu,9,76,85.34,0.05,0.65601
347,lightweight_snake_ddqn,2,9.0916,10.48,9412,cpu,7,74,64.34,0.05,0.69582
348,lightweight_snake_ddqn,2,9.1876,10.6,9412,cpu,22,195,218.68,0.05,0.49324
349,lightweight_snake_ddqn,2,9.1956,10.56,9412,cpu,2,17,11.26,0.05,1.439197
350,lightweight_snake_ddqn,2,9.2763,10.5,9412,cpu,20,172,201.39,0.05,0.36189
351,lightweight_snake_ddqn,2,9.3114,10.44,9412,cpu,9,75,84.45,0.05,0.825698
352,lightweight_snake_ddqn,2,9.3339,10.18,9412,cpu,7,48,63.2,0.05,0.929865
353,lightweight_snake_ddqn,2,9.3564,9.96,9412,cpu,8,48,72.71,0.05,1.022059
354,lightweight_snake_ddqn,2,9.3819,9.88,9412,cpu,5,54,44.32,0.05,0.385318
355,lightweight_snake_ddqn,2,9.4274,10.12,9412,cpu,14,97,136.38,0.05,0.971952
356,lightweight_snake_ddqn,2,9.4763,10.26,9412,cpu,11,105,106.77,0.05,1.548218
357,lightweight_snake_ddqn,2,9.533,10.38,9412,cpu,16,121,157.76,0.05,0.695271
358,lightweight_snake_ddqn,2,9.6078,10.62,9412,cpu,18,160,180.69,0.05,0.659641
359,lightweight_snake_ddqn,2,9.6559,10.8,9412,cpu,11,103,107.99,0.05,0.806958
360,lightweight_snake_ddqn,2,9.7238,10.94,9412,cpu,15,145,149.01,0.05,1.197455
361,lightweight_snake_ddqn,2,9.7592,10.98,9412,cpu,10,75,95.36,0.05,0.974052
362,lightweight_snake_ddqn,2,9.829,11.16,9412,cpu,18,148,179.61,0.05,1.717014
363,lightweight_snake_ddqn,2,9.914,11.48,9412,cpu,18,181,177.78,0.05,0.814164
364,lightweight_snake_ddqn,2,9.9477,11.36,9412,cpu,10,72,93.89,0.05,1.130235
365,lightweight_snake_ddqn,2,9.9773,11.48,9412,cpu,8,63,74.26,0.05,0.171791
366,lightweight_snake_ddqn,2,10.0504,11.42,9412,cpu,17,154,170.24,0.05,1.027502
367,lightweight_snake_ddqn,2,10.0877,11.52,9412,cpu,10,78,95.43,0.05,1.118816
368,lightweight_snake_ddqn,2,10.1292,11.48,9412,cpu,10,87,95.04,0.05,0.361019
369,lightweight_snake_ddqn,2,10.1729,11.4,9412,cpu,9,93,84.67,0.05,1.025979
370,lightweight_snake_ddqn,2,10.2404,11.62,9412,cpu,13,142,128.12,0.05,1.318338
371,lightweight_snake_ddqn,2,10.2517,11.48,9412,cpu,3,24,21.6,0.05,0.326545
372,lightweight_snake_ddqn,2,10.2869,11.6,9412,cpu,9,74,85.16,0.05,2.23839
373,lightweight_snake_ddqn,2,10.3176,11.56,9412,cpu,7,65,64.13,0.05,0.650118
374,lightweight_snake_ddqn,2,10.3639,11.54,9412,cpu,10,98,95.23,0.05,1.695169
375,lightweight_snake_ddqn,2,10.4262,11.64,9412,cpu,13,132,128.22,0.05,0.923793
376,lightweight_snake_ddqn,2,10.5287,11.96,9412,cpu,26,204,260.13,0.05,1.014056
377,lightweight_snake_ddqn,2,10.6146,11.86,9412,cpu,18,173,180.46,0.05,1.172659
378,lightweight_snake_ddqn,2,10.6604,11.78,9412,cpu,9,97,86.83,0.05,1.652623
379,lightweight_snake_ddqn,2,10.7106,11.98,9412,cpu,11,105,106.77,0.05,0.960405
380,lightweight_snake_ddqn,2,10.7639,12.12,9412,cpu,17,112,168.06,0.05,1.083372
381,lightweight_snake_ddqn,2,10.854,12.18,9412,cpu,20,190,200.61,0.05,0.46445
382,lightweight_snake_ddqn,2,10.9223,12.38,9412,cpu,16,145,160.52,0.05,0.958184
383,lightweight_snake_ddqn,2,10.927,12.14,9412,cpu,0,10,-9.39,0.05,0.844969
384,lightweight_snake_ddqn,2,10.9788,12.24,9412,cpu,12,110,117.93,0.05,0.866804
385,lightweight_snake_ddqn,2,11.0109,12.32,9412,cpu,8,68,74.91,0.05,1.078739
386,lightweight_snake_ddqn,2,11.0584,12.08,9412,cpu,8,101,76.08,0.05,1.624994
387,lightweight_snake_ddqn,2,11.1001,11.96,9412,cpu,12,88,116.15,0.05,0.630888
388,lightweight_snake_ddqn,2,11.1541,11.94,9412,cpu,16,114,156.93,0.05,1.171709
389,lightweight_snake_ddqn,2,11.1835,12.0,9412,cpu,9,62,83.68,0.05,0.546753
390,lightweight_snake_ddqn,2,11.2345,12.06,9412,cpu,13,108,126.66,0.05,0.656012
391,lightweight_snake_ddqn,2,11.2914,12.24,9412,cpu,17,120,165.98,0.05,1.129477
392,lightweight_snake_ddqn,2,11.3329,12.24,9412,cpu,12,88,115.55,0.05,0.969216
393,lightweight_snake_ddqn,2,11.3814,12.12,9412,cpu,12,103,117.3,0.05,1.353578
394,lightweight_snake_ddqn,2,11.4396,12.14,9412,cpu,17,123,168.05,0.05,1.192838
395,lightweight_snake_ddqn,2,11.46,11.94,9412,cpu,5,43,42.93,0.05,0.589916
396,lightweight_snake_ddqn,2,11.5086,12.0,9412,cpu,12,103,116.9,0.05,0.783427
397,lightweight_snake_ddqn,2,11.5399,12.06,9412,cpu,10,66,94.15,0.05,1.505644
398,lightweight_snake_ddqn,2,11.6118,11.94,9412,cpu,16,151,160.06,0.05,0.324348
399,lightweight_snake_ddqn,2,11.6714,12.2,9412,cpu,15,125,145.61,0.05,1.892096
400,lightweight_snake_ddqn,2,11.6922,11.92,9412,cpu,6,44,52.53,0.05,1.103449
401,lightweight_snake_ddqn,2,11.7423,11.94,9412,cpu,10,105,97.06,0.05,1.20683
402,lightweight_snake_ddqn,2,11.8393,12.2,9412,cpu,20,199,201.82,0.05,2.188317
403,lightweight_snake_ddqn,2,11.8655,12.2,9412,cpu,8,52,73.47,0.05,1.054098
404,lightweight_snake_ddqn,2,11.8685,12.12,9412,cpu,1,6,0.36,0.05,0.395504
405,lightweight_snake_ddqn,2,11.9355,12.14,9412,cpu,15,139,147.87,0.05,1.563857
406,lightweight_snake_ddqn,2,12.0109,12.28,9412,cpu,18,157,181.42,0.05,0.850041
407,lightweight_snake_ddqn,2,12.0651,12.3,9412,cpu,17,114,165.84,0.05,1.036642
408,lightweight_snake_ddqn,2,12.1159,12.22,9412,cpu,14,105,137.5,0.05,1.053623
409,lightweight_snake_ddqn,2,12.1388,12.14,9412,cpu,7,48,63.4,0.05,0.592245
410,lightweight_snake_ddqn,2,12.1823,12.04,9412,cpu,10,89,95.82,0.05,0.938002
411,lightweight_snake_ddqn,2,12.2252,12.04,9412,cpu,10,89,93.62,0.05,0.629745
412,lightweight_snake_ddqn,2,12.2912,11.96,9412,cpu,14,135,137.4,0.05,0.674916
413,lightweight_snake_ddqn,2,12.3102,11.68,9412,cpu,4,40,33.15,0.05,1.209484
414,lightweight_snake_ddqn,2,12.3435,11.64,9412,cpu,8,70,75.29,0.05,2.010191
415,lightweight_snake_ddqn,2,12.4458,11.94,9412,cpu,23,212,233.52,0.05,1.168695
416,lightweight_snake_ddqn,2,12.4762,11.72,9412,cpu,6,63,54.24,0.05,1.011171
417,lightweight_snake_ddqn,2,12.5264,11.78,9412,cpu,13,106,127.08,0.05,0.817348
418,lightweight_snake_ddqn,2,12.5783,11.86,9412,cpu,14,110,136.35,0.05,0.700587
419,lightweight_snake_ddqn,2,12.6,11.84,9412,cpu,8,44,72.55,0.05,0.159377
420,lightweight_snake_ddqn,2,12.6924,12.0,9412,cpu,21,193,208.99,0.05,0.812758
421,lightweight_snake_ddqn,2,12.722,12.1,9412,cpu,8,62,73.97,0.05,0.936352
422,lightweight_snake_ddqn,2,12.796,12.26,9412,cpu,17,154,169.64,0.05,1.232703
423,lightweight_snake_ddqn,2,12.8188,12.24,9412,cpu,6,48,52.89,0.05,0.730679
424,lightweight_snake_ddqn,2,12.8775,12.34,9412,cpu,15,123,148.43,0.05,1.785837
425,lightweight_snake_ddqn,2,12.9277,12.36,9412,cpu,14,106,135.99,0.05,1.722248
426,lightweight_snake_ddqn,2,12.9644,12.04,9412,cpu,10,77,95.14,0.05,1.8107
427,lightweight_snake_ddqn,2,13.0317,12.0,9412,cpu,16,142,159.25,0.05,1.551943
428,lightweight_snake_ddqn,2,13.0773,12.12,9412,cpu,15,96,146.4,0.05,1.209146
429,lightweight_snake_ddqn,2,13.1211,12.16,9412,cpu,13,91,126.53,0.05,0.931889
430,lightweight_snake_ddqn,2,13.1748,12.1,9412,cpu,14,113,137.62,0.05,0.483305
431,lightweight_snake_ddqn,2,13.2388,12.06,9412,cpu,18,135,179.64,0.05,0.898505
432,lightweight_snake_ddqn,2,13.2464,11.76,9412,cpu,1,16,1.26,0.05,1.948353
433,lightweight_snake_ddqn,2,13.2969,12.04,9412,cpu,14,107,137.68,0.05,0.324717
434,lightweight_snake_ddqn,2,13.3164,11.92,9412,cpu,6,41,53.06,0.05,0.988046
435,lightweight_snake_ddqn,2,13.346,11.9,9412,cpu,7,63,64.35,0.05,0.778216
436,lightweight_snake_ddqn,2,13.417,12.14,9412,cpu,20,150,199.01,0.05,0.789125
437,lightweight_snake_ddqn,2,13.4591,12.12,9412,cpu,11,89,106.13,0.05,1.586819
438,lightweight_snake_ddqn,2,13.4717,11.84,9412,cpu,2,27,11.96,0.05,0.701363
439,lightweight_snake_ddqn,2,13.4867,11.74,9412,cpu,4,32,31.23,0.05,0.998044
440,lightweight_snake_ddqn,2,13.5164,11.68,9412,cpu,10,63,94.68,0.05,1.086657
441,lightweight_snake_ddqn,2,13.5486,11.54,9412,cpu,10,68,94.33,0.05,0.796726
442,lightweight_snake_ddqn,2,13.5577,11.38,9412,cpu,4,19,31.06,0.05,1.295874
443,lightweight_snake_ddqn,2,13.5882,11.34,9412,cpu,10,64,94.17,0.05,1.141652
444,lightweight_snake_ddqn,2,13.6393,11.28,9412,cpu,14,107,136.68,0.05,1.54449
445,lightweight_snake_ddqn,2,13.6818,11.48,9412,cpu,15,89,145.57,0.05,1.255301
446,lightweight_snake_ddqn,2,13.8149,11.86,9412,cpu,31,279,314.43,0.05,1.236069
447,lightweight_snake_ddqn,2,13.8394,11.8,9412,cpu,7,51,63.47,0.05,0.697037
448,lightweight_snake_ddqn,2,13.8583,11.58,9412,cpu,5,40,43.06,0.05,1.2957
449,lightweight_snake_ddqn,2,13.9157,11.66,9412,cpu,19,121,187.89,0.05,1.432721
450,lightweight_snake_ddqn,2,13.9517,11.76,9412,cpu,11,76,105.36,0.05,0.891305
451,lightweight_snake_ddqn,2,13.9951,11.74,9412,cpu,9,92,86.38,0.05,0.878612
452,lightweight_snake_ddqn,2,13.9984,11.38,9412,cpu,2,7,10.16,0.05,1.476934
453,lightweight_snake_ddqn,2,14.0387,11.42,9412,cpu,10,85,95.06,0.05,0.983482
454,lightweight_snake_ddqn,2,14.0603,11.46,9412,cpu,3,46,23.18,0.05,1.166509
455,lightweight_snake_ddqn,2,14.112,11.48,9412,cpu,16,109,157.48,0.05,1.430505
456,lightweight_snake_ddqn,2,14.1704,11.42,9412,cpu,15,123,148.43,0.05,1.779806
457,lightweight_snake_ddqn,2,14.2108,11.34,9412,cpu,13,86,125.88,0.05,1.249002
458,lightweight_snake_ddqn,2,14.264,11.4,9412,cpu,17,112,167.26,0.05,0.530069
459,lightweight_snake_ddqn,2,14.3073,11.52,9412,cpu,13,91,125.73,0.05,0.685139
460,lightweight_snake_ddqn,2,14.3519,11.54,9412,cpu,11,94,105.98,0.05,0.826345
461,lightweight_snake_ddqn,2,14.4064,11.64,9412,cpu,15,115,147.91,0.05,0.743067
462,lightweight_snake_ddqn,2,14.4311,11.54,9412,cpu,9,52,83.78,0.05,0.41052
463,lightweight_snake_ddqn,2,14.4392,11.5,9412,cpu,2,17,10.86,0.05,0.854848
464,lightweight_snake_ddqn,2,14.4986,11.68,9412,cpu,17,125,168.63,0.05,0.838963
465,lightweight_snake_ddqn,2,14.55,11.52,9412,cpu,15,108,147.08,0.05,1.079467
466,lightweight_snake_ddqn,2,14.5989,11.68,9412,cpu,14,103,137.32,0.05,0.818637
467,lightweight_snake_ddqn,2,14.6541,11.7,9412,cpu,14,116,137.89,0.05,0.629558
468,lightweight_snake_ddqn,2,14.6811,11.54,9412,cpu,6,57,54.3,0.05,1.831992
469,lightweight_snake_ddqn,2,14.6956,11.46,9412,cpu,4,30,32.05,0.05,1.634689
470,lightweight_snake_ddqn,2,14.8135,11.56,9412,cpu,26,246,264.51,0.05,1.495395
471,lightweight_snake_ddqn,2,14.9135,11.86,9412,cpu,23,210,229.74,0.05,1.203258
472,lightweight_snake_ddqn,2,14.9454,11.72,9412,cpu,10,67,94.44,0.05,0.617359
473,lightweight_snake_ddqn,2,14.9492,11.62,9412,cpu,1,8,0.54,0.05,0.382205
474,lightweight_snake_ddqn,2,15.0231,11.74,9412,cpu,21,156,210.86,0.05,0.813666
475,lightweight_snake_ddqn,2,15.0565,11.68,9412,cpu,11,70,104.22,0.05,1.154348
476,lightweight_snake_ddqn,2,15.076,11.58,9412,cpu,5,41,42.75,0.05,1.282225
477,lightweight_snake_ddqn,2,15.1649,11.74,9412,cpu,24,187,242.78,0.05,0.615022
478,lightweight_snake_ddqn,2,15.1899,11.58,9412,cpu,7,53,62.45,0.05,0.56323
479,lightweight_snake_ddqn,2,15.249,11.66,9412,cpu,17,124,166.94,0.05,0.89069
480,lightweight_snake_ddqn,2,15.2867,11.6,9412,cpu,11,80,104.72,0.05,1.172283
481,lightweight_snake_ddqn,2,15.3312,11.5,9412,cpu,13,94,126.6,0.05,0.435829
482,lightweight_snake_ddqn,2,15.419,11.98,9412,cpu,25,185,253.11,0.05,0.696356
483,lightweight_snake_ddqn,2,15.4241,11.74,9412,cpu,2,11,10.72,0.05,1.063027
484,lightweight_snake_ddqn,2,15.4341,11.68,9412,cpu,3,21,21.53,0.05,0.525893
485,lightweight_snake_ddqn,2,15.4688,11.72,9412,cpu,9,73,84.07,0.05,1.244035
486,lightweight_snake_ddqn,2,15.5105,11.56,9412,cpu,12,88,115.55,0.05,0.591789
487,lightweight_snake_ddqn,2,15.5764,11.7,9412,cpu,18,140,178.69,0.05,0.430116
488,lightweight_snake_ddqn,2,15.6498,12.06,9412,cpu,20,156,198.75,0.05,0.838982
489,lightweight_snake_ddqn,2,15.6639,12.06,9412,cpu,4,30,31.45,0.05,0.999785
490,lightweight_snake_ddqn,2,15.6945,12.1,9412,cpu,12,65,114.08,0.05,1.558105
491,lightweight_snake_ddqn,2,15.7059,11.98,9412,cpu,4,24,31.71,0.05,1.28712
492,lightweight_snake_ddqn,2,15.712,11.94,9412,cpu,2,13,10.7,0.05,0.818184
493,lightweight_snake_ddqn,2,15.7512,11.94,9412,cpu,10,83,95.48,0.05,1.348782
494,lightweight_snake_ddqn,2,15.7785,11.84,9412,cpu,9,58,84.32,0.05,0.722329
495,lightweight_snake_ddqn,2,15.8261,11.82,9412,cpu,14,100,136.45,0.05,0.520926
496,lightweight_snake_ddqn,2,15.8398,11.3,9412,cpu,5,29,41.67,0.05,1.433944
497,lightweight_snake_ddqn,2,15.8874,11.44,9412,cpu,14,101,135.74,0.05,0.441895
498,lightweight_snake_ddqn,2,15.9383,11.58,9412,cpu,12,108,117.95,0.05,1.483724
499,lightweight_snake_ddqn,2,16.0009,11.52,9412,cpu,16,132,159.55,0.05,1.027763
500,lightweight_snake_ddqn,2,16.049,11.54,9412,cpu,12,101,115.72,0.05,1.200325
501,lightweight_snake_ddqn,2,16.0724,11.54,9412,cpu,9,49,83.51,0.05,1.045423
502,lightweight_snake_ddqn,2,16.1268,11.76,9412,cpu,13,114,128.6,0.05,0.818758
503,lightweight_snake_ddqn,2,16.1468,11.66,9412,cpu,5,42,42.04,0.05,1.011989
504,lightweight_snake_ddqn,2,16.194,11.9,9412,cpu,15,99,146.67,0.05,0.967119
505,lightweight_snake_ddqn,2,16.2609,11.96,9412,cpu,19,140,189.0,0.05,1.598925
506,lightweight_snake_ddqn,2,16.2953,11.86,9412,cpu,10,72,95.49,0.05,1.168593
507,lightweight_snake_ddqn,2,16.384,12.02,9412,cpu,21,187,211.65,0.05,0.830469
508,lightweight_snake_ddqn,2,16.4549,12.06,9412,cpu,19,149,190.61,0.05,1.180084
509,lightweight_snake_ddqn,2,16.4776,11.86,9412,cpu,3,48,23.76,0.05,0.751129
510,lightweight_snake_ddqn,2,16.5193,11.84,9412,cpu,10,88,95.73,0.05,2.496333
511,lightweight_snake_ddqn,2,16.5803,11.82,9412,cpu,14,129,138.86,0.05,0.386593
512,lightweight_snake_ddqn,2,16.6068,11.8,9412,cpu,8,56,73.83,0.05,1.251706
513,lightweight_snake_ddqn,2,16.6461,12.0,9412,cpu,12,83,114.9,0.05,1.153595
514,lightweight_snake_ddqn,2,16.7429,12.08,9412,cpu,21,203,210.49,0.05,0.774983
515,lightweight_snake_ddqn,2,16.8025,12.04,9412,cpu,13,125,126.39,0.05,1.38013
516,lightweight_snake_ddqn,2,16.9295,12.28,9412,cpu,26,268,264.89,0.05,0.925478
517,lightweight_snake_ddqn,2,16.9765,12.2,9412,cpu,10,100,96.01,0.05,1.263737
518,lightweight_snake_ddqn,2,17.0175,12.28,9412,cpu,10,87,96.04,0.05,0.965369
519,lightweight_snake_ddqn,2,17.0719,12.44,9412,cpu,12,115,117.38,0.05,0.550486
520,lightweight_snake_ddqn,2,17.1849,12.42,9412,cpu,25,239,254.57,0.05,0.978743
521,lightweight_snake_ddqn,2,17.2509,12.3,9412,cpu,17,139,169.69,0.05,1.960479
522,lightweight_snake_ddqn,2,17.2883,12.32,9412,cpu,11,79,103.63,0.05,0.810699
523,lightweight_snake_ddqn,2,17.3308,12.52,9412,cpu,11,90,106.82,0.05,0.703554
524,lightweight_snake_ddqn,2,17.3611,12.26,9412,cpu,8,64,74.55,0.05,0.735646
525,lightweight_snake_ddqn,2,17.3903,12.18,9412,cpu,7,62,64.06,0.05,0.479108
526,lightweight_snake_ddqn,2,17.3974,12.12,9412,cpu,2,15,10.88,0.05,1.312922
527,lightweight_snake_ddqn,2,17.4446,11.88,9412,cpu,12,100,114.63,0.05,1.527934
528,lightweight_snake_ddqn,2,17.4708,11.9,9412,cpu,8,55,73.74,0.05,1.610762
529,lightweight_snake_ddqn,2,17.4892,11.68,9412,cpu,6,39,52.48,0.05,0.503273
530,lightweight_snake_ddqn,2,17.5494,11.74,9412,cpu,14,127,138.28,0.05,1.151623
531,lightweight_snake_ddqn,2,17.6235,11.9,9412,cpu,21,156,209.86,0.05,0.206202
532,lightweight_snake_ddqn,2,17.6386,11.48,9412,cpu,4,32,32.23,0.05,0.327318
533,lightweight_snake_ddqn,2,17.6985,11.8,9412,cpu,18,126,177.63,0.05,1.198446
534,lightweight_snake_ddqn,2,17.7331,12.0,9412,cpu,13,73,125.31,0.05,1.132183
535,lightweight_snake_ddqn,2,17.7664,11.98,9412,cpu,8,70,74.49,0.05,1.138548
536,lightweight_snake_ddqn,2,17.8089,11.96,9412,cpu,11,89,106.93,0.05,0.869431
537,lightweight_snake_ddqn,2,17.8554,11.86,9412,cpu,13,98,126.36,0.05,1.346179
538,lightweight_snake_ddqn,2,17.8701,11.54,9412,cpu,4,31,32.34,0.05,0.821562
539,lightweight_snake_ddqn,2,17.9334,11.78,9412,cpu,16,134,158.33,0.05,1.041091
540,lightweight_snake_ddqn,2,17.9667,11.76,9412,cpu,11,70,104.82,0.05,0.826072
541,lightweight_snake_ddqn,2,18.035,12.04,9412,cpu,18,144,179.65,0.05,0.966538
542,lightweight_snake_ddqn,2,18.0927,12.28,9412,cpu,14,122,137.63,0.05,1.717007
543,lightweight_snake_ddqn,2,18.1173,12.24,9412,cpu,8,52,73.67,0.05,1.713053
544,lightweight_snake_ddqn,2,18.23,12.56,9412,cpu,25,238,255.08,0.05,0.922186
545,lightweight_snake_ddqn,2,18.2802,12.54,9412,cpu,13,106,126.28,0.05,0.524518
546,lightweight_snake_ddqn,2,18.2972,12.54,9412,cpu,5,36,41.9,0.05,0.770724
547,lightweight_snake_ddqn,2,18.3421,12.54,9412,cpu,14,95,136.8,0.05,1.444953
548,lightweight_snake_ddqn,2,18.3545,12.38,9412,cpu,4,26,31.89,0.05,1.418644
549,lightweight_snake_ddqn,2,18.435,12.5,9412,cpu,22,169,220.94,0.05,1.614529
550,lightweight_snake_ddqn,2,18.4779,12.44,9412,cpu,9,90,84.6,0.05,1.985481
551,lightweight_snake_ddqn,2,18.4974,12.36,9412,cpu,5,41,42.35,0.05,1.00086
552,lightweight_snake_ddqn,2,18.5249,12.24,9412,cpu,7,58,64.3,0.05,0.82653
553,lightweight_snake_ddqn,2,18.5755,12.42,9412,cpu,14,106,136.99,0.05,0.998134
554,lightweight_snake_ddqn,2,18.6299,12.38,9412,cpu,13,115,128.09,0.05,1.379232
555,lightweight_snake_ddqn,2,18.6871,12.3,9412,cpu,15,120,147.56,0.05,1.294422
556,lightweight_snake_ddqn,2,18.7351,12.32,9412,cpu,11,101,107.01,0.05,1.15475
557,lightweight_snake_ddqn,2,18.7415,11.94,9412,cpu,2,13,10.9,0.05,0.695395
558,lightweight_snake_ddqn,2,18.7671,11.72,9412,cpu,8,54,73.65,0.05,0.788657
559,lightweight_snake_ddqn,2,18.8272,11.98,9412,cpu,16,126,157.41,0.05,0.905513
560,lightweight_snake_ddqn,2,18.9051,12.16,9412,cpu,19,164,191.56,0.05,1.351481
561,lightweight_snake_ddqn,2,18.9363,12.02,9412,cpu,7,66,64.82,0.05,0.385326
562,lightweight_snake_ddqn,2,18.9945,12.2,9412,cpu,17,123,168.05,0.05,1.034837
563,lightweight_snake_ddqn,2,19.0751,12.36,9412,cpu,20,170,197.41,0.05,0.904571
564,lightweight_snake_ddqn,2,19.1147,12.2,9412,cpu,13,84,125.7,0.05,1.478728
565,lightweight_snake_ddqn,2,19.1766,12.26,9412,cpu,16,130,158.77,0.05,1.365033
566,lightweight_snake_ddqn,2,19.2379,12.08,9412,cpu,17,130,168.88,0.05,1.017434
567,lightweight_snake_ddqn,2,19.2423,11.9,9412,cpu,1,9,0.63,0.05,1.402011
568,lightweight_snake_ddqn,2,19.2801,11.9,9412,cpu,10,79,94.72,0.05,1.368386
569,lightweight_snake_ddqn,2,19.2833,11.68,9412,cpu,1,7,0.45,0.05,0.419827
570,lightweight_snake_ddqn,2,19.3303,11.36,9412,cpu,9,99,87.01,0.05,1.238162
571,lightweight_snake_ddqn,2,19.3874,11.32,9412,cpu,15,119,148.27,0.05,0.998411
572,lightweight_snake_ddqn,2,19.4132,11.22,9412,cpu,6,54,54.03,0.05,1.117729
573,lightweight_snake_ddqn,2,19.4591,11.22,9412,cpu,11,96,106.76,0.05,0.435657
574,lightweight_snake_ddqn,2,19.4921,11.24,9412,cpu,9,69,84.31,0.05,1.399185
575,lightweight_snake_ddqn,2,19.5191,11.26,9412,cpu,8,57,73.92,0.05,1.395656
576,lightweight_snake_ddqn,2,19.5381,11.28,9412,cpu,3,40,22.84,0.05,0.955931
577,lightweight_snake_ddqn,2,19.6283,11.44,9412,cpu,20,189,202.52,0.05,0.272829
578,lightweight_snake_ddqn,2,19.6401,11.34,9412,cpu,3,25,21.09,0.05,1.658466
579,lightweight_snake_ddqn,2,19.6896,11.44,9412,cpu,11,104,107.48,0.05,1.04249
580,lightweight_snake_ddqn,2,19.7486,11.52,9412,cpu,18,123,178.76,0.05,0.952866
581,lightweight_snake_ddqn,2,19.7873,11.34,9412,cpu,12,81,115.52,0.05,0.823065
582,lightweight_snake_ddqn,2,19.8082,11.36,9412,cpu,5,44,43.42,0.05,1.046072
583,lightweight_snake_ddqn,2,19.8654,11.32,9412,cpu,16,120,157.27,0.05,1.54688
584,lightweight_snake_ddqn,2,19.9057,11.32,9412,cpu,13,85,125.79,0.05,0.428711
585,lightweight_snake_ddqn,2,19.9635,11.46,9412,cpu,15,121,148.65,0.05,1.201951
586,lightweight_snake_ddqn,2,19.9743,11.3,9412,cpu,3,23,21.31,0.05,0.459911
587,lightweight_snake_ddqn,2,19.9923,11.12,9412,cpu,4,38,32.77,0.05,1.443777
588,lightweight_snake_ddqn,2,20.0112,11.16,9412,cpu,6,40,52.77,0.05,0.758837
589,lightweight_snake_ddqn,2,20.0628,11.16,9412,cpu,16,109,157.68,0.05,0.888322
590,lightweight_snake_ddqn,2,20.0747,11.0,9412,cpu,3,25,21.29,0.05,0.405815
591,lightweight_snake_ddqn,2,20.1334,10.96,9412,cpu,16,124,157.03,0.05,1.316246
592,lightweight_snake_ddqn,2,20.1869,10.94,9412,cpu,13,113,126.31,0.05,0.857381
593,lightweight_snake_ddqn,2,20.2356,11.02,9412,cpu,12,103,115.9,0.05,1.137939
594,lightweight_snake_ddqn,2,20.2959,10.86,9412,cpu,17,127,168.21,0.05,1.140171
595,lightweight_snake_ddqn,2,20.3349,10.76,9412,cpu,8,82,75.57,0.05,1.32867
596,lightweight_snake_ddqn,2,20.3822,10.88,9412,cpu,11,100,105.72,0.05,0.531694
597,lightweight_snake_ddqn,2,20.4288,10.84,9412,cpu,12,98,117.05,0.05,1.943702
598,lightweight_snake_ddqn,2,20.4429,10.82,9412,cpu,3,30,22.34,0.05,1.39208
599,lightweight_snake_ddqn,2,20.4595,10.44,9412,cpu,3,35,22.59,0.05,1.131643
600,lightweight_snake_ddqn,2,20.5068,10.46,9412,cpu,10,100,95.61,0.05,0.376589
601,lightweight_snake_ddqn,2,20.5577,10.66,9412,cpu,15,107,145.39,0.05,0.619982
602,lightweight_snake_ddqn,2,20.5868,10.7,9412,cpu,9,61,82.39,0.05,1.131988
603,lightweight_snake_ddqn,2,20.6195,10.58,9412,cpu,8,69,73.8,0.05,1.358705
604,lightweight_snake_ddqn,2,20.7197,10.8,9412,cpu,24,210,243.65,0.05,1.441003
605,lightweight_snake_ddqn,2,20.724,10.52,9412,cpu,1,9,0.63,0.05,0.947607
606,lightweight_snake_ddqn,2,20.7828,10.66,9412,cpu,18,123,177.36,0.05,0.768347
607,lightweight_snake_ddqn,2,20.7961,10.72,9412,cpu,5,27,41.49,0.05,1.797675
608,lightweight_snake_ddqn,2,20.8426,10.8,9412,cpu,12,98,115.05,0.05,1.983038
609,lightweight_snake_ddqn,2,20.8602,10.6,9412,cpu,6,37,51.5,0.05,0.585543
610,lightweight_snake_ddqn,2,20.8913,10.38,9412,cpu,8,65,74.24,0.05,1.395227
611,lightweight_snake_ddqn,2,20.9333,10.54,9412,cpu,15,88,145.48,0.05,1.140576
612,lightweight_snake_ddqn,2,20.939,10.24,9412,cpu,2,12,10.81,0.05,1.530261
613,lightweight_snake_ddqn,2,20.9475,9.88,9412,cpu,2,18,11.35,0.05,1.250903
614,lightweight_snake_ddqn,2,21.0159,10.0,9412,cpu,19,144,189.56,0.05,0.673194
615,lightweight_snake_ddqn,2,21.0283,9.74,9412,cpu,3,26,21.38,0.05,1.534768
616,lightweight_snake_ddqn,2,21.1246,9.96,9412,cpu,28,202,283.97,0.05,1.72626
617,lightweight_snake_ddqn,2,21.2342,10.4,9412,cpu,23,230,230.54,0.05,1.323036
618,lightweight_snake_ddqn,2,21.2676,10.38,9412,cpu,9,70,85.0,0.05,1.135855
619,lightweight_snake_ddqn,2,21.3285,10.76,9412,cpu,20,128,197.03,0.05,1.188157
620,lightweight_snake_ddqn,2,21.3694,10.76,9412,cpu,9,86,85.44,0.05,1.097695
621,lightweight_snake_ddqn,2,21.4355,10.78,9412,cpu,16,139,158.18,0.05,0.539378
622,lightweight_snake_ddqn,2,21.5038,10.98,9412,cpu,16,145,159.12,0.05,1.128856
623,lightweight_snake_ddqn,2,21.5604,11.06,9412,cpu,15,120,148.56,0.05,1.60232
624,lightweight_snake_ddqn,2,21.5892,11.0,9412,cpu,6,61,54.06,0.05,0.986598
625,lightweight_snake_ddqn,2,21.6523,11.18,9412,cpu,17,134,168.84,0.05,1.145649
626,lightweight_snake_ddqn,2,21.6626,11.18,9412,cpu,3,22,21.62,0.05,1.846285
627,lightweight_snake_ddqn,2,21.6664,10.8,9412,cpu,1,8,0.34,0.05,0.582838
628,lightweight_snake_ddqn,2,21.7302,11.06,9412,cpu,16,135,159.22,0.05,1.056448
629,lightweight_snake_ddqn,2,21.7785,11.1,9412,cpu,13,102,127.52,0.05,1.807164
630,lightweight_snake_ddqn,2,21.8401,11.04,9412,cpu,15,130,147.46,0.05,0.999681
631,lightweight_snake_ddqn,2,21.9021,11.12,9412,cpu,16,131,158.46,0.05,0.793693
632,lightweight_snake_ddqn,2,21.9266,11.14,9412,cpu,6,52,53.25,0.05,1.115763
633,lightweight_snake_ddqn,2,21.9831,11.1,9412,cpu,14,120,137.25,0.05,0.660439
634,lightweight_snake_ddqn,2,22.0345,11.1,9412,cpu,13,109,126.75,0.05,0.771362
635,lightweight_snake_ddqn,2,22.0843,11.0,9412,cpu,10,106,96.15,0.05,0.231007
636,lightweight_snake_ddqn,2,22.1088,11.06,9412,cpu,6,52,53.85,0.05,0.792068
637,lightweight_snake_ddqn,2,22.1402,11.16,9412,cpu,9,67,83.53,0.05,1.400069
638,lightweight_snake_ddqn,2,22.1537,11.1,9412,cpu,3,29,21.85,0.05,0.880694
639,lightweight_snake_ddqn,2,22.1959,11.04,9412,cpu,13,90,126.24,0.05,1.571744
640,lightweight_snake_ddqn,2,22.2323,11.18,9412,cpu,10,77,95.34,0.05,1.159853
641,lightweight_snake_ddqn,2,22.2417,10.92,9412,cpu,3,20,21.44,0.05,1.381564
642,lightweight_snake_ddqn,2,22.2949,10.9,9412,cpu,12,113,117.8,0.05,0.893315
643,lightweight_snake_ddqn,2,22.3456,10.9,9412,cpu,12,108,117.55,0.05,1.284354
644,lightweight_snake_ddqn,2,22.3904,10.78,9412,cpu,11,96,106.36,0.05,1.531641
645,lightweight_snake_ddqn,2,22.4532,11.02,9412,cpu,20,134,198.17,0.05,0.974123
646,lightweight_snake_ddqn,2,22.4953,11.04,9412,cpu,12,90,115.93,0.05,1.752707
647,lightweight_snake_ddqn,2,22.5015,10.86,9412,cpu,3,13,20.81,0.05,1.240498
648,lightweight_snake_ddqn,2,22.5386,11.06,9412,cpu,13,79,124.85,0.05,0.812102
649,lightweight_snake_ddqn,2,22.6067,11.34,9412,cpu,17,145,168.23,0.05,0.380772
650,lightweight_snake_ddqn,2,22.6372,11.28,9412,cpu,7,65,64.13,0.05,0.85204
651,lightweight_snake_ddqn,2,22.6467,11.06,9412,cpu,4,20,31.35,0.05,1.733249
652,lightweight_snake_ddqn,2,22.6758,11.04,9412,cpu,8,62,72.97,0.05,1.621179
653,lightweight_snake_ddqn,2,22.7305,11.16,9412,cpu,14,116,135.49,0.05,1.144233
654,lightweight_snake_ddqn,2,22.7508,10.8,9412,cpu,6,43,52.84,0.05,0.557459
655,lightweight_snake_ddqn,2,22.7997,11.08,9412,cpu,15,103,147.43,0.05,0.463786
656,lightweight_snake_ddqn,2,22.8529,10.98,9412,cpu,13,113,127.11,0.05,1.195966
657,lightweight_snake_ddqn,2,22.8746,11.02,9412,cpu,7,46,62.82,0.05,1.223642
658,lightweight_snake_ddqn,2,22.8844,10.84,9412,cpu,3,21,20.93,0.05,0.812768
659,lightweight_snake_ddqn,2,22.9584,11.14,9412,cpu,21,157,207.75,0.05,1.122522
660,lightweight_snake_ddqn,2,23.0164,11.24,9412,cpu,13,123,129.01,0.05,0.845158
661,lightweight_snake_ddqn,2,23.0878,11.34,9412,cpu,20,152,199.39,0.05,1.302574
662,lightweight_snake_ddqn,2,23.1545,11.68,9412,cpu,19,142,188.98,0.05,1.043669
663,lightweight_snake_ddqn,2,23.1634,11.72,9412,cpu,4,19,31.06,0.05,1.261476
664,lightweight_snake_ddqn,2,23.268,11.92,9412,cpu,29,222,296.08,0.05,1.997869
665,lightweight_snake_ddqn,2,23.3194,12.18,9412,cpu,16,109,156.68,0.05,1.877372
666,lightweight_snake_ddqn,2,23.3732,11.96,9412,cpu,17,114,167.64,0.05,0.780709
667,lightweight_snake_ddqn,2,23.417,11.74,9412,cpu,12,93,116.0,0.05,0.697492
668,lightweight_snake_ddqn,2,23.4391,11.7,9412,cpu,7,47,63.51,0.05,1.199161
669,lightweight_snake_ddqn,2,23.4755,11.46,9412,cpu,8,77,74.92,0.05,1.634055
670,lightweight_snake_ddqn,2,23.4895,11.38,9412,cpu,5,30,42.16,0.05,1.682897
671,lightweight_snake_ddqn,2,23.5168,11.2,9412,cpu,7,58,64.1,0.05,1.240098
672,lightweight_snake_ddqn,2,23.5509,11.06,9412,cpu,9,73,84.07,0.05,1.08932
673,lightweight_snake_ddqn,2,23.5716,10.86,9412,cpu,5,44,43.22,0.05,1.534983
674,lightweight_snake_ddqn,2,23.6016,10.9,9412,cpu,8,64,73.75,0.05,0.789365
675,lightweight_snake_ddqn,2,23.617,10.62,9412,cpu,3,33,22.21,0.05,1.322023
676,lightweight_snake_ddqn,2,23.6544,10.8,9412,cpu,12,80,114.43,0.05,0.986583
677,lightweight_snake_ddqn,2,23.7348,11.2,9412,cpu,21,170,211.32,0.05,1.458138
678,lightweight_snake_ddqn,2,23.7442,10.94,9412,cpu,3,20,21.24,0.05,1.341989
679,lightweight_snake_ddqn,2,23.7697,10.82,9412,cpu,7,54,63.74,0.05,0.980884
680,lightweight_snake_ddqn,2,23.7877,10.62,9412,cpu,5,38,42.48,0.05,0.608946
681,lightweight_snake_ddqn,2,23.8458,10.6,9412,cpu,15,122,148.14,0.05,1.512186
682,lightweight_snake_ddqn,2,23.8568,10.52,9412,cpu,2,23,11.8,0.05,1.238295
683,lightweight_snake_ddqn,2,23.8732,10.32,9412,cpu,4,35,32.5,0.05,0.870342
684,lightweight_snake_ddqn,2,23.9846,10.58,9412,cpu,26,237,264.3,0.05,0.720919
685,lightweight_snake_ddqn,2,24.0315,10.56,9412,cpu,9,100,86.3,0.05,2.034909
686,lightweight_snake_ddqn,2,24.0959,10.8,9412,cpu,18,137,179.82,0.05,1.462924
687,lightweight_snake_ddqn,2,24.2162,11.16,9412,cpu,27,256,274.92,0.05,2.324316
688,lightweight_snake_ddqn,2,24.2411,11.28,9412,cpu,9,53,83.27,0.05,2.19297
689,lightweight_snake_ddqn,2,24.2515,11.06,9412,cpu,2,22,11.51,0.05,1.667961
690,lightweight_snake_ddqn,2,24.3585,11.42,9412,cpu,28,227,284.02,0.05,1.703568
691,lightweight_snake_ddqn,2,24.3749,11.46,9412,cpu,5,35,42.61,0.05,0.636283
692,lightweight_snake_ddqn,2,24.436,11.56,9412,cpu,17,130,169.08,0.05,1.531169
693,lightweight_snake_ddqn,2,24.492,11.64,9412,cpu,16,119,156.98,0.05,0.807715
694,lightweight_snake_ddqn,2,24.5804,11.84,9412,cpu,21,188,212.34,0.05,1.472131
695,lightweight_snake_ddqn,2,24.5851,11.46,9412,cpu,1,10,0.72,0.05,0.959702
696,lightweight_snake_ddqn,2,24.6356,11.52,9412,cpu,15,107,148.19,0.05,0.82859
697,lightweight_snake_ddqn,2,24.6881,11.7,9412,cpu,12,111,118.02,0.05,0.540069
698,lightweight_snake_ddqn,2,24.7495,11.76,9412,cpu,16,130,157.17,0.05,0.774773
699,lightweight_snake_ddqn,2,24.801,11.66,9412,cpu,12,108,115.15,0.05,1.777394
700,lightweight_snake_ddqn,2,24.8455,11.76,9412,cpu,12,94,117.29,0.05,1.925348
701,lightweight_snake_ddqn,2,24.9143,12.02,9412,cpu,17,146,169.72,0.05,1.075193
702,lightweight_snake_ddqn,2,24.9984,12.2,9412,cpu,17,179,172.49,0.05,0.70858
703,lightweight_snake_ddqn,2,25.0092,11.96,9412,cpu,2,23,11.8,0.05,0.501619
704,lightweight_snake_ddqn,2,25.0928,12.24,9412,cpu,20,178,198.93,0.05,1.483063
705,lightweight_snake_ddqn,2,25.1625,12.26,9412,cpu,16,148,159.19,0.05,1.187818
706,lightweight_snake_ddqn,2,25.22,12.36,9412,cpu,18,122,177.47,0.05,0.96622
707,lightweight_snake_ddqn,2,25.2288,12.26,9412,cpu,2,19,11.04,0.05,1.155179
708,lightweight_snake_ddqn,2,25.2932,12.52,9412,cpu,16,136,157.91,0.05,1.085905
709,lightweight_snake_ddqn,2,25.3592,12.46,9412,cpu,18,140,178.89,0.05,0.659348
710,lightweight_snake_ddqn,2,25.4332,12.56,9412,cpu,18,156,181.13,0.05,0.61176
711,lightweight_snake_ddqn,2,25.476,12.36,9412,cpu,10,91,96.6,0.05,0.669035
712,lightweight_snake_ddqn,2,25.4794,12.0,9412,cpu,1,7,0.45,0.05,1.130586
713,lightweight_snake_ddqn,2,25.4901,11.98,9412,cpu,3,23,21.51,0.05,1.351629
714,lightweight_snake_ddqn,2,25.543,11.68,9412,cpu,14,112,137.53,0.05,1.260963
715,lightweight_snake_ddqn,2,25.6174,11.66,9412,cpu,15,159,151.47,0.05,1.478872
716,lightweight_snake_ddqn,2,25.6293,11.4,9412,cpu,4,25,31.8,0.05,0.729881
717,lightweight_snake_ddqn,2,25.6781,11.42,9412,cpu,13,104,125.7,0.05,0.856317
718,lightweight_snake_ddqn,2,25.7535,11.68,9412,cpu,20,158,200.13,0.05,1.457288
719,lightweight_snake_ddqn,2,25.7564,11.54,9412,cpu,1,6,0.36,0.05,1.602181
720,lightweight_snake_ddqn,2,25.7941,11.64,9412,cpu,10,79,93.72,0.05,1.142134
721,lightweight_snake_ddqn,2,25.8884,11.96,9412,cpu,23,198,232.66,0.05,0.941472
722,lightweight_snake_ddqn,2,25.9495,12.12,9412,cpu,17,129,168.39,0.05,0.393017
723,lightweight_snake_ddqn,2,25.959,12.06,9412,cpu,2,20,11.53,0.05,1.269111
724,lightweight_snake_ddqn,2,26.0232,12.24,9412,cpu,17,135,168.53,0.05,0.937854
725,lightweight_snake_ddqn,2,26.0557,12.38,9412,cpu,10,69,94.82,0.05,1.866398
726,lightweight_snake_ddqn,2,26.0599,12.14,9412,cpu,0,9,-9.28,0.05,0.919041
727,lightweight_snake_ddqn,2,26.1034,11.96,9412,cpu,12,92,115.91,0.05,0.54653
728,lightweight_snake_ddqn,2,26.1593,12.18,9412,cpu,14,118,135.67,0.05,1.507007
729,lightweight_snake_ddqn,2,26.2015,12.26,9412,cpu,11,90,105.62,0.05,1.35518
730,lightweight_snake_ddqn,2,26.2395,12.42,9412,cpu,13,80,125.14,0.05,0.896569
731,lightweight_snake_ddqn,2,26.2739,12.34,9412,cpu,11,73,105.29,0.05,1.216987
732,lightweight_snake_ddqn,2,26.3442,12.72,9412,cpu,21,148,208.54,0.05,1.173285
733,lightweight_snake_ddqn,2,26.3674,12.76,9412,cpu,6,49,52.98,0.05,0.641087
734,lightweight_snake_ddqn,2,26.4043,12.44,9412,cpu,10,78,95.03,0.05,1.16795
735,lightweight_snake_ddqn,2,26.4747,12.58,9412,cpu,16,149,159.28,0.05,1.278638
736,lightweight_snake_ddqn,2,26.5415,12.54,9412,cpu,16,142,158.25,0.05,0.761256
737,lightweight_snake_ddqn,2,26.6145,12.34,9412,cpu,17,155,169.53,0.05,0.34107
738,lightweight_snake_ddqn,2,26.6421,12.3,9412,cpu,7,59,63.79,0.05,0.958078
739,lightweight_snake_ddqn,2,26.6643,12.42,9412,cpu,8,47,72.42,0.05,1.467301
740,lightweight_snake_ddqn,2,26.7024,12.08,9412,cpu,11,81,105.01,0.05,0.932648
741,lightweight_snake_ddqn,2,26.7731,12.34,9412,cpu,18,149,178.5,0.05,1.98348
742,lightweight_snake_ddqn,2,26.8229,12.28,9412,cpu,14,105,137.7,0.05,1.299216
743,lightweight_snake_ddqn,2,26.9018,12.28,9412,cpu,16,168,158.99,0.05,2.21703
744,lightweight_snake_ddqn,2,26.9279,12.04,9412,cpu,9,55,83.25,0.05,0.886221
745,lightweight_snake_ddqn,2,26.9622,12.24,9412,cpu,11,73,104.69,0.05,1.070074
746,lightweight_snake_ddqn,2,27.0273,12.28,9412,cpu,17,139,168.29,0.05,1.568803
747,lightweight_snake_ddqn,2,27.0631,12.24,9412,cpu,10,76,95.25,0.05,0.926716
748,lightweight_snake_ddqn,2,27.1125,12.22,9412,cpu,15,104,146.72,0.05,0.847411
749,lightweight_snake_ddqn,2,27.1176,12.0,9412,cpu,1,11,0.81,0.05,0.628784
750,lightweight_snake_ddqn,2,27.1486,11.9,9412,cpu,7,66,64.62,0.05,0.984591
751,lightweight_snake_ddqn,2,27.1745,11.68,9412,cpu,6,55,53.72,0.05,1.367458
752,lightweight_snake_ddqn,2,27.1835,11.38,9412,cpu,2,19,10.44,0.05,0.541768
753,lightweight_snake_ddqn,2,27.269,11.68,9412,cpu,17,182,169.96,0.05,0.601737
754,lightweight_snake_ddqn,2,27.284,11.38,9412,cpu,5,32,41.54,0.05,0.76399
755,lightweight_snake_ddqn,2,27.3463,11.38,9412,cpu,16,132,157.35,0.05,1.350697
756,lightweight_snake_ddqn,2,27.4039,11.36,9412,cpu,17,122,168.96,0.05,0.428817
757,lightweight_snake_ddqn,2,27.4129,11.38,9412,cpu,3,19,21.35,0.05,1.033764
758,lightweight_snake_ddqn,2,27.4534,11.32,9412,cpu,13,86,125.28,0.05,0.722071
759,lightweight_snake_ddqn,2,27.5439,11.32,9412,cpu,18,193,180.26,0.05,1.446589
760,lightweight_snake_ddqn,2,27.6133,11.38,9412,cpu,21,147,210.05,0.05,1.116481
761,lightweight_snake_ddqn,2,27.6401,11.32,9412,cpu,7,57,63.81,0.05,0.937305
762,lightweight_snake_ddqn,2,27.6448,11.32,9412,cpu,1,10,0.72,0.05,0.670644
763,lightweight_snake_ddqn,2,27.6968,11.58,9412,cpu,16,110,157.77,0.05,0.527959
764,lightweight_snake_ddqn,2,27.7414,11.6,9412,cpu,15,94,144.62,0.05,0.394091
765,lightweight_snake_ddqn,2,27.7522,11.36,9412,cpu,3,23,21.31,0.05,0.389594
766,lightweight_snake_ddqn,2,27.8192,11.68,9412,cpu,20,141,197.8,0.05,0.558732
767,lightweight_snake_ddqn,2,27.8623,11.68,9412,cpu,13,91,124.73,0.05,0.868449
768,lightweight_snake_ddqn,2,27.8897,11.42,9412,cpu,7,58,64.3,0.05,0.819648
769,lightweight_snake_ddqn,2,27.9636,11.7,9412,cpu,15,156,148.2,0.05,1.572165
770,lightweight_snake_ddqn,2,27.9855,11.66,9412,cpu,8,46,72.93,0.05,1.141294
771,lightweight_snake_ddqn,2,28.0412,11.42,9412,cpu,11,118,106.14,0.05,1.567956
772,lightweight_snake_ddqn,2,28.0625,11.18,9412,cpu,5,45,43.11,0.05,0.97459
773,lightweight_snake_ddqn,2,28.088,11.28,9412,cpu,7,54,62.94,0.05,1.277818
774,lightweight_snake_ddqn,2,28.1888,11.4,9412,cpu,23,212,233.12,0.05,0.929702
775,lightweight_snake_ddqn,2,28.2637,11.68,9412,cpu,24,158,238.57,0.05,1.292004
776,lightweight_snake_ddqn,2,28.2973,11.9,9412,cpu,11,71,104.71,0.05,1.025727
777,lightweight_snake_ddqn,2,28.3624,12.1,9412,cpu,22,138,217.95,0.05,1.092458
778,lightweight_snake_ddqn,2,28.4201,12.14,9412,cpu,16,123,157.14,0.05,1.617954
779,lightweight_snake_ddqn,2,28.4568,12.12,9412,cpu,10,78,95.43,0.05,1.192951
780,lightweight_snake_ddqn,2,28.5201,12.2,9412,cpu,17,135,168.53,0.05,1.108947
781,lightweight_snake_ddqn,2,28.5517,12.2,9412,cpu,11,67,103.15,0.05,1.306309
782,lightweight_snake_ddqn,2,28.5928,12.0,9412,cpu,11,87,104.75,0.05,1.657881
783,lightweight_snake_ddqn,2,28.6323,12.1,9412,cpu,11,84,105.68,0.05,1.241803
784,lightweight_snake_ddqn,2,28.6693,12.1,9412,cpu,10,79,95.12,0.05,0.498826
785,lightweight_snake_ddqn,2,28.7448,12.18,9412,cpu,20,160,198.31,0.05,1.772178
786,lightweight_snake_ddqn,2,28.822,12.24,9412,cpu,19,163,191.27,0.05,1.52884
787,lightweight_snake_ddqn,2,28.8272,11.96,9412,cpu,3,11,20.63,0.05,0.78288
788,lightweight_snake_ddqn,2,28.8631,12.06,9412,cpu,12,76,115.07,0.05,0.8723
789,lightweight_snake_ddqn,2,28.905,12.14,9412,cpu,12,89,114.24,0.05,0.296823
790,lightweight_snake_ddqn,2,28.9596,12.24,9412,cpu,16,116,158.31,0.05,0.513982
791,lightweight_snake_ddqn,2,28.9883,12.08,9412,cpu,10,61,93.5,0.05,0.778877
792,lightweight_snake_ddqn,2,29.0541,12.14,9412,cpu,17,140,169.58,0.05,1.51958
793,lightweight_snake_ddqn,2,29.0579,11.82,9412,cpu,0,8,-9.37,0.05,1.155519
794,lightweight_snake_ddqn,2,29.0894,11.82,9412,cpu,9,67,85.13,0.05,1.042588
795,lightweight_snake_ddqn,2,29.1327,11.86,9412,cpu,13,92,125.22,0.05,0.864087
796,lightweight_snake_ddqn,2,29.1533,11.64,9412,cpu,6,44,52.13,0.05,0.396875
797,lightweight_snake_ddqn,2,29.1888,11.58,9412,cpu,7,76,64.92,0.05,1.301805
798,lightweight_snake_ddqn,2,29.2169,11.46,9412,cpu,9,60,83.1,0.05,2.135604
799,lightweight_snake_ddqn,2,29.2834,11.8,9412,cpu,18,141,180.78,0.05,0.8081
800,lightweight_snake_ddqn,2,29.3369,11.9,9412,cpu,12,114,117.29,0.05,1.724039
801,lightweight_snake_ddqn,2,29.3693,11.94,9412,cpu,8,69,74.8,0.05,0.964901
802,lightweight_snake_ddqn,2,29.3928,12.02,9412,cpu,6,50,52.67,0.05,0.663023
803,lightweight_snake_ddqn,2,29.44,11.98,9412,cpu,15,100,146.96,0.05,1.498607
804,lightweight_snake_ddqn,2,29.5242,12.26,9412,cpu,19,179,191.31,0.05,1.225783
805,lightweight_snake_ddqn,2,29.5481,12.06,9412,cpu,6,51,53.16,0.05,1.715987
806,lightweight_snake_ddqn,2,29.5649,11.8,9412,cpu,4,36,31.79,0.05,0.959831
807,lightweight_snake_ddqn,2,29.6442,12.16,9412,cpu,21,168,208.94,0.05,1.020391
808,lightweight_snake_ddqn,2,29.7228,12.36,9412,cpu,23,166,230.98,0.05,1.860143
809,lightweight_snake_ddqn,2,29.788,12.32,9412,cpu,16,137,159.2,0.05,0.508117
810,lightweight_snake_ddqn,2,29.8884,12.38,9412,cpu,24,212,242.43,0.05,0.794633
811,lightweight_snake_ddqn,2,29.9161,12.38,9412,cpu,7,59,63.99,0.05,0.673934
812,lightweight_snake_ddqn,2,29.9866,12.6,9412,cpu,12,150,118.53,0.05,1.221068
813,lightweight_snake_ddqn,2,30.0059,12.38,9412,cpu,5,41,41.75,0.05,0.942099
814,lightweight_snake_ddqn,2,30.0705,12.4,9412,cpu,16,137,159.2,0.05,1.493222
815,lightweight_snake_ddqn,2,30.1204,12.64,9412,cpu,15,106,145.7,0.05,0.489811
816,lightweight_snake_ddqn,2,30.2057,12.68,9412,cpu,22,181,221.02,0.05,1.578173
817,lightweight_snake_ddqn,2,30.2109,12.44,9412,cpu,1,11,0.81,0.05,1.029615
818,lightweight_snake_ddqn,2,30.2376,12.4,9412,cpu,5,57,44.39,0.05,0.771066
819,lightweight_snake_ddqn,2,30.3168,12.58,9412,cpu,24,168,240.87,0.05,0.824072
820,lightweight_snake_ddqn,2,30.3511,12.6,9412,cpu,9,73,85.27,0.05,1.20161
821,lightweight_snake_ddqn,2,30.419,12.82,9412,cpu,22,144,219.69,0.05,0.25745
822,lightweight_snake_ddqn,2,30.4354,12.8,9412,cpu,4,35,32.5,0.05,1.182658
823,lightweight_snake_ddqn,2,30.4928,12.94,9412,cpu,14,122,136.63,0.05,1.481338
824,lightweight_snake_ddqn,2,30.5328,12.66,9412,cpu,9,85,86.35,0.05,1.405344
825,lightweight_snake_ddqn,2,30.568,12.4,9412,cpu,11,75,104.27,0.05,0.857275
826,lightweight_snake_ddqn,2,30.6189,12.5,9412,cpu,16,108,157.39,0.05,2.21597
827,lightweight_snake_ddqn,2,30.6274,12.1,9412,cpu,2,18,11.35,0.05,1.217496
828,lightweight_snake_ddqn,2,30.6961,12.1,9412,cpu,16,146,157.01,0.05,0.94525
829,lightweight_snake_ddqn,2,30.7518,12.12,9412,cpu,11,119,107.23,0.05,1.11344
830,lightweight_snake_ddqn,2,30.8188,12.1,9412,cpu,16,141,158.16,0.05,1.067095
831,lightweight_snake_ddqn,2,30.8715,12.14,9412,cpu,13,112,126.62,0.05,1.736776
832,lightweight_snake_ddqn,2,30.922,12.2,9412,cpu,14,107,136.88,0.05,0.726458
833,lightweight_snake_ddqn,2,30.9565,12.18,9412,cpu,10,73,95.58,0.05,1.072689
834,lightweight_snake_ddqn,2,31.0,12.32,9412,cpu,17,92,165.46,0.05,1.475809
835,lightweight_snake_ddqn,2,31.0169,12.0,9412,cpu,4,36,32.59,0.05,1.252768
836,lightweight_snake_ddqn,2,31.1427,12.14,9412,cpu,26,268,261.89,0.05,0.698531
837,lightweight_snake_ddqn,2,31.1677,12.24,9412,cpu,8,53,72.76,0.05,0.902826
838,lightweight_snake_ddqn,2,31.2217,12.3,9412,cpu,15,115,146.31,0.05,1.89934
839,lightweight_snake_ddqn,2,31.2382,12.14,9412,cpu,4,35,31.5,0.05,1.413337
840,lightweight_snake_ddqn,2,31.2589,11.9,9412,cpu,4,44,33.51,0.05,1.604628
841,lightweight_snake_ddqn,2,31.3054,11.94,9412,cpu,12,99,116.94,0.05,0.97013
842,lightweight_snake_ddqn,2,31.3419,11.8,9412,cpu,10,78,94.23,0.05,1.179603
843,lightweight_snake_ddqn,2,31.3714,12.0,9412,cpu,10,63,94.28,0.05,1.181802
844,lightweight_snake_ddqn,2,31.4154,12.08,9412,cpu,13,93,126.71,0.05,0.976478
845,lightweight_snake_ddqn,2,31.4731,12.08,9412,cpu,13,123,129.61,0.05,1.452291
846,lightweight_snake_ddqn,2,31.5373,12.28,9412,cpu,16,136,159.11,0.05,1.72918
847,lightweight_snake_ddqn,2,31.5453,12.18,9412,cpu,2,17,11.26,0.05,1.272852
848,lightweight_snake_ddqn,2,31.6292,12.38,9412,cpu,19,178,191.02,0.05,1.4526
849,lightweight_snake_ddqn,2,31.6486,12.16,9412,cpu,7,41,62.77,0.05,1.480462
850,lightweight_snake_ddqn,2,31.667,12.08,9412,cpu,8,39,72.5,0.05,0.943408
851,lightweight_snake_ddqn,2,31.7188,12.18,9412,cpu,13,110,128.24,0.05,0.708788
852,lightweight_snake_ddqn,2,31.7328,12.1,9412,cpu,2,30,11.63,0.05,0.904262
853,lightweight_snake_ddqn,2,31.7851,12.08,9412,cpu,14,111,135.64,0.05,0.755709
854,lightweight_snake_ddqn,2,31.827,11.96,9412,cpu,13,88,126.26,0.05,1.086212
855,lightweight_snake_ddqn,2,31.9143,12.32,9412,cpu,24,184,242.31,0.05,1.220911
856,lightweight_snake_ddqn,2,31.9742,12.54,9412,cpu,15,127,148.39,0.05,0.614242
857,lightweight_snake_ddqn,2,32.0233,12.36,9412,cpu,12,104,117.19,0.05,1.161009
858,lightweight_snake_ddqn,2,32.0646,12.16,9412,cpu,13,88,126.06,0.05,1.457341
859,lightweight_snake_ddqn,2,32.0938,12.06,9412,cpu,11,62,103.5,0.05,1.157853
860,lightweight_snake_ddqn,2,32.1469,11.88,9412,cpu,15,112,147.04,0.05,1.719017
861,lightweight_snake_ddqn,2,32.1812,11.94,9412,cpu,10,72,94.89,0.05,1.165338
862,lightweight_snake_ddqn,2,32.2829,12.16,9412,cpu,23,213,234.01,0.05,0.77936
863,lightweight_snake_ddqn,2,32.3541,12.46,9412,cpu,20,149,200.52,0.05,1.357864
864,lightweight_snake_ddqn,2,32.4042,12.36,9412,cpu,11,106,105.26,0.05,0.96539
865,lightweight_snake_ddqn,2,32.4098,12.08,9412,cpu,1,12,0.7,0.05,0.832951
866,lightweight_snake_ddqn,2,32.4908,12.06,9412,cpu,21,171,211.61,0.05,1.225794
867,lightweight_snake_ddqn,2,32.4984,12.08,9412,cpu,2,16,11.17,0.05,0.636625
868,lightweight_snake_ddqn,2,32.5959,12.52,9412,cpu,27,205,272.73,0.05,0.735428
869,lightweight_snake_ddqn,2,32.6312,12.26,9412,cpu,11,75,104.67,0.05,1.602972
870,lightweight_snake_ddqn,2,32.6931,12.36,9412,cpu,14,131,138.24,0.05,1.28701
871,lightweight_snake_ddqn,2,32.7516,12.18,9412,cpu,13,123,128.41,0.05,0.580193
872,lightweight_snake_ddqn,2,32.8141,12.38,9412,cpu,14,131,138.24,0.05,0.746212
873,lightweight_snake_ddqn,2,32.86,12.32,9412,cpu,11,96,107.36,0.05,1.485821
874,lightweight_snake_ddqn,2,32.8837,12.32,9412,cpu,9,50,83.0,0.05,0.99123
875,lightweight_snake_ddqn,2,32.9177,12.24,9412,cpu,7,72,65.36,0.05,0.80712
876,lightweight_snake_ddqn,2,32.9211,11.94,9412,cpu,1,7,0.45,0.05,1.340039
877,lightweight_snake_ddqn,2,32.974,12.22,9412,cpu,16,111,156.06,0.05,0.75673
878,lightweight_snake_ddqn,2,33.0365,12.14,9412,cpu,12,132,119.51,0.05,1.342974
879,lightweight_snake_ddqn,2,33.0604,12.02,9412,cpu,5,50,43.36,0.05,0.90222
880,lightweight_snake_ddqn,2,33.0972,11.9,9412,cpu,10,78,95.63,0.05,1.24458
881,lightweight_snake_ddqn,2,33.1622,12.06,9412,cpu,21,137,208.55,0.05,1.279276
882,lightweight_snake_ddqn,2,33.2713,12.34,9412,cpu,28,230,283.89,0.05,0.948311
883,lightweight_snake_ddqn,2,33.3562,12.6,9412,cpu,23,179,230.75,0.05,1.703518
884,lightweight_snake_ddqn,2,33.4001,12.46,9412,cpu,10,93,93.78,0.05,0.725703
885,lightweight_snake_ddqn,2,33.4355,12.52,9412,cpu,7,75,63.83,0.05,0.687017
886,lightweight_snake_ddqn,2,33.4878,12.22,9412,cpu,11,111,107.11,0.05,1.902873
887,lightweight_snake_ddqn,2,33.5546,12.38,9412,cpu,16,141,159.16,0.05,0.837979
888,lightweight_snake_ddqn,2,33.6375,12.5,9412,cpu,21,176,211.26,0.05,0.538174
889,lightweight_snake_ddqn,2,33.6776,12.62,9412,cpu,10,85,96.06,0.05,0.628656
890,lightweight_snake_ddqn,2,33.7295,12.78,9412,cpu,12,109,117.24,0.05,0.72683
891,lightweight_snake_ddqn,2,33.8119,13.04,9412,cpu,25,172,250.94,0.05,1.032802
892,lightweight_snake_ddqn,2,33.8612,13.08,9412,cpu,12,104,115.99,0.05,0.499317
893,lightweight_snake_ddqn,2,33.9522,13.22,9412,cpu,17,192,168.66,0.05,0.937125
894,lightweight_snake_ddqn,2,34.0169,13.3,9412,cpu,17,136,170.02,0.05,1.031363
895,lightweight_snake_ddqn,2,34.0871,13.38,9412,cpu,17,148,169.1,0.05,0.764529
896,lightweight_snake_ddqn,2,34.1022,13.16,9412,cpu,5,32,42.34,0.05,0.568164
897,lightweight_snake_ddqn,2,34.1894,13.5,9412,cpu,19,184,190.56,0.05,1.859837
898,lightweight_snake_ddqn,2,34.268,13.5,9412,cpu,19,165,190.85,0.05,0.971684
899,lightweight_snake_ddqn,2,34.2837,13.44,9412,cpu,4,33,32.32,0.05,1.16969
900,lightweight_snake_ddqn,2,34.3355,13.56,9412,cpu,14,109,135.66,0.05,0.977939
901,lightweight_snake_ddqn,2,34.403,13.62,9412,cpu,16,142,160.65,0.05,0.652583
902,lightweight_snake_ddqn,2,34.4483,13.84,9412,cpu,13,96,125.58,0.05,0.448041
903,lightweight_snake_ddqn,2,34.4813,13.74,9412,cpu,9,70,83.0,0.05,1.213851
904,lightweight_snake_ddqn,2,34.4911,13.52,9412,cpu,2,21,11.62,0.05,1.256391
905,lightweight_snake_ddqn,2,34.5429,13.38,9412,cpu,17,110,166.28,0.05,0.355942
906,lightweight_snake_ddqn,2,34.6143,13.48,9412,cpu,20,151,198.5,0.05,0.943497
907,lightweight_snake_ddqn,2,34.6638,13.5,9412,cpu,13,105,126.39,0.05,1.284385
908,lightweight_snake_ddqn,2,34.7061,13.48,9412,cpu,12,90,115.93,0.05,1.060587
909,lightweight_snake_ddqn,2,34.7485,13.52,9412,cpu,13,89,126.75,0.05,1.369796
910,lightweight_snake_ddqn,2,34.7773,13.4,9412,cpu,9,61,84.39,0.05,1.420221
911,lightweight_snake_ddqn,2,34.8009,13.32,9412,cpu,6,50,53.67,0.05,1.373308
912,lightweight_snake_ddqn,2,34.8633,13.16,9412,cpu,15,131,146.15,0.05,1.433416
913,lightweight_snake_ddqn,2,34.868,12.78,9412,cpu,1,10,0.52,0.05,1.42891
914,lightweight_snake_ddqn,2,34.8722,12.56,9412,cpu,0,9,-9.88,0.05,0.477142
915,lightweight_snake_ddqn,2,34.9202,12.76,9412,cpu,11,101,107.41,0.05,1.513389
916,lightweight_snake_ddqn,2,34.9747,12.64,9412,cpu,15,114,146.42,0.05,1.275959
917,lightweight_snake_ddqn,2,35.0225,12.82,9412,cpu,11,101,105.41,0.05,1.656336
918,lightweight_snake_ddqn,2,35.0482,12.46,9412,cpu,9,54,83.56,0.05,1.657417
919,lightweight_snake_ddqn,2,35.1474,12.68,9412,cpu,22,208,222.45,0.05,0.854892
920,lightweight_snake_ddqn,2,35.1775,12.56,9412,cpu,8,63,73.86,0.05,1.530887
921,lightweight_snake_ddqn,2,35.2024,12.42,9412,cpu,6,52,53.45,0.05,0.59961
922,lightweight_snake_ddqn,2,35.266,12.5,9412,cpu,18,134,177.95,0.05,0.488044
923,lightweight_snake_ddqn,2,35.2812,12.38,9412,cpu,5,32,41.94,0.05,1.242945
924,lightweight_snake_ddqn,2,35.3088,12.34,9412,cpu,7,58,63.3,0.05,2.140537
925,lightweight_snake_ddqn,2,35.3441,12.36,9412,cpu,8,74,75.25,0.05,1.278289
926,lightweight_snake_ddqn,2,35.4244,12.7,9412,cpu,18,169,178.5,0.05,0.934773
927,lightweight_snake_ddqn,2,35.5184,12.92,9412,cpu,27,197,273.61,0.05,0.907323
928,lightweight_snake_ddqn,2,35.5302,12.74,9412,cpu,3,25,21.69,0.05,1.132653
929,lightweight_snake_ddqn,2,35.5589,12.8,9412,cpu,8,61,74.48,0.05,0.7557
930,lightweight_snake_ddqn,2,35.5802,12.74,9412,cpu,7,45,62.93,0.05,1.510898
931,lightweight_snake_ddqn,2,35.6,12.46,9412,cpu,7,42,63.06,0.05,0.954871
932,lightweight_snake_ddqn,2,35.629,12.02,9412,cpu,6,62,54.15,0.05,1.126303
933,lightweight_snake_ddqn,2,35.6947,11.9,9412,cpu,17,140,170.58,0.05,1.215245
934,lightweight_snake_ddqn,2,35.7403,11.94,9412,cpu,12,97,117.36,0.05,0.44226
935,lightweight_snake_ddqn,2,35.8359,12.34,9412,cpu,27,202,273.26,0.05,0.842272
936,lightweight_snake_ddqn,2,35.9209,12.64,9412,cpu,26,180,261.37,0.05,0.955292
937,lightweight_snake_ddqn,2,35.943,12.44,9412,cpu,6,47,53.0,0.05,0.413742
938,lightweight_snake_ddqn,2,35.9665,12.18,9412,cpu,8,50,72.69,0.05,0.91541
939,lightweight_snake_ddqn,2,36.0369,12.28,9412,cpu,15,149,148.57,0.05,0.564136
940,lightweight_snake_ddqn,2,36.1185,12.42,9412,cpu,19,174,189.66,0.05,0.981161
941,lightweight_snake_ddqn,2,36.1683,12.2,9412,cpu,14,106,137.19,0.05,0.529733
942,lightweight_snake_ddqn,2,36.175,11.98,9412,cpu,1,14,1.08,0.05,1.680917
943,lightweight_snake_ddqn,2,36.1966,11.74,9412,cpu,5,46,43.2,0.05,1.277583
944,lightweight_snake_ddqn,2,36.199,11.4,9412,cpu,0,5,-9.64,0.05,1.640098
945,lightweight_snake_ddqn,2,36.226,11.24,9412,cpu,9,57,83.83,0.05,1.539561
946,lightweight_snake_ddqn,2,36.2595,11.34,9412,cpu,10,71,94.4,0.05,1.170712
947,lightweight_snake_ddqn,2,36.2849,11.06,9412,cpu,5,54,43.92,0.05,0.660328
948,lightweight_snake_ddqn,2,36.3654,11.12,9412,cpu,22,171,220.72,0.05,0.800834
949,lightweight_snake_ddqn,2,36.4419,11.44,9412,cpu,20,162,198.49,0.05,0.519451
950,lightweight_snake_ddqn,2,36.4987,11.44,9412,cpu,14,120,138.45,0.05,1.42642
951,lightweight_snake_ddqn,2,36.5774,11.48,9412,cpu,18,167,180.32,0.05,1.08704
952,lightweight_snake_ddqn,2,36.5834,11.26,9412,cpu,2,13,10.9,0.05,1.823548
953,lightweight_snake_ddqn,2,36.6603,11.42,9412,cpu,17,164,169.94,0.05,1.163742
954,lightweight_snake_ddqn,2,36.6767,11.48,9412,cpu,5,35,42.61,0.05,1.562633
955,lightweight_snake_ddqn,2,36.7415,11.44,9412,cpu,15,137,148.89,0.05,0.521532
956,lightweight_snake_ddqn,2,36.7803,11.22,9412,cpu,9,82,85.28,0.05,0.772282
957,lightweight_snake_ddqn,2,36.7883,11.02,9412,cpu,3,17,20.37,0.05,1.611636
958,lightweight_snake_ddqn,2,36.8101,10.9,9412,cpu,6,46,52.71,0.05,0.951618
959,lightweight_snake_ddqn,2,36.887,11.02,9412,cpu,19,161,188.89,0.05,1.219943
960,lightweight_snake_ddqn,2,37.0126,11.48,9412,cpu,32,262,326.01,0.05,0.238108
961,lightweight_snake_ddqn,2,37.0572,11.64,9412,cpu,14,94,136.11,0.05,1.15608
962,lightweight_snake_ddqn,2,37.0934,11.52,9412,cpu,9,76,85.14,0.05,0.915962
963,lightweight_snake_ddqn,2,37.1427,11.8,9412,cpu,15,104,147.72,0.05,1.142273
964,lightweight_snake_ddqn,2,37.1701,11.9,9412,cpu,5,58,43.68,0.05,0.85867
965,lightweight_snake_ddqn,2,37.1914,11.82,9412,cpu,7,45,62.33,0.05,0.735241
966,lightweight_snake_ddqn,2,37.2902,12.06,9412,cpu,27,208,273.8,0.05,1.067844
967,lightweight_snake_ddqn,2,37.3069,11.94,9412,cpu,5,35,42.61,0.05,0.970459
968,lightweight_snake_ddqn,2,37.3626,12.04,9412,cpu,14,118,137.87,0.05,0.403988
969,lightweight_snake_ddqn,2,37.4285,11.94,9412,cpu,17,139,168.89,0.05,1.280247
970,lightweight_snake_ddqn,2,37.4933,12.1,9412,cpu,16,137,159.8,0.05,1.233844
971,lightweight_snake_ddqn,2,37.5416,12.28,9412,cpu,15,102,147.34,0.05,1.329202
972,lightweight_snake_ddqn,2,37.5855,12.14,9412,cpu,11,93,105.49,0.05,0.466066
973,lightweight_snake_ddqn,2,37.6124,12.2,9412,cpu,8,57,73.72,0.05,1.172163
974,lightweight_snake_ddqn,2,37.6274,12.16,9412,cpu,5,32,42.34,0.05,0.690517
975,lightweight_snake_ddqn,2,37.6741,12.2,9412,cpu,10,99,97.72,0.05,1.108306
976,lightweight_snake_ddqn,2,37.677,11.84,9412,cpu,0,6,-9.55,0.05,1.227441
977,lightweight_snake_ddqn,2,37.7871,11.88,9412,cpu,29,230,293.6,0.05,0.601537
978,lightweight_snake_ddqn,2,37.831,12.02,9412,cpu,10,92,96.49,0.05,1.807332
979,lightweight_snake_ddqn,2,37.8567,11.98,9412,cpu,6,54,53.63,0.05,1.100358
980,lightweight_snake_ddqn,2,37.8809,11.96,9412,cpu,6,51,53.56,0.05,0.591309
981,lightweight_snake_ddqn,2,37.9177,11.96,9412,cpu,7,77,65.01,0.05,0.353887
982,lightweight_snake_ddqn,2,37.9848,12.1,9412,cpu,13,141,129.23,0.05,1.354788
983,lightweight_snake_ddqn,2,38.0241,11.96,9412,cpu,10,82,96.19,0.05,0.907161
984,lightweight_snake_ddqn,2,38.0493,11.88,9412,cpu,8,53,73.76,0.05,0.806981
985,lightweight_snake_ddqn,2,38.1355,11.72,9412,cpu,19,181,192.09,0.05,1.244904
986,lightweight_snake_ddqn,2,38.1411,11.22,9412,cpu,1,12,0.7,0.05,2.173243
987,lightweight_snake_ddqn,2,38.1744,11.32,9412,cpu,11,70,104.22,0.05,0.884435
988,lightweight_snake_ddqn,2,38.1947,11.3,9412,cpu,7,43,63.15,0.05,0.779993
989,lightweight_snake_ddqn,2,38.2207,11.16,9412,cpu,8,55,73.74,0.05,0.918295
990,lightweight_snake_ddqn,2,38.2664,11.06,9412,cpu,14,96,137.09,0.05,1.166457
991,lightweight_snake_ddqn,2,38.2874,10.88,9412,cpu,5,44,42.22,0.05,1.580415
992,lightweight_snake_ddqn,2,38.3001,10.9,9412,cpu,2,27,12.16,0.05,0.689937
993,lightweight_snake_ddqn,2,38.3378,10.94,9412,cpu,7,80,66.08,0.05,1.807552
994,lightweight_snake_ddqn,2,38.3639,11.06,9412,cpu,6,55,54.12,0.05,1.919693
995,lightweight_snake_ddqn,2,38.4439,11.24,9412,cpu,18,168,181.61,0.05,1.993533
996,lightweight_snake_ddqn,2,38.4925,11.28,9412,cpu,12,103,116.1,0.05,1.8286
997,lightweight_snake_ddqn,2,38.5083,11.26,9412,cpu,4,33,32.32,0.05,0.749394
998,lightweight_snake_ddqn,2,38.5686,11.14,9412,cpu,16,127,156.9,0.05,1.04312
999,lightweight_snake_ddqn,2,38.5991,10.94,9412,cpu,10,64,93.77,0.05,1.087056
1000,lightweight_snake_ddqn,2,38.6371,10.9,9412,cpu,12,80,114.83,0.05,0.717871
1001,lightweight_snake_ddqn,2,38.6713,10.74,9412,cpu,10,72,94.69,0.05,0.821732
1002,lightweight_snake_ddqn,2,38.7104,10.88,9412,cpu,9,82,85.88,0.05,0.541973
1003,lightweight_snake_ddqn,2,38.7225,10.6,9412,cpu,3,25,21.89,0.05,0.954138
1004,lightweight_snake_ddqn,2,38.733,10.56,9412,cpu,3,22,21.62,0.05,1.297185
1005,lightweight_snake_ddqn,2,38.7823,10.52,9412,cpu,13,103,126.81,0.05,0.510827
1006,lightweight_snake_ddqn,2,38.8712,10.82,9412,cpu,24,185,242.8,0.05,1.621989
1007,lightweight_snake_ddqn,2,38.903,11.0,9412,cpu,12,66,114.17,0.05,1.333455
1008,lightweight_snake_ddqn,2,38.9159,10.94,9412,cpu,3,27,21.47,0.05,1.798746
1009,lightweight_snake_ddqn,2,38.9955,10.98,9412,cpu,21,166,209.76,0.05,1.20015
1010,lightweight_snake_ddqn,2,39.0524,10.62,9412,cpu,14,120,138.05,0.05,0.833514
1011,lightweight_snake_ddqn,2,39.0651,10.4,9412,cpu,3,27,21.47,0.05,1.276049
1012,lightweight_snake_ddqn,2,39.1214,10.46,9412,cpu,12,119,117.94,0.05,0.763415
1013,lightweight_snake_ddqn,2,39.1352,10.28,9412,cpu,6,29,51.78,0.05,1.494064
1014,lightweight_snake_ddqn,2,39.1422,10.24,9412,cpu,3,15,20.59,0.05,1.109805
1015,lightweight_snake_ddqn,2,39.1583,10.2,9412,cpu,5,34,42.32,0.05,0.726164
1016,lightweight_snake_ddqn,2,39.2272,10.04,9412,cpu,19,145,189.65,0.05,2.055714
1017,lightweight_snake_ddqn,2,39.2479,10.06,9412,cpu,6,44,52.33,0.05,1.278574
1018,lightweight_snake_ddqn,2,39.319,10.16,9412,cpu,19,150,189.9,0.05,1.340274
1019,lightweight_snake_ddqn,2,39.3945,10.22,9412,cpu,20,159,198.22,0.05,1.638737
1020,lightweight_snake_ddqn,2,39.4584,10.26,9412,cpu,18,135,179.44,0.05,1.179155
1021,lightweight_snake_ddqn,2,39.4856,10.16,9412,cpu,10,57,93.74,0.05,1.314057
1022,lightweight_snake_ddqn,2,39.5282,10.16,9412,cpu,11,90,105.62,0.05,0.762694
1023,lightweight_snake_ddqn,2,39.5997,10.36,9412,cpu,18,150,180.59,0.05,1.641341
1024,lightweight_snake_ddqn,2,39.6552,10.54,9412,cpu,14,117,136.98,0.05,0.673201
1025,lightweight_snake_ddqn,2,39.7142,10.74,9412,cpu,20,124,198.27,0.05,1.999828
1026,lightweight_snake_ddqn,2,39.7767,11.02,9412,cpu,14,130,139.35,0.05,1.722028
1027,lightweight_snake_ddqn,2,39.8553,10.84,9412,cpu,20,165,200.56,0.05,0.424387
1028,lightweight_snake_ddqn,2,39.9041,10.9,9412,cpu,13,103,126.61,0.05,0.687946
1029,lightweight_snake_ddqn,2,39.9676,11.1,9412,cpu,16,134,160.13,0.05,0.977421
1030,lightweight_snake_ddqn,2,40.004,11.18,9412,cpu,10,77,95.54,0.05,1.58717
1031,lightweight_snake_ddqn,2,40.0098,11.06,9412,cpu,1,12,0.9,0.05,0.573872
1032,lightweight_snake_ddqn,2,40.0311,10.9,9412,cpu,5,45,43.51,0.05,1.169718
1033,lightweight_snake_ddqn,2,40.0682,10.94,9412,cpu,12,78,115.05,0.05,0.925704
1034,lightweight_snake_ddqn,2,40.1023,11.0,9412,cpu,11,72,104.8,0.05,1.015931
1035,lightweight_snake_ddqn,2,40.1407,10.8,9412,cpu,9,81,85.39,0.05,1.258809
1036,lightweight_snake_ddqn,2,40.1558,10.9,9412,cpu,6,32,52.25,0.05,0.89344
1037,lightweight_snake_ddqn,2,40.188,10.94,9412,cpu,13,68,124.06,0.05,0.619989
1038,lightweight_snake_ddqn,2,40.2102,10.96,9412,cpu,8,47,72.82,0.05,1.098275
1039,lightweight_snake_ddqn,2,40.2311,10.92,9412,cpu,6,44,53.13,0.05,0.903812
1040,lightweight_snake_ddqn,2,40.2808,10.88,9412,cpu,12,105,117.08,0.05,1.193107
1041,lightweight_snake_ddqn,2,40.2885,10.82,9412,cpu,2,16,10.17,0.05,1.166747
1042,lightweight_snake_ddqn,2,40.3246,10.96,9412,cpu,9,76,85.54,0.05,1.149264
1043,lightweight_snake_ddqn,2,40.417,11.26,9412,cpu,22,195,223.08,0.05,0.930537
1044,lightweight_snake_ddqn,2,40.498,11.66,9412,cpu,26,171,261.36,0.05,1.650027
1045,lightweight_snake_ddqn,2,40.5155,11.42,9412,cpu,6,37,52.7,0.05,1.710032
1046,lightweight_snake_ddqn,2,40.5445,11.36,9412,cpu,9,61,83.59,0.05,0.772188
1047,lightweight_snake_ddqn,2,40.6174,11.68,9412,cpu,20,154,199.57,0.05,0.648007
1048,lightweight_snake_ddqn,2,40.7246,11.88,9412,cpu,26,228,262.09,0.05,0.983104
1049,lightweight_snake_ddqn,2,40.7656,11.9,9412,cpu,11,87,105.75,0.05,1.043462
1050,lightweight_snake_ddqn,2,40.8059,11.9,9412,cpu,12,86,115.37,0.05,1.289712
1051,lightweight_snake_ddqn,2,40.8306,11.88,9412,cpu,9,52,83.58,0.05,0.76731
1052,lightweight_snake_ddqn,2,40.8894,11.94,9412,cpu,12,125,118.88,0.05,1.103285
1053,lightweight_snake_ddqn,2,40.9078,12.0,9412,cpu,6,39,52.08,0.05,0.858854
1054,lightweight_snake_ddqn,2,40.912,11.94,9412,cpu,0,9,-9.28,0.05,1.668624
1055,lightweight_snake_ddqn,2,41.0198,12.2,9412,cpu,26,226,262.71,0.05,1.415875
1056,lightweight_snake_ddqn,2,41.1189,12.14,9412,cpu,21,207,213.05,0.05,1.551854
1057,lightweight_snake_ddqn,2,41.1861,12.26,9412,cpu,18,141,178.18,0.05,1.151557
1058,lightweight_snake_ddqn,2,41.231,12.44,9412,cpu,12,94,115.69,0.05,0.865867
1059,lightweight_snake_ddqn,2,41.2944,12.34,9412,cpu,16,133,159.04,0.05,1.599624
1060,lightweight_snake_ddqn,2,41.31,12.14,9412,cpu,4,33,31.92,0.05,1.264543
1061,lightweight_snake_ddqn,2,41.356,12.36,9412,cpu,14,97,136.78,0.05,1.785499
1062,lightweight_snake_ddqn,2,41.3994,12.4,9412,cpu,14,88,134.97,0.05,0.719213
1063,lightweight_snake_ddqn,2,41.449,12.48,9412,cpu,10,104,96.77,0.05,1.982185
1064,lightweight_snake_ddqn,2,41.4623,12.5,9412,cpu,4,28,32.07,0.05,1.473099
1065,lightweight_snake_ddqn,2,41.5249,12.68,9412,cpu,14,132,136.53,0.05,1.533291
1066,lightweight_snake_ddqn,2,41.5634,12.52,9412,cpu,11,81,106.01,0.05,0.464566
1067,lightweight_snake_ddqn,2,41.5765,12.5,9412,cpu,5,28,41.98,0.05,1.298309
1068,lightweight_snake_ddqn,2,41.5912,12.24,9412,cpu,6,31,52.16,0.05,1.238854
1069,lightweight_snake_ddqn,2,41.6037,11.94,9412,cpu,5,26,41.8,0.05,1.31285
1070,lightweight_snake_ddqn,2,41.6766,11.94,9412,cpu,18,154,179.95,0.05,1.200822
1071,lightweight_snake_ddqn,2,41.7502,12.1,9412,cpu,18,154,180.35,0.05,1.14944
1072,lightweight_snake_ddqn,2,41.8082,12.12,9412,cpu,12,121,119.32,0.05,0.881903
1073,lightweight_snake_ddqn,2,41.8364,11.9,9412,cpu,7,59,63.59,0.05,1.324607
1074,lightweight_snake_ddqn,2,41.9163,12.04,9412,cpu,21,168,210.94,0.05,0.412235
1075,lightweight_snake_ddqn,2,41.9549,11.92,9412,cpu,14,81,135.74,0.05,1.494902
1076,lightweight_snake_ddqn,2,41.9914,11.86,9412,cpu,11,77,104.65,0.05,0.891872
1077,lightweight_snake_ddqn,2,42.0447,11.72,9412,cpu,13,113,127.51,0.05,0.673951
1078,lightweight_snake_ddqn,2,42.0685,11.62,9412,cpu,8,50,73.49,0.05,0.716724
1079,lightweight_snake_ddqn,2,42.0889,11.4,9412,cpu,5,43,42.93,0.05,1.243729
1080,lightweight_snake_ddqn,2,42.1185,11.38,9412,cpu,9,62,84.28,0.05,0.443553
1081,lightweight_snake_ddqn,2,42.215,11.94,9412,cpu,29,203,293.57,0.05,0.632964
1082,lightweight_snake_ddqn,2,42.2868,12.24,9412,cpu,20,150,200.01,0.05,1.393147
1083,lightweight_snake_ddqn,2,42.3416,12.3,9412,cpu,15,115,145.51,0.05,2.0132
1084,lightweight_snake_ddqn,2,42.3765,12.26,9412,cpu,9,73,85.27,0.05,1.231541
1085,lightweight_snake_ddqn,2,42.3874,12.1,9412,cpu,1,23,1.69,0.05,0.547089
1086,lightweight_snake_ddqn,2,42.3974,12.02,9412,cpu,2,21,11.62,0.05,0.773368
1087,lightweight_snake_ddqn,2,42.4592,12.08,9412,cpu,16,130,156.37,0.05,0.895403
1088,lightweight_snake_ddqn,2,42.481,12.08,9412,cpu,8,46,72.93,0.05,0.83695
1089,lightweight_snake_ddqn,2,42.5444,12.28,9412,cpu,16,134,158.73,0.05,0.531408
1090,lightweight_snake_ddqn,2,42.5835,12.26,9412,cpu,11,82,105.9,0.05,1.662863
1091,lightweight_snake_ddqn,2,42.7114,12.86,9412,cpu,32,269,325.64,0.05,0.985288
1092,lightweight_snake_ddqn,2,42.7281,12.78,9412,cpu,5,35,42.61,0.05,1.750438
1093,lightweight_snake_ddqn,2,42.8094,12.68,9412,cpu,17,171,168.37,0.05,0.576714
1094,lightweight_snake_ddqn,2,42.9137,12.6,9412,cpu,22,217,221.26,0.05,1.679227
1095,lightweight_snake_ddqn,2,42.9175,12.48,9412,cpu,0,8,-9.77,0.05,1.204425
1096,lightweight_snake_ddqn,2,42.9241,12.34,9412,cpu,2,14,10.59,0.05,1.492399
1097,lightweight_snake_ddqn,2,42.9323,11.98,9412,cpu,2,17,11.26,0.05,1.408314
1098,lightweight_snake_ddqn,2,42.9482,11.56,9412,cpu,5,33,42.43,0.05,0.590358
1099,lightweight_snake_ddqn,2,42.9558,11.38,9412,cpu,2,16,11.17,0.05,1.865718
1100,lightweight_snake_ddqn,2,42.9759,11.28,9412,cpu,7,42,62.46,0.05,1.052997
1101,lightweight_snake_ddqn,2,43.0131,11.3,9412,cpu,10,78,95.43,0.05,1.344925
1102,lightweight_snake_ddqn,2,43.0327,11.18,9412,cpu,6,41,52.86,0.05,1.177918
1103,lightweight_snake_ddqn,2,43.1194,11.52,9412,cpu,23,180,230.04,0.05,1.017401
1104,lightweight_snake_ddqn,2,43.1631,11.7,9412,cpu,9,78,85.12,0.05,0.856402
1105,lightweight_snake_ddqn,2,43.2308,11.52,9412,cpu,17,138,170.4,0.05,1.278535
1106,lightweight_snake_ddqn,2,43.2604,11.22,9412,cpu,6,63,53.84,0.05,1.423872
1107,lightweight_snake_ddqn,2,43.3153,11.12,9412,cpu,13,115,127.69,0.05,1.348164
1108,lightweight_snake_ddqn,2,43.3397,11.0,9412,cpu,6,52,53.05,0.05,0.957772
1109,lightweight_snake_ddqn,2,43.3591,10.78,9412,cpu,5,41,42.95,0.05,1.766155
1110,lightweight_snake_ddqn,2,43.4244,11.04,9412,cpu,17,138,168.8,0.05,1.347407
1111,lightweight_snake_ddqn,2,43.4925,11.16,9412,cpu,20,144,199.07,0.05,1.546382
1112,lightweight_snake_ddqn,2,43.5409,11.12,9412,cpu,12,102,116.01,0.05,0.90909
1113,lightweight_snake_ddqn,2,43.5864,11.16,9412,cpu,12,96,114.47,0.05,0.817818
1114,lightweight_snake_ddqn,2,43.6019,11.18,9412,cpu,5,32,41.94,0.05,0.978549
1115,lightweight_snake_ddqn,2,43.6067,10.94,9412,cpu,2,10,10.63,0.05,0.832078
1116,lightweight_snake_ddqn,2,43.6902,11.16,9412,cpu,22,176,218.37,0.05,0.804325
1117,lightweight_snake_ddqn,2,43.7294,11.32,9412,cpu,13,83,125.01,0.05,0.745568
1118,lightweight_snake_ddqn,2,43.7617,11.44,9412,cpu,12,68,114.75,0.05,1.325851
1119,lightweight_snake_ddqn,2,43.8156,11.58,9412,cpu,12,115,116.78,0.05,1.897255
1120,lightweight_snake_ddqn,2,43.8476,11.46,9412,cpu,12,68,113.75,0.05,1.286997
1121,lightweight_snake_ddqn,2,43.9138,11.46,9412,cpu,18,140,180.09,0.05,1.241964
1122,lightweight_snake_ddqn,2,43.9904,11.54,9412,cpu,16,163,160.14,0.05,0.801255
1123,lightweight_snake_ddqn,2,44.0958,11.88,9412,cpu,24,223,243.02,0.05,1.151997
1124,lightweight_snake_ddqn,2,44.1277,11.62,9412,cpu,8,67,74.62,0.05,0.668447
1125,lightweight_snake_ddqn,2,44.2258,11.78,9412,cpu,22,206,221.87,0.05,0.974533
1126,lightweight_snake_ddqn,2,44.2931,11.84,9412,cpu,14,141,138.74,0.05,1.732662
1127,lightweight_snake_ddqn,2,44.3848,11.96,9412,cpu,19,192,190.48,0.05,1.210541
1128,lightweight_snake_ddqn,2,44.4386,12.14,9412,cpu,17,113,167.15,0.05,0.166209
1129,lightweight_snake_ddqn,2,44.5105,12.5,9412,cpu,23,151,230.23,0.05,1.2209
1130,lightweight_snake_ddqn,2,44.5675,12.62,9412,cpu,15,120,146.76,0.05,1.049603
1131,lightweight_snake_ddqn,2,44.6922,12.6,9412,cpu,28,263,287.06,0.05,0.875581
1132,lightweight_snake_ddqn,2,44.76,12.54,9412,cpu,17,142,168.76,0.05,1.270573
1133,lightweight_snake_ddqn,2,44.8168,12.52,9412,cpu,14,118,137.47,0.05,1.021243
1134,lightweight_snake_ddqn,2,44.9032,12.8,9412,cpu,23,182,230.82,0.05,1.343279
1135,lightweight_snake_ddqn,2,44.9126,12.82,9412,cpu,2,20,11.13,0.05,1.049248
1136,lightweight_snake_ddqn,2,44.985,13.1,9412,cpu,16,153,160.64,0.05,1.002436
1137,lightweight_snake_ddqn,2,45.0291,13.04,9412,cpu,13,93,125.91,0.05,0.637132
1138,lightweight_snake_ddqn,2,45.0484,13.0,9412,cpu,6,41,52.46,0.05,0.998753
1139,lightweight_snake_ddqn,2,45.0647,12.76,9412,cpu,4,34,30.61,0.05,1.098628
1140,lightweight_snake_ddqn,2,45.1013,12.72,9412,cpu,9,78,85.72,0.05,1.172779
1141,lightweight_snake_ddqn,2,45.1056,12.1,9412,cpu,1,9,0.63,0.05,1.530207
1142,lightweight_snake_ddqn,2,45.1292,12.2,9412,cpu,10,50,93.51,0.05,1.352938
1143,lightweight_snake_ddqn,2,45.1545,12.02,9412,cpu,8,53,72.96,0.05,0.807833
1144,lightweight_snake_ddqn,2,45.159,11.6,9412,cpu,1,9,0.63,0.05,1.126523
1145,lightweight_snake_ddqn,2,45.2347,11.98,9412,cpu,19,152,188.88,0.05,1.005868
1146,lightweight_snake_ddqn,2,45.2394,11.98,9412,cpu,2,10,10.63,0.05,0.902209
1147,lightweight_snake_ddqn,2,45.2763,12.12,9412,cpu,9,75,85.65,0.05,0.668024
1148,lightweight_snake_ddqn,2,45.3572,12.42,9412,cpu,20,169,198.72,0.05,0.93666
1149,lightweight_snake_ddqn,2,45.4042,12.62,9412,cpu,12,99,117.54,0.05,1.988879
1150,lightweight_snake_ddqn,2,45.4501,12.7,9412,cpu,11,95,106.67,0.05,0.962427
1151,lightweight_snake_ddqn,2,45.5097,12.78,9412,cpu,14,125,139.5,0.05,0.789868
1152,lightweight_snake_ddqn,2,45.5884,13.02,9412,cpu,18,164,179.65,0.05,0.891697
1153,lightweight_snake_ddqn,2,45.6116,12.68,9412,cpu,6,48,51.69,0.05,0.910955
1154,lightweight_snake_ddqn,2,45.6306,12.6,9412,cpu,5,40,42.86,0.05,0.751094
1155,lightweight_snake_ddqn,2,45.7035,12.62,9412,cpu,18,152,179.57,0.05,0.343886
1156,lightweight_snake_ddqn,2,45.7164,12.6,9412,cpu,5,27,41.69,0.05,1.123228
1157,lightweight_snake_ddqn,2,45.8301,12.96,9412,cpu,31,230,313.42,0.05,0.932108
1158,lightweight_snake_ddqn,2,45.8334,12.86,9412,cpu,1,7,0.45,0.05,1.003235
1159,lightweight_snake_ddqn,2,45.8377,12.76,9412,cpu,0,9,-9.28,0.05,1.230122
1160,lightweight_snake_ddqn,2,45.8935,12.74,9412,cpu,16,117,158.0,0.05,0.559405
1161,lightweight_snake_ddqn,2,45.9169,12.46,9412,cpu,6,49,53.38,0.05,0.963769
1162,lightweight_snake_ddqn,2,45.9706,12.5,9412,cpu,14,113,136.02,0.05,0.854801
1163,lightweight_snake_ddqn,2,46.0127,12.52,9412,cpu,13,89,124.95,0.05,1.299409
1164,lightweight_snake_ddqn,2,46.082,12.68,9412,cpu,13,146,130.08,0.05,1.093291
1165,lightweight_snake_ddqn,2,46.1404,13.02,9412,cpu,19,123,186.47,0.05,1.261669
1166,lightweight_snake_ddqn,2,46.2052,12.94,9412,cpu,18,132,178.57,0.05,1.608844
1167,lightweight_snake_ddqn,2,46.2101,12.7,9412,cpu,1,10,0.72,0.05,1.205943
1168,lightweight_snake_ddqn,2,46.2192,12.54,9412,cpu,4,19,31.06,0.05,1.088632
1169,lightweight_snake_ddqn,2,46.3002,12.68,9412,cpu,19,169,191.61,0.05,2.220502
1170,lightweight_snake_ddqn,2,46.3438,12.64,9412,cpu,10,92,96.09,0.05,1.125656
1171,lightweight_snake_ddqn,2,46.4282,12.66,9412,cpu,19,178,191.02,0.05,1.565144
1172,lightweight_snake_ddqn,2,46.4496,12.48,9412,cpu,7,45,62.53,0.05,0.628818
1173,lightweight_snake_ddqn,2,46.4952,12.24,9412,cpu,12,96,115.87,0.05,0.391983
1174,lightweight_snake_ddqn,2,46.5492,12.4,9412,cpu,16,114,156.73,0.05,1.056651
1175,lightweight_snake_ddqn,2,46.5706,12.06,9412,cpu,5,44,42.82,0.05,1.424347
1176,lightweight_snake_ddqn,2,46.6101,12.02,9412,cpu,12,83,115.1,0.05,0.826747
1177,lightweight_snake_ddqn,2,46.6155,11.68,9412,cpu,2,11,10.52,0.05,1.512552
1178,lightweight_snake_ddqn,2,46.6866,11.68,9412,cpu,17,150,171.08,0.05,0.868144
1179,lightweight_snake_ddqn,2,46.741,11.56,9412,cpu,17,114,167.24,0.05,1.220202
1180,lightweight_snake_ddqn,2,46.7623,11.38,9412,cpu,6,45,53.22,0.05,1.191958
1181,lightweight_snake_ddqn,2,46.8207,11.18,9412,cpu,18,122,176.07,0.05,1.711613
1182,lightweight_snake_ddqn,2,46.9144,11.32,9412,cpu,24,196,241.39,0.05,1.644166
1183,lightweight_snake_ddqn,2,46.9697,11.34,9412,cpu,15,116,146.4,0.05,1.680977
1184,lightweight_snake_ddqn,2,47.0197,11.18,9412,cpu,15,105,146.81,0.05,1.910549
1185,lightweight_snake_ddqn,2,47.0709,11.44,9412,cpu,15,107,145.19,0.05,1.12597
1186,lightweight_snake_ddqn,2,47.1411,11.46,9412,cpu,17,148,170.5,0.05,0.797408
1187,lightweight_snake_ddqn,2,47.1829,11.44,9412,cpu,12,88,114.15,0.05,1.162693
1188,lightweight_snake_ddqn,2,47.2301,11.58,9412,cpu,13,99,127.45,0.05,0.397219
1189,lightweight_snake_ddqn,2,47.2738,11.74,9412,cpu,12,92,116.11,0.05,1.041285
1190,lightweight_snake_ddqn,2,47.345,11.98,9412,cpu,21,150,210.32,0.05,1.422415
1191,lightweight_snake_ddqn,2,47.395,12.26,9412,cpu,15,105,147.41,0.05,1.874514
1192,lightweight_snake_ddqn,2,47.3988,12.1,9412,cpu,2,8,10.05,0.05,1.309988
1193,lightweight_snake_ddqn,2,47.4135,12.04,9412,cpu,5,31,42.25,0.05,1.137455
1194,lightweight_snake_ddqn,2,47.4558,12.22,9412,cpu,10,89,96.02,0.05,0.648995
1195,lightweight_snake_ddqn,2,47.4977,12.14,9412,cpu,15,88,145.48,0.05,0.932762
1196,lightweight_snake_ddqn,2,47.5537,12.34,9412,cpu,12,118,117.25,0.05,1.597847
1197,lightweight_snake_ddqn,2,47.5761,12.28,9412,cpu,6,47,53.6,0.05,1.086219
1198,lightweight_snake_ddqn,2,47.6344,12.2,9412,cpu,16,122,157.85,0.05,1.100051
1199,lightweight_snake_ddqn,2,47.6625,12.12,9412,cpu,8,59,74.3,0.05,0.897313
1200,lightweight_snake_ddqn,2,47.7194,12.22,9412,cpu,16,119,158.18,0.05,1.706764
1201,lightweight_snake_ddqn,2,47.7329,12.04,9412,cpu,5,28,41.98,0.05,1.171115
1202,lightweight_snake_ddqn,2,47.769,11.92,9412,cpu,12,76,115.27,0.05,0.751587
1203,lightweight_snake_ddqn,2,47.8265,12.08,9412,cpu,14,120,137.45,0.05,1.806945
1204,lightweight_snake_ddqn,2,47.844,12.08,9412,cpu,5,37,42.79,0.05,0.825412
1205,lightweight_snake_ddqn,2,47.9278,12.16,9412,cpu,22,176,220.37,0.05,0.404484
1206,lightweight_snake_ddqn,2,47.9679,12.24,9412,cpu,9,85,86.15,0.05,1.257609
1207,lightweight_snake_ddqn,2,47.9977,11.78,9412,cpu,8,63,74.26,0.05,2.193347
1208,lightweight_snake_ddqn,2,48.0998,12.28,9412,cpu,26,215,263.12,0.05,1.316306
1209,lightweight_snake_ddqn,2,48.1354,12.48,9412,cpu,10,75,94.96,0.05,2.38954
1210,lightweight_snake_ddqn,2,48.1511,12.26,9412,cpu,5,33,41.83,0.05,1.817755
1211,lightweight_snake_ddqn,2,48.1989,12.38,9412,cpu,12,101,115.32,0.05,2.279269
1212,lightweight_snake_ddqn,2,48.2347,12.34,9412,cpu,12,76,114.87,0.05,0.59635
1213,lightweight_snake_ddqn,2,48.2874,12.36,9412,cpu,14,110,137.75,0.05,1.117148
1214,lightweight_snake_ddqn,2,48.3143,12.3,9412,cpu,10,56,94.05,0.05,1.381252
1215,lightweight_snake_ddqn,2,48.3799,12.26,9412,cpu,17,138,168.8,0.05,0.966569
1216,lightweight_snake_ddqn,2,48.4319,12.2,9412,cpu,15,109,147.37,0.05,0.988563
1217,lightweight_snake_ddqn,2,48.4785,12.44,9412,cpu,13,98,126.76,0.05,1.549833
1218,lightweight_snake_ddqn,2,48.5047,12.48,9412,cpu,6,55,53.92,0.05,0.797789
1219,lightweight_snake_ddqn,2,48.5498,12.32,9412,cpu,11,95,105.87,0.05,0.872756
1220,lightweight_snake_ddqn,2,48.578,12.26,9412,cpu,7,59,64.39,0.05,1.431428
1221,lightweight_snake_ddqn,2,48.6676,12.36,9412,cpu,24,187,242.38,0.05,0.94237
1222,lightweight_snake_ddqn,2,48.7252,12.48,9412,cpu,13,121,128.03,0.05,1.159306
1223,lightweight_snake_ddqn,2,48.7423,12.36,9412,cpu,6,36,52.41,0.05,0.963614
1224,lightweight_snake_ddqn,2,48.7898,12.34,9412,cpu,15,100,146.16,0.05,1.29321
1225,lightweight_snake_ddqn,2,48.7964,12.26,9412,cpu,1,14,1.08,0.05,1.672178
1226,lightweight_snake_ddqn,2,48.8072,12.06,9412,cpu,2,23,11.8,0.05,0.803817
1227,lightweight_snake_ddqn,2,48.8683,12.36,9412,cpu,17,129,168.79,0.05,0.430853
1228,lightweight_snake_ddqn,2,48.933,12.32,9412,cpu,15,137,150.09,0.05,0.804863
1229,lightweight_snake_ddqn,2,48.9579,12.12,9412,cpu,7,53,63.85,0.05,0.954415
1230,lightweight_snake_ddqn,2,49.0004,12.18,9412,cpu,9,90,86.6,0.05,0.906439
1231,lightweight_snake_ddqn,2,49.0141,11.9,9412,cpu,4,29,32.16,0.05,0.651303
1232,lightweight_snake_ddqn,2,49.105,11.82,9412,cpu,20,192,201.59,0.05,0.437945
1233,lightweight_snake_ddqn,2,49.2154,12.0,9412,cpu,24,234,242.01,0.05,0.800719
1234,lightweight_snake_ddqn,2,49.245,11.9,9412,cpu,10,63,94.28,0.05,1.254798
1235,lightweight_snake_ddqn,2,49.2628,11.72,9412,cpu,6,38,52.79,0.05,0.700858
1236,lightweight_snake_ddqn,2,49.2858,11.5,9412,cpu,6,49,53.38,0.05,0.746844
1237,lightweight_snake_ddqn,2,49.3341,11.5,9412,cpu,12,103,117.1,0.05,1.473788
1238,lightweight_snake_ddqn,2,49.422,11.68,9412,cpu,22,187,219.96,0.05,1.510449
1239,lightweight_snake_ddqn,2,49.4681,11.64,9412,cpu,10,98,95.03,0.05,1.091984
1240,lightweight_snake_ddqn,2,49.5342,11.58,9412,cpu,18,141,179.38,0.05,1.440207
1241,lightweight_snake_ddqn,2,49.5589,11.4,9412,cpu,6,53,53.94,0.05,0.796862
1242,lightweight_snake_ddqn,2,49.619,11.66,9412,cpu,15,128,147.68,0.05,1.08004
1243,lightweight_snake_ddqn,2,49.6448,11.72,9412,cpu,8,55,74.14,0.05,1.165324
1244,lightweight_snake_ddqn,2,49.6775,11.68,9412,cpu,8,70,74.49,0.05,0.564931
1245,lightweight_snake_ddqn,2,49.7294,11.68,9412,cpu,15,110,148.06,0.05,1.074179
1246,lightweight_snake_ddqn,2,49.7946,11.72,9412,cpu,14,138,137.07,0.05,1.166681
1247,lightweight_snake_ddqn,2,49.8035,11.62,9412,cpu,1,19,0.53,0.05,0.701082
1248,lightweight_snake_ddqn,2,49.8783,11.6,9412,cpu,15,159,148.67,0.05,2.357535
1249,lightweight_snake_ddqn,2,49.938,11.8,9412,cpu,18,127,178.52,0.05,1.17094
1250,lightweight_snake_ddqn,2,49.9981,11.74,9412,cpu,13,128,126.66,0.05,0.992503
1251,lightweight_snake_ddqn,2,50.0792,12.0,9412,cpu,18,173,181.26,0.05,1.312085
1252,lightweight_snake_ddqn,2,50.1744,12.18,9412,cpu,21,203,209.09,0.05,1.795394
1253,lightweight_snake_ddqn,2,50.1928,12.02,9412,cpu,6,39,52.88,0.05,1.064389
1254,lightweight_snake_ddqn,2,50.2141,12.06,9412,cpu,7,45,63.33,0.05,1.07738
1255,lightweight_snake_ddqn,2,50.2784,12.02,9412,cpu,20,137,199.64,0.05,1.267312
1256,lightweight_snake_ddqn,2,50.3281,12.12,9412,cpu,14,106,136.39,0.05,1.717345
1257,lightweight_snake_ddqn,2,50.3346,11.98,9412,cpu,1,14,0.68,0.05,0.220358
1258,lightweight_snake_ddqn,2,50.374,11.74,9412,cpu,14,84,135.41,0.05,1.049338
1259,lightweight_snake_ddqn,2,50.4013,11.64,9412,cpu,5,58,44.68,0.05,1.553142
1260,lightweight_snake_ddqn,2,50.4368,11.74,9412,cpu,10,76,95.25,0.05,1.463067
1261,lightweight_snake_ddqn,2,50.4519,11.54,9412,cpu,2,32,12.41,0.05,0.610656
1262,lightweight_snake_ddqn,2,50.4571,11.34,9412,cpu,2,11,10.72,0.05,1.758458
1263,lightweight_snake_ddqn,2,50.4837,11.18,9412,cpu,6,57,54.1,0.05,1.489437
1264,lightweight_snake_ddqn,2,50.4992,11.08,9412,cpu,5,33,42.23,0.05,1.170756
1265,lightweight_snake_ddqn,2,50.5279,10.92,9412,cpu,9,61,83.99,0.05,1.613574
1266,lightweight_snake_ddqn,2,50.6441,11.14,9412,cpu,26,247,265.8,0.05,1.446824
1267,lightweight_snake_ddqn,2,50.6891,11.08,9412,cpu,10,96,96.65,0.05,1.128994
1268,lightweight_snake_ddqn,2,50.7187,11.2,9412,cpu,12,63,113.9,0.05,0.88207
1269,lightweight_snake_ddqn,2,50.7253,11.0,9412,cpu,1,14,1.08,0.05,1.570727
1270,lightweight_snake_ddqn,2,50.802,11.2,9412,cpu,17,162,169.56,0.05,1.459663
1271,lightweight_snake_ddqn,2,50.8461,10.96,9412,cpu,12,93,116.0,0.05,1.199723
1272,lightweight_snake_ddqn,2,50.8723,10.9,9412,cpu,10,55,93.76,0.05,0.77291
1273,lightweight_snake_ddqn,2,50.8756,10.8,9412,cpu,1,7,0.45,0.05,1.361383
1274,lightweight_snake_ddqn,2,50.9192,10.74,9412,cpu,12,93,116.0,0.05,1.05765
1275,lightweight_snake_ddqn,2,50.9633,11.02,9412,cpu,15,94,145.62,0.05,1.26564
1276,lightweight_snake_ddqn,2,51.0731,11.46,9412,cpu,24,233,242.72,0.05,1.210624
1277,lightweight_snake_ddqn,2,51.1097,11.3,9412,cpu,9,78,85.52,0.05,0.635172
1278,lightweight_snake_ddqn,2,51.1242,11.06,9412,cpu,3,31,22.03,0.05,1.149646
1279,lightweight_snake_ddqn,2,51.1532,11.06,9412,cpu,7,62,63.46,0.05,1.172364
1280,lightweight_snake_ddqn,2,51.1966,11.06,9412,cpu,9,93,85.67,0.05,0.930883
1281,lightweight_snake_ddqn,2,51.2502,11.22,9412,cpu,12,114,117.89,0.05,0.692957
1282,lightweight_snake_ddqn,2,51.3053,11.06,9412,cpu,12,117,117.16,0.05,1.086097
1283,lightweight_snake_ddqn,2,51.362,10.92,9412,cpu,17,120,167.58,0.05,0.756812
1284,lightweight_snake_ddqn,2,51.3813,10.82,9412,cpu,5,41,43.15,0.05,0.620217
1285,lightweight_snake_ddqn,2,51.4476,11.0,9412,cpu,15,141,150.25,0.05,1.196897
1286,lightweight_snake_ddqn,2,51.5337,11.38,9412,cpu,25,183,250.33,0.05,0.752559
1287,lightweight_snake_ddqn,2,51.5803,11.36,9412,cpu,11,99,107.63,0.05,1.052325
1288,lightweight_snake_ddqn,2,51.6048,11.08,9412,cpu,8,52,73.47,0.05,1.127871
1289,lightweight_snake_ddqn,2,51.6572,11.12,9412,cpu,12,112,117.31,0.05,1.285248
1290,lightweight_snake_ddqn,2,51.7083,11.02,9412,cpu,13,109,127.75,0.05,0.955057
1291,lightweight_snake_ddqn,2,51.7309,11.02,9412,cpu,6,48,53.49,0.05,0.538684
1292,lightweight_snake_ddqn,2,51.7557,10.86,9412,cpu,7,52,63.96,0.05,0.888618
1293,lightweight_snake_ddqn,2,51.819,11.06,9412,cpu,18,134,177.95,0.05,1.474398
1294,lightweight_snake_ddqn,2,51.9363,11.42,9412,cpu,26,248,262.49,0.05,0.628803
1295,lightweight_snake_ddqn,2,52.0236,11.52,9412,cpu,20,186,201.65,0.05,1.607927
1296,lightweight_snake_ddqn,2,52.0885,11.54,9412,cpu,15,138,149.78,0.05,1.935225
1297,lightweight_snake_ddqn,2,52.1235,11.72,9412,cpu,10,75,95.16,0.05,1.249788
1298,lightweight_snake_ddqn,2,52.1445,11.58,9412,cpu,8,45,72.44,0.05,1.783966
1299,lightweight_snake_ddqn,2,52.1657,11.32,9412,cpu,5,45,42.91,0.05,0.152456
1300,lightweight_snake_ddqn,2,52.2261,11.36,9412,cpu,15,129,149.77,0.05,1.236122
1301,lightweight_snake_ddqn,2,52.2654,11.18,9412,cpu,9,84,85.26,0.05,1.168581
1302,lightweight_snake_ddqn,2,52.3156,11.0,9412,cpu,12,107,118.06,0.05,2.028439
1303,lightweight_snake_ddqn,2,52.3404,10.96,9412,cpu,4,53,32.52,0.05,1.076759
1304,lightweight_snake_ddqn,2,52.3656,10.96,9412,cpu,7,54,63.74,0.05,1.307252
1305,lightweight_snake_ddqn,2,52.4326,10.94,9412,cpu,19,143,190.27,0.05,1.212278
1306,lightweight_snake_ddqn,2,52.4373,10.68,9412,cpu,1,10,0.52,0.05,1.473312
1307,lightweight_snake_ddqn,2,52.4673,10.82,9412,cpu,8,64,74.35,0.05,1.095783
1308,lightweight_snake_ddqn,2,52.4888,10.62,9412,cpu,4,46,33.29,0.05,0.562381
1309,lightweight_snake_ddqn,2,52.5409,10.8,9412,cpu,14,111,136.64,0.05,1.135979
1310,lightweight_snake_ddqn,2,52.5465,10.64,9412,cpu,2,12,10.61,0.05,1.924281
1311,lightweight_snake_ddqn,2,52.6075,10.92,9412,cpu,16,130,157.57,0.05,0.68486
1312,lightweight_snake_ddqn,2,52.6656,11.2,9412,cpu,16,123,158.14,0.05,0.951635
1313,lightweight_snake_ddqn,2,52.7324,11.46,9412,cpu,19,141,189.69,0.05,1.021473
1314,lightweight_snake_ddqn,2,52.7805,11.68,9412,cpu,16,102,157.05,0.05,0.883204
1315,lightweight_snake_ddqn,2,52.7951,11.6,9412,cpu,5,31,42.25,0.05,1.038163
1316,lightweight_snake_ddqn,2,52.8149,11.22,9412,cpu,7,42,63.06,0.05,1.967282
1317,lightweight_snake_ddqn,2,52.8206,11.06,9412,cpu,2,12,10.61,0.05,0.395022
1318,lightweight_snake_ddqn,2,52.8253,10.84,9412,cpu,1,10,0.72,0.05,0.924978
1319,lightweight_snake_ddqn,2,52.9202,11.26,9412,cpu,22,202,224.11,0.05,1.400172
1320,lightweight_snake_ddqn,2,52.9653,11.14,9412,cpu,11,96,106.76,0.05,0.952029
1321,lightweight_snake_ddqn,2,53.0416,11.28,9412,cpu,19,162,187.78,0.05,0.948428
1322,lightweight_snake_ddqn,2,53.1154,11.44,9412,cpu,18,157,178.42,0.05,1.037338
1323,lightweight_snake_ddqn,2,53.1719,11.72,9412,cpu,15,121,148.85,0.05,1.079744
1324,lightweight_snake_ddqn,2,53.2237,11.78,9412,cpu,15,110,147.46,0.05,1.153441
1325,lightweight_snake_ddqn,2,53.2709,11.72,9412,cpu,12,101,117.72,0.05,0.556538
1326,lightweight_snake_ddqn,2,53.2989,11.4,9412,cpu,8,60,73.99,0.05,2.193745
1327,lightweight_snake_ddqn,2,53.3349,11.38,9412,cpu,8,77,75.72,0.05,1.646367
1328,lightweight_snake_ddqn,2,53.3411,11.34,9412,cpu,1,13,0.99,0.05,1.166711
1329,lightweight_snake_ddqn,2,53.3959,11.46,9412,cpu,13,117,127.47,0.05,0.390989
1330,lightweight_snake_ddqn,2,53.4461,11.52,9412,cpu,12,107,115.46,0.05,0.971151
1331,lightweight_snake_ddqn,2,53.5086,11.56,9412,cpu,14,133,138.42,0.05,1.0898
1332,lightweight_snake_ddqn,2,53.5606,11.64,9412,cpu,16,111,156.66,0.05,1.597228
1333,lightweight_snake_ddqn,2,53.5879,11.44,9412,cpu,7,58,63.5,0.05,0.759233
1334,lightweight_snake_ddqn,2,53.6076,11.44,9412,cpu,5,42,43.04,0.05,1.212728
1335,lightweight_snake_ddqn,2,53.6962,11.62,9412,cpu,24,188,240.87,0.05,1.141368
1336,lightweight_snake_ddqn,2,53.7531,11.36,9412,cpu,12,122,118.61,0.05,1.25255
1337,lightweight_snake_ddqn,2,53.8039,11.44,9412,cpu,15,108,148.08,0.05,0.582036
1338,lightweight_snake_ddqn,2,53.842,11.46,9412,cpu,9,81,85.59,0.05,0.598217
1339,lightweight_snake_ddqn,2,53.8719,11.38,9412,cpu,8,64,74.75,0.05,1.138116
1340,lightweight_snake_ddqn,2,53.9047,11.32,9412,cpu,10,70,94.51,0.05,0.568129
1341,lightweight_snake_ddqn,2,54.0045,11.62,9412,cpu,21,212,214.3,0.05,1.271154
1342,lightweight_snake_ddqn,2,54.0731,11.82,9412,cpu,17,146,170.72,0.05,2.064166
1343,lightweight_snake_ddqn,2,54.1247,11.74,9412,cpu,14,110,137.55,0.05,0.2237
1344,lightweight_snake_ddqn,2,54.2171,11.72,9412,cpu,25,196,252.3,0.05,1.00002
1345,lightweight_snake_ddqn,2,54.3029,11.8,9412,cpu,24,182,240.33,0.05,1.487526
1346,lightweight_snake_ddqn,2,54.3588,11.8,9412,cpu,15,119,147.47,0.05,0.857956
1347,lightweight_snake_ddqn,2,54.4096,11.88,9412,cpu,14,108,136.57,0.05,0.895102
1348,lightweight_snake_ddqn,2,54.4251,11.76,9412,cpu,2,33,12.5,0.05,0.904747
1349,lightweight_snake_ddqn,2,54.5,11.98,9412,cpu,16,160,160.27,0.05,1.159467
1350,lightweight_snake_ddqn,2,54.5208,11.8,9412,cpu,6,44,51.93,0.05,0.865068
1351,lightweight_snake_ddqn,2,54.5538,11.8,9412,cpu,9,70,84.2,0.05,0.634176
1352,lightweight_snake_ddqn,2,54.6279,11.92,9412,cpu,18,158,180.11,0.05,1.651733
1353,lightweight_snake_ddqn,2,54.6913,12.1,9412,cpu,13,135,128.49,0.05,0.641601
1354,lightweight_snake_ddqn,2,54.7119,12.08,9412,cpu,6,44,52.73,0.05,0.813822
1355,lightweight_snake_ddqn,2,54.7327,11.88,9412,cpu,9,44,82.66,0.05,1.816278
1356,lightweight_snake_ddqn,2,54.7492,11.94,9412,cpu,4,35,32.1,0.05,1.092929
1357,lightweight_snake_ddqn,2,54.753,11.8,9412,cpu,1,8,0.34,0.05,1.265035
1358,lightweight_snake_ddqn,2,54.7656,11.8,9412,cpu,4,27,31.78,0.05,1.159519
1359,lightweight_snake_ddqn,2,54.8176,11.78,9412,cpu,13,111,127.73,0.05,1.070827
1360,lightweight_snake_ddqn,2,54.8885,12.12,9412,cpu,19,151,190.39,0.05,0.507691
1361,lightweight_snake_ddqn,2,54.9392,12.14,9412,cpu,17,108,166.7,0.05,1.169658
1362,lightweight_snake_ddqn,2,54.9558,11.96,9412,cpu,7,35,62.23,0.05,0.904267
1363,lightweight_snake_ddqn,2,54.9586,11.6,9412,cpu,1,6,0.36,0.05,1.559605
1364,lightweight_snake_ddqn,2,54.9974,11.5,9412,cpu,11,83,104.79,0.05,0.693048
1365,lightweight_snake_ddqn,2,55.0152,11.5,9412,cpu,5,38,42.48,0.05,1.202886
1366,lightweight_snake_ddqn,2,55.085,11.74,9412,cpu,19,149,189.01,0.05,0.951167
1367,lightweight_snake_ddqn,2,55.1373,11.96,9412,cpu,13,112,128.42,0.05,1.637675
1368,lightweight_snake_ddqn,2,55.2148,12.4,9412,cpu,23,165,229.49,0.05,0.977821
1369,lightweight_snake_ddqn,2,55.2378,12.08,9412,cpu,6,49,52.98,0.05,1.146977
1370,lightweight_snake_ddqn,2,55.2786,12.18,9412,cpu,16,87,155.5,0.05,1.498602
1371,lightweight_snake_ddqn,2,55.2892,11.86,9412,cpu,3,23,21.11,0.05,0.310355
1372,lightweight_snake_ddqn,2,55.3331,11.72,9412,cpu,11,93,106.29,0.05,1.666835
1373,lightweight_snake_ddqn,2,55.3885,11.72,9412,cpu,15,117,147.89,0.05,1.904608
1374,lightweight_snake_ddqn,2,55.4652,11.8,9412,cpu,19,162,192.18,0.05,0.753111
1375,lightweight_snake_ddqn,2,55.4765,11.62,9412,cpu,3,24,21.6,0.05,1.454559
1376,lightweight_snake_ddqn,2,55.4864,11.54,9412,cpu,4,21,31.44,0.05,0.717435
1377,lightweight_snake_ddqn,2,55.5554,11.7,9412,cpu,16,147,156.1,0.05,1.467459
1378,lightweight_snake_ddqn,2,55.5837,11.84,9412,cpu,8,60,74.39,0.05,1.541653
1379,lightweight_snake_ddqn,2,55.6294,11.88,9412,cpu,15,97,146.69,0.05,0.881396
1380,lightweight_snake_ddqn,2,55.6561,11.82,9412,cpu,9,57,83.83,0.05,0.440646
1381,lightweight_snake_ddqn,2,55.7106,11.86,9412,cpu,16,116,157.71,0.05,0.487037
1382,lightweight_snake_ddqn,2,55.7585,11.86,9412,cpu,16,101,157.36,0.05,1.267264
1383,lightweight_snake_ddqn,2,55.7996,11.98,9412,cpu,13,87,126.57,0.05,0.553074
1384,lightweight_snake_ddqn,2,55.8048,11.9,9412,cpu,1,11,0.81,0.05,1.490874
1385,lightweight_snake_ddqn,2,55.8691,11.7,9412,cpu,14,136,137.69,0.05,0.716859
1386,lightweight_snake_ddqn,2,55.9467,11.86,9412,cpu,20,164,201.47,0.05,1.137275
1387,lightweight_snake_ddqn,2,56.0112,11.84,9412,cpu,14,137,136.18,0.05,0.997233
1388,lightweight_snake_ddqn,2,56.0788,12.04,9412,cpu,19,143,189.27,0.05,0.802918
1389,lightweight_snake_ddqn,2,56.0844,11.92,9412,cpu,2,12,10.81,0.05,1.57178
1390,lightweight_snake_ddqn,2,56.1109,11.88,9412,cpu,8,56,73.83,0.05,1.476326
1391,lightweight_snake_ddqn,2,56.1799,11.78,9412,cpu,16,146,158.21,0.05,1.30169
1392,lightweight_snake_ddqn,2,56.2501,11.78,9412,cpu,17,149,170.19,0.05,1.194481
1393,lightweight_snake_ddqn,2,56.3664,12.0,9412,cpu,25,247,256.49,0.05,1.553866
1394,lightweight_snake_ddqn,2,56.394,11.64,9412,cpu,7,59,63.99,0.05,1.196263
1395,lightweight_snake_ddqn,2,56.4213,11.32,9412,cpu,8,58,74.01,0.05,1.099546
1396,lightweight_snake_ddqn,2,56.4503,11.16,9412,cpu,7,62,63.06,0.05,1.360089
1397,lightweight_snake_ddqn,2,56.4974,11.12,9412,cpu,12,100,117.03,0.05,0.942698
1398,lightweight_snake_ddqn,2,56.5678,11.44,9412,cpu,18,150,179.19,0.05,1.61961
1399,lightweight_snake_ddqn,2,56.6563,11.48,9412,cpu,18,188,180.41,0.05,0.555736
1400,lightweight_snake_ddqn,2,56.6755,11.5,9412,cpu,7,41,62.37,0.05,1.224464
1401,lightweight_snake_ddqn,2,56.6881,11.4,9412,cpu,4,27,31.58,0.05,1.806462
1402,lightweight_snake_ddqn,2,56.6928,11.08,9412,cpu,2,10,10.63,0.05,1.226572
1403,lightweight_snake_ddqn,2,56.747,11.1,9412,cpu,14,115,137.8,0.05,2.67678
1404,lightweight_snake_ddqn,2,56.7688,11.08,9412,cpu,5,46,43.2,0.05,2.41744
1405,lightweight_snake_ddqn,2,56.7819,10.96,9412,cpu,3,28,21.56,0.05,0.901507
1406,lightweight_snake_ddqn,2,56.8129,11.08,9412,cpu,10,66,94.35,0.05,1.016836
1407,lightweight_snake_ddqn,2,56.8675,11.38,9412,cpu,16,115,156.22,0.05,1.490723
1408,lightweight_snake_ddqn,2,56.9547,11.64,9412,cpu,17,185,171.43,0.05,0.727033
1409,lightweight_snake_ddqn,2,56.9778,11.5,9412,cpu,6,49,53.78,0.05,1.059048
1410,lightweight_snake_ddqn,2,57.0301,11.42,9412,cpu,15,111,148.55,0.05,1.397547
1411,lightweight_snake_ddqn,2,57.0452,11.16,9412,cpu,4,32,32.43,0.05,1.196531
1412,lightweight_snake_ddqn,2,57.1162,11.32,9412,cpu,15,151,148.75,0.05,0.407467
1413,lightweight_snake_ddqn,2,57.1669,11.56,9412,cpu,13,108,127.46,0.05,0.547098
1414,lightweight_snake_ddqn,2,57.241,11.74,9412,cpu,20,157,198.24,0.05,1.053671
1415,lightweight_snake_ddqn,2,57.3153,12.0,9412,cpu,18,158,180.11,0.05,0.579831
1416,lightweight_snake_ddqn,2,57.4241,12.06,9412,cpu,22,232,222.01,0.05,0.98845
1417,lightweight_snake_ddqn,2,57.4598,12.02,9412,cpu,11,76,104.36,0.05,1.019445
1418,lightweight_snake_ddqn,2,57.4668,11.6,9412,cpu,2,15,10.48,0.05,0.749222
1419,lightweight_snake_ddqn,2,57.5197,11.78,9412,cpu,15,113,147.33,0.05,1.352939
1420,lightweight_snake_ddqn,2,57.5793,11.84,9412,cpu,19,127,189.63,0.05,1.087322
1421,lightweight_snake_ddqn,2,57.6382,12.02,9412,cpu,12,125,118.48,0.05,0.865666
1422,lightweight_snake_ddqn,2,57.7064,12.18,9412,cpu,19,145,188.85,0.05,0.908607
1423,lightweight_snake_ddqn,2,57.7452,12.06,9412,cpu,9,82,85.08,0.05,1.01384
1424,lightweight_snake_ddqn,2,57.7733,11.82,9412,cpu,7,59,64.39,0.05,1.378536
1425,lightweight_snake_ddqn,2,57.828,12.0,9412,cpu,12,114,116.49,0.05,1.535305
1426,lightweight_snake_ddqn,2,57.8555,12.08,9412,cpu,8,58,74.01,0.05,0.666382
1427,lightweight_snake_ddqn,2,57.9011,12.06,9412,cpu,15,96,144.6,0.05,1.561698
1428,lightweight_snake_ddqn,2,57.9587,12.18,9412,cpu,14,121,137.94,0.05,0.410371
1429,lightweight_snake_ddqn,2,57.9975,12.08,9412,cpu,10,82,95.19,0.05,0.745884
1430,lightweight_snake_ddqn,2,58.0291,12.04,9412,cpu,7,67,64.91,0.05,0.679831
1431,lightweight_snake_ddqn,2,58.0562,11.92,9412,cpu,10,57,93.74,0.05,1.456774
1432,lightweight_snake_ddqn,2,58.1319,11.96,9412,cpu,18,160,179.69,0.05,1.629685
1433,lightweight_snake_ddqn,2,58.1736,11.92,9412,cpu,11,88,105.04,0.05,0.411502
1434,lightweight_snake_ddqn,2,58.2091,12.08,9412,cpu,9,75,85.05,0.05,1.787683
1435,lightweight_snake_ddqn,2,58.2509,12.06,9412,cpu,13,88,125.26,0.05,1.299024
1436,lightweight_snake_ddqn,2,58.3308,12.12,9412,cpu,23,168,231.56,0.05,0.89827
1437,lightweight_snake_ddqn,2,58.4169,12.32,9412,cpu,24,182,240.13,0.05,0.665684
1438,lightweight_snake_ddqn,2,58.4751,12.28,9412,cpu,17,123,168.65,0.05,0.818264
1439,lightweight_snake_ddqn,2,58.4812,12.3,9412,cpu,3,13,20.61,0.05,1.076775
1440,lightweight_snake_ddqn,2,58.5271,12.4,9412,cpu,13,97,126.87,0.05,1.739988
1441,lightweight_snake_ddqn,2,58.5669,12.26,9412,cpu,9,84,85.26,0.05,1.326428
1442,lightweight_snake_ddqn,2,58.6221,12.26,9412,cpu,17,117,167.51,0.05,1.125665
1443,lightweight_snake_ddqn,2,58.6378,11.86,9412,cpu,5,33,42.43,0.05,1.518771
1444,lightweight_snake_ddqn,2,58.7272,12.06,9412,cpu,17,189,169.99,0.05,0.752957
1445,lightweight_snake_ddqn,2,58.7914,12.26,9412,cpu,18,134,179.35,0.05,1.544758
1446,lightweight_snake_ddqn,2,58.8347,12.34,9412,cpu,11,91,104.71,0.05,0.959386
1447,lightweight_snake_ddqn,2,58.8944,12.4,9412,cpu,15,126,147.7,0.05,0.53087
1448,lightweight_snake_ddqn,2,59.0005,12.48,9412,cpu,22,224,220.69,0.05,0.603245
1449,lightweight_snake_ddqn,2,59.0575,12.48,9412,cpu,18,120,177.89,0.05,0.964099
1450,lightweight_snake_ddqn,2,59.1072,12.62,9412,cpu,14,105,137.1,0.05,0.382618
1451,lightweight_snake_ddqn,2,59.1459,12.76,9412,cpu,11,82,105.9,0.05,1.042781
1452,lightweight_snake_ddqn,2,59.2291,13.08,9412,cpu,18,176,182.53,0.05,2.176399
1453,lightweight_snake_ddqn,2,59.2363,12.88,9412,cpu,4,15,30.9,0.05,1.269218
1454,lightweight_snake_ddqn,2,59.2397,12.8,9412,cpu,1,7,0.45,0.05,0.838265
1455,lightweight_snake_ddqn,2,59.3417,13.22,9412,cpu,24,216,242.59,0.05,0.209597
1456,lightweight_snake_ddqn,2,59.3858,13.26,9412,cpu,12,93,115.6,0.05,1.196587
1457,lightweight_snake_ddqn,2,59.3905,12.98,9412,cpu,2,10,10.63,0.05,1.170113
1458,lightweight_snake_ddqn,2,59.3958,12.68,9412,cpu,2,11,10.52,0.05,0.569045
1459,lightweight_snake_ddqn,2,59.4363,12.74,9412,cpu,9,86,85.24,0.05,1.432284
1460,lightweight_snake_ddqn,2,59.4682,12.64,9412,cpu,10,68,93.93,0.05,1.531539
1461,lightweight_snake_ddqn,2,59.4852,12.68,9412,cpu,6,36,52.61,0.05,1.784881
1462,lightweight_snake_ddqn,2,59.5335,12.66,9412,cpu,14,103,135.92,0.05,1.177307
1463,lightweight_snake_ddqn,2,59.5956,12.72,9412,cpu,16,132,157.95,0.05,0.993125
1464,lightweight_snake_ddqn,2,59.6355,12.54,9412,cpu,11,85,106.37,0.05,0.714009
1465,lightweight_snake_ddqn,2,59.6421,12.2,9412,cpu,1,14,1.08,0.05,1.598217
1466,lightweight_snake_ddqn,2,59.7292,12.34,9412,cpu,29,185,292.35,0.05,1.518708
1467,lightweight_snake_ddqn,2,59.7635,12.24,9412,cpu,6,73,55.34,0.05,1.397608
1468,lightweight_snake_ddqn,2,59.8274,12.56,9412,cpu,18,135,178.44,0.05,0.923891
1469,lightweight_snake_ddqn,2,59.8839,12.54,9412,cpu,14,120,137.85,0.05,1.154261
1470,lightweight_snake_ddqn,2,59.9548,12.5,9412,cpu,17,151,169.37,0.05,1.559063
1471,lightweight_snake_ddqn,2,60.0068,12.58,9412,cpu,16,111,155.66,0.05,1.087013
1472,lightweight_snake_ddqn,2,60.0778,12.52,9412,cpu,16,151,159.86,0.05,0.451667
1473,lightweight_snake_ddqn,2,60.1195,12.52,9412,cpu,9,88,85.42,0.05,0.961098
1474,lightweight_snake_ddqn,2,60.1503,12.48,9412,cpu,5,65,45.31,0.05,1.246087
1475,lightweight_snake_ddqn,2,60.1536,12.28,9412,cpu,2,7,10.36,0.05,1.210285
1476,lightweight_snake_ddqn,2,60.1832,12.26,9412,cpu,7,62,63.46,0.05,2.098312
1477,lightweight_snake_ddqn,2,60.2276,12.18,9412,cpu,11,93,105.09,0.05,1.589192
1478,lightweight_snake_ddqn,2,60.2798,12.16,9412,cpu,13,110,126.64,0.05,1.234441
1479,lightweight_snake_ddqn,2,60.3224,12.18,9412,cpu,11,89,106.13,0.05,0.915162
1480,lightweight_snake_ddqn,2,60.3281,12.08,9412,cpu,2,12,10.61,0.05,1.051284
1481,lightweight_snake_ddqn,2,60.4025,12.32,9412,cpu,22,157,220.26,0.05,1.497067
1482,lightweight_snake_ddqn,2,60.4641,12.24,9412,cpu,14,130,137.55,0.05,1.392252
1483,lightweight_snake_ddqn,2,60.4958,12.2,9412,cpu,9,67,84.53,0.05,2.033967
1484,lightweight_snake_ddqn,2,60.5476,12.3,9412,cpu,14,109,134.46,0.05,0.612915
1485,lightweight_snake_ddqn,2,60.5761,12.2,9412,cpu,8,60,74.39,0.05,1.235465
1486,lightweight_snake_ddqn,2,60.6394,12.06,9412,cpu,16,134,158.53,0.05,1.077739
1487,lightweight_snake_ddqn,2,60.6831,11.82,9412,cpu,12,92,116.31,0.05,1.522973
1488,lightweight_snake_ddqn,2,60.7069,11.6,9412,cpu,6,50,53.27,0.05,1.860934
1489,lightweight_snake_ddqn,2,60.7952,12.0,9412,cpu,23,185,231.29,0.05,0.440872
1490,lightweight_snake_ddqn,2,60.9026,12.24,9412,cpu,25,226,252.6,0.05,1.435485
1491,lightweight_snake_ddqn,2,60.9169,12.18,9412,cpu,6,30,52.07,0.05,1.310767
1492,lightweight_snake_ddqn,2,60.9372,11.98,9412,cpu,7,43,62.95,0.05,1.887826
1493,lightweight_snake_ddqn,2,60.9893,12.16,9412,cpu,14,110,137.55,0.05,1.375511
1494,lightweight_snake_ddqn,2,61.0413,12.1,9412,cpu,14,110,137.35,0.05,0.718304
1495,lightweight_snake_ddqn,2,61.0643,11.86,9412,cpu,6,49,52.98,0.05,1.010701
1496,lightweight_snake_ddqn,2,61.1046,11.86,9412,cpu,11,84,105.28,0.05,0.473065
1497,lightweight_snake_ddqn,2,61.1573,11.8,9412,cpu,12,111,118.22,0.05,1.30241
1498,lightweight_snake_ddqn,2,61.1962,11.58,9412,cpu,11,82,105.7,0.05,0.870129
1499,lightweight_snake_ddqn,2,61.218,11.3,9412,cpu,4,46,33.69,0.05,0.557526
1500,lightweight_snake_ddqn,2,61.2602,11.3,9412,cpu,14,89,136.26,0.05,1.609711
1501,lightweight_snake_ddqn,2,61.3175,11.42,9412,cpu,17,121,166.67,0.05,2.119665
1502,lightweight_snake_ddqn,2,61.3488,11.26,9412,cpu,10,66,94.75,0.05,0.740877
1503,lightweight_snake_ddqn,2,61.4137,11.5,9412,cpu,16,137,159.2,0.05,0.895087
1504,lightweight_snake_ddqn,2,61.4231,11.54,9412,cpu,3,20,20.64,0.05,1.152061
1505,lightweight_snake_ddqn,2,61.5028,11.48,9412,cpu,21,167,211.05,0.05,0.489617
1506,lightweight_snake_ddqn,2,61.5263,11.4,9412,cpu,8,50,73.69,0.05,1.004343
1507,lightweight_snake_ddqn,2,61.5804,11.66,9412,cpu,15,114,147.22,0.05,0.491806
1508,lightweight_snake_ddqn,2,61.5965,11.74,9412,cpu,6,34,51.83,0.05,1.023025
1509,lightweight_snake_ddqn,2,61.6374,11.8,9412,cpu,12,86,116.17,0.05,1.9498
1510,lightweight_snake_ddqn,2,61.7339,12.1,9412,cpu,25,204,251.42,0.05,1.153387
1511,lightweight_snake_ddqn,2,61.804,12.34,9412,cpu,18,147,179.92,0.05,0.977141
1512,lightweight_snake_ddqn,2,61.8611,12.42,9412,cpu,18,120,178.69,0.05,1.265448
1513,lightweight_snake_ddqn,2,61.9535,12.56,9412,cpu,23,195,232.19,0.05,1.0378
1514,lightweight_snake_ddqn,2,61.9796,12.5,9412,cpu,8,55,73.74,0.05,0.968434
1515,lightweight_snake_ddqn,2,62.0103,12.64,9412,cpu,8,65,74.64,0.05,0.849007
1516,lightweight_snake_ddqn,2,62.0439,12.22,9412,cpu,8,71,75.58,0.05,0.604383
1517,lightweight_snake_ddqn,2,62.0558,12.18,9412,cpu,4,25,31.8,0.05,0.719507
1518,lightweight_snake_ddqn,2,62.1016,12.04,9412,cpu,11,97,105.65,0.05,1.042607
1519,lightweight_snake_ddqn,2,62.1517,12.0,9412,cpu,12,106,116.17,0.05,1.617404
1520,lightweight_snake_ddqn,2,62.1872,11.84,9412,cpu,9,75,85.25,0.05,1.841087
1521,lightweight_snake_ddqn,2,62.2325,11.76,9412,cpu,12,96,114.27,0.05,0.658726
1522,lightweight_snake_ddqn,2,62.2995,11.76,9412,cpu,16,142,157.45,0.05,1.347174
1523,lightweight_snake_ddqn,2,62.3275,11.84,9412,cpu,13,59,123.85,0.05,0.63064
1524,lightweight_snake_ddqn,2,62.3633,11.9,9412,cpu,8,76,75.43,0.05,0.95223
1525,lightweight_snake_ddqn,2,62.4164,12.12,9412,cpu,13,112,127.42,0.05,1.02464
1526,lightweight_snake_ddqn,2,62.4979,12.38,9412,cpu,20,173,200.68,0.05,0.581598
1527,lightweight_snake_ddqn,2,62.5402,12.42,9412,cpu,13,90,124.64,0.05,1.600812
1528,lightweight_snake_ddqn,2,62.6368,12.58,9412,cpu,21,205,212.27,0.05,0.571179
1529,lightweight_snake_ddqn,2,62.6664,12.54,9412,cpu,9,63,83.97,0.05,0.38032
1530,lightweight_snake_ddqn,2,62.6903,12.64,9412,cpu,7,51,63.27,0.05,1.380596
1531,lightweight_snake_ddqn,2,62.701,12.26,9412,cpu,3,23,21.31,0.05,0.908411
1532,lightweight_snake_ddqn,2,62.7908,12.4,9412,cpu,21,190,213.32,0.05,1.09961
1533,lightweight_snake_ddqn,2,62.8339,12.44,9412,cpu,11,91,106.11,0.05,1.202157
1534,lightweight_snake_ddqn,2,62.8458,12.22,9412,cpu,3,25,21.89,0.05,0.963449
1535,lightweight_snake_ddqn,2,62.8495,12.06,9412,cpu,0,8,-9.37,0.05,1.521476
1536,lightweight_snake_ddqn,2,62.9171,12.1,9412,cpu,18,143,179.36,0.05,0.492925
1537,lightweight_snake_ddqn,2,62.9639,12.04,9412,cpu,9,100,85.7,0.05,1.035566
1538,lightweight_snake_ddqn,2,62.9728,11.96,9412,cpu,2,19,11.44,0.05,1.476619
1539,lightweight_snake_ddqn,2,62.9756,11.5,9412,cpu,0,6,-9.55,0.05,0.833858
1540,lightweight_snake_ddqn,2,62.9798,11.02,9412,cpu,1,9,0.63,0.05,0.819455
1541,lightweight_snake_ddqn,2,63.0403,11.18,9412,cpu,14,129,137.86,0.05,1.120546
1542,lightweight_snake_ddqn,2,63.0828,11.26,9412,cpu,11,91,106.51,0.05,1.225327
1543,lightweight_snake_ddqn,2,63.102,11.1,9412,cpu,6,41,52.66,0.05,0.49095
1544,lightweight_snake_ddqn,2,63.1264,11.04,9412,cpu,11,52,102.8,0.05,0.583971
1545,lightweight_snake_ddqn,2,63.1644,11.14,9412,cpu,11,81,106.01,0.05,0.969881
1546,lightweight_snake_ddqn,2,63.1719,10.94,9412,cpu,1,16,1.26,0.05,0.972966
1547,lightweight_snake_ddqn,2,63.2079,10.94,9412,cpu,12,77,115.36,0.05,1.015665
1548,lightweight_snake_ddqn,2,63.2356,10.88,9412,cpu,8,59,73.5,0.05,1.294294
1549,lightweight_snake_ddqn,2,63.276,10.98,9412,cpu,9,85,85.95,0.05,1.572382
1550,lightweight_snake_ddqn,2,63.3807,11.26,9412,cpu,28,218,284.01,0.05,0.642791
1551,lightweight_snake_ddqn,2,63.4131,11.12,9412,cpu,10,68,94.53,0.05,1.082853
1552,lightweight_snake_ddqn,2,63.4392,11.08,9412,cpu,8,55,73.74,0.05,2.292957
1553,lightweight_snake_ddqn,2,63.5271,11.24,9412,cpu,24,185,240.2,0.05,1.114933
1554,lightweight_snake_ddqn,2,63.5442,11.26,9412,cpu,4,36,32.59,0.05,0.559218
1555,lightweight_snake_ddqn,2,63.5541,10.92,9412,cpu,4,21,31.44,0.05,0.436611
1556,lightweight_snake_ddqn,2,63.5616,10.78,9412,cpu,1,16,0.86,0.05,1.001493
1557,lightweight_snake_ddqn,2,63.5753,10.56,9412,cpu,4,29,31.96,0.05,2.333099
1558,lightweight_snake_ddqn,2,63.627,10.72,9412,cpu,14,109,137.66,0.05,1.164923
1559,lightweight_snake_ddqn,2,63.6633,10.7,9412,cpu,11,77,103.65,0.05,0.667177
1560,lightweight_snake_ddqn,2,63.6826,10.28,9412,cpu,4,41,32.64,0.05,0.74308
1561,lightweight_snake_ddqn,2,63.6939,10.0,9412,cpu,4,24,31.71,0.05,1.084917
1562,lightweight_snake_ddqn,2,63.7557,10.0,9412,cpu,18,129,177.7,0.05,0.776748
1563,lightweight_snake_ddqn,2,63.7841,9.7,9412,cpu,8,60,73.59,0.05,1.16914
1564,lightweight_snake_ddqn,2,63.8409,9.86,9412,cpu,16,118,156.69,0.05,1.036438
1565,lightweight_snake_ddqn,2,63.8866,9.92,9412,cpu,11,96,106.76,0.05,1.816041
1566,lightweight_snake_ddqn,2,63.9307,10.02,9412,cpu,13,93,127.11,0.05,1.216731
1567,lightweight_snake_ddqn,2,64.0027,10.26,9412,cpu,16,151,159.26,0.05,0.875561
1568,lightweight_snake_ddqn,2,64.0275,10.22,9412,cpu,9,52,82.98,0.05,0.15748
1569,lightweight_snake_ddqn,2,64.0785,10.3,9412,cpu,16,107,157.1,0.05,1.415127
1570,lightweight_snake_ddqn,2,64.1472,10.44,9412,cpu,16,144,156.83,0.05,1.476519
1571,lightweight_snake_ddqn,2,64.1844,10.38,9412,cpu,9,78,84.12,0.05,1.333321
1572,lightweight_snake_ddqn,2,64.2197,10.2,9412,cpu,7,74,65.34,0.05,1.017667
1573,lightweight_snake_ddqn,2,64.2307,9.98,9412,cpu,2,23,11.8,0.05,0.419008
1574,lightweight_snake_ddqn,2,64.3141,10.26,9412,cpu,22,175,220.88,0.05,0.742211
1575,lightweight_snake_ddqn,2,64.4002,10.4,9412,cpu,20,181,202.6,0.05,1.210289
1576,lightweight_snake_ddqn,2,64.4601,10.3,9412,cpu,15,126,147.9,0.05,0.633984
1577,lightweight_snake_ddqn,2,64.4732,10.1,9412,cpu,3,28,21.96,0.05,1.977432
1578,lightweight_snake_ddqn,2,64.4864,9.78,9412,cpu,5,28,41.58,0.05,0.842347
1579,lightweight_snake_ddqn,2,64.5659,10.0,9412,cpu,20,168,200.63,0.05,1.862583
1580,lightweight_snake_ddqn,2,64.6024,10.06,9412,cpu,10,77,95.34,0.05,1.271202
1581,lightweight_snake_ddqn,2,64.6477,10.22,9412,cpu,11,96,105.76,0.05,0.637469
1582,lightweight_snake_ddqn,2,64.7183,10.12,9412,cpu,16,149,160.28,0.05,1.723308
1583,lightweight_snake_ddqn,2,64.7817,10.22,9412,cpu,16,134,158.93,0.05,0.841342
1584,lightweight_snake_ddqn,2,64.8166,10.36,9412,cpu,10,74,93.67,0.05,1.84441
1585,lightweight_snake_ddqn,2,64.8594,10.6,9412,cpu,12,91,116.22,0.05,0.407907
1586,lightweight_snake_ddqn,2,64.9329,10.62,9412,cpu,19,156,190.44,0.05,1.827886
1587,lightweight_snake_ddqn,2,64.9728,10.62,9412,cpu,9,85,86.35,0.05,0.951086
1588,lightweight_snake_ddqn,2,65.0828,11.04,9412,cpu,23,233,235.81,0.05,1.385481
1589,lightweight_snake_ddqn,2,65.1423,11.4,9412,cpu,18,126,178.83,0.05,0.777747
1590,lightweight_snake_ddqn,2,65.1734,11.54,9412,cpu,8,66,74.73,0.05,1.338484
1591,lightweight_snake_ddqn,2,65.1964,11.38,9412,cpu,6,49,53.38,0.05,1.095039
1592,lightweight_snake_ddqn,2,65.2453,11.4,9412,cpu,12,104,116.39,0.05,1.504434
1593,lightweight_snake_ddqn,2,65.3339,11.66,9412,cpu,19,188,192.32,0.05,1.293587
1594,lightweight_snake_ddqn,2,65.3846,11.7,9412,cpu,13,108,127.86,0.05,1.937144
1595,lightweight_snake_ddqn,2,65.4351,11.78,9412,cpu,15,107,147.99,0.05,1.304749
1596,lightweight_snake_ddqn,2,65.4594,11.9,9412,cpu,7,52,63.36,0.05,0.321193
1597,lightweight_snake_ddqn,2,65.5031,11.92,9412,cpu,13,93,126.31,0.05,1.262564
1598,lightweight_snake_ddqn,2,65.5261,11.92,9412,cpu,8,49,73.0,0.05,0.426243
1599,lightweight_snake_ddqn,2,65.6266,12.28,9412,cpu,27,213,273.05,0.05,0.440494
1600,lightweight_snake_ddqn,2,65.6501,11.84,9412,cpu,6,50,53.87,0.05,0.669862
1601,lightweight_snake_ddqn,2,65.682,11.74,9412,cpu,5,68,43.38,0.05,0.68617
1602,lightweight_snake_ddqn,2,65.7225,11.78,9412,cpu,10,86,96.35,0.05,0.604604
1603,lightweight_snake_ddqn,2,65.7559,11.52,9412,cpu,11,70,105.02,0.05,2.109313
1604,lightweight_snake_ddqn,2,65.7874,11.58,9412,cpu,7,67,64.31,0.05,0.871831
1605,lightweight_snake_ddqn,2,65.8359,11.76,9412,cpu,13,103,127.01,0.05,1.050172
1606,lightweight_snake_ddqn,2,65.853,11.86,9412,cpu,6,36,52.61,0.05,1.444388
1607,lightweight_snake_ddqn,2,65.8837,11.94,9412,cpu,8,65,74.64,0.05,1.983275
1608,lightweight_snake_ddqn,2,65.9096,11.8,9412,cpu,7,55,64.03,0.05,1.106389
1609,lightweight_snake_ddqn,2,65.9397,11.74,9412,cpu,8,64,73.75,0.05,0.948677
1610,lightweight_snake_ddqn,2,65.982,11.96,9412,cpu,15,89,145.97,0.05,1.431171
1611,lightweight_snake_ddqn,2,66.0207,12.06,9412,cpu,9,82,86.08,0.05,0.53792
1612,lightweight_snake_ddqn,2,66.0471,11.88,9412,cpu,9,56,83.74,0.05,1.215015
1613,lightweight_snake_ddqn,2,66.0795,11.88,9412,cpu,8,69,74.6,0.05,1.362612
1614,lightweight_snake_ddqn,2,66.1378,11.86,9412,cpu,15,123,148.83,0.05,0.421513
1615,lightweight_snake_ddqn,2,66.1594,11.76,9412,cpu,6,46,53.51,0.05,1.731944
1616,lightweight_snake_ddqn,2,66.1685,11.58,9412,cpu,4,19,31.06,0.05,1.056487
1617,lightweight_snake_ddqn,2,66.2019,11.44,9412,cpu,9,71,85.29,0.05,0.829418
1618,lightweight_snake_ddqn,2,66.2556,11.6,9412,cpu,17,113,168.15,0.05,0.41848
1619,lightweight_snake_ddqn,2,66.2944,11.54,9412,cpu,13,82,125.92,0.05,0.631028
1620,lightweight_snake_ddqn,2,66.3479,11.5,9412,cpu,14,113,136.62,0.05,1.560121
1621,lightweight_snake_ddqn,2,66.3843,11.54,9412,cpu,11,77,105.85,0.05,1.477549
1622,lightweight_snake_ddqn,2,66.4507,11.88,9412,cpu,24,141,239.24,0.05,0.745026
1623,lightweight_snake_ddqn,2,66.5187,12.24,9412,cpu,20,145,198.16,0.05,2.01118
1624,lightweight_snake_ddqn,2,66.5468,11.92,9412,cpu,6,60,54.37,0.05,1.342073
1625,lightweight_snake_ddqn,2,66.6244,11.92,9412,cpu,20,165,197.96,0.05,0.965623
1626,lightweight_snake_ddqn,2,66.672,11.88,9412,cpu,13,102,126.72,0.05,1.482721
1627,lightweight_snake_ddqn,2,66.7012,11.98,9412,cpu,8,62,74.77,0.05,1.495138
1628,lightweight_snake_ddqn,2,66.7398,12.08,9412,cpu,10,82,96.19,0.05,0.361239
1629,lightweight_snake_ddqn,2,66.7946,11.98,9412,cpu,15,116,147.2,0.05,1.302175
1630,lightweight_snake_ddqn,2,66.8373,12.02,9412,cpu,12,90,115.13,0.05,0.146631
1631,lightweight_snake_ddqn,2,66.8444,11.82,9412,cpu,1,15,1.17,0.05,0.630007
1632,lightweight_snake_ddqn,2,66.9052,11.84,9412,cpu,17,129,166.59,0.05,0.949581
1633,lightweight_snake_ddqn,2,66.9504,11.74,9412,cpu,11,96,105.56,0.05,1.030635
1634,lightweight_snake_ddqn,2,67.0415,12.04,9412,cpu,25,193,251.63,0.05,1.687179
1635,lightweight_snake_ddqn,2,67.083,12.12,9412,cpu,16,88,154.99,0.05,1.716853
1636,lightweight_snake_ddqn,2,67.1124,11.86,9412,cpu,6,63,54.24,0.05,0.87001
1637,lightweight_snake_ddqn,2,67.118,11.7,9412,cpu,1,12,0.9,0.05,0.640592
1638,lightweight_snake_ddqn,2,67.1736,11.48,9412,cpu,12,118,115.85,0.05,1.174852
1639,lightweight_snake_ddqn,2,67.1947,11.28,9412,cpu,8,45,73.04,0.05,0.870379
1640,lightweight_snake_ddqn,2,67.2317,11.34,9412,cpu,11,79,103.23,0.05,0.941719
1641,lightweight_snake_ddqn,2,67.2741,11.44,9412,cpu,11,90,106.02,0.05,1.419209
1642,lightweight_snake_ddqn,2,67.3296,11.52,9412,cpu,16,118,159.09,0.05,1.538819
1643,lightweight_snake_ddqn,2,67.407,11.54,9412,cpu,20,164,200.67,0.05,0.974573
1644,lightweight_snake_ddqn,2,67.4375,11.44,9412,cpu,8,65,73.64,0.05,1.430923
1645,lightweight_snake_ddqn,2,67.4956,11.42,9412,cpu,14,124,139.41,0.05,0.684341
1646,lightweight_snake_ddqn,2,67.5022,11.32,9412,cpu,2,14,10.79,0.05,1.798529
1647,lightweight_snake_ddqn,2,67.5411,11.22,9412,cpu,8,83,76.06,0.05,1.554111
1648,lightweight_snake_ddqn,2,67.6202,11.5,9412,cpu,22,169,219.54,0.05,0.538355
1649,lightweight_snake_ddqn,2,67.6739,11.24,9412,cpu,14,114,137.91,0.05,1.728863
1650,lightweight_snake_ddqn,2,67.6997,11.26,9412,cpu,7,55,64.03,0.05,0.972809
1651,lightweight_snake_ddqn,2,67.7595,11.44,9412,cpu,14,127,138.48,0.05,1.33575
1652,lightweight_snake_ddqn,2,67.8054,11.52,9412,cpu,14,97,134.58,0.05,2.134194
1653,lightweight_snake_ddqn,2,67.8591,11.64,9412,cpu,17,113,166.95,0.05,1.481404
1654,lightweight_snake_ddqn,2,67.9367,11.82,9412,cpu,16,165,160.32,0.05,1.121175
1655,lightweight_snake_ddqn,2,67.9853,11.78,9412,cpu,11,103,107.59,0.05,1.296852
1656,lightweight_snake_ddqn,2,68.0716,12.04,9412,cpu,19,184,191.16,0.05,0.922942
1657,lightweight_snake_ddqn,2,68.1358,12.22,9412,cpu,17,136,168.42,0.05,0.970926
1658,lightweight_snake_ddqn,2,68.1993,12.46,9412,cpu,19,135,187.75,0.05,1.241163
1659,lightweight_snake_ddqn,2,68.2632,12.66,9412,cpu,18,136,178.33,0.05,1.697645
1660,lightweight_snake_ddqn,2,68.3096,12.6,9412,cpu,12,99,115.94,0.05,1.771183
1661,lightweight_snake_ddqn,2,68.3678,12.7,9412,cpu,14,124,137.41,0.05,0.783742
1662,lightweight_snake_ddqn,2,68.3866,12.62,9412,cpu,5,40,43.06,0.05,0.448611
1663,lightweight_snake_ddqn,2,68.4063,12.6,9412,cpu,7,42,62.06,0.05,1.554329
1664,lightweight_snake_ddqn,2,68.4161,12.34,9412,cpu,2,21,11.42,0.05,0.435243
1665,lightweight_snake_ddqn,2,68.4302,12.3,9412,cpu,4,30,32.05,0.05,1.838848
1666,lightweight_snake_ddqn,2,68.5099,12.5,9412,cpu,14,170,138.35,0.05,1.29493
1667,lightweight_snake_ddqn,2,68.5729,12.62,9412,cpu,15,134,148.42,0.05,0.868015
1668,lightweight_snake_ddqn,2,68.6129,12.56,9412,cpu,14,85,134.1,0.05,0.787794
1669,lightweight_snake_ddqn,2,68.6438,12.48,9412,cpu,9,66,84.44,0.05,1.025286
1670,lightweight_snake_ddqn,2,68.6706,12.36,9412,cpu,8,57,74.12,0.05,2.011745
1671,lightweight_snake_ddqn,2,68.6786,12.2,9412,cpu,3,17,21.17,0.05,1.057294
1672,lightweight_snake_ddqn,2,68.721,11.96,9412,cpu,12,90,116.33,0.05,0.823631
1673,lightweight_snake_ddqn,2,68.7704,11.78,9412,cpu,11,105,107.97,0.05,1.112571
1674,lightweight_snake_ddqn,2,68.827,11.98,9412,cpu,16,119,158.58,0.05,1.404008
1675,lightweight_snake_ddqn,2,68.8737,11.8,9412,cpu,11,99,106.23,0.05,1.8711
1676,lightweight_snake_ddqn,2,68.8803,11.56,9412,cpu,1,14,1.08,0.05,0.852317
1677,lightweight_snake_ddqn,2,68.9214,11.6,9412,cpu,10,87,95.84,0.05,1.55267
1678,lightweight_snake_ddqn,2,68.9722,11.68,9412,cpu,14,108,136.97,0.05,1.297062
1679,lightweight_snake_ddqn,2,69.0559,11.7,9412,cpu,16,178,158.89,0.05,1.400316
1680,lightweight_snake_ddqn,2,69.121,11.76,9412,cpu,15,139,147.87,0.05,1.676317
1681,lightweight_snake_ddqn,2,69.1445,11.88,9412,cpu,7,50,63.18,0.05,0.806436
1682,lightweight_snake_ddqn,2,69.1765,11.78,9412,cpu,12,68,114.55,0.05,1.16438
1683,lightweight_snake_ddqn,2,69.2452,11.96,9412,cpu,20,143,199.18,0.05,0.630828
1684,lightweight_snake_ddqn,2,69.2485,11.46,9412,cpu,0,6,-9.55,0.05,1.112176
1685,lightweight_snake_ddqn,2,69.3217,11.52,9412,cpu,19,149,189.41,0.05,1.045009
1686,lightweight_snake_ddqn,2,69.3449,11.54,9412,cpu,7,46,62.82,0.05,1.17523
1687,lightweight_snake_ddqn,2,69.3889,11.78,9412,cpu,13,89,125.55,0.05,0.961518
1688,lightweight_snake_ddqn,2,69.4823,12.0,9412,cpu,23,188,231.76,0.05,1.117744
1689,lightweight_snake_ddqn,2,69.524,12.06,9412,cpu,11,84,106.08,0.05,1.60019
1690,lightweight_snake_ddqn,2,69.5299,11.84,9412,cpu,0,12,-9.21,0.05,1.142075
1691,lightweight_snake_ddqn,2,69.5437,11.66,9412,cpu,2,28,12.25,0.05,1.656973
1692,lightweight_snake_ddqn,2,69.58,11.56,9412,cpu,11,74,104.98,0.05,0.962242
1693,lightweight_snake_ddqn,2,69.6308,11.4,9412,cpu,12,103,115.5,0.05,0.806946
1694,lightweight_snake_ddqn,2,69.682,11.52,9412,cpu,14,103,136.72,0.05,1.548229
1695,lightweight_snake_ddqn,2,69.7579,11.64,9412,cpu,20,152,200.79,0.05,2.356337
1696,lightweight_snake_ddqn,2,69.8401,11.88,9412,cpu,14,165,136.9,0.05,0.927504
1697,lightweight_snake_ddqn,2,69.9013,12.02,9412,cpu,15,124,148.72,0.05,1.356302
1698,lightweight_snake_ddqn,2,69.9138,11.64,9412,cpu,3,26,21.78,0.05,1.230886
1699,lightweight_snake_ddqn,2,69.9841,11.7,9412,cpu,17,143,167.65,0.05,1.517892
1700,lightweight_snake_ddqn,2,70.0705,11.98,9412,cpu,21,175,209.77,0.05,0.776079
1701,lightweight_snake_ddqn,2,70.1368,11.98,9412,cpu,14,135,139.8,0.05,1.354336
1702,lightweight_snake_ddqn,2,70.1979,11.98,9412,cpu,14,123,136.72,0.05,1.573157
1703,lightweight_snake_ddqn,2,70.2344,11.8,9412,cpu,8,74,74.45,0.05,0.347199
1704,lightweight_snake_ddqn,2,70.278,11.7,9412,cpu,11,88,106.64,0.05,0.44421
1705,lightweight_snake_ddqn,2,70.3212,11.72,9412,cpu,12,88,116.35,0.05,0.904993
1706,lightweight_snake_ddqn,2,70.411,11.76,9412,cpu,21,181,209.71,0.05,1.059373
1707,lightweight_snake_ddqn,2,70.4809,11.78,9412,cpu,18,134,178.35,0.05,0.597161
1708,lightweight_snake_ddqn,2,70.5346,11.66,9412,cpu,13,105,127.59,0.05,1.154618
1709,lightweight_snake_ddqn,2,70.5643,11.46,9412,cpu,8,58,74.01,0.05,0.499335
1710,lightweight_snake_ddqn,2,70.662,11.64,9412,cpu,21,192,210.7,0.05,1.472472
1711,lightweight_snake_ddqn,2,70.7261,11.74,9412,cpu,19,128,188.12,0.05,1.181401
1712,lightweight_snake_ddqn,2,70.82,12.02,9412,cpu,19,188,192.12,0.05,0.610195
1713,lightweight_snake_ddqn,2,70.8643,12.08,9412,cpu,10,88,96.13,0.05,1.667811
1714,lightweight_snake_ddqn,2,70.8831,12.12,9412,cpu,4,38,32.37,0.05,0.908931
1715,lightweight_snake_ddqn,2,70.9507,12.38,9412,cpu,17,138,170.2,0.05,0.991941
1716,lightweight_snake_ddqn,2,70.9813,12.3,9412,cpu,10,62,94.59,0.05,0.158261
1717,lightweight_snake_ddqn,2,71.001,12.12,9412,cpu,6,40,52.77,0.05,1.158217
1718,lightweight_snake_ddqn,2,71.0839,12.24,9412,cpu,20,168,202.03,0.05,0.782096
1719,lightweight_snake_ddqn,2,71.1798,12.46,9412,cpu,20,195,199.26,0.05,0.610384
1720,lightweight_snake_ddqn,2,71.1876,12.34,9412,cpu,2,16,10.97,0.05,0.253063
1721,lightweight_snake_ddqn,2,71.2169,12.44,9412,cpu,8,60,74.39,0.05,1.632742
1722,lightweight_snake_ddqn,2,71.2714,12.5,9412,cpu,15,111,146.15,0.05,1.698491
1723,lightweight_snake_ddqn,2,71.3263,12.62,9412,cpu,17,115,166.73,0.05,1.288247
1724,lightweight_snake_ddqn,2,71.3445,12.4,9412,cpu,5,38,42.28,0.05,0.359071
1725,lightweight_snake_ddqn,2,71.4549,12.68,9412,cpu,25,230,252.56,0.05,0.718091
1726,lightweight_snake_ddqn,2,71.4763,12.76,9412,cpu,5,44,42.82,0.05,1.782319
1727,lightweight_snake_ddqn,2,71.498,12.7,9412,cpu,7,46,62.42,0.05,1.107566
1728,lightweight_snake_ddqn,2,71.5531,12.72,9412,cpu,15,115,146.91,0.05,0.549751
1729,lightweight_snake_ddqn,2,71.6226,12.76,9412,cpu,18,146,180.83,0.05,0.534178
1730,lightweight_snake_ddqn,2,71.6615,12.76,9412,cpu,15,82,145.34,0.05,0.9559
1731,lightweight_snake_ddqn,2,71.6754,12.7,9412,cpu,4,29,31.96,0.05,1.624299
1732,lightweight_snake_ddqn,2,71.7105,12.7,9412,cpu,12,74,114.89,0.05,0.413714
1733,lightweight_snake_ddqn,2,71.7159,12.34,9412,cpu,2,11,10.32,0.05,1.184725
1734,lightweight_snake_ddqn,2,71.8058,12.72,9412,cpu,19,187,189.43,0.05,0.709552
1735,lightweight_snake_ddqn,2,71.8273,12.46,9412,cpu,6,45,53.22,0.05,0.745202
1736,lightweight_snake_ddqn,2,71.8417,12.4,9412,cpu,4,30,32.05,0.05,0.95223
1737,lightweight_snake_ddqn,2,71.9101,12.44,9412,cpu,15,144,150.12,0.05,0.705894
1738,lightweight_snake_ddqn,2,71.92,12.02,9412,cpu,2,21,11.62,0.05,1.331163
1739,lightweight_snake_ddqn,2,71.9882,12.18,9412,cpu,19,143,187.47,0.05,0.317178
1740,lightweight_snake_ddqn,2,71.9953,12.22,9412,cpu,2,15,11.08,0.05,1.304218
1741,lightweight_snake_ddqn,2,72.0105,12.22,9412,cpu,2,32,12.21,0.05,1.115168
1742,lightweight_snake_ddqn,2,72.0498,12.22,9412,cpu,11,83,105.79,0.05,2.01685
1743,lightweight_snake_ddqn,2,72.0522,12.0,9412,cpu,1,5,0.27,0.05,1.02143
1744,lightweight_snake_ddqn,2,72.0692,11.8,9412,cpu,4,36,31.19,0.05,1.082632
1745,lightweight_snake_ddqn,2,72.1431,11.82,9412,cpu,21,156,209.66,0.05,2.310993
1746,lightweight_snake_ddqn,2,72.1748,11.72,9412,cpu,9,67,85.13,0.05,1.309605
1747,lightweight_snake_ddqn,2,72.1786,11.44,9412,cpu,1,8,0.34,0.05,1.242632
1748,lightweight_snake_ddqn,2,72.1993,11.5,9412,cpu,6,44,52.93,0.05,0.706281
1749,lightweight_snake_ddqn,2,72.2146,11.24,9412,cpu,4,32,32.23,0.05,0.666883
1750,lightweight_snake_ddqn,2,72.2412,10.94,9412,cpu,6,56,54.41,0.05,1.537252
1751,lightweight_snake_ddqn,2,72.3203,11.06,9412,cpu,20,167,201.74,0.05,1.363662
1752,lightweight_snake_ddqn,2,72.3614,10.98,9412,cpu,10,87,96.64,0.05,1.807407
1753,lightweight_snake_ddqn,2,72.3892,10.94,9412,cpu,6,59,52.68,0.05,1.090883
1754,lightweight_snake_ddqn,2,72.4227,10.9,9412,cpu,9,71,84.69,0.05,1.441234
1755,lightweight_snake_ddqn,2,72.4885,11.16,9412,cpu,25,138,248.88,0.05,0.92859
1756,lightweight_snake_ddqn,2,72.5193,10.94,9412,cpu,10,65,94.46,0.05,1.239168
1757,lightweight_snake_ddqn,2,72.608,10.98,9412,cpu,20,186,203.05,0.05,0.242855
1758,lightweight_snake_ddqn,2,72.6347,10.86,9412,cpu,7,56,63.92,0.05,0.465647
1759,lightweight_snake_ddqn,2,72.698,11.02,9412,cpu,16,133,160.24,0.05,0.098669
1760,lightweight_snake_ddqn,2,72.7509,10.9,9412,cpu,15,111,146.55,0.05,1.46976
1761,lightweight_snake_ddqn,2,72.7749,10.72,9412,cpu,10,50,93.31,0.05,0.371713
1762,lightweight_snake_ddqn,2,72.824,10.62,9412,cpu,14,103,135.92,0.05,1.23727
1763,lightweight_snake_ddqn,2,72.8632,10.62,9412,cpu,10,82,94.39,0.05,1.279893
1764,lightweight_snake_ddqn,2,72.8751,10.62,9412,cpu,4,25,31.6,0.05,0.986247
1765,lightweight_snake_ddqn,2,72.8947,10.42,9412,cpu,7,41,62.97,0.05,1.668069
1766,lightweight_snake_ddqn,2,72.9108,10.3,9412,cpu,4,34,32.61,0.05,1.276366
1767,lightweight_snake_ddqn,2,72.9347,10.32,9412,cpu,7,50,63.78,0.05,1.059177
1768,lightweight_snake_ddqn,2,72.9465,10.0,9412,cpu,4,25,31.2,0.05,2.265204
1769,lightweight_snake_ddqn,2,72.9607,9.7,9412,cpu,5,30,41.96,0.05,0.824299
1770,lightweight_snake_ddqn,2,72.966,9.7,9412,cpu,2,11,10.72,0.05,0.982753
1771,lightweight_snake_ddqn,2,73.0498,9.98,9412,cpu,22,176,219.57,0.05,1.191748
1772,lightweight_snake_ddqn,2,73.0888,9.9,9412,cpu,11,82,105.9,0.05,1.272242
1773,lightweight_snake_ddqn,2,73.1362,9.76,9412,cpu,10,100,97.61,0.05,1.186259
1774,lightweight_snake_ddqn,2,73.1748,9.9,9412,cpu,12,81,115.92,0.05,0.86242
1775,lightweight_snake_ddqn,2,73.2161,9.6,9412,cpu,10,87,96.04,0.05,1.759344
1776,lightweight_snake_ddqn,2,73.262,9.7,9412,cpu,10,97,96.34,0.05,0.295604
1777,lightweight_snake_ddqn,2,73.2752,9.62,9412,cpu,3,28,21.76,0.05,1.157018
1778,lightweight_snake_ddqn,2,73.3336,9.54,9412,cpu,11,124,104.28,0.05,1.078801
1779,lightweight_snake_ddqn,2,73.3379,9.2,9412,cpu,1,9,0.63,0.05,2.09814
1780,lightweight_snake_ddqn,2,73.3691,9.1,9412,cpu,10,66,94.55,0.05,1.834969
1781,lightweight_snake_ddqn,2,73.3943,9.16,9412,cpu,7,53,63.65,0.05,1.205087
1782,lightweight_snake_ddqn,2,73.4124,9.06,9412,cpu,7,38,62.5,0.05,0.325349
1783,lightweight_snake_ddqn,2,73.4186,9.06,9412,cpu,2,13,10.3,0.05,1.219208
1784,lightweight_snake_ddqn,2,73.488,9.04,9412,cpu,18,147,178.52,0.05,0.64512
1785,lightweight_snake_ddqn,2,73.5594,9.22,9412,cpu,15,151,147.55,0.05,0.993605
1786,lightweight_snake_ddqn,2,73.6209,9.46,9412,cpu,16,130,158.37,0.05,0.567557
1787,lightweight_snake_ddqn,2,73.6415,9.3,9412,cpu,7,43,62.95,0.05,1.085667
1788,lightweight_snake_ddqn,2,73.7002,9.6,9412,cpu,17,124,167.54,0.05,0.57533
1789,lightweight_snake_ddqn,2,73.7488,9.46,9412,cpu,12,102,117.41,0.05,1.330746
1790,lightweight_snake_ddqn,2,73.7746,9.6,9412,cpu,9,54,83.96,0.05,0.426434
1791,lightweight_snake_ddqn,2,73.8522,9.98,9412,cpu,21,164,210.38,0.05,1.079972
1792,lightweight_snake_ddqn,2,73.8778,9.88,9412,cpu,6,54,54.23,0.05,1.236584
1793,lightweight_snake_ddqn,2,73.9247,10.2,9412,cpu,17,97,166.71,0.05,1.363166
1794,lightweight_snake_ddqn,2,73.967,10.32,9412,cpu,10,89,96.42,0.05,1.321702
1795,lightweight_snake_ddqn,2,74.0244,10.2,9412,cpu,15,121,147.85,0.05,0.802077
1796,lightweight_snake_ddqn,2,74.0524,10.2,9412,cpu,9,59,83.61,0.05,1.303676
1797,lightweight_snake_ddqn,2,74.0591,10.22,9412,cpu,2,14,10.79,0.05,0.784487
1798,lightweight_snake_ddqn,2,74.095,10.32,9412,cpu,11,76,105.16,0.05,1.181471
1799,lightweight_snake_ddqn,2,74.1096,10.32,9412,cpu,4,31,31.94,0.05,0.855115
1800,lightweight_snake_ddqn,2,74.1201,10.24,9412,cpu,2,22,11.71,0.05,0.738067
1801,lightweight_snake_ddqn,2,74.1415,9.96,9412,cpu,6,45,53.02,0.05,1.446176
1802,lightweight_snake_ddqn,2,74.1688,9.9,9412,cpu,7,58,64.1,0.05,1.208176
1803,lightweight_snake_ddqn,2,74.2105,10.0,9412,cpu,11,88,106.44,0.05,1.818486
1804,lightweight_snake_ddqn,2,74.2623,10.06,9412,cpu,12,109,118.04,0.05,0.859435
1805,lightweight_snake_ddqn,2,74.3196,9.86,9412,cpu,15,121,147.05,0.05,1.309958
1806,lightweight_snake_ddqn,2,74.3639,9.9,9412,cpu,12,93,116.6,0.05,0.616119
1807,lightweight_snake_ddqn,2,74.3823,9.58,9412,cpu,4,39,32.46,0.05,1.178169
1808,lightweight_snake_ddqn,2,74.4136,9.6,9412,cpu,8,66,74.93,0.05,0.806631
1809,lightweight_snake_ddqn,2,74.4711,9.52,9412,cpu,12,121,117.52,0.05,0.579192
1810,lightweight_snake_ddqn,2,74.4821,9.28,9412,cpu,3,23,21.71,0.05,1.288339
1811,lightweight_snake_ddqn,2,74.4854,9.08,9412,cpu,0,7,-9.46,0.05,1.152569
1812,lightweight_snake_ddqn,2,74.4935,8.82,9412,cpu,1,17,1.35,0.05,0.641756
1813,lightweight_snake_ddqn,2,74.5006,8.66,9412,cpu,2,15,11.08,0.05,1.205958
1814,lightweight_snake_ddqn,2,74.5616,8.9,9412,cpu,16,128,158.39,0.05,0.6951
1815,lightweight_snake_ddqn,2,74.602,8.92,9412,cpu,8,85,76.24,0.05,1.685941
1816,lightweight_snake_ddqn,2,74.6405,9.06,9412,cpu,11,81,105.21,0.05,1.288002
1817,lightweight_snake_ddqn,2,74.649,8.96,9412,cpu,2,18,11.15,0.05,0.552409
1818,lightweight_snake_ddqn,2,74.7232,9.22,9412,cpu,17,155,169.53,0.05,1.796611
1819,lightweight_snake_ddqn,2,74.7782,9.46,9412,cpu,17,116,167.82,0.05,1.522786
1820,lightweight_snake_ddqn,2,74.8268,9.74,9412,cpu,16,103,157.34,0.05,1.237062
1821,lightweight_snake_ddqn,2,74.8791,9.62,9412,cpu,16,110,156.37,0.05,1.918405
1822,lightweight_snake_ddqn,2,74.9432,9.66,9412,cpu,13,136,128.58,0.05,1.13156
1823,lightweight_snake_ddqn,2,75.043,9.98,9412,cpu,26,210,260.67,0.05,1.928439
1824,lightweight_snake_ddqn,2,75.0643,9.84,9412,cpu,5,45,42.91,0.05,1.510562
1825,lightweight_snake_ddqn,2,75.0705,9.66,9412,cpu,1,13,0.99,0.05,0.92729
1826,lightweight_snake_ddqn,2,75.1098,9.68,9412,cpu,11,83,105.19,0.05,1.361952
1827,lightweight_snake_ddqn,2,75.1553,9.86,9412,cpu,12,96,117.07,0.05,1.172701
1828,lightweight_snake_ddqn,2,75.2354,10.04,9412,cpu,20,168,201.43,0.05,1.799357
1829,lightweight_snake_ddqn,2,75.3079,10.4,9412,cpu,19,151,189.99,0.05,1.078985
1830,lightweight_snake_ddqn,2,75.3494,10.46,9412,cpu,13,87,126.37,0.05,1.423334
1831,lightweight_snake_ddqn,2,75.3865,10.52,9412,cpu,10,78,94.83,0.05,1.022975
1832,lightweight_snake_ddqn,2,75.4897,10.92,9412,cpu,27,217,273.41,0.05,1.386177
1833,lightweight_snake_ddqn,2,75.5033,10.94,9412,cpu,3,29,21.25,0.05,1.369478
1834,lightweight_snake_ddqn,2,75.546,10.8,9412,cpu,11,90,106.02,0.05,0.509542
1835,lightweight_snake_ddqn,2,75.5879,10.72,9412,cpu,11,89,105.73,0.05,0.840097
1836,lightweight_snake_ddqn,2,75.5931,10.42,9412,cpu,1,11,0.61,0.05,1.372386
1837,lightweight_snake_ddqn,2,75.6384,10.48,9412,cpu,10,96,94.85,0.05,0.96132
1838,lightweight_snake_ddqn,2,75.6597,10.26,9412,cpu,6,45,52.62,0.05,0.889532
1839,lightweight_snake_ddqn,2,75.6986,10.24,9412,cpu,11,82,105.7,0.05,0.518805
1840,lightweight_snake_ddqn,2,75.7618,10.36,9412,cpu,15,134,148.42,0.05,1.057998
1841,lightweight_snake_ddqn,2,75.8106,10.22,9412,cpu,14,103,136.92,0.05,1.719748
1842,lightweight_snake_ddqn,2,75.8569,10.36,9412,cpu,13,97,126.07,0.05,0.858021
1843,lightweight_snake_ddqn,2,75.8917,10.22,9412,cpu,10,73,94.58,0.05,1.1107
1844,lightweight_snake_ddqn,2,75.9534,10.38,9412,cpu,18,129,178.1,0.05,1.941638
1845,lightweight_snake_ddqn,2,75.9725,10.18,9412,cpu,5,40,42.66,0.05,0.901107
1846,lightweight_snake_ddqn,2,76.0003,10.16,9412,cpu,8,59,74.1,0.05,2.139688
1847,lightweight_snake_ddqn,2,76.0707,10.46,9412,cpu,17,148,169.9,0.05,1.336786
1848,lightweight_snake_ddqn,2,76.107,10.44,9412,cpu,10,77,94.14,0.05,0.822199
1849,lightweight_snake_ddqn,2,76.1351,10.54,9412,cpu,9,59,84.01,0.05,1.103372
1850,lightweight_snake_ddqn,2,76.1691,10.66,9412,cpu,8,72,74.27,0.05,0.432408
1851,lightweight_snake_ddqn,2,76.2588,10.86,9412,cpu,16,190,159.97,0.05,1.41783
1852,lightweight_snake_ddqn,2,76.3022,10.92,9412,cpu,10,92,94.89,0.05,0.699006
1853,lightweight_snake_ddqn,2,76.3215,10.8,9412,cpu,5,41,42.75,0.05,1.160763
1854,lightweight_snake_ddqn,2,76.3508,10.72,9412,cpu,8,62,73.57,0.05,0.414826
1855,lightweight_snake_ddqn,2,76.4157,10.76,9412,cpu,17,137,167.51,0.05,0.84103
1856,lightweight_snake_ddqn,2,76.4351,10.62,9412,cpu,5,41,42.95,0.05,1.241482
1857,lightweight_snake_ddqn,2,76.4701,10.74,9412,cpu,10,74,95.27,0.05,1.510718
1858,lightweight_snake_ddqn,2,76.5777,11.1,9412,cpu,26,221,261.06,0.05,1.3891
1859,lightweight_snake_ddqn,2,76.6282,11.1,9412,cpu,12,94,116.49,0.05,1.040944
1860,lightweight_snake_ddqn,2,76.6697,11.2,9412,cpu,8,87,76.42,0.05,0.980451
1861,lightweight_snake_ddqn,2,76.673,11.22,9412,cpu,1,7,0.45,0.05,0.793567
1862,lightweight_snake_ddqn,2,76.7367,11.56,9412,cpu,18,135,178.24,0.05,1.819118
1863,lightweight_snake_ddqn,2,76.7559,11.6,9412,cpu,4,41,32.24,0.05,1.107199
1864,lightweight_snake_ddqn,2,76.7834,11.42,9412,cpu,7,58,64.1,0.05,0.385712
1865,lightweight_snake_ddqn,2,76.7993,11.36,9412,cpu,5,34,42.12,0.05,1.416149
1866,lightweight_snake_ddqn,2,76.8878,11.56,9412,cpu,21,187,211.85,0.05,1.704102
1867,lightweight_snake_ddqn,2,76.9161,11.74,9412,cpu,11,60,104.32,0.05,1.277629
1868,lightweight_snake_ddqn,2,76.979,11.74,9412,cpu,17,133,169.35,0.05,1.857428
1869,lightweight_snake_ddqn,2,76.9997,11.52,9412,cpu,6,44,53.33,0.05,0.674101
1870,lightweight_snake_ddqn,2,77.0388,11.42,9412,cpu,11,83,105.19,0.05,1.301759
1871,lightweight_snake_ddqn,2,77.1018,11.4,9412,cpu,15,133,148.73,0.05,1.022142
1872,lightweight_snake_ddqn,2,77.115,11.22,9412,cpu,4,28,32.07,0.05,0.535398
1873,lightweight_snake_ddqn,2,77.1505,10.98,9412,cpu,14,75,135.0,0.05,0.876183
1874,lightweight_snake_ddqn,2,77.2228,11.24,9412,cpu,18,153,179.66,0.05,1.391791
1875,lightweight_snake_ddqn,2,77.2712,11.58,9412,cpu,18,102,176.07,0.05,1.183173
1876,lightweight_snake_ddqn,2,77.3145,11.6,9412,cpu,12,92,116.31,0.05,1.269185
1877,lightweight_snake_ddqn,2,77.3301,11.44,9412,cpu,4,33,32.52,0.05,0.634615
1878,lightweight_snake_ddqn,2,77.3644,11.24,9412,cpu,10,73,94.98,0.05,0.943962
1879,lightweight_snake_ddqn,2,77.371,10.9,9412,cpu,2,14,10.99,0.05,1.304146
1880,lightweight_snake_ddqn,2,77.4198,10.92,9412,cpu,14,104,136.21,0.05,0.826114
1881,lightweight_snake_ddqn,2,77.4664,10.9,9412,cpu,9,99,87.81,0.05,0.837503
1882,lightweight_snake_ddqn,2,77.5171,10.68,9412,cpu,16,108,156.99,0.05,0.797506
1883,lightweight_snake_ddqn,2,77.5498,10.82,9412,cpu,10,70,94.91,0.05,0.884652
1884,lightweight_snake_ddqn,2,77.571,10.7,9412,cpu,5,45,43.51,0.05,0.950769
1885,lightweight_snake_ddqn,2,77.578,10.52,9412,cpu,2,15,11.08,0.05,0.908085
1886,lightweight_snake_ddqn,2,77.6238,10.76,9412,cpu,13,97,126.67,0.05,0.912988
1887,lightweight_snake_ddqn,2,77.6846,10.84,9412,cpu,14,129,138.86,0.05,1.523107
1888,lightweight_snake_ddqn,2,77.7162,10.92,9412,cpu,10,67,94.24,0.05,0.771773
1889,lightweight_snake_ddqn,2,77.8124,11.14,9412,cpu,22,204,222.29,0.05,1.42991
1890,lightweight_snake_ddqn,2,77.8715,11.18,9412,cpu,17,125,169.03,0.05,1.064885
1891,lightweight_snake_ddqn,2,77.9411,11.26,9412,cpu,18,148,178.61,0.05,1.87183
1892,lightweight_snake_ddqn,2,78.0186,11.44,9412,cpu,22,157,220.46,0.05,0.74018
1893,lightweight_snake_ddqn,2,78.1026,11.6,9412,cpu,18,177,179.62,0.05,1.572118
1894,lightweight_snake_ddqn,2,78.126,11.38,9412,cpu,7,48,62.0,0.05,0.879438
1895,lightweight_snake_ddqn,2,78.156,11.46,9412,cpu,9,62,83.48,0.05,0.693459
1896,lightweight_snake_ddqn,2,78.1786,11.42,9412,cpu,6,46,52.71,0.05,0.836085
1897,lightweight_snake_ddqn,2,78.207,11.24,9412,cpu,8,60,73.99,0.05,1.574323
1898,lightweight_snake_ddqn,2,78.2193,11.14,9412,cpu,5,26,41.8,0.05,1.028437
1899,lightweight_snake_ddqn,2,78.3008,11.36,9412,cpu,20,169,198.52,0.05,0.660667
1900,lightweight_snake_ddqn,2,78.3501,11.48,9412,cpu,14,104,137.61,0.05,0.462024
1901,lightweight_snake_ddqn,2,78.3863,11.38,9412,cpu,11,77,105.85,0.05,0.507953
1902,lightweight_snake_ddqn,2,78.4006,11.26,9412,cpu,4,30,32.05,0.05,0.961974
1903,lightweight_snake_ddqn,2,78.409,11.2,9412,cpu,2,18,11.35,0.05,1.245125
1904,lightweight_snake_ddqn,2,78.4655,11.36,9412,cpu,16,120,157.27,0.05,0.8205
1905,lightweight_snake_ddqn,2,78.4866,11.1,9412,cpu,4,45,33.4,0.05,0.545358
1906,lightweight_snake_ddqn,2,78.5258,11.16,9412,cpu,8,81,75.88,0.05,0.969283
1907,lightweight_snake_ddqn,2,78.5702,11.24,9412,cpu,14,91,136.24,0.05,1.855878
1908,lightweight_snake_ddqn,2,78.6,10.88,9412,cpu,8,63,74.46,0.05,0.848271
1909,lightweight_snake_ddqn,2,78.6436,10.86,9412,cpu,11,92,104.2,0.05,1.14692
1910,lightweight_snake_ddqn,2,78.6905,10.94,9412,cpu,12,98,117.05,0.05,0.606629
1911,lightweight_snake_ddqn,2,78.7306,11.14,9412,cpu,11,84,106.08,0.05,1.854273
1912,lightweight_snake_ddqn,2,78.7894,11.1,9412,cpu,16,123,156.74,0.05,1.145295
1913,lightweight_snake_ddqn,2,78.8602,11.4,9412,cpu,19,148,191.32,0.05,1.142049
1914,lightweight_snake_ddqn,2,78.902,11.5,9412,cpu,12,88,116.55,0.05,1.158056
1915,lightweight_snake_ddqn,2,78.9212,11.54,9412,cpu,7,40,62.48,0.05,1.327122
1916,lightweight_snake_ddqn,2,78.9376,11.26,9412,cpu,7,34,62.34,0.05,0.60314
1917,lightweight_snake_ddqn,2,78.9465,11.08,9412,cpu,2,19,11.44,0.05,0.813658
1918,lightweight_snake_ddqn,2,78.9724,10.86,9412,cpu,6,55,53.52,0.05,1.285036
1919,lightweight_snake_ddqn,2,78.9852,10.82,9412,cpu,4,27,31.98,0.05,0.757154
1920,lightweight_snake_ddqn,2,79.0433,10.92,9412,cpu,16,123,156.54,0.05,1.344579
1921,lightweight_snake_ddqn,2,79.0688,10.78,9412,cpu,8,54,72.05,0.05,1.083631
1922,lightweight_snake_ddqn,2,79.1037,10.92,9412,cpu,11,74,104.78,0.05,1.396528
1923,lightweight_snake_ddqn,2,79.1525,10.94,9412,cpu,15,103,146.83,0.05,1.081116
1924,lightweight_snake_ddqn,2,79.2146,10.88,9412,cpu,15,131,149.75,0.05,1.615075
1925,lightweight_snake_ddqn,2,79.2711,10.9,9412,cpu,19,119,188.11,0.05,1.753533
1926,lightweight_snake_ddqn,2,79.319,10.92,9412,cpu,13,101,127.63,0.05,0.997423
1927,lightweight_snake_ddqn,2,79.3853,11.22,9412,cpu,19,139,187.71,0.05,1.779198
1928,lightweight_snake_ddqn,2,79.433,11.32,9412,cpu,15,101,145.85,0.05,0.798712
1929,lightweight_snake_ddqn,2,79.4993,11.64,9412,cpu,18,141,179.38,0.05,1.837571
1930,lightweight_snake_ddqn,2,79.5119,11.4,9412,cpu,2,27,11.36,0.05,1.459908
1931,lightweight_snake_ddqn,2,79.5227,11.28,9412,cpu,3,23,21.71,0.05,1.680002
1932,lightweight_snake_ddqn,2,79.5889,11.32,9412,cpu,18,140,179.49,0.05,1.395753
1933,lightweight_snake_ddqn,2,79.5975,11.16,9412,cpu,2,18,11.35,0.05,1.356253
1934,lightweight_snake_ddqn,2,79.6281,11.2,9412,cpu,7,65,64.93,0.05,2.797038
1935,lightweight_snake_ddqn,2,79.6659,11.4,9412,cpu,12,80,115.23,0.05,1.125076
1936,lightweight_snake_ddqn,2,79.7114,11.32,9412,cpu,9,97,86.83,0.05,0.754061
1937,lightweight_snake_ddqn,2,79.7633,11.34,9412,cpu,15,109,147.17,0.05,0.470381
1938,lightweight_snake_ddqn,2,79.784,11.24,9412,cpu,5,44,42.82,0.05,0.828249
1939,lightweight_snake_ddqn,2,79.865,11.16,9412,cpu,18,171,181.68,0.05,1.706417
1940,lightweight_snake_ddqn,2,79.8951,11.0,9412,cpu,9,64,84.26,0.05,1.204829
1941,lightweight_snake_ddqn,2,79.9693,10.98,9412,cpu,17,158,170.2,0.05,0.670866
1942,lightweight_snake_ddqn,2,80.0403,10.86,9412,cpu,16,151,158.86,0.05,0.584728
1943,lightweight_snake_ddqn,2,80.084,10.74,9412,cpu,12,93,115.2,0.05,0.645333
1944,lightweight_snake_ddqn,2,80.1457,10.94,9412,cpu,17,131,167.97,0.05,0.785842
1945,lightweight_snake_ddqn,2,80.156,10.82,9412,cpu,3,22,21.62,0.05,1.301451
1946,lightweight_snake_ddqn,2,80.1739,10.8,9412,cpu,5,38,42.08,0.05,1.037959
1947,lightweight_snake_ddqn,2,80.2202,10.84,9412,cpu,10,98,96.03,0.05,1.360046
1948,lightweight_snake_ddqn,2,80.2674,10.98,9412,cpu,12,99,115.54,0.05,0.925504
1949,lightweight_snake_ddqn,2,80.2783,10.62,9412,cpu,2,23,11.6,0.05,1.072895
1950,lightweight_snake_ddqn,2,80.2954,10.44,9412,cpu,5,36,42.3,0.05,1.237029
1951,lightweight_snake_ddqn,2,80.328,10.4,9412,cpu,9,68,84.82,0.05,1.704349
1952,lightweight_snake_ddqn,2,80.3762,10.6,9412,cpu,14,101,137.34,0.05,0.448948
1953,lightweight_snake_ddqn,2,80.4185,10.82,9412,cpu,13,89,125.95,0.05,1.314582
1954,lightweight_snake_ddqn,2,80.4433,10.62,9412,cpu,6,52,54.05,0.05,1.293189
1955,lightweight_snake_ddqn,2,80.4475,10.56,9412,cpu,1,9,0.63,0.05,2.068627
1956,lightweight_snake_ddqn,2,80.4835,10.6,9412,cpu,10,76,95.65,0.05,1.447015
1957,lightweight_snake_ddqn,2,80.5461,10.6,9412,cpu,14,132,137.73,0.05,1.181112
1958,lightweight_snake_ddqn,2,80.6369,10.9,9412,cpu,23,191,233.23,0.05,0.910915
1959,lightweight_snake_ddqn,2,80.6516,10.76,9412,cpu,4,31,31.94,0.05,1.319131
1960,lightweight_snake_ddqn,2,80.7197,10.9,9412,cpu,19,144,188.96,0.05,0.791739
1961,lightweight_snake_ddqn,2,80.8096,11.16,9412,cpu,24,189,241.76,0.05,0.507654
1962,lightweight_snake_ddqn,2,80.8568,11.12,9412,cpu,14,100,135.85,0.05,1.805127
1963,lightweight_snake_ddqn,2,80.9051,11.0,9412,cpu,13,102,127.32,0.05,1.033282
1964,lightweight_snake_ddqn,2,80.9728,11.12,9412,cpu,18,143,178.76,0.05,0.510265
1965,lightweight_snake_ddqn,2,80.9926,11.08,9412,cpu,5,42,42.84,0.05,1.489407
1966,lightweight_snake_ddqn,2,81.0425,11.26,9412,cpu,16,105,157.12,0.05,0.801367
1967,lightweight_snake_ddqn,2,81.0681,11.38,9412,cpu,8,54,73.85,0.05,1.430591
1968,lightweight_snake_ddqn,2,81.1179,11.54,9412,cpu,14,105,135.1,0.05,0.553833
1969,lightweight_snake_ddqn,2,81.1392,11.62,9412,cpu,8,45,72.64,0.05,1.042339
1970,lightweight_snake_ddqn,2,81.2192,11.62,9412,cpu,16,169,161.08,0.05,1.478604
1971,lightweight_snake_ddqn,2,81.2359,11.6,9412,cpu,7,35,62.23,0.05,2.635097
1972,lightweight_snake_ddqn,2,81.2551,11.46,9412,cpu,4,41,31.84,0.05,1.160053
1973,lightweight_snake_ddqn,2,81.2693,11.22,9412,cpu,3,30,22.14,0.05,1.362523
1974,lightweight_snake_ddqn,2,81.3446,11.34,9412,cpu,21,159,210.33,0.05,0.975266
1975,lightweight_snake_ddqn,2,81.4374,11.46,9412,cpu,25,196,252.7,0.05,1.255615
1976,lightweight_snake_ddqn,2,81.4591,11.32,9412,cpu,6,46,53.31,0.05,1.450635
1977,lightweight_snake_ddqn,2,81.4694,10.98,9412,cpu,2,22,11.31,0.05,0.508065
1978,lightweight_snake_ddqn,2,81.4981,10.84,9412,cpu,8,61,74.28,0.05,1.007057
1979,lightweight_snake_ddqn,2,81.5323,10.66,9412,cpu,9,73,85.27,0.05,0.4348
1980,lightweight_snake_ddqn,2,81.5482,10.68,9412,cpu,3,34,22.5,0.05,1.563167
1981,lightweight_snake_ddqn,2,81.6396,11.02,9412,cpu,20,194,200.97,0.05,1.54378
1982,lightweight_snake_ddqn,2,81.6545,10.72,9412,cpu,3,32,22.12,0.05,1.454676
1983,lightweight_snake_ddqn,2,81.6799,10.82,9412,cpu,7,54,63.94,0.05,2.100498
1984,lightweight_snake_ddqn,2,81.7377,10.98,9412,cpu,15,122,146.54,0.05,0.627632
1985,lightweight_snake_ddqn,2,81.8389,11.24,9412,cpu,25,214,252.92,0.05,0.733034
1986,lightweight_snake_ddqn,2,81.8789,11.28,9412,cpu,11,85,104.97,0.05,1.129263
1987,lightweight_snake_ddqn,2,81.9122,11.2,9412,cpu,11,70,104.22,0.05,0.95531
1988,lightweight_snake_ddqn,2,81.969,11.36,9412,cpu,13,120,128.14,0.05,2.185744
1989,lightweight_snake_ddqn,2,81.9728,11.02,9412,cpu,1,8,0.54,0.05,1.792789
1990,lightweight_snake_ddqn,2,81.9883,10.92,9412,cpu,4,33,32.52,0.05,0.884113
1991,lightweight_snake_ddqn,2,82.0246,10.76,9412,cpu,9,77,85.43,0.05,0.937027
1992,lightweight_snake_ddqn,2,82.0364,10.52,9412,cpu,4,25,31.6,0.05,0.815889
1993,lightweight_snake_ddqn,2,82.0828,10.66,9412,cpu,19,98,186.62,0.05,1.674579
1994,lightweight_snake_ddqn,2,82.1339,10.64,9412,cpu,16,108,157.99,0.05,1.457139
1995,lightweight_snake_ddqn,2,82.2029,10.94,9412,cpu,18,146,178.83,0.05,1.603256
1996,lightweight_snake_ddqn,2,82.2738,11.18,9412,cpu,17,150,171.28,0.05,1.745998
1997,lightweight_snake_ddqn,2,82.3272,11.3,9412,cpu,16,113,155.84,0.05,1.243556
1998,lightweight_snake_ddqn,2,82.3911,11.34,9412,cpu,14,136,137.89,0.05,1.463909
1999,lightweight_snake_ddqn,2,82.4584,11.64,9412,cpu,17,143,168.85,0.05,0.981339
2000,lightweight_snake_ddqn,2,82.5353,11.98,9412,cpu,22,163,222.0,0.05,1.092627
