episode,model,seed,elapsed_seconds,moving_avg_score,model_size,device,score,steps,reward,epsilon,loss
1,greedy,3,0.0016,18.0,0,cpu,18,136,177.13,0.0,0.0
2,greedy,3,0.0029,17.0,0,cpu,16,112,157.15,0.0,0.0
3,greedy,3,0.0045,16.6667,0,cpu,16,147,157.7,0.0,0.0
4,greedy,3,0.006,17.0,0,cpu,18,131,179.48,0.0,0.0
5,greedy,3,0.0073,17.2,0,cpu,18,126,178.83,0.0,0.0
6,greedy,3,0.0084,16.5,0,cpu,13,104,127.9,0.0,0.0
7,greedy,3,0.011,17.5714,0,cpu,24,211,243.54,0.0,0.0
8,greedy,3,0.0122,17.25,0,cpu,15,107,146.59,0.0,0.0
9,greedy,3,0.0158,19.1111,0,cpu,34,297,346.78,0.0,0.0
10,greedy,3,0.0171,18.6,0,cpu,14,126,137.99,0.0,0.0
11,greedy,3,0.0186,18.3636,0,cpu,16,136,157.91,0.0,0.0
12,greedy,3,0.0198,17.9167,0,cpu,13,117,127.87,0.0,0.0
13,greedy,3,0.0222,18.7692,0,cpu,29,203,293.97,0.0,0.0
14,greedy,3,0.0234,18.7143,0,cpu,18,115,178.64,0.0,0.0
15,greedy,3,0.0243,18.2,0,cpu,11,87,106.35,0.0,0.0
16,greedy,3,0.0283,19.4375,0,cpu,38,311,389.08,0.0,0.0
17,greedy,3,0.0305,19.8824,0,cpu,27,185,273.13,0.0,0.0
18,greedy,3,0.0319,19.7222,0,cpu,17,137,170.51,0.0,0.0
19,greedy,3,0.0343,19.7895,0,cpu,21,217,211.75,0.0,0.0
20,greedy,3,0.0367,20.0,0,cpu,24,209,243.36,0.0,0.0
21,greedy,3,0.038,19.7619,0,cpu,15,122,146.54,0.0,0.0
22,greedy,3,0.0385,19.1818,0,cpu,7,50,63.78,0.0,0.0
23,greedy,3,0.039,18.6957,0,cpu,8,52,73.47,0.0,0.0
24,greedy,3,0.0407,18.75,0,cpu,20,157,200.84,0.0,0.0
25,greedy,3,0.0431,18.96,0,cpu,24,206,243.29,0.0,0.0
26,greedy,3,0.0463,19.3077,0,cpu,28,287,284.42,0.0,0.0
27,greedy,3,0.0478,19.2593,0,cpu,18,143,179.56,0.0,0.0
28,greedy,3,0.0499,19.3929,0,cpu,23,192,231.12,0.0,0.0
29,greedy,3,0.0514,19.3103,0,cpu,17,123,168.25,0.0,0.0
30,greedy,3,0.0535,19.4333,0,cpu,23,198,233.26,0.0,0.0
31,greedy,3,0.054,19.0,0,cpu,6,45,51.62,0.0,0.0
32,greedy,3,0.0568,19.1875,0,cpu,25,251,256.25,0.0,0.0
33,greedy,3,0.0595,19.3939,0,cpu,26,236,264.01,0.0,0.0
34,greedy,3,0.0616,19.4706,0,cpu,22,195,222.68,0.0,0.0
35,greedy,3,0.063,19.3429,0,cpu,15,130,148.66,0.0,0.0
36,greedy,3,0.0647,19.3333,0,cpu,19,151,190.59,0.0,0.0
37,greedy,3,0.0658,19.1351,0,cpu,12,113,116.6,0.0,0.0
38,greedy,3,0.0688,19.4737,0,cpu,32,246,326.97,0.0,0.0
39,greedy,3,0.0707,19.5897,0,cpu,24,172,242.03,0.0,0.0
40,greedy,3,0.0722,19.55,0,cpu,18,133,178.26,0.0,0.0
41,greedy,3,0.0738,19.5122,0,cpu,18,154,177.55,0.0,0.0
42,greedy,3,0.0788,19.9524,0,cpu,38,412,386.77,0.0,0.0
43,greedy,3,0.0813,20.093,0,cpu,26,220,260.77,0.0,0.0
44,greedy,3,0.0837,20.0682,0,cpu,19,236,191.04,0.0,0.0
45,greedy,3,0.0851,19.9556,0,cpu,15,125,145.41,0.0,0.0
46,greedy,3,0.0867,19.8913,0,cpu,17,142,168.76,0.0,0.0
47,greedy,3,0.0873,19.6383,0,cpu,8,63,73.46,0.0,0.0
48,greedy,3,0.0894,19.7708,0,cpu,26,180,261.57,0.0,0.0
49,greedy,3,0.0907,19.7551,0,cpu,19,105,187.25,0.0,0.0
50,greedy,3,0.0921,19.68,0,cpu,16,131,157.66,0.0,0.0
51,greedy,3,0.0938,19.76,0,cpu,22,147,219.16,0.0,0.0
52,greedy,3,0.0967,19.98,0,cpu,27,263,276.75,0.0,0.0
53,greedy,3,0.0985,20.12,0,cpu,23,160,231.64,0.0,0.0
54,greedy,3,0.0998,20.06,0,cpu,15,132,147.04,0.0,0.0
55,greedy,3,0.1013,20.02,0,cpu,16,130,159.17,0.0,0.0
56,greedy,3,0.1024,20.1,0,cpu,17,89,165.99,0.0,0.0
57,greedy,3,0.1035,19.94,0,cpu,16,106,157.41,0.0,0.0
58,greedy,3,0.1088,20.5,0,cpu,43,441,442.13,0.0,0.0
59,greedy,3,0.1111,20.26,0,cpu,22,196,221.77,0.0,0.0
60,greedy,3,0.1132,20.46,0,cpu,24,185,240.2,0.0,0.0
61,greedy,3,0.1157,20.7,0,cpu,28,221,285.88,0.0,0.0
62,greedy,3,0.1181,20.96,0,cpu,26,203,264.84,0.0,0.0
63,greedy,3,0.1202,20.8,0,cpu,21,196,208.06,0.0,0.0
64,greedy,3,0.1213,20.72,0,cpu,14,108,137.77,0.0,0.0
65,greedy,3,0.1233,21.02,0,cpu,26,173,261.54,0.0,0.0
66,greedy,3,0.1248,20.66,0,cpu,20,132,199.39,0.0,0.0
67,greedy,3,0.1281,20.7,0,cpu,29,290,294.2,0.0,0.0
68,greedy,3,0.1306,20.86,0,cpu,25,231,252.25,0.0,0.0
69,greedy,3,0.1318,20.74,0,cpu,15,113,147.33,0.0,0.0
70,greedy,3,0.1326,20.48,0,cpu,11,81,105.61,0.0,0.0
71,greedy,3,0.1341,20.54,0,cpu,18,135,178.84,0.0,0.0
72,greedy,3,0.136,20.8,0,cpu,20,141,198.8,0.0,0.0
73,greedy,3,0.1372,20.94,0,cpu,15,112,148.24,0.0,0.0
74,greedy,3,0.1392,21.02,0,cpu,24,197,244.08,0.0,0.0
75,greedy,3,0.1416,21.02,0,cpu,24,214,242.61,0.0,0.0
76,greedy,3,0.1439,20.9,0,cpu,22,207,220.16,0.0,0.0
77,greedy,3,0.1453,20.98,0,cpu,22,110,217.23,0.0,0.0
78,greedy,3,0.148,21.06,0,cpu,27,246,273.02,0.0,0.0
79,greedy,3,0.1495,21.08,0,cpu,18,131,178.28,0.0,0.0
80,greedy,3,0.1511,20.96,0,cpu,17,149,169.59,0.0,0.0
81,greedy,3,0.1522,21.1,0,cpu,13,105,126.99,0.0,0.0
82,greedy,3,0.1535,20.9,0,cpu,15,121,146.45,0.0,0.0
83,greedy,3,0.1566,21.02,0,cpu,32,272,326.51,0.0,0.0
84,greedy,3,0.159,21.06,0,cpu,24,219,241.26,0.0,0.0
85,greedy,3,0.1621,21.34,0,cpu,29,269,296.71,0.0,0.0
86,greedy,3,0.1643,21.32,0,cpu,18,219,182.0,0.0,0.0
87,greedy,3,0.1671,21.62,0,cpu,27,228,273.6,0.0,0.0
88,greedy,3,0.1688,21.34,0,cpu,18,149,181.1,0.0,0.0
89,greedy,3,0.1705,21.26,0,cpu,20,160,201.11,0.0,0.0
90,greedy,3,0.171,21.04,0,cpu,7,44,63.24,0.0,0.0
91,greedy,3,0.173,21.2,0,cpu,26,163,260.44,0.0,0.0
92,greedy,3,0.1747,20.84,0,cpu,20,152,200.39,0.0,0.0
93,greedy,3,0.1777,20.9,0,cpu,29,242,293.68,0.0,0.0
94,greedy,3,0.1803,21.08,0,cpu,28,231,283.58,0.0,0.0
95,greedy,3,0.1815,21.08,0,cpu,15,108,145.88,0.0,0.0
96,greedy,3,0.1836,21.18,0,cpu,22,191,222.72,0.0,0.0
97,greedy,3,0.1846,21.24,0,cpu,11,89,106.73,0.0,0.0
98,greedy,3,0.1871,21.18,0,cpu,23,232,234.52,0.0,0.0
99,greedy,3,0.1891,21.22,0,cpu,21,187,213.05,0.0,0.0
100,greedy,3,0.1903,21.28,0,cpu,19,109,187.21,0.0,0.0
101,greedy,3,0.1916,21.14,0,cpu,15,111,147.95,0.0,0.0
102,greedy,3,0.1943,21.16,0,cpu,28,226,282.73,0.0,0.0
103,greedy,3,0.1966,21.22,0,cpu,26,196,263.81,0.0,0.0
104,greedy,3,0.1972,21.08,0,cpu,8,59,73.7,0.0,0.0
105,greedy,3,0.1986,21.12,0,cpu,18,127,178.32,0.0,0.0
106,greedy,3,0.2001,21.14,0,cpu,18,131,177.88,0.0,0.0
107,greedy,3,0.2021,21.3,0,cpu,24,177,241.68,0.0,0.0
108,greedy,3,0.2025,20.56,0,cpu,6,40,51.97,0.0,0.0
109,greedy,3,0.2041,20.5,0,cpu,19,149,191.01,0.0,0.0
110,greedy,3,0.2058,20.38,0,cpu,18,161,181.38,0.0,0.0
111,greedy,3,0.2091,20.34,0,cpu,26,314,264.03,0.0,0.0
112,greedy,3,0.21,20.0,0,cpu,9,77,86.03,0.0,0.0
113,greedy,3,0.2141,20.24,0,cpu,33,373,338.11,0.0,0.0
114,greedy,3,0.2157,20.34,0,cpu,19,159,190.71,0.0,0.0
115,greedy,3,0.2184,20.44,0,cpu,31,221,314.41,0.0,0.0
116,greedy,3,0.2198,20.36,0,cpu,16,141,158.96,0.0,0.0
117,greedy,3,0.2221,20.22,0,cpu,22,219,223.04,0.0,0.0
118,greedy,3,0.2261,20.42,0,cpu,35,334,359.22,0.0,0.0
119,greedy,3,0.2281,20.56,0,cpu,22,177,221.26,0.0,0.0
120,greedy,3,0.2298,20.7,0,cpu,18,163,181.36,0.0,0.0
121,greedy,3,0.2332,21.02,0,cpu,34,292,348.13,0.0,0.0
122,greedy,3,0.2359,21.16,0,cpu,27,227,274.31,0.0,0.0
123,greedy,3,0.2376,21.22,0,cpu,18,163,179.76,0.0,0.0
124,greedy,3,0.2398,21.2,0,cpu,23,204,233.4,0.0,0.0
125,greedy,3,0.2407,20.92,0,cpu,10,97,94.34,0.0,0.0
126,greedy,3,0.2414,20.66,0,cpu,9,76,83.74,0.0,0.0
127,greedy,3,0.2428,20.56,0,cpu,17,125,168.03,0.0,0.0
128,greedy,3,0.2465,20.68,0,cpu,33,318,337.56,0.0,0.0
129,greedy,3,0.2484,20.74,0,cpu,21,173,209.59,0.0,0.0
130,greedy,3,0.2501,20.78,0,cpu,19,156,190.44,0.0,0.0
131,greedy,3,0.2529,21.14,0,cpu,31,237,313.85,0.0,0.0
132,greedy,3,0.2547,21.18,0,cpu,17,184,171.34,0.0,0.0
133,greedy,3,0.2561,20.92,0,cpu,19,129,187.61,0.0,0.0
134,greedy,3,0.2584,20.98,0,cpu,27,207,273.51,0.0,0.0
135,greedy,3,0.26,20.8,0,cpu,20,130,199.21,0.0,0.0
136,greedy,3,0.2618,20.84,0,cpu,20,168,202.63,0.0,0.0
137,greedy,3,0.2625,20.5,0,cpu,10,60,93.81,0.0,0.0
138,greedy,3,0.2645,20.56,0,cpu,21,195,211.17,0.0,0.0
139,greedy,3,0.2663,20.58,0,cpu,21,171,210.41,0.0,0.0
140,greedy,3,0.2684,20.94,0,cpu,25,178,251.68,0.0,0.0
141,greedy,3,0.2698,20.72,0,cpu,15,130,150.26,0.0,0.0
142,greedy,3,0.2708,20.52,0,cpu,10,104,94.17,0.0,0.0
143,greedy,3,0.2726,20.44,0,cpu,25,155,250.41,0.0,0.0
144,greedy,3,0.274,20.28,0,cpu,20,130,199.81,0.0,0.0
145,greedy,3,0.2766,20.44,0,cpu,23,229,233.45,0.0,0.0
146,greedy,3,0.2786,20.52,0,cpu,26,165,262.22,0.0,0.0
147,greedy,3,0.2813,20.8,0,cpu,25,246,254.2,0.0,0.0
148,greedy,3,0.2837,20.8,0,cpu,23,221,232.13,0.0,0.0
149,greedy,3,0.285,20.68,0,cpu,15,121,146.05,0.0,0.0
150,greedy,3,0.2864,20.62,0,cpu,16,133,158.64,0.0,0.0
151,greedy,3,0.2875,20.58,0,cpu,13,109,127.55,0.0,0.0
152,greedy,3,0.289,20.38,0,cpu,18,135,176.84,0.0,0.0
153,greedy,3,0.2911,20.32,0,cpu,23,203,233.91,0.0,0.0
154,greedy,3,0.2944,20.74,0,cpu,29,269,295.71,0.0,0.0
155,greedy,3,0.2962,20.78,0,cpu,20,162,198.69,0.0,0.0
156,greedy,3,0.2981,20.86,0,cpu,22,170,220.23,0.0,0.0
157,greedy,3,0.301,20.96,0,cpu,29,252,295.98,0.0,0.0
158,greedy,3,0.3018,21.04,0,cpu,10,69,94.42,0.0,0.0
159,greedy,3,0.3027,20.94,0,cpu,14,81,134.94,0.0,0.0
160,greedy,3,0.3044,20.96,0,cpu,19,168,190.72,0.0,0.0
161,greedy,3,0.3056,20.74,0,cpu,15,114,147.82,0.0,0.0
162,greedy,3,0.308,21.06,0,cpu,25,211,252.85,0.0,0.0
163,greedy,3,0.3101,20.84,0,cpu,22,178,220.95,0.0,0.0
164,greedy,3,0.3113,20.76,0,cpu,15,116,146.6,0.0,0.0
165,greedy,3,0.3132,20.56,0,cpu,21,170,211.72,0.0,0.0
166,greedy,3,0.3157,20.8,0,cpu,28,222,284.77,0.0,0.0
167,greedy,3,0.3179,20.78,0,cpu,21,200,211.22,0.0,0.0
168,greedy,3,0.3191,20.42,0,cpu,17,96,166.82,0.0,0.0
169,greedy,3,0.3228,20.64,0,cpu,33,315,337.49,0.0,0.0
170,greedy,3,0.3248,20.74,0,cpu,23,169,230.05,0.0,0.0
171,greedy,3,0.3274,20.58,0,cpu,26,222,261.55,0.0,0.0
172,greedy,3,0.3319,20.88,0,cpu,42,379,427.84,0.0,0.0
173,greedy,3,0.3333,20.9,0,cpu,19,117,187.93,0.0,0.0
174,greedy,3,0.3344,20.72,0,cpu,14,99,135.96,0.0,0.0
175,greedy,3,0.3365,20.96,0,cpu,22,186,219.27,0.0,0.0
176,greedy,3,0.339,21.36,0,cpu,29,217,293.23,0.0,0.0
177,greedy,3,0.3404,21.36,0,cpu,17,127,168.41,0.0,0.0
178,greedy,3,0.3445,21.46,0,cpu,38,327,383.72,0.0,0.0
179,greedy,3,0.3452,21.24,0,cpu,10,67,95.04,0.0,0.0
180,greedy,3,0.3464,21.18,0,cpu,16,107,158.1,0.0,0.0
181,greedy,3,0.3478,20.94,0,cpu,19,127,189.23,0.0,0.0
182,greedy,3,0.3491,20.96,0,cpu,18,119,177.4,0.0,0.0
183,greedy,3,0.3503,20.92,0,cpu,17,104,167.34,0.0,0.0
184,greedy,3,0.3527,20.96,0,cpu,29,206,294.84,0.0,0.0
185,greedy,3,0.3557,21.1,0,cpu,27,271,274.87,0.0,0.0
186,greedy,3,0.3591,21.3,0,cpu,30,310,304.71,0.0,0.0
187,greedy,3,0.3605,21.42,0,cpu,16,123,158.54,0.0,0.0
188,greedy,3,0.3625,21.48,0,cpu,24,170,238.65,0.0,0.0
189,greedy,3,0.3669,21.8,0,cpu,37,384,376.34,0.0,0.0
190,greedy,3,0.3688,21.74,0,cpu,22,144,219.29,0.0,0.0
191,greedy,3,0.37,21.76,0,cpu,16,106,157.01,0.0,0.0
192,greedy,3,0.3726,22.14,0,cpu,29,223,291.97,0.0,0.0
193,greedy,3,0.3735,21.88,0,cpu,12,93,115.8,0.0,0.0
194,greedy,3,0.3773,22.24,0,cpu,38,297,387.62,0.0,0.0
195,greedy,3,0.3803,22.38,0,cpu,30,253,305.18,0.0,0.0
196,greedy,3,0.3822,22.28,0,cpu,21,175,210.57,0.0,0.0
197,greedy,3,0.3842,22.26,0,cpu,24,171,239.74,0.0,0.0
198,greedy,3,0.3869,22.32,0,cpu,26,248,265.69,0.0,0.0
199,greedy,3,0.3884,22.42,0,cpu,20,124,198.27,0.0,0.0
200,greedy,3,0.3907,22.56,0,cpu,23,216,234.08,0.0,0.0
201,greedy,3,0.3925,22.62,0,cpu,16,167,160.1,0.0,0.0
202,greedy,3,0.394,22.58,0,cpu,16,133,158.84,0.0,0.0
203,greedy,3,0.3946,22.32,0,cpu,10,54,93.27,0.0,0.0
204,greedy,3,0.3958,22.06,0,cpu,16,116,156.51,0.0,0.0
205,greedy,3,0.3979,22.1,0,cpu,22,185,220.18,0.0,0.0
206,greedy,3,0.4004,22.18,0,cpu,26,219,264.08,0.0,0.0
207,greedy,3,0.402,22.02,0,cpu,21,133,209.39,0.0,0.0
208,greedy,3,0.404,22.28,0,cpu,23,183,230.51,0.0,0.0
209,greedy,3,0.4052,22.32,0,cpu,16,112,157.75,0.0,0.0
210,greedy,3,0.4077,22.44,0,cpu,25,231,253.85,0.0,0.0
211,greedy,3,0.4098,22.56,0,cpu,21,177,211.75,0.0,0.0
212,greedy,3,0.4118,22.46,0,cpu,20,182,201.49,0.0,0.0
213,greedy,3,0.4148,22.66,0,cpu,32,264,327.59,0.0,0.0
214,greedy,3,0.4153,22.54,0,cpu,9,45,83.15,0.0,0.0
215,greedy,3,0.4163,22.38,0,cpu,13,96,125.18,0.0,0.0
216,greedy,3,0.42,22.54,0,cpu,36,299,367.98,0.0,0.0
217,greedy,3,0.4223,22.62,0,cpu,25,195,255.21,0.0,0.0
218,greedy,3,0.4246,22.78,0,cpu,25,199,252.97,0.0,0.0
219,greedy,3,0.426,22.36,0,cpu,12,130,118.33,0.0,0.0
220,greedy,3,0.4282,22.34,0,cpu,22,194,224.19,0.0,0.0
221,greedy,3,0.431,22.36,0,cpu,27,253,276.65,0.0,0.0
222,greedy,3,0.4342,22.18,0,cpu,33,259,337.65,0.0,0.0
223,greedy,3,0.4362,22.32,0,cpu,26,163,261.64,0.0,0.0
224,greedy,3,0.4382,22.46,0,cpu,21,184,210.58,0.0,0.0
225,greedy,3,0.4399,22.38,0,cpu,18,164,178.45,0.0,0.0
226,greedy,3,0.4407,21.98,0,cpu,9,72,84.98,0.0,0.0
227,greedy,3,0.4414,21.86,0,cpu,11,62,104.5,0.0,0.0
228,greedy,3,0.442,21.28,0,cpu,9,47,83.33,0.0,0.0
229,greedy,3,0.4456,21.72,0,cpu,32,316,322.07,0.0,0.0
230,greedy,3,0.4473,21.82,0,cpu,21,157,211.75,0.0,0.0
231,greedy,3,0.4486,21.76,0,cpu,16,120,159.07,0.0,0.0
232,greedy,3,0.4507,21.86,0,cpu,23,185,231.29,0.0,0.0
233,greedy,3,0.4524,21.84,0,cpu,16,148,159.99,0.0,0.0
234,greedy,3,0.4541,21.64,0,cpu,19,149,190.01,0.0,0.0
235,greedy,3,0.456,21.54,0,cpu,22,171,220.72,0.0,0.0
236,greedy,3,0.4581,21.46,0,cpu,26,191,261.56,0.0,0.0
237,greedy,3,0.4594,21.46,0,cpu,16,113,158.24,0.0,0.0
238,greedy,3,0.4608,21.32,0,cpu,17,117,167.71,0.0,0.0
239,greedy,3,0.4651,21.34,0,cpu,38,355,388.64,0.0,0.0
240,greedy,3,0.4662,21.16,0,cpu,13,100,127.54,0.0,0.0
241,greedy,3,0.467,21.04,0,cpu,10,74,94.07,0.0,0.0
242,greedy,3,0.4687,20.84,0,cpu,19,142,188.98,0.0,0.0
243,greedy,3,0.4694,20.88,0,cpu,14,66,134.59,0.0,0.0
244,greedy,3,0.4718,20.62,0,cpu,25,208,254.38,0.0,0.0
245,greedy,3,0.4742,20.58,0,cpu,28,212,286.07,0.0,0.0
246,greedy,3,0.4765,20.6,0,cpu,22,207,218.56,0.0,0.0
247,greedy,3,0.4774,20.32,0,cpu,10,79,93.92,0.0,0.0
248,greedy,3,0.4789,20.2,0,cpu,20,143,199.58,0.0,0.0
249,greedy,3,0.4803,20.2,0,cpu,20,116,197.35,0.0,0.0
250,greedy,3,0.4811,20.0,0,cpu,13,73,124.71,0.0,0.0
251,greedy,3,0.484,20.26,0,cpu,29,242,293.28,0.0,0.0
252,greedy,3,0.4855,20.26,0,cpu,16,132,159.15,0.0,0.0
253,greedy,3,0.4867,20.38,0,cpu,16,112,156.35,0.0,0.0
254,greedy,3,0.4879,20.34,0,cpu,14,121,138.14,0.0,0.0
255,greedy,3,0.4915,20.54,0,cpu,32,306,325.37,0.0,0.0
256,greedy,3,0.4942,20.56,0,cpu,27,243,271.95,0.0,0.0
257,greedy,3,0.4954,20.42,0,cpu,14,114,135.71,0.0,0.0
258,greedy,3,0.4963,20.18,0,cpu,11,88,105.04,0.0,0.0
259,greedy,3,0.4971,20.08,0,cpu,11,79,105.83,0.0,0.0
260,greedy,3,0.4983,19.9,0,cpu,16,121,156.36,0.0,0.0
261,greedy,3,0.4999,19.84,0,cpu,18,144,177.85,0.0,0.0
262,greedy,3,0.5028,19.88,0,cpu,22,263,221.0,0.0,0.0
263,greedy,3,0.5055,19.82,0,cpu,29,231,293.69,0.0,0.0
264,greedy,3,0.5067,19.96,0,cpu,16,121,157.96,0.0,0.0
265,greedy,3,0.5077,19.94,0,cpu,12,95,116.58,0.0,0.0
266,greedy,3,0.5099,19.64,0,cpu,21,188,211.14,0.0,0.0
267,greedy,3,0.5114,19.4,0,cpu,13,141,128.83,0.0,0.0
268,greedy,3,0.5141,19.42,0,cpu,26,232,263.25,0.0,0.0
269,greedy,3,0.5147,19.38,0,cpu,10,60,94.21,0.0,0.0
270,greedy,3,0.5157,19.18,0,cpu,12,95,117.38,0.0,0.0
271,greedy,3,0.518,19.1,0,cpu,23,201,230.13,0.0,0.0
272,greedy,3,0.5198,18.84,0,cpu,20,170,200.61,0.0,0.0
273,greedy,3,0.5206,18.58,0,cpu,13,76,124.38,0.0,0.0
274,greedy,3,0.5225,18.54,0,cpu,19,173,189.97,0.0,0.0
275,greedy,3,0.5247,18.7,0,cpu,26,191,262.16,0.0,0.0
276,greedy,3,0.5256,18.76,0,cpu,12,86,116.57,0.0,0.0
277,greedy,3,0.5267,18.76,0,cpu,11,105,104.17,0.0,0.0
278,greedy,3,0.5287,19.08,0,cpu,25,168,249.98,0.0,0.0
279,greedy,3,0.5306,18.86,0,cpu,21,178,210.64,0.0,0.0
280,greedy,3,0.5334,18.96,0,cpu,26,261,263.66,0.0,0.0
281,greedy,3,0.5362,19.2,0,cpu,28,247,283.62,0.0,0.0
282,greedy,3,0.5369,18.92,0,cpu,9,62,84.48,0.0,0.0
283,greedy,3,0.5387,19.02,0,cpu,21,169,211.83,0.0,0.0
284,greedy,3,0.5409,19.02,0,cpu,19,216,192.44,0.0,0.0
285,greedy,3,0.5431,18.98,0,cpu,20,198,201.33,0.0,0.0
286,greedy,3,0.5451,18.9,0,cpu,22,177,221.66,0.0,0.0
287,greedy,3,0.5456,18.72,0,cpu,7,54,64.14,0.0,0.0
288,greedy,3,0.5478,18.82,0,cpu,22,205,222.58,0.0,0.0
289,greedy,3,0.5495,18.44,0,cpu,19,165,190.45,0.0,0.0
290,greedy,3,0.5519,18.56,0,cpu,19,218,193.02,0.0,0.0
291,greedy,3,0.5542,18.86,0,cpu,25,207,253.29,0.0,0.0
292,greedy,3,0.5555,18.84,0,cpu,18,116,177.93,0.0,0.0
293,greedy,3,0.5572,18.88,0,cpu,16,155,157.02,0.0,0.0
294,greedy,3,0.5579,18.6,0,cpu,11,63,104.39,0.0,0.0
295,greedy,3,0.5601,18.52,0,cpu,24,195,242.1,0.0,0.0
296,greedy,3,0.5614,18.42,0,cpu,17,122,166.96,0.0,0.0
297,greedy,3,0.5645,18.86,0,cpu,32,258,327.65,0.0,0.0
298,greedy,3,0.5679,19.16,0,cpu,35,282,358.14,0.0,0.0
299,greedy,3,0.5694,19.12,0,cpu,18,140,179.89,0.0,0.0
300,greedy,3,0.5721,19.38,0,cpu,26,241,264.66,0.0,0.0
301,greedy,3,0.5731,19.06,0,cpu,13,104,125.7,0.0,0.0
302,greedy,3,0.5742,19.04,0,cpu,15,103,147.43,0.0,0.0
303,greedy,3,0.5756,19.08,0,cpu,18,127,178.72,0.0,0.0
304,greedy,3,0.5777,19.24,0,cpu,22,189,223.54,0.0,0.0
305,greedy,3,0.5789,18.86,0,cpu,13,111,125.13,0.0,0.0
306,greedy,3,0.5796,18.52,0,cpu,10,75,94.96,0.0,0.0
307,greedy,3,0.5823,18.84,0,cpu,30,229,303.62,0.0,0.0
308,greedy,3,0.5868,19.44,0,cpu,41,382,420.8,0.0,0.0
309,greedy,3,0.5878,19.46,0,cpu,12,98,116.85,0.0,0.0
310,greedy,3,0.5884,19.34,0,cpu,10,54,93.87,0.0,0.0
311,greedy,3,0.5898,19.32,0,cpu,17,128,166.3,0.0,0.0
312,greedy,3,0.5924,19.42,0,cpu,27,228,273.0,0.0,0.0
313,greedy,3,0.5933,19.06,0,cpu,11,87,105.55,0.0,0.0
314,greedy,3,0.5951,19.16,0,cpu,21,159,211.53,0.0,0.0
315,greedy,3,0.5963,19.24,0,cpu,16,116,155.71,0.0,0.0
316,greedy,3,0.5982,19.32,0,cpu,25,166,251.8,0.0,0.0
317,greedy,3,0.6002,19.5,0,cpu,22,187,222.56,0.0,0.0
318,greedy,3,0.6021,19.36,0,cpu,19,173,189.77,0.0,0.0
319,greedy,3,0.6033,19.44,0,cpu,14,114,136.31,0.0,0.0
320,greedy,3,0.6048,19.52,0,cpu,16,146,157.41,0.0,0.0
321,greedy,3,0.607,19.52,0,cpu,23,208,233.36,0.0,0.0
322,greedy,3,0.6111,19.74,0,cpu,31,357,317.65,0.0,0.0
323,greedy,3,0.615,20.2,0,cpu,36,337,369.0,0.0,0.0
324,greedy,3,0.6169,20.26,0,cpu,22,170,221.83,0.0,0.0
325,greedy,3,0.619,20.16,0,cpu,21,186,213.56,0.0,0.0
326,greedy,3,0.6215,20.5,0,cpu,29,221,294.99,0.0,0.0
327,greedy,3,0.6236,20.8,0,cpu,26,181,262.26,0.0,0.0
328,greedy,3,0.627,21.04,0,cpu,37,261,373.87,0.0,0.0
329,greedy,3,0.6283,20.96,0,cpu,17,124,168.34,0.0,0.0
330,greedy,3,0.6302,20.84,0,cpu,20,165,198.76,0.0,0.0
331,greedy,3,0.6324,20.72,0,cpu,22,202,222.51,0.0,0.0
332,greedy,3,0.6337,20.88,0,cpu,17,120,167.78,0.0,0.0
333,greedy,3,0.635,20.72,0,cpu,13,115,127.09,0.0,0.0
334,greedy,3,0.6359,20.6,0,cpu,13,88,124.66,0.0,0.0
335,greedy,3,0.6377,20.58,0,cpu,19,169,189.61,0.0,0.0
336,greedy,3,0.6397,20.58,0,cpu,22,186,223.87,0.0,0.0
337,greedy,3,0.644,21.14,0,cpu,35,370,357.26,0.0,0.0
338,greedy,3,0.6447,20.88,0,cpu,9,73,84.87,0.0,0.0
339,greedy,3,0.6456,20.74,0,cpu,12,92,115.51,0.0,0.0
340,greedy,3,0.6474,20.84,0,cpu,24,158,240.57,0.0,0.0
341,greedy,3,0.6484,20.62,0,cpu,14,88,135.77,0.0,0.0
342,greedy,3,0.6511,20.82,0,cpu,28,248,282.11,0.0,0.0
343,greedy,3,0.6529,20.96,0,cpu,23,160,231.44,0.0,0.0
344,greedy,3,0.655,21.22,0,cpu,24,189,242.16,0.0,0.0
345,greedy,3,0.6571,21.2,0,cpu,23,181,230.13,0.0,0.0
346,greedy,3,0.6577,21.06,0,cpu,10,57,93.74,0.0,0.0
347,greedy,3,0.6606,21.06,0,cpu,32,239,324.34,0.0,0.0
348,greedy,3,0.6626,20.82,0,cpu,23,187,230.87,0.0,0.0
349,greedy,3,0.6654,20.94,0,cpu,24,265,244.6,0.0,0.0
350,greedy,3,0.6666,20.7,0,cpu,14,105,137.5,0.0,0.0
351,greedy,3,0.6682,20.88,0,cpu,22,142,219.71,0.0,0.0
352,greedy,3,0.6701,20.98,0,cpu,20,177,200.84,0.0,0.0
353,greedy,3,0.6721,21.12,0,cpu,25,183,253.53,0.0,0.0
354,greedy,3,0.6746,21.1,0,cpu,21,245,212.47,0.0,0.0
355,greedy,3,0.6764,21.22,0,cpu,19,156,189.04,0.0,0.0
356,greedy,3,0.6769,21.16,0,cpu,7,51,62.87,0.0,0.0
357,greedy,3,0.6774,20.7,0,cpu,7,47,62.91,0.0,0.0
358,greedy,3,0.6778,20.02,0,cpu,7,34,62.34,0.0,0.0
359,greedy,3,0.6806,20.28,0,cpu,25,258,254.28,0.0,0.0
360,greedy,3,0.683,20.6,0,cpu,26,224,262.73,0.0,0.0
361,greedy,3,0.6846,20.58,0,cpu,16,141,157.96,0.0,0.0
362,greedy,3,0.6862,20.38,0,cpu,17,157,170.31,0.0,0.0
363,greedy,3,0.6876,20.44,0,cpu,14,137,139.38,0.0,0.0
364,greedy,3,0.6893,20.42,0,cpu,20,151,199.7,0.0,0.0
365,greedy,3,0.6904,20.36,0,cpu,13,111,126.93,0.0,0.0
366,greedy,3,0.6918,20.22,0,cpu,18,120,177.49,0.0,0.0
367,greedy,3,0.6946,20.36,0,cpu,29,234,293.36,0.0,0.0
368,greedy,3,0.6954,20.2,0,cpu,11,81,106.01,0.0,0.0
369,greedy,3,0.6959,20.08,0,cpu,8,44,72.35,0.0,0.0
370,greedy,3,0.6976,20.2,0,cpu,22,152,219.61,0.0,0.0
371,greedy,3,0.6989,20.04,0,cpu,15,118,146.58,0.0,0.0
372,greedy,3,0.7017,20.02,0,cpu,30,227,305.84,0.0,0.0
373,greedy,3,0.703,19.64,0,cpu,17,128,169.9,0.0,0.0
374,greedy,3,0.7049,19.62,0,cpu,21,174,210.08,0.0,0.0
375,greedy,3,0.7063,19.52,0,cpu,16,130,159.17,0.0,0.0
376,greedy,3,0.7073,19.24,0,cpu,15,89,145.77,0.0,0.0
377,greedy,3,0.7082,18.94,0,cpu,11,82,104.3,0.0,0.0
378,greedy,3,0.7096,18.58,0,cpu,19,121,186.89,0.0,0.0
379,greedy,3,0.7114,18.6,0,cpu,18,173,180.06,0.0,0.0
380,greedy,3,0.7142,18.76,0,cpu,28,244,284.15,0.0,0.0
381,greedy,3,0.7156,18.66,0,cpu,17,135,167.13,0.0,0.0
382,greedy,3,0.7178,18.78,0,cpu,23,201,232.33,0.0,0.0
383,greedy,3,0.7194,18.92,0,cpu,20,140,199.71,0.0,0.0
384,greedy,3,0.7206,18.98,0,cpu,16,120,158.67,0.0,0.0
385,greedy,3,0.7212,18.68,0,cpu,4,57,32.48,0.0,0.0
386,greedy,3,0.7223,18.54,0,cpu,15,106,147.3,0.0,0.0
387,greedy,3,0.7234,18.14,0,cpu,15,107,147.39,0.0,0.0
388,greedy,3,0.7251,18.38,0,cpu,21,153,210.39,0.0,0.0
389,greedy,3,0.7268,18.6,0,cpu,23,149,230.25,0.0,0.0
390,greedy,3,0.7276,18.32,0,cpu,10,72,94.29,0.0,0.0
391,greedy,3,0.729,18.38,0,cpu,17,125,168.63,0.0,0.0
392,greedy,3,0.7332,18.54,0,cpu,36,368,367.19,0.0,0.0
393,greedy,3,0.7342,18.38,0,cpu,15,95,147.11,0.0,0.0
394,greedy,3,0.736,18.3,0,cpu,20,168,199.43,0.0,0.0
395,greedy,3,0.7383,18.36,0,cpu,26,199,264.28,0.0,0.0
396,greedy,3,0.7391,18.4,0,cpu,12,80,115.63,0.0,0.0
397,greedy,3,0.7405,18.06,0,cpu,15,133,148.93,0.0,0.0
398,greedy,3,0.7425,18.02,0,cpu,21,180,209.82,0.0,0.0
399,greedy,3,0.7443,17.94,0,cpu,20,167,202.54,0.0,0.0
400,greedy,3,0.7469,18.2,0,cpu,27,236,273.72,0.0,0.0
401,greedy,3,0.7489,18.2,0,cpu,22,188,222.25,0.0,0.0
402,greedy,3,0.7509,18.3,0,cpu,25,162,251.44,0.0,0.0
403,greedy,3,0.754,18.38,0,cpu,29,274,294.56,0.0,0.0
404,greedy,3,0.7567,18.54,0,cpu,29,251,295.29,0.0,0.0
405,greedy,3,0.7577,18.44,0,cpu,14,95,135.8,0.0,0.0
406,greedy,3,0.7583,18.46,0,cpu,8,61,74.08,0.0,0.0
407,greedy,3,0.7595,18.58,0,cpu,13,109,127.95,0.0,0.0
408,greedy,3,0.7615,18.86,0,cpu,21,188,213.14,0.0,0.0
409,greedy,3,0.7621,18.56,0,cpu,10,59,94.12,0.0,0.0
410,greedy,3,0.764,18.5,0,cpu,23,168,232.16,0.0,0.0
411,greedy,3,0.7649,18.44,0,cpu,13,93,126.91,0.0,0.0
412,greedy,3,0.7667,18.58,0,cpu,24,150,239.05,0.0,0.0
413,greedy,3,0.7685,18.72,0,cpu,21,156,210.86,0.0,0.0
414,greedy,3,0.7728,19.14,0,cpu,41,353,421.79,0.0,0.0
415,greedy,3,0.774,19.18,0,cpu,15,110,147.46,0.0,0.0
416,greedy,3,0.7754,19.2,0,cpu,19,126,187.74,0.0,0.0
417,greedy,3,0.7761,18.8,0,cpu,9,66,84.24,0.0,0.0
418,greedy,3,0.7781,19.0,0,cpu,21,182,212.6,0.0,0.0
419,greedy,3,0.7788,19.08,0,cpu,12,75,115.38,0.0,0.0
420,greedy,3,0.7797,18.82,0,cpu,9,82,86.48,0.0,0.0
421,greedy,3,0.7809,18.92,0,cpu,20,109,197.12,0.0,0.0
422,greedy,3,0.7837,18.82,0,cpu,25,260,253.26,0.0,0.0
423,greedy,3,0.7871,19.12,0,cpu,32,299,329.14,0.0,0.0
424,greedy,3,0.7886,19.06,0,cpu,18,138,180.31,0.0,0.0
425,greedy,3,0.7895,18.98,0,cpu,12,99,116.74,0.0,0.0
426,greedy,3,0.7914,19.1,0,cpu,21,164,210.18,0.0,0.0
427,greedy,3,0.793,19.28,0,cpu,20,148,200.03,0.0,0.0
428,greedy,3,0.7971,19.62,0,cpu,36,350,368.37,0.0,0.0
429,greedy,3,0.7985,19.62,0,cpu,18,125,178.54,0.0,0.0
430,greedy,3,0.8009,19.6,0,cpu,27,205,272.13,0.0,0.0
431,greedy,3,0.8032,19.8,0,cpu,27,209,273.09,0.0,0.0
432,greedy,3,0.8055,19.8,0,cpu,23,201,231.73,0.0,0.0
433,greedy,3,0.8077,19.86,0,cpu,23,205,230.49,0.0,0.0
434,greedy,3,0.8103,20.1,0,cpu,28,224,282.55,0.0,0.0
435,greedy,3,0.8111,20.24,0,cpu,11,80,105.52,0.0,0.0
436,greedy,3,0.8139,20.52,0,cpu,29,241,295.39,0.0,0.0
437,greedy,3,0.8152,20.54,0,cpu,16,125,157.72,0.0,0.0
438,greedy,3,0.8167,20.48,0,cpu,18,138,178.11,0.0,0.0
439,greedy,3,0.8199,20.66,0,cpu,32,279,328.94,0.0,0.0
440,greedy,3,0.8214,20.8,0,cpu,17,137,165.51,0.0,0.0
441,greedy,3,0.8219,20.6,0,cpu,7,49,63.29,0.0,0.0
442,greedy,3,0.8238,20.36,0,cpu,24,166,241.29,0.0,0.0
443,greedy,3,0.825,20.36,0,cpu,15,110,148.26,0.0,0.0
444,greedy,3,0.8263,20.3,0,cpu,17,117,167.91,0.0,0.0
445,greedy,3,0.8281,20.18,0,cpu,20,165,199.56,0.0,0.0
446,greedy,3,0.8296,20.3,0,cpu,18,138,180.31,0.0,0.0
447,greedy,3,0.8315,20.44,0,cpu,22,172,222.81,0.0,0.0
448,greedy,3,0.8325,20.3,0,cpu,14,95,135.8,0.0,0.0
449,greedy,3,0.8335,20.12,0,cpu,11,98,107.54,0.0,0.0
450,greedy,3,0.8346,19.84,0,cpu,13,91,124.73,0.0,0.0
451,greedy,3,0.8369,19.86,0,cpu,23,207,231.87,0.0,0.0
452,greedy,3,0.8385,19.72,0,cpu,18,155,179.64,0.0,0.0
453,greedy,3,0.8397,19.48,0,cpu,17,114,167.24,0.0,0.0
454,greedy,3,0.8408,19.14,0,cpu,12,108,116.95,0.0,0.0
455,greedy,3,0.8418,19.14,0,cpu,14,93,137.02,0.0,0.0
456,greedy,3,0.8425,19.1,0,cpu,6,65,53.82,0.0,0.0
457,greedy,3,0.8434,19.08,0,cpu,12,90,116.33,0.0,0.0
458,greedy,3,0.8463,19.2,0,cpu,27,256,275.52,0.0,0.0
459,greedy,3,0.8483,19.42,0,cpu,21,179,212.73,0.0,0.0
460,greedy,3,0.8505,19.42,0,cpu,23,204,231.8,0.0,0.0
461,greedy,3,0.8524,19.58,0,cpu,21,167,209.45,0.0,0.0
462,greedy,3,0.8537,19.44,0,cpu,17,122,168.96,0.0,0.0
463,greedy,3,0.8563,19.62,0,cpu,30,233,305.98,0.0,0.0
464,greedy,3,0.8582,19.3,0,cpu,25,162,249.24,0.0,0.0
465,greedy,3,0.86,19.4,0,cpu,20,160,201.51,0.0,0.0
466,greedy,3,0.8611,19.3,0,cpu,14,110,138.15,0.0,0.0
467,greedy,3,0.8621,19.4,0,cpu,14,99,136.96,0.0,0.0
468,greedy,3,0.8627,19.14,0,cpu,8,50,72.89,0.0,0.0
469,greedy,3,0.8659,19.52,0,cpu,31,278,315.74,0.0,0.0
470,greedy,3,0.8671,19.64,0,cpu,15,114,147.82,0.0,0.0
471,greedy,3,0.8685,19.54,0,cpu,15,128,147.88,0.0,0.0
472,greedy,3,0.8707,19.62,0,cpu,29,184,292.46,0.0,0.0
473,greedy,3,0.8717,19.26,0,cpu,14,101,136.54,0.0,0.0
474,greedy,3,0.8726,19.14,0,cpu,12,86,116.37,0.0,0.0
475,greedy,3,0.8749,19.34,0,cpu,22,216,223.37,0.0,0.0
476,greedy,3,0.8758,19.16,0,cpu,12,78,115.45,0.0,0.0
477,greedy,3,0.8767,18.98,0,cpu,11,86,105.26,0.0,0.0
478,greedy,3,0.8777,18.54,0,cpu,14,96,136.89,0.0,0.0
479,greedy,3,0.8809,18.84,0,cpu,33,279,337.45,0.0,0.0
480,greedy,3,0.8833,18.8,0,cpu,25,215,253.81,0.0,0.0
481,greedy,3,0.8846,18.58,0,cpu,16,110,158.37,0.0,0.0
482,greedy,3,0.8875,18.64,0,cpu,26,270,265.07,0.0,0.0
483,greedy,3,0.8893,18.6,0,cpu,21,159,211.13,0.0,0.0
484,greedy,3,0.8917,18.58,0,cpu,27,211,271.67,0.0,0.0
485,greedy,3,0.8938,18.88,0,cpu,26,179,261.28,0.0,0.0
486,greedy,3,0.8955,18.68,0,cpu,19,158,191.42,0.0,0.0
487,greedy,3,0.8976,18.84,0,cpu,24,186,242.89,0.0,0.0
488,greedy,3,0.899,18.84,0,cpu,18,132,178.17,0.0,0.0
489,greedy,3,0.8999,18.4,0,cpu,10,83,95.08,0.0,0.0
490,greedy,3,0.902,18.56,0,cpu,25,183,253.53,0.0,0.0
491,greedy,3,0.905,19.0,0,cpu,29,271,297.89,0.0,0.0
492,greedy,3,0.9083,19.26,0,cpu,37,257,374.91,0.0,0.0
493,greedy,3,0.9093,19.2,0,cpu,12,94,114.69,0.0,0.0
494,greedy,3,0.9106,19.16,0,cpu,15,120,148.96,0.0,0.0
495,greedy,3,0.9122,19.18,0,cpu,21,144,209.58,0.0,0.0
496,greedy,3,0.9144,19.34,0,cpu,26,191,261.76,0.0,0.0
497,greedy,3,0.9156,19.22,0,cpu,16,110,158.37,0.0,0.0
498,greedy,3,0.9172,19.34,0,cpu,20,140,200.11,0.0,0.0
499,greedy,3,0.9226,20.02,0,cpu,45,450,467.96,0.0,0.0
500,greedy,3,0.9236,20.02,0,cpu,13,103,127.01,0.0,0.0
501,greedy,3,0.9258,19.98,0,cpu,21,198,212.24,0.0,0.0
502,greedy,3,0.9279,20.08,0,cpu,23,195,232.79,0.0,0.0
503,greedy,3,0.9291,20.02,0,cpu,14,117,136.38,0.0,0.0
504,greedy,3,0.931,20.24,0,cpu,23,170,231.54,0.0,0.0
505,greedy,3,0.9317,20.2,0,cpu,12,73,115.0,0.0,0.0
506,greedy,3,0.9337,20.54,0,cpu,23,188,233.16,0.0,0.0
507,greedy,3,0.9366,20.96,0,cpu,33,235,334.89,0.0,0.0
508,greedy,3,0.938,20.82,0,cpu,20,118,197.73,0.0,0.0
509,greedy,3,0.9401,20.86,0,cpu,23,195,232.39,0.0,0.0
510,greedy,3,0.9422,20.9,0,cpu,25,189,251.07,0.0,0.0
511,greedy,3,0.944,20.84,0,cpu,18,169,181.1,0.0,0.0
512,greedy,3,0.9457,20.94,0,cpu,22,152,220.61,0.0,0.0
513,greedy,3,0.948,20.86,0,cpu,26,204,262.33,0.0,0.0
514,greedy,3,0.9494,20.7,0,cpu,17,129,167.79,0.0,0.0
515,greedy,3,0.9505,20.56,0,cpu,13,110,127.84,0.0,0.0
516,greedy,3,0.9518,20.58,0,cpu,15,112,146.04,0.0,0.0
517,greedy,3,0.9548,20.9,0,cpu,30,259,303.52,0.0,0.0
518,greedy,3,0.9559,21.0,0,cpu,13,105,126.59,0.0,0.0
519,greedy,3,0.9582,20.86,0,cpu,24,208,242.07,0.0,0.0
520,greedy,3,0.9614,21.18,0,cpu,31,277,316.85,0.0,0.0
521,greedy,3,0.9624,21.16,0,cpu,14,91,136.24,0.0,0.0
522,greedy,3,0.9639,20.92,0,cpu,17,142,169.96,0.0,0.0
523,greedy,3,0.9649,20.94,0,cpu,15,101,147.25,0.0,0.0
524,greedy,3,0.9693,21.42,0,cpu,36,377,369.4,0.0,0.0
525,greedy,3,0.9707,21.38,0,cpu,20,124,199.27,0.0,0.0
526,greedy,3,0.9735,21.72,0,cpu,29,241,292.79,0.0,0.0
527,greedy,3,0.9745,21.74,0,cpu,12,101,117.52,0.0,0.0
528,greedy,3,0.977,21.94,0,cpu,24,224,243.71,0.0,0.0
529,greedy,3,0.9793,21.8,0,cpu,26,212,262.45,0.0,0.0
530,greedy,3,0.9804,21.6,0,cpu,15,100,146.16,0.0,0.0
531,greedy,3,0.9816,21.6,0,cpu,16,109,158.08,0.0,0.0
532,greedy,3,0.9842,21.58,0,cpu,25,239,254.77,0.0,0.0
533,greedy,3,0.9865,21.7,0,cpu,27,194,272.74,0.0,0.0
534,greedy,3,0.9878,21.44,0,cpu,14,135,137.2,0.0,0.0
535,greedy,3,0.9906,21.48,0,cpu,28,252,286.67,0.0,0.0
536,greedy,3,0.992,21.42,0,cpu,16,137,158.4,0.0,0.0
537,greedy,3,0.9936,21.28,0,cpu,17,139,169.29,0.0,0.0
538,greedy,3,0.996,21.44,0,cpu,26,224,262.33,0.0,0.0
539,greedy,3,0.9969,21.52,0,cpu,14,82,135.63,0.0,0.0
540,greedy,3,0.9993,21.5,0,cpu,24,233,242.52,0.0,0.0
541,greedy,3,1.0001,21.12,0,cpu,10,70,92.51,0.0,0.0
542,greedy,3,1.001,20.54,0,cpu,8,90,74.69,0.0,0.0
543,greedy,3,1.0019,20.52,0,cpu,11,82,106.1,0.0,0.0
544,greedy,3,1.003,20.52,0,cpu,15,102,147.34,0.0,0.0
545,greedy,3,1.0042,20.38,0,cpu,14,115,137.2,0.0,0.0
546,greedy,3,1.005,20.06,0,cpu,10,82,96.39,0.0,0.0
547,greedy,3,1.0057,19.94,0,cpu,10,63,94.28,0.0,0.0
548,greedy,3,1.0072,19.92,0,cpu,19,135,189.55,0.0,0.0
549,greedy,3,1.0078,19.22,0,cpu,10,60,93.81,0.0,0.0
550,greedy,3,1.0091,19.26,0,cpu,15,121,148.05,0.0,0.0
551,greedy,3,1.0107,19.24,0,cpu,20,138,198.33,0.0,0.0
552,greedy,3,1.0116,19.02,0,cpu,12,82,115.61,0.0,0.0
553,greedy,3,1.0155,19.46,0,cpu,36,335,372.82,0.0,0.0
554,greedy,3,1.0182,19.54,0,cpu,27,230,273.58,0.0,0.0
555,greedy,3,1.0189,19.52,0,cpu,11,65,104.77,0.0,0.0
556,greedy,3,1.0207,19.5,0,cpu,22,161,219.42,0.0,0.0
557,greedy,3,1.0228,19.22,0,cpu,19,209,191.61,0.0,0.0
558,greedy,3,1.0242,19.14,0,cpu,16,128,157.79,0.0,0.0
559,greedy,3,1.0261,19.04,0,cpu,18,179,180.6,0.0,0.0
560,greedy,3,1.0273,18.88,0,cpu,17,105,167.63,0.0,0.0
561,greedy,3,1.0297,19.04,0,cpu,26,216,263.81,0.0,0.0
562,greedy,3,1.0308,18.88,0,cpu,14,100,136.45,0.0,0.0
563,greedy,3,1.0324,18.78,0,cpu,21,142,208.2,0.0,0.0
564,greedy,3,1.0362,19.1,0,cpu,33,325,338.19,0.0,0.0
565,greedy,3,1.0377,19.18,0,cpu,17,142,168.76,0.0,0.0
566,greedy,3,1.0391,19.18,0,cpu,15,138,147.98,0.0,0.0
567,greedy,3,1.0399,18.78,0,cpu,10,71,95.2,0.0,0.0
568,greedy,3,1.041,18.82,0,cpu,15,99,144.87,0.0,0.0
569,greedy,3,1.0434,18.8,0,cpu,23,218,233.46,0.0,0.0
570,greedy,3,1.0455,18.64,0,cpu,23,192,233.72,0.0,0.0
571,greedy,3,1.0501,19.1,0,cpu,37,400,376.18,0.0,0.0
572,greedy,3,1.0515,19.08,0,cpu,16,131,156.66,0.0,0.0
573,greedy,3,1.0524,19.0,0,cpu,11,84,106.48,0.0,0.0
574,greedy,3,1.0535,18.56,0,cpu,14,109,137.06,0.0,0.0
575,greedy,3,1.056,18.78,0,cpu,31,224,312.88,0.0,0.0
576,greedy,3,1.057,18.4,0,cpu,10,100,95.61,0.0,0.0
577,greedy,3,1.0577,18.4,0,cpu,12,63,114.5,0.0,0.0
578,greedy,3,1.0591,18.24,0,cpu,16,127,159.1,0.0,0.0
579,greedy,3,1.0616,18.18,0,cpu,23,227,232.87,0.0,0.0
580,greedy,3,1.0623,18.04,0,cpu,8,73,75.36,0.0,0.0
581,greedy,3,1.0648,18.24,0,cpu,26,226,261.11,0.0,0.0
582,greedy,3,1.0676,18.26,0,cpu,26,248,266.09,0.0,0.0
583,greedy,3,1.0701,18.26,0,cpu,27,214,271.34,0.0,0.0
584,greedy,3,1.0712,18.28,0,cpu,15,110,146.26,0.0,0.0
585,greedy,3,1.0738,18.3,0,cpu,29,227,293.73,0.0,0.0
586,greedy,3,1.0761,18.48,0,cpu,25,198,251.48,0.0,0.0
587,greedy,3,1.0798,18.78,0,cpu,32,334,323.29,0.0,0.0
588,greedy,3,1.0813,18.62,0,cpu,18,143,179.36,0.0,0.0
589,greedy,3,1.084,18.88,0,cpu,27,236,272.72,0.0,0.0
590,greedy,3,1.0859,18.82,0,cpu,21,174,212.48,0.0,0.0
591,greedy,3,1.0877,19.04,0,cpu,21,174,211.08,0.0,0.0
592,greedy,3,1.09,19.36,0,cpu,24,206,241.49,0.0,0.0
593,greedy,3,1.0913,19.48,0,cpu,17,124,167.94,0.0,0.0
594,greedy,3,1.0928,19.54,0,cpu,18,133,179.26,0.0,0.0
595,greedy,3,1.0952,19.84,0,cpu,29,201,294.39,0.0,0.0
596,greedy,3,1.0975,20.1,0,cpu,23,212,231.92,0.0,0.0
597,greedy,3,1.1,20.32,0,cpu,21,238,209.24,0.0,0.0
598,greedy,3,1.1011,20.16,0,cpu,11,98,105.74,0.0,0.0
599,greedy,3,1.1025,20.34,0,cpu,19,127,189.43,0.0,0.0
600,greedy,3,1.1052,20.6,0,cpu,28,239,285.1,0.0,0.0
601,greedy,3,1.1063,20.46,0,cpu,13,101,127.03,0.0,0.0
602,greedy,3,1.1075,20.44,0,cpu,11,112,105.4,0.0,0.0
603,greedy,3,1.1096,20.14,0,cpu,21,190,211.92,0.0,0.0
604,greedy,3,1.1113,19.94,0,cpu,17,170,167.28,0.0,0.0
605,greedy,3,1.113,20.08,0,cpu,18,158,180.71,0.0,0.0
606,greedy,3,1.1149,20.06,0,cpu,21,185,211.87,0.0,0.0
607,greedy,3,1.1161,19.98,0,cpu,15,125,149.01,0.0,0.0
608,greedy,3,1.1175,19.96,0,cpu,15,131,148.55,0.0,0.0
609,greedy,3,1.1188,19.88,0,cpu,14,136,138.69,0.0,0.0
610,greedy,3,1.1201,19.82,0,cpu,14,122,137.23,0.0,0.0
611,greedy,3,1.1216,19.68,0,cpu,19,142,189.38,0.0,0.0
612,greedy,3,1.1236,19.92,0,cpu,26,177,261.3,0.0,0.0
613,greedy,3,1.1254,19.88,0,cpu,19,158,191.02,0.0,0.0
614,greedy,3,1.1276,19.68,0,cpu,23,196,232.08,0.0,0.0
615,greedy,3,1.1294,19.86,0,cpu,26,158,260.39,0.0,0.0
616,greedy,3,1.1312,20.04,0,cpu,24,159,237.26,0.0,0.0
617,greedy,3,1.1335,20.34,0,cpu,25,202,253.24,0.0,0.0
618,greedy,3,1.1337,20.1,0,cpu,3,26,21.58,0.0,0.0
619,greedy,3,1.1339,19.68,0,cpu,2,20,9.93,0.0,0.0
620,greedy,3,1.1358,19.56,0,cpu,17,161,170.07,0.0,0.0
621,greedy,3,1.1371,19.12,0,cpu,15,123,147.43,0.0,0.0
622,greedy,3,1.1388,19.12,0,cpu,16,164,162.23,0.0,0.0
623,greedy,3,1.14,19.22,0,cpu,16,117,157.8,0.0,0.0
624,greedy,3,1.1419,19.36,0,cpu,21,173,211.99,0.0,0.0
625,greedy,3,1.1443,19.24,0,cpu,25,208,251.78,0.0,0.0
626,greedy,3,1.1448,19.18,0,cpu,7,46,63.42,0.0,0.0
627,greedy,3,1.1465,19.3,0,cpu,18,160,182.29,0.0,0.0
628,greedy,3,1.1473,19.22,0,cpu,12,77,115.16,0.0,0.0
629,greedy,3,1.1488,19.18,0,cpu,21,124,207.98,0.0,0.0
630,greedy,3,1.1523,19.62,0,cpu,30,319,305.72,0.0,0.0
631,greedy,3,1.1539,19.42,0,cpu,16,158,159.49,0.0,0.0
632,greedy,3,1.1554,19.26,0,cpu,18,141,179.78,0.0,0.0
633,greedy,3,1.1571,19.1,0,cpu,19,158,191.22,0.0,0.0
634,greedy,3,1.1595,19.3,0,cpu,25,216,253.9,0.0,0.0
635,greedy,3,1.1603,18.94,0,cpu,11,89,104.33,0.0,0.0
636,greedy,3,1.1633,19.1,0,cpu,33,256,332.38,0.0,0.0
637,greedy,3,1.1648,18.74,0,cpu,14,157,136.98,0.0,0.0
638,greedy,3,1.1672,18.8,0,cpu,21,229,213.43,0.0,0.0
639,greedy,3,1.1695,18.72,0,cpu,23,214,231.5,0.0,0.0
640,greedy,3,1.1702,18.5,0,cpu,10,58,94.23,0.0,0.0
641,greedy,3,1.1714,18.42,0,cpu,17,106,167.52,0.0,0.0
642,greedy,3,1.1722,18.16,0,cpu,11,77,105.45,0.0,0.0
643,greedy,3,1.1741,18.28,0,cpu,23,169,231.85,0.0,0.0
644,greedy,3,1.1764,18.4,0,cpu,24,196,241.79,0.0,0.0
645,greedy,3,1.1796,18.48,0,cpu,33,277,336.47,0.0,0.0
646,greedy,3,1.1809,18.36,0,cpu,17,113,167.35,0.0,0.0
647,greedy,3,1.1824,18.3,0,cpu,18,143,178.96,0.0,0.0
648,greedy,3,1.1852,18.66,0,cpu,29,233,294.27,0.0,0.0
649,greedy,3,1.1876,18.76,0,cpu,24,220,242.95,0.0,0.0
650,greedy,3,1.1908,18.72,0,cpu,26,292,265.85,0.0,0.0
651,greedy,3,1.1942,19.08,0,cpu,31,303,318.99,0.0,0.0
652,greedy,3,1.1965,19.32,0,cpu,23,222,234.42,0.0,0.0
653,greedy,3,1.198,19.28,0,cpu,19,135,189.15,0.0,0.0
654,greedy,3,1.2002,19.4,0,cpu,23,205,230.49,0.0,0.0
655,greedy,3,1.2018,19.42,0,cpu,19,142,189.98,0.0,0.0
656,greedy,3,1.2044,19.56,0,cpu,28,238,286.41,0.0,0.0
657,greedy,3,1.2062,19.66,0,cpu,20,172,200.59,0.0,0.0
658,greedy,3,1.2075,19.72,0,cpu,18,124,178.45,0.0,0.0
659,greedy,3,1.2094,19.78,0,cpu,17,158,170.4,0.0,0.0
660,greedy,3,1.2116,19.96,0,cpu,23,206,233.38,0.0,0.0
661,greedy,3,1.2138,20.04,0,cpu,23,205,232.49,0.0,0.0
662,greedy,3,1.2153,19.84,0,cpu,16,145,159.92,0.0,0.0
663,greedy,3,1.2178,19.96,0,cpu,25,220,254.26,0.0,0.0
664,greedy,3,1.2194,19.84,0,cpu,17,144,168.54,0.0,0.0
665,greedy,3,1.221,19.64,0,cpu,16,150,158.57,0.0,0.0
666,greedy,3,1.2231,19.7,0,cpu,27,189,270.09,0.0,0.0
667,greedy,3,1.2242,19.5,0,cpu,15,104,147.12,0.0,0.0
668,greedy,3,1.2247,19.56,0,cpu,6,39,52.08,0.0,0.0
669,greedy,3,1.2263,19.9,0,cpu,19,145,189.45,0.0,0.0
670,greedy,3,1.2275,19.92,0,cpu,18,107,177.92,0.0,0.0
671,greedy,3,1.2277,19.7,0,cpu,4,25,30.8,0.0,0.0
672,greedy,3,1.2298,19.8,0,cpu,21,191,211.41,0.0,0.0
673,greedy,3,1.2328,20.1,0,cpu,31,271,317.11,0.0,0.0
674,greedy,3,1.2345,20.06,0,cpu,19,154,187.06,0.0,0.0
675,greedy,3,1.2363,20.02,0,cpu,23,157,229.17,0.0,0.0
676,greedy,3,1.2386,20.3,0,cpu,21,216,217.46,0.0,0.0
677,greedy,3,1.2408,20.42,0,cpu,24,192,243.23,0.0,0.0
678,greedy,3,1.2422,20.5,0,cpu,16,142,158.65,0.0,0.0
679,greedy,3,1.2462,20.86,0,cpu,39,340,397.8,0.0,0.0
680,greedy,3,1.2488,20.76,0,cpu,25,234,256.32,0.0,0.0
681,greedy,3,1.2511,20.96,0,cpu,26,213,262.74,0.0,0.0
682,greedy,3,1.2523,20.9,0,cpu,15,108,146.28,0.0,0.0
683,greedy,3,1.2534,20.84,0,cpu,16,106,157.41,0.0,0.0
684,greedy,3,1.2549,20.68,0,cpu,17,142,167.96,0.0,0.0
685,greedy,3,1.257,20.9,0,cpu,22,179,221.84,0.0,0.0
686,greedy,3,1.2586,20.62,0,cpu,19,156,189.84,0.0,0.0
687,greedy,3,1.2618,21.0,0,cpu,33,264,338.1,0.0,0.0
688,greedy,3,1.264,20.96,0,cpu,19,218,190.22,0.0,0.0
689,greedy,3,1.2663,20.98,0,cpu,24,203,242.02,0.0,0.0
690,greedy,3,1.269,21.34,0,cpu,28,237,282.92,0.0,0.0
691,greedy,3,1.2707,21.32,0,cpu,16,171,160.46,0.0,0.0
692,greedy,3,1.2726,21.52,0,cpu,21,175,209.57,0.0,0.0
693,greedy,3,1.2743,21.44,0,cpu,19,161,188.69,0.0,0.0
694,greedy,3,1.2771,21.46,0,cpu,25,257,254.19,0.0,0.0
695,greedy,3,1.2781,21.06,0,cpu,13,92,125.62,0.0,0.0
696,greedy,3,1.2787,20.88,0,cpu,8,56,73.23,0.0,0.0
697,greedy,3,1.2799,20.8,0,cpu,14,118,138.47,0.0,0.0
698,greedy,3,1.2815,20.58,0,cpu,18,156,181.93,0.0,0.0
699,greedy,3,1.2826,20.42,0,cpu,16,99,155.98,0.0,0.0
700,greedy,3,1.2846,20.38,0,cpu,24,168,240.87,0.0,0.0
701,greedy,3,1.2864,20.14,0,cpu,19,167,189.83,0.0,0.0
702,greedy,3,1.2879,20.06,0,cpu,19,135,188.15,0.0,0.0
703,greedy,3,1.2888,19.94,0,cpu,13,90,126.04,0.0,0.0
704,greedy,3,1.2907,19.88,0,cpu,20,175,202.66,0.0,0.0
705,greedy,3,1.2914,19.74,0,cpu,12,68,114.55,0.0,0.0
706,greedy,3,1.2928,19.5,0,cpu,16,118,158.29,0.0,0.0
707,greedy,3,1.2933,19.24,0,cpu,7,52,62.56,0.0,0.0
708,greedy,3,1.2946,19.2,0,cpu,16,118,158.09,0.0,0.0
709,greedy,3,1.2956,19.18,0,cpu,16,99,157.18,0.0,0.0
710,greedy,3,1.2981,19.24,0,cpu,26,230,261.27,0.0,0.0
711,greedy,3,1.3001,19.18,0,cpu,20,181,199.6,0.0,0.0
712,greedy,3,1.3026,19.42,0,cpu,28,210,282.29,0.0,0.0
713,greedy,3,1.3037,19.16,0,cpu,12,118,117.65,0.0,0.0
714,greedy,3,1.3045,19.08,0,cpu,13,67,123.97,0.0,0.0
715,greedy,3,1.3064,19.2,0,cpu,22,178,221.15,0.0,0.0
716,greedy,3,1.3081,19.12,0,cpu,23,153,231.41,0.0,0.0
717,greedy,3,1.3106,19.34,0,cpu,26,219,263.08,0.0,0.0
718,greedy,3,1.3134,19.88,0,cpu,33,228,335.46,0.0,0.0
719,greedy,3,1.3146,19.78,0,cpu,14,117,134.78,0.0,0.0
720,greedy,3,1.3159,19.74,0,cpu,16,116,158.11,0.0,0.0
721,greedy,3,1.3195,20.32,0,cpu,33,301,337.23,0.0,0.0
722,greedy,3,1.3211,20.24,0,cpu,17,152,168.86,0.0,0.0
723,greedy,3,1.3235,20.08,0,cpu,23,221,233.13,0.0,0.0
724,greedy,3,1.3262,20.3,0,cpu,30,219,303.12,0.0,0.0
725,greedy,3,1.3282,20.3,0,cpu,23,175,230.79,0.0,0.0
726,greedy,3,1.3314,20.6,0,cpu,36,251,368.46,0.0,0.0
727,greedy,3,1.3323,20.38,0,cpu,13,80,124.34,0.0,0.0
728,greedy,3,1.3341,20.46,0,cpu,20,164,199.67,0.0,0.0
729,greedy,3,1.3371,20.22,0,cpu,27,247,272.31,0.0,0.0
730,greedy,3,1.3403,20.3,0,cpu,29,279,292.61,0.0,0.0
731,greedy,3,1.3418,20.1,0,cpu,16,139,159.38,0.0,0.0
732,greedy,3,1.3432,20.12,0,cpu,16,123,158.34,0.0,0.0
733,greedy,3,1.3446,20.2,0,cpu,20,127,198.74,0.0,0.0
734,greedy,3,1.3467,20.26,0,cpu,20,196,201.55,0.0,0.0
735,greedy,3,1.3484,20.18,0,cpu,18,158,180.31,0.0,0.0
736,greedy,3,1.3501,20.2,0,cpu,20,151,199.9,0.0,0.0
737,greedy,3,1.352,19.96,0,cpu,21,171,209.81,0.0,0.0
738,greedy,3,1.3546,20.14,0,cpu,28,227,282.42,0.0,0.0
739,greedy,3,1.3577,20.24,0,cpu,29,293,298.07,0.0,0.0
740,greedy,3,1.3602,20.14,0,cpu,23,228,232.16,0.0,0.0
741,greedy,3,1.3617,20.22,0,cpu,20,131,199.7,0.0,0.0
742,greedy,3,1.3651,20.44,0,cpu,32,301,327.12,0.0,0.0
743,greedy,3,1.3664,20.36,0,cpu,15,127,149.19,0.0,0.0
744,greedy,3,1.3698,20.4,0,cpu,27,306,275.82,0.0,0.0
745,greedy,3,1.3717,20.6,0,cpu,23,179,232.15,0.0,0.0
746,greedy,3,1.3733,20.78,0,cpu,17,150,169.88,0.0,0.0
747,greedy,3,1.3752,20.86,0,cpu,18,171,181.08,0.0,0.0
748,greedy,3,1.3771,20.9,0,cpu,20,167,198.74,0.0,0.0
749,greedy,3,1.3798,21.14,0,cpu,28,248,286.71,0.0,0.0
750,greedy,3,1.3811,20.94,0,cpu,14,127,135.08,0.0,0.0
751,greedy,3,1.3824,20.92,0,cpu,18,117,178.22,0.0,0.0
752,greedy,3,1.3831,20.7,0,cpu,8,73,74.16,0.0,0.0
753,greedy,3,1.385,20.86,0,cpu,21,169,209.43,0.0,0.0
754,greedy,3,1.3861,20.76,0,cpu,15,99,147.47,0.0,0.0
755,greedy,3,1.3885,21.04,0,cpu,26,220,263.57,0.0,0.0
756,greedy,3,1.3906,21.12,0,cpu,20,214,200.57,0.0,0.0
757,greedy,3,1.3917,21.32,0,cpu,17,92,164.86,0.0,0.0
758,greedy,3,1.3932,21.34,0,cpu,17,138,170.2,0.0,0.0
759,greedy,3,1.3951,21.42,0,cpu,20,173,200.28,0.0,0.0
760,greedy,3,1.3965,21.18,0,cpu,14,132,139.73,0.0,0.0
761,greedy,3,1.398,21.14,0,cpu,18,146,179.63,0.0,0.0
762,greedy,3,1.4009,21.22,0,cpu,32,239,324.74,0.0,0.0
763,greedy,3,1.4014,21.14,0,cpu,8,46,73.13,0.0,0.0
764,greedy,3,1.4028,21.22,0,cpu,17,139,168.69,0.0,0.0
765,greedy,3,1.4046,21.16,0,cpu,19,173,191.37,0.0,0.0
766,greedy,3,1.4063,21.14,0,cpu,22,165,220.58,0.0,0.0
767,greedy,3,1.4067,20.7,0,cpu,4,34,31.61,0.0,0.0
768,greedy,3,1.4085,20.46,0,cpu,21,165,209.87,0.0,0.0
769,greedy,3,1.4107,20.62,0,cpu,22,199,221.24,0.0,0.0
770,greedy,3,1.4133,20.76,0,cpu,23,248,234.16,0.0,0.0
771,greedy,3,1.4151,20.54,0,cpu,22,167,221.16,0.0,0.0
772,greedy,3,1.4171,20.64,0,cpu,22,186,221.47,0.0,0.0
773,greedy,3,1.4195,20.62,0,cpu,22,220,218.93,0.0,0.0
774,greedy,3,1.4206,20.3,0,cpu,14,106,137.39,0.0,0.0
775,greedy,3,1.422,20.2,0,cpu,18,132,178.97,0.0,0.0
776,greedy,3,1.4236,19.86,0,cpu,19,160,191.8,0.0,0.0
777,greedy,3,1.4258,20.02,0,cpu,21,208,213.14,0.0,0.0
778,greedy,3,1.4268,19.86,0,cpu,12,96,114.67,0.0,0.0
779,greedy,3,1.4283,19.66,0,cpu,17,138,168.4,0.0,0.0
780,greedy,3,1.4312,19.7,0,cpu,31,257,315.65,0.0,0.0
781,greedy,3,1.4334,19.86,0,cpu,24,205,241.0,0.0,0.0
782,greedy,3,1.4344,19.74,0,cpu,10,87,96.44,0.0,0.0
783,greedy,3,1.4367,19.86,0,cpu,26,208,261.89,0.0,0.0
784,greedy,3,1.4388,19.86,0,cpu,20,192,201.79,0.0,0.0
785,greedy,3,1.4409,19.96,0,cpu,23,203,234.51,0.0,0.0
786,greedy,3,1.4434,20.12,0,cpu,28,215,286.34,0.0,0.0
787,greedy,3,1.4447,20.0,0,cpu,15,129,147.77,0.0,0.0
788,greedy,3,1.4449,19.5,0,cpu,3,13,20.81,0.0,0.0
789,greedy,3,1.4471,19.4,0,cpu,24,201,240.24,0.0,0.0
790,greedy,3,1.451,19.68,0,cpu,37,335,377.73,0.0,0.0
791,greedy,3,1.4525,19.72,0,cpu,22,128,217.65,0.0,0.0
792,greedy,3,1.4537,19.42,0,cpu,17,117,168.31,0.0,0.0
793,greedy,3,1.4559,19.66,0,cpu,27,188,271.8,0.0,0.0
794,greedy,3,1.4568,19.36,0,cpu,12,90,116.73,0.0,0.0
795,greedy,3,1.4585,19.3,0,cpu,20,153,200.88,0.0,0.0
796,greedy,3,1.4599,19.32,0,cpu,18,120,178.09,0.0,0.0
797,greedy,3,1.4615,19.36,0,cpu,20,145,198.36,0.0,0.0
798,greedy,3,1.4641,19.44,0,cpu,24,246,242.89,0.0,0.0
799,greedy,3,1.4653,19.14,0,cpu,13,113,126.11,0.0,0.0
800,greedy,3,1.4663,19.12,0,cpu,13,106,127.88,0.0,0.0
801,greedy,3,1.47,19.4,0,cpu,32,319,325.94,0.0,0.0
802,greedy,3,1.4705,19.38,0,cpu,7,45,62.13,0.0,0.0
803,greedy,3,1.4736,19.56,0,cpu,30,261,301.9,0.0,0.0
804,greedy,3,1.4757,19.76,0,cpu,25,189,251.67,0.0,0.0
805,greedy,3,1.4785,19.8,0,cpu,28,256,284.83,0.0,0.0
806,greedy,3,1.48,19.84,0,cpu,22,122,217.71,0.0,0.0
807,greedy,3,1.4811,19.84,0,cpu,17,107,167.01,0.0,0.0
808,greedy,3,1.4824,19.8,0,cpu,15,123,148.03,0.0,0.0
809,greedy,3,1.484,19.82,0,cpu,21,150,211.32,0.0,0.0
810,greedy,3,1.4853,19.78,0,cpu,12,122,116.41,0.0,0.0
811,greedy,3,1.4884,20.06,0,cpu,32,274,325.49,0.0,0.0
812,greedy,3,1.4897,19.74,0,cpu,16,121,158.96,0.0,0.0
813,greedy,3,1.4917,20.02,0,cpu,22,183,221.4,0.0,0.0
814,greedy,3,1.4933,20.0,0,cpu,16,131,156.86,0.0,0.0
815,greedy,3,1.4946,19.96,0,cpu,17,126,167.52,0.0,0.0
816,greedy,3,1.496,19.84,0,cpu,16,126,159.21,0.0,0.0
817,greedy,3,1.4978,20.2,0,cpu,22,163,221.6,0.0,0.0
818,greedy,3,1.4987,20.02,0,cpu,12,89,116.04,0.0,0.0
819,greedy,3,1.5,19.88,0,cpu,15,124,149.32,0.0,0.0
820,greedy,3,1.502,19.86,0,cpu,22,170,221.83,0.0,0.0
821,greedy,3,1.5045,19.9,0,cpu,24,233,243.92,0.0,0.0
822,greedy,3,1.5057,19.76,0,cpu,15,121,146.85,0.0,0.0
823,greedy,3,1.5068,19.58,0,cpu,13,111,126.13,0.0,0.0
824,greedy,3,1.508,19.58,0,cpu,14,118,136.87,0.0,0.0
825,greedy,3,1.5093,19.5,0,cpu,14,120,138.25,0.0,0.0
826,greedy,3,1.5111,19.5,0,cpu,19,152,189.48,0.0,0.0
827,greedy,3,1.5138,19.58,0,cpu,25,249,255.87,0.0,0.0
828,greedy,3,1.5164,19.84,0,cpu,25,240,253.06,0.0,0.0
829,greedy,3,1.5192,20.02,0,cpu,26,255,265.32,0.0,0.0
830,greedy,3,1.5211,19.82,0,cpu,21,186,210.56,0.0,0.0
831,greedy,3,1.5228,19.72,0,cpu,19,156,189.04,0.0,0.0
832,greedy,3,1.525,20.02,0,cpu,25,193,249.43,0.0,0.0
833,greedy,3,1.5254,19.64,0,cpu,7,36,62.52,0.0,0.0
834,greedy,3,1.5284,19.8,0,cpu,28,269,283.4,0.0,0.0
835,greedy,3,1.5299,19.68,0,cpu,17,142,167.76,0.0,0.0
836,greedy,3,1.5305,19.24,0,cpu,6,64,52.33,0.0,0.0
837,greedy,3,1.5316,19.22,0,cpu,14,105,135.3,0.0,0.0
838,greedy,3,1.5348,19.76,0,cpu,30,273,305.58,0.0,0.0
839,greedy,3,1.5363,19.6,0,cpu,16,139,160.38,0.0,0.0
840,greedy,3,1.5391,19.38,0,cpu,26,267,264.0,0.0,0.0
841,greedy,3,1.5404,19.26,0,cpu,16,123,155.74,0.0,0.0
842,greedy,3,1.5426,19.38,0,cpu,23,187,230.67,0.0,0.0
843,greedy,3,1.5456,19.46,0,cpu,31,247,313.95,0.0,0.0
844,greedy,3,1.5476,19.66,0,cpu,22,184,220.89,0.0,0.0
845,greedy,3,1.55,19.76,0,cpu,25,223,254.13,0.0,0.0
846,greedy,3,1.5531,20.0,0,cpu,30,258,305.03,0.0,0.0
847,greedy,3,1.555,20.08,0,cpu,24,171,241.54,0.0,0.0
848,greedy,3,1.5566,20.0,0,cpu,20,148,199.63,0.0,0.0
849,greedy,3,1.558,20.18,0,cpu,22,126,218.47,0.0,0.0
850,greedy,3,1.561,20.5,0,cpu,29,248,293.82,0.0,0.0
851,greedy,3,1.5626,20.24,0,cpu,19,141,189.89,0.0,0.0
852,greedy,3,1.5642,20.54,0,cpu,22,142,219.11,0.0,0.0
853,greedy,3,1.5657,20.28,0,cpu,17,142,169.56,0.0,0.0
854,greedy,3,1.5681,20.28,0,cpu,25,200,253.66,0.0,0.0
855,greedy,3,1.5694,20.0,0,cpu,14,119,137.36,0.0,0.0
856,greedy,3,1.5701,19.68,0,cpu,6,68,53.29,0.0,0.0
857,greedy,3,1.5724,19.9,0,cpu,28,198,283.01,0.0,0.0
858,greedy,3,1.5742,19.98,0,cpu,19,167,190.83,0.0,0.0
859,greedy,3,1.5753,19.84,0,cpu,14,100,136.25,0.0,0.0
860,greedy,3,1.576,19.8,0,cpu,10,61,94.5,0.0,0.0
861,greedy,3,1.5771,19.48,0,cpu,16,100,157.47,0.0,0.0
862,greedy,3,1.5808,19.82,0,cpu,33,330,336.44,0.0,0.0
863,greedy,3,1.5826,19.78,0,cpu,20,174,202.17,0.0,0.0
864,greedy,3,1.5852,19.98,0,cpu,26,225,263.22,0.0,0.0
865,greedy,3,1.5862,19.94,0,cpu,15,97,147.29,0.0,0.0
866,greedy,3,1.5899,20.26,0,cpu,32,321,328.12,0.0,0.0
867,greedy,3,1.5908,20.06,0,cpu,12,77,115.56,0.0,0.0
868,greedy,3,1.5923,20.18,0,cpu,18,138,178.31,0.0,0.0
869,greedy,3,1.5934,20.14,0,cpu,13,109,127.55,0.0,0.0
870,greedy,3,1.5955,20.12,0,cpu,21,206,214.76,0.0,0.0
871,greedy,3,1.5977,20.06,0,cpu,21,213,210.39,0.0,0.0
872,greedy,3,1.6019,20.52,0,cpu,38,345,385.74,0.0,0.0
873,greedy,3,1.6024,20.42,0,cpu,8,49,73.6,0.0,0.0
874,greedy,3,1.6033,20.4,0,cpu,13,89,126.35,0.0,0.0
875,greedy,3,1.6046,20.44,0,cpu,16,119,158.78,0.0,0.0
876,greedy,3,1.6059,20.34,0,cpu,14,122,137.43,0.0,0.0
877,greedy,3,1.6084,20.38,0,cpu,27,214,270.94,0.0,0.0
878,greedy,3,1.61,20.24,0,cpu,18,152,177.57,0.0,0.0
879,greedy,3,1.6122,20.22,0,cpu,25,193,251.83,0.0,0.0
880,greedy,3,1.6156,20.34,0,cpu,27,310,275.58,0.0,0.0
881,greedy,3,1.6167,20.22,0,cpu,13,104,125.5,0.0,0.0
882,greedy,3,1.6181,20.04,0,cpu,16,129,159.08,0.0,0.0
883,greedy,3,1.6202,20.42,0,cpu,26,195,261.72,0.0,0.0
884,greedy,3,1.6219,20.26,0,cpu,20,156,200.95,0.0,0.0
885,greedy,3,1.6226,20.12,0,cpu,10,65,94.26,0.0,0.0
886,greedy,3,1.624,20.36,0,cpu,18,121,178.38,0.0,0.0
887,greedy,3,1.6248,20.3,0,cpu,11,81,105.81,0.0,0.0
888,greedy,3,1.626,20.0,0,cpu,15,111,148.55,0.0,0.0
889,greedy,3,1.6279,20.1,0,cpu,21,182,211.0,0.0,0.0
890,greedy,3,1.6312,20.18,0,cpu,30,307,307.44,0.0,0.0
891,greedy,3,1.633,20.3,0,cpu,22,170,221.43,0.0,0.0
892,greedy,3,1.6342,20.16,0,cpu,16,111,156.46,0.0,0.0
893,greedy,3,1.6357,19.86,0,cpu,16,141,157.96,0.0,0.0
894,greedy,3,1.6369,19.78,0,cpu,18,102,176.07,0.0,0.0
895,greedy,3,1.6381,19.6,0,cpu,16,112,156.75,0.0,0.0
896,greedy,3,1.6391,19.28,0,cpu,14,98,137.47,0.0,0.0
897,greedy,3,1.6404,19.12,0,cpu,16,137,158.4,0.0,0.0
898,greedy,3,1.6426,19.12,0,cpu,20,192,200.59,0.0,0.0
899,greedy,3,1.6439,19.0,0,cpu,16,123,157.94,0.0,0.0
900,greedy,3,1.6466,18.96,0,cpu,27,246,274.02,0.0,0.0
901,greedy,3,1.6485,19.0,0,cpu,21,178,210.84,0.0,0.0
902,greedy,3,1.6498,18.88,0,cpu,16,122,156.85,0.0,0.0
903,greedy,3,1.6521,19.0,0,cpu,23,211,230.43,0.0,0.0
904,greedy,3,1.6541,18.94,0,cpu,22,192,223.81,0.0,0.0
905,greedy,3,1.6579,19.3,0,cpu,32,341,325.32,0.0,0.0
906,greedy,3,1.6588,19.46,0,cpu,14,83,135.92,0.0,0.0
907,greedy,3,1.6605,19.28,0,cpu,19,144,188.96,0.0,0.0
908,greedy,3,1.6632,19.46,0,cpu,28,246,282.53,0.0,0.0
909,greedy,3,1.6652,19.66,0,cpu,24,180,241.55,0.0,0.0
910,greedy,3,1.667,19.88,0,cpu,21,168,208.94,0.0,0.0
911,greedy,3,1.6696,20.02,0,cpu,23,228,232.56,0.0,0.0
912,greedy,3,1.6705,19.6,0,cpu,12,88,115.55,0.0,0.0
913,greedy,3,1.6725,19.68,0,cpu,24,185,239.8,0.0,0.0
914,greedy,3,1.6736,19.44,0,cpu,14,98,137.07,0.0,0.0
915,greedy,3,1.6765,19.66,0,cpu,26,266,262.71,0.0,0.0
916,greedy,3,1.6781,19.38,0,cpu,18,150,181.59,0.0,0.0
917,greedy,3,1.6799,19.54,0,cpu,20,162,202.29,0.0,0.0
918,greedy,3,1.6814,19.54,0,cpu,18,141,180.78,0.0,0.0
919,greedy,3,1.6824,19.5,0,cpu,11,92,106.6,0.0,0.0
920,greedy,3,1.6852,19.66,0,cpu,29,249,297.11,0.0,0.0
921,greedy,3,1.6874,19.66,0,cpu,21,211,211.61,0.0,0.0
922,greedy,3,1.6892,19.3,0,cpu,20,170,198.01,0.0,0.0
923,greedy,3,1.6907,19.52,0,cpu,19,138,189.22,0.0,0.0
924,greedy,3,1.6921,19.6,0,cpu,17,124,169.54,0.0,0.0
925,greedy,3,1.6936,19.6,0,cpu,16,144,159.63,0.0,0.0
926,greedy,3,1.6962,19.78,0,cpu,23,235,233.39,0.0,0.0
927,greedy,3,1.6982,19.66,0,cpu,21,186,210.76,0.0,0.0
928,greedy,3,1.7006,19.82,0,cpu,26,218,263.39,0.0,0.0
929,greedy,3,1.7019,19.6,0,cpu,14,126,139.79,0.0,0.0
930,greedy,3,1.7035,19.46,0,cpu,20,147,199.14,0.0,0.0
931,greedy,3,1.7072,19.86,0,cpu,33,327,336.77,0.0,0.0
932,greedy,3,1.7098,20.06,0,cpu,26,216,263.81,0.0,0.0
933,greedy,3,1.7104,19.7,0,cpu,8,70,73.29,0.0,0.0
934,greedy,3,1.7119,19.64,0,cpu,17,140,168.98,0.0,0.0
935,greedy,3,1.7134,19.84,0,cpu,20,144,199.47,0.0,0.0
936,greedy,3,1.7142,19.66,0,cpu,9,80,83.5,0.0,0.0
937,greedy,3,1.7179,20.1,0,cpu,33,320,336.54,0.0,0.0
938,greedy,3,1.7194,20.18,0,cpu,19,139,190.51,0.0,0.0
939,greedy,3,1.7219,20.34,0,cpu,29,224,294.46,0.0,0.0
940,greedy,3,1.723,20.04,0,cpu,15,109,147.57,0.0,0.0
941,greedy,3,1.7245,19.98,0,cpu,19,144,188.56,0.0,0.0
942,greedy,3,1.7263,19.96,0,cpu,15,166,148.5,0.0,0.0
943,greedy,3,1.7304,20.46,0,cpu,41,346,422.16,0.0,0.0
944,greedy,3,1.7324,20.56,0,cpu,23,180,232.44,0.0,0.0
945,greedy,3,1.7334,20.5,0,cpu,13,92,127.02,0.0,0.0
946,greedy,3,1.7351,20.64,0,cpu,21,153,210.79,0.0,0.0
947,greedy,3,1.7369,20.74,0,cpu,21,167,208.85,0.0,0.0
948,greedy,3,1.7387,20.72,0,cpu,19,184,191.56,0.0,0.0
949,greedy,3,1.74,20.72,0,cpu,16,120,158.07,0.0,0.0
950,greedy,3,1.7436,20.78,0,cpu,30,316,306.85,0.0,0.0
951,greedy,3,1.7452,20.78,0,cpu,21,147,209.25,0.0,0.0
952,greedy,3,1.7461,20.68,0,cpu,11,81,106.01,0.0,0.0
953,greedy,3,1.747,20.44,0,cpu,11,87,105.55,0.0,0.0
954,greedy,3,1.7513,20.62,0,cpu,31,372,315.0,0.0,0.0
955,greedy,3,1.753,20.34,0,cpu,18,160,179.89,0.0,0.0
956,greedy,3,1.7564,20.74,0,cpu,34,287,347.28,0.0,0.0
957,greedy,3,1.7576,20.68,0,cpu,16,110,157.17,0.0,0.0
958,greedy,3,1.7591,20.5,0,cpu,19,133,189.77,0.0,0.0
959,greedy,3,1.7616,20.46,0,cpu,22,225,221.78,0.0,0.0
960,greedy,3,1.7628,20.36,0,cpu,16,111,157.66,0.0,0.0
961,greedy,3,1.7648,20.38,0,cpu,24,179,241.26,0.0,0.0
962,greedy,3,1.7664,20.52,0,cpu,19,152,191.08,0.0,0.0
963,greedy,3,1.7693,20.58,0,cpu,27,261,274.17,0.0,0.0
964,greedy,3,1.771,20.58,0,cpu,14,168,137.97,0.0,0.0
965,greedy,3,1.7719,20.26,0,cpu,10,100,97.41,0.0,0.0
966,greedy,3,1.7726,20.12,0,cpu,11,68,104.64,0.0,0.0
967,greedy,3,1.7739,20.1,0,cpu,19,116,188.24,0.0,0.0
968,greedy,3,1.7763,20.28,0,cpu,27,202,274.46,0.0,0.0
969,greedy,3,1.7784,20.54,0,cpu,24,180,240.75,0.0,0.0
970,greedy,3,1.78,20.3,0,cpu,17,163,168.25,0.0,0.0
971,greedy,3,1.7812,20.2,0,cpu,16,113,156.24,0.0,0.0
972,greedy,3,1.7843,20.36,0,cpu,28,276,283.63,0.0,0.0
973,greedy,3,1.7861,20.36,0,cpu,19,157,191.93,0.0,0.0
974,greedy,3,1.7874,20.36,0,cpu,17,122,169.16,0.0,0.0
975,greedy,3,1.7906,20.58,0,cpu,27,290,272.98,0.0,0.0
976,greedy,3,1.7948,20.82,0,cpu,35,364,356.72,0.0,0.0
977,greedy,3,1.7988,21.14,0,cpu,37,357,377.51,0.0,0.0
978,greedy,3,1.7999,20.92,0,cpu,15,101,146.65,0.0,0.0
979,greedy,3,1.8015,21.02,0,cpu,19,139,189.31,0.0,0.0
980,greedy,3,1.8041,21.18,0,cpu,28,232,284.67,0.0,0.0
981,greedy,3,1.8053,20.84,0,cpu,16,114,156.73,0.0,0.0
982,greedy,3,1.8059,20.52,0,cpu,10,59,92.92,0.0,0.0
983,greedy,3,1.809,20.86,0,cpu,25,293,255.43,0.0,0.0
984,greedy,3,1.8109,20.96,0,cpu,22,156,219.57,0.0,0.0
985,greedy,3,1.8126,20.96,0,cpu,20,166,200.05,0.0,0.0
986,greedy,3,1.814,21.14,0,cpu,18,135,179.44,0.0,0.0
987,greedy,3,1.8159,20.86,0,cpu,19,173,187.97,0.0,0.0
988,greedy,3,1.8185,21.1,0,cpu,31,209,313.73,0.0,0.0
989,greedy,3,1.8198,20.84,0,cpu,16,126,158.61,0.0,0.0
990,greedy,3,1.821,20.86,0,cpu,16,121,155.76,0.0,0.0
991,greedy,3,1.8222,20.76,0,cpu,14,111,134.44,0.0,0.0
992,greedy,3,1.8259,21.12,0,cpu,33,323,333.81,0.0,0.0
993,greedy,3,1.8282,20.88,0,cpu,29,189,290.51,0.0,0.0
994,greedy,3,1.8295,20.76,0,cpu,17,123,169.05,0.0,0.0
995,greedy,3,1.8323,21.06,0,cpu,28,260,285.39,0.0,0.0
996,greedy,3,1.8339,21.02,0,cpu,19,147,189.03,0.0,0.0
997,greedy,3,1.8359,21.02,0,cpu,21,186,209.76,0.0,0.0
998,greedy,3,1.8373,21.0,0,cpu,18,129,179.7,0.0,0.0
999,greedy,3,1.8384,20.96,0,cpu,14,111,138.24,0.0,0.0
1000,greedy,3,1.8394,20.64,0,cpu,14,102,136.63,0.0,0.0
1001,greedy,3,1.841,20.56,0,cpu,17,152,169.66,0.0,0.0
1002,greedy,3,1.8425,20.7,0,cpu,18,129,178.7,0.0,0.0
1003,greedy,3,1.845,21.02,0,cpu,27,223,276.15,0.0,0.0
1004,greedy,3,1.8459,20.68,0,cpu,14,83,135.32,0.0,0.0
1005,greedy,3,1.8465,20.48,0,cpu,8,60,73.99,0.0,0.0
1006,greedy,3,1.8475,20.1,0,cpu,15,99,146.87,0.0,0.0
1007,greedy,3,1.8487,20.04,0,cpu,13,111,128.53,0.0,0.0
1008,greedy,3,1.8509,20.16,0,cpu,25,193,252.63,0.0,0.0
1009,greedy,3,1.8526,20.06,0,cpu,17,167,169.01,0.0,0.0
1010,greedy,3,1.8537,20.0,0,cpu,13,107,125.97,0.0,0.0
1011,greedy,3,1.857,20.2,0,cpu,34,270,342.95,0.0,0.0
1012,greedy,3,1.858,20.1,0,cpu,14,92,136.33,0.0,0.0
1013,greedy,3,1.8588,19.76,0,cpu,10,77,95.94,0.0,0.0
1014,greedy,3,1.8604,19.84,0,cpu,18,146,180.83,0.0,0.0
1015,greedy,3,1.8616,19.94,0,cpu,15,124,144.92,0.0,0.0
1016,greedy,3,1.8646,20.24,0,cpu,26,286,262.91,0.0,0.0
1017,greedy,3,1.8686,20.64,0,cpu,39,331,394.79,0.0,0.0
1018,greedy,3,1.8703,20.52,0,cpu,21,156,212.06,0.0,0.0
1019,greedy,3,1.8731,20.52,0,cpu,24,259,243.46,0.0,0.0
1020,greedy,3,1.8744,20.52,0,cpu,17,119,168.29,0.0,0.0
1021,greedy,3,1.8765,20.66,0,cpu,23,180,231.44,0.0,0.0
1022,greedy,3,1.8801,20.8,0,cpu,35,313,356.73,0.0,0.0
1023,greedy,3,1.8814,20.74,0,cpu,16,126,158.61,0.0,0.0
1024,greedy,3,1.8836,20.84,0,cpu,22,213,219.9,0.0,0.0
1025,greedy,3,1.8857,20.74,0,cpu,22,183,220.8,0.0,0.0
1026,greedy,3,1.8874,20.44,0,cpu,20,163,200.38,0.0,0.0
1027,greedy,3,1.8893,20.1,0,cpu,20,174,201.17,0.0,0.0
1028,greedy,3,1.8909,20.24,0,cpu,22,140,219.53,0.0,0.0
1029,greedy,3,1.8923,20.14,0,cpu,14,132,137.53,0.0,0.0
1030,greedy,3,1.8934,19.88,0,cpu,15,103,147.23,0.0,0.0
1031,greedy,3,1.8955,20.12,0,cpu,28,184,282.75,0.0,0.0
1032,greedy,3,1.8991,20.62,0,cpu,35,301,356.65,0.0,0.0
1033,greedy,3,1.9003,20.4,0,cpu,14,116,138.09,0.0,0.0
1034,greedy,3,1.9022,20.38,0,cpu,21,172,211.7,0.0,0.0
1035,greedy,3,1.9037,20.38,0,cpu,20,139,200.42,0.0,0.0
1036,greedy,3,1.9069,20.68,0,cpu,33,280,336.54,0.0,0.0
1037,greedy,3,1.9086,20.72,0,cpu,21,155,210.37,0.0,0.0
1038,greedy,3,1.9116,20.58,0,cpu,24,284,243.51,0.0,0.0
1039,greedy,3,1.9122,20.4,0,cpu,7,63,64.75,0.0,0.0
1040,greedy,3,1.9151,20.78,0,cpu,35,234,354.42,0.0,0.0
1041,greedy,3,1.9176,21.04,0,cpu,27,226,274.82,0.0,0.0
1042,greedy,3,1.9186,20.7,0,cpu,16,92,155.95,0.0,0.0
1043,greedy,3,1.9198,20.34,0,cpu,11,119,106.63,0.0,0.0
1044,greedy,3,1.9215,20.4,0,cpu,20,163,201.18,0.0,0.0
1045,greedy,3,1.9243,20.48,0,cpu,32,246,327.37,0.0,0.0
1046,greedy,3,1.9265,20.5,0,cpu,20,206,203.05,0.0,0.0
1047,greedy,3,1.9279,20.38,0,cpu,15,129,149.97,0.0,0.0
1048,greedy,3,1.9309,20.64,0,cpu,31,268,314.24,0.0,0.0
1049,greedy,3,1.9327,20.8,0,cpu,22,161,217.42,0.0,0.0
1050,greedy,3,1.9352,21.02,0,cpu,25,210,253.56,0.0,0.0
1051,greedy,3,1.9366,21.04,0,cpu,18,133,179.46,0.0,0.0
1052,greedy,3,1.9385,21.1,0,cpu,21,163,207.89,0.0,0.0
1053,greedy,3,1.9408,21.06,0,cpu,25,201,252.95,0.0,0.0
1054,greedy,3,1.9425,21.22,0,cpu,22,151,220.52,0.0,0.0
1055,greedy,3,1.944,21.4,0,cpu,17,136,168.02,0.0,0.0
1056,greedy,3,1.9456,21.54,0,cpu,22,141,218.62,0.0,0.0
1057,greedy,3,1.9485,21.88,0,cpu,30,262,305.39,0.0,0.0
1058,greedy,3,1.9505,21.84,0,cpu,23,182,232.22,0.0,0.0
1059,greedy,3,1.9516,21.78,0,cpu,14,106,137.99,0.0,0.0
1060,greedy,3,1.9548,22.1,0,cpu,29,298,295.72,0.0,0.0
1061,greedy,3,1.9562,21.82,0,cpu,20,130,198.41,0.0,0.0
1062,greedy,3,1.9595,22.14,0,cpu,30,293,310.98,0.0,0.0
1063,greedy,3,1.9607,22.22,0,cpu,14,108,137.37,0.0,0.0
1064,greedy,3,1.9629,22.34,0,cpu,24,210,242.25,0.0,0.0
1065,greedy,3,1.964,22.32,0,cpu,14,99,135.96,0.0,0.0
1066,greedy,3,1.9689,22.64,0,cpu,42,402,432.71,0.0,0.0
1067,greedy,3,1.9701,22.16,0,cpu,15,116,147.8,0.0,0.0
1068,greedy,3,1.9719,22.14,0,cpu,20,173,200.08,0.0,0.0
1069,greedy,3,1.9743,22.1,0,cpu,22,232,221.61,0.0,0.0
1070,greedy,3,1.9761,22.14,0,cpu,19,164,190.36,0.0,0.0
1071,greedy,3,1.9778,22.06,0,cpu,19,160,190.8,0.0,0.0
1072,greedy,3,1.9799,21.86,0,cpu,25,186,253.0,0.0,0.0
1073,greedy,3,1.9817,21.94,0,cpu,20,171,200.9,0.0,0.0
1074,greedy,3,1.9861,22.2,0,cpu,35,377,356.89,0.0,0.0
1075,greedy,3,1.9868,21.98,0,cpu,11,72,104.0,0.0,0.0
1076,greedy,3,1.9873,21.74,0,cpu,8,49,73.6,0.0,0.0
1077,greedy,3,1.9899,21.9,0,cpu,28,234,283.85,0.0,0.0
1078,greedy,3,1.9934,22.08,0,cpu,31,310,318.62,0.0,0.0
1079,greedy,3,1.996,22.3,0,cpu,25,233,253.23,0.0,0.0
1080,greedy,3,1.9971,22.28,0,cpu,14,105,136.3,0.0,0.0
1081,greedy,3,1.9987,22.08,0,cpu,18,141,177.78,0.0,0.0
1082,greedy,3,2.0013,21.92,0,cpu,27,227,271.11,0.0,0.0
1083,greedy,3,2.0038,22.12,0,cpu,24,230,239.25,0.0,0.0
1084,greedy,3,2.0057,22.12,0,cpu,21,184,210.38,0.0,0.0
1085,greedy,3,2.0088,22.28,0,cpu,28,288,287.31,0.0,0.0
1086,greedy,3,2.0105,22.04,0,cpu,21,146,209.96,0.0,0.0
1087,greedy,3,2.012,21.94,0,cpu,16,146,158.61,0.0,0.0
1088,greedy,3,2.014,21.92,0,cpu,23,179,232.95,0.0,0.0
1089,greedy,3,2.0147,21.98,0,cpu,10,74,95.27,0.0,0.0
1090,greedy,3,2.0157,21.56,0,cpu,14,92,136.13,0.0,0.0
1091,greedy,3,2.0171,21.36,0,cpu,17,122,167.56,0.0,0.0
1092,greedy,3,2.0192,21.48,0,cpu,22,189,223.34,0.0,0.0
1093,greedy,3,2.0199,21.52,0,cpu,13,75,124.49,0.0,0.0
1094,greedy,3,2.0212,21.44,0,cpu,16,112,157.15,0.0,0.0
1095,greedy,3,2.0237,21.38,0,cpu,29,225,293.75,0.0,0.0
1096,greedy,3,2.0257,21.38,0,cpu,20,185,198.56,0.0,0.0
1097,greedy,3,2.0285,21.64,0,cpu,28,251,283.78,0.0,0.0
1098,greedy,3,2.0302,21.44,0,cpu,21,147,210.85,0.0,0.0
1099,greedy,3,2.032,21.38,0,cpu,19,172,191.48,0.0,0.0
1100,greedy,3,2.0335,21.2,0,cpu,16,141,158.76,0.0,0.0
1101,greedy,3,2.0339,20.98,0,cpu,7,39,62.79,0.0,0.0
1102,greedy,3,2.0352,20.9,0,cpu,17,118,168.6,0.0,0.0
1103,greedy,3,2.0365,20.7,0,cpu,15,127,146.79,0.0,0.0
1104,greedy,3,2.0375,20.5,0,cpu,12,98,116.45,0.0,0.0
1105,greedy,3,2.0391,20.54,0,cpu,19,157,189.93,0.0,0.0
1106,greedy,3,2.0402,20.44,0,cpu,17,93,165.95,0.0,0.0
1107,greedy,3,2.0422,20.24,0,cpu,20,189,199.72,0.0,0.0
1108,greedy,3,2.044,20.16,0,cpu,19,170,190.1,0.0,0.0
1109,greedy,3,2.0463,20.42,0,cpu,27,200,272.08,0.0,0.0
1110,greedy,3,2.0472,20.08,0,cpu,12,92,116.51,0.0,0.0
1111,greedy,3,2.0491,20.08,0,cpu,20,175,202.06,0.0,0.0
1112,greedy,3,2.0523,20.02,0,cpu,27,289,275.89,0.0,0.0
1113,greedy,3,2.0542,20.2,0,cpu,23,171,232.43,0.0,0.0
1114,greedy,3,2.0554,20.02,0,cpu,15,112,147.84,0.0,0.0
1115,greedy,3,2.0563,20.04,0,cpu,15,88,145.28,0.0,0.0
1116,greedy,3,2.0581,19.56,0,cpu,18,160,179.69,0.0,0.0
1117,greedy,3,2.0601,19.74,0,cpu,24,173,242.32,0.0,0.0
1118,greedy,3,2.061,19.62,0,cpu,14,80,134.85,0.0,0.0
1119,greedy,3,2.0626,19.52,0,cpu,17,156,169.22,0.0,0.0
1120,greedy,3,2.064,19.48,0,cpu,17,131,168.97,0.0,0.0
1121,greedy,3,2.0667,19.68,0,cpu,29,240,297.3,0.0,0.0
1122,greedy,3,2.0687,19.62,0,cpu,22,172,221.81,0.0,0.0
1123,greedy,3,2.0713,19.76,0,cpu,27,245,273.73,0.0,0.0
1124,greedy,3,2.0735,19.6,0,cpu,27,199,272.99,0.0,0.0
1125,greedy,3,2.0747,19.66,0,cpu,14,111,137.64,0.0,0.0
1126,greedy,3,2.0764,19.86,0,cpu,18,155,180.44,0.0,0.0
1127,greedy,3,2.0778,19.64,0,cpu,17,129,169.99,0.0,0.0
1128,greedy,3,2.0787,19.28,0,cpu,13,88,126.06,0.0,0.0
1129,greedy,3,2.0813,19.3,0,cpu,26,247,264.8,0.0,0.0
1130,greedy,3,2.084,19.56,0,cpu,27,239,273.19,0.0,0.0
1131,greedy,3,2.0861,19.64,0,cpu,22,187,218.16,0.0,0.0
1132,greedy,3,2.0892,19.74,0,cpu,32,275,324.78,0.0,0.0
1133,greedy,3,2.0901,19.52,0,cpu,13,84,125.5,0.0,0.0
1134,greedy,3,2.0914,19.42,0,cpu,16,127,159.1,0.0,0.0
1135,greedy,3,2.0927,19.2,0,cpu,17,113,167.15,0.0,0.0
1136,greedy,3,2.0949,19.3,0,cpu,26,186,261.91,0.0,0.0
1137,greedy,3,2.0967,19.46,0,cpu,24,166,241.29,0.0,0.0
1138,greedy,3,2.0987,19.48,0,cpu,24,185,243.2,0.0,0.0
1139,greedy,3,2.1028,20.06,0,cpu,39,339,399.11,0.0,0.0
1140,greedy,3,2.1037,19.98,0,cpu,10,87,94.64,0.0,0.0
1141,greedy,3,2.1064,20.2,0,cpu,28,247,285.22,0.0,0.0
1142,greedy,3,2.1082,20.1,0,cpu,17,174,169.84,0.0,0.0
1143,greedy,3,2.1092,20.06,0,cpu,11,98,107.34,0.0,0.0
1144,greedy,3,2.1122,20.42,0,cpu,34,252,345.53,0.0,0.0
1145,greedy,3,2.113,20.06,0,cpu,11,77,105.85,0.0,0.0
1146,greedy,3,2.115,20.04,0,cpu,19,190,192.7,0.0,0.0
1147,greedy,3,2.1164,19.84,0,cpu,18,130,179.19,0.0,0.0
1148,greedy,3,2.1182,19.86,0,cpu,22,160,219.93,0.0,0.0
1149,greedy,3,2.1203,19.98,0,cpu,25,194,254.92,0.0,0.0
1150,greedy,3,2.1218,20.04,0,cpu,19,127,188.43,0.0,0.0
1151,greedy,3,2.1239,20.48,0,cpu,29,179,291.81,0.0,0.0
1152,greedy,3,2.1258,20.52,0,cpu,19,169,191.01,0.0,0.0
1153,greedy,3,2.1274,20.56,0,cpu,17,159,169.49,0.0,0.0
1154,greedy,3,2.1286,20.62,0,cpu,15,122,148.34,0.0,0.0
1155,greedy,3,2.1299,20.6,0,cpu,18,115,178.04,0.0,0.0
1156,greedy,3,2.1313,20.6,0,cpu,17,132,169.66,0.0,0.0
1157,greedy,3,2.1335,20.7,0,cpu,25,203,253.13,0.0,0.0
1158,greedy,3,2.1352,20.6,0,cpu,14,152,141.13,0.0,0.0
1159,greedy,3,2.1374,20.52,0,cpu,23,199,230.55,0.0,0.0
1160,greedy,3,2.1383,20.52,0,cpu,12,91,115.62,0.0,0.0
1161,greedy,3,2.1405,20.58,0,cpu,23,196,232.88,0.0,0.0
1162,greedy,3,2.1416,20.32,0,cpu,14,99,136.36,0.0,0.0
1163,greedy,3,2.1435,20.22,0,cpu,18,185,179.34,0.0,0.0
1164,greedy,3,2.145,20.3,0,cpu,19,139,187.11,0.0,0.0
1165,greedy,3,2.1464,20.42,0,cpu,21,126,208.36,0.0,0.0
1166,greedy,3,2.1492,20.64,0,cpu,29,253,296.27,0.0,0.0
1167,greedy,3,2.1503,20.44,0,cpu,14,97,136.98,0.0,0.0
1168,greedy,3,2.1522,20.58,0,cpu,21,180,212.62,0.0,0.0
1169,greedy,3,2.1546,20.74,0,cpu,25,221,252.15,0.0,0.0
1170,greedy,3,2.1562,20.78,0,cpu,19,149,190.01,0.0,0.0
1171,greedy,3,2.1584,20.68,0,cpu,24,196,243.39,0.0,0.0
1172,greedy,3,2.1608,20.74,0,cpu,25,200,251.86,0.0,0.0
1173,greedy,3,2.1627,20.56,0,cpu,18,185,180.14,0.0,0.0
1174,greedy,3,2.1643,20.36,0,cpu,17,163,170.45,0.0,0.0
1175,greedy,3,2.1648,20.24,0,cpu,8,48,73.31,0.0,0.0
1176,greedy,3,2.1697,20.74,0,cpu,43,406,442.98,0.0,0.0
1177,greedy,3,2.1716,20.82,0,cpu,21,161,209.11,0.0,0.0
1178,greedy,3,2.1738,21.02,0,cpu,23,193,231.61,0.0,0.0
1179,greedy,3,2.1764,20.98,0,cpu,24,219,240.26,0.0,0.0
1180,greedy,3,2.1794,21.1,0,cpu,33,243,335.61,0.0,0.0
1181,greedy,3,2.1828,21.3,0,cpu,32,294,326.29,0.0,0.0
1182,greedy,3,2.185,21.08,0,cpu,21,186,213.16,0.0,0.0
1183,greedy,3,2.1859,21.06,0,cpu,12,93,115.4,0.0,0.0
1184,greedy,3,2.1879,21.18,0,cpu,22,179,220.64,0.0,0.0
1185,greedy,3,2.189,21.12,0,cpu,14,99,136.96,0.0,0.0
1186,greedy,3,2.1923,21.2,0,cpu,30,287,303.04,0.0,0.0
1187,greedy,3,2.1937,21.04,0,cpu,16,118,157.29,0.0,0.0
1188,greedy,3,2.194,20.66,0,cpu,5,29,41.67,0.0,0.0
1189,greedy,3,2.1981,20.6,0,cpu,36,369,369.68,0.0,0.0
1190,greedy,3,2.1992,20.66,0,cpu,13,100,125.94,0.0,0.0
1191,greedy,3,2.2007,20.4,0,cpu,15,120,149.36,0.0,0.0
1192,greedy,3,2.2026,20.44,0,cpu,19,144,189.96,0.0,0.0
1193,greedy,3,2.2032,20.38,0,cpu,8,55,73.74,0.0,0.0
1194,greedy,3,2.2058,20.2,0,cpu,25,250,254.16,0.0,0.0
1195,greedy,3,2.207,20.26,0,cpu,14,114,138.11,0.0,0.0
1196,greedy,3,2.2094,20.32,0,cpu,22,215,224.28,0.0,0.0
1197,greedy,3,2.2103,20.16,0,cpu,10,82,95.39,0.0,0.0
1198,greedy,3,2.213,20.22,0,cpu,25,244,252.02,0.0,0.0
1199,greedy,3,2.2148,20.12,0,cpu,20,164,201.67,0.0,0.0
1200,greedy,3,2.2166,20.14,0,cpu,20,160,199.31,0.0,0.0
1201,greedy,3,2.2172,19.76,0,cpu,10,52,93.29,0.0,0.0
1202,greedy,3,2.2187,19.74,0,cpu,18,127,178.72,0.0,0.0
1203,greedy,3,2.221,19.78,0,cpu,19,230,192.3,0.0,0.0
1204,greedy,3,2.225,20.36,0,cpu,44,302,445.93,0.0,0.0
1205,greedy,3,2.2257,20.22,0,cpu,11,63,104.59,0.0,0.0
1206,greedy,3,2.2263,20.04,0,cpu,8,59,74.1,0.0,0.0
1207,greedy,3,2.229,20.06,0,cpu,26,239,263.48,0.0,0.0
1208,greedy,3,2.2314,20.36,0,cpu,29,207,292.33,0.0,0.0
1209,greedy,3,2.2338,20.44,0,cpu,27,213,274.05,0.0,0.0
1210,greedy,3,2.2359,20.64,0,cpu,22,183,222.8,0.0,0.0
1211,greedy,3,2.2367,20.44,0,cpu,13,81,125.83,0.0,0.0
1212,greedy,3,2.2384,20.52,0,cpu,18,154,177.75,0.0,0.0
1213,greedy,3,2.2389,20.28,0,cpu,6,55,53.32,0.0,0.0
1214,greedy,3,2.2409,20.32,0,cpu,21,179,209.13,0.0,0.0
1215,greedy,3,2.242,20.18,0,cpu,14,108,137.97,0.0,0.0
1216,greedy,3,2.2438,19.96,0,cpu,18,154,179.55,0.0,0.0
1217,greedy,3,2.246,20.18,0,cpu,25,195,252.81,0.0,0.0
1218,greedy,3,2.2483,20.26,0,cpu,25,212,254.74,0.0,0.0
1219,greedy,3,2.2502,20.2,0,cpu,22,164,220.29,0.0,0.0
1220,greedy,3,2.2519,20.2,0,cpu,19,152,188.08,0.0,0.0
1221,greedy,3,2.2529,19.96,0,cpu,12,108,116.75,0.0,0.0
1222,greedy,3,2.2546,19.86,0,cpu,20,156,202.15,0.0,0.0
1223,greedy,3,2.256,19.82,0,cpu,16,133,159.04,0.0,0.0
1224,greedy,3,2.2579,19.84,0,cpu,18,183,178.16,0.0,0.0
1225,greedy,3,2.259,19.96,0,cpu,14,104,137.81,0.0,0.0
1226,greedy,3,2.2601,19.34,0,cpu,12,109,114.44,0.0,0.0
1227,greedy,3,2.2618,19.32,0,cpu,20,161,199.8,0.0,0.0
1228,greedy,3,2.2627,19.12,0,cpu,13,83,124.61,0.0,0.0
1229,greedy,3,2.2648,19.14,0,cpu,25,195,251.41,0.0,0.0
1230,greedy,3,2.2659,18.82,0,cpu,17,108,166.9,0.0,0.0
1231,greedy,3,2.2683,18.6,0,cpu,21,197,207.75,0.0,0.0
1232,greedy,3,2.2701,18.56,0,cpu,19,156,189.04,0.0,0.0
1233,greedy,3,2.2719,18.7,0,cpu,19,155,190.75,0.0,0.0
1234,greedy,3,2.2745,18.8,0,cpu,27,217,274.81,0.0,0.0
1235,greedy,3,2.2756,18.8,0,cpu,14,106,137.19,0.0,0.0
1236,greedy,3,2.2779,18.68,0,cpu,24,176,242.39,0.0,0.0
1237,greedy,3,2.28,18.8,0,cpu,22,177,219.86,0.0,0.0
1238,greedy,3,2.2832,19.32,0,cpu,31,261,317.21,0.0,0.0
1239,greedy,3,2.2858,19.08,0,cpu,24,210,242.45,0.0,0.0
1240,greedy,3,2.2874,19.12,0,cpu,15,142,148.54,0.0,0.0
1241,greedy,3,2.2901,19.34,0,cpu,26,235,263.12,0.0,0.0
1242,greedy,3,2.2947,19.68,0,cpu,36,390,367.97,0.0,0.0
1243,greedy,3,2.296,19.82,0,cpu,15,114,147.82,0.0,0.0
1244,greedy,3,2.2975,19.72,0,cpu,20,128,198.43,0.0,0.0
1245,greedy,3,2.3001,20.02,0,cpu,29,217,293.23,0.0,0.0
1246,greedy,3,2.3019,19.96,0,cpu,19,144,190.76,0.0,0.0
1247,greedy,3,2.3033,20.1,0,cpu,17,136,169.82,0.0,0.0
1248,greedy,3,2.3055,20.04,0,cpu,22,190,221.43,0.0,0.0
1249,greedy,3,2.3074,19.98,0,cpu,17,174,172.64,0.0,0.0
1250,greedy,3,2.3107,20.14,0,cpu,28,286,288.13,0.0,0.0
1251,greedy,3,2.3142,20.58,0,cpu,32,300,325.43,0.0,0.0
1252,greedy,3,2.3168,20.8,0,cpu,29,210,293.8,0.0,0.0
1253,greedy,3,2.3218,21.1,0,cpu,34,349,346.26,0.0,0.0
1254,greedy,3,2.3234,20.48,0,cpu,13,105,127.79,0.0,0.0
1255,greedy,3,2.3254,20.7,0,cpu,22,150,219.63,0.0,0.0
1256,greedy,3,2.3293,21.04,0,cpu,25,227,251.09,0.0,0.0
1257,greedy,3,2.331,20.86,0,cpu,17,138,168.8,0.0,0.0
1258,greedy,3,2.3321,20.52,0,cpu,12,102,116.01,0.0,0.0
1259,greedy,3,2.3332,20.2,0,cpu,11,72,103.6,0.0,0.0
1260,greedy,3,2.3362,20.38,0,cpu,31,217,314.85,0.0,0.0
1261,greedy,3,2.3376,20.4,0,cpu,14,123,138.92,0.0,0.0
1262,greedy,3,2.3393,20.38,0,cpu,17,159,168.89,0.0,0.0
1263,greedy,3,2.3422,20.76,0,cpu,25,194,251.92,0.0,0.0
1264,greedy,3,2.345,20.82,0,cpu,24,193,240.32,0.0,0.0
1265,greedy,3,2.3467,20.9,0,cpu,18,143,179.16,0.0,0.0
1266,greedy,3,2.3522,21.4,0,cpu,43,451,443.43,0.0,0.0
1267,greedy,3,2.3532,21.18,0,cpu,14,95,136.6,0.0,0.0
1268,greedy,3,2.3555,21.18,0,cpu,25,206,254.6,0.0,0.0
1269,greedy,3,2.3573,21.1,0,cpu,18,171,181.08,0.0,0.0
1270,greedy,3,2.3598,21.18,0,cpu,23,213,234.61,0.0,0.0
1271,greedy,3,2.3617,21.3,0,cpu,18,173,181.66,0.0,0.0
1272,greedy,3,2.3642,21.38,0,cpu,24,223,245.02,0.0,0.0
1273,greedy,3,2.3661,21.52,0,cpu,23,153,230.61,0.0,0.0
1274,greedy,3,2.3691,21.76,0,cpu,30,255,306.56,0.0,0.0
1275,greedy,3,2.3702,21.78,0,cpu,15,104,146.72,0.0,0.0
1276,greedy,3,2.3723,21.92,0,cpu,19,192,189.88,0.0,0.0
1277,greedy,3,2.3767,22.28,0,cpu,38,351,387.88,0.0,0.0
1278,greedy,3,2.3785,22.48,0,cpu,23,163,230.11,0.0,0.0
1279,greedy,3,2.3798,22.3,0,cpu,16,120,157.87,0.0,0.0
1280,greedy,3,2.381,22.28,0,cpu,16,110,158.37,0.0,0.0
1281,greedy,3,2.3833,22.3,0,cpu,22,207,219.96,0.0,0.0
1282,greedy,3,2.388,22.72,0,cpu,40,398,411.13,0.0,0.0
1283,greedy,3,2.3898,22.7,0,cpu,18,167,179.92,0.0,0.0
1284,greedy,3,2.3907,22.38,0,cpu,11,93,107.29,0.0,0.0
1285,greedy,3,2.3942,22.8,0,cpu,35,275,359.11,0.0,0.0
1286,greedy,3,2.3984,23.04,0,cpu,36,362,368.25,0.0,0.0
1287,greedy,3,2.4,22.96,0,cpu,18,149,178.1,0.0,0.0
1288,greedy,3,2.4026,22.88,0,cpu,27,224,269.64,0.0,0.0
1289,greedy,3,2.4035,22.66,0,cpu,13,91,126.53,0.0,0.0
1290,greedy,3,2.4048,22.66,0,cpu,15,117,146.09,0.0,0.0
1291,greedy,3,2.4071,22.64,0,cpu,25,200,252.66,0.0,0.0
1292,greedy,3,2.4085,22.24,0,cpu,16,131,158.46,0.0,0.0
1293,greedy,3,2.4102,22.34,0,cpu,20,147,199.94,0.0,0.0
1294,greedy,3,2.4127,22.38,0,cpu,22,250,221.83,0.0,0.0
1295,greedy,3,2.4145,22.2,0,cpu,20,160,199.31,0.0,0.0
1296,greedy,3,2.4164,22.22,0,cpu,20,177,202.44,0.0,0.0
1297,greedy,3,2.4185,22.34,0,cpu,23,182,231.02,0.0,0.0
1298,greedy,3,2.4194,22.1,0,cpu,10,82,95.99,0.0,0.0
1299,greedy,3,2.4202,22.02,0,cpu,13,74,125.4,0.0,0.0
1300,greedy,3,2.4228,22.02,0,cpu,28,204,284.35,0.0,0.0
1301,greedy,3,2.4244,21.72,0,cpu,17,126,168.92,0.0,0.0
1302,greedy,3,2.4256,21.46,0,cpu,16,109,156.88,0.0,0.0
1303,greedy,3,2.4282,21.32,0,cpu,27,229,271.89,0.0,0.0
1304,greedy,3,2.4302,21.44,0,cpu,19,188,189.92,0.0,0.0
1305,greedy,3,2.432,21.4,0,cpu,20,172,199.79,0.0,0.0
1306,greedy,3,2.434,21.24,0,cpu,17,188,167.7,0.0,0.0
1307,greedy,3,2.4359,21.28,0,cpu,19,171,187.99,0.0,0.0
1308,greedy,3,2.4375,21.44,0,cpu,20,149,201.12,0.0,0.0
1309,greedy,3,2.4392,21.68,0,cpu,23,154,231.5,0.0,0.0
1310,greedy,3,2.4411,21.5,0,cpu,22,176,218.17,0.0,0.0
1311,greedy,3,2.4422,21.5,0,cpu,14,92,135.93,0.0,0.0
1312,greedy,3,2.4453,21.8,0,cpu,32,264,325.59,0.0,0.0
1313,greedy,3,2.4471,21.72,0,cpu,21,167,212.25,0.0,0.0
1314,greedy,3,2.4485,21.6,0,cpu,18,128,179.41,0.0,0.0
1315,greedy,3,2.45,21.64,0,cpu,20,130,197.81,0.0,0.0
1316,greedy,3,2.453,21.36,0,cpu,29,267,294.53,0.0,0.0
1317,greedy,3,2.4561,21.72,0,cpu,32,267,326.06,0.0,0.0
1318,greedy,3,2.457,21.46,0,cpu,12,91,116.62,0.0,0.0
1319,greedy,3,2.4577,21.26,0,cpu,8,66,72.93,0.0,0.0
1320,greedy,3,2.4591,21.1,0,cpu,15,136,148.0,0.0,0.0
1321,greedy,3,2.4599,20.92,0,cpu,9,66,84.84,0.0,0.0
1322,greedy,3,2.4641,21.22,0,cpu,39,343,398.47,0.0,0.0
1323,greedy,3,2.4678,21.52,0,cpu,38,308,389.21,0.0,0.0
1324,greedy,3,2.4702,21.4,0,cpu,24,212,242.83,0.0,0.0
1325,greedy,3,2.4723,21.62,0,cpu,26,192,262.45,0.0,0.0
1326,greedy,3,2.4729,21.38,0,cpu,7,61,64.77,0.0,0.0
1327,greedy,3,2.4758,21.16,0,cpu,27,256,273.32,0.0,0.0
1328,greedy,3,2.4776,21.1,0,cpu,20,149,197.12,0.0,0.0
1329,greedy,3,2.4789,21.14,0,cpu,18,117,176.82,0.0,0.0
1330,greedy,3,2.4813,21.32,0,cpu,25,219,254.37,0.0,0.0
1331,greedy,3,2.4833,21.32,0,cpu,22,178,221.35,0.0,0.0
1332,greedy,3,2.4861,21.04,0,cpu,26,253,265.74,0.0,0.0
1333,greedy,3,2.4872,20.94,0,cpu,13,107,126.77,0.0,0.0
1334,greedy,3,2.489,21.1,0,cpu,19,168,191.92,0.0,0.0
1335,greedy,3,2.4909,20.86,0,cpu,23,172,233.12,0.0,0.0
1336,greedy,3,2.4935,20.72,0,cpu,29,211,293.09,0.0,0.0
1337,greedy,3,2.4945,20.62,0,cpu,13,104,126.9,0.0,0.0
1338,greedy,3,2.4967,20.58,0,cpu,25,190,253.16,0.0,0.0
1339,greedy,3,2.5003,21.0,0,cpu,34,305,346.5,0.0,0.0
1340,greedy,3,2.5027,21.22,0,cpu,26,209,263.78,0.0,0.0
1341,greedy,3,2.5043,21.04,0,cpu,16,151,160.06,0.0,0.0
1342,greedy,3,2.5069,21.3,0,cpu,29,224,294.06,0.0,0.0
1343,greedy,3,2.5077,21.06,0,cpu,8,83,72.66,0.0,0.0
1344,greedy,3,2.5108,21.22,0,cpu,30,263,304.88,0.0,0.0
1345,greedy,3,2.5133,21.36,0,cpu,27,232,277.16,0.0,0.0
1346,greedy,3,2.5158,21.56,0,cpu,30,219,305.72,0.0,0.0
1347,greedy,3,2.5177,21.52,0,cpu,21,169,210.03,0.0,0.0
1348,greedy,3,2.5193,21.68,0,cpu,18,154,179.95,0.0,0.0
1349,greedy,3,2.5203,21.64,0,cpu,11,98,105.74,0.0,0.0
1350,greedy,3,2.5221,21.48,0,cpu,20,173,200.68,0.0,0.0
1351,greedy,3,2.5238,21.56,0,cpu,21,160,211.62,0.0,0.0
1352,greedy,3,2.5252,21.58,0,cpu,17,129,168.79,0.0,0.0
1353,greedy,3,2.5292,21.78,0,cpu,37,330,379.08,0.0,0.0
1354,greedy,3,2.5309,21.84,0,cpu,22,155,221.08,0.0,0.0
1355,greedy,3,2.5314,21.6,0,cpu,8,47,73.02,0.0,0.0
1356,greedy,3,2.5327,21.6,0,cpu,17,118,167.0,0.0,0.0
1357,greedy,3,2.5341,21.54,0,cpu,16,130,158.97,0.0,0.0
1358,greedy,3,2.5359,21.54,0,cpu,20,165,202.76,0.0,0.0
1359,greedy,3,2.5376,21.52,0,cpu,22,150,220.63,0.0,0.0
1360,greedy,3,2.5394,21.44,0,cpu,18,172,179.97,0.0,0.0
1361,greedy,3,2.5412,21.6,0,cpu,22,169,220.74,0.0,0.0
1362,greedy,3,2.5445,21.64,0,cpu,34,268,344.77,0.0,0.0
1363,greedy,3,2.5459,21.56,0,cpu,17,131,168.97,0.0,0.0
1364,greedy,3,2.5481,21.64,0,cpu,22,206,222.47,0.0,0.0
1365,greedy,3,2.5494,21.6,0,cpu,18,122,179.27,0.0,0.0
1366,greedy,3,2.5519,21.54,0,cpu,26,221,265.06,0.0,0.0
1367,greedy,3,2.553,21.14,0,cpu,12,111,116.62,0.0,0.0
1368,greedy,3,2.5542,21.22,0,cpu,16,119,157.98,0.0,0.0
1369,greedy,3,2.5561,21.46,0,cpu,20,178,199.53,0.0,0.0
1370,greedy,3,2.5591,21.7,0,cpu,27,263,273.55,0.0,0.0
1371,greedy,3,2.5603,21.84,0,cpu,16,106,157.21,0.0,0.0
1372,greedy,3,2.5618,21.38,0,cpu,16,145,157.92,0.0,0.0
1373,greedy,3,2.5636,20.98,0,cpu,18,165,179.54,0.0,0.0
1374,greedy,3,2.5665,21.06,0,cpu,28,260,284.59,0.0,0.0
1375,greedy,3,2.569,21.06,0,cpu,26,220,263.17,0.0,0.0
1376,greedy,3,2.5723,21.46,0,cpu,27,299,272.19,0.0,0.0
1377,greedy,3,2.5733,21.18,0,cpu,13,99,125.65,0.0,0.0
1378,greedy,3,2.575,21.14,0,cpu,18,160,179.89,0.0,0.0
1379,greedy,3,2.5787,21.44,0,cpu,33,320,338.14,0.0,0.0
1380,greedy,3,2.5798,21.22,0,cpu,14,98,136.87,0.0,0.0
1381,greedy,3,2.5813,21.16,0,cpu,19,138,189.62,0.0,0.0
1382,greedy,3,2.5836,21.12,0,cpu,24,209,243.36,0.0,0.0
1383,greedy,3,2.5854,21.26,0,cpu,20,169,201.32,0.0,0.0
1384,greedy,3,2.5871,21.24,0,cpu,18,163,180.16,0.0,0.0
1385,greedy,3,2.59,21.4,0,cpu,31,245,316.17,0.0,0.0
1386,greedy,3,2.5924,21.28,0,cpu,23,219,232.95,0.0,0.0
1387,greedy,3,2.5947,21.56,0,cpu,27,199,272.99,0.0,0.0
1388,greedy,3,2.5966,21.54,0,cpu,24,162,240.13,0.0,0.0
1389,greedy,3,2.5972,20.98,0,cpu,6,65,53.02,0.0,0.0
1390,greedy,3,2.5996,20.92,0,cpu,23,211,228.83,0.0,0.0
1391,greedy,3,2.6018,21.02,0,cpu,21,194,210.28,0.0,0.0
1392,greedy,3,2.6032,20.84,0,cpu,20,130,198.81,0.0,0.0
1393,greedy,3,2.6054,21.16,0,cpu,24,206,243.69,0.0,0.0
1394,greedy,3,2.608,21.14,0,cpu,29,218,291.92,0.0,0.0
1395,greedy,3,2.609,20.88,0,cpu,14,94,136.91,0.0,0.0
1396,greedy,3,2.611,20.7,0,cpu,21,186,213.96,0.0,0.0
1397,greedy,3,2.6127,20.56,0,cpu,14,165,139.5,0.0,0.0
1398,greedy,3,2.6156,20.8,0,cpu,30,253,303.78,0.0,0.0
1399,greedy,3,2.6163,20.8,0,cpu,11,66,103.86,0.0,0.0
1400,greedy,3,2.6179,20.78,0,cpu,19,147,189.43,0.0,0.0
1401,greedy,3,2.6196,20.72,0,cpu,18,174,179.15,0.0,0.0
1402,greedy,3,2.623,20.98,0,cpu,30,306,308.55,0.0,0.0
1403,greedy,3,2.6239,20.44,0,cpu,10,103,96.48,0.0,0.0
1404,greedy,3,2.6267,20.58,0,cpu,29,239,292.81,0.0,0.0
1405,greedy,3,2.6274,20.64,0,cpu,11,72,104.6,0.0,0.0
1406,greedy,3,2.6283,20.52,0,cpu,11,85,105.37,0.0,0.0
1407,greedy,3,2.6293,20.46,0,cpu,13,85,126.39,0.0,0.0
1408,greedy,3,2.6316,20.54,0,cpu,24,205,242.4,0.0,0.0
1409,greedy,3,2.6342,20.66,0,cpu,28,205,285.44,0.0,0.0
1410,greedy,3,2.6361,20.64,0,cpu,17,162,168.76,0.0,0.0
1411,greedy,3,2.6385,20.68,0,cpu,24,199,242.26,0.0,0.0
1412,greedy,3,2.64,20.38,0,cpu,19,121,186.89,0.0,0.0
1413,greedy,3,2.6429,20.56,0,cpu,26,241,262.66,0.0,0.0
1414,greedy,3,2.645,20.56,0,cpu,22,186,222.27,0.0,0.0
1415,greedy,3,2.6465,20.56,0,cpu,18,136,179.33,0.0,0.0
1416,greedy,3,2.6476,20.28,0,cpu,12,106,116.77,0.0,0.0
1417,greedy,3,2.6486,20.32,0,cpu,14,83,135.92,0.0,0.0
1418,greedy,3,2.6509,20.5,0,cpu,25,190,251.36,0.0,0.0
1419,greedy,3,2.6522,20.36,0,cpu,13,121,127.43,0.0,0.0
1420,greedy,3,2.6551,20.44,0,cpu,31,251,317.11,0.0,0.0
1421,greedy,3,2.6571,20.54,0,cpu,21,168,211.54,0.0,0.0
1422,greedy,3,2.6585,20.5,0,cpu,14,141,136.74,0.0,0.0
1423,greedy,3,2.6601,20.44,0,cpu,15,127,148.39,0.0,0.0
1424,greedy,3,2.6604,19.96,0,cpu,4,29,31.76,0.0,0.0
1425,greedy,3,2.662,19.82,0,cpu,19,142,189.58,0.0,0.0
1426,greedy,3,2.6662,19.98,0,cpu,35,348,354.88,0.0,0.0
1427,greedy,3,2.6677,20.02,0,cpu,15,133,148.73,0.0,0.0
1428,greedy,3,2.67,20.2,0,cpu,27,172,269.16,0.0,0.0
1429,greedy,3,2.6728,20.0,0,cpu,23,254,233.5,0.0,0.0
1430,greedy,3,2.6751,20.14,0,cpu,21,208,212.94,0.0,0.0
1431,greedy,3,2.6771,20.16,0,cpu,20,156,201.75,0.0,0.0
1432,greedy,3,2.6789,20.0,0,cpu,16,171,157.66,0.0,0.0
1433,greedy,3,2.6806,20.04,0,cpu,22,147,218.36,0.0,0.0
1434,greedy,3,2.6817,19.94,0,cpu,13,107,124.97,0.0,0.0
1435,greedy,3,2.6843,19.9,0,cpu,29,213,294.67,0.0,0.0
1436,greedy,3,2.6887,20.28,0,cpu,42,349,431.94,0.0,0.0
1437,greedy,3,2.6907,20.16,0,cpu,21,180,211.02,0.0,0.0
1438,greedy,3,2.6914,19.86,0,cpu,9,70,85.4,0.0,0.0
1439,greedy,3,2.6942,20.22,0,cpu,24,251,244.14,0.0,0.0
1440,greedy,3,2.6979,20.48,0,cpu,36,315,366.62,0.0,0.0
1441,greedy,3,2.6984,20.24,0,cpu,9,53,83.67,0.0,0.0
1442,greedy,3,2.6997,20.18,0,cpu,17,124,168.94,0.0,0.0
1443,greedy,3,2.7007,19.9,0,cpu,10,93,97.18,0.0,0.0
1444,greedy,3,2.7019,19.58,0,cpu,13,99,126.45,0.0,0.0
1445,greedy,3,2.7036,19.7,0,cpu,20,165,199.96,0.0,0.0
1446,greedy,3,2.7059,19.72,0,cpu,22,212,221.21,0.0,0.0
1447,greedy,3,2.7068,19.68,0,cpu,12,79,115.74,0.0,0.0
1448,greedy,3,2.7096,19.64,0,cpu,28,246,282.53,0.0,0.0
1449,greedy,3,2.7114,19.76,0,cpu,17,167,170.01,0.0,0.0
1450,greedy,3,2.7126,19.68,0,cpu,15,112,146.04,0.0,0.0
1451,greedy,3,2.7143,19.76,0,cpu,22,147,220.56,0.0,0.0
1452,greedy,3,2.7153,19.44,0,cpu,14,91,136.84,0.0,0.0
1453,greedy,3,2.716,19.4,0,cpu,8,71,74.58,0.0,0.0
1454,greedy,3,2.7187,19.28,0,cpu,23,198,231.26,0.0,0.0
1455,greedy,3,2.7204,19.42,0,cpu,18,153,179.06,0.0,0.0
1456,greedy,3,2.7225,19.7,0,cpu,25,164,250.82,0.0,0.0
1457,greedy,3,2.7235,19.72,0,cpu,14,86,135.79,0.0,0.0
1458,greedy,3,2.7256,19.66,0,cpu,21,175,211.37,0.0,0.0
1459,greedy,3,2.7273,19.42,0,cpu,16,128,159.79,0.0,0.0
1460,greedy,3,2.7307,19.8,0,cpu,36,277,369.6,0.0,0.0
1461,greedy,3,2.7319,19.62,0,cpu,15,108,146.88,0.0,0.0
1462,greedy,3,2.7342,19.74,0,cpu,25,199,252.37,0.0,0.0
1463,greedy,3,2.7353,19.5,0,cpu,14,107,136.08,0.0,0.0
1464,greedy,3,2.7369,19.46,0,cpu,20,144,196.87,0.0,0.0
1465,greedy,3,2.7401,19.78,0,cpu,34,276,348.09,0.0,0.0
1466,greedy,3,2.7428,20.12,0,cpu,29,214,293.96,0.0,0.0
1467,greedy,3,2.7443,20.18,0,cpu,17,132,168.66,0.0,0.0
1468,greedy,3,2.7455,19.94,0,cpu,13,115,127.89,0.0,0.0
1469,greedy,3,2.7486,20.28,0,cpu,30,258,305.43,0.0,0.0
1470,greedy,3,2.7491,19.82,0,cpu,8,49,73.4,0.0,0.0
1471,greedy,3,2.751,19.78,0,cpu,19,168,191.92,0.0,0.0
1472,greedy,3,2.752,19.74,0,cpu,12,88,116.15,0.0,0.0
1473,greedy,3,2.7546,19.94,0,cpu,25,224,255.62,0.0,0.0
1474,greedy,3,2.7554,20.04,0,cpu,9,81,85.19,0.0,0.0
1475,greedy,3,2.7579,20.16,0,cpu,25,202,251.24,0.0,0.0
1476,greedy,3,2.7609,20.04,0,cpu,29,222,291.88,0.0,0.0
1477,greedy,3,2.7621,19.98,0,cpu,12,102,117.41,0.0,0.0
1478,greedy,3,2.7638,19.8,0,cpu,18,129,178.9,0.0,0.0
1479,greedy,3,2.7649,19.62,0,cpu,14,105,138.1,0.0,0.0
1480,greedy,3,2.7662,19.52,0,cpu,16,117,157.6,0.0,0.0
1481,greedy,3,2.7686,19.56,0,cpu,22,179,219.04,0.0,0.0
1482,greedy,3,2.7705,19.66,0,cpu,21,156,210.06,0.0,0.0
1483,greedy,3,2.7722,19.64,0,cpu,21,140,210.62,0.0,0.0
1484,greedy,3,2.7735,19.62,0,cpu,12,127,118.46,0.0,0.0
1485,greedy,3,2.7751,19.4,0,cpu,18,142,177.07,0.0,0.0
1486,greedy,3,2.777,18.88,0,cpu,16,149,157.08,0.0,0.0
1487,greedy,3,2.7816,19.1,0,cpu,32,291,325.22,0.0,0.0
1488,greedy,3,2.7834,19.26,0,cpu,17,134,168.24,0.0,0.0
1489,greedy,3,2.7863,19.18,0,cpu,20,149,199.72,0.0,0.0
1490,greedy,3,2.7887,18.84,0,cpu,19,177,190.93,0.0,0.0
1491,greedy,3,2.7914,19.12,0,cpu,23,213,232.21,0.0,0.0
1492,greedy,3,2.7935,19.12,0,cpu,17,122,168.16,0.0,0.0
1493,greedy,3,2.7962,19.46,0,cpu,27,223,270.75,0.0,0.0
1494,greedy,3,2.7978,19.52,0,cpu,16,157,159.8,0.0,0.0
1495,greedy,3,2.7992,19.38,0,cpu,13,107,126.17,0.0,0.0
1496,greedy,3,2.8019,19.4,0,cpu,23,186,232.78,0.0,0.0
1497,greedy,3,2.8034,19.5,0,cpu,17,124,168.54,0.0,0.0
1498,greedy,3,2.8056,19.36,0,cpu,21,190,211.32,0.0,0.0
1499,greedy,3,2.8098,19.7,0,cpu,34,285,346.1,0.0,0.0
1500,greedy,3,2.8114,19.76,0,cpu,18,139,179.4,0.0,0.0
1501,greedy,3,2.8129,19.64,0,cpu,16,143,160.14,0.0,0.0
1502,greedy,3,2.8146,19.78,0,cpu,21,149,209.23,0.0,0.0
1503,greedy,3,2.8167,20.04,0,cpu,21,182,212.0,0.0,0.0
1504,greedy,3,2.8188,20.02,0,cpu,22,160,220.53,0.0,0.0
1505,greedy,3,2.8212,20.18,0,cpu,26,214,262.23,0.0,0.0
1506,greedy,3,2.8246,20.24,0,cpu,28,298,286.41,0.0,0.0
1507,greedy,3,2.829,20.58,0,cpu,31,326,321.06,0.0,0.0
1508,greedy,3,2.8307,20.52,0,cpu,18,143,179.36,0.0,0.0
1509,greedy,3,2.8322,20.52,0,cpu,16,134,158.73,0.0,0.0
1510,greedy,3,2.8331,20.0,0,cpu,10,86,95.95,0.0,0.0
1511,greedy,3,2.8351,20.06,0,cpu,18,140,178.49,0.0,0.0
1512,greedy,3,2.8366,19.9,0,cpu,17,126,168.52,0.0,0.0
1513,greedy,3,2.8383,19.98,0,cpu,18,129,179.5,0.0,0.0
1514,greedy,3,2.8395,19.86,0,cpu,14,93,135.62,0.0,0.0
1515,greedy,3,2.8419,19.62,0,cpu,22,169,221.94,0.0,0.0
1516,greedy,3,2.8439,19.48,0,cpu,22,150,221.23,0.0,0.0
1517,greedy,3,2.8442,19.2,0,cpu,3,29,20.65,0.0,0.0
1518,greedy,3,2.847,19.52,0,cpu,29,228,296.22,0.0,0.0
1519,greedy,3,2.8497,19.46,0,cpu,27,219,272.99,0.0,0.0
1520,greedy,3,2.8516,19.6,0,cpu,15,149,149.57,0.0,0.0
1521,greedy,3,2.8547,19.78,0,cpu,28,266,285.13,0.0,0.0
1522,greedy,3,2.8565,19.94,0,cpu,20,144,199.67,0.0,0.0
1523,greedy,3,2.859,19.92,0,cpu,24,207,242.58,0.0,0.0
1524,greedy,3,2.8626,20.38,0,cpu,32,280,326.23,0.0,0.0
1525,greedy,3,2.8642,20.24,0,cpu,18,131,179.88,0.0,0.0
1526,greedy,3,2.8662,19.98,0,cpu,16,136,159.31,0.0,0.0
1527,greedy,3,2.8686,20.18,0,cpu,22,191,222.52,0.0,0.0
1528,greedy,3,2.8712,20.32,0,cpu,25,217,253.99,0.0,0.0
1529,greedy,3,2.8741,20.62,0,cpu,29,215,293.05,0.0,0.0
1530,greedy,3,2.8748,20.5,0,cpu,10,53,93.58,0.0,0.0
1531,greedy,3,2.8772,20.46,0,cpu,20,173,201.08,0.0,0.0
1532,greedy,3,2.8807,20.58,0,cpu,27,294,277.34,0.0,0.0
1533,greedy,3,2.8832,20.58,0,cpu,21,201,212.91,0.0,0.0
1534,greedy,3,2.8858,20.78,0,cpu,22,161,222.22,0.0,0.0
1535,greedy,3,2.8881,20.88,0,cpu,23,201,230.13,0.0,0.0
1536,greedy,3,2.8901,21.06,0,cpu,25,163,250.33,0.0,0.0
1537,greedy,3,2.8916,20.74,0,cpu,16,131,158.26,0.0,0.0
1538,greedy,3,2.8948,20.96,0,cpu,28,223,285.06,0.0,0.0
1539,greedy,3,2.8959,20.86,0,cpu,15,92,146.64,0.0,0.0
1540,greedy,3,2.8978,20.86,0,cpu,19,159,191.51,0.0,0.0
1541,greedy,3,2.9007,20.96,0,cpu,28,243,286.46,0.0,0.0
1542,greedy,3,2.9027,21.04,0,cpu,21,173,210.59,0.0,0.0
1543,greedy,3,2.9045,20.92,0,cpu,21,157,207.75,0.0,0.0
1544,greedy,3,2.9064,21.0,0,cpu,20,161,200.4,0.0,0.0
1545,greedy,3,2.9086,21.12,0,cpu,19,172,191.48,0.0,0.0
1546,greedy,3,2.9108,21.06,0,cpu,20,163,198.78,0.0,0.0
1547,greedy,3,2.912,20.96,0,cpu,12,95,116.78,0.0,0.0
1548,greedy,3,2.9142,20.82,0,cpu,14,107,136.28,0.0,0.0
1549,greedy,3,2.9195,20.58,0,cpu,22,230,223.03,0.0,0.0
1550,greedy,3,2.9222,20.68,0,cpu,23,227,235.47,0.0,0.0
1551,greedy,3,2.9242,20.82,0,cpu,23,170,230.74,0.0,0.0
1552,greedy,3,2.9256,20.7,0,cpu,15,115,148.11,0.0,0.0
1553,greedy,3,2.9295,20.92,0,cpu,32,290,325.33,0.0,0.0
1554,greedy,3,2.931,20.8,0,cpu,16,118,158.29,0.0,0.0
1555,greedy,3,2.9322,20.58,0,cpu,15,109,147.97,0.0,0.0
1556,greedy,3,2.9355,20.58,0,cpu,28,263,284.26,0.0,0.0
1557,greedy,3,2.9388,20.56,0,cpu,30,264,306.17,0.0,0.0
1558,greedy,3,2.9419,20.72,0,cpu,26,270,264.47,0.0,0.0
1559,greedy,3,2.9439,20.76,0,cpu,18,175,180.04,0.0,0.0
1560,greedy,3,2.9465,20.98,0,cpu,21,179,213.53,0.0,0.0
1561,greedy,3,2.9477,20.86,0,cpu,12,99,116.34,0.0,0.0
1562,greedy,3,2.9489,20.8,0,cpu,14,98,137.07,0.0,0.0
1563,greedy,3,2.95,20.66,0,cpu,11,102,105.5,0.0,0.0
1564,greedy,3,2.9526,20.78,0,cpu,20,182,199.49,0.0,0.0
1565,greedy,3,2.9546,20.74,0,cpu,20,169,200.12,0.0,0.0
1566,greedy,3,2.9561,20.62,0,cpu,16,134,158.93,0.0,0.0
1567,greedy,3,2.9579,21.0,0,cpu,22,153,219.3,0.0,0.0
1568,greedy,3,2.9593,20.74,0,cpu,16,122,156.45,0.0,0.0
1569,greedy,3,2.9614,20.62,0,cpu,21,152,210.7,0.0,0.0
1570,greedy,3,2.9629,20.68,0,cpu,18,128,177.81,0.0,0.0
1571,greedy,3,2.9646,20.48,0,cpu,18,143,180.36,0.0,0.0
1572,greedy,3,2.9656,20.38,0,cpu,15,84,145.72,0.0,0.0
1573,greedy,3,2.9678,20.32,0,cpu,21,192,212.9,0.0,0.0
1574,greedy,3,2.9695,20.06,0,cpu,19,138,186.62,0.0,0.0
1575,greedy,3,2.971,20.0,0,cpu,15,132,147.64,0.0,0.0
1576,greedy,3,2.9731,20.08,0,cpu,20,195,204.06,0.0,0.0
1577,greedy,3,2.9742,19.92,0,cpu,14,102,137.03,0.0,0.0
1578,greedy,3,2.9759,19.82,0,cpu,20,151,199.1,0.0,0.0
1579,greedy,3,2.9776,19.56,0,cpu,16,135,160.02,0.0,0.0
1580,greedy,3,2.9792,19.68,0,cpu,16,128,158.59,0.0,0.0
1581,greedy,3,2.9804,19.6,0,cpu,16,107,158.1,0.0,0.0
1582,greedy,3,2.9821,19.44,0,cpu,19,140,190.0,0.0,0.0
1583,greedy,3,2.9835,19.32,0,cpu,15,121,148.65,0.0,0.0
1584,greedy,3,2.9855,19.36,0,cpu,24,158,240.37,0.0,0.0
1585,greedy,3,2.9883,19.48,0,cpu,29,225,294.35,0.0,0.0
1586,greedy,3,2.9897,19.36,0,cpu,19,120,189.0,0.0,0.0
1587,greedy,3,2.9915,19.4,0,cpu,18,150,180.99,0.0,0.0
1588,greedy,3,2.9938,19.22,0,cpu,19,191,188.99,0.0,0.0
1589,greedy,3,2.9955,19.3,0,cpu,19,147,189.03,0.0,0.0
1590,greedy,3,2.9971,19.26,0,cpu,17,136,168.22,0.0,0.0
1591,greedy,3,2.9979,18.92,0,cpu,11,83,105.99,0.0,0.0
1592,greedy,3,3.0014,19.08,0,cpu,29,280,296.5,0.0,0.0
1593,greedy,3,3.0045,19.16,0,cpu,25,220,254.46,0.0,0.0
1594,greedy,3,3.0064,19.16,0,cpu,20,151,200.7,0.0,0.0
1595,greedy,3,3.0079,19.08,0,cpu,15,119,148.47,0.0,0.0
1596,greedy,3,3.0087,18.86,0,cpu,9,79,84.61,0.0,0.0
1597,greedy,3,3.0108,19.0,0,cpu,19,157,187.33,0.0,0.0
1598,greedy,3,3.013,19.14,0,cpu,21,185,210.87,0.0,0.0
1599,greedy,3,3.0151,19.12,0,cpu,21,186,209.96,0.0,0.0
1600,greedy,3,3.0185,19.2,0,cpu,27,225,274.73,0.0,0.0
1601,greedy,3,3.0217,19.32,0,cpu,29,243,293.57,0.0,0.0
1602,greedy,3,3.0223,19.2,0,cpu,9,55,83.65,0.0,0.0
1603,greedy,3,3.0248,19.1,0,cpu,27,205,271.33,0.0,0.0
1604,greedy,3,3.0284,19.44,0,cpu,33,268,336.46,0.0,0.0
1605,greedy,3,3.0304,19.58,0,cpu,22,161,220.82,0.0,0.0
1606,greedy,3,3.0325,19.44,0,cpu,21,184,208.78,0.0,0.0
1607,greedy,3,3.0364,19.34,0,cpu,25,212,252.34,0.0,0.0
1608,greedy,3,3.0381,19.14,0,cpu,16,112,157.35,0.0,0.0
1609,greedy,3,3.0406,19.28,0,cpu,25,178,251.28,0.0,0.0
1610,greedy,3,3.0436,19.28,0,cpu,21,247,212.85,0.0,0.0
1611,greedy,3,3.0454,19.4,0,cpu,18,167,180.52,0.0,0.0
1612,greedy,3,3.048,19.8,0,cpu,34,196,344.09,0.0,0.0
1613,greedy,3,3.0502,19.98,0,cpu,20,168,198.23,0.0,0.0
1614,greedy,3,3.0529,20.12,0,cpu,27,224,276.04,0.0,0.0
1615,greedy,3,3.0567,20.4,0,cpu,34,318,347.47,0.0,0.0
1616,greedy,3,3.0593,20.5,0,cpu,21,225,211.47,0.0,0.0
1617,greedy,3,3.0629,20.74,0,cpu,34,291,346.64,0.0,0.0
1618,greedy,3,3.0635,20.58,0,cpu,8,59,74.3,0.0,0.0
1619,greedy,3,3.0647,20.4,0,cpu,12,112,116.71,0.0,0.0
1620,greedy,3,3.0676,20.5,0,cpu,23,187,231.27,0.0,0.0
1621,greedy,3,3.0717,20.74,0,cpu,30,311,304.0,0.0,0.0
1622,greedy,3,3.073,20.7,0,cpu,13,86,126.48,0.0,0.0
1623,greedy,3,3.0754,20.68,0,cpu,20,196,201.55,0.0,0.0
1624,greedy,3,3.0793,20.96,0,cpu,33,322,335.12,0.0,0.0
1625,greedy,3,3.0811,20.98,0,cpu,16,161,160.36,0.0,0.0
1626,greedy,3,3.0843,21.22,0,cpu,32,242,327.41,0.0,0.0
1627,greedy,3,3.0863,21.38,0,cpu,22,174,222.19,0.0,0.0
1628,greedy,3,3.0876,21.38,0,cpu,20,115,197.06,0.0,0.0
1629,greedy,3,3.0891,21.46,0,cpu,20,124,197.47,0.0,0.0
1630,greedy,3,3.0926,21.82,0,cpu,34,270,346.55,0.0,0.0
1631,greedy,3,3.0936,21.74,0,cpu,12,101,117.32,0.0,0.0
1632,greedy,3,3.0954,21.76,0,cpu,20,161,200.8,0.0,0.0
1633,greedy,3,3.0963,21.72,0,cpu,13,83,125.01,0.0,0.0
1634,greedy,3,3.0982,21.66,0,cpu,21,157,209.75,0.0,0.0
1635,greedy,3,3.0993,21.36,0,cpu,14,94,136.71,0.0,0.0
1636,greedy,3,3.1015,21.42,0,cpu,22,188,221.45,0.0,0.0
1637,greedy,3,3.1044,21.68,0,cpu,31,239,314.43,0.0,0.0
1638,greedy,3,3.1054,21.54,0,cpu,12,96,117.07,0.0,0.0
1639,greedy,3,3.107,21.52,0,cpu,18,135,178.64,0.0,0.0
1640,greedy,3,3.1089,21.56,0,cpu,19,176,192.04,0.0,0.0
1641,greedy,3,3.1109,21.7,0,cpu,18,184,178.85,0.0,0.0
1642,greedy,3,3.1162,22.02,0,cpu,45,407,463.09,0.0,0.0
1643,greedy,3,3.119,22.02,0,cpu,25,224,254.82,0.0,0.0
1644,greedy,3,3.121,22.06,0,cpu,22,183,220.0,0.0,0.0
1645,greedy,3,3.1228,22.18,0,cpu,21,152,208.9,0.0,0.0
1646,greedy,3,3.1241,22.28,0,cpu,14,114,137.31,0.0,0.0
1647,greedy,3,3.1242,21.96,0,cpu,3,12,20.32,0.0,0.0
1648,greedy,3,3.1269,22.06,0,cpu,26,218,263.99,0.0,0.0
1649,greedy,3,3.1275,21.82,0,cpu,9,59,83.61,0.0,0.0
1650,greedy,3,3.132,22.06,0,cpu,39,361,399.89,0.0,0.0
1651,greedy,3,3.1352,22.12,0,cpu,32,244,327.39,0.0,0.0
1652,greedy,3,3.1384,22.52,0,cpu,29,267,296.93,0.0,0.0
1653,greedy,3,3.1405,22.4,0,cpu,21,177,211.95,0.0,0.0
1654,greedy,3,3.1416,21.98,0,cpu,12,105,117.48,0.0,0.0
1655,greedy,3,3.1439,22.06,0,cpu,26,188,261.49,0.0,0.0
1656,greedy,3,3.145,21.92,0,cpu,14,112,137.93,0.0,0.0
1657,greedy,3,3.1468,21.74,0,cpu,16,165,161.72,0.0,0.0
1658,greedy,3,3.1481,21.72,0,cpu,15,108,147.68,0.0,0.0
1659,greedy,3,3.1507,21.7,0,cpu,24,212,243.03,0.0,0.0
1660,greedy,3,3.1516,21.56,0,cpu,14,84,135.01,0.0,0.0
1661,greedy,3,3.1527,21.46,0,cpu,13,101,126.43,0.0,0.0
1662,greedy,3,3.1538,21.08,0,cpu,15,105,147.41,0.0,0.0
1663,greedy,3,3.1559,21.12,0,cpu,22,175,221.08,0.0,0.0
1664,greedy,3,3.1566,20.72,0,cpu,7,69,64.49,0.0,0.0
1665,greedy,3,3.1583,20.4,0,cpu,18,144,178.65,0.0,0.0
1666,greedy,3,3.1611,20.54,0,cpu,28,248,285.31,0.0,0.0
1667,greedy,3,3.1624,20.22,0,cpu,18,117,177.42,0.0,0.0
1668,greedy,3,3.1645,20.52,0,cpu,23,172,232.52,0.0,0.0
1669,greedy,3,3.1658,20.56,0,cpu,14,108,135.97,0.0,0.0
1670,greedy,3,3.1687,20.72,0,cpu,31,234,314.98,0.0,0.0
1671,greedy,3,3.1699,20.38,0,cpu,13,118,127.36,0.0,0.0
1672,greedy,3,3.1715,20.46,0,cpu,17,143,170.25,0.0,0.0
1673,greedy,3,3.1735,20.5,0,cpu,22,178,220.55,0.0,0.0
1674,greedy,3,3.1749,20.2,0,cpu,18,123,178.96,0.0,0.0
1675,greedy,3,3.1762,20.2,0,cpu,16,110,158.17,0.0,0.0
1676,greedy,3,3.1777,19.9,0,cpu,17,147,170.41,0.0,0.0
1677,greedy,3,3.1793,19.82,0,cpu,18,138,178.71,0.0,0.0
1678,greedy,3,3.1809,19.78,0,cpu,18,127,178.12,0.0,0.0
1679,greedy,3,3.1823,19.66,0,cpu,14,123,136.72,0.0,0.0
1680,greedy,3,3.1854,19.56,0,cpu,29,265,296.35,0.0,0.0
1681,greedy,3,3.1873,19.74,0,cpu,21,164,210.78,0.0,0.0
1682,greedy,3,3.1892,19.8,0,cpu,23,163,232.11,0.0,0.0
1683,greedy,3,3.1914,19.98,0,cpu,22,194,221.79,0.0,0.0
1684,greedy,3,3.1949,20.24,0,cpu,34,285,346.5,0.0,0.0
1685,greedy,3,3.1967,20.3,0,cpu,17,152,171.26,0.0,0.0
1686,greedy,3,3.1989,20.36,0,cpu,25,177,249.39,0.0,0.0
1687,greedy,3,3.2012,20.18,0,cpu,22,202,222.31,0.0,0.0
1688,greedy,3,3.2037,20.46,0,cpu,26,221,266.26,0.0,0.0
1689,greedy,3,3.2047,20.3,0,cpu,10,87,94.84,0.0,0.0
1690,greedy,3,3.2067,20.4,0,cpu,24,171,242.14,0.0,0.0
1691,greedy,3,3.2077,20.28,0,cpu,12,93,117.2,0.0,0.0
1692,greedy,3,3.21,19.88,0,cpu,25,200,252.46,0.0,0.0
1693,greedy,3,3.2113,19.74,0,cpu,18,115,178.44,0.0,0.0
1694,greedy,3,3.2135,19.76,0,cpu,23,192,230.72,0.0,0.0
1695,greedy,3,3.2152,19.68,0,cpu,17,157,168.91,0.0,0.0
1696,greedy,3,3.2166,19.76,0,cpu,18,128,179.41,0.0,0.0
1697,greedy,3,3.2176,19.98,0,cpu,14,95,135.6,0.0,0.0
1698,greedy,3,3.2196,19.88,0,cpu,21,171,210.81,0.0,0.0
1699,greedy,3,3.2208,19.98,0,cpu,14,119,137.36,0.0,0.0
1700,greedy,3,3.2219,19.5,0,cpu,15,87,146.19,0.0,0.0
1701,greedy,3,3.2236,19.24,0,cpu,19,150,189.7,0.0,0.0
1702,greedy,3,3.226,19.12,0,cpu,23,211,231.03,0.0,0.0
1703,greedy,3,3.2282,19.2,0,cpu,25,189,251.07,0.0,0.0
1704,greedy,3,3.23,19.38,0,cpu,21,153,209.79,0.0,0.0
1705,greedy,3,3.2311,19.14,0,cpu,14,101,137.54,0.0,0.0
1706,greedy,3,3.2339,19.42,0,cpu,28,235,282.94,0.0,0.0
1707,greedy,3,3.2359,19.5,0,cpu,20,165,200.96,0.0,0.0
1708,greedy,3,3.2376,19.6,0,cpu,20,163,201.58,0.0,0.0
1709,greedy,3,3.2391,19.46,0,cpu,17,133,168.95,0.0,0.0
1710,greedy,3,3.2417,19.74,0,cpu,28,215,282.34,0.0,0.0
1711,greedy,3,3.243,19.74,0,cpu,13,126,128.08,0.0,0.0
1712,greedy,3,3.2447,19.84,0,cpu,20,149,200.72,0.0,0.0
1713,greedy,3,3.2453,19.6,0,cpu,10,63,94.48,0.0,0.0
1714,greedy,3,3.2477,19.86,0,cpu,20,222,202.29,0.0,0.0
1715,greedy,3,3.2482,19.62,0,cpu,6,46,53.51,0.0,0.0
1716,greedy,3,3.2503,19.5,0,cpu,22,180,221.13,0.0,0.0
1717,greedy,3,3.2515,19.42,0,cpu,14,108,137.97,0.0,0.0
1718,greedy,3,3.2534,19.42,0,cpu,23,162,229.42,0.0,0.0
1719,greedy,3,3.2553,19.5,0,cpu,18,179,181.0,0.0,0.0
1720,greedy,3,3.2566,19.2,0,cpu,16,110,158.17,0.0,0.0
1721,greedy,3,3.258,19.24,0,cpu,15,127,149.99,0.0,0.0
1722,greedy,3,3.2605,19.34,0,cpu,22,217,224.46,0.0,0.0
1723,greedy,3,3.2616,19.18,0,cpu,14,108,137.57,0.0,0.0
1724,greedy,3,3.2634,19.12,0,cpu,15,164,146.72,0.0,0.0
1725,greedy,3,3.2657,19.32,0,cpu,26,192,263.25,0.0,0.0
1726,greedy,3,3.2673,19.36,0,cpu,19,136,188.44,0.0,0.0
1727,greedy,3,3.2705,19.5,0,cpu,25,290,255.36,0.0,0.0
1728,greedy,3,3.2719,19.44,0,cpu,15,126,147.3,0.0,0.0
1729,greedy,3,3.2743,19.68,0,cpu,26,200,262.37,0.0,0.0
1730,greedy,3,3.276,19.58,0,cpu,24,142,239.53,0.0,0.0
1731,greedy,3,3.2783,19.68,0,cpu,26,201,261.26,0.0,0.0
1732,greedy,3,3.2801,19.68,0,cpu,23,136,229.28,0.0,0.0
1733,greedy,3,3.2814,19.56,0,cpu,16,115,158.02,0.0,0.0
1734,greedy,3,3.2833,19.34,0,cpu,23,165,231.89,0.0,0.0
1735,greedy,3,3.2839,19.18,0,cpu,9,52,83.58,0.0,0.0
1736,greedy,3,3.2865,19.26,0,cpu,29,211,293.69,0.0,0.0
1737,greedy,3,3.2903,19.64,0,cpu,41,291,418.81,0.0,0.0
1738,greedy,3,3.2923,19.6,0,cpu,24,171,240.14,0.0,0.0
1739,greedy,3,3.294,19.8,0,cpu,20,153,201.28,0.0,0.0
1740,greedy,3,3.2956,19.7,0,cpu,19,150,188.7,0.0,0.0
1741,greedy,3,3.2975,19.92,0,cpu,23,155,231.79,0.0,0.0
1742,greedy,3,3.2991,19.76,0,cpu,17,143,171.05,0.0,0.0
1743,greedy,3,3.302,20.02,0,cpu,31,234,314.18,0.0,0.0
1744,greedy,3,3.3039,19.98,0,cpu,21,183,214.09,0.0,0.0
1745,greedy,3,3.3048,19.88,0,cpu,12,73,114.6,0.0,0.0
1746,greedy,3,3.3073,19.98,0,cpu,23,215,229.59,0.0,0.0
1747,greedy,3,3.3078,19.9,0,cpu,10,49,92.82,0.0,0.0
1748,greedy,3,3.3092,19.8,0,cpu,16,128,157.79,0.0,0.0
1749,greedy,3,3.311,19.88,0,cpu,18,164,181.65,0.0,0.0
1750,greedy,3,3.3129,20.04,0,cpu,23,168,230.76,0.0,0.0
1751,greedy,3,3.3154,20.14,0,cpu,24,219,240.86,0.0,0.0
1752,greedy,3,3.3181,20.24,0,cpu,28,229,285.0,0.0,0.0
1753,greedy,3,3.3192,20.14,0,cpu,20,93,196.28,0.0,0.0
1754,greedy,3,3.3214,20.24,0,cpu,26,179,262.48,0.0,0.0
1755,greedy,3,3.3239,20.44,0,cpu,24,218,240.77,0.0,0.0
1756,greedy,3,3.3254,20.22,0,cpu,17,140,169.78,0.0,0.0
1757,greedy,3,3.326,19.98,0,cpu,8,56,72.03,0.0,0.0
1758,greedy,3,3.3276,19.96,0,cpu,19,145,190.25,0.0,0.0
1759,greedy,3,3.3302,20.08,0,cpu,23,233,231.61,0.0,0.0
1760,greedy,3,3.3338,20.26,0,cpu,37,289,378.99,0.0,0.0
1761,greedy,3,3.3358,20.42,0,cpu,21,174,211.08,0.0,0.0
1762,greedy,3,3.3371,20.38,0,cpu,18,122,177.07,0.0,0.0
1763,greedy,3,3.3394,20.7,0,cpu,26,200,261.37,0.0,0.0
1764,greedy,3,3.3411,20.78,0,cpu,24,155,239.3,0.0,0.0
1765,greedy,3,3.3419,20.84,0,cpu,9,65,83.15,0.0,0.0
1766,greedy,3,3.3433,20.76,0,cpu,18,128,178.81,0.0,0.0
1767,greedy,3,3.3454,20.94,0,cpu,23,194,232.1,0.0,0.0
1768,greedy,3,3.3474,20.88,0,cpu,20,181,201.0,0.0,0.0
1769,greedy,3,3.3491,20.94,0,cpu,21,158,211.44,0.0,0.0
1770,greedy,3,3.3506,20.98,0,cpu,18,133,179.26,0.0,0.0
1771,greedy,3,3.3529,21.2,0,cpu,26,206,264.31,0.0,0.0
1772,greedy,3,3.3556,21.3,0,cpu,27,248,276.0,0.0,0.0
1773,greedy,3,3.3565,21.24,0,cpu,11,94,106.58,0.0,0.0
1774,greedy,3,3.3581,21.34,0,cpu,20,131,197.5,0.0,0.0
1775,greedy,3,3.3591,21.1,0,cpu,14,97,135.78,0.0,0.0
1776,greedy,3,3.3617,21.24,0,cpu,26,215,263.72,0.0,0.0
1777,greedy,3,3.3636,21.18,0,cpu,22,174,220.19,0.0,0.0
1778,greedy,3,3.3653,21.32,0,cpu,22,158,219.95,0.0,0.0
1779,greedy,3,3.3672,21.26,0,cpu,23,167,230.47,0.0,0.0
1780,greedy,3,3.3697,21.34,0,cpu,28,209,284.0,0.0,0.0
1781,greedy,3,3.3714,21.24,0,cpu,21,159,210.53,0.0,0.0
1782,greedy,3,3.3752,21.44,0,cpu,33,334,340.4,0.0,0.0
1783,greedy,3,3.3765,21.46,0,cpu,17,117,166.91,0.0,0.0
1784,greedy,3,3.377,21.14,0,cpu,7,44,63.24,0.0,0.0
1785,greedy,3,3.378,21.28,0,cpu,16,94,156.73,0.0,0.0
1786,greedy,3,3.3793,21.06,0,cpu,18,120,179.09,0.0,0.0
1787,greedy,3,3.3815,20.72,0,cpu,24,192,240.23,0.0,0.0
1788,greedy,3,3.3828,20.54,0,cpu,15,122,149.34,0.0,0.0
1789,greedy,3,3.3844,20.46,0,cpu,16,128,157.19,0.0,0.0
1790,greedy,3,3.3879,20.66,0,cpu,29,265,294.75,0.0,0.0
1791,greedy,3,3.3887,20.4,0,cpu,10,70,94.31,0.0,0.0
1792,greedy,3,3.391,20.44,0,cpu,19,198,193.82,0.0,0.0
1793,greedy,3,3.3921,20.04,0,cpu,11,102,108.1,0.0,0.0
1794,greedy,3,3.3937,19.98,0,cpu,18,131,177.48,0.0,0.0
1795,greedy,3,3.3955,20.18,0,cpu,22,167,222.16,0.0,0.0
1796,greedy,3,3.3981,20.26,0,cpu,27,214,275.34,0.0,0.0
1797,greedy,3,3.3993,20.38,0,cpu,16,111,157.66,0.0,0.0
1798,greedy,3,3.4017,20.6,0,cpu,27,196,272.72,0.0,0.0
1799,greedy,3,3.4042,20.66,0,cpu,21,234,211.88,0.0,0.0
1800,greedy,3,3.4072,20.78,0,cpu,29,253,294.07,0.0,0.0
1801,greedy,3,3.41,20.84,0,cpu,27,227,274.11,0.0,0.0
1802,greedy,3,3.4108,20.48,0,cpu,10,67,94.64,0.0,0.0
1803,greedy,3,3.4121,20.44,0,cpu,18,123,179.16,0.0,0.0
1804,greedy,3,3.4142,20.38,0,cpu,23,186,231.18,0.0,0.0
1805,greedy,3,3.4155,20.14,0,cpu,12,131,117.42,0.0,0.0
1806,greedy,3,3.4174,20.26,0,cpu,23,151,230.03,0.0,0.0
1807,greedy,3,3.4189,20.4,0,cpu,15,121,147.65,0.0,0.0
1808,greedy,3,3.4213,20.5,0,cpu,24,215,243.9,0.0,0.0
1809,greedy,3,3.4229,20.48,0,cpu,22,139,219.24,0.0,0.0
1810,greedy,3,3.4253,20.22,0,cpu,24,209,241.96,0.0,0.0
1811,greedy,3,3.4273,20.16,0,cpu,18,169,180.1,0.0,0.0
1812,greedy,3,3.4285,20.08,0,cpu,14,99,137.36,0.0,0.0
1813,greedy,3,3.4322,20.12,0,cpu,28,324,284.95,0.0,0.0
1814,greedy,3,3.4338,19.96,0,cpu,16,152,159.35,0.0,0.0
1815,greedy,3,3.4353,20.1,0,cpu,16,128,156.39,0.0,0.0
1816,greedy,3,3.4367,20.06,0,cpu,16,122,158.05,0.0,0.0
1817,greedy,3,3.4383,19.96,0,cpu,18,150,178.99,0.0,0.0
1818,greedy,3,3.4392,19.82,0,cpu,13,81,125.63,0.0,0.0
1819,greedy,3,3.4403,19.64,0,cpu,12,102,116.01,0.0,0.0
1820,greedy,3,3.4435,19.86,0,cpu,29,281,292.19,0.0,0.0
1821,greedy,3,3.445,19.7,0,cpu,18,138,179.71,0.0,0.0
1822,greedy,3,3.4471,19.6,0,cpu,22,185,219.98,0.0,0.0
1823,greedy,3,3.4495,19.86,0,cpu,24,204,242.91,0.0,0.0
1824,greedy,3,3.4521,19.92,0,cpu,23,234,232.7,0.0,0.0
1825,greedy,3,3.4536,20.0,0,cpu,18,139,180.0,0.0,0.0
1826,greedy,3,3.4541,19.6,0,cpu,6,54,52.63,0.0,0.0
1827,greedy,3,3.4555,19.52,0,cpu,18,128,179.21,0.0,0.0
1828,greedy,3,3.4572,19.54,0,cpu,23,148,229.56,0.0,0.0
1829,greedy,3,3.4599,19.64,0,cpu,28,217,281.72,0.0,0.0
1830,greedy,3,3.4623,19.54,0,cpu,23,220,234.44,0.0,0.0
1831,greedy,3,3.4641,19.48,0,cpu,18,172,180.77,0.0,0.0
1832,greedy,3,3.4664,19.36,0,cpu,27,210,271.78,0.0,0.0
1833,greedy,3,3.4682,19.4,0,cpu,19,152,188.88,0.0,0.0
1834,greedy,3,3.4694,19.58,0,cpu,16,107,157.3,0.0,0.0
1835,greedy,3,3.4708,19.64,0,cpu,19,130,189.7,0.0,0.0
1836,greedy,3,3.4723,19.58,0,cpu,15,142,145.14,0.0,0.0
1837,greedy,3,3.4743,19.56,0,cpu,23,181,232.13,0.0,0.0
1838,greedy,3,3.4748,19.42,0,cpu,8,48,73.51,0.0,0.0
1839,greedy,3,3.4776,19.64,0,cpu,27,239,275.79,0.0,0.0
1840,greedy,3,3.4801,19.56,0,cpu,25,230,252.76,0.0,0.0
1841,greedy,3,3.4818,19.72,0,cpu,18,154,179.75,0.0,0.0
1842,greedy,3,3.4833,19.68,0,cpu,17,151,169.97,0.0,0.0
1843,greedy,3,3.4845,19.72,0,cpu,13,109,128.55,0.0,0.0
1844,greedy,3,3.4884,20.0,0,cpu,32,364,328.99,0.0,0.0
1845,greedy,3,3.4897,19.86,0,cpu,15,131,146.55,0.0,0.0
1846,greedy,3,3.4938,19.98,0,cpu,33,347,334.97,0.0,0.0
1847,greedy,3,3.4947,19.88,0,cpu,11,89,106.73,0.0,0.0
1848,greedy,3,3.497,19.86,0,cpu,26,209,264.78,0.0,0.0
1849,greedy,3,3.4988,19.84,0,cpu,20,164,199.47,0.0,0.0
1850,greedy,3,3.4995,19.46,0,cpu,10,69,95.02,0.0,0.0
1851,greedy,3,3.501,19.3,0,cpu,19,127,189.03,0.0,0.0
1852,greedy,3,3.5037,19.62,0,cpu,26,236,264.01,0.0,0.0
1853,greedy,3,3.5055,19.62,0,cpu,18,168,179.21,0.0,0.0
1854,greedy,3,3.5072,19.52,0,cpu,18,172,181.97,0.0,0.0
1855,greedy,3,3.511,19.94,0,cpu,33,283,337.61,0.0,0.0
1856,greedy,3,3.5135,19.98,0,cpu,25,224,255.42,0.0,0.0
1857,greedy,3,3.5164,20.28,0,cpu,30,250,302.91,0.0,0.0
1858,greedy,3,3.519,20.32,0,cpu,26,217,263.3,0.0,0.0
1859,greedy,3,3.5202,20.18,0,cpu,15,116,147.6,0.0,0.0
1860,greedy,3,3.5222,20.06,0,cpu,18,175,181.24,0.0,0.0
1861,greedy,3,3.5231,19.9,0,cpu,10,90,96.11,0.0,0.0
1862,greedy,3,3.5247,20.0,0,cpu,19,134,189.66,0.0,0.0
1863,greedy,3,3.5261,19.74,0,cpu,15,117,148.29,0.0,0.0
1864,greedy,3,3.5286,19.9,0,cpu,24,224,245.31,0.0,0.0
1865,greedy,3,3.5309,20.04,0,cpu,23,200,232.44,0.0,0.0
1866,greedy,3,3.5328,20.16,0,cpu,22,168,219.45,0.0,0.0
1867,greedy,3,3.5358,20.3,0,cpu,25,208,252.58,0.0,0.0
1868,greedy,3,3.5378,20.52,0,cpu,24,179,241.86,0.0,0.0
1869,greedy,3,3.5395,20.64,0,cpu,18,147,180.12,0.0,0.0
1870,greedy,3,3.5421,20.52,0,cpu,23,217,231.37,0.0,0.0
1871,greedy,3,3.5436,20.44,0,cpu,14,93,136.22,0.0,0.0
1872,greedy,3,3.5465,20.54,0,cpu,27,229,272.49,0.0,0.0
1873,greedy,3,3.5484,20.42,0,cpu,18,158,175.91,0.0,0.0
1874,greedy,3,3.5523,20.68,0,cpu,36,280,368.47,0.0,0.0
1875,greedy,3,3.553,20.48,0,cpu,8,60,73.59,0.0,0.0
1876,greedy,3,3.5559,20.88,0,cpu,26,250,263.67,0.0,0.0
1877,greedy,3,3.558,20.96,0,cpu,22,175,221.68,0.0,0.0
1878,greedy,3,3.5598,20.82,0,cpu,16,139,156.58,0.0,0.0
1879,greedy,3,3.5611,20.54,0,cpu,14,119,139.16,0.0,0.0
1880,greedy,3,3.5623,20.34,0,cpu,13,107,127.77,0.0,0.0
1881,greedy,3,3.5642,20.36,0,cpu,19,169,190.01,0.0,0.0
1882,greedy,3,3.5662,20.28,0,cpu,23,171,230.23,0.0,0.0
1883,greedy,3,3.5681,20.3,0,cpu,20,144,200.47,0.0,0.0
1884,greedy,3,3.5701,20.42,0,cpu,22,148,218.45,0.0,0.0
1885,greedy,3,3.5719,20.48,0,cpu,22,156,221.37,0.0,0.0
1886,greedy,3,3.5728,20.34,0,cpu,8,88,73.91,0.0,0.0
1887,greedy,3,3.5742,20.18,0,cpu,15,120,148.36,0.0,0.0
1888,greedy,3,3.5751,20.22,0,cpu,10,70,95.31,0.0,0.0
1889,greedy,3,3.5771,20.04,0,cpu,18,139,179.6,0.0,0.0
1890,greedy,3,3.5799,20.06,0,cpu,26,232,263.25,0.0,0.0
1891,greedy,3,3.581,20.0,0,cpu,15,101,147.05,0.0,0.0
1892,greedy,3,3.5831,20.08,0,cpu,21,191,212.01,0.0,0.0
1893,greedy,3,3.5838,20.02,0,cpu,10,76,95.45,0.0,0.0
1894,greedy,3,3.586,19.82,0,cpu,22,184,221.29,0.0,0.0
1895,greedy,3,3.587,19.78,0,cpu,13,85,125.59,0.0,0.0
1896,greedy,3,3.5878,19.34,0,cpu,11,85,105.37,0.0,0.0
1897,greedy,3,3.5894,19.5,0,cpu,19,136,189.64,0.0,0.0
1898,greedy,3,3.5903,19.22,0,cpu,12,90,116.73,0.0,0.0
1899,greedy,3,3.5933,19.42,0,cpu,30,242,303.59,0.0,0.0
1900,greedy,3,3.5957,19.68,0,cpu,23,203,232.51,0.0,0.0
1901,greedy,3,3.597,19.6,0,cpu,15,110,147.06,0.0,0.0
1902,greedy,3,3.6,19.7,0,cpu,31,239,314.03,0.0,0.0
1903,greedy,3,3.6007,19.48,0,cpu,7,73,63.65,0.0,0.0
1904,greedy,3,3.6023,19.48,0,cpu,18,116,177.73,0.0,0.0
1905,greedy,3,3.6035,19.06,0,cpu,12,108,116.95,0.0,0.0
1906,greedy,3,3.6056,18.94,0,cpu,19,189,188.81,0.0,0.0
1907,greedy,3,3.6068,18.64,0,cpu,15,98,145.58,0.0,0.0
1908,greedy,3,3.6086,18.5,0,cpu,19,163,190.47,0.0,0.0
1909,greedy,3,3.6123,18.72,0,cpu,26,227,263.8,0.0,0.0
1910,greedy,3,3.6139,18.76,0,cpu,20,133,200.08,0.0,0.0
1911,greedy,3,3.6161,19.0,0,cpu,22,192,221.61,0.0,0.0
1912,greedy,3,3.6189,19.12,0,cpu,25,228,251.98,0.0,0.0
1913,greedy,3,3.6208,19.24,0,cpu,21,163,212.69,0.0,0.0
1914,greedy,3,3.6228,19.22,0,cpu,23,175,232.59,0.0,0.0
1915,greedy,3,3.6253,19.32,0,cpu,28,196,284.43,0.0,0.0
1916,greedy,3,3.6271,19.16,0,cpu,14,116,137.49,0.0,0.0
1917,greedy,3,3.6291,19.06,0,cpu,20,169,198.32,0.0,0.0
1918,greedy,3,3.6313,18.96,0,cpu,19,167,188.43,0.0,0.0
1919,greedy,3,3.6332,18.92,0,cpu,16,152,158.55,0.0,0.0
1920,greedy,3,3.6342,18.74,0,cpu,14,72,134.53,0.0,0.0
1921,greedy,3,3.6367,18.9,0,cpu,22,188,221.65,0.0,0.0
1922,greedy,3,3.6383,18.72,0,cpu,18,131,177.08,0.0,0.0
1923,greedy,3,3.6395,18.56,0,cpu,10,116,94.05,0.0,0.0
1924,greedy,3,3.6405,18.04,0,cpu,10,95,96.96,0.0,0.0
1925,greedy,3,3.6438,18.44,0,cpu,28,253,286.76,0.0,0.0
1926,greedy,3,3.6468,18.52,0,cpu,30,207,303.04,0.0,0.0
1927,greedy,3,3.6485,18.42,0,cpu,17,145,169.83,0.0,0.0
1928,greedy,3,3.6521,18.66,0,cpu,28,294,285.65,0.0,0.0
1929,greedy,3,3.6544,18.82,0,cpu,22,188,220.65,0.0,0.0
1930,greedy,3,3.6563,18.9,0,cpu,17,164,168.34,0.0,0.0
1931,greedy,3,3.6574,18.8,0,cpu,14,99,135.56,0.0,0.0
1932,greedy,3,3.6599,18.8,0,cpu,23,180,232.04,0.0,0.0
1933,greedy,3,3.6621,18.82,0,cpu,21,199,212.33,0.0,0.0
1934,greedy,3,3.6641,18.76,0,cpu,19,136,188.44,0.0,0.0
1935,greedy,3,3.6652,18.56,0,cpu,12,101,117.52,0.0,0.0
1936,greedy,3,3.6697,19.0,0,cpu,30,332,305.89,0.0,0.0
1937,greedy,3,3.6723,19.22,0,cpu,26,227,264.8,0.0,0.0
1938,greedy,3,3.6733,19.3,0,cpu,14,90,136.75,0.0,0.0
1939,greedy,3,3.6757,19.4,0,cpu,23,202,233.02,0.0,0.0
1940,greedy,3,3.678,19.36,0,cpu,24,196,243.19,0.0,0.0
1941,greedy,3,3.6802,19.48,0,cpu,21,161,209.71,0.0,0.0
1942,greedy,3,3.6833,19.66,0,cpu,30,252,306.09,0.0,0.0
1943,greedy,3,3.6872,20.1,0,cpu,32,278,324.65,0.0,0.0
1944,greedy,3,3.6902,20.2,0,cpu,27,233,273.65,0.0,0.0
1945,greedy,3,3.691,20.1,0,cpu,8,66,72.93,0.0,0.0
1946,greedy,3,3.6934,20.32,0,cpu,22,167,220.76,0.0,0.0
1947,greedy,3,3.6984,20.62,0,cpu,34,333,349.42,0.0,0.0
1948,greedy,3,3.7013,20.9,0,cpu,26,230,263.07,0.0,0.0
1949,greedy,3,3.7025,20.54,0,cpu,12,107,115.26,0.0,0.0
1950,greedy,3,3.7048,20.5,0,cpu,21,208,211.94,0.0,0.0
1951,greedy,3,3.7092,20.92,0,cpu,36,325,370.32,0.0,0.0
1952,greedy,3,3.712,20.84,0,cpu,27,197,273.21,0.0,0.0
1953,greedy,3,3.7145,21.2,0,cpu,25,186,252.6,0.0,0.0
1954,greedy,3,3.7161,21.3,0,cpu,23,134,229.9,0.0,0.0
1955,greedy,3,3.7181,21.58,0,cpu,26,154,260.83,0.0,0.0
1956,greedy,3,3.7196,21.5,0,cpu,15,129,146.97,0.0,0.0
1957,greedy,3,3.7211,21.56,0,cpu,18,130,179.59,0.0,0.0
1958,greedy,3,3.7234,21.68,0,cpu,25,196,253.1,0.0,0.0
1959,greedy,3,3.7255,21.56,0,cpu,20,174,202.57,0.0,0.0
1960,greedy,3,3.7275,21.54,0,cpu,19,130,188.7,0.0,0.0
1961,greedy,3,3.7286,21.4,0,cpu,15,99,146.87,0.0,0.0
1962,greedy,3,3.7302,21.26,0,cpu,18,143,179.56,0.0,0.0
1963,greedy,3,3.7322,21.24,0,cpu,20,170,202.21,0.0,0.0
1964,greedy,3,3.7331,20.96,0,cpu,9,87,84.73,0.0,0.0
1965,greedy,3,3.7376,21.08,0,cpu,34,348,344.57,0.0,0.0
1966,greedy,3,3.7386,21.04,0,cpu,12,97,114.76,0.0,0.0
1967,greedy,3,3.7416,21.16,0,cpu,26,248,265.29,0.0,0.0
1968,greedy,3,3.7461,21.54,0,cpu,38,350,386.19,0.0,0.0
1969,greedy,3,3.7478,21.64,0,cpu,21,144,209.78,0.0,0.0
1970,greedy,3,3.7504,21.86,0,cpu,25,219,251.17,0.0,0.0
1971,greedy,3,3.7547,22.14,0,cpu,36,356,367.51,0.0,0.0
1972,greedy,3,3.7566,22.16,0,cpu,19,166,187.74,0.0,0.0
1973,greedy,3,3.7582,22.32,0,cpu,18,128,179.21,0.0,0.0
1974,greedy,3,3.7607,22.54,0,cpu,21,199,212.13,0.0,0.0
1975,greedy,3,3.7626,22.38,0,cpu,20,162,199.49,0.0,0.0
1976,greedy,3,3.7642,22.12,0,cpu,17,140,168.38,0.0,0.0
1977,greedy,3,3.7662,22.22,0,cpu,22,169,220.54,0.0,0.0
1978,greedy,3,3.7678,22.04,0,cpu,19,135,190.35,0.0,0.0
1979,greedy,3,3.7703,22.08,0,cpu,24,226,242.69,0.0,0.0
1980,greedy,3,3.7715,22.04,0,cpu,15,112,148.24,0.0,0.0
1981,greedy,3,3.7725,22.0,0,cpu,12,93,115.4,0.0,0.0
1982,greedy,3,3.7739,21.9,0,cpu,18,128,177.61,0.0,0.0
1983,greedy,3,3.7751,21.78,0,cpu,15,106,146.5,0.0,0.0
1984,greedy,3,3.7779,21.86,0,cpu,23,238,233.86,0.0,0.0
1985,greedy,3,3.7787,21.84,0,cpu,11,77,105.05,0.0,0.0
1986,greedy,3,3.7804,21.6,0,cpu,18,155,181.64,0.0,0.0
1987,greedy,3,3.7814,21.3,0,cpu,11,95,105.67,0.0,0.0
1988,greedy,3,3.7829,21.42,0,cpu,20,132,198.19,0.0,0.0
1989,greedy,3,3.786,21.56,0,cpu,30,262,304.19,0.0,0.0
1990,greedy,3,3.7882,21.6,0,cpu,26,192,261.85,0.0,0.0
1991,greedy,3,3.7903,21.66,0,cpu,24,191,243.54,0.0,0.0
1992,greedy,3,3.7924,21.58,0,cpu,26,175,261.52,0.0,0.0
1993,greedy,3,3.7945,21.36,0,cpu,21,174,211.48,0.0,0.0
1994,greedy,3,3.7955,21.12,0,cpu,15,102,147.74,0.0,0.0
1995,greedy,3,3.7976,21.4,0,cpu,22,185,222.18,0.0,0.0
1996,greedy,3,3.799,21.24,0,cpu,14,124,138.61,0.0,0.0
1997,greedy,3,3.8003,20.86,0,cpu,15,120,147.56,0.0,0.0
1998,greedy,3,3.8011,20.56,0,cpu,11,73,105.29,0.0,0.0
1999,greedy,3,3.8031,20.7,0,cpu,19,187,194.43,0.0,0.0
2000,greedy,3,3.8042,20.58,0,cpu,15,104,146.92,0.0,0.0
