episode,model,seed,elapsed_seconds,moving_avg_score,model_size,device,score,steps,reward,epsilon,loss
1,random,2,0.0002,0.0,0,cpu,0,18,-10.27,0.0,0.0
2,random,2,0.0004,0.0,0,cpu,0,28,-10.37,0.0,0.0
3,random,2,0.0005,0.0,0,cpu,0,10,-10.19,0.0,0.0
4,random,2,0.0006,0.25,0,cpu,1,11,0.21,0.0,0.0
5,random,2,0.0007,0.2,0,cpu,0,10,-10.79,0.0,0.0
6,random,2,0.0011,0.3333,0,cpu,1,42,-0.2,0.0,0.0
7,random,2,0.0012,0.2857,0,cpu,0,22,-10.71,0.0,0.0
8,random,2,0.0013,0.25,0,cpu,0,9,-9.68,0.0,0.0
9,random,2,0.0014,0.2222,0,cpu,0,9,-10.88,0.0,0.0
10,random,2,0.0016,0.2,0,cpu,0,24,-10.73,0.0,0.0
11,random,2,0.0017,0.1818,0,cpu,0,12,-10.81,0.0,0.0
12,random,2,0.0021,0.1667,0,cpu,0,49,-10.48,0.0,0.0
13,random,2,0.0027,0.2308,0,cpu,1,77,-0.45,0.0,0.0
14,random,2,0.0029,0.2857,0,cpu,1,20,0.62,0.0,0.0
15,random,2,0.003,0.2667,0,cpu,0,18,-10.67,0.0,0.0
16,random,2,0.0031,0.25,0,cpu,0,8,-10.17,0.0,0.0
17,random,2,0.0032,0.2353,0,cpu,0,14,-10.63,0.0,0.0
18,random,2,0.0035,0.2222,0,cpu,0,34,-10.23,0.0,0.0
19,random,2,0.0036,0.2105,0,cpu,0,8,-10.57,0.0,0.0
20,random,2,0.0037,0.2,0,cpu,0,13,-10.32,0.0,0.0
21,random,2,0.0039,0.1905,0,cpu,0,18,-10.47,0.0,0.0
22,random,2,0.0041,0.1818,0,cpu,0,35,-10.94,0.0,0.0
23,random,2,0.0042,0.1739,0,cpu,0,9,-9.68,0.0,0.0
24,random,2,0.0044,0.1667,0,cpu,0,22,-9.91,0.0,0.0
25,random,2,0.0045,0.16,0,cpu,0,10,-10.79,0.0,0.0
26,random,2,0.0046,0.1538,0,cpu,0,11,-9.7,0.0,0.0
27,random,2,0.0047,0.1481,0,cpu,0,13,-10.52,0.0,0.0
28,random,2,0.0052,0.1429,0,cpu,0,54,-11.03,0.0,0.0
29,random,2,0.0054,0.2069,0,cpu,2,18,9.95,0.0,0.0
30,random,2,0.0055,0.2,0,cpu,0,19,-10.98,0.0,0.0
31,random,2,0.0056,0.1935,0,cpu,0,8,-10.37,0.0,0.0
32,random,2,0.0057,0.1875,0,cpu,0,8,-10.17,0.0,0.0
33,random,2,0.0063,0.2121,0,cpu,1,83,-0.51,0.0,0.0
34,random,2,0.0064,0.2059,0,cpu,0,15,-10.54,0.0,0.0
35,random,2,0.0065,0.2,0,cpu,0,8,-10.37,0.0,0.0
36,random,2,0.0067,0.1944,0,cpu,0,24,-10.33,0.0,0.0
37,random,2,0.0069,0.1892,0,cpu,0,18,-10.87,0.0,0.0
38,random,2,0.007,0.1842,0,cpu,0,14,-10.83,0.0,0.0
39,random,2,0.0072,0.1795,0,cpu,0,31,-11.1,0.0,0.0
40,random,2,0.0076,0.175,0,cpu,0,44,-10.13,0.0,0.0
41,random,2,0.0077,0.1707,0,cpu,0,13,-10.32,0.0,0.0
42,random,2,0.0078,0.1667,0,cpu,0,18,-11.07,0.0,0.0
43,random,2,0.008,0.1628,0,cpu,0,14,-10.63,0.0,0.0
44,random,2,0.0081,0.1591,0,cpu,0,14,-10.63,0.0,0.0
45,random,2,0.0082,0.1556,0,cpu,0,22,-10.71,0.0,0.0
46,random,2,0.0083,0.1522,0,cpu,0,10,-10.59,0.0,0.0
47,random,2,0.0085,0.1489,0,cpu,0,15,-10.94,0.0,0.0
48,random,2,0.0086,0.1458,0,cpu,0,10,-10.79,0.0,0.0
49,random,2,0.0087,0.1429,0,cpu,0,10,-10.79,0.0,0.0
50,random,2,0.0087,0.14,0,cpu,0,10,-10.79,0.0,0.0
51,random,2,0.0088,0.14,0,cpu,0,10,-9.99,0.0,0.0
52,random,2,0.0091,0.14,0,cpu,0,29,-10.88,0.0,0.0
53,random,2,0.0093,0.16,0,cpu,1,30,0.12,0.0,0.0
54,random,2,0.0095,0.14,0,cpu,0,18,-10.47,0.0,0.0
55,random,2,0.0097,0.14,0,cpu,0,28,-10.97,0.0,0.0
56,random,2,0.0098,0.12,0,cpu,0,10,-9.79,0.0,0.0
57,random,2,0.0099,0.14,0,cpu,1,18,-0.36,0.0,0.0
58,random,2,0.0101,0.14,0,cpu,0,20,-9.69,0.0,0.0
59,random,2,0.0103,0.14,0,cpu,0,21,-11.0,0.0,0.0
60,random,2,0.0105,0.14,0,cpu,0,17,-10.76,0.0,0.0
61,random,2,0.0105,0.14,0,cpu,0,7,-10.46,0.0,0.0
62,random,2,0.0106,0.14,0,cpu,0,11,-10.7,0.0,0.0
63,random,2,0.0108,0.12,0,cpu,0,29,-10.28,0.0,0.0
64,random,2,0.0109,0.1,0,cpu,0,11,-10.7,0.0,0.0
65,random,2,0.011,0.12,0,cpu,1,5,-0.13,0.0,0.0
66,random,2,0.0112,0.12,0,cpu,0,26,-10.75,0.0,0.0
67,random,2,0.0113,0.12,0,cpu,0,16,-11.05,0.0,0.0
68,random,2,0.0115,0.12,0,cpu,0,19,-10.38,0.0,0.0
69,random,2,0.0116,0.12,0,cpu,0,12,-11.01,0.0,0.0
70,random,2,0.0117,0.12,0,cpu,0,8,-10.37,0.0,0.0
71,random,2,0.0119,0.14,0,cpu,1,20,0.02,0.0,0.0
72,random,2,0.012,0.14,0,cpu,0,14,-10.23,0.0,0.0
73,random,2,0.0121,0.14,0,cpu,0,9,-9.88,0.0,0.0
74,random,2,0.0124,0.14,0,cpu,0,42,-10.51,0.0,0.0
75,random,2,0.0126,0.16,0,cpu,1,27,0.45,0.0,0.0
76,random,2,0.0127,0.16,0,cpu,0,10,-9.79,0.0,0.0
77,random,2,0.0128,0.16,0,cpu,0,18,-9.87,0.0,0.0
78,random,2,0.013,0.16,0,cpu,0,14,-9.83,0.0,0.0
79,random,2,0.0132,0.12,0,cpu,0,23,-11.02,0.0,0.0
80,random,2,0.0133,0.14,0,cpu,1,20,0.22,0.0,0.0
81,random,2,0.0136,0.16,0,cpu,1,31,-0.79,0.0,0.0
82,random,2,0.0138,0.16,0,cpu,0,17,-10.76,0.0,0.0
83,random,2,0.014,0.14,0,cpu,0,36,-10.85,0.0,0.0
84,random,2,0.0141,0.14,0,cpu,0,14,-10.23,0.0,0.0
85,random,2,0.0143,0.16,0,cpu,1,25,-0.33,0.0,0.0
86,random,2,0.0145,0.16,0,cpu,0,24,-10.53,0.0,0.0
87,random,2,0.0148,0.16,0,cpu,0,36,-10.85,0.0,0.0
88,random,2,0.0149,0.16,0,cpu,0,17,-10.56,0.0,0.0
89,random,2,0.015,0.16,0,cpu,0,9,-10.28,0.0,0.0
90,random,2,0.0151,0.16,0,cpu,0,15,-10.14,0.0,0.0
91,random,2,0.0153,0.16,0,cpu,0,14,-10.23,0.0,0.0
92,random,2,0.0154,0.16,0,cpu,0,11,-10.9,0.0,0.0
93,random,2,0.0155,0.16,0,cpu,0,13,-10.52,0.0,0.0
94,random,2,0.0156,0.16,0,cpu,0,20,-10.49,0.0,0.0
95,random,2,0.0158,0.16,0,cpu,0,25,-10.04,0.0,0.0
96,random,2,0.016,0.16,0,cpu,0,24,-11.13,0.0,0.0
97,random,2,0.0161,0.16,0,cpu,0,11,-10.3,0.0,0.0
98,random,2,0.0164,0.16,0,cpu,0,30,-10.39,0.0,0.0
99,random,2,0.0165,0.16,0,cpu,0,13,-10.92,0.0,0.0
100,random,2,0.0166,0.16,0,cpu,0,12,-10.81,0.0,0.0
101,random,2,0.0168,0.16,0,cpu,0,21,-10.4,0.0,0.0
102,random,2,0.0169,0.16,0,cpu,0,19,-10.78,0.0,0.0
103,random,2,0.017,0.14,0,cpu,0,10,-10.59,0.0,0.0
104,random,2,0.0172,0.14,0,cpu,0,20,-10.49,0.0,0.0
105,random,2,0.0173,0.14,0,cpu,0,8,-10.17,0.0,0.0
106,random,2,0.0173,0.14,0,cpu,0,11,-10.5,0.0,0.0
107,random,2,0.0174,0.12,0,cpu,0,10,-10.59,0.0,0.0
108,random,2,0.0175,0.12,0,cpu,0,11,-10.1,0.0,0.0
109,random,2,0.0176,0.12,0,cpu,0,8,-10.57,0.0,0.0
110,random,2,0.0177,0.12,0,cpu,0,9,-10.48,0.0,0.0
111,random,2,0.0181,0.12,0,cpu,0,60,-11.09,0.0,0.0
112,random,2,0.0183,0.12,0,cpu,0,26,-10.15,0.0,0.0
113,random,2,0.0185,0.12,0,cpu,0,19,-10.98,0.0,0.0
114,random,2,0.0186,0.12,0,cpu,0,12,-10.01,0.0,0.0
115,random,2,0.0187,0.1,0,cpu,0,13,-9.92,0.0,0.0
116,random,2,0.0188,0.1,0,cpu,0,16,-10.85,0.0,0.0
117,random,2,0.0189,0.1,0,cpu,0,7,-10.46,0.0,0.0
118,random,2,0.019,0.1,0,cpu,0,7,-10.66,0.0,0.0
119,random,2,0.0191,0.12,0,cpu,1,19,-0.87,0.0,0.0
120,random,2,0.0194,0.12,0,cpu,0,36,-10.45,0.0,0.0
121,random,2,0.0197,0.1,0,cpu,0,40,-10.09,0.0,0.0
122,random,2,0.0198,0.1,0,cpu,0,10,-9.59,0.0,0.0
123,random,2,0.0199,0.1,0,cpu,0,13,-10.72,0.0,0.0
124,random,2,0.0201,0.1,0,cpu,0,26,-10.15,0.0,0.0
125,random,2,0.0203,0.08,0,cpu,0,20,-9.69,0.0,0.0
126,random,2,0.0204,0.08,0,cpu,0,25,-10.44,0.0,0.0
127,random,2,0.0205,0.08,0,cpu,0,5,-9.84,0.0,0.0
128,random,2,0.0208,0.08,0,cpu,0,38,-10.07,0.0,0.0
129,random,2,0.0209,0.08,0,cpu,0,13,-10.12,0.0,0.0
130,random,2,0.0212,0.06,0,cpu,0,39,-10.78,0.0,0.0
131,random,2,0.022,0.06,0,cpu,1,95,-1.43,0.0,0.0
132,random,2,0.0222,0.06,0,cpu,0,22,-10.11,0.0,0.0
133,random,2,0.0223,0.06,0,cpu,0,11,-9.9,0.0,0.0
134,random,2,0.0224,0.06,0,cpu,0,19,-10.18,0.0,0.0
135,random,2,0.0225,0.04,0,cpu,0,11,-10.5,0.0,0.0
136,random,2,0.0227,0.04,0,cpu,0,24,-10.13,0.0,0.0
137,random,2,0.0228,0.04,0,cpu,0,17,-10.96,0.0,0.0
138,random,2,0.0229,0.04,0,cpu,0,5,-10.44,0.0,0.0
139,random,2,0.0231,0.04,0,cpu,0,32,-10.81,0.0,0.0
140,random,2,0.0232,0.04,0,cpu,0,13,-10.72,0.0,0.0
141,random,2,0.0236,0.06,0,cpu,1,56,-0.14,0.0,0.0
142,random,2,0.0239,0.06,0,cpu,0,37,-10.16,0.0,0.0
143,random,2,0.024,0.06,0,cpu,0,14,-9.63,0.0,0.0
144,random,2,0.0241,0.06,0,cpu,0,9,-9.88,0.0,0.0
145,random,2,0.0242,0.06,0,cpu,0,10,-10.79,0.0,0.0
146,random,2,0.0243,0.06,0,cpu,0,8,-10.57,0.0,0.0
147,random,2,0.0245,0.06,0,cpu,0,34,-10.43,0.0,0.0
148,random,2,0.0246,0.06,0,cpu,0,5,-10.44,0.0,0.0
149,random,2,0.0248,0.08,0,cpu,1,21,-0.29,0.0,0.0
150,random,2,0.0252,0.1,0,cpu,1,50,-0.68,0.0,0.0
151,random,2,0.0254,0.1,0,cpu,0,24,-10.13,0.0,0.0
152,random,2,0.0255,0.1,0,cpu,0,14,-10.83,0.0,0.0
153,random,2,0.0256,0.1,0,cpu,0,7,-10.66,0.0,0.0
154,random,2,0.0257,0.1,0,cpu,0,14,-11.03,0.0,0.0
155,random,2,0.0258,0.1,0,cpu,0,15,-10.54,0.0,0.0
156,random,2,0.0259,0.1,0,cpu,0,7,-10.26,0.0,0.0
157,random,2,0.026,0.1,0,cpu,0,12,-10.61,0.0,0.0
158,random,2,0.0261,0.12,0,cpu,1,8,-0.06,0.0,0.0
159,random,2,0.0265,0.14,0,cpu,1,54,-0.92,0.0,0.0
160,random,2,0.0267,0.14,0,cpu,0,21,-10.6,0.0,0.0
161,random,2,0.027,0.16,0,cpu,1,38,0.24,0.0,0.0
162,random,2,0.0271,0.16,0,cpu,0,12,-10.41,0.0,0.0
163,random,2,0.0272,0.16,0,cpu,0,9,-10.48,0.0,0.0
164,random,2,0.0273,0.16,0,cpu,0,21,-9.6,0.0,0.0
165,random,2,0.0274,0.16,0,cpu,0,7,-9.86,0.0,0.0
166,random,2,0.0277,0.16,0,cpu,0,36,-10.45,0.0,0.0
167,random,2,0.0278,0.16,0,cpu,0,18,-11.07,0.0,0.0
168,random,2,0.0282,0.16,0,cpu,0,40,-10.69,0.0,0.0
169,random,2,0.0288,0.14,0,cpu,0,82,-10.71,0.0,0.0
170,random,2,0.0289,0.14,0,cpu,0,22,-10.31,0.0,0.0
171,random,2,0.029,0.14,0,cpu,0,7,-10.46,0.0,0.0
172,random,2,0.0292,0.14,0,cpu,0,27,-11.06,0.0,0.0
173,random,2,0.0293,0.14,0,cpu,0,7,-9.46,0.0,0.0
174,random,2,0.0295,0.14,0,cpu,0,29,-9.88,0.0,0.0
175,random,2,0.0298,0.14,0,cpu,0,36,-10.85,0.0,0.0
176,random,2,0.0299,0.16,0,cpu,1,9,0.03,0.0,0.0
177,random,2,0.03,0.16,0,cpu,0,6,-10.55,0.0,0.0
178,random,2,0.0301,0.16,0,cpu,0,11,-10.5,0.0,0.0
179,random,2,0.0302,0.16,0,cpu,0,9,-10.68,0.0,0.0
180,random,2,0.0303,0.16,0,cpu,0,12,-11.01,0.0,0.0
181,random,2,0.0304,0.14,0,cpu,0,9,-10.68,0.0,0.0
182,random,2,0.0306,0.14,0,cpu,0,26,-10.95,0.0,0.0
183,random,2,0.0306,0.14,0,cpu,0,7,-10.26,0.0,0.0
184,random,2,0.0307,0.14,0,cpu,0,11,-10.9,0.0,0.0
185,random,2,0.0308,0.14,0,cpu,0,6,-10.35,0.0,0.0
186,random,2,0.0309,0.14,0,cpu,0,21,-10.8,0.0,0.0
187,random,2,0.0312,0.14,0,cpu,0,35,-9.74,0.0,0.0
188,random,2,0.0313,0.14,0,cpu,0,10,-10.59,0.0,0.0
189,random,2,0.0314,0.18,0,cpu,2,16,9.97,0.0,0.0
190,random,2,0.0317,0.2,0,cpu,1,28,0.74,0.0,0.0
191,random,2,0.0318,0.18,0,cpu,0,16,-9.85,0.0,0.0
192,random,2,0.0319,0.18,0,cpu,0,9,-10.68,0.0,0.0
193,random,2,0.032,0.18,0,cpu,0,23,-10.62,0.0,0.0
194,random,2,0.0321,0.18,0,cpu,0,6,-10.55,0.0,0.0
195,random,2,0.0321,0.18,0,cpu,0,5,-10.44,0.0,0.0
196,random,2,0.0323,0.18,0,cpu,0,17,-10.16,0.0,0.0
197,random,2,0.0324,0.18,0,cpu,0,8,-10.57,0.0,0.0
198,random,2,0.0328,0.2,0,cpu,1,57,-0.25,0.0,0.0
199,random,2,0.0329,0.18,0,cpu,0,16,-10.45,0.0,0.0
200,random,2,0.0332,0.16,0,cpu,0,32,-10.61,0.0,0.0
201,random,2,0.0335,0.16,0,cpu,0,49,-10.48,0.0,0.0
202,random,2,0.0336,0.16,0,cpu,0,13,-10.72,0.0,0.0
203,random,2,0.0338,0.16,0,cpu,0,17,-9.96,0.0,0.0
204,random,2,0.0339,0.16,0,cpu,0,14,-10.23,0.0,0.0
205,random,2,0.034,0.18,0,cpu,1,16,-0.14,0.0,0.0
206,random,2,0.0342,0.18,0,cpu,0,30,-10.59,0.0,0.0
207,random,2,0.0344,0.2,0,cpu,1,27,0.05,0.0,0.0
208,random,2,0.0345,0.18,0,cpu,0,10,-10.99,0.0,0.0
209,random,2,0.0346,0.16,0,cpu,0,7,-10.46,0.0,0.0
210,random,2,0.0347,0.18,0,cpu,1,12,-0.5,0.0,0.0
211,random,2,0.0348,0.16,0,cpu,0,15,-10.54,0.0,0.0
212,random,2,0.0349,0.16,0,cpu,0,10,-10.99,0.0,0.0
213,random,2,0.035,0.16,0,cpu,0,9,-10.68,0.0,0.0
214,random,2,0.0351,0.16,0,cpu,0,16,-10.05,0.0,0.0
215,random,2,0.0352,0.16,0,cpu,0,10,-10.39,0.0,0.0
216,random,2,0.0353,0.16,0,cpu,0,12,-10.61,0.0,0.0
217,random,2,0.0357,0.16,0,cpu,0,62,-10.91,0.0,0.0
218,random,2,0.0358,0.16,0,cpu,0,9,-9.68,0.0,0.0
219,random,2,0.0359,0.16,0,cpu,0,9,-10.28,0.0,0.0
220,random,2,0.036,0.16,0,cpu,0,9,-10.28,0.0,0.0
221,random,2,0.0362,0.18,0,cpu,1,20,0.02,0.0,0.0
222,random,2,0.0364,0.18,0,cpu,0,34,-10.23,0.0,0.0
223,random,2,0.0366,0.2,0,cpu,1,22,-0.4,0.0,0.0
224,random,2,0.0367,0.22,0,cpu,1,14,0.28,0.0,0.0
225,random,2,0.037,0.22,0,cpu,0,32,-10.81,0.0,0.0
226,random,2,0.0372,0.2,0,cpu,0,34,-10.63,0.0,0.0
227,random,2,0.0373,0.2,0,cpu,0,10,-10.79,0.0,0.0
228,random,2,0.0375,0.2,0,cpu,0,23,-10.62,0.0,0.0
229,random,2,0.0377,0.2,0,cpu,0,27,-10.86,0.0,0.0
230,random,2,0.0378,0.2,0,cpu,0,6,-10.35,0.0,0.0
231,random,2,0.0379,0.2,0,cpu,0,10,-10.19,0.0,0.0
232,random,2,0.0381,0.22,0,cpu,1,22,-0.4,0.0,0.0
233,random,2,0.0382,0.22,0,cpu,0,20,-10.89,0.0,0.0
234,random,2,0.0383,0.22,0,cpu,0,9,-10.68,0.0,0.0
235,random,2,0.0386,0.22,0,cpu,0,29,-10.88,0.0,0.0
236,random,2,0.0387,0.22,0,cpu,0,17,-10.56,0.0,0.0
237,random,2,0.0388,0.22,0,cpu,0,12,-10.21,0.0,0.0
238,random,2,0.0389,0.22,0,cpu,0,13,-10.52,0.0,0.0
239,random,2,0.039,0.2,0,cpu,1,7,-0.15,0.0,0.0
240,random,2,0.0392,0.18,0,cpu,0,21,-10.6,0.0,0.0
241,random,2,0.0393,0.22,0,cpu,2,17,10.66,0.0,0.0
242,random,2,0.0394,0.22,0,cpu,0,7,-9.66,0.0,0.0
243,random,2,0.0396,0.22,0,cpu,0,30,-10.79,0.0,0.0
244,random,2,0.0397,0.22,0,cpu,0,7,-9.86,0.0,0.0
245,random,2,0.0398,0.22,0,cpu,0,19,-10.98,0.0,0.0
246,random,2,0.04,0.22,0,cpu,0,26,-9.95,0.0,0.0
247,random,2,0.0401,0.22,0,cpu,0,7,-10.26,0.0,0.0
248,random,2,0.0402,0.2,0,cpu,0,11,-9.7,0.0,0.0
249,random,2,0.0404,0.22,0,cpu,1,22,0.4,0.0,0.0
250,random,2,0.0406,0.24,0,cpu,1,24,0.18,0.0,0.0
251,random,2,0.041,0.26,0,cpu,1,56,0.06,0.0,0.0
252,random,2,0.0412,0.28,0,cpu,1,26,-0.04,0.0,0.0
253,random,2,0.0412,0.28,0,cpu,0,7,-10.26,0.0,0.0
254,random,2,0.0413,0.28,0,cpu,0,6,-10.35,0.0,0.0
255,random,2,0.0414,0.26,0,cpu,0,18,-10.47,0.0,0.0
256,random,2,0.0415,0.26,0,cpu,0,8,-10.57,0.0,0.0
257,random,2,0.0416,0.24,0,cpu,0,18,-10.07,0.0,0.0
258,random,2,0.0418,0.26,0,cpu,1,18,-0.16,0.0,0.0
259,random,2,0.042,0.26,0,cpu,0,21,-10.8,0.0,0.0
260,random,2,0.0421,0.26,0,cpu,1,21,-0.29,0.0,0.0
261,random,2,0.0422,0.26,0,cpu,0,13,-9.92,0.0,0.0
262,random,2,0.0424,0.26,0,cpu,0,19,-10.58,0.0,0.0
263,random,2,0.0426,0.28,0,cpu,1,22,0.6,0.0,0.0
264,random,2,0.0426,0.28,0,cpu,0,10,-10.59,0.0,0.0
265,random,2,0.0427,0.28,0,cpu,0,10,-10.99,0.0,0.0
266,random,2,0.043,0.28,0,cpu,0,33,-10.92,0.0,0.0
267,random,2,0.0431,0.28,0,cpu,0,16,-10.25,0.0,0.0
268,random,2,0.0432,0.28,0,cpu,0,7,-9.66,0.0,0.0
269,random,2,0.0433,0.3,0,cpu,1,15,0.57,0.0,0.0
270,random,2,0.0434,0.3,0,cpu,0,14,-10.83,0.0,0.0
271,random,2,0.0436,0.28,0,cpu,0,18,-10.87,0.0,0.0
272,random,2,0.0437,0.28,0,cpu,0,20,-10.49,0.0,0.0
273,random,2,0.0438,0.26,0,cpu,0,7,-10.26,0.0,0.0
274,random,2,0.0439,0.24,0,cpu,0,18,-11.07,0.0,0.0
275,random,2,0.0441,0.24,0,cpu,0,17,-10.76,0.0,0.0
276,random,2,0.0442,0.26,0,cpu,1,18,0.64,0.0,0.0
277,random,2,0.0443,0.26,0,cpu,0,16,-10.65,0.0,0.0
278,random,2,0.0444,0.26,0,cpu,0,10,-10.59,0.0,0.0
279,random,2,0.0446,0.26,0,cpu,0,13,-9.92,0.0,0.0
280,random,2,0.0447,0.26,0,cpu,0,17,-10.56,0.0,0.0
281,random,2,0.0449,0.26,0,cpu,0,19,-9.98,0.0,0.0
282,random,2,0.045,0.24,0,cpu,0,10,-10.39,0.0,0.0
283,random,2,0.0451,0.24,0,cpu,0,17,-10.36,0.0,0.0
284,random,2,0.0452,0.26,0,cpu,1,10,0.52,0.0,0.0
285,random,2,0.0453,0.26,0,cpu,0,9,-10.28,0.0,0.0
286,random,2,0.0454,0.26,0,cpu,0,14,-10.43,0.0,0.0
287,random,2,0.0455,0.26,0,cpu,0,17,-10.36,0.0,0.0
288,random,2,0.0456,0.26,0,cpu,0,10,-10.39,0.0,0.0
289,random,2,0.0457,0.24,0,cpu,0,8,-10.17,0.0,0.0
290,random,2,0.0458,0.24,0,cpu,0,9,-10.48,0.0,0.0
291,random,2,0.0459,0.22,0,cpu,1,12,-0.1,0.0,0.0
292,random,2,0.0462,0.24,0,cpu,1,24,0.58,0.0,0.0
293,random,2,0.0465,0.28,0,cpu,2,31,10.72,0.0,0.0
294,random,2,0.0467,0.28,0,cpu,0,27,-11.06,0.0,0.0
295,random,2,0.0469,0.28,0,cpu,0,21,-10.4,0.0,0.0
296,random,2,0.047,0.28,0,cpu,0,12,-10.21,0.0,0.0
297,random,2,0.0473,0.3,0,cpu,1,35,-0.23,0.0,0.0
298,random,2,0.0475,0.3,0,cpu,0,27,-10.66,0.0,0.0
299,random,2,0.0477,0.28,0,cpu,0,21,-10.2,0.0,0.0
300,random,2,0.0477,0.26,0,cpu,0,6,-10.35,0.0,0.0
301,random,2,0.0479,0.24,0,cpu,0,16,-10.65,0.0,0.0
302,random,2,0.0481,0.22,0,cpu,0,36,-9.85,0.0,0.0
303,random,2,0.0482,0.22,0,cpu,0,11,-10.1,0.0,0.0
304,random,2,0.0484,0.22,0,cpu,0,20,-10.69,0.0,0.0
305,random,2,0.0486,0.24,0,cpu,1,26,-0.04,0.0,0.0
306,random,2,0.0489,0.24,0,cpu,0,41,-10.8,0.0,0.0
307,random,2,0.0492,0.26,0,cpu,1,30,-0.28,0.0,0.0
308,random,2,0.0494,0.28,0,cpu,2,24,9.69,0.0,0.0
309,random,2,0.0496,0.28,0,cpu,0,38,-10.07,0.0,0.0
310,random,2,0.0498,0.26,0,cpu,0,25,-10.64,0.0,0.0
311,random,2,0.0499,0.26,0,cpu,0,9,-10.28,0.0,0.0
312,random,2,0.0502,0.28,0,cpu,1,32,-1.1,0.0,0.0
313,random,2,0.0504,0.26,0,cpu,0,26,-9.95,0.0,0.0
314,random,2,0.0504,0.26,0,cpu,0,11,-9.9,0.0,0.0
315,random,2,0.0507,0.26,0,cpu,0,31,-10.3,0.0,0.0
316,random,2,0.0509,0.26,0,cpu,0,26,-9.95,0.0,0.0
317,random,2,0.051,0.26,0,cpu,0,18,-10.27,0.0,0.0
318,random,2,0.0512,0.26,0,cpu,0,18,-10.87,0.0,0.0
319,random,2,0.0513,0.24,0,cpu,0,9,-10.28,0.0,0.0
320,random,2,0.0513,0.24,0,cpu,0,7,-10.26,0.0,0.0
321,random,2,0.0516,0.26,0,cpu,1,34,-0.32,0.0,0.0
322,random,2,0.0517,0.26,0,cpu,0,10,-10.79,0.0,0.0
323,random,2,0.0518,0.26,0,cpu,0,9,-10.68,0.0,0.0
324,random,2,0.0519,0.26,0,cpu,0,15,-10.54,0.0,0.0
325,random,2,0.0521,0.26,0,cpu,0,20,-10.09,0.0,0.0
326,random,2,0.0521,0.24,0,cpu,0,9,-9.48,0.0,0.0
327,random,2,0.0524,0.26,0,cpu,1,27,-0.15,0.0,0.0
328,random,2,0.0527,0.26,0,cpu,0,43,-11.02,0.0,0.0
329,random,2,0.0528,0.26,0,cpu,0,12,-10.01,0.0,0.0
330,random,2,0.053,0.26,0,cpu,0,21,-10.0,0.0,0.0
331,random,2,0.0531,0.26,0,cpu,0,12,-10.41,0.0,0.0
332,random,2,0.0532,0.26,0,cpu,0,8,-9.97,0.0,0.0
333,random,2,0.0533,0.26,0,cpu,0,13,-10.72,0.0,0.0
334,random,2,0.0534,0.24,0,cpu,0,10,-10.39,0.0,0.0
335,random,2,0.0535,0.24,0,cpu,0,9,-10.68,0.0,0.0
336,random,2,0.0536,0.24,0,cpu,0,16,-10.65,0.0,0.0
337,random,2,0.0537,0.24,0,cpu,0,9,-10.88,0.0,0.0
338,random,2,0.0538,0.24,0,cpu,0,15,-10.34,0.0,0.0
339,random,2,0.0541,0.24,0,cpu,0,43,-10.02,0.0,0.0
340,random,2,0.0543,0.26,0,cpu,1,14,0.48,0.0,0.0
341,random,2,0.0544,0.24,0,cpu,0,11,-9.7,0.0,0.0
342,random,2,0.0545,0.22,0,cpu,0,8,-9.77,0.0,0.0
343,random,2,0.0546,0.18,0,cpu,0,10,-10.59,0.0,0.0
344,random,2,0.055,0.22,0,cpu,2,57,9.86,0.0,0.0
345,random,2,0.0551,0.22,0,cpu,0,15,-10.74,0.0,0.0
346,random,2,0.0552,0.24,0,cpu,1,8,0.14,0.0,0.0
347,random,2,0.0553,0.22,0,cpu,0,7,-10.26,0.0,0.0
348,random,2,0.0554,0.22,0,cpu,0,9,-10.28,0.0,0.0
349,random,2,0.0554,0.22,0,cpu,0,7,-10.46,0.0,0.0
350,random,2,0.0556,0.24,0,cpu,1,11,0.01,0.0,0.0
351,random,2,0.0557,0.24,0,cpu,0,25,-10.24,0.0,0.0
352,random,2,0.0559,0.24,0,cpu,0,12,-9.61,0.0,0.0
353,random,2,0.056,0.24,0,cpu,0,16,-10.65,0.0,0.0
354,random,2,0.0563,0.24,0,cpu,0,35,-10.74,0.0,0.0
355,random,2,0.0565,0.22,0,cpu,0,29,-10.48,0.0,0.0
356,random,2,0.0569,0.22,0,cpu,0,57,-10.56,0.0,0.0
357,random,2,0.057,0.2,0,cpu,0,10,-10.19,0.0,0.0
358,random,2,0.0571,0.16,0,cpu,0,8,-10.37,0.0,0.0
359,random,2,0.0571,0.16,0,cpu,0,7,-9.86,0.0,0.0
360,random,2,0.0573,0.16,0,cpu,0,27,-11.06,0.0,0.0
361,random,2,0.0576,0.16,0,cpu,0,36,-10.65,0.0,0.0
362,random,2,0.0577,0.14,0,cpu,0,8,-10.17,0.0,0.0
363,random,2,0.0578,0.16,0,cpu,1,16,-0.54,0.0,0.0
364,random,2,0.0581,0.16,0,cpu,0,39,-10.58,0.0,0.0
365,random,2,0.0582,0.16,0,cpu,0,15,-10.74,0.0,0.0
366,random,2,0.0584,0.16,0,cpu,0,21,-11.0,0.0,0.0
367,random,2,0.0586,0.16,0,cpu,0,19,-10.78,0.0,0.0
368,random,2,0.0586,0.16,0,cpu,0,8,-9.77,0.0,0.0
369,random,2,0.0588,0.16,0,cpu,0,17,-10.16,0.0,0.0
370,random,2,0.0588,0.16,0,cpu,0,5,-10.24,0.0,0.0
371,random,2,0.0591,0.14,0,cpu,0,40,-10.49,0.0,0.0
372,random,2,0.0592,0.14,0,cpu,0,6,-10.35,0.0,0.0
373,random,2,0.0593,0.14,0,cpu,0,20,-10.89,0.0,0.0
374,random,2,0.0594,0.14,0,cpu,0,11,-9.9,0.0,0.0
375,random,2,0.0595,0.14,0,cpu,0,11,-10.1,0.0,0.0
376,random,2,0.0596,0.14,0,cpu,0,8,-10.77,0.0,0.0
377,random,2,0.0598,0.12,0,cpu,0,26,-10.55,0.0,0.0
378,random,2,0.0599,0.12,0,cpu,0,11,-10.5,0.0,0.0
379,random,2,0.0601,0.12,0,cpu,0,24,-10.93,0.0,0.0
380,random,2,0.0603,0.14,0,cpu,1,27,-0.75,0.0,0.0
381,random,2,0.0604,0.14,0,cpu,0,8,-10.37,0.0,0.0
382,random,2,0.0605,0.14,0,cpu,0,15,-10.54,0.0,0.0
383,random,2,0.0607,0.14,0,cpu,0,21,-10.8,0.0,0.0
384,random,2,0.0607,0.14,0,cpu,0,8,-9.77,0.0,0.0
385,random,2,0.0609,0.14,0,cpu,0,18,-10.47,0.0,0.0
386,random,2,0.061,0.14,0,cpu,0,9,-10.68,0.0,0.0
387,random,2,0.0612,0.14,0,cpu,0,31,-10.9,0.0,0.0
388,random,2,0.0613,0.16,0,cpu,1,9,0.43,0.0,0.0
389,random,2,0.0614,0.16,0,cpu,0,10,-9.99,0.0,0.0
390,random,2,0.0615,0.16,0,cpu,1,17,-0.05,0.0,0.0
391,random,2,0.062,0.16,0,cpu,0,54,-10.23,0.0,0.0
392,random,2,0.0623,0.16,0,cpu,0,41,-11.4,0.0,0.0
393,random,2,0.0624,0.2,0,cpu,2,9,10.14,0.0,0.0
394,random,2,0.0625,0.16,0,cpu,0,6,-10.55,0.0,0.0
395,random,2,0.0626,0.16,0,cpu,0,12,-11.01,0.0,0.0
396,random,2,0.0627,0.14,0,cpu,0,15,-9.94,0.0,0.0
397,random,2,0.0629,0.14,0,cpu,0,16,-10.45,0.0,0.0
398,random,2,0.063,0.14,0,cpu,0,10,-10.59,0.0,0.0
399,random,2,0.063,0.14,0,cpu,0,11,-10.7,0.0,0.0
400,random,2,0.0633,0.12,0,cpu,0,29,-11.08,0.0,0.0
401,random,2,0.0634,0.12,0,cpu,0,9,-10.68,0.0,0.0
402,random,2,0.0636,0.12,0,cpu,0,22,-10.51,0.0,0.0
403,random,2,0.0636,0.12,0,cpu,0,6,-9.75,0.0,0.0
404,random,2,0.0637,0.12,0,cpu,0,8,-10.17,0.0,0.0
405,random,2,0.0638,0.12,0,cpu,0,8,-10.37,0.0,0.0
406,random,2,0.0639,0.12,0,cpu,0,8,-9.77,0.0,0.0
407,random,2,0.064,0.12,0,cpu,0,23,-10.62,0.0,0.0
408,random,2,0.0642,0.12,0,cpu,0,25,-10.24,0.0,0.0
409,random,2,0.0644,0.12,0,cpu,0,19,-10.98,0.0,0.0
410,random,2,0.0645,0.12,0,cpu,0,11,-10.1,0.0,0.0
411,random,2,0.0647,0.12,0,cpu,0,32,-11.21,0.0,0.0
412,random,2,0.0648,0.12,0,cpu,0,13,-10.52,0.0,0.0
413,random,2,0.0649,0.1,0,cpu,0,8,-10.57,0.0,0.0
414,random,2,0.065,0.1,0,cpu,0,12,-9.41,0.0,0.0
415,random,2,0.0651,0.1,0,cpu,0,17,-10.36,0.0,0.0
416,random,2,0.0653,0.1,0,cpu,0,15,-10.74,0.0,0.0
417,random,2,0.0654,0.1,0,cpu,0,16,-10.25,0.0,0.0
418,random,2,0.0655,0.1,0,cpu,0,7,-10.46,0.0,0.0
419,random,2,0.0657,0.1,0,cpu,0,25,-11.04,0.0,0.0
420,random,2,0.0659,0.12,0,cpu,1,18,0.24,0.0,0.0
421,random,2,0.066,0.12,0,cpu,0,17,-10.56,0.0,0.0
422,random,2,0.0663,0.12,0,cpu,0,34,-10.83,0.0,0.0
423,random,2,0.0665,0.12,0,cpu,0,29,-10.88,0.0,0.0
424,random,2,0.0666,0.12,0,cpu,0,11,-10.7,0.0,0.0
425,random,2,0.0667,0.14,0,cpu,1,10,-0.28,0.0,0.0
426,random,2,0.0668,0.14,0,cpu,0,16,-10.45,0.0,0.0
427,random,2,0.0671,0.14,0,cpu,0,37,-10.96,0.0,0.0
428,random,2,0.0674,0.16,0,cpu,1,37,-0.45,0.0,0.0
429,random,2,0.0676,0.16,0,cpu,0,20,-9.89,0.0,0.0
430,random,2,0.0678,0.14,0,cpu,0,29,-11.08,0.0,0.0
431,random,2,0.0682,0.16,0,cpu,1,47,-0.35,0.0,0.0
432,random,2,0.0684,0.16,0,cpu,0,29,-10.68,0.0,0.0
433,random,2,0.0685,0.16,0,cpu,0,13,-9.32,0.0,0.0
434,random,2,0.0686,0.18,0,cpu,1,12,0.1,0.0,0.0
435,random,2,0.0687,0.18,0,cpu,0,9,-9.48,0.0,0.0
436,random,2,0.0688,0.18,0,cpu,0,8,-10.37,0.0,0.0
437,random,2,0.069,0.22,0,cpu,2,25,10.78,0.0,0.0
438,random,2,0.0691,0.2,0,cpu,0,14,-10.83,0.0,0.0
439,random,2,0.0693,0.2,0,cpu,0,23,-10.82,0.0,0.0
440,random,2,0.0695,0.18,0,cpu,0,20,-10.89,0.0,0.0
441,random,2,0.0695,0.18,0,cpu,0,5,-10.44,0.0,0.0
442,random,2,0.0698,0.18,0,cpu,0,38,-10.87,0.0,0.0
443,random,2,0.0699,0.14,0,cpu,0,11,-9.9,0.0,0.0
444,random,2,0.07,0.14,0,cpu,0,10,-9.99,0.0,0.0
445,random,2,0.0701,0.14,0,cpu,0,8,-10.37,0.0,0.0
446,random,2,0.0702,0.14,0,cpu,0,17,-10.56,0.0,0.0
447,random,2,0.0704,0.14,0,cpu,0,14,-9.83,0.0,0.0
448,random,2,0.0706,0.14,0,cpu,0,29,-11.08,0.0,0.0
449,random,2,0.0707,0.16,0,cpu,1,18,0.04,0.0,0.0
450,random,2,0.0708,0.16,0,cpu,0,13,-10.52,0.0,0.0
451,random,2,0.071,0.16,0,cpu,0,14,-10.43,0.0,0.0
452,random,2,0.071,0.16,0,cpu,0,7,-10.06,0.0,0.0
453,random,2,0.0711,0.16,0,cpu,0,9,-10.68,0.0,0.0
454,random,2,0.0712,0.16,0,cpu,0,13,-10.52,0.0,0.0
455,random,2,0.0715,0.16,0,cpu,0,26,-10.95,0.0,0.0
456,random,2,0.0715,0.16,0,cpu,0,9,-9.88,0.0,0.0
457,random,2,0.0716,0.16,0,cpu,0,7,-9.66,0.0,0.0
458,random,2,0.0718,0.16,0,cpu,0,21,-10.2,0.0,0.0
459,random,2,0.072,0.18,0,cpu,1,30,-0.28,0.0,0.0
460,random,2,0.0724,0.2,0,cpu,1,42,-0.4,0.0,0.0
461,random,2,0.0724,0.2,0,cpu,0,7,-10.46,0.0,0.0
462,random,2,0.0728,0.22,0,cpu,1,42,0.0,0.0,0.0
463,random,2,0.0733,0.22,0,cpu,0,68,-10.37,0.0,0.0
464,random,2,0.0735,0.22,0,cpu,0,33,-10.72,0.0,0.0
465,random,2,0.0736,0.22,0,cpu,0,11,-10.5,0.0,0.0
466,random,2,0.0739,0.22,0,cpu,0,40,-10.49,0.0,0.0
467,random,2,0.0742,0.22,0,cpu,0,38,-11.27,0.0,0.0
468,random,2,0.0743,0.22,0,cpu,0,11,-9.9,0.0,0.0
469,random,2,0.0744,0.22,0,cpu,0,12,-11.01,0.0,0.0
470,random,2,0.0745,0.2,0,cpu,0,8,-10.37,0.0,0.0
471,random,2,0.0746,0.2,0,cpu,0,9,-10.48,0.0,0.0
472,random,2,0.0749,0.2,0,cpu,0,44,-10.93,0.0,0.0
473,random,2,0.075,0.2,0,cpu,0,6,-10.35,0.0,0.0
474,random,2,0.0752,0.2,0,cpu,0,35,-10.54,0.0,0.0
475,random,2,0.0754,0.18,0,cpu,0,17,-10.56,0.0,0.0
476,random,2,0.0755,0.18,0,cpu,0,17,-10.76,0.0,0.0
477,random,2,0.0757,0.18,0,cpu,0,19,-9.78,0.0,0.0
478,random,2,0.0757,0.16,0,cpu,0,5,-10.44,0.0,0.0
479,random,2,0.0758,0.16,0,cpu,0,15,-10.34,0.0,0.0
480,random,2,0.076,0.16,0,cpu,0,21,-10.4,0.0,0.0
481,random,2,0.0761,0.16,0,cpu,1,14,-0.52,0.0,0.0
482,random,2,0.0763,0.16,0,cpu,0,21,-11.0,0.0,0.0
483,random,2,0.0765,0.16,0,cpu,0,28,-10.77,0.0,0.0
484,random,2,0.0766,0.14,0,cpu,0,9,-9.48,0.0,0.0
485,random,2,0.0769,0.14,0,cpu,0,41,-11.2,0.0,0.0
486,random,2,0.0774,0.14,0,cpu,0,54,-10.83,0.0,0.0
487,random,2,0.0774,0.1,0,cpu,0,9,-10.08,0.0,0.0
488,random,2,0.0775,0.1,0,cpu,0,8,-10.57,0.0,0.0
489,random,2,0.0777,0.1,0,cpu,0,27,-10.66,0.0,0.0
490,random,2,0.0779,0.1,0,cpu,0,32,-10.81,0.0,0.0
491,random,2,0.0781,0.1,0,cpu,0,19,-10.58,0.0,0.0
492,random,2,0.0786,0.1,0,cpu,0,65,-11.04,0.0,0.0
493,random,2,0.0787,0.1,0,cpu,0,15,-10.94,0.0,0.0
494,random,2,0.0788,0.1,0,cpu,0,14,-10.83,0.0,0.0
495,random,2,0.0791,0.12,0,cpu,1,41,0.51,0.0,0.0
496,random,2,0.0794,0.14,0,cpu,1,30,0.32,0.0,0.0
497,random,2,0.0796,0.14,0,cpu,0,23,-10.62,0.0,0.0
498,random,2,0.0797,0.14,0,cpu,0,10,-10.59,0.0,0.0
499,random,2,0.0798,0.12,0,cpu,0,9,-10.08,0.0,0.0
500,random,2,0.0799,0.12,0,cpu,0,10,-10.79,0.0,0.0
501,random,2,0.08,0.12,0,cpu,0,14,-10.43,0.0,0.0
502,random,2,0.0801,0.12,0,cpu,0,20,-10.49,0.0,0.0
503,random,2,0.0803,0.12,0,cpu,0,17,-10.36,0.0,0.0
504,random,2,0.0806,0.12,0,cpu,0,40,-10.69,0.0,0.0
505,random,2,0.0807,0.12,0,cpu,0,6,-10.55,0.0,0.0
506,random,2,0.0809,0.12,0,cpu,0,24,-10.53,0.0,0.0
507,random,2,0.081,0.12,0,cpu,0,9,-10.68,0.0,0.0
508,random,2,0.0813,0.12,0,cpu,0,44,-10.13,0.0,0.0
509,random,2,0.0817,0.12,0,cpu,1,54,-0.12,0.0,0.0
510,random,2,0.082,0.1,0,cpu,0,39,-9.78,0.0,0.0
511,random,2,0.0821,0.1,0,cpu,0,13,-9.52,0.0,0.0
512,random,2,0.0823,0.08,0,cpu,0,16,-10.85,0.0,0.0
513,random,2,0.0823,0.08,0,cpu,0,6,-9.75,0.0,0.0
514,random,2,0.0825,0.08,0,cpu,0,24,-9.73,0.0,0.0
515,random,2,0.0828,0.08,0,cpu,0,32,-10.21,0.0,0.0
516,random,2,0.0829,0.08,0,cpu,0,14,-11.03,0.0,0.0
517,random,2,0.083,0.08,0,cpu,0,13,-10.72,0.0,0.0
518,random,2,0.0832,0.08,0,cpu,0,13,-10.32,0.0,0.0
519,random,2,0.0832,0.08,0,cpu,0,10,-10.39,0.0,0.0
520,random,2,0.0834,0.08,0,cpu,0,19,-10.38,0.0,0.0
521,random,2,0.0835,0.08,0,cpu,0,18,-9.87,0.0,0.0
522,random,2,0.0837,0.08,0,cpu,0,17,-10.76,0.0,0.0
523,random,2,0.0838,0.1,0,cpu,1,9,0.03,0.0,0.0
524,random,2,0.0839,0.1,0,cpu,0,16,-10.65,0.0,0.0
525,random,2,0.0841,0.1,0,cpu,0,21,-10.4,0.0,0.0
526,random,2,0.0843,0.1,0,cpu,0,29,-10.88,0.0,0.0
527,random,2,0.0844,0.12,0,cpu,1,7,0.45,0.0,0.0
528,random,2,0.0846,0.12,0,cpu,0,22,-10.71,0.0,0.0
529,random,2,0.085,0.12,0,cpu,0,48,-10.97,0.0,0.0
530,random,2,0.0853,0.12,0,cpu,0,40,-10.29,0.0,0.0
531,random,2,0.0854,0.1,0,cpu,0,6,-10.55,0.0,0.0
532,random,2,0.0855,0.12,0,cpu,1,9,0.03,0.0,0.0
533,random,2,0.0856,0.12,0,cpu,0,9,-10.68,0.0,0.0
534,random,2,0.0857,0.12,0,cpu,0,8,-10.37,0.0,0.0
535,random,2,0.086,0.12,0,cpu,0,40,-10.49,0.0,0.0
536,random,2,0.0861,0.14,0,cpu,1,14,-0.12,0.0,0.0
537,random,2,0.0862,0.14,0,cpu,0,6,-10.35,0.0,0.0
538,random,2,0.0863,0.14,0,cpu,0,19,-10.18,0.0,0.0
539,random,2,0.0864,0.14,0,cpu,0,8,-10.57,0.0,0.0
540,random,2,0.0865,0.14,0,cpu,0,15,-10.94,0.0,0.0
541,random,2,0.0868,0.16,0,cpu,1,36,-0.14,0.0,0.0
542,random,2,0.087,0.16,0,cpu,0,16,-10.25,0.0,0.0
543,random,2,0.0877,0.16,0,cpu,0,96,-11.25,0.0,0.0
544,random,2,0.0878,0.16,0,cpu,0,9,-10.48,0.0,0.0
545,random,2,0.088,0.14,0,cpu,0,24,-10.73,0.0,0.0
546,random,2,0.0881,0.14,0,cpu,1,12,0.7,0.0,0.0
547,random,2,0.0883,0.14,0,cpu,0,11,-9.3,0.0,0.0
548,random,2,0.0885,0.16,0,cpu,1,24,-0.02,0.0,0.0
549,random,2,0.0887,0.16,0,cpu,0,23,-11.02,0.0,0.0
550,random,2,0.0889,0.16,0,cpu,0,23,-10.02,0.0,0.0
551,random,2,0.0892,0.16,0,cpu,0,34,-10.63,0.0,0.0
552,random,2,0.0897,0.18,0,cpu,1,59,0.33,0.0,0.0
553,random,2,0.0898,0.18,0,cpu,0,11,-10.5,0.0,0.0
554,random,2,0.0899,0.18,0,cpu,0,10,-10.19,0.0,0.0
555,random,2,0.0903,0.2,0,cpu,1,35,-0.63,0.0,0.0
556,random,2,0.0905,0.2,0,cpu,0,24,-10.13,0.0,0.0
557,random,2,0.0906,0.2,0,cpu,0,14,-10.03,0.0,0.0
558,random,2,0.0908,0.2,0,cpu,0,14,-10.43,0.0,0.0
559,random,2,0.091,0.18,0,cpu,0,25,-9.84,0.0,0.0
560,random,2,0.0912,0.18,0,cpu,0,12,-10.81,0.0,0.0
561,random,2,0.0913,0.18,0,cpu,0,11,-10.7,0.0,0.0
562,random,2,0.0915,0.18,0,cpu,0,19,-10.78,0.0,0.0
563,random,2,0.0916,0.18,0,cpu,0,16,-10.45,0.0,0.0
564,random,2,0.0917,0.18,0,cpu,0,8,-10.77,0.0,0.0
565,random,2,0.0919,0.18,0,cpu,0,22,-10.91,0.0,0.0
566,random,2,0.0922,0.2,0,cpu,1,28,-1.06,0.0,0.0
567,random,2,0.0926,0.22,0,cpu,1,39,0.13,0.0,0.0
568,random,2,0.0927,0.22,0,cpu,0,11,-10.7,0.0,0.0
569,random,2,0.0929,0.22,0,cpu,0,12,-10.41,0.0,0.0
570,random,2,0.0929,0.22,0,cpu,0,8,-10.77,0.0,0.0
571,random,2,0.093,0.22,0,cpu,0,12,-10.61,0.0,0.0
572,random,2,0.0933,0.24,0,cpu,1,26,-0.24,0.0,0.0
573,random,2,0.0936,0.22,0,cpu,0,31,-10.1,0.0,0.0
574,random,2,0.0937,0.24,0,cpu,1,16,0.06,0.0,0.0
575,random,2,0.0938,0.24,0,cpu,0,7,-10.66,0.0,0.0
576,random,2,0.0941,0.24,0,cpu,0,32,-11.21,0.0,0.0
577,random,2,0.0942,0.22,0,cpu,0,9,-10.48,0.0,0.0
578,random,2,0.0944,0.26,0,cpu,2,15,10.68,0.0,0.0
579,random,2,0.0945,0.3,0,cpu,2,14,9.99,0.0,0.0
580,random,2,0.0948,0.3,0,cpu,0,27,-10.06,0.0,0.0
581,random,2,0.0949,0.3,0,cpu,0,11,-10.7,0.0,0.0
582,random,2,0.0951,0.28,0,cpu,0,21,-10.4,0.0,0.0
583,random,2,0.0952,0.28,0,cpu,0,7,-10.46,0.0,0.0
584,random,2,0.0957,0.28,0,cpu,0,53,-11.52,0.0,0.0
585,random,2,0.0959,0.3,0,cpu,1,18,0.04,0.0,0.0
586,random,2,0.0961,0.28,0,cpu,0,23,-10.82,0.0,0.0
587,random,2,0.0963,0.28,0,cpu,0,15,-11.14,0.0,0.0
588,random,2,0.0966,0.28,0,cpu,0,44,-10.93,0.0,0.0
589,random,2,0.0968,0.3,0,cpu,1,15,-0.03,0.0,0.0
590,random,2,0.0969,0.3,0,cpu,0,14,-10.43,0.0,0.0
591,random,2,0.097,0.28,0,cpu,0,8,-10.57,0.0,0.0
592,random,2,0.0971,0.28,0,cpu,0,7,-10.26,0.0,0.0
593,random,2,0.0972,0.28,0,cpu,0,8,-10.37,0.0,0.0
594,random,2,0.0977,0.28,0,cpu,0,51,-11.3,0.0,0.0
595,random,2,0.0979,0.28,0,cpu,0,24,-10.73,0.0,0.0
596,random,2,0.098,0.26,0,cpu,0,13,-10.72,0.0,0.0
597,random,2,0.0981,0.26,0,cpu,0,12,-9.81,0.0,0.0
598,random,2,0.0983,0.26,0,cpu,1,18,0.24,0.0,0.0
599,random,2,0.0985,0.26,0,cpu,0,17,-10.56,0.0,0.0
600,random,2,0.0986,0.26,0,cpu,0,12,-10.61,0.0,0.0
601,random,2,0.099,0.28,0,cpu,1,50,-0.08,0.0,0.0
602,random,2,0.0991,0.26,0,cpu,0,14,-10.23,0.0,0.0
603,random,2,0.0994,0.28,0,cpu,1,37,-1.25,0.0,0.0
604,random,2,0.0995,0.28,0,cpu,0,10,-10.19,0.0,0.0
605,random,2,0.0997,0.26,0,cpu,0,24,-10.33,0.0,0.0
606,random,2,0.0999,0.26,0,cpu,0,29,-10.68,0.0,0.0
607,random,2,0.1002,0.26,0,cpu,0,38,-10.87,0.0,0.0
608,random,2,0.1003,0.26,0,cpu,0,15,-10.54,0.0,0.0
609,random,2,0.1004,0.26,0,cpu,0,12,-10.61,0.0,0.0
610,random,2,0.1004,0.26,0,cpu,0,5,-10.44,0.0,0.0
611,random,2,0.1005,0.26,0,cpu,0,5,-10.44,0.0,0.0
612,random,2,0.1006,0.26,0,cpu,0,9,-10.68,0.0,0.0
613,random,2,0.1006,0.26,0,cpu,0,8,-9.97,0.0,0.0
614,random,2,0.1008,0.26,0,cpu,0,14,-10.43,0.0,0.0
615,random,2,0.101,0.26,0,cpu,0,27,-10.26,0.0,0.0
616,random,2,0.1012,0.24,0,cpu,0,23,-10.42,0.0,0.0
617,random,2,0.1013,0.22,0,cpu,0,11,-10.3,0.0,0.0
618,random,2,0.1013,0.22,0,cpu,0,5,-10.44,0.0,0.0
619,random,2,0.1014,0.24,0,cpu,1,6,-0.04,0.0,0.0
620,random,2,0.1014,0.24,0,cpu,0,8,-10.57,0.0,0.0
621,random,2,0.1017,0.26,0,cpu,1,28,-0.26,0.0,0.0
622,random,2,0.1018,0.24,0,cpu,0,16,-10.65,0.0,0.0
623,random,2,0.1021,0.24,0,cpu,0,36,-10.05,0.0,0.0
624,random,2,0.1022,0.24,0,cpu,1,18,0.44,0.0,0.0
625,random,2,0.1026,0.24,0,cpu,0,53,-10.92,0.0,0.0
626,random,2,0.1027,0.24,0,cpu,0,9,-10.28,0.0,0.0
627,random,2,0.1028,0.24,0,cpu,0,13,-10.92,0.0,0.0
628,random,2,0.1029,0.2,0,cpu,0,15,-10.74,0.0,0.0
629,random,2,0.1032,0.16,0,cpu,0,25,-10.24,0.0,0.0
630,random,2,0.1033,0.16,0,cpu,0,15,-10.74,0.0,0.0
631,random,2,0.1034,0.16,0,cpu,0,9,-10.28,0.0,0.0
632,random,2,0.1036,0.16,0,cpu,0,24,-9.93,0.0,0.0
633,random,2,0.1039,0.16,0,cpu,0,32,-10.61,0.0,0.0
634,random,2,0.1045,0.16,0,cpu,0,57,-11.16,0.0,0.0
635,random,2,0.1051,0.16,0,cpu,1,60,-0.78,0.0,0.0
636,random,2,0.1053,0.2,0,cpu,2,20,9.93,0.0,0.0
637,random,2,0.1056,0.2,0,cpu,0,27,-10.66,0.0,0.0
638,random,2,0.1058,0.2,0,cpu,0,13,-10.12,0.0,0.0
639,random,2,0.1059,0.18,0,cpu,0,14,-10.83,0.0,0.0
640,random,2,0.106,0.18,0,cpu,0,8,-10.37,0.0,0.0
641,random,2,0.1063,0.18,0,cpu,0,37,-10.96,0.0,0.0
642,random,2,0.1064,0.18,0,cpu,0,7,-10.66,0.0,0.0
643,random,2,0.1068,0.18,0,cpu,0,39,-10.58,0.0,0.0
644,random,2,0.1073,0.18,0,cpu,0,58,-10.27,0.0,0.0
645,random,2,0.1075,0.18,0,cpu,0,22,-10.11,0.0,0.0
646,random,2,0.1077,0.18,0,cpu,0,16,-10.45,0.0,0.0
647,random,2,0.1077,0.18,0,cpu,0,7,-10.66,0.0,0.0
648,random,2,0.108,0.18,0,cpu,1,27,0.45,0.0,0.0
649,random,2,0.1083,0.18,0,cpu,0,23,-10.02,0.0,0.0
650,random,2,0.1085,0.18,0,cpu,0,26,-10.75,0.0,0.0
651,random,2,0.1087,0.16,0,cpu,0,21,-10.6,0.0,0.0
652,random,2,0.109,0.18,0,cpu,1,34,-0.32,0.0,0.0
653,random,2,0.1091,0.16,0,cpu,0,11,-10.5,0.0,0.0
654,random,2,0.1092,0.18,0,cpu,1,8,-0.06,0.0,0.0
655,random,2,0.1094,0.18,0,cpu,0,13,-10.32,0.0,0.0
656,random,2,0.1097,0.18,0,cpu,0,34,-11.03,0.0,0.0
657,random,2,0.11,0.18,0,cpu,0,33,-10.32,0.0,0.0
658,random,2,0.1101,0.18,0,cpu,0,11,-9.9,0.0,0.0
659,random,2,0.1102,0.18,0,cpu,0,7,-10.26,0.0,0.0
660,random,2,0.1104,0.2,0,cpu,1,19,0.33,0.0,0.0
661,random,2,0.1108,0.22,0,cpu,1,44,-0.22,0.0,0.0
662,random,2,0.1109,0.22,0,cpu,0,5,-10.44,0.0,0.0
663,random,2,0.1111,0.22,0,cpu,0,15,-10.74,0.0,0.0
664,random,2,0.1111,0.22,0,cpu,0,9,-10.48,0.0,0.0
665,random,2,0.1113,0.26,0,cpu,2,13,10.1,0.0,0.0
666,random,2,0.1117,0.26,0,cpu,0,39,-10.98,0.0,0.0
667,random,2,0.1118,0.26,0,cpu,0,8,-9.97,0.0,0.0
668,random,2,0.1119,0.26,0,cpu,0,11,-10.9,0.0,0.0
669,random,2,0.1121,0.24,0,cpu,0,14,-9.63,0.0,0.0
670,random,2,0.1125,0.24,0,cpu,0,39,-10.38,0.0,0.0
671,random,2,0.1128,0.22,0,cpu,0,32,-9.81,0.0,0.0
672,random,2,0.113,0.22,0,cpu,0,22,-10.71,0.0,0.0
673,random,2,0.1131,0.22,0,cpu,0,8,-10.57,0.0,0.0
674,random,2,0.1132,0.2,0,cpu,0,11,-9.9,0.0,0.0
675,random,2,0.1136,0.2,0,cpu,0,36,-11.05,0.0,0.0
676,random,2,0.1138,0.2,0,cpu,0,11,-11.1,0.0,0.0
677,random,2,0.1139,0.22,0,cpu,1,9,0.23,0.0,0.0
678,random,2,0.1141,0.22,0,cpu,0,18,-9.87,0.0,0.0
679,random,2,0.1143,0.22,0,cpu,0,28,-10.57,0.0,0.0
680,random,2,0.1144,0.22,0,cpu,0,7,-9.66,0.0,0.0
681,random,2,0.1146,0.22,0,cpu,0,17,-10.76,0.0,0.0
682,random,2,0.1151,0.22,0,cpu,0,57,-10.76,0.0,0.0
683,random,2,0.1154,0.22,0,cpu,0,32,-10.81,0.0,0.0
684,random,2,0.1155,0.22,0,cpu,0,8,-10.77,0.0,0.0
685,random,2,0.1157,0.2,0,cpu,0,18,-10.07,0.0,0.0
686,random,2,0.1159,0.16,0,cpu,0,25,-10.24,0.0,0.0
687,random,2,0.116,0.16,0,cpu,0,8,-10.77,0.0,0.0
688,random,2,0.1161,0.18,0,cpu,1,9,-0.37,0.0,0.0
689,random,2,0.1163,0.2,0,cpu,1,16,0.46,0.0,0.0
690,random,2,0.1165,0.2,0,cpu,0,25,-10.84,0.0,0.0
691,random,2,0.1168,0.22,0,cpu,1,29,-0.37,0.0,0.0
692,random,2,0.117,0.22,0,cpu,0,24,-10.53,0.0,0.0
693,random,2,0.1171,0.22,0,cpu,0,6,-10.15,0.0,0.0
694,random,2,0.1172,0.22,0,cpu,0,11,-10.5,0.0,0.0
695,random,2,0.1173,0.22,0,cpu,0,9,-9.88,0.0,0.0
696,random,2,0.1175,0.22,0,cpu,0,21,-11.0,0.0,0.0
697,random,2,0.1177,0.22,0,cpu,0,10,-9.39,0.0,0.0
698,random,2,0.1181,0.2,0,cpu,0,53,-10.52,0.0,0.0
699,random,2,0.1183,0.2,0,cpu,0,21,-11.0,0.0,0.0
700,random,2,0.1185,0.2,0,cpu,0,11,-10.5,0.0,0.0
701,random,2,0.1188,0.2,0,cpu,0,34,-10.43,0.0,0.0
702,random,2,0.1191,0.18,0,cpu,0,30,-11.19,0.0,0.0
703,random,2,0.1193,0.18,0,cpu,0,26,-10.75,0.0,0.0
704,random,2,0.1195,0.16,0,cpu,0,15,-10.14,0.0,0.0
705,random,2,0.12,0.16,0,cpu,0,51,-10.5,0.0,0.0
706,random,2,0.1201,0.16,0,cpu,0,13,-9.72,0.0,0.0
707,random,2,0.1203,0.16,0,cpu,0,16,-11.05,0.0,0.0
708,random,2,0.1207,0.18,0,cpu,1,45,0.07,0.0,0.0
709,random,2,0.1208,0.18,0,cpu,0,11,-10.5,0.0,0.0
710,random,2,0.1208,0.16,0,cpu,0,6,-10.35,0.0,0.0
711,random,2,0.121,0.14,0,cpu,0,16,-10.05,0.0,0.0
712,random,2,0.1211,0.14,0,cpu,0,8,-9.57,0.0,0.0
713,random,2,0.1212,0.14,0,cpu,0,8,-10.77,0.0,0.0
714,random,2,0.1214,0.14,0,cpu,0,22,-10.71,0.0,0.0
715,random,2,0.1217,0.1,0,cpu,0,33,-10.12,0.0,0.0
716,random,2,0.122,0.1,0,cpu,0,22,-10.71,0.0,0.0
717,random,2,0.1221,0.1,0,cpu,0,17,-10.36,0.0,0.0
718,random,2,0.1222,0.1,0,cpu,0,9,-10.28,0.0,0.0
719,random,2,0.1224,0.1,0,cpu,0,18,-10.47,0.0,0.0
720,random,2,0.1225,0.1,0,cpu,0,13,-10.72,0.0,0.0
721,random,2,0.1227,0.1,0,cpu,0,19,-9.78,0.0,0.0
722,random,2,0.1233,0.14,0,cpu,2,63,9.0,0.0,0.0
723,random,2,0.1234,0.14,0,cpu,0,10,-10.59,0.0,0.0
724,random,2,0.1236,0.14,0,cpu,0,20,-10.49,0.0,0.0
725,random,2,0.1237,0.14,0,cpu,0,9,-10.08,0.0,0.0
726,random,2,0.1238,0.14,0,cpu,0,7,-10.26,0.0,0.0
727,random,2,0.1239,0.12,0,cpu,0,8,-10.77,0.0,0.0
728,random,2,0.124,0.14,0,cpu,1,15,0.17,0.0,0.0
729,random,2,0.1244,0.14,0,cpu,0,35,-10.74,0.0,0.0
730,random,2,0.1245,0.14,0,cpu,0,13,-10.52,0.0,0.0
731,random,2,0.1246,0.14,0,cpu,0,16,-10.25,0.0,0.0
732,random,2,0.1248,0.14,0,cpu,0,14,-10.43,0.0,0.0
733,random,2,0.125,0.14,0,cpu,0,17,-9.76,0.0,0.0
734,random,2,0.1251,0.16,0,cpu,1,8,0.54,0.0,0.0
735,random,2,0.1252,0.16,0,cpu,0,16,-10.45,0.0,0.0
736,random,2,0.1253,0.18,0,cpu,1,9,-0.17,0.0,0.0
737,random,2,0.1256,0.18,0,cpu,0,31,-10.5,0.0,0.0
738,random,2,0.1257,0.16,0,cpu,0,16,-10.65,0.0,0.0
739,random,2,0.1259,0.14,0,cpu,0,11,-10.3,0.0,0.0
740,random,2,0.1261,0.14,0,cpu,0,29,-10.68,0.0,0.0
741,random,2,0.1262,0.12,0,cpu,0,8,-9.77,0.0,0.0
742,random,2,0.1265,0.16,0,cpu,2,24,9.89,0.0,0.0
743,random,2,0.1265,0.16,0,cpu,0,7,-9.66,0.0,0.0
744,random,2,0.1267,0.16,0,cpu,0,18,-10.47,0.0,0.0
745,random,2,0.1269,0.16,0,cpu,0,19,-10.98,0.0,0.0
746,random,2,0.1271,0.18,0,cpu,1,23,-0.51,0.0,0.0
747,random,2,0.1272,0.18,0,cpu,0,10,-10.39,0.0,0.0
748,random,2,0.1273,0.18,0,cpu,0,9,-10.88,0.0,0.0
749,random,2,0.1275,0.18,0,cpu,0,15,-10.74,0.0,0.0
750,random,2,0.1276,0.18,0,cpu,0,12,-11.01,0.0,0.0
751,random,2,0.1279,0.18,0,cpu,0,30,-10.99,0.0,0.0
752,random,2,0.1283,0.18,0,cpu,0,40,-10.89,0.0,0.0
753,random,2,0.1284,0.18,0,cpu,0,16,-10.25,0.0,0.0
754,random,2,0.1286,0.18,0,cpu,0,25,-10.64,0.0,0.0
755,random,2,0.1288,0.22,0,cpu,2,9,10.14,0.0,0.0
756,random,2,0.129,0.22,0,cpu,0,30,-10.19,0.0,0.0
757,random,2,0.1295,0.22,0,cpu,0,49,-11.28,0.0,0.0
758,random,2,0.1296,0.2,0,cpu,0,8,-9.97,0.0,0.0
759,random,2,0.1297,0.2,0,cpu,0,11,-10.5,0.0,0.0
760,random,2,0.1301,0.2,0,cpu,0,37,-10.76,0.0,0.0
761,random,2,0.1302,0.2,0,cpu,0,12,-10.21,0.0,0.0
762,random,2,0.1304,0.2,0,cpu,0,17,-10.96,0.0,0.0
763,random,2,0.1305,0.2,0,cpu,0,8,-10.57,0.0,0.0
764,random,2,0.1306,0.2,0,cpu,0,8,-10.57,0.0,0.0
765,random,2,0.1307,0.2,0,cpu,0,14,-10.23,0.0,0.0
766,random,2,0.1308,0.2,0,cpu,0,11,-9.7,0.0,0.0
767,random,2,0.131,0.2,0,cpu,0,20,-11.09,0.0,0.0
768,random,2,0.1312,0.2,0,cpu,0,16,-10.45,0.0,0.0
769,random,2,0.1314,0.2,0,cpu,0,20,-10.89,0.0,0.0
770,random,2,0.1316,0.2,0,cpu,0,21,-9.8,0.0,0.0
771,random,2,0.1317,0.2,0,cpu,0,15,-10.74,0.0,0.0
772,random,2,0.1322,0.18,0,cpu,1,51,-0.59,0.0,0.0
773,random,2,0.1323,0.18,0,cpu,0,7,-10.66,0.0,0.0
774,random,2,0.1327,0.2,0,cpu,1,45,-0.13,0.0,0.0
775,random,2,0.133,0.2,0,cpu,0,33,-10.92,0.0,0.0
776,random,2,0.1332,0.2,0,cpu,0,20,-10.49,0.0,0.0
777,random,2,0.1334,0.2,0,cpu,0,15,-10.14,0.0,0.0
778,random,2,0.1335,0.18,0,cpu,0,6,-10.15,0.0,0.0
779,random,2,0.1336,0.18,0,cpu,0,14,-10.63,0.0,0.0
780,random,2,0.1337,0.2,0,cpu,1,10,0.52,0.0,0.0
781,random,2,0.1339,0.2,0,cpu,0,22,-10.31,0.0,0.0
782,random,2,0.134,0.22,0,cpu,1,6,-0.04,0.0,0.0
783,random,2,0.1342,0.22,0,cpu,0,18,-10.47,0.0,0.0
784,random,2,0.1345,0.2,0,cpu,0,27,-10.26,0.0,0.0
785,random,2,0.1346,0.2,0,cpu,0,12,-10.61,0.0,0.0
786,random,2,0.1347,0.18,0,cpu,0,7,-9.46,0.0,0.0
787,random,2,0.1348,0.18,0,cpu,0,7,-10.66,0.0,0.0
788,random,2,0.1349,0.18,0,cpu,0,15,-9.94,0.0,0.0
789,random,2,0.1353,0.24,0,cpu,3,39,20.75,0.0,0.0
790,random,2,0.1354,0.26,0,cpu,1,10,0.52,0.0,0.0
791,random,2,0.1358,0.26,0,cpu,0,39,-10.38,0.0,0.0
792,random,2,0.1361,0.24,0,cpu,1,31,0.01,0.0,0.0
793,random,2,0.1364,0.28,0,cpu,2,33,10.7,0.0,0.0
794,random,2,0.1366,0.28,0,cpu,0,23,-10.42,0.0,0.0
795,random,2,0.137,0.28,0,cpu,0,46,-10.95,0.0,0.0
796,random,2,0.1371,0.26,0,cpu,0,9,-10.48,0.0,0.0
797,random,2,0.1372,0.26,0,cpu,0,7,-10.66,0.0,0.0
798,random,2,0.1375,0.26,0,cpu,0,34,-10.63,0.0,0.0
799,random,2,0.1376,0.26,0,cpu,0,11,-9.9,0.0,0.0
800,random,2,0.1378,0.26,0,cpu,0,11,-9.9,0.0,0.0
801,random,2,0.1386,0.26,0,cpu,0,100,-3.6,0.0,0.0
802,random,2,0.1388,0.26,0,cpu,0,18,-10.27,0.0,0.0
803,random,2,0.139,0.26,0,cpu,0,21,-10.0,0.0,0.0
804,random,2,0.1391,0.26,0,cpu,0,8,-10.77,0.0,0.0
805,random,2,0.1393,0.22,0,cpu,0,23,-10.82,0.0,0.0
806,random,2,0.1394,0.22,0,cpu,0,8,-10.37,0.0,0.0
807,random,2,0.1398,0.22,0,cpu,0,48,-10.97,0.0,0.0
808,random,2,0.1399,0.22,0,cpu,0,13,-10.72,0.0,0.0
809,random,2,0.1401,0.22,0,cpu,0,13,-9.72,0.0,0.0
810,random,2,0.1403,0.22,0,cpu,0,19,-10.58,0.0,0.0
811,random,2,0.1404,0.22,0,cpu,0,12,-9.81,0.0,0.0
812,random,2,0.1405,0.22,0,cpu,0,10,-9.59,0.0,0.0
813,random,2,0.1406,0.22,0,cpu,0,7,-9.46,0.0,0.0
814,random,2,0.1407,0.22,0,cpu,0,13,-10.32,0.0,0.0
815,random,2,0.141,0.24,0,cpu,1,29,0.23,0.0,0.0
816,random,2,0.1413,0.24,0,cpu,0,30,-10.59,0.0,0.0
817,random,2,0.1414,0.24,0,cpu,0,11,-10.1,0.0,0.0
818,random,2,0.1415,0.24,0,cpu,0,9,-9.88,0.0,0.0
819,random,2,0.1417,0.24,0,cpu,0,23,-10.82,0.0,0.0
820,random,2,0.142,0.24,0,cpu,0,36,-10.85,0.0,0.0
821,random,2,0.1423,0.24,0,cpu,0,26,-9.55,0.0,0.0
822,random,2,0.1424,0.22,0,cpu,0,8,-10.57,0.0,0.0
823,random,2,0.1432,0.24,0,cpu,1,89,-1.37,0.0,0.0
824,random,2,0.1433,0.22,0,cpu,0,9,-10.28,0.0,0.0
825,random,2,0.1434,0.22,0,cpu,0,6,-10.55,0.0,0.0
826,random,2,0.1437,0.22,0,cpu,0,34,-10.63,0.0,0.0
827,random,2,0.1443,0.22,0,cpu,0,59,-10.78,0.0,0.0
828,random,2,0.1445,0.22,0,cpu,0,21,-10.8,0.0,0.0
829,random,2,0.1446,0.22,0,cpu,0,14,-10.23,0.0,0.0
830,random,2,0.1447,0.2,0,cpu,0,9,-10.28,0.0,0.0
831,random,2,0.1449,0.2,0,cpu,0,16,-10.65,0.0,0.0
832,random,2,0.1452,0.2,0,cpu,1,36,-0.54,0.0,0.0
833,random,2,0.1455,0.2,0,cpu,0,27,-9.86,0.0,0.0
834,random,2,0.1456,0.2,0,cpu,0,8,-10.77,0.0,0.0
835,random,2,0.1459,0.2,0,cpu,0,42,-10.91,0.0,0.0
836,random,2,0.1462,0.2,0,cpu,0,33,-11.12,0.0,0.0
837,random,2,0.1466,0.22,0,cpu,1,47,-1.35,0.0,0.0
838,random,2,0.1467,0.22,0,cpu,0,15,-10.54,0.0,0.0
839,random,2,0.147,0.16,0,cpu,0,29,-10.08,0.0,0.0
840,random,2,0.1471,0.14,0,cpu,0,22,-10.11,0.0,0.0
841,random,2,0.1472,0.14,0,cpu,0,12,-10.41,0.0,0.0
842,random,2,0.1473,0.12,0,cpu,0,9,-10.88,0.0,0.0
843,random,2,0.1474,0.08,0,cpu,0,7,-10.06,0.0,0.0
844,random,2,0.1475,0.08,0,cpu,0,15,-10.74,0.0,0.0
845,random,2,0.1477,0.08,0,cpu,0,15,-10.14,0.0,0.0
846,random,2,0.1478,0.08,0,cpu,0,13,-10.32,0.0,0.0
847,random,2,0.1479,0.08,0,cpu,0,16,-10.45,0.0,0.0
848,random,2,0.148,0.08,0,cpu,0,9,-10.68,0.0,0.0
849,random,2,0.148,0.08,0,cpu,0,7,-10.66,0.0,0.0
850,random,2,0.1482,0.08,0,cpu,0,22,-10.91,0.0,0.0
851,random,2,0.1483,0.08,0,cpu,0,12,-10.21,0.0,0.0
852,random,2,0.1484,0.08,0,cpu,0,8,-10.57,0.0,0.0
853,random,2,0.1487,0.1,0,cpu,1,36,-0.34,0.0,0.0
854,random,2,0.1488,0.1,0,cpu,0,9,-10.08,0.0,0.0
855,random,2,0.1489,0.1,0,cpu,0,12,-10.41,0.0,0.0
856,random,2,0.149,0.1,0,cpu,0,19,-10.58,0.0,0.0
857,random,2,0.1491,0.1,0,cpu,0,10,-10.59,0.0,0.0
858,random,2,0.1493,0.1,0,cpu,0,25,-10.64,0.0,0.0
859,random,2,0.1494,0.1,0,cpu,0,5,-10.04,0.0,0.0
860,random,2,0.1496,0.12,0,cpu,1,30,-0.48,0.0,0.0
861,random,2,0.1497,0.12,0,cpu,0,16,-10.85,0.0,0.0
862,random,2,0.1499,0.12,0,cpu,0,25,-11.04,0.0,0.0
863,random,2,0.1501,0.12,0,cpu,0,15,-10.54,0.0,0.0
864,random,2,0.1503,0.12,0,cpu,0,35,-9.74,0.0,0.0
865,random,2,0.1506,0.1,0,cpu,0,39,-9.98,0.0,0.0
866,random,2,0.1507,0.12,0,cpu,1,11,-0.19,0.0,0.0
867,random,2,0.1508,0.12,0,cpu,0,9,-10.48,0.0,0.0
868,random,2,0.1509,0.12,0,cpu,0,10,-10.79,0.0,0.0
869,random,2,0.1512,0.12,0,cpu,0,35,-10.94,0.0,0.0
870,random,2,0.1513,0.12,0,cpu,0,17,-10.36,0.0,0.0
871,random,2,0.1515,0.12,0,cpu,0,23,-9.62,0.0,0.0
872,random,2,0.1516,0.12,0,cpu,0,9,-10.68,0.0,0.0
873,random,2,0.1518,0.1,0,cpu,0,33,-9.92,0.0,0.0
874,random,2,0.152,0.1,0,cpu,0,20,-10.89,0.0,0.0
875,random,2,0.1521,0.1,0,cpu,0,8,-10.77,0.0,0.0
876,random,2,0.1523,0.1,0,cpu,0,26,-10.55,0.0,0.0
877,random,2,0.1525,0.12,0,cpu,1,31,0.21,0.0,0.0
878,random,2,0.1527,0.12,0,cpu,0,22,-10.71,0.0,0.0
879,random,2,0.1527,0.12,0,cpu,0,7,-10.26,0.0,0.0
880,random,2,0.1528,0.12,0,cpu,0,6,-9.95,0.0,0.0
881,random,2,0.1529,0.12,0,cpu,0,12,-10.21,0.0,0.0
882,random,2,0.1531,0.1,0,cpu,0,23,-11.02,0.0,0.0
883,random,2,0.1534,0.12,0,cpu,1,32,0.1,0.0,0.0
884,random,2,0.1535,0.12,0,cpu,0,20,-10.89,0.0,0.0
885,random,2,0.1539,0.12,0,cpu,0,49,-10.88,0.0,0.0
886,random,2,0.154,0.12,0,cpu,0,9,-9.88,0.0,0.0
887,random,2,0.1541,0.1,0,cpu,0,12,-10.21,0.0,0.0
888,random,2,0.1542,0.1,0,cpu,0,9,-10.28,0.0,0.0
889,random,2,0.1543,0.1,0,cpu,0,21,-9.6,0.0,0.0
890,random,2,0.1545,0.1,0,cpu,0,13,-10.12,0.0,0.0
891,random,2,0.1546,0.12,0,cpu,1,11,-0.19,0.0,0.0
892,random,2,0.1547,0.12,0,cpu,0,5,-10.04,0.0,0.0
893,random,2,0.1548,0.12,0,cpu,0,9,-10.28,0.0,0.0
894,random,2,0.155,0.14,0,cpu,1,31,0.01,0.0,0.0
895,random,2,0.1553,0.16,0,cpu,1,38,-0.76,0.0,0.0
896,random,2,0.1556,0.16,0,cpu,0,30,-10.19,0.0,0.0
897,random,2,0.1558,0.16,0,cpu,0,25,-10.44,0.0,0.0
898,random,2,0.1559,0.16,0,cpu,0,15,-10.74,0.0,0.0
899,random,2,0.1561,0.16,0,cpu,0,26,-10.35,0.0,0.0
900,random,2,0.1563,0.16,0,cpu,0,15,-10.34,0.0,0.0
901,random,2,0.1564,0.16,0,cpu,0,12,-10.21,0.0,0.0
902,random,2,0.1565,0.16,0,cpu,0,12,-10.41,0.0,0.0
903,random,2,0.1566,0.14,0,cpu,0,16,-10.65,0.0,0.0
904,random,2,0.1567,0.14,0,cpu,0,9,-10.88,0.0,0.0
905,random,2,0.157,0.14,0,cpu,0,36,-10.25,0.0,0.0
906,random,2,0.1574,0.14,0,cpu,0,63,-11.02,0.0,0.0
907,random,2,0.1575,0.14,0,cpu,0,13,-10.52,0.0,0.0
908,random,2,0.1577,0.14,0,cpu,0,22,-10.11,0.0,0.0
909,random,2,0.1578,0.14,0,cpu,0,8,-9.77,0.0,0.0
910,random,2,0.158,0.12,0,cpu,0,26,-10.35,0.0,0.0
911,random,2,0.1581,0.12,0,cpu,0,11,-10.9,0.0,0.0
912,random,2,0.1582,0.12,0,cpu,0,5,-10.44,0.0,0.0
913,random,2,0.1583,0.12,0,cpu,0,10,-10.99,0.0,0.0
914,random,2,0.1584,0.12,0,cpu,0,14,-10.43,0.0,0.0
915,random,2,0.1584,0.12,0,cpu,0,7,-10.46,0.0,0.0
916,random,2,0.1586,0.12,0,cpu,1,17,0.35,0.0,0.0
917,random,2,0.1589,0.12,0,cpu,0,43,-10.22,0.0,0.0
918,random,2,0.1591,0.12,0,cpu,0,12,-10.61,0.0,0.0
919,random,2,0.1592,0.12,0,cpu,0,21,-10.4,0.0,0.0
920,random,2,0.1594,0.12,0,cpu,0,13,-9.92,0.0,0.0
921,random,2,0.1595,0.12,0,cpu,0,12,-9.61,0.0,0.0
922,random,2,0.1596,0.12,0,cpu,0,16,-10.85,0.0,0.0
923,random,2,0.1597,0.12,0,cpu,0,7,-10.66,0.0,0.0
924,random,2,0.1598,0.12,0,cpu,0,15,-10.34,0.0,0.0
925,random,2,0.1601,0.12,0,cpu,0,38,-9.87,0.0,0.0
926,random,2,0.1602,0.12,0,cpu,0,19,-11.18,0.0,0.0
927,random,2,0.1605,0.1,0,cpu,0,30,-10.79,0.0,0.0
928,random,2,0.1606,0.12,0,cpu,1,17,0.15,0.0,0.0
929,random,2,0.1608,0.12,0,cpu,0,18,-10.07,0.0,0.0
930,random,2,0.161,0.12,0,cpu,0,30,-10.39,0.0,0.0
931,random,2,0.1611,0.12,0,cpu,0,9,-10.28,0.0,0.0
932,random,2,0.1612,0.12,0,cpu,0,6,-9.55,0.0,0.0
933,random,2,0.1613,0.1,0,cpu,0,12,-10.81,0.0,0.0
934,random,2,0.1614,0.1,0,cpu,0,20,-10.69,0.0,0.0
935,random,2,0.1615,0.1,0,cpu,0,8,-10.77,0.0,0.0
936,random,2,0.1619,0.1,0,cpu,0,41,-11.0,0.0,0.0
937,random,2,0.162,0.1,0,cpu,0,13,-10.32,0.0,0.0
938,random,2,0.162,0.1,0,cpu,0,7,-10.66,0.0,0.0
939,random,2,0.1622,0.1,0,cpu,0,13,-9.72,0.0,0.0
940,random,2,0.1624,0.1,0,cpu,0,28,-10.57,0.0,0.0
941,random,2,0.1626,0.1,0,cpu,1,21,0.51,0.0,0.0
942,random,2,0.1627,0.1,0,cpu,0,15,-10.54,0.0,0.0
943,random,2,0.1628,0.1,0,cpu,0,13,-10.52,0.0,0.0
944,random,2,0.1629,0.1,0,cpu,1,10,0.32,0.0,0.0
945,random,2,0.1631,0.08,0,cpu,0,19,-10.98,0.0,0.0
946,random,2,0.1632,0.08,0,cpu,0,6,-9.95,0.0,0.0
947,random,2,0.1632,0.08,0,cpu,0,8,-10.77,0.0,0.0
948,random,2,0.1633,0.08,0,cpu,0,13,-10.72,0.0,0.0
949,random,2,0.1634,0.08,0,cpu,0,9,-10.68,0.0,0.0
950,random,2,0.1636,0.08,0,cpu,0,19,-10.78,0.0,0.0
951,random,2,0.1638,0.08,0,cpu,0,27,-10.86,0.0,0.0
952,random,2,0.1639,0.08,0,cpu,0,7,-10.06,0.0,0.0
953,random,2,0.1642,0.08,0,cpu,0,36,-10.65,0.0,0.0
954,random,2,0.1644,0.08,0,cpu,0,23,-10.82,0.0,0.0
955,random,2,0.1645,0.08,0,cpu,0,10,-10.79,0.0,0.0
956,random,2,0.1646,0.08,0,cpu,0,9,-10.28,0.0,0.0
957,random,2,0.1648,0.12,0,cpu,2,27,10.36,0.0,0.0
958,random,2,0.165,0.12,0,cpu,0,19,-10.78,0.0,0.0
959,random,2,0.1653,0.16,0,cpu,2,34,9.79,0.0,0.0
960,random,2,0.1654,0.16,0,cpu,0,15,-10.54,0.0,0.0
961,random,2,0.1655,0.16,0,cpu,0,10,-9.79,0.0,0.0
962,random,2,0.1657,0.2,0,cpu,2,20,10.13,0.0,0.0
963,random,2,0.1659,0.2,0,cpu,0,27,-10.86,0.0,0.0
964,random,2,0.166,0.2,0,cpu,0,8,-10.37,0.0,0.0
965,random,2,0.1661,0.2,0,cpu,0,10,-9.79,0.0,0.0
966,random,2,0.1662,0.18,0,cpu,0,13,-10.52,0.0,0.0
967,random,2,0.1667,0.18,0,cpu,0,61,-11.0,0.0,0.0
968,random,2,0.1668,0.18,0,cpu,0,11,-9.9,0.0,0.0
969,random,2,0.1668,0.18,0,cpu,0,7,-10.26,0.0,0.0
970,random,2,0.167,0.18,0,cpu,0,14,-10.23,0.0,0.0
971,random,2,0.167,0.18,0,cpu,0,10,-9.79,0.0,0.0
972,random,2,0.1671,0.18,0,cpu,0,12,-10.61,0.0,0.0
973,random,2,0.1675,0.22,0,cpu,2,44,10.69,0.0,0.0
974,random,2,0.1677,0.22,0,cpu,0,22,-10.71,0.0,0.0
975,random,2,0.1678,0.22,0,cpu,0,14,-11.03,0.0,0.0
976,random,2,0.1679,0.22,0,cpu,0,10,-10.79,0.0,0.0
977,random,2,0.1681,0.26,0,cpu,2,19,10.24,0.0,0.0
978,random,2,0.1681,0.24,0,cpu,0,8,-10.77,0.0,0.0
979,random,2,0.1683,0.24,0,cpu,0,15,-10.94,0.0,0.0
980,random,2,0.1684,0.24,0,cpu,0,19,-10.18,0.0,0.0
981,random,2,0.1688,0.24,0,cpu,0,39,-10.98,0.0,0.0
982,random,2,0.1689,0.24,0,cpu,0,15,-10.54,0.0,0.0
983,random,2,0.1692,0.24,0,cpu,0,36,-10.05,0.0,0.0
984,random,2,0.1692,0.24,0,cpu,0,9,-10.08,0.0,0.0
985,random,2,0.1693,0.24,0,cpu,0,8,-9.97,0.0,0.0
986,random,2,0.1694,0.26,0,cpu,1,9,0.43,0.0,0.0
987,random,2,0.1695,0.26,0,cpu,0,9,-10.28,0.0,0.0
988,random,2,0.1697,0.26,0,cpu,0,34,-11.03,0.0,0.0
989,random,2,0.1698,0.26,0,cpu,0,9,-10.28,0.0,0.0
990,random,2,0.1699,0.26,0,cpu,0,9,-10.28,0.0,0.0
991,random,2,0.17,0.24,0,cpu,0,14,-10.03,0.0,0.0
992,random,2,0.1701,0.24,0,cpu,0,10,-10.59,0.0,0.0
993,random,2,0.1702,0.24,0,cpu,0,9,-10.48,0.0,0.0
994,random,2,0.1704,0.22,0,cpu,0,21,-10.8,0.0,0.0
995,random,2,0.1705,0.22,0,cpu,0,15,-10.14,0.0,0.0
996,random,2,0.1706,0.22,0,cpu,0,11,-10.1,0.0,0.0
997,random,2,0.1709,0.22,0,cpu,0,29,-10.88,0.0,0.0
998,random,2,0.171,0.22,0,cpu,0,10,-9.99,0.0,0.0
999,random,2,0.1711,0.24,0,cpu,1,13,-0.01,0.0,0.0
1000,random,2,0.1712,0.24,0,cpu,0,13,-10.12,0.0,0.0
1001,random,2,0.1713,0.24,0,cpu,0,16,-10.85,0.0,0.0
1002,random,2,0.1715,0.24,0,cpu,0,25,-10.64,0.0,0.0
1003,random,2,0.1717,0.26,0,cpu,1,18,0.04,0.0,0.0
1004,random,2,0.1718,0.26,0,cpu,0,9,-10.28,0.0,0.0
1005,random,2,0.1719,0.26,0,cpu,0,13,-10.92,0.0,0.0
1006,random,2,0.1721,0.26,0,cpu,0,32,-10.61,0.0,0.0
1007,random,2,0.1723,0.22,0,cpu,0,23,-10.02,0.0,0.0
1008,random,2,0.1725,0.22,0,cpu,0,29,-10.48,0.0,0.0
1009,random,2,0.1726,0.18,0,cpu,0,13,-10.12,0.0,0.0
1010,random,2,0.1727,0.18,0,cpu,0,11,-9.7,0.0,0.0
1011,random,2,0.1729,0.18,0,cpu,0,29,-10.28,0.0,0.0
1012,random,2,0.1731,0.14,0,cpu,0,22,-10.31,0.0,0.0
1013,random,2,0.1736,0.14,0,cpu,0,59,-10.78,0.0,0.0
1014,random,2,0.1737,0.14,0,cpu,0,11,-10.5,0.0,0.0
1015,random,2,0.1738,0.14,0,cpu,0,16,-10.25,0.0,0.0
1016,random,2,0.174,0.14,0,cpu,0,25,-10.44,0.0,0.0
1017,random,2,0.1742,0.16,0,cpu,1,29,-0.37,0.0,0.0
1018,random,2,0.1743,0.16,0,cpu,0,7,-10.26,0.0,0.0
1019,random,2,0.1745,0.16,0,cpu,0,30,-10.79,0.0,0.0
1020,random,2,0.1747,0.16,0,cpu,0,24,-10.73,0.0,0.0
1021,random,2,0.1748,0.16,0,cpu,0,8,-9.77,0.0,0.0
1022,random,2,0.1749,0.16,0,cpu,0,7,-10.06,0.0,0.0
1023,random,2,0.175,0.12,0,cpu,0,10,-10.59,0.0,0.0
1024,random,2,0.1751,0.12,0,cpu,0,18,-10.07,0.0,0.0
1025,random,2,0.1752,0.12,0,cpu,0,15,-10.74,0.0,0.0
1026,random,2,0.1756,0.14,0,cpu,1,48,-0.66,0.0,0.0
1027,random,2,0.1757,0.1,0,cpu,0,14,-10.43,0.0,0.0
1028,random,2,0.1758,0.1,0,cpu,0,7,-10.46,0.0,0.0
1029,random,2,0.1759,0.1,0,cpu,0,9,-10.08,0.0,0.0
1030,random,2,0.176,0.14,0,cpu,2,9,9.74,0.0,0.0
1031,random,2,0.1762,0.14,0,cpu,0,31,-9.5,0.0,0.0
1032,random,2,0.1765,0.14,0,cpu,0,35,-10.14,0.0,0.0
1033,random,2,0.1772,0.14,0,cpu,0,100,-2.8,0.0,0.0
1034,random,2,0.1774,0.14,0,cpu,0,17,-9.56,0.0,0.0
1035,random,2,0.1777,0.14,0,cpu,0,43,-11.02,0.0,0.0
1036,random,2,0.1779,0.12,0,cpu,0,28,-10.57,0.0,0.0
1037,random,2,0.1783,0.12,0,cpu,0,41,-11.0,0.0,0.0
1038,random,2,0.1785,0.14,0,cpu,1,29,-0.17,0.0,0.0
1039,random,2,0.1786,0.14,0,cpu,0,16,-9.65,0.0,0.0
1040,random,2,0.1788,0.16,0,cpu,1,19,-0.07,0.0,0.0
1041,random,2,0.179,0.18,0,cpu,1,24,-0.02,0.0,0.0
1042,random,2,0.1791,0.18,0,cpu,0,16,-10.65,0.0,0.0
1043,random,2,0.1793,0.18,0,cpu,0,31,-10.7,0.0,0.0
1044,random,2,0.1798,0.2,0,cpu,1,52,-1.1,0.0,0.0
1045,random,2,0.1799,0.2,0,cpu,0,13,-9.52,0.0,0.0
1046,random,2,0.18,0.2,0,cpu,0,9,-9.88,0.0,0.0
1047,random,2,0.18,0.2,0,cpu,0,9,-10.68,0.0,0.0
1048,random,2,0.1805,0.2,0,cpu,0,62,-10.71,0.0,0.0
1049,random,2,0.1807,0.18,0,cpu,0,22,-10.71,0.0,0.0
1050,random,2,0.1809,0.18,0,cpu,0,23,-10.82,0.0,0.0
1051,random,2,0.181,0.18,0,cpu,0,11,-9.7,0.0,0.0
1052,random,2,0.1811,0.18,0,cpu,0,15,-10.74,0.0,0.0
1053,random,2,0.1812,0.16,0,cpu,0,16,-10.85,0.0,0.0
1054,random,2,0.1813,0.16,0,cpu,0,12,-10.21,0.0,0.0
1055,random,2,0.1815,0.16,0,cpu,0,24,-9.73,0.0,0.0
1056,random,2,0.1816,0.16,0,cpu,0,7,-10.26,0.0,0.0
1057,random,2,0.1817,0.16,0,cpu,0,21,-10.8,0.0,0.0
1058,random,2,0.1821,0.18,0,cpu,1,50,-1.28,0.0,0.0
1059,random,2,0.1823,0.2,0,cpu,1,19,0.33,0.0,0.0
1060,random,2,0.1824,0.22,0,cpu,1,16,-0.14,0.0,0.0
1061,random,2,0.1829,0.26,0,cpu,2,56,9.57,0.0,0.0
1062,random,2,0.183,0.26,0,cpu,0,14,-10.43,0.0,0.0
1063,random,2,0.1831,0.26,0,cpu,0,18,-9.47,0.0,0.0
1064,random,2,0.1832,0.26,0,cpu,0,5,-10.44,0.0,0.0
1065,random,2,0.1832,0.26,0,cpu,0,6,-10.35,0.0,0.0
1066,random,2,0.1835,0.28,0,cpu,1,31,-0.39,0.0,0.0
1067,random,2,0.1837,0.3,0,cpu,2,22,10.31,0.0,0.0
1068,random,2,0.1838,0.32,0,cpu,1,9,0.03,0.0,0.0
1069,random,2,0.1838,0.32,0,cpu,0,6,-10.15,0.0,0.0
1070,random,2,0.1839,0.32,0,cpu,0,11,-10.3,0.0,0.0
1071,random,2,0.1842,0.32,0,cpu,0,37,-10.76,0.0,0.0
1072,random,2,0.1843,0.32,0,cpu,0,14,-9.83,0.0,0.0
1073,random,2,0.1845,0.34,0,cpu,1,27,0.05,0.0,0.0
1074,random,2,0.1846,0.34,0,cpu,0,15,-10.14,0.0,0.0
1075,random,2,0.185,0.36,0,cpu,1,45,-0.53,0.0,0.0
1076,random,2,0.1851,0.34,0,cpu,0,14,-9.83,0.0,0.0
1077,random,2,0.1854,0.34,0,cpu,0,40,-10.29,0.0,0.0
1078,random,2,0.1856,0.36,0,cpu,1,32,-0.3,0.0,0.0
1079,random,2,0.1858,0.36,0,cpu,0,31,-10.3,0.0,0.0
1080,random,2,0.1861,0.32,0,cpu,0,30,-10.19,0.0,0.0
1081,random,2,0.1863,0.32,0,cpu,0,29,-10.48,0.0,0.0
1082,random,2,0.1864,0.32,0,cpu,0,13,-10.32,0.0,0.0
1083,random,2,0.1865,0.34,0,cpu,1,9,0.03,0.0,0.0
1084,random,2,0.1866,0.34,0,cpu,0,17,-10.36,0.0,0.0
1085,random,2,0.1867,0.34,0,cpu,0,5,-10.44,0.0,0.0
1086,random,2,0.1867,0.34,0,cpu,0,8,-10.37,0.0,0.0
1087,random,2,0.1869,0.34,0,cpu,0,28,-10.17,0.0,0.0
1088,random,2,0.1871,0.32,0,cpu,0,19,-10.98,0.0,0.0
1089,random,2,0.1872,0.32,0,cpu,0,9,-9.88,0.0,0.0
1090,random,2,0.1874,0.3,0,cpu,0,37,-9.96,0.0,0.0
1091,random,2,0.1876,0.28,0,cpu,0,18,-11.07,0.0,0.0
1092,random,2,0.1877,0.28,0,cpu,0,18,-10.87,0.0,0.0
1093,random,2,0.1878,0.28,0,cpu,0,7,-10.46,0.0,0.0
1094,random,2,0.1879,0.26,0,cpu,0,11,-10.3,0.0,0.0
1095,random,2,0.1882,0.28,0,cpu,1,36,0.66,0.0,0.0
1096,random,2,0.1883,0.3,0,cpu,1,8,0.34,0.0,0.0
1097,random,2,0.1884,0.3,0,cpu,0,18,-10.67,0.0,0.0
1098,random,2,0.1886,0.32,0,cpu,1,15,-0.63,0.0,0.0
1099,random,2,0.1888,0.34,0,cpu,1,22,0.0,0.0,0.0
1100,random,2,0.1889,0.34,0,cpu,0,12,-10.41,0.0,0.0
1101,random,2,0.1893,0.34,0,cpu,0,44,-10.73,0.0,0.0
1102,random,2,0.1894,0.34,0,cpu,0,19,-10.98,0.0,0.0
1103,random,2,0.1895,0.36,0,cpu,1,18,-0.36,0.0,0.0
1104,random,2,0.1899,0.36,0,cpu,0,52,-11.01,0.0,0.0
1105,random,2,0.1901,0.36,0,cpu,0,16,-9.85,0.0,0.0
1106,random,2,0.1902,0.36,0,cpu,0,20,-9.89,0.0,0.0
1107,random,2,0.1905,0.36,0,cpu,0,38,-10.87,0.0,0.0
1108,random,2,0.1906,0.34,0,cpu,0,14,-9.63,0.0,0.0
1109,random,2,0.1907,0.32,0,cpu,0,12,-11.01,0.0,0.0
1110,random,2,0.1908,0.3,0,cpu,0,8,-10.37,0.0,0.0
1111,random,2,0.191,0.26,0,cpu,0,26,-10.15,0.0,0.0
1112,random,2,0.1911,0.26,0,cpu,0,9,-10.28,0.0,0.0
1113,random,2,0.1912,0.26,0,cpu,0,11,-10.9,0.0,0.0
1114,random,2,0.1915,0.28,0,cpu,1,44,-0.42,0.0,0.0
1115,random,2,0.1917,0.3,0,cpu,1,15,-0.03,0.0,0.0
1116,random,2,0.1918,0.28,0,cpu,0,15,-10.34,0.0,0.0
1117,random,2,0.1921,0.24,0,cpu,0,34,-11.23,0.0,0.0
1118,random,2,0.1922,0.22,0,cpu,0,14,-10.63,0.0,0.0
1119,random,2,0.1923,0.22,0,cpu,0,12,-10.21,0.0,0.0
1120,random,2,0.1926,0.24,0,cpu,1,47,-0.55,0.0,0.0
1121,random,2,0.1928,0.24,0,cpu,0,27,-10.46,0.0,0.0
1122,random,2,0.1933,0.26,0,cpu,1,62,-0.2,0.0,0.0
1123,random,2,0.1934,0.24,0,cpu,0,13,-10.72,0.0,0.0
1124,random,2,0.1935,0.24,0,cpu,0,9,-9.88,0.0,0.0
1125,random,2,0.1937,0.24,0,cpu,1,21,0.31,0.0,0.0
1126,random,2,0.1939,0.24,0,cpu,0,17,-10.16,0.0,0.0
1127,random,2,0.194,0.24,0,cpu,0,19,-10.58,0.0,0.0
1128,random,2,0.1941,0.22,0,cpu,0,7,-10.06,0.0,0.0
1129,random,2,0.1941,0.22,0,cpu,0,8,-10.37,0.0,0.0
1130,random,2,0.1942,0.22,0,cpu,0,11,-10.3,0.0,0.0
1131,random,2,0.1944,0.22,0,cpu,0,15,-10.34,0.0,0.0
1132,random,2,0.1945,0.22,0,cpu,0,12,-9.61,0.0,0.0
1133,random,2,0.1948,0.22,0,cpu,1,45,-0.93,0.0,0.0
1134,random,2,0.1951,0.22,0,cpu,0,34,-10.03,0.0,0.0
1135,random,2,0.1952,0.22,0,cpu,0,17,-9.96,0.0,0.0
1136,random,2,0.1955,0.22,0,cpu,0,30,-10.99,0.0,0.0
1137,random,2,0.1956,0.22,0,cpu,0,18,-9.67,0.0,0.0
1138,random,2,0.1959,0.22,0,cpu,0,27,-10.86,0.0,0.0
1139,random,2,0.1959,0.24,0,cpu,1,8,-0.26,0.0,0.0
1140,random,2,0.1961,0.24,0,cpu,0,14,-9.83,0.0,0.0
1141,random,2,0.1963,0.24,0,cpu,0,29,-9.68,0.0,0.0
1142,random,2,0.1964,0.24,0,cpu,0,15,-10.74,0.0,0.0
1143,random,2,0.1966,0.24,0,cpu,0,21,-10.8,0.0,0.0
1144,random,2,0.1967,0.24,0,cpu,0,11,-9.7,0.0,0.0
1145,random,2,0.1969,0.22,0,cpu,0,20,-10.69,0.0,0.0
1146,random,2,0.197,0.2,0,cpu,0,15,-10.94,0.0,0.0
1147,random,2,0.1971,0.2,0,cpu,0,8,-10.57,0.0,0.0
1148,random,2,0.1972,0.18,0,cpu,0,18,-10.87,0.0,0.0
1149,random,2,0.1973,0.16,0,cpu,0,8,-9.77,0.0,0.0
1150,random,2,0.1977,0.16,0,cpu,0,57,-10.76,0.0,0.0
1151,random,2,0.1978,0.16,0,cpu,0,11,-10.5,0.0,0.0
1152,random,2,0.1979,0.16,0,cpu,0,14,-10.83,0.0,0.0
1153,random,2,0.1981,0.16,0,cpu,1,23,-0.11,0.0,0.0
1154,random,2,0.1982,0.16,0,cpu,0,12,-10.81,0.0,0.0
1155,random,2,0.1983,0.16,0,cpu,0,20,-9.69,0.0,0.0
1156,random,2,0.1986,0.16,0,cpu,0,41,-11.0,0.0,0.0
1157,random,2,0.1988,0.16,0,cpu,0,17,-9.76,0.0,0.0
1158,random,2,0.199,0.16,0,cpu,0,26,-10.35,0.0,0.0
1159,random,2,0.1991,0.16,0,cpu,0,12,-9.61,0.0,0.0
1160,random,2,0.1992,0.16,0,cpu,0,23,-10.82,0.0,0.0
1161,random,2,0.1994,0.16,0,cpu,0,17,-10.36,0.0,0.0
1162,random,2,0.1996,0.18,0,cpu,1,23,-0.31,0.0,0.0
1163,random,2,0.1997,0.18,0,cpu,0,13,-10.12,0.0,0.0
1164,random,2,0.1998,0.16,0,cpu,0,9,-10.28,0.0,0.0
1165,random,2,0.2001,0.14,0,cpu,0,45,-10.84,0.0,0.0
1166,random,2,0.2004,0.14,0,cpu,0,35,-10.74,0.0,0.0
1167,random,2,0.2006,0.14,0,cpu,0,29,-10.28,0.0,0.0
1168,random,2,0.2008,0.14,0,cpu,0,21,-10.8,0.0,0.0
1169,random,2,0.2009,0.14,0,cpu,0,11,-10.5,0.0,0.0
1170,random,2,0.201,0.12,0,cpu,0,10,-10.99,0.0,0.0
1171,random,2,0.201,0.12,0,cpu,0,10,-10.19,0.0,0.0
1172,random,2,0.2011,0.1,0,cpu,0,8,-10.37,0.0,0.0
1173,random,2,0.2013,0.1,0,cpu,0,17,-10.16,0.0,0.0
1174,random,2,0.2013,0.1,0,cpu,0,10,-10.99,0.0,0.0
1175,random,2,0.2015,0.08,0,cpu,0,26,-10.75,0.0,0.0
1176,random,2,0.2017,0.1,0,cpu,1,18,-0.16,0.0,0.0
1177,random,2,0.2018,0.1,0,cpu,0,7,-10.46,0.0,0.0
1178,random,2,0.202,0.1,0,cpu,0,23,-10.82,0.0,0.0
1179,random,2,0.2021,0.1,0,cpu,0,20,-10.09,0.0,0.0
1180,random,2,0.2023,0.1,0,cpu,0,28,-10.17,0.0,0.0
1181,random,2,0.2024,0.1,0,cpu,0,14,-11.03,0.0,0.0
1182,random,2,0.2025,0.1,0,cpu,0,10,-10.59,0.0,0.0
1183,random,2,0.2027,0.08,0,cpu,0,22,-10.91,0.0,0.0
1184,random,2,0.203,0.08,0,cpu,0,34,-10.83,0.0,0.0
1185,random,2,0.203,0.08,0,cpu,0,6,-9.75,0.0,0.0
1186,random,2,0.2031,0.08,0,cpu,0,12,-11.01,0.0,0.0
1187,random,2,0.2033,0.08,0,cpu,0,17,-9.96,0.0,0.0
1188,random,2,0.2033,0.08,0,cpu,0,8,-10.57,0.0,0.0
1189,random,2,0.2035,0.06,0,cpu,0,19,-10.58,0.0,0.0
1190,random,2,0.2037,0.06,0,cpu,0,32,-10.21,0.0,0.0
1191,random,2,0.2039,0.06,0,cpu,0,18,-10.27,0.0,0.0
1192,random,2,0.204,0.06,0,cpu,0,14,-10.63,0.0,0.0
1193,random,2,0.2041,0.06,0,cpu,0,9,-10.88,0.0,0.0
1194,random,2,0.2042,0.06,0,cpu,0,14,-10.03,0.0,0.0
1195,random,2,0.2044,0.06,0,cpu,0,22,-9.71,0.0,0.0
1196,random,2,0.2045,0.06,0,cpu,0,14,-10.03,0.0,0.0
1197,random,2,0.2046,0.06,0,cpu,0,8,-9.77,0.0,0.0
1198,random,2,0.2047,0.06,0,cpu,0,20,-10.49,0.0,0.0
1199,random,2,0.2048,0.06,0,cpu,0,13,-10.52,0.0,0.0
1200,random,2,0.2049,0.06,0,cpu,0,7,-10.26,0.0,0.0
1201,random,2,0.2051,0.06,0,cpu,0,27,-10.66,0.0,0.0
1202,random,2,0.2054,0.06,0,cpu,0,34,-10.43,0.0,0.0
1203,random,2,0.2056,0.04,0,cpu,0,22,-10.71,0.0,0.0
1204,random,2,0.2057,0.04,0,cpu,0,12,-10.61,0.0,0.0
1205,random,2,0.2058,0.04,0,cpu,0,12,-10.61,0.0,0.0
1206,random,2,0.206,0.04,0,cpu,0,29,-10.28,0.0,0.0
1207,random,2,0.2062,0.04,0,cpu,0,21,-10.6,0.0,0.0
1208,random,2,0.2063,0.04,0,cpu,0,7,-10.46,0.0,0.0
1209,random,2,0.2065,0.06,0,cpu,1,32,0.1,0.0,0.0
1210,random,2,0.2066,0.06,0,cpu,0,7,-10.26,0.0,0.0
1211,random,2,0.2067,0.06,0,cpu,0,11,-10.1,0.0,0.0
1212,random,2,0.2068,0.04,0,cpu,0,11,-10.3,0.0,0.0
1213,random,2,0.2069,0.04,0,cpu,0,11,-10.5,0.0,0.0
1214,random,2,0.207,0.04,0,cpu,0,17,-10.16,0.0,0.0
1215,random,2,0.2071,0.04,0,cpu,0,15,-10.54,0.0,0.0
1216,random,2,0.2072,0.04,0,cpu,0,8,-10.57,0.0,0.0
1217,random,2,0.2073,0.04,0,cpu,0,8,-10.37,0.0,0.0
1218,random,2,0.2075,0.06,0,cpu,1,21,-1.09,0.0,0.0
1219,random,2,0.2075,0.06,0,cpu,0,9,-10.68,0.0,0.0
1220,random,2,0.2077,0.06,0,cpu,0,11,-10.7,0.0,0.0
1221,random,2,0.2077,0.06,0,cpu,0,12,-10.41,0.0,0.0
1222,random,2,0.2079,0.06,0,cpu,0,19,-10.18,0.0,0.0
1223,random,2,0.208,0.06,0,cpu,0,8,-10.37,0.0,0.0
1224,random,2,0.2082,0.06,0,cpu,0,26,-10.55,0.0,0.0
1225,random,2,0.2083,0.06,0,cpu,0,13,-10.52,0.0,0.0
1226,random,2,0.2084,0.04,0,cpu,0,10,-10.39,0.0,0.0
1227,random,2,0.2086,0.04,0,cpu,0,30,-10.79,0.0,0.0
1228,random,2,0.2087,0.04,0,cpu,0,9,-10.28,0.0,0.0
1229,random,2,0.2089,0.04,0,cpu,0,16,-10.85,0.0,0.0
1230,random,2,0.2089,0.04,0,cpu,0,8,-10.57,0.0,0.0
1231,random,2,0.2091,0.04,0,cpu,0,22,-10.91,0.0,0.0
1232,random,2,0.2092,0.04,0,cpu,0,10,-10.99,0.0,0.0
1233,random,2,0.2092,0.04,0,cpu,0,7,-10.26,0.0,0.0
1234,random,2,0.2094,0.04,0,cpu,0,13,-9.92,0.0,0.0
1235,random,2,0.2097,0.06,0,cpu,1,47,0.05,0.0,0.0
1236,random,2,0.2099,0.06,0,cpu,0,29,-10.88,0.0,0.0
1237,random,2,0.2102,0.06,0,cpu,0,32,-11.21,0.0,0.0
1238,random,2,0.2103,0.06,0,cpu,0,9,-10.28,0.0,0.0
1239,random,2,0.2105,0.06,0,cpu,0,17,-10.76,0.0,0.0
1240,random,2,0.2105,0.06,0,cpu,0,9,-10.48,0.0,0.0
1241,random,2,0.2106,0.06,0,cpu,0,15,-10.14,0.0,0.0
1242,random,2,0.2108,0.06,0,cpu,0,18,-10.07,0.0,0.0
1243,random,2,0.2109,0.06,0,cpu,0,16,-10.65,0.0,0.0
1244,random,2,0.211,0.06,0,cpu,0,8,-10.57,0.0,0.0
1245,random,2,0.2111,0.06,0,cpu,0,14,-10.63,0.0,0.0
1246,random,2,0.2113,0.08,0,cpu,1,23,0.29,0.0,0.0
1247,random,2,0.2114,0.08,0,cpu,0,7,-10.66,0.0,0.0
1248,random,2,0.2118,0.08,0,cpu,0,50,-10.99,0.0,0.0
1249,random,2,0.2119,0.08,0,cpu,0,24,-10.33,0.0,0.0
1250,random,2,0.2121,0.1,0,cpu,1,17,-0.25,0.0,0.0
1251,random,2,0.2121,0.1,0,cpu,0,9,-10.48,0.0,0.0
1252,random,2,0.2123,0.14,0,cpu,2,21,9.82,0.0,0.0
1253,random,2,0.2124,0.14,0,cpu,0,11,-9.9,0.0,0.0
1254,random,2,0.2125,0.14,0,cpu,0,11,-10.7,0.0,0.0
1255,random,2,0.2127,0.14,0,cpu,0,17,-10.16,0.0,0.0
1256,random,2,0.2127,0.14,0,cpu,0,5,-9.64,0.0,0.0
1257,random,2,0.2128,0.14,0,cpu,0,8,-10.37,0.0,0.0
1258,random,2,0.213,0.14,0,cpu,0,19,-10.98,0.0,0.0
1259,random,2,0.213,0.12,0,cpu,0,8,-10.57,0.0,0.0
1260,random,2,0.2132,0.12,0,cpu,0,19,-10.98,0.0,0.0
1261,random,2,0.2133,0.12,0,cpu,0,16,-10.85,0.0,0.0
1262,random,2,0.2134,0.12,0,cpu,0,10,-10.19,0.0,0.0
1263,random,2,0.2135,0.12,0,cpu,0,9,-10.08,0.0,0.0
1264,random,2,0.2136,0.12,0,cpu,0,13,-10.52,0.0,0.0
1265,random,2,0.2137,0.12,0,cpu,0,11,-10.5,0.0,0.0
1266,random,2,0.214,0.12,0,cpu,0,29,-9.88,0.0,0.0
1267,random,2,0.2141,0.14,0,cpu,1,16,-0.14,0.0,0.0
1268,random,2,0.2143,0.12,0,cpu,0,26,-10.15,0.0,0.0
1269,random,2,0.2144,0.12,0,cpu,0,8,-9.57,0.0,0.0
1270,random,2,0.2145,0.12,0,cpu,0,9,-10.28,0.0,0.0
1271,random,2,0.2146,0.12,0,cpu,0,9,-10.88,0.0,0.0
1272,random,2,0.2148,0.12,0,cpu,0,25,-10.24,0.0,0.0
1273,random,2,0.2149,0.12,0,cpu,0,20,-11.09,0.0,0.0
1274,random,2,0.215,0.12,0,cpu,0,8,-10.37,0.0,0.0
1275,random,2,0.2151,0.14,0,cpu,1,16,-0.14,0.0,0.0
1276,random,2,0.2153,0.14,0,cpu,0,31,-9.9,0.0,0.0
1277,random,2,0.2154,0.16,0,cpu,1,11,0.41,0.0,0.0
1278,random,2,0.2156,0.16,0,cpu,0,14,-10.03,0.0,0.0
1279,random,2,0.2161,0.18,0,cpu,1,68,-0.86,0.0,0.0
1280,random,2,0.2161,0.18,0,cpu,0,8,-10.77,0.0,0.0
1281,random,2,0.2163,0.18,0,cpu,0,13,-10.12,0.0,0.0
1282,random,2,0.2163,0.18,0,cpu,0,9,-10.48,0.0,0.0
1283,random,2,0.2166,0.2,0,cpu,1,36,0.26,0.0,0.0
1284,random,2,0.2167,0.2,0,cpu,0,16,-10.65,0.0,0.0
1285,random,2,0.2168,0.18,0,cpu,0,11,-9.9,0.0,0.0
1286,random,2,0.2169,0.18,0,cpu,0,9,-10.08,0.0,0.0
1287,random,2,0.2175,0.18,0,cpu,0,76,-11.05,0.0,0.0
1288,random,2,0.2176,0.2,0,cpu,1,7,-0.35,0.0,0.0
1289,random,2,0.2176,0.2,0,cpu,0,6,-10.55,0.0,0.0
1290,random,2,0.2178,0.2,0,cpu,0,31,-11.1,0.0,0.0
1291,random,2,0.2184,0.2,0,cpu,0,72,-11.41,0.0,0.0
1292,random,2,0.2186,0.2,0,cpu,0,35,-10.94,0.0,0.0
1293,random,2,0.2189,0.24,0,cpu,2,36,10.77,0.0,0.0
1294,random,2,0.219,0.24,0,cpu,0,8,-9.77,0.0,0.0
1295,random,2,0.2191,0.24,0,cpu,0,9,-10.28,0.0,0.0
1296,random,2,0.2192,0.22,0,cpu,0,10,-9.99,0.0,0.0
1297,random,2,0.2194,0.22,0,cpu,0,32,-11.01,0.0,0.0
1298,random,2,0.2196,0.24,0,cpu,1,16,-0.54,0.0,0.0
1299,random,2,0.2198,0.24,0,cpu,0,35,-10.54,0.0,0.0
1300,random,2,0.2201,0.22,0,cpu,0,33,-10.92,0.0,0.0
1301,random,2,0.2202,0.22,0,cpu,0,24,-10.13,0.0,0.0
1302,random,2,0.2203,0.18,0,cpu,0,9,-10.08,0.0,0.0
1303,random,2,0.2205,0.18,0,cpu,0,20,-9.89,0.0,0.0
1304,random,2,0.2205,0.18,0,cpu,0,7,-10.26,0.0,0.0
1305,random,2,0.2206,0.18,0,cpu,0,10,-10.79,0.0,0.0
1306,random,2,0.2208,0.18,0,cpu,0,28,-10.97,0.0,0.0
1307,random,2,0.221,0.18,0,cpu,0,19,-10.18,0.0,0.0
1308,random,2,0.2214,0.18,0,cpu,0,54,-11.03,0.0,0.0
1309,random,2,0.2215,0.18,0,cpu,0,15,-10.54,0.0,0.0
1310,random,2,0.2216,0.18,0,cpu,0,11,-9.7,0.0,0.0
1311,random,2,0.2217,0.18,0,cpu,0,10,-10.79,0.0,0.0
1312,random,2,0.2219,0.18,0,cpu,0,26,-9.95,0.0,0.0
1313,random,2,0.2221,0.18,0,cpu,0,16,-10.65,0.0,0.0
1314,random,2,0.2221,0.18,0,cpu,0,9,-10.48,0.0,0.0
1315,random,2,0.2222,0.18,0,cpu,0,8,-9.97,0.0,0.0
1316,random,2,0.2223,0.18,0,cpu,0,12,-10.81,0.0,0.0
1317,random,2,0.2224,0.16,0,cpu,0,6,-10.35,0.0,0.0
1318,random,2,0.2225,0.16,0,cpu,0,11,-10.5,0.0,0.0
1319,random,2,0.2226,0.16,0,cpu,0,23,-10.82,0.0,0.0
1320,random,2,0.2227,0.16,0,cpu,0,10,-10.39,0.0,0.0
1321,random,2,0.2228,0.16,0,cpu,0,10,-10.39,0.0,0.0
1322,random,2,0.223,0.16,0,cpu,0,23,-9.82,0.0,0.0
1323,random,2,0.2232,0.16,0,cpu,0,34,-10.43,0.0,0.0
1324,random,2,0.2233,0.16,0,cpu,0,12,-10.81,0.0,0.0
1325,random,2,0.2234,0.14,0,cpu,0,9,-10.88,0.0,0.0
1326,random,2,0.2235,0.14,0,cpu,0,15,-10.14,0.0,0.0
1327,random,2,0.2236,0.12,0,cpu,0,12,-9.81,0.0,0.0
1328,random,2,0.2238,0.14,0,cpu,1,18,0.84,0.0,0.0
1329,random,2,0.2239,0.12,0,cpu,0,20,-10.29,0.0,0.0
1330,random,2,0.2241,0.12,0,cpu,0,21,-11.0,0.0,0.0
1331,random,2,0.2242,0.12,0,cpu,0,8,-9.57,0.0,0.0
1332,random,2,0.2245,0.12,0,cpu,0,48,-11.17,0.0,0.0
1333,random,2,0.2247,0.12,0,cpu,1,26,-0.84,0.0,0.0
1334,random,2,0.225,0.14,0,cpu,1,39,-0.67,0.0,0.0
1335,random,2,0.2251,0.14,0,cpu,0,14,-10.03,0.0,0.0
1336,random,2,0.2254,0.16,0,cpu,1,39,-0.07,0.0,0.0
1337,random,2,0.2255,0.16,0,cpu,0,9,-10.68,0.0,0.0
1338,random,2,0.2256,0.14,0,cpu,0,7,-10.46,0.0,0.0
1339,random,2,0.2257,0.14,0,cpu,0,25,-10.64,0.0,0.0
1340,random,2,0.2259,0.14,0,cpu,0,17,-10.36,0.0,0.0
1341,random,2,0.226,0.14,0,cpu,0,11,-9.5,0.0,0.0
1342,random,2,0.2263,0.14,0,cpu,0,54,-10.23,0.0,0.0
1343,random,2,0.2264,0.1,0,cpu,0,11,-10.5,0.0,0.0
1344,random,2,0.2265,0.1,0,cpu,0,8,-9.97,0.0,0.0
1345,random,2,0.2266,0.1,0,cpu,0,6,-10.15,0.0,0.0
1346,random,2,0.2268,0.1,0,cpu,0,34,-11.03,0.0,0.0
1347,random,2,0.2269,0.1,0,cpu,0,5,-10.44,0.0,0.0
1348,random,2,0.2271,0.08,0,cpu,0,31,-10.7,0.0,0.0
1349,random,2,0.2273,0.08,0,cpu,0,35,-10.54,0.0,0.0
1350,random,2,0.2275,0.08,0,cpu,0,24,-10.53,0.0,0.0
1351,random,2,0.2278,0.08,0,cpu,0,32,-10.61,0.0,0.0
1352,random,2,0.2279,0.08,0,cpu,0,10,-10.99,0.0,0.0
1353,random,2,0.2279,0.08,0,cpu,0,7,-10.46,0.0,0.0
1354,random,2,0.2281,0.08,0,cpu,0,19,-10.58,0.0,0.0
1355,random,2,0.2282,0.08,0,cpu,0,14,-10.63,0.0,0.0
1356,random,2,0.2282,0.08,0,cpu,0,6,-9.75,0.0,0.0
1357,random,2,0.2284,0.08,0,cpu,0,15,-10.94,0.0,0.0
1358,random,2,0.2285,0.08,0,cpu,0,9,-9.88,0.0,0.0
1359,random,2,0.2285,0.08,0,cpu,0,8,-9.97,0.0,0.0
1360,random,2,0.2286,0.08,0,cpu,0,9,-10.88,0.0,0.0
1361,random,2,0.2289,0.08,0,cpu,0,34,-10.43,0.0,0.0
1362,random,2,0.2291,0.08,0,cpu,0,20,-10.49,0.0,0.0
1363,random,2,0.2292,0.08,0,cpu,0,18,-10.47,0.0,0.0
1364,random,2,0.2293,0.08,0,cpu,0,17,-10.16,0.0,0.0
1365,random,2,0.2295,0.08,0,cpu,0,13,-9.92,0.0,0.0
1366,random,2,0.2296,0.08,0,cpu,0,12,-10.61,0.0,0.0
1367,random,2,0.2297,0.08,0,cpu,0,10,-10.59,0.0,0.0
1368,random,2,0.2298,0.08,0,cpu,0,13,-10.52,0.0,0.0
1369,random,2,0.23,0.08,0,cpu,0,21,-10.8,0.0,0.0
1370,random,2,0.2301,0.08,0,cpu,0,11,-10.7,0.0,0.0
1371,random,2,0.2301,0.08,0,cpu,0,6,-10.35,0.0,0.0
1372,random,2,0.2302,0.1,0,cpu,1,9,-0.37,0.0,0.0
1373,random,2,0.2304,0.1,0,cpu,0,22,-10.71,0.0,0.0
1374,random,2,0.2305,0.1,0,cpu,0,17,-10.76,0.0,0.0
1375,random,2,0.2308,0.1,0,cpu,0,32,-10.41,0.0,0.0
1376,random,2,0.231,0.1,0,cpu,0,22,-9.91,0.0,0.0
1377,random,2,0.2312,0.12,0,cpu,1,17,0.75,0.0,0.0
1378,random,2,0.2314,0.1,0,cpu,0,31,-11.1,0.0,0.0
1379,random,2,0.2315,0.1,0,cpu,0,21,-10.2,0.0,0.0
1380,random,2,0.2318,0.1,0,cpu,0,27,-10.26,0.0,0.0
1381,random,2,0.2319,0.12,0,cpu,1,14,-0.92,0.0,0.0
1382,random,2,0.232,0.12,0,cpu,0,7,-10.46,0.0,0.0
1383,random,2,0.2321,0.12,0,cpu,1,22,-0.6,0.0,0.0
1384,random,2,0.2323,0.1,0,cpu,0,18,-9.87,0.0,0.0
1385,random,2,0.2324,0.1,0,cpu,0,10,-10.59,0.0,0.0
1386,random,2,0.2327,0.08,0,cpu,0,43,-10.02,0.0,0.0
1387,random,2,0.2329,0.08,0,cpu,0,21,-10.0,0.0,0.0
1388,random,2,0.2329,0.08,0,cpu,0,7,-10.66,0.0,0.0
1389,random,2,0.2331,0.12,0,cpu,2,16,10.37,0.0,0.0
1390,random,2,0.2332,0.14,0,cpu,1,21,-0.09,0.0,0.0
1391,random,2,0.2333,0.14,0,cpu,0,6,-9.55,0.0,0.0
1392,random,2,0.2334,0.14,0,cpu,0,12,-11.01,0.0,0.0
1393,random,2,0.2337,0.18,0,cpu,2,43,10.6,0.0,0.0
1394,random,2,0.2338,0.18,0,cpu,0,11,-9.9,0.0,0.0
1395,random,2,0.2339,0.18,0,cpu,0,10,-10.99,0.0,0.0
1396,random,2,0.2342,0.2,0,cpu,1,35,-0.23,0.0,0.0
1397,random,2,0.2343,0.2,0,cpu,0,16,-10.45,0.0,0.0
1398,random,2,0.2346,0.22,0,cpu,1,46,-0.04,0.0,0.0
1399,random,2,0.2348,0.22,0,cpu,0,18,-10.67,0.0,0.0
1400,random,2,0.2349,0.22,0,cpu,0,21,-10.8,0.0,0.0
1401,random,2,0.2352,0.24,0,cpu,1,33,-0.21,0.0,0.0
1402,random,2,0.2354,0.26,0,cpu,1,29,-0.17,0.0,0.0
1403,random,2,0.2355,0.26,0,cpu,0,16,-9.65,0.0,0.0
1404,random,2,0.2358,0.26,0,cpu,0,36,-11.05,0.0,0.0
1405,random,2,0.2359,0.26,0,cpu,0,9,-10.88,0.0,0.0
1406,random,2,0.236,0.26,0,cpu,0,13,-10.72,0.0,0.0
1407,random,2,0.2361,0.26,0,cpu,0,12,-10.61,0.0,0.0
1408,random,2,0.2362,0.26,0,cpu,0,14,-10.63,0.0,0.0
1409,random,2,0.2363,0.26,0,cpu,0,7,-10.46,0.0,0.0
1410,random,2,0.2366,0.28,0,cpu,1,38,0.24,0.0,0.0
1411,random,2,0.2368,0.28,0,cpu,0,24,-10.13,0.0,0.0
1412,random,2,0.2369,0.3,0,cpu,1,20,0.02,0.0,0.0
1413,random,2,0.237,0.3,0,cpu,0,13,-10.12,0.0,0.0
1414,random,2,0.2371,0.3,0,cpu,0,8,-10.57,0.0,0.0
1415,random,2,0.2374,0.3,0,cpu,0,40,-10.69,0.0,0.0
1416,random,2,0.2377,0.3,0,cpu,0,40,-10.89,0.0,0.0
1417,random,2,0.2378,0.3,0,cpu,0,8,-10.77,0.0,0.0
1418,random,2,0.2381,0.3,0,cpu,0,32,-10.81,0.0,0.0
1419,random,2,0.2382,0.3,0,cpu,0,12,-11.01,0.0,0.0
1420,random,2,0.2384,0.3,0,cpu,0,20,-10.89,0.0,0.0
1421,random,2,0.2384,0.3,0,cpu,0,8,-10.77,0.0,0.0
1422,random,2,0.2386,0.28,0,cpu,0,18,-10.67,0.0,0.0
1423,random,2,0.2387,0.28,0,cpu,0,15,-9.94,0.0,0.0
1424,random,2,0.2389,0.28,0,cpu,0,17,-9.76,0.0,0.0
1425,random,2,0.2391,0.3,0,cpu,1,28,-0.26,0.0,0.0
1426,random,2,0.2393,0.3,0,cpu,0,24,-10.93,0.0,0.0
1427,random,2,0.2397,0.28,0,cpu,0,51,-11.1,0.0,0.0
1428,random,2,0.2398,0.28,0,cpu,0,8,-10.57,0.0,0.0
1429,random,2,0.2399,0.28,0,cpu,0,16,-9.65,0.0,0.0
1430,random,2,0.2402,0.28,0,cpu,0,49,-11.08,0.0,0.0
1431,random,2,0.2404,0.26,0,cpu,0,14,-10.63,0.0,0.0
1432,random,2,0.2406,0.26,0,cpu,0,31,-10.1,0.0,0.0
1433,random,2,0.2408,0.24,0,cpu,0,30,-10.39,0.0,0.0
1434,random,2,0.2409,0.24,0,cpu,0,7,-10.66,0.0,0.0
1435,random,2,0.2411,0.24,0,cpu,0,26,-10.55,0.0,0.0
1436,random,2,0.2412,0.24,0,cpu,0,14,-11.03,0.0,0.0
1437,random,2,0.2413,0.24,0,cpu,0,8,-9.77,0.0,0.0
1438,random,2,0.2413,0.24,0,cpu,0,9,-9.68,0.0,0.0
1439,random,2,0.2416,0.2,0,cpu,0,41,-11.0,0.0,0.0
1440,random,2,0.2417,0.18,0,cpu,0,14,-10.83,0.0,0.0
1441,random,2,0.2418,0.18,0,cpu,0,8,-9.97,0.0,0.0
1442,random,2,0.2419,0.18,0,cpu,0,10,-10.59,0.0,0.0
1443,random,2,0.2421,0.14,0,cpu,0,20,-10.69,0.0,0.0
1444,random,2,0.2424,0.16,0,cpu,1,47,0.25,0.0,0.0
1445,random,2,0.2426,0.16,0,cpu,0,25,-10.64,0.0,0.0
1446,random,2,0.2428,0.14,0,cpu,0,32,-10.81,0.0,0.0
1447,random,2,0.243,0.14,0,cpu,0,21,-10.0,0.0,0.0
1448,random,2,0.2431,0.12,0,cpu,0,20,-10.49,0.0,0.0
1449,random,2,0.2433,0.14,0,cpu,1,25,-0.13,0.0,0.0
1450,random,2,0.2434,0.14,0,cpu,0,13,-10.92,0.0,0.0
1451,random,2,0.2437,0.14,0,cpu,1,30,0.32,0.0,0.0
1452,random,2,0.2437,0.12,0,cpu,0,9,-10.28,0.0,0.0
1453,random,2,0.2439,0.12,0,cpu,0,23,-10.82,0.0,0.0
1454,random,2,0.2441,0.12,0,cpu,0,24,-10.73,0.0,0.0
1455,random,2,0.2442,0.12,0,cpu,0,9,-10.08,0.0,0.0
1456,random,2,0.2443,0.12,0,cpu,0,14,-10.83,0.0,0.0
1457,random,2,0.2444,0.12,0,cpu,0,6,-9.75,0.0,0.0
1458,random,2,0.2445,0.12,0,cpu,0,9,-10.08,0.0,0.0
1459,random,2,0.2445,0.12,0,cpu,0,8,-10.17,0.0,0.0
1460,random,2,0.2447,0.12,0,cpu,1,25,-0.53,0.0,0.0
1461,random,2,0.2448,0.12,0,cpu,0,10,-10.59,0.0,0.0
1462,random,2,0.245,0.1,0,cpu,0,17,-10.36,0.0,0.0
1463,random,2,0.2451,0.1,0,cpu,0,10,-10.79,0.0,0.0
1464,random,2,0.2455,0.1,0,cpu,0,66,-11.15,0.0,0.0
1465,random,2,0.246,0.12,0,cpu,1,52,0.1,0.0,0.0
1466,random,2,0.2462,0.14,0,cpu,1,22,-0.6,0.0,0.0
1467,random,2,0.2463,0.14,0,cpu,0,11,-9.9,0.0,0.0
1468,random,2,0.2464,0.14,0,cpu,0,22,-10.71,0.0,0.0
1469,random,2,0.2465,0.14,0,cpu,0,8,-10.77,0.0,0.0
1470,random,2,0.2468,0.14,0,cpu,0,40,-11.09,0.0,0.0
1471,random,2,0.2469,0.14,0,cpu,0,10,-10.39,0.0,0.0
1472,random,2,0.2471,0.14,0,cpu,0,24,-10.53,0.0,0.0
1473,random,2,0.2474,0.14,0,cpu,0,28,-10.77,0.0,0.0
1474,random,2,0.2476,0.14,0,cpu,0,30,-10.59,0.0,0.0
1475,random,2,0.2477,0.12,0,cpu,0,10,-10.19,0.0,0.0
1476,random,2,0.2478,0.12,0,cpu,0,7,-10.26,0.0,0.0
1477,random,2,0.2478,0.12,0,cpu,0,8,-9.97,0.0,0.0
1478,random,2,0.248,0.12,0,cpu,0,18,-10.67,0.0,0.0
1479,random,2,0.2482,0.12,0,cpu,0,23,-10.42,0.0,0.0
1480,random,2,0.2482,0.12,0,cpu,0,10,-10.59,0.0,0.0
1481,random,2,0.2483,0.12,0,cpu,0,14,-10.83,0.0,0.0
1482,random,2,0.2484,0.12,0,cpu,0,8,-10.37,0.0,0.0
1483,random,2,0.2486,0.14,0,cpu,1,21,0.31,0.0,0.0
1484,random,2,0.2489,0.14,0,cpu,0,42,-11.11,0.0,0.0
1485,random,2,0.2491,0.14,0,cpu,0,25,-10.24,0.0,0.0
1486,random,2,0.2494,0.14,0,cpu,0,39,-10.98,0.0,0.0
1487,random,2,0.2495,0.14,0,cpu,0,12,-10.41,0.0,0.0
1488,random,2,0.2497,0.14,0,cpu,0,24,-10.53,0.0,0.0
1489,random,2,0.2498,0.14,0,cpu,0,10,-10.99,0.0,0.0
1490,random,2,0.2499,0.14,0,cpu,0,13,-10.52,0.0,0.0
1491,random,2,0.25,0.16,0,cpu,1,12,0.1,0.0,0.0
1492,random,2,0.2501,0.16,0,cpu,0,11,-10.9,0.0,0.0
1493,random,2,0.2502,0.16,0,cpu,0,10,-10.39,0.0,0.0
1494,random,2,0.2503,0.14,0,cpu,0,12,-10.01,0.0,0.0
1495,random,2,0.2504,0.16,0,cpu,1,13,0.19,0.0,0.0
1496,random,2,0.2505,0.16,0,cpu,0,17,-10.76,0.0,0.0
1497,random,2,0.2506,0.16,0,cpu,0,7,-9.86,0.0,0.0
1498,random,2,0.2508,0.18,0,cpu,1,23,0.29,0.0,0.0
1499,random,2,0.2509,0.16,0,cpu,0,13,-10.92,0.0,0.0
1500,random,2,0.251,0.16,0,cpu,0,13,-10.32,0.0,0.0
1501,random,2,0.2511,0.14,0,cpu,0,11,-10.5,0.0,0.0
1502,random,2,0.2515,0.14,0,cpu,0,60,-11.29,0.0,0.0
1503,random,2,0.2516,0.14,0,cpu,0,10,-10.79,0.0,0.0
1504,random,2,0.2516,0.14,0,cpu,0,7,-10.46,0.0,0.0
1505,random,2,0.2517,0.14,0,cpu,0,11,-10.9,0.0,0.0
1506,random,2,0.2519,0.14,0,cpu,0,19,-10.98,0.0,0.0
1507,random,2,0.2521,0.14,0,cpu,0,23,-10.82,0.0,0.0
1508,random,2,0.2522,0.14,0,cpu,0,12,-10.01,0.0,0.0
1509,random,2,0.2524,0.14,0,cpu,0,35,-10.54,0.0,0.0
1510,random,2,0.2525,0.12,0,cpu,0,7,-10.46,0.0,0.0
1511,random,2,0.2526,0.12,0,cpu,0,9,-10.28,0.0,0.0
1512,random,2,0.2527,0.12,0,cpu,0,11,-10.9,0.0,0.0
1513,random,2,0.253,0.12,0,cpu,0,45,-10.64,0.0,0.0
1514,random,2,0.2532,0.12,0,cpu,0,24,-10.73,0.0,0.0
1515,random,2,0.2533,0.12,0,cpu,1,14,0.28,0.0,0.0
1516,random,2,0.2539,0.1,0,cpu,0,76,-10.85,0.0,0.0
1517,random,2,0.2539,0.1,0,cpu,0,8,-9.77,0.0,0.0
1518,random,2,0.2541,0.12,0,cpu,1,12,0.3,0.0,0.0
1519,random,2,0.2541,0.12,0,cpu,0,9,-9.88,0.0,0.0
1520,random,2,0.2543,0.12,0,cpu,0,21,-10.6,0.0,0.0
1521,random,2,0.2544,0.12,0,cpu,0,12,-11.01,0.0,0.0
1522,random,2,0.2546,0.14,0,cpu,1,18,-0.16,0.0,0.0
1523,random,2,0.2547,0.16,0,cpu,1,8,-0.46,0.0,0.0
1524,random,2,0.2551,0.16,0,cpu,0,52,-10.21,0.0,0.0
1525,random,2,0.2552,0.16,0,cpu,0,10,-10.99,0.0,0.0
1526,random,2,0.2552,0.16,0,cpu,0,8,-10.57,0.0,0.0
1527,random,2,0.2554,0.16,0,cpu,0,23,-10.62,0.0,0.0
1528,random,2,0.2555,0.16,0,cpu,0,11,-10.5,0.0,0.0
1529,random,2,0.2556,0.16,0,cpu,0,10,-9.99,0.0,0.0
1530,random,2,0.2558,0.16,0,cpu,0,23,-9.62,0.0,0.0
1531,random,2,0.2559,0.18,0,cpu,1,16,0.86,0.0,0.0
1532,random,2,0.256,0.18,0,cpu,0,7,-9.46,0.0,0.0
1533,random,2,0.2563,0.18,0,cpu,1,45,0.07,0.0,0.0
1534,random,2,0.2569,0.18,0,cpu,0,92,-11.61,0.0,0.0
1535,random,2,0.2571,0.18,0,cpu,0,26,-9.75,0.0,0.0
1536,random,2,0.2573,0.18,0,cpu,0,21,-10.2,0.0,0.0
1537,random,2,0.2574,0.18,0,cpu,0,10,-10.39,0.0,0.0
1538,random,2,0.2575,0.18,0,cpu,0,19,-10.38,0.0,0.0
1539,random,2,0.2576,0.18,0,cpu,0,12,-10.81,0.0,0.0
1540,random,2,0.2578,0.2,0,cpu,1,22,-0.4,0.0,0.0
1541,random,2,0.258,0.18,0,cpu,0,17,-10.76,0.0,0.0
1542,random,2,0.258,0.18,0,cpu,0,11,-10.7,0.0,0.0
1543,random,2,0.2586,0.2,0,cpu,1,71,-0.99,0.0,0.0
1544,random,2,0.2586,0.2,0,cpu,0,6,-10.15,0.0,0.0
1545,random,2,0.2587,0.18,0,cpu,0,10,-10.39,0.0,0.0
1546,random,2,0.2588,0.18,0,cpu,0,10,-9.39,0.0,0.0
1547,random,2,0.2589,0.18,0,cpu,0,14,-9.83,0.0,0.0
1548,random,2,0.2591,0.16,0,cpu,0,25,-10.64,0.0,0.0
1549,random,2,0.2592,0.16,0,cpu,0,9,-10.28,0.0,0.0
1550,random,2,0.2595,0.18,0,cpu,1,42,0.0,0.0,0.0
1551,random,2,0.2596,0.18,0,cpu,0,10,-10.19,0.0,0.0
1552,random,2,0.2597,0.18,0,cpu,0,14,-9.83,0.0,0.0
1553,random,2,0.2597,0.18,0,cpu,0,6,-10.35,0.0,0.0
1554,random,2,0.2603,0.2,0,cpu,1,76,-0.74,0.0,0.0
1555,random,2,0.2606,0.22,0,cpu,1,39,-0.07,0.0,0.0
1556,random,2,0.2607,0.22,0,cpu,0,12,-10.61,0.0,0.0
1557,random,2,0.2609,0.26,0,cpu,2,17,9.86,0.0,0.0
1558,random,2,0.261,0.26,0,cpu,0,11,-10.5,0.0,0.0
1559,random,2,0.2611,0.26,0,cpu,0,11,-10.7,0.0,0.0
1560,random,2,0.2614,0.28,0,cpu,1,41,-0.49,0.0,0.0
1561,random,2,0.2617,0.28,0,cpu,0,34,-10.63,0.0,0.0
1562,random,2,0.2618,0.28,0,cpu,0,18,-10.47,0.0,0.0
1563,random,2,0.2619,0.28,0,cpu,0,15,-9.94,0.0,0.0
1564,random,2,0.262,0.3,0,cpu,1,12,0.5,0.0,0.0
1565,random,2,0.2621,0.28,0,cpu,0,13,-10.72,0.0,0.0
1566,random,2,0.2622,0.28,0,cpu,0,9,-10.88,0.0,0.0
1567,random,2,0.2624,0.28,0,cpu,0,17,-9.76,0.0,0.0
1568,random,2,0.2628,0.26,0,cpu,0,55,-10.74,0.0,0.0
1569,random,2,0.263,0.26,0,cpu,0,21,-10.4,0.0,0.0
1570,random,2,0.2633,0.26,0,cpu,0,46,-10.95,0.0,0.0
1571,random,2,0.2635,0.26,0,cpu,0,14,-10.43,0.0,0.0
1572,random,2,0.2635,0.24,0,cpu,0,7,-9.66,0.0,0.0
1573,random,2,0.2638,0.22,0,cpu,0,32,-9.61,0.0,0.0
1574,random,2,0.264,0.22,0,cpu,0,26,-10.75,0.0,0.0
1575,random,2,0.2641,0.22,0,cpu,0,9,-10.28,0.0,0.0
1576,random,2,0.2641,0.22,0,cpu,0,7,-10.26,0.0,0.0
1577,random,2,0.2644,0.24,0,cpu,1,31,-0.19,0.0,0.0
1578,random,2,0.2644,0.24,0,cpu,0,10,-10.39,0.0,0.0
1579,random,2,0.2645,0.24,0,cpu,0,13,-10.72,0.0,0.0
1580,random,2,0.2648,0.24,0,cpu,0,29,-10.88,0.0,0.0
1581,random,2,0.265,0.22,0,cpu,0,27,-10.66,0.0,0.0
1582,random,2,0.265,0.22,0,cpu,0,7,-10.66,0.0,0.0
1583,random,2,0.2651,0.2,0,cpu,0,11,-10.3,0.0,0.0
1584,random,2,0.2653,0.2,0,cpu,0,14,-10.43,0.0,0.0
1585,random,2,0.2654,0.2,0,cpu,0,19,-10.58,0.0,0.0
1586,random,2,0.2658,0.2,0,cpu,0,55,-10.34,0.0,0.0
1587,random,2,0.2659,0.2,0,cpu,0,10,-10.79,0.0,0.0
1588,random,2,0.2663,0.22,0,cpu,1,59,-0.47,0.0,0.0
1589,random,2,0.2664,0.22,0,cpu,0,13,-10.92,0.0,0.0
1590,random,2,0.2665,0.2,0,cpu,0,11,-9.9,0.0,0.0
1591,random,2,0.2666,0.2,0,cpu,0,7,-10.26,0.0,0.0
1592,random,2,0.2669,0.2,0,cpu,0,37,-10.76,0.0,0.0
1593,random,2,0.267,0.18,0,cpu,0,16,-10.05,0.0,0.0
1594,random,2,0.2671,0.18,0,cpu,0,7,-10.66,0.0,0.0
1595,random,2,0.2671,0.18,0,cpu,0,9,-10.68,0.0,0.0
1596,random,2,0.2672,0.18,0,cpu,0,14,-10.43,0.0,0.0
1597,random,2,0.2674,0.18,0,cpu,0,24,-10.93,0.0,0.0
1598,random,2,0.2676,0.18,0,cpu,0,19,-9.98,0.0,0.0
1599,random,2,0.2677,0.18,0,cpu,0,18,-10.27,0.0,0.0
1600,random,2,0.2678,0.16,0,cpu,0,16,-10.45,0.0,0.0
1601,random,2,0.2679,0.16,0,cpu,0,13,-10.92,0.0,0.0
1602,random,2,0.268,0.16,0,cpu,0,10,-10.59,0.0,0.0
1603,random,2,0.2681,0.16,0,cpu,0,10,-10.59,0.0,0.0
1604,random,2,0.2683,0.16,0,cpu,1,29,-0.57,0.0,0.0
1605,random,2,0.2686,0.14,0,cpu,0,30,-10.39,0.0,0.0
1606,random,2,0.2686,0.14,0,cpu,0,9,-9.88,0.0,0.0
1607,random,2,0.269,0.1,0,cpu,0,55,-10.14,0.0,0.0
1608,random,2,0.2692,0.1,0,cpu,0,17,-10.56,0.0,0.0
1609,random,2,0.2693,0.1,0,cpu,0,21,-10.4,0.0,0.0
1610,random,2,0.2694,0.08,0,cpu,0,8,-10.37,0.0,0.0
1611,random,2,0.2695,0.08,0,cpu,0,6,-9.95,0.0,0.0
1612,random,2,0.2695,0.08,0,cpu,0,9,-10.88,0.0,0.0
1613,random,2,0.2696,0.08,0,cpu,0,7,-10.06,0.0,0.0
1614,random,2,0.2697,0.06,0,cpu,0,14,-10.83,0.0,0.0
1615,random,2,0.2698,0.06,0,cpu,0,13,-10.52,0.0,0.0
1616,random,2,0.2699,0.06,0,cpu,0,10,-10.39,0.0,0.0
1617,random,2,0.2701,0.06,0,cpu,0,16,-10.65,0.0,0.0
1618,random,2,0.2702,0.06,0,cpu,0,10,-9.79,0.0,0.0
1619,random,2,0.2703,0.06,0,cpu,0,14,-10.03,0.0,0.0
1620,random,2,0.2704,0.06,0,cpu,0,12,-10.61,0.0,0.0
1621,random,2,0.2706,0.06,0,cpu,0,12,-10.01,0.0,0.0
1622,random,2,0.2708,0.06,0,cpu,0,28,-9.97,0.0,0.0
1623,random,2,0.2709,0.06,0,cpu,0,8,-10.77,0.0,0.0
1624,random,2,0.2709,0.06,0,cpu,0,7,-10.46,0.0,0.0
1625,random,2,0.271,0.06,0,cpu,0,13,-10.52,0.0,0.0
1626,random,2,0.2711,0.06,0,cpu,0,7,-9.66,0.0,0.0
1627,random,2,0.2712,0.06,0,cpu,1,8,0.54,0.0,0.0
1628,random,2,0.2713,0.06,0,cpu,0,7,-10.26,0.0,0.0
1629,random,2,0.2715,0.08,0,cpu,1,21,-0.29,0.0,0.0
1630,random,2,0.2716,0.08,0,cpu,0,14,-10.83,0.0,0.0
1631,random,2,0.2717,0.08,0,cpu,0,13,-10.52,0.0,0.0
1632,random,2,0.2718,0.08,0,cpu,0,6,-10.55,0.0,0.0
1633,random,2,0.2719,0.08,0,cpu,0,14,-10.83,0.0,0.0
1634,random,2,0.2722,0.08,0,cpu,0,39,-10.78,0.0,0.0
1635,random,2,0.2727,0.1,0,cpu,1,58,-0.76,0.0,0.0
1636,random,2,0.2728,0.1,0,cpu,0,15,-10.54,0.0,0.0
1637,random,2,0.2729,0.1,0,cpu,0,14,-10.23,0.0,0.0
1638,random,2,0.273,0.08,0,cpu,0,11,-10.3,0.0,0.0
1639,random,2,0.2731,0.1,0,cpu,1,16,-0.14,0.0,0.0
1640,random,2,0.2734,0.12,0,cpu,1,28,-0.06,0.0,0.0
1641,random,2,0.2734,0.12,0,cpu,0,6,-10.55,0.0,0.0
1642,random,2,0.2736,0.14,0,cpu,1,21,0.11,0.0,0.0
1643,random,2,0.2737,0.14,0,cpu,0,14,-10.63,0.0,0.0
1644,random,2,0.2738,0.14,0,cpu,0,8,-10.77,0.0,0.0
1645,random,2,0.2739,0.14,0,cpu,0,8,-10.77,0.0,0.0
1646,random,2,0.274,0.14,0,cpu,0,13,-10.12,0.0,0.0
1647,random,2,0.2741,0.14,0,cpu,0,20,-10.29,0.0,0.0
1648,random,2,0.2742,0.14,0,cpu,0,15,-10.54,0.0,0.0
1649,random,2,0.2745,0.14,0,cpu,0,28,-10.77,0.0,0.0
1650,random,2,0.2745,0.14,0,cpu,0,8,-9.97,0.0,0.0
1651,random,2,0.2746,0.14,0,cpu,0,7,-10.26,0.0,0.0
1652,random,2,0.2748,0.16,0,cpu,1,22,0.2,0.0,0.0
1653,random,2,0.2748,0.16,0,cpu,0,9,-9.68,0.0,0.0
1654,random,2,0.2749,0.14,0,cpu,0,7,-10.06,0.0,0.0
1655,random,2,0.275,0.14,0,cpu,0,9,-10.28,0.0,0.0
1656,random,2,0.2752,0.16,0,cpu,1,24,0.38,0.0,0.0
1657,random,2,0.2753,0.16,0,cpu,0,10,-10.59,0.0,0.0
1658,random,2,0.2754,0.16,0,cpu,0,19,-10.18,0.0,0.0
1659,random,2,0.2756,0.16,0,cpu,0,19,-10.58,0.0,0.0
1660,random,2,0.2757,0.16,0,cpu,0,13,-10.52,0.0,0.0
1661,random,2,0.2757,0.16,0,cpu,0,7,-10.66,0.0,0.0
1662,random,2,0.2759,0.16,0,cpu,0,16,-10.45,0.0,0.0
1663,random,2,0.276,0.18,0,cpu,1,22,-0.2,0.0,0.0
1664,random,2,0.2761,0.18,0,cpu,0,9,-10.28,0.0,0.0
1665,random,2,0.2762,0.18,0,cpu,0,10,-10.59,0.0,0.0
1666,random,2,0.2765,0.18,0,cpu,0,38,-10.47,0.0,0.0
1667,random,2,0.2767,0.18,0,cpu,0,21,-10.2,0.0,0.0
1668,random,2,0.2769,0.22,0,cpu,2,25,10.18,0.0,0.0
1669,random,2,0.2771,0.22,0,cpu,0,27,-10.66,0.0,0.0
1670,random,2,0.2772,0.22,0,cpu,0,21,-10.6,0.0,0.0
1671,random,2,0.2774,0.22,0,cpu,0,18,-10.87,0.0,0.0
1672,random,2,0.2777,0.22,0,cpu,0,46,-10.75,0.0,0.0
1673,random,2,0.2778,0.22,0,cpu,0,10,-10.79,0.0,0.0
1674,random,2,0.2779,0.24,0,cpu,1,16,0.46,0.0,0.0
1675,random,2,0.278,0.24,0,cpu,0,10,-10.79,0.0,0.0
1676,random,2,0.2783,0.24,0,cpu,0,40,-10.69,0.0,0.0
1677,random,2,0.2786,0.22,0,cpu,0,35,-10.94,0.0,0.0
1678,random,2,0.2787,0.22,0,cpu,0,12,-10.61,0.0,0.0
1679,random,2,0.2788,0.2,0,cpu,0,14,-10.83,0.0,0.0
1680,random,2,0.279,0.2,0,cpu,0,23,-10.02,0.0,0.0
1681,random,2,0.2792,0.2,0,cpu,0,20,-10.49,0.0,0.0
1682,random,2,0.2794,0.2,0,cpu,0,26,-10.75,0.0,0.0
1683,random,2,0.2796,0.2,0,cpu,0,17,-10.56,0.0,0.0
1684,random,2,0.2797,0.2,0,cpu,0,14,-9.83,0.0,0.0
1685,random,2,0.2797,0.18,0,cpu,0,8,-10.77,0.0,0.0
1686,random,2,0.2799,0.18,0,cpu,0,22,-10.51,0.0,0.0
1687,random,2,0.2801,0.18,0,cpu,0,17,-9.96,0.0,0.0
1688,random,2,0.2802,0.18,0,cpu,0,10,-10.39,0.0,0.0
1689,random,2,0.2803,0.16,0,cpu,0,13,-10.72,0.0,0.0
1690,random,2,0.2805,0.14,0,cpu,0,19,-9.98,0.0,0.0
1691,random,2,0.2808,0.14,0,cpu,0,46,-11.35,0.0,0.0
1692,random,2,0.281,0.12,0,cpu,0,18,-11.07,0.0,0.0
1693,random,2,0.2811,0.12,0,cpu,0,13,-9.72,0.0,0.0
1694,random,2,0.2812,0.12,0,cpu,0,9,-10.28,0.0,0.0
1695,random,2,0.2812,0.12,0,cpu,0,8,-9.77,0.0,0.0
1696,random,2,0.2814,0.12,0,cpu,0,18,-10.67,0.0,0.0
1697,random,2,0.2815,0.12,0,cpu,0,11,-9.5,0.0,0.0
1698,random,2,0.2817,0.12,0,cpu,0,28,-10.77,0.0,0.0
1699,random,2,0.2818,0.12,0,cpu,0,15,-10.34,0.0,0.0
1700,random,2,0.2819,0.14,0,cpu,1,9,-0.17,0.0,0.0
1701,random,2,0.282,0.14,0,cpu,0,8,-10.37,0.0,0.0
1702,random,2,0.2821,0.12,0,cpu,0,18,-10.07,0.0,0.0
1703,random,2,0.2822,0.14,0,cpu,1,9,-0.17,0.0,0.0
1704,random,2,0.2824,0.14,0,cpu,0,23,-10.02,0.0,0.0
1705,random,2,0.2826,0.14,0,cpu,0,25,-10.64,0.0,0.0
1706,random,2,0.2828,0.12,0,cpu,0,23,-10.62,0.0,0.0
1707,random,2,0.2828,0.12,0,cpu,0,6,-10.55,0.0,0.0
1708,random,2,0.283,0.12,0,cpu,0,18,-10.47,0.0,0.0
1709,random,2,0.2834,0.12,0,cpu,0,53,-10.72,0.0,0.0
1710,random,2,0.2835,0.12,0,cpu,0,18,-10.87,0.0,0.0
1711,random,2,0.2837,0.12,0,cpu,0,18,-10.87,0.0,0.0
1712,random,2,0.2838,0.12,0,cpu,0,15,-10.34,0.0,0.0
1713,random,2,0.2839,0.12,0,cpu,1,17,0.95,0.0,0.0
1714,random,2,0.284,0.12,0,cpu,0,14,-10.63,0.0,0.0
1715,random,2,0.2844,0.14,0,cpu,1,46,-0.24,0.0,0.0
1716,random,2,0.2845,0.14,0,cpu,0,10,-9.59,0.0,0.0
1717,random,2,0.2845,0.14,0,cpu,0,10,-9.99,0.0,0.0
1718,random,2,0.2847,0.1,0,cpu,0,26,-10.95,0.0,0.0
1719,random,2,0.2849,0.1,0,cpu,0,27,-10.46,0.0,0.0
1720,random,2,0.285,0.1,0,cpu,0,10,-9.79,0.0,0.0
1721,random,2,0.2852,0.1,0,cpu,0,20,-10.49,0.0,0.0
1722,random,2,0.2853,0.1,0,cpu,0,16,-10.85,0.0,0.0
1723,random,2,0.2855,0.14,0,cpu,2,20,10.53,0.0,0.0
1724,random,2,0.2857,0.12,0,cpu,0,24,-11.13,0.0,0.0
1725,random,2,0.2859,0.12,0,cpu,0,27,-10.26,0.0,0.0
1726,random,2,0.286,0.14,0,cpu,1,11,0.01,0.0,0.0
1727,random,2,0.2861,0.14,0,cpu,0,6,-9.75,0.0,0.0
1728,random,2,0.2861,0.14,0,cpu,0,6,-10.15,0.0,0.0
1729,random,2,0.2862,0.14,0,cpu,0,15,-10.54,0.0,0.0
1730,random,2,0.2864,0.14,0,cpu,0,20,-10.69,0.0,0.0
1731,random,2,0.2868,0.14,0,cpu,0,46,-10.95,0.0,0.0
1732,random,2,0.2871,0.14,0,cpu,0,45,-10.84,0.0,0.0
1733,random,2,0.2872,0.14,0,cpu,0,16,-10.45,0.0,0.0
1734,random,2,0.2874,0.18,0,cpu,2,25,10.38,0.0,0.0
1735,random,2,0.2875,0.18,0,cpu,0,11,-10.5,0.0,0.0
1736,random,2,0.2878,0.18,0,cpu,0,38,-10.87,0.0,0.0
1737,random,2,0.2879,0.18,0,cpu,0,8,-10.77,0.0,0.0
1738,random,2,0.288,0.18,0,cpu,0,7,-9.66,0.0,0.0
1739,random,2,0.2882,0.18,0,cpu,0,25,-10.64,0.0,0.0
1740,random,2,0.2884,0.2,0,cpu,1,25,0.07,0.0,0.0
1741,random,2,0.2885,0.2,0,cpu,0,19,-10.78,0.0,0.0
1742,random,2,0.2887,0.2,0,cpu,0,23,-9.82,0.0,0.0
1743,random,2,0.2889,0.2,0,cpu,0,14,-10.83,0.0,0.0
1744,random,2,0.2889,0.2,0,cpu,0,11,-10.9,0.0,0.0
1745,random,2,0.2891,0.2,0,cpu,0,16,-10.85,0.0,0.0
1746,random,2,0.2892,0.2,0,cpu,0,6,-10.55,0.0,0.0
1747,random,2,0.2892,0.2,0,cpu,0,8,-10.37,0.0,0.0
1748,random,2,0.2893,0.2,0,cpu,0,11,-10.3,0.0,0.0
1749,random,2,0.2894,0.22,0,cpu,1,9,0.23,0.0,0.0
1750,random,2,0.2895,0.2,0,cpu,0,16,-9.45,0.0,0.0
1751,random,2,0.2896,0.2,0,cpu,0,8,-10.17,0.0,0.0
1752,random,2,0.2897,0.2,0,cpu,0,13,-10.52,0.0,0.0
1753,random,2,0.2898,0.18,0,cpu,0,8,-10.57,0.0,0.0
1754,random,2,0.29,0.18,0,cpu,0,35,-10.74,0.0,0.0
1755,random,2,0.2902,0.18,0,cpu,0,19,-9.78,0.0,0.0
1756,random,2,0.2904,0.18,0,cpu,0,20,-10.69,0.0,0.0
1757,random,2,0.2906,0.18,0,cpu,0,30,-10.79,0.0,0.0
1758,random,2,0.2906,0.18,0,cpu,0,6,-10.15,0.0,0.0
1759,random,2,0.2907,0.2,0,cpu,1,9,0.63,0.0,0.0
1760,random,2,0.2908,0.2,0,cpu,0,13,-10.12,0.0,0.0
1761,random,2,0.2911,0.2,0,cpu,0,38,-10.07,0.0,0.0
1762,random,2,0.2912,0.2,0,cpu,0,10,-10.59,0.0,0.0
1763,random,2,0.2913,0.18,0,cpu,0,11,-10.7,0.0,0.0
1764,random,2,0.2916,0.2,0,cpu,1,38,0.24,0.0,0.0
1765,random,2,0.2919,0.18,0,cpu,0,27,-10.26,0.0,0.0
1766,random,2,0.2919,0.18,0,cpu,0,7,-10.46,0.0,0.0
1767,random,2,0.2921,0.2,0,cpu,1,14,-0.32,0.0,0.0
1768,random,2,0.2922,0.22,0,cpu,1,10,-0.08,0.0,0.0
1769,random,2,0.2923,0.22,0,cpu,0,21,-10.0,0.0,0.0
1770,random,2,0.2925,0.22,0,cpu,0,20,-10.29,0.0,0.0
1771,random,2,0.2926,0.22,0,cpu,0,10,-10.59,0.0,0.0
1772,random,2,0.2927,0.24,0,cpu,1,13,-0.01,0.0,0.0
1773,random,2,0.2929,0.2,0,cpu,0,25,-10.64,0.0,0.0
1774,random,2,0.2929,0.2,0,cpu,0,5,-10.44,0.0,0.0
1775,random,2,0.2931,0.2,0,cpu,0,21,-10.4,0.0,0.0
1776,random,2,0.2933,0.18,0,cpu,0,28,-10.77,0.0,0.0
1777,random,2,0.2935,0.18,0,cpu,0,24,-10.93,0.0,0.0
1778,random,2,0.2936,0.18,0,cpu,0,6,-10.35,0.0,0.0
1779,random,2,0.2937,0.18,0,cpu,0,11,-10.7,0.0,0.0
1780,random,2,0.2939,0.18,0,cpu,0,29,-10.28,0.0,0.0
1781,random,2,0.294,0.18,0,cpu,0,15,-10.34,0.0,0.0
1782,random,2,0.2941,0.18,0,cpu,0,11,-10.1,0.0,0.0
1783,random,2,0.2943,0.18,0,cpu,0,29,-9.88,0.0,0.0
1784,random,2,0.2945,0.14,0,cpu,0,17,-10.56,0.0,0.0
1785,random,2,0.2946,0.14,0,cpu,0,20,-9.89,0.0,0.0
1786,random,2,0.295,0.14,0,cpu,0,53,-11.12,0.0,0.0
1787,random,2,0.2953,0.18,0,cpu,2,30,10.23,0.0,0.0
1788,random,2,0.2953,0.18,0,cpu,0,6,-10.35,0.0,0.0
1789,random,2,0.2955,0.2,0,cpu,1,25,0.07,0.0,0.0
1790,random,2,0.2958,0.2,0,cpu,1,37,0.35,0.0,0.0
1791,random,2,0.2961,0.22,0,cpu,1,31,-0.19,0.0,0.0
1792,random,2,0.2962,0.22,0,cpu,0,14,-10.63,0.0,0.0
1793,random,2,0.2963,0.22,0,cpu,0,11,-9.9,0.0,0.0
1794,random,2,0.2964,0.22,0,cpu,0,7,-10.26,0.0,0.0
1795,random,2,0.2965,0.22,0,cpu,0,18,-10.87,0.0,0.0
1796,random,2,0.2967,0.22,0,cpu,0,24,-10.73,0.0,0.0
1797,random,2,0.2969,0.22,0,cpu,0,20,-10.69,0.0,0.0
1798,random,2,0.297,0.22,0,cpu,0,8,-10.37,0.0,0.0
1799,random,2,0.2971,0.2,0,cpu,0,11,-10.5,0.0,0.0
1800,random,2,0.2972,0.2,0,cpu,0,12,-10.21,0.0,0.0
1801,random,2,0.2975,0.2,0,cpu,0,38,-11.07,0.0,0.0
1802,random,2,0.2975,0.2,0,cpu,0,6,-10.35,0.0,0.0
1803,random,2,0.2976,0.2,0,cpu,0,9,-10.08,0.0,0.0
1804,random,2,0.2977,0.2,0,cpu,0,8,-10.17,0.0,0.0
1805,random,2,0.2978,0.2,0,cpu,0,14,-10.43,0.0,0.0
1806,random,2,0.298,0.22,0,cpu,1,33,0.59,0.0,0.0
1807,random,2,0.2982,0.22,0,cpu,0,15,-10.34,0.0,0.0
1808,random,2,0.2983,0.22,0,cpu,0,11,-10.3,0.0,0.0
1809,random,2,0.2984,0.2,0,cpu,0,22,-9.91,0.0,0.0
1810,random,2,0.2985,0.2,0,cpu,0,6,-9.75,0.0,0.0
1811,random,2,0.299,0.2,0,cpu,0,70,-10.19,0.0,0.0
1812,random,2,0.2991,0.2,0,cpu,0,7,-10.46,0.0,0.0
1813,random,2,0.2992,0.2,0,cpu,0,6,-10.35,0.0,0.0
1814,random,2,0.2992,0.18,0,cpu,0,6,-10.35,0.0,0.0
1815,random,2,0.2993,0.18,0,cpu,0,8,-10.57,0.0,0.0
1816,random,2,0.2997,0.18,0,cpu,0,57,-10.96,0.0,0.0
1817,random,2,0.2999,0.18,0,cpu,1,20,0.42,0.0,0.0
1818,random,2,0.3,0.16,0,cpu,0,14,-10.03,0.0,0.0
1819,random,2,0.3004,0.18,0,cpu,1,38,-0.36,0.0,0.0
1820,random,2,0.3005,0.2,0,cpu,1,17,-0.05,0.0,0.0
1821,random,2,0.3008,0.2,0,cpu,0,29,-10.68,0.0,0.0
1822,random,2,0.301,0.18,0,cpu,0,38,-10.67,0.0,0.0
1823,random,2,0.3012,0.18,0,cpu,0,17,-10.76,0.0,0.0
1824,random,2,0.3014,0.18,0,cpu,0,22,-9.91,0.0,0.0
1825,random,2,0.3015,0.2,0,cpu,1,20,0.22,0.0,0.0
1826,random,2,0.3016,0.2,0,cpu,0,14,-10.23,0.0,0.0
1827,random,2,0.3019,0.22,0,cpu,1,25,-0.53,0.0,0.0
1828,random,2,0.302,0.26,0,cpu,2,14,10.19,0.0,0.0
1829,random,2,0.3023,0.28,0,cpu,1,37,-0.25,0.0,0.0
1830,random,2,0.3024,0.28,0,cpu,0,8,-10.57,0.0,0.0
1831,random,2,0.3025,0.28,0,cpu,0,16,-9.85,0.0,0.0
1832,random,2,0.3027,0.28,0,cpu,0,20,-10.69,0.0,0.0
1833,random,2,0.3029,0.28,0,cpu,0,25,-10.84,0.0,0.0
1834,random,2,0.303,0.28,0,cpu,0,16,-10.65,0.0,0.0
1835,random,2,0.3032,0.28,0,cpu,0,24,-9.93,0.0,0.0
1836,random,2,0.3036,0.3,0,cpu,1,46,-0.04,0.0,0.0
1837,random,2,0.3039,0.26,0,cpu,0,34,-10.83,0.0,0.0
1838,random,2,0.304,0.26,0,cpu,0,17,-10.56,0.0,0.0
1839,random,2,0.3042,0.24,0,cpu,0,17,-10.76,0.0,0.0
1840,random,2,0.3042,0.22,0,cpu,0,7,-10.46,0.0,0.0
1841,random,2,0.3045,0.2,0,cpu,0,35,-10.74,0.0,0.0
1842,random,2,0.3048,0.2,0,cpu,0,42,-9.71,0.0,0.0
1843,random,2,0.305,0.2,0,cpu,0,17,-10.76,0.0,0.0
1844,random,2,0.305,0.2,0,cpu,0,9,-10.28,0.0,0.0
1845,random,2,0.3052,0.2,0,cpu,0,16,-10.65,0.0,0.0
1846,random,2,0.3054,0.2,0,cpu,0,36,-10.65,0.0,0.0
1847,random,2,0.3055,0.2,0,cpu,0,8,-10.37,0.0,0.0
1848,random,2,0.3056,0.22,0,cpu,1,12,-0.1,0.0,0.0
1849,random,2,0.3058,0.22,0,cpu,0,18,-10.87,0.0,0.0
1850,random,2,0.3059,0.22,0,cpu,0,23,-10.22,0.0,0.0
1851,random,2,0.3061,0.22,0,cpu,0,26,-10.95,0.0,0.0
1852,random,2,0.3064,0.22,0,cpu,0,32,-10.01,0.0,0.0
1853,random,2,0.3065,0.22,0,cpu,0,13,-10.52,0.0,0.0
1854,random,2,0.3066,0.22,0,cpu,0,16,-10.65,0.0,0.0
1855,random,2,0.3067,0.22,0,cpu,0,8,-10.57,0.0,0.0
1856,random,2,0.3068,0.2,0,cpu,0,17,-10.36,0.0,0.0
1857,random,2,0.3069,0.24,0,cpu,2,8,10.25,0.0,0.0
1858,random,2,0.3072,0.24,0,cpu,0,37,-10.36,0.0,0.0
1859,random,2,0.3074,0.24,0,cpu,0,20,-10.49,0.0,0.0
1860,random,2,0.3074,0.24,0,cpu,0,7,-9.86,0.0,0.0
1861,random,2,0.3075,0.24,0,cpu,0,12,-10.81,0.0,0.0
1862,random,2,0.3077,0.24,0,cpu,0,20,-10.69,0.0,0.0
1863,random,2,0.3077,0.26,0,cpu,1,7,0.05,0.0,0.0
1864,random,2,0.3079,0.28,0,cpu,1,21,0.31,0.0,0.0
1865,random,2,0.3082,0.28,0,cpu,0,32,-9.81,0.0,0.0
1866,random,2,0.3083,0.28,0,cpu,0,15,-10.14,0.0,0.0
1867,random,2,0.3083,0.26,0,cpu,0,6,-10.15,0.0,0.0
1868,random,2,0.3087,0.26,0,cpu,0,47,-11.26,0.0,0.0
1869,random,2,0.3087,0.24,0,cpu,0,8,-10.17,0.0,0.0
1870,random,2,0.3091,0.22,0,cpu,0,52,-11.01,0.0,0.0
1871,random,2,0.3096,0.26,0,cpu,2,59,10.64,0.0,0.0
1872,random,2,0.3097,0.26,0,cpu,0,25,-10.84,0.0,0.0
1873,random,2,0.3099,0.26,0,cpu,0,14,-10.23,0.0,0.0
1874,random,2,0.31,0.26,0,cpu,0,16,-10.65,0.0,0.0
1875,random,2,0.3102,0.24,0,cpu,0,22,-10.51,0.0,0.0
1876,random,2,0.3103,0.24,0,cpu,0,13,-10.52,0.0,0.0
1877,random,2,0.3104,0.22,0,cpu,0,14,-10.43,0.0,0.0
1878,random,2,0.3105,0.18,0,cpu,0,11,-10.9,0.0,0.0
1879,random,2,0.3105,0.16,0,cpu,0,10,-10.59,0.0,0.0
1880,random,2,0.3107,0.16,0,cpu,0,18,-10.47,0.0,0.0
1881,random,2,0.3109,0.16,0,cpu,0,22,-11.11,0.0,0.0
1882,random,2,0.3109,0.16,0,cpu,0,7,-10.46,0.0,0.0
1883,random,2,0.311,0.16,0,cpu,0,8,-10.37,0.0,0.0
1884,random,2,0.3111,0.16,0,cpu,0,8,-10.57,0.0,0.0
1885,random,2,0.3112,0.18,0,cpu,1,20,-0.18,0.0,0.0
1886,random,2,0.3113,0.16,0,cpu,0,6,-10.15,0.0,0.0
1887,random,2,0.3115,0.16,0,cpu,0,21,-10.2,0.0,0.0
1888,random,2,0.3116,0.16,0,cpu,0,13,-10.12,0.0,0.0
1889,random,2,0.3119,0.16,0,cpu,0,46,-10.95,0.0,0.0
1890,random,2,0.3121,0.16,0,cpu,0,17,-10.76,0.0,0.0
1891,random,2,0.3123,0.16,0,cpu,0,19,-10.18,0.0,0.0
1892,random,2,0.3123,0.16,0,cpu,0,8,-10.17,0.0,0.0
1893,random,2,0.3125,0.16,0,cpu,0,20,-10.89,0.0,0.0
1894,random,2,0.3127,0.16,0,cpu,0,18,-10.47,0.0,0.0
1895,random,2,0.3129,0.16,0,cpu,0,24,-10.73,0.0,0.0
1896,random,2,0.313,0.16,0,cpu,0,13,-10.52,0.0,0.0
1897,random,2,0.3131,0.18,0,cpu,1,8,0.14,0.0,0.0
1898,random,2,0.3132,0.16,0,cpu,0,19,-9.78,0.0,0.0
1899,random,2,0.3133,0.16,0,cpu,0,7,-10.46,0.0,0.0
1900,random,2,0.3134,0.16,0,cpu,0,5,-10.04,0.0,0.0
1901,random,2,0.3135,0.16,0,cpu,0,14,-10.83,0.0,0.0
1902,random,2,0.3139,0.16,0,cpu,0,53,-11.12,0.0,0.0
1903,random,2,0.314,0.16,0,cpu,0,10,-10.59,0.0,0.0
1904,random,2,0.3142,0.18,0,cpu,1,24,-0.22,0.0,0.0
1905,random,2,0.3145,0.22,0,cpu,2,37,10.66,0.0,0.0
1906,random,2,0.3146,0.22,0,cpu,0,12,-9.81,0.0,0.0
1907,random,2,0.3147,0.18,0,cpu,0,17,-10.56,0.0,0.0
1908,random,2,0.3148,0.18,0,cpu,0,17,-10.36,0.0,0.0
1909,random,2,0.3152,0.18,0,cpu,0,46,-10.15,0.0,0.0
1910,random,2,0.3154,0.2,0,cpu,1,33,0.19,0.0,0.0
1911,random,2,0.3156,0.2,0,cpu,0,18,-10.87,0.0,0.0
1912,random,2,0.3157,0.2,0,cpu,0,10,-9.79,0.0,0.0
1913,random,2,0.3158,0.18,0,cpu,0,12,-10.41,0.0,0.0
1914,random,2,0.3159,0.16,0,cpu,0,10,-10.39,0.0,0.0
1915,random,2,0.316,0.16,0,cpu,0,19,-10.78,0.0,0.0
1916,random,2,0.3164,0.18,0,cpu,1,55,0.17,0.0,0.0
1917,random,2,0.3165,0.18,0,cpu,0,10,-10.39,0.0,0.0
1918,random,2,0.3168,0.18,0,cpu,0,44,-10.93,0.0,0.0
1919,random,2,0.3169,0.18,0,cpu,0,9,-10.48,0.0,0.0
1920,random,2,0.3171,0.2,0,cpu,1,26,-0.64,0.0,0.0
1921,random,2,0.3172,0.16,0,cpu,0,16,-10.45,0.0,0.0
1922,random,2,0.3173,0.16,0,cpu,0,8,-10.57,0.0,0.0
1923,random,2,0.3174,0.16,0,cpu,0,10,-10.19,0.0,0.0
1924,random,2,0.3175,0.16,0,cpu,0,11,-10.3,0.0,0.0
1925,random,2,0.3177,0.16,0,cpu,0,22,-10.71,0.0,0.0
1926,random,2,0.3178,0.16,0,cpu,0,12,-10.81,0.0,0.0
1927,random,2,0.3179,0.16,0,cpu,0,22,-11.11,0.0,0.0
1928,random,2,0.318,0.16,0,cpu,0,9,-10.48,0.0,0.0
1929,random,2,0.3181,0.16,0,cpu,0,16,-10.85,0.0,0.0
1930,random,2,0.3183,0.16,0,cpu,0,20,-10.69,0.0,0.0
1931,random,2,0.3184,0.16,0,cpu,0,11,-10.5,0.0,0.0
1932,random,2,0.3186,0.16,0,cpu,0,35,-11.14,0.0,0.0
1933,random,2,0.3187,0.16,0,cpu,0,12,-9.61,0.0,0.0
1934,random,2,0.3189,0.16,0,cpu,0,21,-10.2,0.0,0.0
1935,random,2,0.319,0.14,0,cpu,0,18,-10.27,0.0,0.0
1936,random,2,0.3192,0.14,0,cpu,0,17,-10.36,0.0,0.0
1937,random,2,0.3193,0.16,0,cpu,1,18,-0.16,0.0,0.0
1938,random,2,0.3194,0.16,0,cpu,0,7,-10.26,0.0,0.0
1939,random,2,0.3196,0.16,0,cpu,0,30,-10.99,0.0,0.0
1940,random,2,0.3198,0.16,0,cpu,0,24,-10.53,0.0,0.0
1941,random,2,0.32,0.16,0,cpu,0,18,-10.47,0.0,0.0
1942,random,2,0.3202,0.16,0,cpu,0,22,-10.51,0.0,0.0
1943,random,2,0.3203,0.16,0,cpu,0,8,-9.77,0.0,0.0
1944,random,2,0.3203,0.16,0,cpu,0,11,-10.5,0.0,0.0
1945,random,2,0.3205,0.16,0,cpu,0,19,-9.98,0.0,0.0
1946,random,2,0.3207,0.16,0,cpu,0,26,-10.55,0.0,0.0
1947,random,2,0.321,0.14,0,cpu,0,33,-10.72,0.0,0.0
1948,random,2,0.3211,0.14,0,cpu,0,20,-10.69,0.0,0.0
1949,random,2,0.3212,0.14,0,cpu,0,8,-10.37,0.0,0.0
1950,random,2,0.3213,0.14,0,cpu,0,6,-10.15,0.0,0.0
1951,random,2,0.3215,0.14,0,cpu,0,24,-10.33,0.0,0.0
1952,random,2,0.3219,0.14,0,cpu,0,43,-10.82,0.0,0.0
1953,random,2,0.322,0.14,0,cpu,0,11,-10.5,0.0,0.0
1954,random,2,0.3222,0.12,0,cpu,0,30,-10.59,0.0,0.0
1955,random,2,0.3223,0.08,0,cpu,0,11,-9.7,0.0,0.0
1956,random,2,0.3225,0.08,0,cpu,0,25,-10.84,0.0,0.0
1957,random,2,0.3227,0.08,0,cpu,0,23,-10.82,0.0,0.0
1958,random,2,0.3229,0.08,0,cpu,0,21,-10.8,0.0,0.0
1959,random,2,0.3231,0.08,0,cpu,0,30,-9.99,0.0,0.0
1960,random,2,0.3234,0.1,0,cpu,2,39,10.64,0.0,0.0
1961,random,2,0.3236,0.1,0,cpu,0,25,-10.04,0.0,0.0
1962,random,2,0.3237,0.1,0,cpu,0,16,-10.85,0.0,0.0
1963,random,2,0.3238,0.1,0,cpu,0,7,-10.66,0.0,0.0
1964,random,2,0.3241,0.14,0,cpu,2,38,10.75,0.0,0.0
1965,random,2,0.3242,0.14,0,cpu,0,12,-9.81,0.0,0.0
1966,random,2,0.3245,0.12,0,cpu,0,35,-10.94,0.0,0.0
1967,random,2,0.3251,0.12,0,cpu,0,63,-10.62,0.0,0.0
1968,random,2,0.3252,0.12,0,cpu,0,8,-10.57,0.0,0.0
1969,random,2,0.3252,0.12,0,cpu,0,9,-10.28,0.0,0.0
1970,random,2,0.3254,0.1,0,cpu,0,12,-11.01,0.0,0.0
1971,random,2,0.3256,0.1,0,cpu,0,29,-10.28,0.0,0.0
1972,random,2,0.3258,0.1,0,cpu,0,18,-10.87,0.0,0.0
1973,random,2,0.3259,0.1,0,cpu,0,22,-9.71,0.0,0.0
1974,random,2,0.326,0.1,0,cpu,0,11,-10.3,0.0,0.0
1975,random,2,0.3261,0.1,0,cpu,0,8,-9.77,0.0,0.0
1976,random,2,0.3264,0.1,0,cpu,0,30,-10.79,0.0,0.0
1977,random,2,0.3265,0.1,0,cpu,0,13,-10.32,0.0,0.0
1978,random,2,0.3267,0.1,0,cpu,0,30,-10.79,0.0,0.0
1979,random,2,0.3268,0.1,0,cpu,0,16,-10.05,0.0,0.0
1980,random,2,0.327,0.1,0,cpu,0,21,-10.8,0.0,0.0
1981,random,2,0.3271,0.1,0,cpu,0,9,-10.28,0.0,0.0
1982,random,2,0.3273,0.12,0,cpu,1,16,-0.14,0.0,0.0
1983,random,2,0.3276,0.14,0,cpu,1,44,-0.02,0.0,0.0
1984,random,2,0.3278,0.14,0,cpu,0,17,-10.76,0.0,0.0
1985,random,2,0.3279,0.16,0,cpu,1,11,-0.39,0.0,0.0
1986,random,2,0.3279,0.16,0,cpu,0,9,-10.28,0.0,0.0
1987,random,2,0.328,0.14,0,cpu,0,10,-10.99,0.0,0.0
1988,random,2,0.3281,0.14,0,cpu,0,11,-10.7,0.0,0.0
1989,random,2,0.3282,0.14,0,cpu,0,14,-10.83,0.0,0.0
1990,random,2,0.3284,0.14,0,cpu,0,13,-9.72,0.0,0.0
1991,random,2,0.3285,0.14,0,cpu,0,11,-10.5,0.0,0.0
1992,random,2,0.3286,0.14,0,cpu,0,20,-10.09,0.0,0.0
1993,random,2,0.3287,0.16,0,cpu,1,7,0.05,0.0,0.0
1994,random,2,0.3289,0.16,0,cpu,0,24,-10.33,0.0,0.0
1995,random,2,0.329,0.16,0,cpu,0,5,-10.44,0.0,0.0
1996,random,2,0.3291,0.16,0,cpu,0,12,-10.21,0.0,0.0
1997,random,2,0.3292,0.16,0,cpu,0,12,-10.41,0.0,0.0
1998,random,2,0.3295,0.16,0,cpu,0,29,-10.48,0.0,0.0
1999,random,2,0.3299,0.16,0,cpu,0,46,-11.15,0.0,0.0
2000,random,2,0.33,0.16,0,cpu,0,22,-11.11,0.0,0.0
