episode,model,seed,elapsed_seconds,moving_avg_score,model_size,device,score,steps,reward,epsilon,loss
1,double_dqn,1,0.0002,1.0,18563,cpu,1,21,0.11,0.99601,0.0
2,double_dqn,1,0.0005,1.0,18563,cpu,1,34,0.08,0.98955,0.0
3,double_dqn,1,0.0007,0.6667,18563,cpu,0,14,-10.63,0.98689,0.0
4,double_dqn,1,0.0008,0.5,18563,cpu,0,12,-10.81,0.98461,0.0
5,double_dqn,1,0.001,0.4,18563,cpu,0,17,-10.76,0.98138,0.0
6,double_dqn,1,0.0038,0.3333,18563,cpu,0,9,-10.88,0.97967,0.884118
7,double_dqn,1,0.0169,0.2857,18563,cpu,0,39,-10.38,0.97226,0.007137
8,double_dqn,1,0.0218,0.25,18563,cpu,0,15,-9.94,0.96941,1.09536
9,double_dqn,1,0.0341,0.2222,18563,cpu,0,36,-10.45,0.96257,0.268538
10,double_dqn,1,0.0394,0.4,18563,cpu,2,16,10.57,0.95953,0.491481
11,double_dqn,1,0.0501,0.4545,18563,cpu,1,33,-0.81,0.95326,0.523956
12,double_dqn,1,0.0595,0.4167,18563,cpu,0,29,-11.08,0.94775,0.019223
13,double_dqn,1,0.0651,0.4615,18563,cpu,1,17,0.35,0.94452,0.405173
14,double_dqn,1,0.0713,0.4286,18563,cpu,0,19,-10.18,0.94091,0.308307
15,double_dqn,1,0.0737,0.4,18563,cpu,0,7,-10.46,0.93958,0.075659
16,double_dqn,1,0.0816,0.375,18563,cpu,0,24,-10.13,0.93502,0.012987
17,double_dqn,1,0.0924,0.3529,18563,cpu,0,33,-10.52,0.92875,0.015287
18,double_dqn,1,0.1093,0.3333,18563,cpu,0,52,-10.21,0.91887,0.053624
19,double_dqn,1,0.1136,0.3158,18563,cpu,0,13,-10.92,0.9164,0.014881
20,double_dqn,1,0.1192,0.3,18563,cpu,0,17,-10.76,0.91317,0.013479
21,double_dqn,1,0.1287,0.2857,18563,cpu,0,29,-9.88,0.90766,0.02479
22,double_dqn,1,0.1316,0.2727,18563,cpu,0,9,-10.48,0.90595,0.013852
23,double_dqn,1,0.1346,0.2609,18563,cpu,0,9,-10.08,0.90424,0.118898
24,double_dqn,1,0.1373,0.25,18563,cpu,0,8,-10.57,0.90272,0.05997
25,double_dqn,1,0.1432,0.28,18563,cpu,1,18,-0.36,0.8993,0.042263
26,double_dqn,1,0.1537,0.2692,18563,cpu,0,32,-10.01,0.89322,0.039691
27,double_dqn,1,0.156,0.2963,18563,cpu,1,7,0.45,0.89189,0.349532
28,double_dqn,1,0.1698,0.3214,18563,cpu,1,42,-0.2,0.88391,0.067886
29,double_dqn,1,0.1718,0.3103,18563,cpu,0,6,-10.35,0.88277,0.021443
30,double_dqn,1,0.1738,0.3,18563,cpu,0,6,-9.75,0.88163,0.270812
31,double_dqn,1,0.1791,0.2903,18563,cpu,0,16,-10.65,0.87859,0.342935
32,double_dqn,1,0.1843,0.2812,18563,cpu,0,16,-10.25,0.87555,0.2811
33,double_dqn,1,0.1873,0.303,18563,cpu,1,9,0.23,0.87384,0.296661
34,double_dqn,1,0.1926,0.2941,18563,cpu,0,16,-10.05,0.8708,0.021161
35,double_dqn,1,0.1965,0.2857,18563,cpu,0,12,-9.81,0.86852,0.026595
36,double_dqn,1,0.2035,0.2778,18563,cpu,0,21,-10.6,0.86453,0.041458
37,double_dqn,1,0.2097,0.2973,18563,cpu,1,19,-0.47,0.86092,0.079985
38,double_dqn,1,0.2156,0.2895,18563,cpu,0,18,-10.67,0.8575,0.021215
39,double_dqn,1,0.2205,0.3077,18563,cpu,1,15,0.17,0.85465,0.037271
40,double_dqn,1,0.2277,0.325,18563,cpu,1,22,-0.4,0.85047,0.020333
41,double_dqn,1,0.232,0.3171,18563,cpu,0,13,-9.92,0.848,0.019636
42,double_dqn,1,0.2378,0.3095,18563,cpu,0,18,-10.07,0.84458,0.029469
43,double_dqn,1,0.2555,0.3023,18563,cpu,0,54,-11.23,0.83432,0.358039
44,double_dqn,1,0.2578,0.2955,18563,cpu,0,7,-10.06,0.83299,0.026575
45,double_dqn,1,0.2649,0.2889,18563,cpu,0,22,-10.31,0.82881,0.021971
46,double_dqn,1,0.2701,0.3261,18563,cpu,2,16,9.97,0.82577,0.081875
47,double_dqn,1,0.2864,0.3191,18563,cpu,0,50,-10.39,0.81627,0.04072
48,double_dqn,1,0.2924,0.375,18563,cpu,3,18,20.26,0.81285,0.041755
49,double_dqn,1,0.2997,0.3673,18563,cpu,0,22,-10.31,0.80867,0.313947
50,double_dqn,1,0.3062,0.36,18563,cpu,0,20,-9.69,0.80487,0.811336
51,double_dqn,1,0.3115,0.36,18563,cpu,1,16,0.46,0.80183,0.346561
52,double_dqn,1,0.324,0.4,18563,cpu,3,38,20.26,0.79461,0.313876
53,double_dqn,1,0.33,0.42,18563,cpu,1,18,0.04,0.79119,0.286418
54,double_dqn,1,0.3375,0.44,18563,cpu,1,23,-0.11,0.78682,0.016282
55,double_dqn,1,0.3411,0.44,18563,cpu,0,11,-10.3,0.78473,0.256901
56,double_dqn,1,0.3467,0.44,18563,cpu,0,17,-10.56,0.7815,0.078821
57,double_dqn,1,0.3501,0.48,18563,cpu,2,10,10.23,0.7796,0.040381
58,double_dqn,1,0.3547,0.48,18563,cpu,0,14,-9.63,0.77694,0.314933
59,double_dqn,1,0.3576,0.48,18563,cpu,0,9,-9.48,0.77523,0.048868
60,double_dqn,1,0.3672,0.46,18563,cpu,1,29,0.03,0.76972,0.522671
61,double_dqn,1,0.3786,0.44,18563,cpu,0,35,-9.94,0.76307,0.316107
62,double_dqn,1,0.383,0.46,18563,cpu,1,13,0.19,0.7606,0.044285
63,double_dqn,1,0.3961,0.44,18563,cpu,0,40,-10.69,0.753,0.042651
64,double_dqn,1,0.4,0.44,18563,cpu,0,12,-9.81,0.75072,0.024517
65,double_dqn,1,0.4075,0.44,18563,cpu,0,23,-10.02,0.74635,0.265839
66,double_dqn,1,0.4096,0.46,18563,cpu,1,6,0.16,0.74521,0.046332
67,double_dqn,1,0.4152,0.46,18563,cpu,0,17,-10.56,0.74198,0.028542
68,double_dqn,1,0.4218,0.46,18563,cpu,0,20,-9.69,0.73818,0.021131
69,double_dqn,1,0.4299,0.46,18563,cpu,0,25,-10.64,0.73343,0.038947
70,double_dqn,1,0.4402,0.46,18563,cpu,0,31,-9.9,0.72754,0.747561
71,double_dqn,1,0.4632,0.5,18563,cpu,2,70,9.43,0.71424,0.32894
72,double_dqn,1,0.4659,0.5,18563,cpu,0,8,-10.17,0.71272,0.084159
73,double_dqn,1,0.4735,0.52,18563,cpu,1,23,0.89,0.70835,0.318206
74,double_dqn,1,0.4782,0.54,18563,cpu,1,14,0.28,0.70569,0.314552
75,double_dqn,1,0.4805,0.52,18563,cpu,0,7,-9.66,0.70436,0.060435
76,double_dqn,1,0.4864,0.54,18563,cpu,1,18,0.44,0.70094,0.088065
77,double_dqn,1,0.4891,0.52,18563,cpu,0,8,-9.97,0.69942,0.404018
78,double_dqn,1,0.4924,0.5,18563,cpu,0,10,-10.19,0.69752,0.351373
79,double_dqn,1,0.5003,0.5,18563,cpu,0,24,-10.73,0.69296,0.315082
80,double_dqn,1,0.5083,0.52,18563,cpu,1,24,1.38,0.6884,0.2758
81,double_dqn,1,0.512,0.56,18563,cpu,2,11,10.12,0.68631,0.343899
82,double_dqn,1,0.5163,0.58,18563,cpu,1,13,0.59,0.68384,0.35768
83,double_dqn,1,0.5257,0.58,18563,cpu,1,29,-0.17,0.67833,1.096195
84,double_dqn,1,0.528,0.58,18563,cpu,0,7,-10.06,0.677,0.087746
85,double_dqn,1,0.5311,0.62,18563,cpu,2,9,10.34,0.67529,0.107234
86,double_dqn,1,0.5474,0.66,18563,cpu,2,49,10.54,0.66598,0.932213
87,double_dqn,1,0.5595,0.64,18563,cpu,0,37,-9.96,0.65895,0.549344
88,double_dqn,1,0.5644,0.64,18563,cpu,0,15,-10.34,0.6561,0.167859
89,double_dqn,1,0.5901,0.62,18563,cpu,0,78,-10.47,0.64128,0.583732
90,double_dqn,1,0.5941,0.6,18563,cpu,0,12,-10.01,0.639,0.402125
91,double_dqn,1,0.6188,0.64,18563,cpu,2,75,9.88,0.62475,0.084233
92,double_dqn,1,0.6288,0.7,18563,cpu,3,30,20.74,0.61905,0.377502
93,double_dqn,1,0.6368,0.72,18563,cpu,1,24,0.38,0.61449,0.031879
94,double_dqn,1,0.6414,0.72,18563,cpu,0,14,-9.83,0.61183,0.331325
95,double_dqn,1,0.6582,0.76,18563,cpu,2,51,10.32,0.60214,0.048141
96,double_dqn,1,0.6833,0.78,18563,cpu,3,76,20.88,0.5877,0.359985
97,double_dqn,1,0.689,0.78,18563,cpu,0,17,-10.56,0.58447,0.092756
98,double_dqn,1,0.6936,0.74,18563,cpu,1,14,0.48,0.58181,0.322358
99,double_dqn,1,0.7118,0.8,18563,cpu,3,54,21.3,0.57155,0.526381
100,double_dqn,1,0.7148,0.8,18563,cpu,0,9,-9.68,0.56984,0.376808
101,double_dqn,1,0.7175,0.8,18563,cpu,1,8,0.54,0.56832,0.057146
102,double_dqn,1,0.7303,0.76,18563,cpu,1,38,0.84,0.5611,0.340468
103,double_dqn,1,0.7375,0.78,18563,cpu,2,21,11.02,0.55711,0.027595
104,double_dqn,1,0.7595,0.84,18563,cpu,4,66,30.69,0.54457,0.6487
105,double_dqn,1,0.7695,0.86,18563,cpu,1,29,-0.17,0.53906,0.303297
106,double_dqn,1,0.772,0.86,18563,cpu,0,7,-9.66,0.53773,0.044324
107,double_dqn,1,0.7778,0.84,18563,cpu,1,17,0.15,0.5345,0.069443
108,double_dqn,1,0.7847,0.88,18563,cpu,2,20,10.53,0.5307,0.543288
109,double_dqn,1,0.797,0.92,18563,cpu,2,36,10.77,0.52386,0.080771
110,double_dqn,1,0.8241,0.94,18563,cpu,2,82,9.91,0.50828,0.590822
111,double_dqn,1,0.8292,0.96,18563,cpu,1,15,0.17,0.50543,0.02938
112,double_dqn,1,0.8363,0.96,18563,cpu,1,21,0.51,0.50144,0.31282
113,double_dqn,1,0.8434,1.0,18563,cpu,2,21,10.82,0.49745,0.049263
114,double_dqn,1,0.8471,1.02,18563,cpu,1,11,0.41,0.49536,0.336863
115,double_dqn,1,0.8532,1.04,18563,cpu,1,18,0.44,0.49194,0.321655
116,double_dqn,1,0.8592,1.02,18563,cpu,0,18,-10.07,0.48852,0.296503
117,double_dqn,1,0.8675,1.02,18563,cpu,0,25,-9.84,0.48377,0.335594
118,double_dqn,1,0.8713,1.04,18563,cpu,1,11,0.41,0.48168,0.072766
119,double_dqn,1,0.8819,1.08,18563,cpu,2,31,10.72,0.47579,0.081902
120,double_dqn,1,0.8855,1.08,18563,cpu,0,11,-10.1,0.4737,0.38279
121,double_dqn,1,0.9001,1.08,18563,cpu,2,43,11.4,0.46553,0.060023
122,double_dqn,1,0.9054,1.08,18563,cpu,0,16,-9.65,0.46249,0.063332
123,double_dqn,1,0.9081,1.06,18563,cpu,0,8,-9.77,0.46097,0.103473
124,double_dqn,1,0.9142,1.06,18563,cpu,1,18,0.44,0.45755,0.07961
125,double_dqn,1,0.9222,1.08,18563,cpu,1,24,0.18,0.45299,0.613801
126,double_dqn,1,0.9269,1.08,18563,cpu,1,14,0.88,0.45033,0.863677
127,double_dqn,1,0.9306,1.1,18563,cpu,1,11,0.21,0.44824,0.103868
128,double_dqn,1,0.934,1.12,18563,cpu,1,10,0.32,0.44634,0.332788
129,double_dqn,1,0.9387,1.12,18563,cpu,0,14,-10.03,0.44368,0.279411
130,double_dqn,1,0.9514,1.18,18563,cpu,4,38,31.37,0.43646,0.049628
131,double_dqn,1,0.9673,1.2,18563,cpu,3,47,22.27,0.42753,0.338704
132,double_dqn,1,0.9883,1.32,18563,cpu,7,62,62.46,0.41575,0.79592
133,double_dqn,1,0.9942,1.32,18563,cpu,1,17,0.35,0.41252,0.277595
134,double_dqn,1,1.0068,1.38,18563,cpu,3,37,21.57,0.40549,0.057181
135,double_dqn,1,1.017,1.36,18563,cpu,1,30,0.72,0.39979,0.316785
136,double_dqn,1,1.0214,1.32,18563,cpu,0,13,-9.92,0.39732,0.300323
137,double_dqn,1,1.0299,1.36,18563,cpu,2,25,10.38,0.39257,0.846393
138,double_dqn,1,1.0372,1.36,18563,cpu,0,21,-9.6,0.38858,0.309526
139,double_dqn,1,1.0445,1.4,18563,cpu,2,22,10.31,0.3844,0.614632
140,double_dqn,1,1.0558,1.44,18563,cpu,2,33,11.1,0.37813,0.579064
141,double_dqn,1,1.0729,1.44,18563,cpu,2,50,10.63,0.36863,0.348079
142,double_dqn,1,1.084,1.42,18563,cpu,2,32,11.61,0.36255,0.646
143,double_dqn,1,1.0881,1.42,18563,cpu,1,12,0.5,0.36027,0.550696
144,double_dqn,1,1.0915,1.42,18563,cpu,0,10,-9.39,0.35837,0.303436
145,double_dqn,1,1.098,1.42,18563,cpu,2,19,10.44,0.35476,0.553654
146,double_dqn,1,1.1057,1.4,18563,cpu,2,23,10.6,0.35039,0.153979
147,double_dqn,1,1.1214,1.54,18563,cpu,7,45,62.13,0.34184,0.088317
148,double_dqn,1,1.1285,1.56,18563,cpu,2,21,10.82,0.33785,0.323374
149,double_dqn,1,1.1374,1.54,18563,cpu,2,26,11.07,0.33291,0.57548
150,double_dqn,1,1.1493,1.6,18563,cpu,3,35,21.59,0.32626,0.53136
151,double_dqn,1,1.1659,1.64,18563,cpu,3,48,21.36,0.31714,0.289792
152,double_dqn,1,1.1849,1.72,18563,cpu,5,56,42.9,0.3065,0.786319
153,double_dqn,1,1.1937,1.7,18563,cpu,1,26,1.36,0.30156,0.567402
154,double_dqn,1,1.2007,1.66,18563,cpu,2,20,10.93,0.29776,0.544822
155,double_dqn,1,1.2229,1.72,18563,cpu,4,65,33.8,0.28541,0.542507
156,double_dqn,1,1.2378,1.78,18563,cpu,3,44,22.2,0.27705,0.085772
157,double_dqn,1,1.2413,1.78,18563,cpu,1,10,0.52,0.27515,0.086385
158,double_dqn,1,1.2582,1.82,18563,cpu,4,50,31.65,0.26565,0.368363
159,double_dqn,1,1.2807,1.92,18563,cpu,7,66,62.82,0.25311,0.540209
160,double_dqn,1,1.2869,1.9,18563,cpu,1,18,0.84,0.24969,0.818665
161,double_dqn,1,1.3039,1.96,18563,cpu,4,50,31.85,0.24019,0.282522
162,double_dqn,1,1.3199,2.02,18563,cpu,4,47,32.18,0.23126,1.353836
163,double_dqn,1,1.3476,2.14,18563,cpu,8,81,74.08,0.21587,0.398977
164,double_dqn,1,1.3518,2.14,18563,cpu,1,12,0.5,0.21359,0.318245
165,double_dqn,1,1.4012,2.44,18563,cpu,16,144,157.83,0.18623,0.068481
166,double_dqn,1,1.4188,2.54,18563,cpu,5,51,42.65,0.17654,1.106704
167,double_dqn,1,1.4593,2.78,18563,cpu,12,118,117.45,0.15412,0.580726
168,double_dqn,1,1.4738,2.9,18563,cpu,7,42,61.86,0.14614,0.285706
169,double_dqn,1,1.4769,2.88,18563,cpu,1,9,0.43,0.14443,0.057688
170,double_dqn,1,1.5025,3.06,18563,cpu,9,74,84.96,0.13037,0.681153
171,double_dqn,1,1.537,3.22,18563,cpu,10,100,96.01,0.11137,0.830486
172,double_dqn,1,1.572,3.44,18563,cpu,11,101,107.41,0.09218,1.127484
173,double_dqn,1,1.5965,3.58,18563,cpu,7,71,63.67,0.07869,0.080823
174,double_dqn,1,1.6333,3.76,18563,cpu,10,106,95.55,0.05855,0.181087
175,double_dqn,1,1.6573,3.9,18563,cpu,8,69,74.6,0.05,0.906786
176,double_dqn,1,1.6796,4.02,18563,cpu,7,64,64.84,0.05,0.574585
177,double_dqn,1,1.6824,4.02,18563,cpu,1,8,0.54,0.05,0.577498
178,double_dqn,1,1.7116,4.22,18563,cpu,11,84,105.48,0.05,0.167717
179,double_dqn,1,1.7267,4.32,18563,cpu,5,44,43.02,0.05,1.280776
180,double_dqn,1,1.7447,4.38,18563,cpu,7,52,63.56,0.05,0.314294
181,double_dqn,1,1.7583,4.42,18563,cpu,5,39,42.57,0.05,0.364789
182,double_dqn,1,1.7847,4.48,18563,cpu,10,76,94.45,0.05,0.653195
183,double_dqn,1,1.8361,4.86,18563,cpu,20,147,200.74,0.05,0.837659
184,double_dqn,1,1.8756,5.1,18563,cpu,15,113,145.33,0.05,0.8
185,double_dqn,1,1.8954,5.3,18563,cpu,11,57,103.85,0.05,1.086548
186,double_dqn,1,1.9167,5.48,18563,cpu,9,60,84.1,0.05,0.314635
187,double_dqn,1,1.9455,5.64,18563,cpu,10,83,95.68,0.05,0.560721
188,double_dqn,1,1.9655,5.78,18563,cpu,7,57,64.21,0.05,0.292112
189,double_dqn,1,1.9893,5.88,18563,cpu,7,69,64.69,0.05,0.097628
190,double_dqn,1,2.0525,6.22,18563,cpu,19,180,190.0,0.05,1.056059
191,double_dqn,1,2.0653,6.26,18563,cpu,4,37,32.88,0.05,0.788838
192,double_dqn,1,2.101,6.5,18563,cpu,14,102,135.63,0.05,0.904325
193,double_dqn,1,2.1477,6.78,18563,cpu,15,134,149.22,0.05,0.609296
194,double_dqn,1,2.2045,7.16,18563,cpu,19,163,189.47,0.05,0.546541
195,double_dqn,1,2.2169,7.18,18563,cpu,3,36,22.08,0.05,0.546019
196,double_dqn,1,2.244,7.36,18563,cpu,11,78,104.74,0.05,0.905648
197,double_dqn,1,2.2721,7.48,18563,cpu,13,80,125.74,0.05,0.76057
198,double_dqn,1,2.2833,7.54,18563,cpu,5,32,42.14,0.05,0.599302
199,double_dqn,1,2.3055,7.64,18563,cpu,7,64,64.44,0.05,1.087369
200,double_dqn,1,2.3165,7.68,18563,cpu,5,32,42.34,0.05,0.913092
201,double_dqn,1,2.3625,7.94,18563,cpu,16,132,159.15,0.05,0.691953
202,double_dqn,1,2.3867,8.02,18563,cpu,9,70,85.2,0.05,0.224717
203,double_dqn,1,2.3968,8.08,18563,cpu,4,29,31.96,0.05,0.583871
204,double_dqn,1,2.4393,8.34,18563,cpu,15,122,146.94,0.05,0.563337
205,double_dqn,1,2.4988,8.64,18563,cpu,19,171,191.39,0.05,1.105801
206,double_dqn,1,2.5089,8.64,18563,cpu,3,29,20.85,0.05,0.328787
207,double_dqn,1,2.5398,8.82,18563,cpu,10,89,96.42,0.05,0.17668
208,double_dqn,1,2.5437,8.76,18563,cpu,1,11,0.81,0.05,0.390565
209,double_dqn,1,2.5899,8.88,18563,cpu,13,133,128.91,0.05,0.996229
210,double_dqn,1,2.6023,8.88,18563,cpu,1,36,0.66,0.05,0.409158
211,double_dqn,1,2.657,9.16,18563,cpu,18,157,179.82,0.05,0.406298
212,double_dqn,1,2.7235,9.56,18563,cpu,24,190,242.25,0.05,0.78449
213,double_dqn,1,2.7624,9.72,18563,cpu,16,111,156.46,0.05,0.686758
214,double_dqn,1,2.769,9.74,18563,cpu,2,19,11.24,0.05,0.54829
215,double_dqn,1,2.7935,9.66,18563,cpu,12,69,114.44,0.05,0.638861
216,double_dqn,1,2.8279,9.8,18563,cpu,12,98,116.05,0.05,0.220161
217,double_dqn,1,2.8759,9.86,18563,cpu,15,136,149.0,0.05,0.873393
218,double_dqn,1,2.8923,9.84,18563,cpu,6,47,53.4,0.05,0.672508
219,double_dqn,1,2.9101,9.94,18563,cpu,6,51,52.56,0.05,1.011206
220,double_dqn,1,2.9182,9.82,18563,cpu,3,23,21.71,0.05,0.819032
221,double_dqn,1,2.9228,9.64,18563,cpu,1,13,0.79,0.05,0.322933
222,double_dqn,1,2.9259,9.44,18563,cpu,1,9,0.63,0.05,0.974729
223,double_dqn,1,2.9559,9.5,18563,cpu,10,86,95.75,0.05,0.343416
224,double_dqn,1,2.9929,9.56,18563,cpu,13,106,126.28,0.05,0.811601
225,double_dqn,1,3.0361,9.7,18563,cpu,15,124,148.32,0.05,0.611302
226,double_dqn,1,3.0568,9.72,18563,cpu,8,59,74.1,0.05,0.740064
227,double_dqn,1,3.121,10.14,18563,cpu,22,184,220.69,0.05,0.88814
228,double_dqn,1,3.156,10.2,18563,cpu,14,100,136.45,0.05,0.449661
229,double_dqn,1,3.2339,10.62,18563,cpu,26,222,263.95,0.05,0.588126
230,double_dqn,1,3.2384,10.5,18563,cpu,1,13,0.79,0.05,0.455451
231,double_dqn,1,3.2731,10.7,18563,cpu,15,99,146.87,0.05,0.68801
232,double_dqn,1,3.2858,10.6,18563,cpu,5,36,42.5,0.05,0.959385
233,double_dqn,1,3.3091,10.38,18563,cpu,9,67,83.53,0.05,1.662725
234,double_dqn,1,3.3531,10.36,18563,cpu,14,126,134.79,0.05,1.51511
235,double_dqn,1,3.3886,10.46,18563,cpu,16,101,155.96,0.05,0.43516
236,double_dqn,1,3.4197,10.5,18563,cpu,11,89,105.73,0.05,1.438007
237,double_dqn,1,3.4725,10.62,18563,cpu,16,152,156.95,0.05,0.877362
238,double_dqn,1,3.5232,10.86,18563,cpu,19,145,189.25,0.05,0.820422
239,double_dqn,1,3.5731,11.12,18563,cpu,20,143,198.58,0.05,0.444525
240,double_dqn,1,3.5838,10.82,18563,cpu,4,31,32.14,0.05,1.478042
241,double_dqn,1,3.6183,10.96,18563,cpu,11,99,106.23,0.05,1.097395
242,double_dqn,1,3.6437,10.92,18563,cpu,12,73,115.0,0.05,0.436133
243,double_dqn,1,3.6725,10.84,18563,cpu,11,83,104.39,0.05,1.130709
244,double_dqn,1,3.6967,10.62,18563,cpu,8,70,75.09,0.05,1.193805
245,double_dqn,1,3.7662,10.96,18563,cpu,20,200,202.51,0.05,0.912668
246,double_dqn,1,3.799,11.0,18563,cpu,13,94,126.0,0.05,0.731074
247,double_dqn,1,3.8429,11.08,18563,cpu,17,126,166.32,0.05,0.511406
248,double_dqn,1,3.8507,11.06,18563,cpu,4,22,30.93,0.05,0.696946
249,double_dqn,1,3.9172,11.38,18563,cpu,23,189,229.45,0.05,0.753757
250,double_dqn,1,3.9478,11.48,18563,cpu,10,87,96.04,0.05,0.932039
251,double_dqn,1,3.9765,11.36,18563,cpu,10,81,94.7,0.05,1.397349
252,double_dqn,1,4.0121,11.36,18563,cpu,9,101,86.19,0.05,0.509149
253,double_dqn,1,4.0328,11.44,18563,cpu,8,59,72.9,0.05,0.946272
254,double_dqn,1,4.0758,11.48,18563,cpu,17,122,168.36,0.05,0.930015
255,double_dqn,1,4.1084,11.38,18563,cpu,14,92,136.53,0.05,0.864922
256,double_dqn,1,4.1246,11.46,18563,cpu,7,46,62.82,0.05,1.039548
257,double_dqn,1,4.1334,11.3,18563,cpu,2,25,11.78,0.05,0.889104
258,double_dqn,1,4.1664,11.46,18563,cpu,9,95,85.05,0.05,0.647727
259,double_dqn,1,4.19,11.36,18563,cpu,8,67,74.42,0.05,0.579637
260,double_dqn,1,4.2192,11.58,18563,cpu,12,83,116.1,0.05,1.607425
261,double_dqn,1,4.2422,11.42,18563,cpu,10,66,94.75,0.05,0.509159
262,double_dqn,1,4.3005,11.32,18563,cpu,19,167,190.23,0.05,0.797239
263,double_dqn,1,4.312,11.12,18563,cpu,6,33,51.94,0.05,1.309161
264,double_dqn,1,4.3379,11.28,18563,cpu,10,74,94.87,0.05,0.549193
265,double_dqn,1,4.3977,11.42,18563,cpu,19,172,190.88,0.05,1.924999
266,double_dqn,1,4.4637,11.56,18563,cpu,19,189,190.61,0.05,0.562462
267,double_dqn,1,4.4692,11.3,18563,cpu,2,16,10.17,0.05,1.030822
268,double_dqn,1,4.4747,11.22,18563,cpu,2,16,10.97,0.05,0.586777
269,double_dqn,1,4.5541,11.62,18563,cpu,26,227,263.4,0.05,1.443162
270,double_dqn,1,4.5959,11.84,18563,cpu,14,120,138.45,0.05,0.452391
271,double_dqn,1,4.6254,12.04,18563,cpu,11,84,106.08,0.05,0.430749
272,double_dqn,1,4.6469,12.16,18563,cpu,7,61,64.77,0.05,0.789331
273,double_dqn,1,4.6686,12.16,18563,cpu,10,62,94.39,0.05,1.526111
274,double_dqn,1,4.6968,12.12,18563,cpu,11,81,104.61,0.05,0.651415
275,double_dqn,1,4.7051,11.9,18563,cpu,4,24,31.51,0.05,1.156662
276,double_dqn,1,4.7315,11.94,18563,cpu,10,76,95.45,0.05,1.482406
277,double_dqn,1,4.7666,11.8,18563,cpu,15,100,147.16,0.05,0.588599
278,double_dqn,1,4.8187,11.86,18563,cpu,17,148,168.9,0.05,0.37945
279,double_dqn,1,4.8635,11.62,18563,cpu,14,127,138.88,0.05,1.656358
280,double_dqn,1,4.9053,11.94,18563,cpu,17,118,167.0,0.05,1.346944
281,double_dqn,1,4.937,11.88,18563,cpu,12,90,116.33,0.05,1.243106
282,double_dqn,1,4.962,11.96,18563,cpu,9,71,85.09,0.05,0.310412
283,double_dqn,1,4.9921,12.0,18563,cpu,11,86,105.66,0.05,0.616994
284,double_dqn,1,5.0266,11.96,18563,cpu,12,99,116.14,0.05,0.54755
285,double_dqn,1,5.0367,11.68,18563,cpu,2,29,11.34,0.05,0.730712
286,double_dqn,1,5.0807,11.8,18563,cpu,17,125,167.83,0.05,1.355774
287,double_dqn,1,5.1102,11.66,18563,cpu,9,84,85.26,0.05,0.64895
288,double_dqn,1,5.1206,11.4,18563,cpu,6,29,51.78,0.05,0.602914
289,double_dqn,1,5.1483,11.18,18563,cpu,9,79,83.61,0.05,0.905991
290,double_dqn,1,5.1913,11.36,18563,cpu,13,121,127.03,0.05,0.721948
291,double_dqn,1,5.2027,11.26,18563,cpu,6,32,52.05,0.05,1.44449
292,double_dqn,1,5.2629,11.42,18563,cpu,20,170,201.41,0.05,0.793803
293,double_dqn,1,5.3316,11.7,18563,cpu,25,194,253.32,0.05,0.996233
294,double_dqn,1,5.35,11.64,18563,cpu,5,53,43.83,0.05,0.881549
295,double_dqn,1,5.3826,11.44,18563,cpu,10,93,95.58,0.05,0.084246
296,double_dqn,1,5.4148,11.38,18563,cpu,10,92,95.49,0.05,1.318651
297,double_dqn,1,5.4672,11.5,18563,cpu,23,150,230.54,0.05,1.239051
298,double_dqn,1,5.4697,11.44,18563,cpu,1,7,0.45,0.05,1.39345
299,double_dqn,1,5.4854,11.1,18563,cpu,6,45,52.22,0.05,1.023518
300,double_dqn,1,5.5184,11.18,18563,cpu,14,94,136.91,0.05,1.564247
301,double_dqn,1,5.5659,11.28,18563,cpu,15,136,149.4,0.05,0.720689
302,double_dqn,1,5.5881,11.28,18563,cpu,9,63,84.77,0.05,0.989508
303,double_dqn,1,5.6219,11.4,18563,cpu,14,96,136.69,0.05,0.55366
304,double_dqn,1,5.6725,11.42,18563,cpu,18,144,179.05,0.05,0.619356
305,double_dqn,1,5.6957,11.32,18563,cpu,9,66,84.44,0.05,0.871585
306,double_dqn,1,5.724,11.42,18563,cpu,12,80,114.83,0.05,1.030446
307,double_dqn,1,5.7778,11.68,18563,cpu,15,153,149.53,0.05,1.192761
308,double_dqn,1,5.7799,11.5,18563,cpu,0,6,-9.55,0.05,0.57389
309,double_dqn,1,5.7986,11.46,18563,cpu,6,52,53.65,0.05,0.680905
310,double_dqn,1,5.8495,11.54,18563,cpu,16,144,157.83,0.05,1.222396
311,double_dqn,1,5.8878,11.62,18563,cpu,14,108,137.57,0.05,0.610635
312,double_dqn,1,5.9194,11.44,18563,cpu,10,89,95.82,0.05,0.956326
313,double_dqn,1,5.9521,11.5,18563,cpu,9,93,86.67,0.05,0.751508
314,double_dqn,1,6.0319,11.82,18563,cpu,26,227,263.0,0.05,1.680877
315,double_dqn,1,6.0821,11.84,18563,cpu,20,142,199.49,0.05,0.897843
316,double_dqn,1,6.1146,11.7,18563,cpu,12,92,116.71,0.05,1.694346
317,double_dqn,1,6.1663,11.96,18563,cpu,15,146,148.9,0.05,1.481514
318,double_dqn,1,6.1856,12.04,18563,cpu,6,55,53.32,0.05,0.422388
319,double_dqn,1,6.1935,11.6,18563,cpu,4,22,31.53,0.05,0.887896
320,double_dqn,1,6.2583,11.72,18563,cpu,20,183,199.58,0.05,0.758963
321,double_dqn,1,6.314,11.92,18563,cpu,21,158,211.04,0.05,0.520524
322,double_dqn,1,6.3386,11.92,18563,cpu,7,70,65.58,0.05,0.323888
323,double_dqn,1,6.3576,11.9,18563,cpu,9,54,82.96,0.05,0.710651
324,double_dqn,1,6.4088,12.04,18563,cpu,18,145,179.54,0.05,1.408963
325,double_dqn,1,6.4361,12.22,18563,cpu,13,77,125.27,0.05,1.247249
326,double_dqn,1,6.474,12.26,18563,cpu,12,108,116.95,0.05,0.147215
327,double_dqn,1,6.5115,12.26,18563,cpu,15,106,146.3,0.05,0.79054
328,double_dqn,1,6.5496,12.14,18563,cpu,11,108,107.84,0.05,0.566595
329,double_dqn,1,6.5845,12.14,18563,cpu,14,99,136.16,0.05,0.774573
330,double_dqn,1,6.6353,12.14,18563,cpu,17,144,168.94,0.05,1.001719
331,double_dqn,1,6.6815,12.14,18563,cpu,12,131,117.02,0.05,1.440737
332,double_dqn,1,6.7052,12.12,18563,cpu,8,67,74.62,0.05,1.080094
333,double_dqn,1,6.7255,12.06,18563,cpu,8,57,74.12,0.05,0.737169
334,double_dqn,1,6.729,11.84,18563,cpu,1,10,0.72,0.05,1.273307
335,double_dqn,1,6.7548,12.02,18563,cpu,11,73,104.49,0.05,0.521451
336,double_dqn,1,6.7935,11.92,18563,cpu,12,109,117.44,0.05,1.004223
337,double_dqn,1,6.8122,11.84,18563,cpu,5,53,43.23,0.05,1.239908
338,double_dqn,1,6.8641,12.08,18563,cpu,18,146,180.23,0.05,1.581502
339,double_dqn,1,6.8858,12.02,18563,cpu,6,61,54.46,0.05,1.131272
340,double_dqn,1,6.9161,11.94,18563,cpu,9,85,85.75,0.05,0.378473
341,double_dqn,1,6.9243,11.86,18563,cpu,2,23,10.8,0.05,1.354213
342,double_dqn,1,6.9577,11.68,18563,cpu,11,94,105.78,0.05,0.621538
343,double_dqn,1,7.0224,11.66,18563,cpu,24,181,243.04,0.05,0.773184
344,double_dqn,1,7.0605,11.86,18563,cpu,15,107,147.99,0.05,0.844171
345,double_dqn,1,7.1065,12.0,18563,cpu,17,130,167.68,0.05,0.842912
346,double_dqn,1,7.1335,11.96,18563,cpu,8,76,75.83,0.05,0.634669
347,double_dqn,1,7.1663,11.76,18563,cpu,13,92,126.02,0.05,1.395948
348,double_dqn,1,7.1895,11.94,18563,cpu,10,65,94.46,0.05,0.541181
349,double_dqn,1,7.2337,12.12,18563,cpu,15,124,147.92,0.05,1.319943
350,double_dqn,1,7.2468,11.92,18563,cpu,4,37,31.08,0.05,1.55814
351,double_dqn,1,7.2634,11.7,18563,cpu,4,47,32.38,0.05,1.294506
352,double_dqn,1,7.3039,11.78,18563,cpu,13,114,128.4,0.05,0.893805
353,double_dqn,1,7.3206,11.64,18563,cpu,7,47,63.11,0.05,1.55073
354,double_dqn,1,7.339,11.46,18563,cpu,9,51,83.69,0.05,0.664933
355,double_dqn,1,7.3593,11.44,18563,cpu,8,57,73.32,0.05,1.183822
356,double_dqn,1,7.3785,11.36,18563,cpu,8,54,72.85,0.05,0.797616
357,double_dqn,1,7.4054,11.26,18563,cpu,10,76,94.85,0.05,0.336995
358,double_dqn,1,7.4322,11.44,18563,cpu,9,75,85.05,0.05,0.920647
359,double_dqn,1,7.4677,11.54,18563,cpu,11,100,105.32,0.05,0.634279
360,double_dqn,1,7.5224,11.56,18563,cpu,17,154,170.24,0.05,0.756644
361,double_dqn,1,7.5659,11.58,18563,cpu,15,123,147.43,0.05,0.507907
362,double_dqn,1,7.5775,11.5,18563,cpu,6,33,51.94,0.05,0.918676
363,double_dqn,1,7.5876,11.4,18563,cpu,4,29,31.96,0.05,0.620064
364,double_dqn,1,7.6213,11.1,18563,cpu,11,96,105.76,0.05,1.144736
365,double_dqn,1,7.64,10.82,18563,cpu,6,53,53.94,0.05,1.436037
366,double_dqn,1,7.7046,11.06,18563,cpu,24,183,241.02,0.05,1.860856
367,double_dqn,1,7.7439,11.0,18563,cpu,12,112,118.11,0.05,1.394546
368,double_dqn,1,7.7471,10.92,18563,cpu,2,9,10.54,0.05,0.791455
369,double_dqn,1,7.8208,11.3,18563,cpu,23,208,232.36,0.05,2.031417
370,double_dqn,1,7.8966,11.44,18563,cpu,27,213,271.85,0.05,1.87953
371,double_dqn,1,7.9267,11.26,18563,cpu,12,85,115.48,0.05,0.416556
372,double_dqn,1,7.9312,11.14,18563,cpu,1,13,0.79,0.05,0.238009
373,double_dqn,1,7.9646,11.16,18563,cpu,10,95,95.96,0.05,1.231719
374,double_dqn,1,7.9986,11.06,18563,cpu,13,96,125.98,0.05,0.858975
375,double_dqn,1,8.0574,11.2,18563,cpu,20,166,201.05,0.05,1.007212
376,double_dqn,1,8.0945,11.24,18563,cpu,14,104,136.61,0.05,0.911517
377,double_dqn,1,8.1447,11.3,18563,cpu,18,141,179.98,0.05,0.507494
378,double_dqn,1,8.1476,11.1,18563,cpu,1,8,0.54,0.05,0.882893
379,double_dqn,1,8.1675,10.96,18563,cpu,7,56,64.12,0.05,1.67605
380,double_dqn,1,8.2215,10.98,18563,cpu,18,153,179.86,0.05,0.550887
381,double_dqn,1,8.2853,11.26,18563,cpu,26,180,261.37,0.05,0.96297
382,double_dqn,1,8.2899,11.1,18563,cpu,0,13,-9.32,0.05,1.723518
383,double_dqn,1,8.3199,11.16,18563,cpu,11,85,105.17,0.05,1.432788
384,double_dqn,1,8.3323,11.2,18563,cpu,3,35,21.39,0.05,0.571348
385,double_dqn,1,8.3977,11.5,18563,cpu,26,185,262.62,0.05,0.523238
386,double_dqn,1,8.4089,11.34,18563,cpu,4,32,31.83,0.05,1.851427
387,double_dqn,1,8.4376,11.46,18563,cpu,11,81,104.81,0.05,0.826099
388,double_dqn,1,8.5083,11.52,18563,cpu,21,200,212.42,0.05,0.932412
389,double_dqn,1,8.5817,11.84,18563,cpu,22,208,222.85,0.05,1.127972
390,double_dqn,1,8.611,11.86,18563,cpu,10,83,94.68,0.05,1.076744
391,double_dqn,1,8.6343,11.96,18563,cpu,7,66,64.82,0.05,0.585203
392,double_dqn,1,8.677,12.12,18563,cpu,19,121,188.09,0.05,0.539786
393,double_dqn,1,8.6967,11.76,18563,cpu,6,56,54.41,0.05,1.512527
394,double_dqn,1,8.7545,11.88,18563,cpu,21,164,211.78,0.05,1.881411
395,double_dqn,1,8.758,11.56,18563,cpu,1,10,0.72,0.05,0.997797
396,double_dqn,1,8.7666,11.48,18563,cpu,4,25,31.8,0.05,2.132285
397,double_dqn,1,8.7981,11.44,18563,cpu,11,89,104.93,0.05,1.025847
398,double_dqn,1,8.8557,11.64,18563,cpu,20,163,199.78,0.05,1.150302
399,double_dqn,1,8.8776,11.52,18563,cpu,9,62,84.48,0.05,0.990772
400,double_dqn,1,8.9026,11.6,18563,cpu,8,70,75.29,0.05,1.27537
401,double_dqn,1,8.9484,11.8,18563,cpu,14,127,137.48,0.05,1.25992
402,double_dqn,1,8.9851,11.84,18563,cpu,15,102,146.34,0.05,1.925698
403,double_dqn,1,9.0545,12.12,18563,cpu,21,193,210.19,0.05,1.024357
404,double_dqn,1,9.0695,12.08,18563,cpu,7,42,62.26,0.05,0.728754
405,double_dqn,1,9.0809,12.0,18563,cpu,4,32,32.43,0.05,0.627176
406,double_dqn,1,9.1205,12.1,18563,cpu,13,111,127.53,0.05,1.430203
407,double_dqn,1,9.1515,12.1,18563,cpu,10,87,95.04,0.05,1.546937
408,double_dqn,1,9.1916,12.26,18563,cpu,17,113,167.35,0.05,0.368994
409,double_dqn,1,9.2576,12.5,18563,cpu,23,187,231.67,0.05,0.972671
410,double_dqn,1,9.2719,12.3,18563,cpu,7,40,62.88,0.05,0.758709
411,double_dqn,1,9.3113,12.28,18563,cpu,14,111,137.24,0.05,0.858845
412,double_dqn,1,9.3712,12.66,18563,cpu,25,168,251.58,0.05,1.000225
413,double_dqn,1,9.4084,12.84,18563,cpu,13,105,125.59,0.05,1.826226
414,double_dqn,1,9.4212,12.68,18563,cpu,3,36,21.68,0.05,0.986807
415,double_dqn,1,9.4257,12.58,18563,cpu,1,13,0.79,0.05,1.203817
416,double_dqn,1,9.4452,12.24,18563,cpu,7,55,63.23,0.05,1.816946
417,double_dqn,1,9.4501,12.02,18563,cpu,1,14,1.08,0.05,1.141713
418,double_dqn,1,9.4591,12.06,18563,cpu,4,25,31.8,0.05,0.9478
419,double_dqn,1,9.5228,12.04,18563,cpu,22,179,222.44,0.05,1.295567
420,double_dqn,1,9.5281,11.54,18563,cpu,2,15,11.08,0.05,1.33596
421,double_dqn,1,9.5781,11.66,18563,cpu,18,141,178.38,0.05,1.461527
422,double_dqn,1,9.6058,11.86,18563,cpu,11,78,105.14,0.05,0.877872
423,double_dqn,1,9.625,11.88,18563,cpu,11,54,103.58,0.05,0.396387
424,double_dqn,1,9.6645,11.94,18563,cpu,16,111,157.26,0.05,1.026464
425,double_dqn,1,9.6695,11.56,18563,cpu,1,14,0.88,0.05,0.503437
426,double_dqn,1,9.7615,11.86,18563,cpu,29,258,296.12,0.05,1.306057
427,double_dqn,1,9.7644,11.52,18563,cpu,1,8,0.54,0.05,0.951786
428,double_dqn,1,9.7737,11.54,18563,cpu,2,26,11.67,0.05,1.126435
429,double_dqn,1,9.8149,11.66,18563,cpu,13,115,127.89,0.05,1.151174
430,double_dqn,1,9.8321,11.4,18563,cpu,5,49,42.47,0.05,1.210508
431,double_dqn,1,9.8781,11.18,18563,cpu,15,129,148.77,0.05,1.541088
432,double_dqn,1,9.8945,11.28,18563,cpu,5,46,43.2,0.05,1.776742
433,double_dqn,1,9.9455,11.42,18563,cpu,18,143,180.36,0.05,0.387197
434,double_dqn,1,9.9969,11.76,18563,cpu,20,145,199.76,0.05,0.41675
435,double_dqn,1,10.0223,11.4,18563,cpu,8,72,75.47,0.05,1.761602
436,double_dqn,1,10.0261,11.34,18563,cpu,1,11,0.81,0.05,1.805189
437,double_dqn,1,10.0484,11.28,18563,cpu,8,63,74.26,0.05,1.504076
438,double_dqn,1,10.0933,11.18,18563,cpu,16,127,159.1,0.05,1.154745
439,double_dqn,1,10.1101,10.9,18563,cpu,8,47,73.02,0.05,1.223219
440,double_dqn,1,10.1522,10.96,18563,cpu,13,120,127.94,0.05,0.744884
441,double_dqn,1,10.1655,10.94,18563,cpu,6,38,52.59,0.05,0.864684
442,double_dqn,1,10.2087,10.8,18563,cpu,12,122,118.01,0.05,1.308035
443,double_dqn,1,10.2197,10.74,18563,cpu,3,31,21.83,0.05,1.539231
444,double_dqn,1,10.2492,10.54,18563,cpu,11,84,106.28,0.05,0.552351
445,double_dqn,1,10.3064,10.88,18563,cpu,18,146,178.43,0.05,1.246267
446,double_dqn,1,10.3185,10.92,18563,cpu,6,29,51.98,0.05,1.159033
447,double_dqn,1,10.3609,11.0,18563,cpu,15,114,148.62,0.05,1.529487
448,double_dqn,1,10.4331,10.94,18563,cpu,17,204,171.34,0.05,1.315556
449,double_dqn,1,10.5023,11.24,18563,cpu,24,195,241.9,0.05,1.885322
450,double_dqn,1,10.5603,11.44,18563,cpu,18,164,179.45,0.05,0.594503
451,double_dqn,1,10.6111,11.44,18563,cpu,14,144,139.41,0.05,0.77386
452,double_dqn,1,10.6272,11.24,18563,cpu,5,46,43.6,0.05,0.814716
453,double_dqn,1,10.6336,10.88,18563,cpu,3,18,21.26,0.05,1.014265
454,double_dqn,1,10.6937,11.16,18563,cpu,21,169,212.43,0.05,1.087746
455,double_dqn,1,10.7155,11.24,18563,cpu,8,62,73.17,0.05,1.089206
456,double_dqn,1,10.7511,11.24,18563,cpu,13,101,125.23,0.05,0.842212
457,double_dqn,1,10.795,11.32,18563,cpu,14,124,136.21,0.05,0.927585
458,double_dqn,1,10.8359,11.26,18563,cpu,14,113,136.42,0.05,1.154405
459,double_dqn,1,10.8803,11.1,18563,cpu,15,125,148.41,0.05,0.900093
460,double_dqn,1,10.8854,11.0,18563,cpu,2,14,10.99,0.05,1.037969
461,double_dqn,1,10.9238,10.96,18563,cpu,12,107,117.66,0.05,0.602082
462,double_dqn,1,10.9681,10.78,18563,cpu,16,123,157.14,0.05,1.84741
463,double_dqn,1,11.0168,10.82,18563,cpu,15,136,147.8,0.05,1.376709
464,double_dqn,1,11.0338,10.88,18563,cpu,6,48,53.49,0.05,0.631336
465,double_dqn,1,11.048,10.96,18563,cpu,5,40,42.66,0.05,0.81274
466,double_dqn,1,11.0686,10.94,18563,cpu,6,58,53.99,0.05,1.116982
467,double_dqn,1,11.0752,10.98,18563,cpu,3,19,21.35,0.05,1.351402
468,double_dqn,1,11.0805,10.94,18563,cpu,2,15,10.88,0.05,2.206662
469,double_dqn,1,11.1069,10.7,18563,cpu,10,74,95.07,0.05,1.363001
470,double_dqn,1,11.1132,10.7,18563,cpu,2,18,11.35,0.05,1.263793
471,double_dqn,1,11.1509,10.56,18563,cpu,11,107,106.15,0.05,0.595037
472,double_dqn,1,11.1685,10.46,18563,cpu,6,50,53.67,0.05,1.872499
473,double_dqn,1,11.2251,10.68,18563,cpu,22,159,220.84,0.05,1.889952
474,double_dqn,1,11.2287,10.38,18563,cpu,1,10,0.52,0.05,0.719675
475,double_dqn,1,11.2482,10.56,18563,cpu,10,55,92.96,0.05,1.678208
476,double_dqn,1,11.251,9.98,18563,cpu,0,8,-9.57,0.05,0.103187
477,double_dqn,1,11.3023,10.34,18563,cpu,19,144,188.76,0.05,1.393949
478,double_dqn,1,11.3729,10.74,18563,cpu,22,199,223.24,0.05,1.243313
479,double_dqn,1,11.3964,10.66,18563,cpu,9,66,83.84,0.05,1.375624
480,double_dqn,1,11.4855,11.1,18563,cpu,27,240,273.48,0.05,1.123118
481,double_dqn,1,11.4967,10.88,18563,cpu,4,31,31.94,0.05,1.07616
482,double_dqn,1,11.5322,11.04,18563,cpu,13,99,127.25,0.05,0.949656
483,double_dqn,1,11.5761,10.94,18563,cpu,13,124,128.5,0.05,1.05133
484,double_dqn,1,11.5902,10.62,18563,cpu,4,40,31.95,0.05,0.958226
485,double_dqn,1,11.6123,10.58,18563,cpu,6,63,54.24,0.05,0.36762
486,double_dqn,1,11.6858,11.0,18563,cpu,22,204,224.09,0.05,0.77525
487,double_dqn,1,11.7198,11.12,18563,cpu,14,95,136.2,0.05,1.114966
488,double_dqn,1,11.781,11.28,18563,cpu,24,171,240.74,0.05,1.07866
489,double_dqn,1,11.7845,11.14,18563,cpu,1,10,0.72,0.05,1.655852
490,double_dqn,1,11.7942,10.96,18563,cpu,4,27,31.78,0.05,0.871454
491,double_dqn,1,11.8359,11.12,18563,cpu,14,117,136.78,0.05,0.623722
492,double_dqn,1,11.8803,11.2,18563,cpu,16,124,158.63,0.05,1.965011
493,double_dqn,1,11.9058,11.32,18563,cpu,9,71,85.29,0.05,1.341791
494,double_dqn,1,11.9489,11.44,18563,cpu,17,118,167.8,0.05,0.208864
495,double_dqn,1,11.9705,11.24,18563,cpu,8,58,74.41,0.05,0.603815
496,double_dqn,1,11.981,11.2,18563,cpu,4,28,32.07,0.05,2.03671
497,double_dqn,1,11.9988,11.02,18563,cpu,6,47,53.2,0.05,1.289445
498,double_dqn,1,12.0379,10.94,18563,cpu,13,110,127.44,0.05,0.548299
499,double_dqn,1,12.0544,10.6,18563,cpu,7,46,63.42,0.05,1.178904
500,double_dqn,1,12.0679,10.42,18563,cpu,9,38,82.12,0.05,0.833543
501,double_dqn,1,12.1151,10.46,18563,cpu,16,132,158.75,0.05,1.620499
502,double_dqn,1,12.1461,10.6,18563,cpu,12,87,115.66,0.05,1.752749
503,double_dqn,1,12.2069,10.92,18563,cpu,19,171,190.79,0.05,1.657027
504,double_dqn,1,12.2364,10.7,18563,cpu,10,83,94.88,0.05,0.789288
505,double_dqn,1,12.2726,10.8,18563,cpu,13,96,125.38,0.05,1.498713
506,double_dqn,1,12.3156,10.82,18563,cpu,14,120,138.05,0.05,0.525936
507,double_dqn,1,12.3533,10.76,18563,cpu,11,105,106.77,0.05,1.659313
508,double_dqn,1,12.3962,10.74,18563,cpu,13,121,126.83,0.05,0.828634
509,double_dqn,1,12.4516,10.88,18563,cpu,22,155,219.68,0.05,0.601321
510,double_dqn,1,12.4811,11.0,18563,cpu,8,83,76.06,0.05,1.891349
511,double_dqn,1,12.5487,11.16,18563,cpu,20,190,202.01,0.05,0.767407
512,double_dqn,1,12.5621,10.92,18563,cpu,4,38,32.57,0.05,1.294254
513,double_dqn,1,12.5808,10.76,18563,cpu,7,53,63.25,0.05,1.367222
514,double_dqn,1,12.6101,10.86,18563,cpu,11,82,105.9,0.05,1.901953
515,double_dqn,1,12.6317,10.92,18563,cpu,8,61,73.88,0.05,1.725285
516,double_dqn,1,12.6588,10.96,18563,cpu,8,77,75.72,0.05,1.224623
517,double_dqn,1,12.6763,11.04,18563,cpu,7,50,63.58,0.05,1.177296
518,double_dqn,1,12.7085,11.2,18563,cpu,10,92,96.89,0.05,1.122646
519,double_dqn,1,12.7562,11.3,18563,cpu,15,136,147.6,0.05,1.104326
520,double_dqn,1,12.7815,11.46,18563,cpu,10,72,94.49,0.05,1.208973
521,double_dqn,1,12.8058,11.42,18563,cpu,9,69,84.91,0.05,0.415898
522,double_dqn,1,12.8514,11.58,18563,cpu,14,130,136.95,0.05,0.888887
523,double_dqn,1,12.8564,11.16,18563,cpu,1,14,1.08,0.05,0.572889
524,double_dqn,1,12.9277,11.64,18563,cpu,25,201,251.55,0.05,1.277028
525,double_dqn,1,12.9732,11.76,18563,cpu,16,127,157.5,0.05,1.690528
526,double_dqn,1,13.0034,11.98,18563,cpu,11,86,105.86,0.05,1.0309
527,double_dqn,1,13.0251,11.78,18563,cpu,9,62,84.28,0.05,1.105766
528,double_dqn,1,13.0342,11.36,18563,cpu,1,26,1.76,0.05,1.494367
529,double_dqn,1,13.0468,11.28,18563,cpu,5,36,41.9,0.05,1.088169
530,double_dqn,1,13.0508,10.76,18563,cpu,1,11,0.81,0.05,1.009253
531,double_dqn,1,13.0886,11.0,18563,cpu,16,107,156.9,0.05,0.801848
532,double_dqn,1,13.1431,11.16,18563,cpu,21,154,210.68,0.05,1.228043
533,double_dqn,1,13.1871,11.24,18563,cpu,17,125,167.63,0.05,0.839037
534,double_dqn,1,13.2428,11.52,18563,cpu,18,158,179.91,0.05,1.104363
535,double_dqn,1,13.2923,11.7,18563,cpu,15,141,148.05,0.05,0.659099
536,double_dqn,1,13.3095,11.44,18563,cpu,9,49,83.31,0.05,0.614645
537,double_dqn,1,13.3225,11.26,18563,cpu,5,37,42.79,0.05,0.507167
538,double_dqn,1,13.3351,10.88,18563,cpu,5,36,42.7,0.05,0.381846
539,double_dqn,1,13.3393,10.88,18563,cpu,1,12,0.9,0.05,1.966819
540,double_dqn,1,13.393,11.16,18563,cpu,18,154,179.75,0.05,0.691341
541,double_dqn,1,13.4334,11.12,18563,cpu,12,115,116.58,0.05,1.345668
542,double_dqn,1,13.4746,11.22,18563,cpu,21,118,207.24,0.05,1.939813
543,double_dqn,1,13.4956,11.26,18563,cpu,11,60,104.12,0.05,0.539413
544,double_dqn,1,13.5092,11.02,18563,cpu,5,39,42.57,0.05,1.800391
545,double_dqn,1,13.542,11.12,18563,cpu,13,94,126.0,0.05,1.455878
546,double_dqn,1,13.5722,11.24,18563,cpu,10,87,94.84,0.05,0.323921
547,double_dqn,1,13.6005,11.3,18563,cpu,9,81,85.19,0.05,1.093394
548,double_dqn,1,13.6283,11.18,18563,cpu,7,80,65.88,0.05,0.789512
549,double_dqn,1,13.6528,11.2,18563,cpu,8,70,75.49,0.05,0.804671
550,double_dqn,1,13.7341,11.5,18563,cpu,24,233,243.72,0.05,0.791634
551,double_dqn,1,13.7589,11.34,18563,cpu,8,71,74.78,0.05,0.802218
552,double_dqn,1,13.7839,11.28,18563,cpu,9,72,84.18,0.05,0.74255
553,double_dqn,1,13.8487,11.38,18563,cpu,24,184,240.71,0.05,1.081896
554,double_dqn,1,13.8768,11.38,18563,cpu,10,80,94.81,0.05,1.03128
555,double_dqn,1,13.9241,11.44,18563,cpu,16,133,157.24,0.05,1.28445
556,double_dqn,1,13.9415,11.26,18563,cpu,5,49,42.87,0.05,1.836597
557,double_dqn,1,13.9525,11.14,18563,cpu,5,31,42.25,0.05,0.771967
558,double_dqn,1,14.0052,11.3,18563,cpu,21,148,209.14,0.05,0.919469
559,double_dqn,1,14.036,11.08,18563,cpu,11,87,106.75,0.05,1.040151
560,double_dqn,1,14.0658,11.18,18563,cpu,13,84,126.3,0.05,0.660751
561,double_dqn,1,14.1071,11.06,18563,cpu,14,117,138.98,0.05,0.876259
562,double_dqn,1,14.1389,11.26,18563,cpu,14,90,133.95,0.05,1.136058
563,double_dqn,1,14.1725,11.36,18563,cpu,12,95,116.38,0.05,0.340506
564,double_dqn,1,14.1851,11.22,18563,cpu,4,36,32.79,0.05,1.285367
565,double_dqn,1,14.1993,11.18,18563,cpu,6,40,52.37,0.05,1.271192
566,double_dqn,1,14.2391,11.3,18563,cpu,14,112,138.13,0.05,1.331731
567,double_dqn,1,14.2648,11.34,18563,cpu,9,73,85.07,0.05,1.276354
568,double_dqn,1,14.2952,11.4,18563,cpu,13,86,124.28,0.05,1.110022
569,double_dqn,1,14.3634,11.6,18563,cpu,25,193,250.43,0.05,1.512401
570,double_dqn,1,14.3969,11.64,18563,cpu,12,95,116.98,0.05,1.429804
571,double_dqn,1,14.4184,11.64,18563,cpu,9,61,83.79,0.05,1.590503
572,double_dqn,1,14.4524,11.66,18563,cpu,15,96,146.4,0.05,1.479978
573,double_dqn,1,14.4785,11.82,18563,cpu,9,74,85.36,0.05,0.378005
574,double_dqn,1,14.513,11.54,18563,cpu,11,98,106.74,0.05,1.644492
575,double_dqn,1,14.5315,11.38,18563,cpu,8,53,73.76,0.05,1.183252
576,double_dqn,1,14.5928,11.66,18563,cpu,25,173,251.83,0.05,1.70109
577,double_dqn,1,14.6364,11.76,18563,cpu,14,124,137.81,0.05,1.62268
578,double_dqn,1,14.7091,12.28,18563,cpu,27,206,271.42,0.05,2.4134
579,double_dqn,1,14.7378,12.38,18563,cpu,10,81,94.3,0.05,3.219952
580,double_dqn,1,14.7805,12.64,18563,cpu,14,122,137.43,0.05,1.465322
581,double_dqn,1,14.8219,12.58,18563,cpu,13,118,127.96,0.05,1.756605
582,double_dqn,1,14.8458,12.32,18563,cpu,8,69,74.2,0.05,1.554643
583,double_dqn,1,14.8824,12.22,18563,cpu,12,105,117.28,0.05,1.438891
584,double_dqn,1,14.9214,12.16,18563,cpu,15,111,147.55,0.05,0.651006
585,double_dqn,1,14.9722,12.18,18563,cpu,16,145,158.12,0.05,1.311909
586,double_dqn,1,14.9991,12.3,18563,cpu,15,76,145.2,0.05,0.575958
587,double_dqn,1,15.045,12.52,18563,cpu,16,131,158.46,0.05,1.277566
588,double_dqn,1,15.0844,12.7,18563,cpu,14,112,137.13,0.05,0.747272
589,double_dqn,1,15.0961,12.8,18563,cpu,6,33,52.34,0.05,1.501803
590,double_dqn,1,15.1554,12.82,18563,cpu,19,169,190.41,0.05,0.202473
591,double_dqn,1,15.1854,12.84,18563,cpu,13,85,126.19,0.05,2.402504
592,double_dqn,1,15.1994,12.54,18563,cpu,6,40,52.77,0.05,1.586867
593,double_dqn,1,15.2226,12.48,18563,cpu,8,66,74.73,0.05,1.028521
594,double_dqn,1,15.2251,12.4,18563,cpu,1,7,0.45,0.05,2.188084
595,double_dqn,1,15.2343,12.24,18563,cpu,5,26,41.0,0.05,1.46245
596,double_dqn,1,15.2557,12.18,18563,cpu,7,61,62.77,0.05,1.07311
597,double_dqn,1,15.2802,12.16,18563,cpu,8,70,75.29,0.05,0.810278
598,double_dqn,1,15.3177,12.36,18563,cpu,17,107,167.41,0.05,0.631552
599,double_dqn,1,15.3577,12.5,18563,cpu,15,114,148.22,0.05,1.579239
600,double_dqn,1,15.4143,12.46,18563,cpu,22,162,219.51,0.05,1.74477
601,double_dqn,1,15.4202,12.34,18563,cpu,2,17,11.26,0.05,1.4851
602,double_dqn,1,15.4495,12.4,18563,cpu,12,84,114.99,0.05,0.359469
603,double_dqn,1,15.4565,11.98,18563,cpu,3,20,21.04,0.05,1.014815
604,double_dqn,1,15.5146,12.18,18563,cpu,20,166,199.25,0.05,0.771701
605,double_dqn,1,15.5206,11.9,18563,cpu,2,17,11.26,0.05,0.477192
606,double_dqn,1,15.5655,12.12,18563,cpu,16,127,158.9,0.05,1.215332
607,double_dqn,1,15.573,12.08,18563,cpu,3,21,21.53,0.05,0.359736
608,double_dqn,1,15.585,11.72,18563,cpu,3,34,22.7,0.05,0.639214
609,double_dqn,1,15.6157,11.76,18563,cpu,13,87,125.97,0.05,1.796604
610,double_dqn,1,15.6485,11.7,18563,cpu,10,92,96.89,0.05,1.811012
611,double_dqn,1,15.7248,11.9,18563,cpu,24,214,241.01,0.05,0.473516
612,double_dqn,1,15.7368,11.72,18563,cpu,5,34,41.72,0.05,0.605901
613,double_dqn,1,15.7749,11.74,18563,cpu,13,107,127.37,0.05,0.535414
614,double_dqn,1,15.8081,11.9,18563,cpu,12,93,115.6,0.05,1.282796
615,double_dqn,1,15.8155,11.8,18563,cpu,1,21,1.71,0.05,1.381338
616,double_dqn,1,15.8711,11.86,18563,cpu,17,157,170.31,0.05,0.920452
617,double_dqn,1,15.9206,12.02,18563,cpu,17,139,168.29,0.05,1.270217
618,double_dqn,1,15.9613,12.12,18563,cpu,18,114,177.75,0.05,0.846491
619,double_dqn,1,15.9987,11.88,18563,cpu,13,106,126.28,0.05,1.78085
620,double_dqn,1,16.037,11.9,18563,cpu,13,109,126.35,0.05,1.4836
621,double_dqn,1,16.068,12.0,18563,cpu,14,87,135.28,0.05,0.730305
622,double_dqn,1,16.085,11.82,18563,cpu,6,48,53.49,0.05,1.635131
623,double_dqn,1,16.1385,12.04,18563,cpu,20,149,200.12,0.05,0.78259
624,double_dqn,1,16.1699,12.06,18563,cpu,12,89,115.64,0.05,1.539864
625,double_dqn,1,16.1784,11.92,18563,cpu,1,23,1.69,0.05,1.222174
626,double_dqn,1,16.2348,11.84,18563,cpu,21,158,208.44,0.05,2.313359
627,double_dqn,1,16.2758,11.86,18563,cpu,15,115,148.31,0.05,1.237792
628,double_dqn,1,16.309,11.54,18563,cpu,11,94,106.38,0.05,1.158272
629,double_dqn,1,16.3292,11.46,18563,cpu,6,56,53.81,0.05,0.678896
630,double_dqn,1,16.3799,11.58,18563,cpu,20,142,199.69,0.05,0.800677
631,double_dqn,1,16.4263,11.64,18563,cpu,16,131,160.06,0.05,0.572977
632,double_dqn,1,16.4496,11.66,18563,cpu,9,66,83.64,0.05,1.347412
633,double_dqn,1,16.4819,11.62,18563,cpu,10,91,96.6,0.05,1.247831
634,double_dqn,1,16.5113,11.56,18563,cpu,12,83,114.9,0.05,0.722356
635,double_dqn,1,16.5442,11.5,18563,cpu,13,93,126.31,0.05,1.186855
636,double_dqn,1,16.5603,11.32,18563,cpu,6,45,53.42,0.05,1.432068
637,double_dqn,1,16.595,11.18,18563,cpu,9,98,86.32,0.05,0.895145
638,double_dqn,1,16.6642,11.4,18563,cpu,25,195,252.01,0.05,1.294988
639,double_dqn,1,16.6951,11.5,18563,cpu,11,87,105.35,0.05,0.863633
640,double_dqn,1,16.7388,11.44,18563,cpu,16,123,156.94,0.05,1.208276
641,double_dqn,1,16.7424,11.22,18563,cpu,2,10,10.63,0.05,0.802627
642,double_dqn,1,16.7536,11.2,18563,cpu,5,32,42.34,0.05,1.279828
643,double_dqn,1,16.7653,11.1,18563,cpu,3,32,22.52,0.05,1.33451
644,double_dqn,1,16.7845,11.24,18563,cpu,8,54,74.05,0.05,1.325804
645,double_dqn,1,16.8169,11.4,18563,cpu,13,90,126.04,0.05,0.612034
646,double_dqn,1,16.8385,11.42,18563,cpu,8,61,74.28,0.05,0.312571
647,double_dqn,1,16.883,11.46,18563,cpu,10,124,96.57,0.05,1.213468
648,double_dqn,1,16.8984,11.2,18563,cpu,4,43,32.82,0.05,0.564698
649,double_dqn,1,16.9272,11.12,18563,cpu,11,81,104.61,0.05,2.276938
650,double_dqn,1,16.9562,10.9,18563,cpu,11,82,104.7,0.05,0.811425
651,double_dqn,1,17.002,11.2,18563,cpu,17,129,167.59,0.05,0.658901
652,double_dqn,1,17.0469,11.18,18563,cpu,11,126,107.46,0.05,0.76816
653,double_dqn,1,17.072,11.4,18563,cpu,14,71,135.04,0.05,1.657949
654,double_dqn,1,17.1231,11.36,18563,cpu,18,144,178.45,0.05,0.787083
655,double_dqn,1,17.1398,11.44,18563,cpu,6,47,53.2,0.05,1.12317
656,double_dqn,1,17.1485,11.22,18563,cpu,5,25,41.71,0.05,1.033243
657,double_dqn,1,17.2141,11.52,18563,cpu,18,185,180.34,0.05,1.105593
658,double_dqn,1,17.2663,11.82,18563,cpu,18,147,179.32,0.05,1.318897
659,double_dqn,1,17.2807,11.68,18563,cpu,6,41,52.66,0.05,2.224491
660,double_dqn,1,17.3126,11.72,18563,cpu,12,90,116.53,0.05,0.948677
661,double_dqn,1,17.3477,11.42,18563,cpu,9,100,87.7,0.05,0.881682
662,double_dqn,1,17.3688,11.44,18563,cpu,6,60,54.37,0.05,1.265766
663,double_dqn,1,17.4065,11.46,18563,cpu,14,106,137.39,0.05,0.790024
664,double_dqn,1,17.4101,11.26,18563,cpu,2,10,10.63,0.05,1.203569
665,double_dqn,1,17.4604,11.6,18563,cpu,18,143,179.76,0.05,1.58824
666,double_dqn,1,17.5,11.56,18563,cpu,15,112,147.44,0.05,0.611546
667,double_dqn,1,17.5252,11.42,18563,cpu,10,71,94.8,0.05,1.878263
668,double_dqn,1,17.5441,11.2,18563,cpu,7,54,63.74,0.05,1.40448
669,double_dqn,1,17.5855,11.24,18563,cpu,15,117,147.69,0.05,0.601049
670,double_dqn,1,17.5916,11.04,18563,cpu,3,17,20.97,0.05,0.621213
671,double_dqn,1,17.6226,11.02,18563,cpu,13,87,125.57,0.05,2.163104
672,double_dqn,1,17.6269,10.98,18563,cpu,4,12,30.43,0.05,1.488314
673,double_dqn,1,17.6513,10.68,18563,cpu,5,69,44.67,0.05,1.246475
674,double_dqn,1,17.7182,10.92,18563,cpu,24,188,240.67,0.05,0.46179
675,double_dqn,1,17.7619,11.18,18563,cpu,14,123,138.32,0.05,1.276609
676,double_dqn,1,17.7909,10.94,18563,cpu,9,83,85.97,0.05,1.270355
677,double_dqn,1,17.8299,10.94,18563,cpu,15,110,146.46,0.05,1.943382
678,double_dqn,1,17.8624,10.94,18563,cpu,11,92,106.4,0.05,1.466401
679,double_dqn,1,17.9544,11.4,18563,cpu,29,259,295.21,0.05,0.550667
680,double_dqn,1,17.9768,11.14,18563,cpu,7,63,64.95,0.05,1.813122
681,double_dqn,1,18.0252,11.18,18563,cpu,18,137,179.62,0.05,0.788339
682,double_dqn,1,18.0284,11.02,18563,cpu,1,9,0.63,0.05,1.409221
683,double_dqn,1,18.0337,10.88,18563,cpu,3,15,20.99,0.05,1.212551
684,double_dqn,1,18.0543,10.78,18563,cpu,7,58,64.1,0.05,1.401133
685,double_dqn,1,18.071,10.68,18563,cpu,8,47,73.22,0.05,0.815117
686,double_dqn,1,18.1077,10.82,18563,cpu,13,104,126.7,0.05,1.104208
687,double_dqn,1,18.1289,10.8,18563,cpu,8,60,73.59,0.05,1.762775
688,double_dqn,1,18.1826,10.66,18563,cpu,18,151,180.48,0.05,1.336249
689,double_dqn,1,18.2118,10.62,18563,cpu,9,83,83.97,0.05,1.660525
690,double_dqn,1,18.2637,10.58,18563,cpu,14,147,137.08,0.05,1.402515
691,double_dqn,1,18.284,10.68,18563,cpu,7,57,63.61,0.05,1.608932
692,double_dqn,1,18.3169,10.82,18563,cpu,12,92,115.11,0.05,0.91176
693,double_dqn,1,18.3513,11.0,18563,cpu,12,96,115.87,0.05,0.673422
694,double_dqn,1,18.3613,10.9,18563,cpu,3,28,22.16,0.05,0.700281
695,double_dqn,1,18.3988,10.96,18563,cpu,16,104,157.83,0.05,1.018171
696,double_dqn,1,18.4351,11.1,18563,cpu,15,102,146.94,0.05,0.647279
697,double_dqn,1,18.4373,10.9,18563,cpu,0,6,-9.55,0.05,0.939596
698,double_dqn,1,18.4937,11.18,18563,cpu,18,158,177.51,0.05,0.666502
699,double_dqn,1,18.5253,11.16,18563,cpu,10,89,96.62,0.05,1.216975
700,double_dqn,1,18.5706,11.26,18563,cpu,16,128,157.39,0.05,0.761034
701,double_dqn,1,18.5911,11.04,18563,cpu,6,58,54.19,0.05,0.824645
702,double_dqn,1,18.6556,11.24,18563,cpu,21,181,209.31,0.05,0.577054
703,double_dqn,1,18.6743,11.1,18563,cpu,7,53,62.45,0.05,0.831796
704,double_dqn,1,18.7018,10.88,18563,cpu,7,78,64.5,0.05,1.324923
705,double_dqn,1,18.7332,11.0,18563,cpu,12,88,115.75,0.05,2.55674
706,double_dqn,1,18.7568,11.04,18563,cpu,7,67,63.91,0.05,1.185761
707,double_dqn,1,18.7716,10.76,18563,cpu,4,41,33.04,0.05,0.847317
708,double_dqn,1,18.7996,10.58,18563,cpu,9,79,83.81,0.05,1.467995
709,double_dqn,1,18.8137,10.58,18563,cpu,6,39,52.28,0.05,1.272902
710,double_dqn,1,18.8322,10.44,18563,cpu,5,52,43.54,0.05,1.219119
711,double_dqn,1,18.8674,10.46,18563,cpu,10,98,96.63,0.05,1.08157
712,double_dqn,1,18.9223,10.68,18563,cpu,17,154,170.04,0.05,1.198887
713,double_dqn,1,18.9876,10.82,18563,cpu,21,183,212.69,0.05,0.575742
714,double_dqn,1,18.9982,10.86,18563,cpu,4,30,32.25,0.05,1.022755
715,double_dqn,1,19.026,10.72,18563,cpu,11,78,105.34,0.05,1.09453
716,double_dqn,1,19.0465,10.6,18563,cpu,9,58,84.12,0.05,1.060521
717,double_dqn,1,19.0805,10.62,18563,cpu,11,96,106.56,0.05,1.148715
718,double_dqn,1,19.0885,10.54,18563,cpu,3,23,21.51,0.05,0.422274
719,double_dqn,1,19.115,10.4,18563,cpu,8,75,75.94,0.05,1.142818
720,double_dqn,1,19.1499,10.6,18563,cpu,13,99,125.85,0.05,1.615944
721,double_dqn,1,19.2255,10.82,18563,cpu,24,213,241.12,0.05,1.463094
722,double_dqn,1,19.2812,11.12,18563,cpu,19,156,189.64,0.05,1.49835
723,double_dqn,1,19.3203,11.26,18563,cpu,12,110,117.53,0.05,1.061777
724,double_dqn,1,19.3591,11.1,18563,cpu,16,109,156.48,0.05,1.300914
725,double_dqn,1,19.3984,11.1,18563,cpu,14,111,137.24,0.05,0.794213
726,double_dqn,1,19.4189,11.08,18563,cpu,8,58,73.01,0.05,0.740709
727,double_dqn,1,19.4527,10.98,18563,cpu,10,95,96.16,0.05,0.792851
728,double_dqn,1,19.4648,10.88,18563,cpu,6,34,52.43,0.05,1.043707
729,double_dqn,1,19.4855,10.5,18563,cpu,10,58,94.03,0.05,1.375792
730,double_dqn,1,19.5047,10.56,18563,cpu,10,54,93.27,0.05,1.128237
731,double_dqn,1,19.5242,10.34,18563,cpu,7,52,63.96,0.05,2.11673
732,double_dqn,1,19.5934,10.8,18563,cpu,24,193,242.92,0.05,1.270191
733,double_dqn,1,19.644,11.16,18563,cpu,21,141,208.71,0.05,0.628018
734,double_dqn,1,19.6705,11.2,18563,cpu,9,75,85.65,0.05,0.849084
735,double_dqn,1,19.6858,11.16,18563,cpu,6,43,52.44,0.05,0.678726
736,double_dqn,1,19.7025,11.0,18563,cpu,5,47,43.09,0.05,1.010129
737,double_dqn,1,19.7186,10.92,18563,cpu,4,46,33.49,0.05,1.506032
738,double_dqn,1,19.7523,10.84,18563,cpu,14,96,135.49,0.05,0.394143
739,double_dqn,1,19.7961,11.0,18563,cpu,17,124,168.94,0.05,1.703352
740,double_dqn,1,19.861,11.06,18563,cpu,17,184,169.74,0.05,1.515733
741,double_dqn,1,19.8751,11.02,18563,cpu,5,40,42.86,0.05,1.313913
742,double_dqn,1,19.8825,10.82,18563,cpu,2,21,11.62,0.05,0.819197
743,double_dqn,1,19.8978,10.68,18563,cpu,5,43,43.13,0.05,0.870724
744,double_dqn,1,19.9055,10.68,18563,cpu,3,22,21.02,0.05,1.182469
745,double_dqn,1,19.9776,10.84,18563,cpu,24,205,242.2,0.05,1.866937
746,double_dqn,1,20.0061,10.8,18563,cpu,13,81,126.03,0.05,1.21522
747,double_dqn,1,20.0497,11.12,18563,cpu,16,124,157.03,0.05,1.555719
748,double_dqn,1,20.0817,10.98,18563,cpu,11,91,106.91,0.05,0.88913
749,double_dqn,1,20.1326,11.14,18563,cpu,18,144,180.05,0.05,0.945039
750,double_dqn,1,20.1768,11.12,18563,cpu,15,125,148.21,0.05,0.969638
751,double_dqn,1,20.1916,11.14,18563,cpu,7,42,62.06,0.05,1.361371
752,double_dqn,1,20.2222,10.98,18563,cpu,13,86,126.48,0.05,0.44231
753,double_dqn,1,20.2493,11.08,18563,cpu,12,77,114.16,0.05,1.55989
754,double_dqn,1,20.3097,11.3,18563,cpu,18,171,179.88,0.05,1.726938
755,double_dqn,1,20.3706,11.48,18563,cpu,21,174,210.88,0.05,0.110575
756,double_dqn,1,20.4019,11.54,18563,cpu,10,89,96.02,0.05,1.433475
757,double_dqn,1,20.4085,11.52,18563,cpu,3,19,21.15,0.05,1.56373
758,double_dqn,1,20.4446,11.58,18563,cpu,12,103,115.5,0.05,0.6419
759,double_dqn,1,20.4951,11.84,18563,cpu,19,143,190.27,0.05,0.653811
760,double_dqn,1,20.5369,12.08,18563,cpu,17,119,166.69,0.05,0.285951
761,double_dqn,1,20.5474,11.98,18563,cpu,5,30,42.16,0.05,1.132161
762,double_dqn,1,20.5675,11.84,18563,cpu,10,57,93.94,0.05,0.917379
763,double_dqn,1,20.6027,11.68,18563,cpu,13,99,127.65,0.05,1.089568
764,double_dqn,1,20.6212,11.74,18563,cpu,7,52,63.96,0.05,1.051684
765,double_dqn,1,20.6395,11.64,18563,cpu,6,51,53.76,0.05,0.741218
766,double_dqn,1,20.6846,11.74,18563,cpu,14,126,138.79,0.05,1.427474
767,double_dqn,1,20.7112,11.76,18563,cpu,12,75,114.58,0.05,1.283989
768,double_dqn,1,20.7439,11.92,18563,cpu,11,92,106.8,0.05,1.418134
769,double_dqn,1,20.7634,11.9,18563,cpu,7,55,63.83,0.05,1.531403
770,double_dqn,1,20.7659,11.66,18563,cpu,1,7,0.45,0.05,0.616679
771,double_dqn,1,20.781,11.3,18563,cpu,6,42,52.95,0.05,0.897848
772,double_dqn,1,20.8227,11.2,18563,cpu,14,117,137.38,0.05,1.523714
773,double_dqn,1,20.8598,11.2,18563,cpu,12,104,117.99,0.05,0.508077
774,double_dqn,1,20.8666,10.92,18563,cpu,2,19,11.24,0.05,1.002212
775,double_dqn,1,20.898,10.92,18563,cpu,14,88,134.97,0.05,1.61529
776,double_dqn,1,20.9151,10.84,18563,cpu,4,48,33.47,0.05,1.612461
777,double_dqn,1,20.9413,10.82,18563,cpu,9,73,85.47,0.05,0.905931
778,double_dqn,1,20.9548,10.86,18563,cpu,8,38,72.61,0.05,0.842111
779,double_dqn,1,20.9838,10.94,18563,cpu,14,81,134.94,0.05,1.176739
780,double_dqn,1,21.0066,10.9,18563,cpu,8,64,74.55,0.05,1.176505
781,double_dqn,1,21.0482,11.08,18563,cpu,16,117,158.2,0.05,1.136732
782,double_dqn,1,21.0665,10.74,18563,cpu,7,51,63.27,0.05,1.203668
783,double_dqn,1,21.1148,10.58,18563,cpu,13,136,128.18,0.05,0.404335
784,double_dqn,1,21.1595,10.72,18563,cpu,16,126,158.21,0.05,1.22027
785,double_dqn,1,21.1715,10.7,18563,cpu,5,34,42.52,0.05,0.825242
786,double_dqn,1,21.1772,10.64,18563,cpu,2,16,10.77,0.05,1.112671
787,double_dqn,1,21.2207,10.82,18563,cpu,13,123,127.01,0.05,0.742918
788,double_dqn,1,21.2417,10.72,18563,cpu,9,59,84.41,0.05,1.152981
789,double_dqn,1,21.2586,10.46,18563,cpu,4,48,33.07,0.05,1.010586
790,double_dqn,1,21.2629,10.16,18563,cpu,2,12,10.61,0.05,1.239471
791,double_dqn,1,21.2921,10.3,18563,cpu,12,82,115.41,0.05,1.528895
792,double_dqn,1,21.3575,10.72,18563,cpu,23,185,233.89,0.05,0.257056
793,double_dqn,1,21.3596,10.62,18563,cpu,0,6,-9.55,0.05,1.652988
794,double_dqn,1,21.3762,10.72,18563,cpu,8,47,73.02,0.05,1.792987
795,double_dqn,1,21.3883,10.32,18563,cpu,4,34,32.41,0.05,1.235351
796,double_dqn,1,21.3989,10.12,18563,cpu,3,30,22.34,0.05,1.057163
797,double_dqn,1,21.4042,9.84,18563,cpu,2,15,10.48,0.05,1.782116
798,double_dqn,1,21.4381,9.82,18563,cpu,10,96,95.25,0.05,2.020864
799,double_dqn,1,21.4566,9.58,18563,cpu,6,52,53.85,0.05,0.856794
800,double_dqn,1,21.5136,9.7,18563,cpu,21,161,210.51,0.05,0.616362
801,double_dqn,1,21.5473,9.78,18563,cpu,11,96,107.16,0.05,0.535828
802,double_dqn,1,21.5791,9.76,18563,cpu,12,90,116.93,0.05,1.576383
803,double_dqn,1,21.5988,9.66,18563,cpu,7,56,63.92,0.05,1.244736
804,double_dqn,1,21.6203,9.46,18563,cpu,8,61,73.88,0.05,1.757503
805,double_dqn,1,21.6565,9.4,18563,cpu,18,102,176.67,0.05,0.891917
806,double_dqn,1,21.6688,9.28,18563,cpu,4,35,32.5,0.05,1.107751
807,double_dqn,1,21.7071,9.46,18563,cpu,12,109,117.84,0.05,1.563354
808,double_dqn,1,21.7983,9.78,18563,cpu,28,257,286.32,0.05,1.338084
809,double_dqn,1,21.8113,9.52,18563,cpu,6,36,52.61,0.05,0.90974
810,double_dqn,1,21.9067,9.82,18563,cpu,32,269,325.04,0.05,0.928797
811,double_dqn,1,21.9481,10.0,18563,cpu,14,117,136.78,0.05,1.750365
812,double_dqn,1,21.9818,10.08,18563,cpu,14,95,135.8,0.05,1.057012
813,double_dqn,1,22.0335,10.14,18563,cpu,16,146,158.41,0.05,1.183512
814,double_dqn,1,22.0552,10.16,18563,cpu,8,61,73.68,0.05,1.116019
815,double_dqn,1,22.0902,10.28,18563,cpu,12,99,116.74,0.05,1.026332
816,double_dqn,1,22.1013,10.08,18563,cpu,4,31,32.34,0.05,1.354786
817,double_dqn,1,22.1433,10.1,18563,cpu,13,119,127.85,0.05,1.31987
818,double_dqn,1,22.15,9.92,18563,cpu,2,19,10.84,0.05,1.104496
819,double_dqn,1,22.1783,9.96,18563,cpu,9,80,84.5,0.05,0.470225
820,double_dqn,1,22.2172,10.22,18563,cpu,14,110,136.55,0.05,1.329054
821,double_dqn,1,22.2433,10.28,18563,cpu,9,74,85.16,0.05,1.9454
822,double_dqn,1,22.2921,10.26,18563,cpu,13,138,128.96,0.05,0.871867
823,double_dqn,1,22.3179,10.2,18563,cpu,9,73,83.87,0.05,0.910596
824,double_dqn,1,22.3455,10.38,18563,cpu,11,78,105.14,0.05,1.046848
825,double_dqn,1,22.3771,10.36,18563,cpu,13,90,125.44,0.05,1.150304
826,double_dqn,1,22.4549,10.76,18563,cpu,24,221,241.04,0.05,1.155853
827,double_dqn,1,22.4792,10.78,18563,cpu,10,69,94.62,0.05,1.748443
828,double_dqn,1,22.5066,10.88,18563,cpu,13,78,125.56,0.05,1.914251
829,double_dqn,1,22.5482,10.96,18563,cpu,18,118,177.31,0.05,1.339642
830,double_dqn,1,22.5946,11.18,18563,cpu,19,132,188.88,0.05,1.479143
831,double_dqn,1,22.6026,10.92,18563,cpu,3,23,21.51,0.05,1.042109
832,double_dqn,1,22.6061,10.8,18563,cpu,1,10,0.72,0.05,0.694344
833,double_dqn,1,22.6599,10.9,18563,cpu,18,153,179.66,0.05,0.959973
834,double_dqn,1,22.6735,10.68,18563,cpu,5,39,41.77,0.05,1.166396
835,double_dqn,1,22.7139,10.92,18563,cpu,17,115,167.93,0.05,1.191286
836,double_dqn,1,22.7181,10.92,18563,cpu,2,12,10.81,0.05,1.723181
837,double_dqn,1,22.722,10.7,18563,cpu,2,11,10.72,0.05,1.722619
838,double_dqn,1,22.748,10.68,18563,cpu,8,74,75.45,0.05,0.911816
839,double_dqn,1,22.7519,10.62,18563,cpu,1,11,0.61,0.05,0.950759
840,double_dqn,1,22.7998,10.96,18563,cpu,19,136,188.64,0.05,1.068344
841,double_dqn,1,22.8388,10.92,18563,cpu,10,110,95.71,0.05,0.38747
842,double_dqn,1,22.8679,10.74,18563,cpu,14,83,135.72,0.05,1.476543
843,double_dqn,1,22.8719,10.76,18563,cpu,1,11,0.81,0.05,0.637512
844,double_dqn,1,22.9491,11.08,18563,cpu,24,218,243.97,0.05,1.01724
845,double_dqn,1,22.9929,11.28,18563,cpu,14,124,137.81,0.05,0.750979
846,double_dqn,1,23.0487,11.6,18563,cpu,19,158,188.02,0.05,0.783885
847,double_dqn,1,23.0966,11.94,18563,cpu,19,135,187.35,0.05,2.114335
848,double_dqn,1,23.1033,11.78,18563,cpu,2,19,11.44,0.05,1.070329
849,double_dqn,1,23.1247,11.8,18563,cpu,7,61,64.37,0.05,0.662772
850,double_dqn,1,23.1888,11.76,18563,cpu,19,182,189.78,0.05,0.931042
851,double_dqn,1,23.2216,11.72,18563,cpu,9,94,87.16,0.05,0.900775
852,double_dqn,1,23.277,11.84,18563,cpu,18,158,180.71,0.05,1.332682
853,double_dqn,1,23.2945,11.78,18563,cpu,4,50,33.85,0.05,1.790612
854,double_dqn,1,23.3338,11.86,18563,cpu,12,112,118.11,0.05,0.348062
855,double_dqn,1,23.3766,11.8,18563,cpu,15,123,148.03,0.05,0.911032
856,double_dqn,1,23.3801,11.74,18563,cpu,1,10,0.72,0.05,1.291985
857,double_dqn,1,23.4188,11.78,18563,cpu,14,111,137.44,0.05,0.976998
858,double_dqn,1,23.4268,11.28,18563,cpu,3,23,21.51,0.05,1.796511
859,double_dqn,1,23.4563,11.42,18563,cpu,13,84,125.7,0.05,0.744825
860,double_dqn,1,23.4821,10.94,18563,cpu,8,74,74.45,0.05,2.093406
861,double_dqn,1,23.4954,10.76,18563,cpu,5,38,42.88,0.05,0.559938
862,double_dqn,1,23.5451,10.94,18563,cpu,23,141,228.13,0.05,1.401133
863,double_dqn,1,23.6055,10.98,18563,cpu,18,173,179.86,0.05,1.166404
864,double_dqn,1,23.6615,11.16,18563,cpu,17,160,170.38,0.05,1.087675
865,double_dqn,1,23.671,10.98,18563,cpu,3,27,21.67,0.05,1.190325
866,double_dqn,1,23.6745,10.92,18563,cpu,1,10,0.52,0.05,1.582104
867,double_dqn,1,23.7245,11.0,18563,cpu,17,143,170.25,0.05,1.339154
868,double_dqn,1,23.7413,11.08,18563,cpu,6,48,53.29,0.05,1.119537
869,double_dqn,1,23.7759,11.1,18563,cpu,10,99,96.12,0.05,1.781625
870,double_dqn,1,23.8153,11.1,18563,cpu,14,112,136.93,0.05,1.283865
871,double_dqn,1,23.8288,11.02,18563,cpu,5,38,42.68,0.05,1.227675
872,double_dqn,1,23.8638,10.98,18563,cpu,11,99,105.23,0.05,0.831289
873,double_dqn,1,23.8834,10.92,18563,cpu,6,56,54.41,0.05,0.73704
874,double_dqn,1,23.9298,11.04,18563,cpu,17,131,168.17,0.05,0.488227
875,double_dqn,1,23.9611,11.04,18563,cpu,13,89,125.55,0.05,1.138465
876,double_dqn,1,23.9942,10.8,18563,cpu,12,94,115.69,0.05,0.788866
877,double_dqn,1,24.0073,10.74,18563,cpu,7,37,62.21,0.05,1.129153
878,double_dqn,1,24.0404,10.74,18563,cpu,13,94,126.6,0.05,2.382197
879,double_dqn,1,24.0865,10.62,18563,cpu,12,131,117.22,0.05,1.110329
880,double_dqn,1,24.115,10.54,18563,cpu,15,80,145.56,0.05,1.377444
881,double_dqn,1,24.1636,10.82,18563,cpu,17,139,170.29,0.05,0.528438
882,double_dqn,1,24.1881,11.0,18563,cpu,10,70,94.51,0.05,0.941081
883,double_dqn,1,24.2039,10.72,18563,cpu,4,45,32.6,0.05,1.017244
884,double_dqn,1,24.2401,10.9,18563,cpu,14,103,137.32,0.05,1.39053
885,double_dqn,1,24.2572,10.7,18563,cpu,7,49,63.09,0.05,1.060084
886,double_dqn,1,24.3173,11.04,18563,cpu,19,171,190.99,0.05,1.902111
887,double_dqn,1,24.3801,11.36,18563,cpu,18,179,180.4,0.05,0.957133
888,double_dqn,1,24.4177,11.46,18563,cpu,13,107,127.37,0.05,0.567566
889,double_dqn,1,24.4376,11.58,18563,cpu,7,57,63.81,0.05,1.036864
890,double_dqn,1,24.4625,11.36,18563,cpu,8,71,75.58,0.05,0.76495
891,double_dqn,1,24.4846,11.3,18563,cpu,7,63,64.95,0.05,0.645606
892,double_dqn,1,24.4874,11.06,18563,cpu,2,8,10.45,0.05,0.999809
893,double_dqn,1,24.5081,11.2,18563,cpu,8,59,73.7,0.05,2.103921
894,double_dqn,1,24.5386,10.94,18563,cpu,11,87,106.15,0.05,0.616826
895,double_dqn,1,24.5844,10.98,18563,cpu,16,130,158.77,0.05,0.700007
896,double_dqn,1,24.6318,10.92,18563,cpu,16,135,156.82,0.05,1.030966
897,double_dqn,1,24.6632,10.74,18563,cpu,10,89,96.42,0.05,0.751476
898,double_dqn,1,24.7071,10.94,18563,cpu,12,125,118.48,0.05,0.752245
899,double_dqn,1,24.7182,10.88,18563,cpu,4,32,32.03,0.05,1.531994
900,double_dqn,1,24.7824,10.9,18563,cpu,20,183,200.98,0.05,1.542617
901,double_dqn,1,24.84,11.14,18563,cpu,21,162,210.4,0.05,1.328468
902,double_dqn,1,24.8711,11.02,18563,cpu,12,88,116.75,0.05,0.977564
903,double_dqn,1,24.8823,11.04,18563,cpu,5,32,42.34,0.05,1.306511
904,double_dqn,1,24.8957,10.9,18563,cpu,5,38,42.68,0.05,0.955405
905,double_dqn,1,24.9185,10.78,18563,cpu,9,65,83.75,0.05,0.381367
906,double_dqn,1,24.9498,11.02,18563,cpu,13,88,126.06,0.05,0.966466
907,double_dqn,1,24.9978,11.04,18563,cpu,15,136,147.0,0.05,1.827898
908,double_dqn,1,25.0429,11.26,18563,cpu,14,128,137.77,0.05,1.371039
909,double_dqn,1,25.1199,11.46,18563,cpu,23,218,233.86,0.05,1.349212
910,double_dqn,1,25.1572,11.56,18563,cpu,13,105,127.59,0.05,0.870288
911,double_dqn,1,25.2344,11.92,18563,cpu,23,218,233.86,0.05,0.87123
912,double_dqn,1,25.2663,11.72,18563,cpu,13,90,125.44,0.05,0.56952
913,double_dqn,1,25.2912,11.52,18563,cpu,8,71,74.78,0.05,0.968958
914,double_dqn,1,25.3231,11.4,18563,cpu,11,90,106.82,0.05,0.90524
915,double_dqn,1,25.3425,11.44,18563,cpu,5,55,43.61,0.05,0.452224
916,double_dqn,1,25.3716,11.66,18563,cpu,12,82,115.81,0.05,0.538321
917,double_dqn,1,25.4185,11.66,18563,cpu,17,132,168.66,0.05,0.441712
918,double_dqn,1,25.4533,11.8,18563,cpu,13,98,127.16,0.05,1.813847
919,double_dqn,1,25.459,11.64,18563,cpu,2,16,10.77,0.05,1.403185
920,double_dqn,1,25.5047,11.72,18563,cpu,18,129,177.3,0.05,1.445969
921,double_dqn,1,25.5216,11.78,18563,cpu,8,48,72.51,0.05,1.033197
922,double_dqn,1,25.5939,12.06,18563,cpu,25,206,251.8,0.05,0.861004
923,double_dqn,1,25.6226,12.14,18563,cpu,10,82,93.79,0.05,1.436055
924,double_dqn,1,25.6526,12.02,18563,cpu,11,85,106.37,0.05,0.758296
925,double_dqn,1,25.739,12.28,18563,cpu,26,247,262.6,0.05,1.368731
926,double_dqn,1,25.7875,12.34,18563,cpu,15,138,147.58,0.05,1.617462
927,double_dqn,1,25.83,12.46,18563,cpu,13,120,127.14,0.05,0.931008
928,double_dqn,1,25.8788,12.56,18563,cpu,18,138,179.91,0.05,0.900855
929,double_dqn,1,25.9202,12.7,18563,cpu,19,117,186.33,0.05,1.417986
930,double_dqn,1,25.9403,12.5,18563,cpu,5,57,44.59,0.05,1.352108
931,double_dqn,1,25.9946,12.5,18563,cpu,17,154,169.44,0.05,1.859798
932,double_dqn,1,25.9989,12.32,18563,cpu,1,12,0.9,0.05,0.794922
933,double_dqn,1,26.0348,12.52,18563,cpu,14,102,136.43,0.05,0.997329
934,double_dqn,1,26.0886,12.66,18563,cpu,21,152,210.5,0.05,1.768846
935,double_dqn,1,26.1453,12.92,18563,cpu,20,160,200.91,0.05,0.677094
936,double_dqn,1,26.1991,12.9,18563,cpu,18,153,180.46,0.05,1.094082
937,double_dqn,1,26.2174,12.68,18563,cpu,7,52,63.36,0.05,0.902162
938,double_dqn,1,26.2287,12.54,18563,cpu,6,32,51.65,0.05,0.797955
939,double_dqn,1,26.2315,12.44,18563,cpu,2,8,10.45,0.05,1.141442
940,double_dqn,1,26.2881,12.64,18563,cpu,18,161,179.58,0.05,0.165701
941,double_dqn,1,26.3135,12.72,18563,cpu,11,72,105.2,0.05,1.876696
942,double_dqn,1,26.3614,13.02,18563,cpu,17,136,169.82,0.05,1.034134
943,double_dqn,1,26.373,12.94,18563,cpu,4,33,32.32,0.05,0.618538
944,double_dqn,1,26.4144,13.02,18563,cpu,15,118,147.38,0.05,1.284941
945,double_dqn,1,26.4366,12.86,18563,cpu,8,63,73.26,0.05,0.832991
946,double_dqn,1,26.5051,12.98,18563,cpu,22,195,222.88,0.05,1.148146
947,double_dqn,1,26.5287,12.9,18563,cpu,6,68,54.29,0.05,0.796186
948,double_dqn,1,26.5525,12.86,18563,cpu,10,68,94.53,0.05,3.159566
949,double_dqn,1,26.6218,13.22,18563,cpu,22,197,219.06,0.05,0.291953
950,double_dqn,1,26.67,13.12,18563,cpu,15,137,148.29,0.05,1.367275
951,double_dqn,1,26.6866,12.78,18563,cpu,4,47,33.58,0.05,1.486328
952,double_dqn,1,26.7362,12.88,18563,cpu,17,141,168.27,0.05,1.007578
953,double_dqn,1,26.7648,13.0,18563,cpu,11,81,105.41,0.05,1.206753
954,double_dqn,1,26.8007,13.16,18563,cpu,13,102,126.52,0.05,1.555096
955,double_dqn,1,26.8611,13.36,18563,cpu,19,170,189.5,0.05,1.057682
956,double_dqn,1,26.8905,13.34,18563,cpu,12,83,115.1,0.05,1.036956
957,double_dqn,1,26.8985,13.1,18563,cpu,3,23,21.51,0.05,1.544967
958,double_dqn,1,26.9366,13.02,18563,cpu,10,107,96.44,0.05,1.270397
959,double_dqn,1,26.9998,12.94,18563,cpu,19,178,188.42,0.05,0.981131
960,double_dqn,1,27.0344,12.98,18563,cpu,15,98,146.58,0.05,2.020865
961,double_dqn,1,27.0622,12.74,18563,cpu,11,79,104.63,0.05,0.649159
962,double_dqn,1,27.104,12.74,18563,cpu,13,119,126.25,0.05,0.896044
963,double_dqn,1,27.1611,12.94,18563,cpu,18,163,179.56,0.05,0.603133
964,double_dqn,1,27.1829,12.86,18563,cpu,7,62,64.06,0.05,1.132328
965,double_dqn,1,27.2568,13.24,18563,cpu,24,209,244.56,0.05,1.887975
966,double_dqn,1,27.2841,13.2,18563,cpu,10,77,93.94,0.05,0.389884
967,double_dqn,1,27.3271,13.14,18563,cpu,14,121,135.34,0.05,0.838038
968,double_dqn,1,27.4105,13.44,18563,cpu,28,233,283.16,0.05,1.344356
969,double_dqn,1,27.4359,13.58,18563,cpu,9,72,84.58,0.05,0.486927
970,double_dqn,1,27.4661,13.46,18563,cpu,12,85,113.48,0.05,1.656654
971,double_dqn,1,27.4753,13.36,18563,cpu,3,26,21.58,0.05,0.586162
972,double_dqn,1,27.4863,12.98,18563,cpu,6,31,51.96,0.05,2.662692
973,double_dqn,1,27.5089,12.96,18563,cpu,9,64,84.06,0.05,0.731676
974,double_dqn,1,27.5475,13.02,18563,cpu,14,108,136.77,0.05,0.6766
975,double_dqn,1,27.5642,12.62,18563,cpu,6,47,53.4,0.05,0.880354
976,double_dqn,1,27.5717,12.36,18563,cpu,2,21,11.62,0.05,1.130977
977,double_dqn,1,27.5969,12.3,18563,cpu,10,71,94.0,0.05,1.099746
978,double_dqn,1,27.6171,12.08,18563,cpu,7,57,64.21,0.05,1.310725
979,double_dqn,1,27.6693,12.04,18563,cpu,17,147,167.81,0.05,0.330454
980,double_dqn,1,27.7,12.08,18563,cpu,7,86,64.82,0.05,0.809255
981,double_dqn,1,27.7046,11.78,18563,cpu,2,13,10.9,0.05,1.498202
982,double_dqn,1,27.7477,12.12,18563,cpu,18,120,178.09,0.05,1.825546
983,double_dqn,1,27.7779,12.04,18563,cpu,10,84,96.57,0.05,0.862285
984,double_dqn,1,27.8354,12.04,18563,cpu,21,161,209.51,0.05,0.825915
985,double_dqn,1,27.879,11.94,18563,cpu,15,123,148.43,0.05,1.037045
986,double_dqn,1,27.9049,11.74,18563,cpu,8,73,75.36,0.05,0.96149
987,double_dqn,1,27.9237,11.72,18563,cpu,6,53,53.94,0.05,0.638034
988,double_dqn,1,27.9577,11.86,18563,cpu,13,96,126.18,0.05,0.941431
989,double_dqn,1,28.0395,12.3,18563,cpu,24,230,245.65,0.05,1.348972
990,double_dqn,1,28.06,12.08,18563,cpu,7,58,64.3,0.05,1.036209
991,double_dqn,1,28.0843,12.06,18563,cpu,10,68,95.13,0.05,1.292143
992,double_dqn,1,28.0977,11.82,18563,cpu,5,38,42.48,0.05,1.604372
993,double_dqn,1,28.1696,12.16,18563,cpu,21,202,212.6,0.05,1.423746
994,double_dqn,1,28.1949,12.06,18563,cpu,10,71,94.6,0.05,0.613721
995,double_dqn,1,28.2009,11.92,18563,cpu,1,17,1.35,0.05,0.937407
996,double_dqn,1,28.2178,11.62,18563,cpu,7,48,62.6,0.05,1.168188
997,double_dqn,1,28.2623,11.8,18563,cpu,15,125,148.21,0.05,1.117086
998,double_dqn,1,28.2677,11.62,18563,cpu,1,15,1.17,0.05,0.887928
999,double_dqn,1,28.3106,11.46,18563,cpu,14,121,136.54,0.05,0.512546
1000,double_dqn,1,28.3634,11.48,18563,cpu,16,149,159.68,0.05,2.055589
1001,double_dqn,1,28.3938,11.66,18563,cpu,13,86,125.48,0.05,0.748921
1002,double_dqn,1,28.4145,11.46,18563,cpu,7,58,64.3,0.05,0.989668
1003,double_dqn,1,28.4212,11.28,18563,cpu,2,19,10.84,0.05,1.061766
1004,double_dqn,1,28.4454,11.26,18563,cpu,12,68,113.95,0.05,0.732261
1005,double_dqn,1,28.4693,11.08,18563,cpu,10,67,95.04,0.05,1.070635
1006,double_dqn,1,28.4952,11.0,18563,cpu,8,73,75.76,0.05,1.175809
1007,double_dqn,1,28.5218,11.1,18563,cpu,8,75,74.94,0.05,1.015085
1008,double_dqn,1,28.5409,11.06,18563,cpu,8,54,73.85,0.05,1.017561
1009,double_dqn,1,28.5779,10.9,18563,cpu,11,105,104.77,0.05,1.069767
1010,double_dqn,1,28.6425,11.04,18563,cpu,22,183,221.4,0.05,0.810732
1011,double_dqn,1,28.6663,10.98,18563,cpu,8,68,74.51,0.05,1.310969
1012,double_dqn,1,28.7187,11.08,18563,cpu,18,149,178.9,0.05,1.328085
1013,double_dqn,1,28.7367,10.92,18563,cpu,10,51,92.4,0.05,0.877541
1014,double_dqn,1,28.7611,11.0,18563,cpu,11,70,104.42,0.05,0.592324
1015,double_dqn,1,28.7869,10.7,18563,cpu,9,74,85.36,0.05,0.838342
1016,double_dqn,1,28.7946,10.54,18563,cpu,2,22,11.51,0.05,0.83817
1017,double_dqn,1,28.8402,10.58,18563,cpu,16,129,158.68,0.05,1.09931
1018,double_dqn,1,28.8522,10.1,18563,cpu,4,34,32.01,0.05,1.131934
1019,double_dqn,1,28.8875,10.18,18563,cpu,13,100,127.14,0.05,0.644223
1020,double_dqn,1,28.9205,10.18,18563,cpu,12,93,117.0,0.05,1.535167
1021,double_dqn,1,28.9489,10.36,18563,cpu,12,80,115.63,0.05,0.901503
1022,double_dqn,1,28.9771,10.42,18563,cpu,9,80,86.3,0.05,1.32867
1023,double_dqn,1,29.0248,10.56,18563,cpu,16,135,158.22,0.05,1.368057
1024,double_dqn,1,29.0283,10.3,18563,cpu,1,10,0.72,0.05,1.276836
1025,double_dqn,1,29.0396,10.32,18563,cpu,7,32,61.96,0.05,0.751629
1026,double_dqn,1,29.097,10.64,18563,cpu,18,163,180.56,0.05,0.691586
1027,double_dqn,1,29.1671,10.92,18563,cpu,24,197,242.88,0.05,1.424656
1028,double_dqn,1,29.214,11.14,18563,cpu,18,133,179.46,0.05,1.820421
1029,double_dqn,1,29.2495,11.08,18563,cpu,14,101,137.34,0.05,1.259093
1030,double_dqn,1,29.2639,11.06,18563,cpu,6,41,52.46,0.05,1.326607
1031,double_dqn,1,29.2895,11.22,18563,cpu,10,73,93.78,0.05,1.424395
1032,double_dqn,1,29.3004,10.94,18563,cpu,4,31,32.14,0.05,0.89808
1033,double_dqn,1,29.3201,10.9,18563,cpu,8,56,72.83,0.05,0.608364
1034,double_dqn,1,29.3303,10.58,18563,cpu,5,29,42.07,0.05,1.355467
1035,double_dqn,1,29.3334,10.3,18563,cpu,1,9,0.23,0.05,0.929681
1036,double_dqn,1,29.3366,10.16,18563,cpu,1,9,0.63,0.05,1.218196
1037,double_dqn,1,29.3635,10.22,18563,cpu,9,77,85.83,0.05,1.17272
1038,double_dqn,1,29.3978,10.2,18563,cpu,12,98,116.85,0.05,0.502692
1039,double_dqn,1,29.4,9.72,18563,cpu,0,6,-9.55,0.05,0.673113
1040,double_dqn,1,29.435,9.8,18563,cpu,11,100,104.12,0.05,0.762533
1041,double_dqn,1,29.4965,10.0,18563,cpu,20,175,197.26,0.05,1.755771
1042,double_dqn,1,29.5357,10.18,18563,cpu,14,112,136.13,0.05,1.117584
1043,double_dqn,1,29.5873,10.06,18563,cpu,15,148,150.08,0.05,0.518432
1044,double_dqn,1,29.6275,10.12,18563,cpu,13,115,127.69,0.05,0.550082
1045,double_dqn,1,29.6553,10.32,18563,cpu,11,79,104.83,0.05,1.000795
1046,double_dqn,1,29.6846,10.38,18563,cpu,10,83,96.08,0.05,0.796597
1047,double_dqn,1,29.74,10.38,18563,cpu,15,158,148.38,0.05,0.556236
1048,double_dqn,1,29.808,10.82,18563,cpu,23,194,230.5,0.05,0.506549
1049,double_dqn,1,29.8413,10.78,18563,cpu,12,94,117.09,0.05,0.716965
1050,double_dqn,1,29.854,10.56,18563,cpu,5,36,41.7,0.05,0.690969
1051,double_dqn,1,29.8617,10.34,18563,cpu,2,22,11.11,0.05,1.335033
1052,double_dqn,1,29.8775,10.32,18563,cpu,6,45,53.02,0.05,0.890762
1053,double_dqn,1,29.9154,10.54,18563,cpu,13,107,126.77,0.05,1.027092
1054,double_dqn,1,29.9566,10.6,18563,cpu,15,116,147.8,0.05,1.776027
1055,double_dqn,1,29.9612,10.46,18563,cpu,3,13,20.41,0.05,1.327725
1056,double_dqn,1,30.0057,10.56,18563,cpu,13,127,128.17,0.05,2.074459
1057,double_dqn,1,30.0465,10.7,18563,cpu,15,116,146.6,0.05,1.077965
1058,double_dqn,1,30.097,10.94,18563,cpu,20,144,196.67,0.05,1.269139
1059,double_dqn,1,30.1587,11.06,18563,cpu,17,175,171.13,0.05,0.919198
1060,double_dqn,1,30.1619,10.64,18563,cpu,1,9,0.63,0.05,0.489928
1061,double_dqn,1,30.226,10.84,18563,cpu,18,183,178.56,0.05,0.728797
1062,double_dqn,1,30.269,10.74,18563,cpu,13,123,127.61,0.05,1.348233
1063,double_dqn,1,30.331,10.94,18563,cpu,20,177,200.64,0.05,1.415604
1064,double_dqn,1,30.3381,10.78,18563,cpu,3,20,21.44,0.05,1.291833
1065,double_dqn,1,30.3552,10.7,18563,cpu,5,49,43.27,0.05,2.003643
1066,double_dqn,1,30.4163,11.02,18563,cpu,18,174,180.15,0.05,1.120302
1067,double_dqn,1,30.4671,11.02,18563,cpu,16,145,159.72,0.05,1.306368
1068,double_dqn,1,30.4926,11.16,18563,cpu,11,73,103.89,0.05,1.27171
1069,double_dqn,1,30.5088,11.02,18563,cpu,6,46,51.91,0.05,0.836395
1070,double_dqn,1,30.5616,11.08,18563,cpu,15,150,150.46,0.05,1.947984
1071,double_dqn,1,30.5731,10.9,18563,cpu,3,33,22.41,0.05,1.278907
1072,double_dqn,1,30.5773,10.78,18563,cpu,3,12,20.72,0.05,0.798883
1073,double_dqn,1,30.583,10.48,18563,cpu,1,16,1.26,0.05,1.373806
1074,double_dqn,1,30.6183,10.7,18563,cpu,12,101,115.92,0.05,1.633161
1075,double_dqn,1,30.6561,10.82,18563,cpu,13,108,128.06,0.05,1.809029
1076,double_dqn,1,30.6916,10.7,18563,cpu,12,101,116.72,0.05,1.782482
1077,double_dqn,1,30.7284,10.48,18563,cpu,13,105,127.79,0.05,0.78809
1078,double_dqn,1,30.7738,10.44,18563,cpu,16,130,158.77,0.05,1.036974
1079,double_dqn,1,30.8138,10.4,18563,cpu,12,115,116.78,0.05,0.873797
1080,double_dqn,1,30.8388,10.48,18563,cpu,10,70,95.11,0.05,1.414017
1081,double_dqn,1,30.8575,10.44,18563,cpu,8,53,72.76,0.05,1.332101
1082,double_dqn,1,30.9307,10.92,18563,cpu,28,207,284.82,0.05,2.356028
1083,double_dqn,1,30.9801,11.16,18563,cpu,20,140,199.71,0.05,1.223242
1084,double_dqn,1,31.0199,11.42,18563,cpu,18,113,175.46,0.05,1.367009
1085,double_dqn,1,31.0495,11.64,18563,cpu,12,84,116.19,0.05,1.091792
1086,double_dqn,1,31.0965,11.92,18563,cpu,15,134,147.62,0.05,0.875433
1087,double_dqn,1,31.1448,12.04,18563,cpu,15,138,148.58,0.05,0.796888
1088,double_dqn,1,31.1748,12.0,18563,cpu,10,85,94.86,0.05,0.964211
1089,double_dqn,1,31.2578,12.5,18563,cpu,25,236,252.1,0.05,1.398313
1090,double_dqn,1,31.2714,12.38,18563,cpu,5,39,41.57,0.05,0.848285
1091,double_dqn,1,31.2921,12.14,18563,cpu,8,59,74.3,0.05,2.178413
1092,double_dqn,1,31.2992,11.96,18563,cpu,5,20,41.26,0.05,0.487369
1093,double_dqn,1,31.3298,11.9,18563,cpu,12,87,116.06,0.05,0.832799
1094,double_dqn,1,31.3882,12.14,18563,cpu,25,165,250.91,0.05,1.749898
1095,double_dqn,1,31.3945,11.98,18563,cpu,3,18,21.26,0.05,1.735509
1096,double_dqn,1,31.4121,11.9,18563,cpu,6,50,53.27,0.05,2.007569
1097,double_dqn,1,31.464,11.92,18563,cpu,16,148,157.59,0.05,1.15945
1098,double_dqn,1,31.5329,11.96,18563,cpu,25,195,252.21,0.05,0.730835
1099,double_dqn,1,31.5971,12.14,18563,cpu,21,182,211.8,0.05,1.415229
1100,double_dqn,1,31.6328,12.3,18563,cpu,13,101,127.03,0.05,0.94192
1101,double_dqn,1,31.6686,12.54,18563,cpu,14,102,136.43,0.05,0.094649
1102,double_dqn,1,31.684,12.52,18563,cpu,5,44,43.02,0.05,1.990323
1103,double_dqn,1,31.7314,12.58,18563,cpu,16,134,156.93,0.05,1.095097
1104,double_dqn,1,31.762,12.5,18563,cpu,11,87,105.15,0.05,1.31096
1105,double_dqn,1,31.8084,12.8,18563,cpu,18,130,179.19,0.05,1.34774
1106,double_dqn,1,31.8256,12.66,18563,cpu,6,48,53.49,0.05,0.342349
1107,double_dqn,1,31.8812,12.72,18563,cpu,18,157,180.62,0.05,1.636114
1108,double_dqn,1,31.9266,12.6,18563,cpu,14,128,136.37,0.05,1.125007
1109,double_dqn,1,31.956,12.48,18563,cpu,11,82,105.3,0.05,0.716708
1110,double_dqn,1,32.0111,12.82,18563,cpu,18,155,179.84,0.05,0.356151
1111,double_dqn,1,32.0933,12.9,18563,cpu,22,232,221.61,0.05,0.595648
1112,double_dqn,1,32.1005,12.72,18563,cpu,4,20,31.35,0.05,1.159211
1113,double_dqn,1,32.1292,12.48,18563,cpu,8,81,74.68,0.05,0.829845
1114,double_dqn,1,32.1597,12.66,18563,cpu,12,86,115.97,0.05,1.835028
1115,double_dqn,1,32.2077,12.84,18563,cpu,14,136,138.89,0.05,1.861706
1116,double_dqn,1,32.2772,12.92,18563,cpu,22,196,222.57,0.05,0.933231
1117,double_dqn,1,32.2986,12.76,18563,cpu,8,60,74.39,0.05,0.914885
1118,double_dqn,1,32.3181,12.66,18563,cpu,6,55,51.72,0.05,1.180496
1119,double_dqn,1,32.362,12.84,18563,cpu,15,124,148.92,0.05,1.963939
1120,double_dqn,1,32.3802,12.68,18563,cpu,7,52,63.56,0.05,1.675707
1121,double_dqn,1,32.3951,12.78,18563,cpu,8,42,72.57,0.05,1.025026
1122,double_dqn,1,32.4446,13.08,18563,cpu,18,140,177.29,0.05,1.965116
1123,double_dqn,1,32.4796,13.3,18563,cpu,12,99,117.34,0.05,0.631721
1124,double_dqn,1,32.5132,13.34,18563,cpu,14,94,136.31,0.05,0.79723
1125,double_dqn,1,32.5509,13.4,18563,cpu,16,106,157.21,0.05,1.199457
1126,double_dqn,1,32.5804,13.38,18563,cpu,11,82,105.1,0.05,2.349537
1127,double_dqn,1,32.5905,13.2,18563,cpu,4,29,31.76,0.05,0.847208
1128,double_dqn,1,32.6315,13.1,18563,cpu,11,115,108.27,0.05,0.964033
1129,double_dqn,1,32.6463,12.96,18563,cpu,5,41,42.95,0.05,0.581546
1130,double_dqn,1,32.6824,13.04,18563,cpu,14,101,136.54,0.05,0.66494
1131,double_dqn,1,32.6979,13.0,18563,cpu,6,43,53.24,0.05,1.42787
1132,double_dqn,1,32.7207,12.62,18563,cpu,9,64,84.46,0.05,1.297229
1133,double_dqn,1,32.7465,12.42,18563,cpu,10,72,94.29,0.05,0.507648
1134,double_dqn,1,32.7636,12.24,18563,cpu,9,48,82.82,0.05,0.581244
1135,double_dqn,1,32.7732,12.06,18563,cpu,3,27,22.07,0.05,0.922263
1136,double_dqn,1,32.7982,11.9,18563,cpu,7,70,64.38,0.05,1.464402
1137,double_dqn,1,32.8181,11.76,18563,cpu,8,56,74.03,0.05,0.594686
1138,double_dqn,1,32.8451,11.76,18563,cpu,10,76,94.85,0.05,1.001752
1139,double_dqn,1,32.8918,11.58,18563,cpu,16,131,157.46,0.05,1.234881
1140,double_dqn,1,32.9206,11.74,18563,cpu,13,80,124.74,0.05,0.835894
1141,double_dqn,1,32.9376,11.7,18563,cpu,6,48,53.69,0.05,1.466103
1142,double_dqn,1,32.9548,11.72,18563,cpu,6,48,53.69,0.05,0.886604
1143,double_dqn,1,32.9705,11.64,18563,cpu,8,44,73.15,0.05,1.390404
1144,double_dqn,1,32.9907,11.26,18563,cpu,6,57,53.3,0.05,0.872322
1145,double_dqn,1,33.0126,11.36,18563,cpu,8,62,74.37,0.05,0.549934
1146,double_dqn,1,33.0169,11.26,18563,cpu,1,12,0.3,0.05,0.219764
1147,double_dqn,1,33.074,11.3,18563,cpu,18,162,179.67,0.05,2.046983
1148,double_dqn,1,33.0966,10.98,18563,cpu,9,64,84.86,0.05,1.394856
1149,double_dqn,1,33.1193,10.72,18563,cpu,8,64,74.35,0.05,0.840159
1150,double_dqn,1,33.2206,11.04,18563,cpu,29,286,293.84,0.05,0.498631
1151,double_dqn,1,33.2546,10.98,18563,cpu,11,96,105.16,0.05,1.518817
1152,double_dqn,1,33.2785,11.04,18563,cpu,8,68,74.91,0.05,0.854584
1153,double_dqn,1,33.3284,11.04,18563,cpu,16,140,155.67,0.05,1.415875
1154,double_dqn,1,33.3983,11.28,18563,cpu,23,197,232.37,0.05,1.135109
1155,double_dqn,1,33.4364,11.18,18563,cpu,13,108,127.26,0.05,0.738084
1156,double_dqn,1,33.4425,11.08,18563,cpu,1,17,1.35,0.05,1.438879
1157,double_dqn,1,33.4917,11.06,18563,cpu,17,139,169.09,0.05,0.84212
1158,double_dqn,1,33.5117,10.9,18563,cpu,6,57,54.1,0.05,0.904971
1159,double_dqn,1,33.5302,10.82,18563,cpu,7,52,63.76,0.05,1.528125
1160,double_dqn,1,33.5832,10.82,18563,cpu,18,150,179.79,0.05,0.78873
1161,double_dqn,1,33.6207,10.64,18563,cpu,13,106,126.28,0.05,0.913436
1162,double_dqn,1,33.6379,10.66,18563,cpu,5,49,43.67,0.05,0.675402
1163,double_dqn,1,33.699,10.88,18563,cpu,19,173,189.17,0.05,1.577668
1164,double_dqn,1,33.728,10.94,18563,cpu,15,82,145.34,0.05,1.070434
1165,double_dqn,1,33.7463,10.76,18563,cpu,5,52,42.94,0.05,0.928015
1166,double_dqn,1,33.7708,10.52,18563,cpu,10,69,95.22,0.05,0.443427
1167,double_dqn,1,33.8322,10.74,18563,cpu,19,172,191.08,0.05,1.449006
1168,double_dqn,1,33.8448,10.66,18563,cpu,2,36,11.97,0.05,0.683834
1169,double_dqn,1,33.8666,10.56,18563,cpu,10,62,94.39,0.05,1.482335
1170,double_dqn,1,33.8928,10.66,18563,cpu,12,74,115.49,0.05,0.951686
1171,double_dqn,1,33.9431,10.86,18563,cpu,18,142,178.87,0.05,1.06019
1172,double_dqn,1,33.9767,10.7,18563,cpu,10,95,96.36,0.05,0.61474
1173,double_dqn,1,33.9881,10.54,18563,cpu,4,32,32.23,0.05,0.76024
1174,double_dqn,1,34.0164,10.5,18563,cpu,12,80,115.03,0.05,0.707638
1175,double_dqn,1,34.0625,10.52,18563,cpu,17,130,168.08,0.05,1.439858
1176,double_dqn,1,34.1449,10.76,18563,cpu,23,232,233.92,0.05,1.415951
1177,double_dqn,1,34.1699,10.88,18563,cpu,10,71,94.6,0.05,0.920022
1178,double_dqn,1,34.1894,10.82,18563,cpu,8,55,73.74,0.05,1.201173
1179,double_dqn,1,34.1925,10.74,18563,cpu,1,9,0.43,0.05,1.420755
1180,double_dqn,1,34.2017,10.56,18563,cpu,5,26,41.6,0.05,0.574853
1181,double_dqn,1,34.2307,10.64,18563,cpu,10,83,94.88,0.05,1.284173
1182,double_dqn,1,34.2697,10.8,18563,cpu,17,111,166.37,0.05,1.212908
1183,double_dqn,1,34.2846,10.78,18563,cpu,9,42,82.88,0.05,0.652635
1184,double_dqn,1,34.3077,10.82,18563,cpu,11,66,103.46,0.05,1.181929
1185,double_dqn,1,34.3506,11.0,18563,cpu,12,122,119.21,0.05,0.465127
1186,double_dqn,1,34.3662,10.96,18563,cpu,5,44,42.82,0.05,1.123817
1187,double_dqn,1,34.4113,11.14,18563,cpu,17,128,168.9,0.05,1.558112
1188,double_dqn,1,34.4298,11.06,18563,cpu,6,53,53.74,0.05,1.12271
1189,double_dqn,1,34.4724,11.08,18563,cpu,17,121,167.67,0.05,1.843945
1190,double_dqn,1,34.4836,10.88,18563,cpu,3,32,22.12,0.05,0.945473
1191,double_dqn,1,34.5392,11.16,18563,cpu,20,159,200.62,0.05,0.853656
1192,double_dqn,1,34.5708,11.26,18563,cpu,11,90,104.82,0.05,1.425912
1193,double_dqn,1,34.601,11.36,18563,cpu,13,86,125.28,0.05,0.89605
1194,double_dqn,1,34.668,11.64,18563,cpu,20,191,202.1,0.05,0.892792
1195,double_dqn,1,34.7046,11.7,18563,cpu,11,104,106.68,0.05,1.546413
1196,double_dqn,1,34.7342,11.92,18563,cpu,12,85,115.08,0.05,0.340635
1197,double_dqn,1,34.7712,11.8,18563,cpu,12,106,116.77,0.05,0.389874
1198,double_dqn,1,34.7986,11.8,18563,cpu,9,78,85.52,0.05,0.890547
1199,double_dqn,1,34.8211,11.82,18563,cpu,9,64,83.66,0.05,1.301712
1200,double_dqn,1,34.8674,11.62,18563,cpu,19,130,188.5,0.05,1.233497
1201,double_dqn,1,34.9074,11.78,18563,cpu,19,113,188.37,0.05,0.508103
1202,double_dqn,1,34.9126,11.64,18563,cpu,1,15,0.97,0.05,0.79676
1203,double_dqn,1,34.927,11.48,18563,cpu,8,41,72.48,0.05,1.054802
1204,double_dqn,1,34.9431,11.14,18563,cpu,6,46,52.31,0.05,1.291066
1205,double_dqn,1,34.979,11.2,18563,cpu,16,102,157.25,0.05,1.039604
1206,double_dqn,1,35.0015,11.38,18563,cpu,10,64,94.17,0.05,1.176837
1207,double_dqn,1,35.0606,11.42,18563,cpu,19,168,190.72,0.05,1.141153
1208,double_dqn,1,35.0862,11.52,18563,cpu,11,73,104.09,0.05,1.535719
1209,double_dqn,1,35.1282,11.7,18563,cpu,16,120,158.47,0.05,1.667007
1210,double_dqn,1,35.1474,11.52,18563,cpu,9,54,83.16,0.05,1.141907
1211,double_dqn,1,35.153,11.3,18563,cpu,2,16,10.37,0.05,1.214501
1212,double_dqn,1,35.1596,11.26,18563,cpu,3,19,21.35,0.05,1.087481
1213,double_dqn,1,35.191,11.1,18563,cpu,11,90,106.02,0.05,0.965957
1214,double_dqn,1,35.2353,11.12,18563,cpu,16,127,157.9,0.05,0.890078
1215,double_dqn,1,35.2881,11.36,18563,cpu,17,151,168.37,0.05,1.64127
1216,double_dqn,1,35.3137,11.32,18563,cpu,8,73,72.76,0.05,0.59306
1217,double_dqn,1,35.3651,11.3,18563,cpu,18,147,180.12,0.05,0.661726
1218,double_dqn,1,35.3876,11.4,18563,cpu,7,65,64.53,0.05,1.500211
1219,double_dqn,1,35.4745,11.88,18563,cpu,34,247,345.48,0.05,0.8399
1220,double_dqn,1,35.4964,11.88,18563,cpu,12,62,114.01,0.05,2.179241
1221,double_dqn,1,35.5164,11.68,18563,cpu,8,57,74.12,0.05,0.927419
1222,double_dqn,1,35.5563,11.76,18563,cpu,14,112,138.13,0.05,0.828855
1223,double_dqn,1,35.5977,11.92,18563,cpu,12,116,117.47,0.05,0.771026
1224,double_dqn,1,35.6206,11.88,18563,cpu,10,64,94.77,0.05,1.301337
1225,double_dqn,1,35.651,11.7,18563,cpu,8,85,75.84,0.05,0.430166
1226,double_dqn,1,35.713,11.68,18563,cpu,22,174,219.79,0.05,0.643847
1227,double_dqn,1,35.7431,11.66,18563,cpu,9,85,86.15,0.05,1.897042
1228,double_dqn,1,35.774,11.72,18563,cpu,11,88,106.04,0.05,0.802209
1229,double_dqn,1,35.7874,11.8,18563,cpu,5,37,42.79,0.05,1.043918
1230,double_dqn,1,35.8113,11.86,18563,cpu,8,68,75.11,0.05,1.414724
1231,double_dqn,1,35.8346,11.82,18563,cpu,8,66,75.13,0.05,0.756904
1232,double_dqn,1,35.8925,11.9,18563,cpu,21,163,208.49,0.05,1.685136
1233,double_dqn,1,35.9076,11.8,18563,cpu,4,42,33.33,0.05,1.528686
1234,double_dqn,1,35.918,11.68,18563,cpu,5,29,41.67,0.05,0.985585
1235,double_dqn,1,35.9456,11.64,18563,cpu,10,78,95.23,0.05,1.735661
1236,double_dqn,1,35.973,11.76,18563,cpu,11,77,105.65,0.05,1.087011
1237,double_dqn,1,36.038,11.82,18563,cpu,20,182,200.49,0.05,1.926237
1238,double_dqn,1,36.0511,11.78,18563,cpu,4,37,32.88,0.05,0.693994
1239,double_dqn,1,36.0596,11.56,18563,cpu,6,24,51.13,0.05,0.756743
1240,double_dqn,1,36.1188,11.88,18563,cpu,19,166,188.94,0.05,0.650691
1241,double_dqn,1,36.1735,11.88,18563,cpu,20,154,201.17,0.05,0.597898
1242,double_dqn,1,36.2012,11.88,18563,cpu,11,78,105.34,0.05,1.00212
1243,double_dqn,1,36.2496,11.9,18563,cpu,14,137,138.98,0.05,0.352547
1244,double_dqn,1,36.2623,11.58,18563,cpu,4,36,32.59,0.05,0.99298
1245,double_dqn,1,36.3097,11.64,18563,cpu,14,134,138.71,0.05,1.231907
1246,double_dqn,1,36.3391,11.6,18563,cpu,10,83,96.08,0.05,0.921696
1247,double_dqn,1,36.3863,11.7,18563,cpu,17,133,168.55,0.05,1.12344
1248,double_dqn,1,36.4509,11.94,18563,cpu,21,182,211.6,0.05,1.130261
1249,double_dqn,1,36.4776,11.96,18563,cpu,10,75,95.16,0.05,1.804866
1250,double_dqn,1,36.5037,11.82,18563,cpu,12,74,114.29,0.05,0.727982
1251,double_dqn,1,36.5059,11.44,18563,cpu,0,6,-9.55,0.05,1.49055
1252,double_dqn,1,36.5478,11.72,18563,cpu,15,118,148.18,0.05,0.663144
1253,double_dqn,1,36.5742,11.72,18563,cpu,8,74,75.65,0.05,0.514527
1254,double_dqn,1,36.6085,11.84,18563,cpu,12,97,115.96,0.05,0.600864
1255,double_dqn,1,36.6577,11.8,18563,cpu,14,139,137.56,0.05,1.219448
1256,double_dqn,1,36.7227,12.06,18563,cpu,23,183,232.31,0.05,1.229711
1257,double_dqn,1,36.758,11.92,18563,cpu,12,99,115.94,0.05,0.690601
1258,double_dqn,1,36.8203,12.16,18563,cpu,23,175,230.59,0.05,0.780721
1259,double_dqn,1,36.8572,12.04,18563,cpu,10,104,97.17,0.05,1.075064
1260,double_dqn,1,36.8711,11.96,18563,cpu,5,39,42.57,0.05,0.985043
1261,double_dqn,1,36.9018,12.16,18563,cpu,12,87,116.46,0.05,0.678171
1262,double_dqn,1,36.9061,12.14,18563,cpu,2,12,10.81,0.05,0.540391
1263,double_dqn,1,36.9687,12.32,18563,cpu,20,176,201.35,0.05,1.001275
1264,double_dqn,1,37.0039,12.34,18563,cpu,17,99,165.09,0.05,0.552718
1265,double_dqn,1,37.0538,12.34,18563,cpu,17,141,169.27,0.05,0.671152
1266,double_dqn,1,37.0846,12.38,18563,cpu,10,87,95.04,0.05,1.459531
1267,double_dqn,1,37.1386,12.4,18563,cpu,19,153,188.17,0.05,1.226672
1268,double_dqn,1,37.1449,12.3,18563,cpu,2,18,11.15,0.05,1.086539
1269,double_dqn,1,37.1842,11.9,18563,cpu,14,111,138.24,0.05,1.016173
1270,double_dqn,1,37.2072,11.82,18563,cpu,8,65,74.64,0.05,0.203952
1271,double_dqn,1,37.2398,11.88,18563,cpu,11,92,106.0,0.05,1.108866
1272,double_dqn,1,37.249,11.66,18563,cpu,3,26,21.58,0.05,1.080465
1273,double_dqn,1,37.2828,11.7,18563,cpu,14,95,136.2,0.05,1.130368
1274,double_dqn,1,37.2942,11.58,18563,cpu,4,32,32.43,0.05,1.393577
1275,double_dqn,1,37.3221,11.6,18563,cpu,9,79,85.41,0.05,1.437907
1276,double_dqn,1,37.3373,11.3,18563,cpu,7,43,63.15,0.05,1.433701
1277,double_dqn,1,37.3563,11.26,18563,cpu,7,54,63.54,0.05,1.254565
1278,double_dqn,1,37.3864,11.28,18563,cpu,12,85,115.48,0.05,0.872557
1279,double_dqn,1,37.4196,11.42,18563,cpu,12,94,116.69,0.05,0.398648
1280,double_dqn,1,37.4527,11.52,18563,cpu,13,94,126.2,0.05,1.574003
1281,double_dqn,1,37.4639,11.44,18563,cpu,4,32,32.23,0.05,1.620324
1282,double_dqn,1,37.4969,11.26,18563,cpu,12,94,115.29,0.05,1.718478
1283,double_dqn,1,37.5186,11.34,18563,cpu,8,62,74.57,0.05,0.55417
1284,double_dqn,1,37.5479,11.42,18563,cpu,9,84,83.86,0.05,1.051385
1285,double_dqn,1,37.6076,11.7,18563,cpu,24,170,240.45,0.05,1.846225
1286,double_dqn,1,37.6236,11.6,18563,cpu,6,45,52.82,0.05,1.806144
1287,double_dqn,1,37.6362,11.28,18563,cpu,4,36,32.59,0.05,0.721915
1288,double_dqn,1,37.6929,11.68,18563,cpu,24,161,239.44,0.05,1.404338
1289,double_dqn,1,37.7153,11.72,18563,cpu,8,64,73.95,0.05,1.028756
1290,double_dqn,1,37.7212,11.4,18563,cpu,3,17,20.97,0.05,1.022397
1291,double_dqn,1,37.7696,11.32,18563,cpu,16,138,158.69,0.05,1.179665
1292,double_dqn,1,37.8191,11.48,18563,cpu,19,141,187.69,0.05,1.977953
1293,double_dqn,1,37.8465,11.42,18563,cpu,11,77,104.65,0.05,1.574122
1294,double_dqn,1,37.8574,11.44,18563,cpu,5,31,42.25,0.05,0.491714
1295,double_dqn,1,37.8648,11.18,18563,cpu,1,21,0.71,0.05,0.462597
1296,double_dqn,1,37.8694,11.04,18563,cpu,3,13,20.61,0.05,0.905684
1297,double_dqn,1,37.9028,10.94,18563,cpu,12,95,116.58,0.05,0.358262
1298,double_dqn,1,37.9693,10.98,18563,cpu,23,187,232.27,0.05,0.628929
1299,double_dqn,1,37.9854,10.92,18563,cpu,7,46,62.62,0.05,1.058408
1300,double_dqn,1,37.9964,10.76,18563,cpu,4,31,32.34,0.05,0.961055
1301,double_dqn,1,38.0003,10.78,18563,cpu,1,11,0.81,0.05,1.403553
1302,double_dqn,1,38.042,10.78,18563,cpu,15,119,148.47,0.05,1.396532
1303,double_dqn,1,38.0998,11.02,18563,cpu,20,164,201.27,0.05,2.021442
1304,double_dqn,1,38.1022,10.8,18563,cpu,1,7,0.45,0.05,1.112495
1305,double_dqn,1,38.1314,10.76,18563,cpu,12,83,114.1,0.05,0.905865
1306,double_dqn,1,38.1853,10.62,18563,cpu,16,154,157.93,0.05,1.869904
1307,double_dqn,1,38.2052,10.54,18563,cpu,8,56,73.43,0.05,0.860367
1308,double_dqn,1,38.2243,10.22,18563,cpu,7,54,63.74,0.05,1.020106
1309,double_dqn,1,38.2738,10.36,18563,cpu,17,138,169.0,0.05,1.418895
1310,double_dqn,1,38.3089,10.46,18563,cpu,10,98,94.23,0.05,1.331255
1311,double_dqn,1,38.3448,10.54,18563,cpu,16,100,155.87,0.05,1.006324
1312,double_dqn,1,38.3674,10.7,18563,cpu,10,63,94.08,0.05,1.129206
1313,double_dqn,1,38.4213,10.68,18563,cpu,19,152,189.88,0.05,0.449717
1314,double_dqn,1,38.4621,10.58,18563,cpu,12,115,117.38,0.05,0.366955
1315,double_dqn,1,38.5242,10.68,18563,cpu,22,175,220.48,0.05,0.970095
1316,double_dqn,1,38.5602,10.72,18563,cpu,12,102,117.41,0.05,0.604118
1317,double_dqn,1,38.595,10.58,18563,cpu,12,98,117.05,0.05,1.392241
1318,double_dqn,1,38.6006,10.58,18563,cpu,2,16,10.97,0.05,2.098036
1319,double_dqn,1,38.6149,10.42,18563,cpu,6,40,52.57,0.05,1.31199
1320,double_dqn,1,38.6509,10.52,18563,cpu,13,102,127.12,0.05,1.256101
1321,double_dqn,1,38.671,10.48,18563,cpu,9,57,83.23,0.05,1.623052
1322,double_dqn,1,38.7057,10.62,18563,cpu,10,99,97.12,0.05,1.088553
1323,double_dqn,1,38.7728,10.72,18563,cpu,19,190,191.7,0.05,1.177098
1324,double_dqn,1,38.8198,11.02,18563,cpu,19,131,187.19,0.05,1.019525
1325,double_dqn,1,38.8433,11.0,18563,cpu,8,66,74.73,0.05,0.817416
1326,double_dqn,1,38.8702,11.08,18563,cpu,11,75,104.87,0.05,1.524002
1327,double_dqn,1,38.9032,11.16,18563,cpu,11,93,106.29,0.05,1.12769
1328,double_dqn,1,38.9454,11.2,18563,cpu,14,118,138.87,0.05,0.837082
1329,double_dqn,1,38.9721,11.14,18563,cpu,9,75,85.25,0.05,0.733437
1330,double_dqn,1,38.9968,11.06,18563,cpu,9,69,85.31,0.05,1.608037
1331,double_dqn,1,38.9985,10.98,18563,cpu,0,5,-9.64,0.05,1.384677
1332,double_dqn,1,39.0622,11.18,18563,cpu,22,180,221.73,0.05,0.87589
1333,double_dqn,1,39.0842,11.14,18563,cpu,6,62,54.55,0.05,1.128394
1334,double_dqn,1,39.1338,11.28,18563,cpu,16,140,157.87,0.05,1.359317
1335,double_dqn,1,39.1682,11.1,18563,cpu,15,97,146.49,0.05,1.251428
1336,double_dqn,1,39.1749,11.04,18563,cpu,3,19,21.35,0.05,1.005755
1337,double_dqn,1,39.1809,11.02,18563,cpu,3,17,20.97,0.05,1.706864
1338,double_dqn,1,39.1837,10.56,18563,cpu,1,8,0.34,0.05,0.650156
1339,double_dqn,1,39.2185,10.64,18563,cpu,12,98,117.25,0.05,0.737168
1340,double_dqn,1,39.2324,10.66,18563,cpu,4,40,31.55,0.05,1.424004
1341,double_dqn,1,39.3016,10.8,18563,cpu,23,196,232.88,0.05,0.761382
1342,double_dqn,1,39.3125,10.48,18563,cpu,3,31,22.23,0.05,0.780263
1343,double_dqn,1,39.3347,10.42,18563,cpu,8,63,74.46,0.05,1.76765
1344,double_dqn,1,39.3814,10.68,18563,cpu,18,131,179.08,0.05,0.651513
1345,double_dqn,1,39.4051,10.86,18563,cpu,10,67,94.64,0.05,0.57387
1346,double_dqn,1,39.4409,11.0,18563,cpu,10,102,97.19,0.05,1.953202
1347,double_dqn,1,39.4494,10.82,18563,cpu,3,24,21.4,0.05,0.691579
1348,double_dqn,1,39.496,10.68,18563,cpu,16,132,158.35,0.05,1.268939
1349,double_dqn,1,39.5123,10.7,18563,cpu,8,46,72.13,0.05,1.975324
1350,double_dqn,1,39.5215,10.7,18563,cpu,4,26,31.89,0.05,1.23786
1351,double_dqn,1,39.5586,10.94,18563,cpu,13,104,127.5,0.05,1.01846
1352,double_dqn,1,39.5941,10.86,18563,cpu,11,101,106.21,0.05,0.664949
1353,double_dqn,1,39.6164,10.66,18563,cpu,10,63,94.28,0.05,1.026497
1354,double_dqn,1,39.6476,10.8,18563,cpu,8,88,76.91,0.05,1.804668
1355,double_dqn,1,39.6744,10.76,18563,cpu,10,76,94.85,0.05,1.036366
1356,double_dqn,1,39.6794,10.48,18563,cpu,2,14,10.79,0.05,1.743865
1357,double_dqn,1,39.7518,10.68,18563,cpu,18,205,181.94,0.05,1.845894
1358,double_dqn,1,39.7854,10.82,18563,cpu,14,95,136.8,0.05,1.060477
1359,double_dqn,1,39.8329,10.78,18563,cpu,15,135,149.31,0.05,1.236669
1360,double_dqn,1,39.8678,10.86,18563,cpu,14,99,136.36,0.05,0.825867
1361,double_dqn,1,39.8822,10.7,18563,cpu,8,41,72.28,0.05,1.229772
1362,double_dqn,1,39.9061,10.72,18563,cpu,11,68,104.44,0.05,1.597426
1363,double_dqn,1,39.9416,10.62,18563,cpu,14,100,135.65,0.05,0.53767
1364,double_dqn,1,39.9546,10.46,18563,cpu,4,37,32.28,0.05,0.645505
1365,double_dqn,1,39.997,10.34,18563,cpu,16,120,157.67,0.05,1.89846
1366,double_dqn,1,40.0207,10.28,18563,cpu,9,67,84.73,0.05,0.647956
1367,double_dqn,1,40.0301,10.12,18563,cpu,4,27,31.98,0.05,1.333209
1368,double_dqn,1,40.0419,10.14,18563,cpu,3,34,22.3,0.05,0.840306
1369,double_dqn,1,40.0816,10.32,18563,cpu,15,112,148.04,0.05,0.711019
1370,double_dqn,1,40.0944,10.16,18563,cpu,5,36,42.1,0.05,1.515608
1371,double_dqn,1,40.12,10.18,18563,cpu,10,72,94.09,0.05,0.742114
1372,double_dqn,1,40.1673,10.26,18563,cpu,14,134,138.11,0.05,1.586144
1373,double_dqn,1,40.2251,10.2,18563,cpu,16,164,160.43,0.05,0.675227
1374,double_dqn,1,40.2748,10.14,18563,cpu,16,141,159.36,0.05,2.380338
1375,double_dqn,1,40.3065,10.22,18563,cpu,12,90,115.93,0.05,0.905353
1376,double_dqn,1,40.3156,10.06,18563,cpu,3,26,21.98,0.05,1.286797
1377,double_dqn,1,40.3377,10.04,18563,cpu,10,63,94.28,0.05,0.765184
1378,double_dqn,1,40.3813,10.1,18563,cpu,17,124,167.94,0.05,1.716855
1379,double_dqn,1,40.4045,10.06,18563,cpu,7,66,62.42,0.05,0.957687
1380,double_dqn,1,40.4336,10.08,18563,cpu,10,83,94.88,0.05,0.621132
1381,double_dqn,1,40.4513,10.2,18563,cpu,6,50,53.67,0.05,1.552675
1382,double_dqn,1,40.4967,10.04,18563,cpu,14,129,139.06,0.05,1.423883
1383,double_dqn,1,40.527,10.16,18563,cpu,12,86,116.17,0.05,1.253463
1384,double_dqn,1,40.59,10.28,18563,cpu,22,179,222.64,0.05,1.068264
1385,double_dqn,1,40.6197,10.18,18563,cpu,10,85,93.86,0.05,0.901023
1386,double_dqn,1,40.6722,10.54,18563,cpu,21,150,210.12,0.05,1.688209
1387,double_dqn,1,40.6915,10.6,18563,cpu,6,55,53.12,0.05,0.551673
1388,double_dqn,1,40.7167,10.8,18563,cpu,11,71,104.71,0.05,2.040808
1389,double_dqn,1,40.7234,10.62,18563,cpu,3,19,20.95,0.05,1.299503
1390,double_dqn,1,40.8062,11.0,18563,cpu,23,233,231.81,0.05,1.03198
1391,double_dqn,1,40.8378,10.78,18563,cpu,12,88,115.75,0.05,0.80839
1392,double_dqn,1,40.8516,10.8,18563,cpu,4,39,32.66,0.05,0.578365
1393,double_dqn,1,40.8654,10.72,18563,cpu,4,39,31.66,0.05,0.780428
1394,double_dqn,1,40.9176,10.8,18563,cpu,22,145,219.58,0.05,1.033784
1395,double_dqn,1,40.9539,10.8,18563,cpu,10,102,95.59,0.05,1.41666
1396,double_dqn,1,40.994,10.88,18563,cpu,14,112,136.93,0.05,1.051315
1397,double_dqn,1,41.0068,10.96,18563,cpu,7,36,62.12,0.05,1.835575
1398,double_dqn,1,41.047,10.96,18563,cpu,16,114,156.93,0.05,0.80329
1399,double_dqn,1,41.0902,11.1,18563,cpu,15,122,148.74,0.05,1.784402
1400,double_dqn,1,41.1557,11.4,18563,cpu,19,185,190.85,0.05,1.478352
1401,double_dqn,1,41.1831,11.36,18563,cpu,11,77,105.05,0.05,1.061544
1402,double_dqn,1,41.2475,11.62,18563,cpu,24,182,241.53,0.05,1.055682
1403,double_dqn,1,41.298,11.74,18563,cpu,16,142,159.85,0.05,1.671084
1404,double_dqn,1,41.3833,12.04,18563,cpu,23,242,233.62,0.05,1.261233
1405,double_dqn,1,41.3978,11.98,18563,cpu,7,41,62.77,0.05,0.520551
1406,double_dqn,1,41.4066,12.0,18563,cpu,3,25,21.69,0.05,1.361151
1407,double_dqn,1,41.4244,11.76,18563,cpu,6,50,53.47,0.05,1.104911
1408,double_dqn,1,41.4585,11.74,18563,cpu,13,96,126.58,0.05,1.15886
1409,double_dqn,1,41.5167,11.82,18563,cpu,19,165,189.65,0.05,0.735949
1410,double_dqn,1,41.5533,11.8,18563,cpu,13,104,125.1,0.05,0.591508
1411,double_dqn,1,41.5561,11.64,18563,cpu,0,8,-9.37,0.05,1.711287
1412,double_dqn,1,41.5995,11.74,18563,cpu,16,121,157.96,0.05,0.611595
1413,double_dqn,1,41.6472,11.76,18563,cpu,15,135,149.11,0.05,1.559015
1414,double_dqn,1,41.6696,11.84,18563,cpu,8,63,74.46,0.05,1.305478
1415,double_dqn,1,41.7204,11.88,18563,cpu,18,143,178.56,0.05,1.426683
1416,double_dqn,1,41.7713,12.16,18563,cpu,23,143,229.71,0.05,1.080678
1417,double_dqn,1,41.8423,12.46,18563,cpu,19,200,191.2,0.05,1.322473
1418,double_dqn,1,41.8717,12.62,18563,cpu,11,83,105.99,0.05,1.161687
1419,double_dqn,1,41.8928,12.44,18563,cpu,6,60,54.57,0.05,0.849279
1420,double_dqn,1,41.9168,12.56,18563,cpu,11,68,104.64,0.05,1.091856
1421,double_dqn,1,41.9448,12.62,18563,cpu,13,79,125.45,0.05,0.849282
1422,double_dqn,1,41.9643,12.48,18563,cpu,7,54,64.14,0.05,1.345997
1423,double_dqn,1,42.0097,12.44,18563,cpu,14,128,138.97,0.05,1.131783
1424,double_dqn,1,42.0151,12.18,18563,cpu,3,15,20.99,0.05,1.08983
1425,double_dqn,1,42.0602,12.18,18563,cpu,12,127,117.46,0.05,1.391618
1426,double_dqn,1,42.1217,12.54,18563,cpu,21,173,210.39,0.05,0.61969
1427,double_dqn,1,42.1476,12.56,18563,cpu,11,73,104.49,0.05,1.000914
1428,double_dqn,1,42.1788,12.4,18563,cpu,9,88,84.42,0.05,1.014096
1429,double_dqn,1,42.2061,12.46,18563,cpu,10,77,94.94,0.05,1.748035
1430,double_dqn,1,42.2747,12.74,18563,cpu,24,194,240.61,0.05,0.585637
1431,double_dqn,1,42.3167,12.9,18563,cpu,14,118,138.67,0.05,1.24688
1432,double_dqn,1,42.341,12.84,18563,cpu,11,68,104.64,0.05,1.198983
1433,double_dqn,1,42.3547,12.72,18563,cpu,6,39,52.68,0.05,0.660395
1434,double_dqn,1,42.4186,12.7,18563,cpu,21,180,211.82,0.05,1.123681
1435,double_dqn,1,42.4646,12.82,18563,cpu,16,130,159.17,0.05,1.883973
1436,double_dqn,1,42.5121,12.8,18563,cpu,20,134,200.17,0.05,1.679008
1437,double_dqn,1,42.5799,13.12,18563,cpu,22,192,221.21,0.05,0.939829
1438,double_dqn,1,42.5873,12.94,18563,cpu,2,21,11.62,0.05,1.266029
1439,double_dqn,1,42.6373,13.28,18563,cpu,20,142,200.09,0.05,1.403244
1440,double_dqn,1,42.6771,13.08,18563,cpu,13,113,127.91,0.05,0.600755
1441,double_dqn,1,42.7192,13.14,18563,cpu,15,120,148.96,0.05,0.6258
1442,double_dqn,1,42.7406,13.2,18563,cpu,7,61,64.57,0.05,2.044224
1443,double_dqn,1,42.7832,13.44,18563,cpu,16,121,159.36,0.05,0.719666
1444,double_dqn,1,42.7896,13.04,18563,cpu,2,18,11.15,0.05,0.980334
1445,double_dqn,1,42.8213,13.08,18563,cpu,12,90,115.13,0.05,0.787282
1446,double_dqn,1,42.8586,13.02,18563,cpu,11,105,107.97,0.05,1.266686
1447,double_dqn,1,42.8718,12.98,18563,cpu,5,34,42.32,0.05,1.195552
1448,double_dqn,1,42.8988,12.82,18563,cpu,8,66,74.53,0.05,0.982908
1449,double_dqn,1,42.9312,12.74,18563,cpu,11,81,105.61,0.05,0.713063
1450,double_dqn,1,42.9368,12.4,18563,cpu,2,15,11.08,0.05,0.855707
1451,double_dqn,1,42.9719,12.4,18563,cpu,11,96,107.56,0.05,1.47283
1452,double_dqn,1,42.9796,11.98,18563,cpu,3,21,21.53,0.05,1.968625
1453,double_dqn,1,43.0291,12.08,18563,cpu,21,139,208.73,0.05,0.781401
1454,double_dqn,1,43.0725,11.94,18563,cpu,16,122,156.45,0.05,1.415706
1455,double_dqn,1,43.101,12.04,18563,cpu,12,79,114.94,0.05,0.709581
1456,double_dqn,1,43.1045,12.0,18563,cpu,1,10,0.32,0.05,0.686727
1457,double_dqn,1,43.1572,12.24,18563,cpu,18,146,178.43,0.05,1.575263
1458,double_dqn,1,43.1831,12.16,18563,cpu,9,72,84.98,0.05,0.804107
1459,double_dqn,1,43.2201,12.0,18563,cpu,11,103,105.79,0.05,1.355699
1460,double_dqn,1,43.2269,11.82,18563,cpu,4,19,31.26,0.05,0.799072
1461,double_dqn,1,43.2491,11.94,18563,cpu,6,62,53.95,0.05,0.88035
1462,double_dqn,1,43.265,11.76,18563,cpu,7,44,63.04,0.05,0.964185
1463,double_dqn,1,43.2847,11.6,18563,cpu,7,55,63.43,0.05,0.7144
1464,double_dqn,1,43.3449,11.82,18563,cpu,19,169,192.01,0.05,1.609213
1465,double_dqn,1,43.3597,11.58,18563,cpu,6,42,52.75,0.05,0.439601
1466,double_dqn,1,43.3789,11.26,18563,cpu,7,54,63.54,0.05,0.592518
1467,double_dqn,1,43.3843,10.98,18563,cpu,5,15,40.81,0.05,1.589396
1468,double_dqn,1,43.4027,10.86,18563,cpu,5,52,43.94,0.05,0.800069
1469,double_dqn,1,43.4443,10.98,18563,cpu,12,118,117.05,0.05,1.214315
1470,double_dqn,1,43.4594,10.88,18563,cpu,6,42,52.15,0.05,1.274477
1471,double_dqn,1,43.4856,10.84,18563,cpu,11,74,104.38,0.05,1.364155
1472,double_dqn,1,43.5219,11.0,18563,cpu,15,102,146.34,0.05,1.494827
1473,double_dqn,1,43.5278,10.74,18563,cpu,1,17,0.95,0.05,0.854186
1474,double_dqn,1,43.5405,10.78,18563,cpu,5,36,42.1,0.05,1.2301
1475,double_dqn,1,43.5667,10.7,18563,cpu,8,74,75.45,0.05,1.023139
1476,double_dqn,1,43.5955,10.48,18563,cpu,10,81,94.9,0.05,0.343773
1477,double_dqn,1,43.6327,10.48,18563,cpu,11,105,107.37,0.05,1.659588
1478,double_dqn,1,43.6636,10.5,18563,cpu,10,87,95.84,0.05,0.93894
1479,double_dqn,1,43.7727,10.94,18563,cpu,32,307,327.06,0.05,1.371362
1480,double_dqn,1,43.7863,10.58,18563,cpu,6,38,52.59,0.05,1.429982
1481,double_dqn,1,43.8308,10.62,18563,cpu,16,125,156.92,0.05,1.540423
1482,double_dqn,1,43.8562,10.56,18563,cpu,8,71,74.98,0.05,0.696021
1483,double_dqn,1,43.8894,10.66,18563,cpu,11,93,105.09,0.05,1.475713
1484,double_dqn,1,43.9141,10.36,18563,cpu,6,69,55.18,0.05,0.991343
1485,double_dqn,1,43.9762,10.4,18563,cpu,18,174,179.15,0.05,1.158913
1486,double_dqn,1,43.9863,10.04,18563,cpu,2,29,12.14,0.05,0.847758
1487,double_dqn,1,44.0155,9.8,18563,cpu,10,82,95.99,0.05,1.380312
1488,double_dqn,1,44.0563,10.06,18563,cpu,15,115,146.51,0.05,1.00903
1489,double_dqn,1,44.1035,10.0,18563,cpu,17,129,168.59,0.05,1.329861
1490,double_dqn,1,44.1724,10.14,18563,cpu,20,183,201.98,0.05,1.130337
1491,double_dqn,1,44.1915,10.0,18563,cpu,8,53,73.36,0.05,1.844827
1492,double_dqn,1,44.1986,9.92,18563,cpu,3,20,21.04,0.05,1.344065
1493,double_dqn,1,44.2464,9.94,18563,cpu,17,133,167.75,0.05,1.348271
1494,double_dqn,1,44.2501,9.96,18563,cpu,3,10,20.54,0.05,1.05119
1495,double_dqn,1,44.2859,9.96,18563,cpu,12,99,115.74,0.05,1.217516
1496,double_dqn,1,44.3052,9.88,18563,cpu,7,54,63.94,0.05,0.923185
1497,double_dqn,1,44.3364,9.98,18563,cpu,10,87,95.44,0.05,1.145425
1498,double_dqn,1,44.3903,10.16,18563,cpu,17,151,167.77,0.05,0.935994
1499,double_dqn,1,44.4378,10.32,18563,cpu,19,133,187.37,0.05,0.972349
1500,double_dqn,1,44.4555,10.4,18563,cpu,6,49,53.78,0.05,1.313081
1501,double_dqn,1,44.4658,10.26,18563,cpu,4,29,32.16,0.05,0.821256
1502,double_dqn,1,44.5112,10.52,18563,cpu,16,128,158.79,0.05,1.567899
1503,double_dqn,1,44.5332,10.28,18563,cpu,9,62,83.88,0.05,1.132863
1504,double_dqn,1,44.5533,10.16,18563,cpu,10,56,93.45,0.05,0.786973
1505,double_dqn,1,44.5622,9.98,18563,cpu,3,25,21.89,0.05,1.36343
1506,double_dqn,1,44.6061,10.28,18563,cpu,16,122,159.05,0.05,0.513611
1507,double_dqn,1,44.6188,10.04,18563,cpu,6,34,52.43,0.05,0.380917
1508,double_dqn,1,44.658,10.06,18563,cpu,10,100,94.81,0.05,0.749911
1509,double_dqn,1,44.6677,9.9,18563,cpu,3,26,21.78,0.05,1.14121
1510,double_dqn,1,44.6791,9.9,18563,cpu,4,32,32.03,0.05,0.643434
1511,double_dqn,1,44.7312,10.16,18563,cpu,19,145,190.85,0.05,1.668941
1512,double_dqn,1,44.767,10.24,18563,cpu,11,102,105.3,0.05,0.86436
1513,double_dqn,1,44.8055,10.36,18563,cpu,13,108,125.66,0.05,1.883819
1514,double_dqn,1,44.8372,10.24,18563,cpu,13,88,125.26,0.05,1.565342
1515,double_dqn,1,44.8531,10.2,18563,cpu,4,45,33.4,0.05,1.553603
1516,double_dqn,1,44.8899,10.32,18563,cpu,13,102,127.72,0.05,0.941191
1517,double_dqn,1,44.8985,10.3,18563,cpu,4,24,31.51,0.05,1.559538
1518,double_dqn,1,44.9164,10.36,18563,cpu,8,49,73.0,0.05,1.746111
1519,double_dqn,1,45.0054,10.64,18563,cpu,26,238,263.79,0.05,1.159621
1520,double_dqn,1,45.0088,10.54,18563,cpu,1,9,0.63,0.05,1.524272
1521,double_dqn,1,45.0525,10.64,18563,cpu,16,120,157.47,0.05,0.856928
1522,double_dqn,1,45.0825,10.56,18563,cpu,11,83,104.19,0.05,2.284129
1523,double_dqn,1,45.1466,11.02,18563,cpu,24,177,239.68,0.05,1.137015
1524,double_dqn,1,45.1735,11.12,18563,cpu,10,75,94.76,0.05,1.258537
1525,double_dqn,1,45.2314,11.36,18563,cpu,20,158,199.13,0.05,1.373741
1526,double_dqn,1,45.2422,11.24,18563,cpu,4,29,31.76,0.05,1.742277
1527,double_dqn,1,45.2714,11.22,18563,cpu,10,81,95.5,0.05,0.643343
1528,double_dqn,1,45.328,11.38,18563,cpu,18,158,178.91,0.05,0.815262
1529,double_dqn,1,45.3447,10.88,18563,cpu,7,47,63.51,0.05,1.972067
1530,double_dqn,1,45.3787,11.04,18563,cpu,14,95,136.8,0.05,0.477049
1531,double_dqn,1,45.3868,10.76,18563,cpu,2,23,11.8,0.05,1.243032
1532,double_dqn,1,45.4053,10.76,18563,cpu,8,52,73.27,0.05,1.337795
1533,double_dqn,1,45.4242,10.72,18563,cpu,9,53,83.67,0.05,1.154636
1534,double_dqn,1,45.4463,10.74,18563,cpu,7,62,64.66,0.05,0.699397
1535,double_dqn,1,45.5209,10.76,18563,cpu,19,206,193.14,0.05,1.395959
1536,double_dqn,1,45.5748,11.18,18563,cpu,23,151,229.03,0.05,1.725989
1537,double_dqn,1,45.6015,11.14,18563,cpu,8,75,74.94,0.05,1.105194
1538,double_dqn,1,45.6054,10.88,18563,cpu,2,11,10.72,0.05,0.762867
1539,double_dqn,1,45.6167,10.6,18563,cpu,3,32,22.12,0.05,0.469366
1540,double_dqn,1,45.6372,10.36,18563,cpu,8,57,73.92,0.05,0.919716
1541,double_dqn,1,45.707,10.66,18563,cpu,23,196,230.48,0.05,0.83212
1542,double_dqn,1,45.7401,10.84,18563,cpu,12,94,117.09,0.05,1.056039
1543,double_dqn,1,45.7746,10.68,18563,cpu,9,97,86.83,0.05,1.717802
1544,double_dqn,1,45.8508,11.08,18563,cpu,23,212,234.32,0.05,0.675388
1545,double_dqn,1,45.8677,10.94,18563,cpu,5,48,42.18,0.05,0.612914
1546,double_dqn,1,45.9039,11.1,18563,cpu,15,101,146.25,0.05,0.956694
1547,double_dqn,1,45.9518,11.22,18563,cpu,16,133,159.24,0.05,1.65564
1548,double_dqn,1,45.9823,11.1,18563,cpu,11,85,104.77,0.05,0.973755
1549,double_dqn,1,45.9852,10.74,18563,cpu,1,8,0.54,0.05,0.759402
1550,double_dqn,1,46.056,11.06,18563,cpu,22,198,221.15,0.05,0.745261
1551,double_dqn,1,46.0606,11.02,18563,cpu,2,13,10.9,0.05,1.045346
1552,double_dqn,1,46.0919,10.98,18563,cpu,14,86,135.19,0.05,1.019154
1553,double_dqn,1,46.1268,11.04,18563,cpu,12,97,113.76,0.05,1.034707
1554,double_dqn,1,46.1645,11.1,18563,cpu,13,105,126.19,0.05,0.821119
1555,double_dqn,1,46.1686,11.08,18563,cpu,2,11,10.72,0.05,1.445871
1556,double_dqn,1,46.1711,10.78,18563,cpu,1,7,0.45,0.05,0.978378
1557,double_dqn,1,46.1984,10.88,18563,cpu,11,77,104.85,0.05,0.957137
1558,double_dqn,1,46.2538,11.02,18563,cpu,17,155,169.13,0.05,0.788451
1559,double_dqn,1,46.3115,11.34,18563,cpu,19,162,189.78,0.05,1.662676
1560,double_dqn,1,46.3699,11.68,18563,cpu,21,164,210.98,0.05,1.234286
1561,double_dqn,1,46.4172,11.66,18563,cpu,18,133,178.26,0.05,0.668897
1562,double_dqn,1,46.4247,11.52,18563,cpu,4,21,31.24,0.05,1.088818
1563,double_dqn,1,46.4749,11.58,18563,cpu,16,141,158.56,0.05,0.81923
1564,double_dqn,1,46.5,11.52,18563,cpu,10,71,93.8,0.05,1.003957
1565,double_dqn,1,46.5521,11.78,18563,cpu,17,147,169.01,0.05,1.678925
1566,double_dqn,1,46.5991,11.8,18563,cpu,14,133,139.82,0.05,1.07028
1567,double_dqn,1,46.6083,11.78,18563,cpu,3,26,21.78,0.05,2.095479
1568,double_dqn,1,46.6233,11.72,18563,cpu,5,42,43.24,0.05,1.409492
1569,double_dqn,1,46.6438,11.4,18563,cpu,10,58,93.83,0.05,0.558176
1570,double_dqn,1,46.6975,11.7,18563,cpu,16,151,158.46,0.05,0.91135
1571,double_dqn,1,46.7369,11.64,18563,cpu,13,111,127.93,0.05,1.662756
1572,double_dqn,1,46.7598,11.64,18563,cpu,11,64,104.28,0.05,1.327247
1573,double_dqn,1,46.8257,11.56,18563,cpu,20,182,199.69,0.05,0.66824
1574,double_dqn,1,46.8585,11.58,18563,cpu,11,91,104.91,0.05,0.410337
1575,double_dqn,1,46.9016,11.48,18563,cpu,15,120,148.96,0.05,1.260993
1576,double_dqn,1,46.9451,11.7,18563,cpu,15,120,147.76,0.05,1.506918
1577,double_dqn,1,46.9847,11.82,18563,cpu,16,109,157.48,0.05,1.477058
1578,double_dqn,1,47.0072,11.66,18563,cpu,10,62,93.59,0.05,1.221256
1579,double_dqn,1,47.016,11.56,18563,cpu,2,25,11.58,0.05,1.434722
1580,double_dqn,1,47.0438,11.52,18563,cpu,12,78,115.85,0.05,0.543018
1581,double_dqn,1,47.0481,11.52,18563,cpu,2,12,10.81,0.05,1.122415
1582,double_dqn,1,47.0793,11.56,18563,cpu,10,87,96.04,0.05,1.144991
1583,double_dqn,1,47.1097,11.62,18563,cpu,12,85,115.08,0.05,0.642077
1584,double_dqn,1,47.1143,11.5,18563,cpu,1,13,0.99,0.05,1.622739
1585,double_dqn,1,47.1587,11.48,18563,cpu,18,124,176.45,0.05,1.0729
1586,double_dqn,1,47.195,11.28,18563,cpu,13,102,126.12,0.05,0.451202
1587,double_dqn,1,47.2072,11.2,18563,cpu,4,34,32.01,0.05,0.833835
1588,double_dqn,1,47.2677,11.54,18563,cpu,19,170,189.5,0.05,2.271128
1589,double_dqn,1,47.3061,11.72,18563,cpu,12,108,117.35,0.05,0.655891
1590,double_dqn,1,47.311,11.58,18563,cpu,1,14,0.48,0.05,1.071923
1591,double_dqn,1,47.3451,11.38,18563,cpu,13,95,126.69,0.05,0.793579
1592,double_dqn,1,47.3803,11.36,18563,cpu,11,99,104.83,0.05,0.375509
1593,double_dqn,1,47.4266,11.5,18563,cpu,16,130,157.97,0.05,2.20549
1594,double_dqn,1,47.474,11.38,18563,cpu,17,133,168.55,0.05,0.653873
1595,double_dqn,1,47.5128,11.52,18563,cpu,12,109,116.04,0.05,1.773639
1596,double_dqn,1,47.5217,11.26,18563,cpu,2,25,11.98,0.05,0.741572
1597,double_dqn,1,47.5789,11.3,18563,cpu,18,161,180.98,0.05,1.350137
1598,double_dqn,1,47.5998,11.26,18563,cpu,9,58,82.52,0.05,1.230206
1599,double_dqn,1,47.6299,11.42,18563,cpu,9,84,85.86,0.05,0.659303
1600,double_dqn,1,47.6499,11.06,18563,cpu,4,57,33.08,0.05,1.163367
1601,double_dqn,1,47.7064,11.36,18563,cpu,17,158,171.2,0.05,0.678994
1602,double_dqn,1,47.7469,11.38,18563,cpu,15,114,148.42,0.05,1.397068
1603,double_dqn,1,47.7901,11.5,18563,cpu,18,121,178.38,0.05,1.277979
1604,double_dqn,1,47.8217,11.52,18563,cpu,14,88,136.57,0.05,0.725002
1605,double_dqn,1,47.8273,11.5,18563,cpu,1,16,1.06,0.05,0.67164
1606,double_dqn,1,47.8496,11.64,18563,cpu,8,63,73.86,0.05,0.112652
1607,double_dqn,1,47.8831,11.68,18563,cpu,13,94,125.8,0.05,2.179921
1608,double_dqn,1,47.8916,11.38,18563,cpu,2,24,11.29,0.05,0.388483
1609,double_dqn,1,47.9652,11.48,18563,cpu,24,207,244.38,0.05,1.112264
1610,double_dqn,1,47.9894,11.26,18563,cpu,10,68,94.13,0.05,1.130171
1611,double_dqn,1,48.012,11.08,18563,cpu,9,63,83.37,0.05,0.785352
1612,double_dqn,1,48.0902,11.46,18563,cpu,23,218,231.66,0.05,1.041788
1613,double_dqn,1,48.1214,11.38,18563,cpu,12,87,115.66,0.05,1.539085
1614,double_dqn,1,48.1586,11.42,18563,cpu,12,104,117.79,0.05,1.061727
1615,double_dqn,1,48.1912,11.32,18563,cpu,12,91,116.42,0.05,1.166096
1616,double_dqn,1,48.2489,11.44,18563,cpu,20,161,198.2,0.05,2.119391
1617,double_dqn,1,48.2762,11.58,18563,cpu,10,77,95.54,0.05,1.331573
1618,double_dqn,1,48.2977,11.66,18563,cpu,9,60,83.7,0.05,1.26118
1619,double_dqn,1,48.3027,11.5,18563,cpu,2,14,10.99,0.05,1.225593
1620,double_dqn,1,48.3247,11.34,18563,cpu,8,62,73.77,0.05,1.738106
1621,double_dqn,1,48.3433,11.26,18563,cpu,9,52,83.38,0.05,0.575981
1622,double_dqn,1,48.3855,11.36,18563,cpu,16,119,157.98,0.05,1.086774
1623,double_dqn,1,48.4308,11.22,18563,cpu,13,128,128.86,0.05,1.24331
1624,double_dqn,1,48.4833,11.36,18563,cpu,18,149,177.7,0.05,0.980692
1625,double_dqn,1,48.5104,11.3,18563,cpu,12,77,114.56,0.05,0.511394
1626,double_dqn,1,48.5262,11.1,18563,cpu,5,45,42.91,0.05,0.693885
1627,double_dqn,1,48.5934,11.22,18563,cpu,22,191,220.12,0.05,0.722353
1628,double_dqn,1,48.6195,11.2,18563,cpu,9,74,85.16,0.05,1.268963
1629,double_dqn,1,48.6314,11.24,18563,cpu,4,34,32.61,0.05,0.894785
1630,double_dqn,1,48.6736,11.34,18563,cpu,17,119,168.49,0.05,2.04354
1631,double_dqn,1,48.7295,11.66,18563,cpu,18,159,179.6,0.05,0.522805
1632,double_dqn,1,48.7899,11.84,18563,cpu,19,172,192.28,0.05,0.901727
1633,double_dqn,1,48.7945,11.62,18563,cpu,1,13,0.99,0.05,0.642912
1634,double_dqn,1,48.8591,12.02,18563,cpu,21,181,209.31,0.05,0.724408
1635,double_dqn,1,48.8867,11.88,18563,cpu,11,77,105.25,0.05,1.12247
1636,double_dqn,1,48.9704,12.1,18563,cpu,24,236,240.39,0.05,1.211947
1637,double_dqn,1,48.9786,12.1,18563,cpu,4,23,31.62,0.05,0.793827
1638,double_dqn,1,49.0217,11.96,18563,cpu,12,122,114.81,0.05,1.673622
1639,double_dqn,1,49.0313,11.78,18563,cpu,3,27,21.67,0.05,0.843249
1640,double_dqn,1,49.0945,12.16,18563,cpu,20,179,200.02,0.05,1.225847
1641,double_dqn,1,49.1114,12.06,18563,cpu,8,48,73.11,0.05,0.621302
1642,double_dqn,1,49.1578,12.2,18563,cpu,18,131,178.48,0.05,0.865656
1643,double_dqn,1,49.1702,11.96,18563,cpu,4,35,32.3,0.05,0.508403
1644,double_dqn,1,49.2111,11.96,18563,cpu,17,116,166.42,0.05,0.861607
1645,double_dqn,1,49.2225,11.82,18563,cpu,5,32,41.94,0.05,1.326434
1646,double_dqn,1,49.2467,11.94,18563,cpu,8,69,74.8,0.05,0.61996
1647,double_dqn,1,49.2929,11.9,18563,cpu,16,131,157.86,0.05,1.333777
1648,double_dqn,1,49.2985,11.74,18563,cpu,1,16,1.06,0.05,1.583748
1649,double_dqn,1,49.3925,12.1,18563,cpu,27,267,275.11,0.05,1.427612
1650,double_dqn,1,49.4151,12.2,18563,cpu,9,64,84.46,0.05,0.684133
1651,double_dqn,1,49.4678,12.2,18563,cpu,17,149,169.79,0.05,0.94658
1652,double_dqn,1,49.5142,12.22,18563,cpu,16,131,159.06,0.05,1.004782
1653,double_dqn,1,49.5702,12.22,18563,cpu,18,158,180.91,0.05,2.598421
1654,double_dqn,1,49.6078,12.26,18563,cpu,16,107,156.7,0.05,1.921786
1655,double_dqn,1,49.6372,12.4,18563,cpu,8,83,75.66,0.05,1.135596
1656,double_dqn,1,49.665,12.44,18563,cpu,10,79,94.52,0.05,1.488273
1657,double_dqn,1,49.6936,12.38,18563,cpu,10,81,95.7,0.05,1.323536
1658,double_dqn,1,49.7834,12.9,18563,cpu,28,254,285.25,0.05,0.804639
1659,double_dqn,1,49.8046,12.54,18563,cpu,6,60,52.57,0.05,0.332126
1660,double_dqn,1,49.8173,12.46,18563,cpu,6,35,52.32,0.05,0.63886
1661,double_dqn,1,49.8416,12.46,18563,cpu,9,68,84.02,0.05,1.109459
1662,double_dqn,1,49.8681,12.18,18563,cpu,9,75,84.85,0.05,0.984879
1663,double_dqn,1,49.8896,12.08,18563,cpu,7,60,64.68,0.05,0.764823
1664,double_dqn,1,49.9001,11.9,18563,cpu,3,29,22.05,0.05,0.587741
1665,double_dqn,1,49.9197,11.84,18563,cpu,9,55,82.65,0.05,1.143656
1666,double_dqn,1,49.9345,11.54,18563,cpu,5,42,42.04,0.05,1.521509
1667,double_dqn,1,49.9534,11.5,18563,cpu,8,53,73.16,0.05,1.385153
1668,double_dqn,1,49.9755,11.5,18563,cpu,9,62,84.48,0.05,1.35173
1669,double_dqn,1,50.0421,11.86,18563,cpu,20,185,200.36,0.05,1.776659
1670,double_dqn,1,50.108,12.16,18563,cpu,23,182,229.42,0.05,1.203736
1671,double_dqn,1,50.1123,12.0,18563,cpu,1,12,-0.3,0.05,0.7392
1672,double_dqn,1,50.1541,11.94,18563,cpu,13,117,128.87,0.05,1.195163
1673,double_dqn,1,50.1763,11.84,18563,cpu,8,61,74.28,0.05,0.704903
1674,double_dqn,1,50.2024,11.66,18563,cpu,9,73,85.47,0.05,1.735332
1675,double_dqn,1,50.2218,11.56,18563,cpu,7,54,62.34,0.05,1.390256
1676,double_dqn,1,50.2633,11.78,18563,cpu,16,116,158.11,0.05,1.030114
1677,double_dqn,1,50.286,11.54,18563,cpu,10,64,93.97,0.05,0.875466
1678,double_dqn,1,50.3098,11.52,18563,cpu,8,67,75.02,0.05,1.148281
1679,double_dqn,1,50.3397,11.7,18563,cpu,13,84,125.1,0.05,1.948397
1680,double_dqn,1,50.3684,11.56,18563,cpu,10,81,94.7,0.05,1.221235
1681,double_dqn,1,50.4237,11.5,18563,cpu,15,156,151.2,0.05,1.22562
1682,double_dqn,1,50.4548,11.36,18563,cpu,12,87,115.46,0.05,1.320662
1683,double_dqn,1,50.4824,11.54,18563,cpu,10,78,96.03,0.05,0.94609
1684,double_dqn,1,50.5379,11.5,18563,cpu,19,156,190.04,0.05,1.064924
1685,double_dqn,1,50.5759,11.54,18563,cpu,13,107,127.17,0.05,1.073408
1686,double_dqn,1,50.5938,11.22,18563,cpu,8,50,73.69,0.05,1.214196
1687,double_dqn,1,50.6392,11.44,18563,cpu,15,127,146.59,0.05,0.706621
1688,double_dqn,1,50.6427,11.24,18563,cpu,2,10,10.43,0.05,1.231497
1689,double_dqn,1,50.659,11.34,18563,cpu,8,46,72.93,0.05,1.052273
1690,double_dqn,1,50.6704,11.02,18563,cpu,4,32,32.03,0.05,1.283538
1691,double_dqn,1,50.68,10.96,18563,cpu,5,27,41.49,0.05,0.8251
1692,double_dqn,1,50.7263,10.96,18563,cpu,18,130,177.79,0.05,1.089559
1693,double_dqn,1,50.7472,11.0,18563,cpu,6,59,53.48,0.05,0.961013
1694,double_dqn,1,50.8141,11.18,18563,cpu,26,187,260.8,0.05,0.827453
1695,double_dqn,1,50.8163,11.08,18563,cpu,0,6,-9.55,0.05,1.578361
1696,double_dqn,1,50.8488,11.22,18563,cpu,15,91,145.35,0.05,0.738423
1697,double_dqn,1,50.8983,11.3,18563,cpu,20,139,199.62,0.05,1.50347
1698,double_dqn,1,50.9135,11.4,18563,cpu,6,43,53.04,0.05,2.23595
1699,double_dqn,1,50.9446,11.12,18563,cpu,13,87,125.77,0.05,0.683296
1700,double_dqn,1,50.9566,11.04,18563,cpu,5,34,42.52,0.05,0.20239
1701,double_dqn,1,50.9624,10.72,18563,cpu,1,16,1.26,0.05,1.492258
1702,double_dqn,1,50.9671,10.42,18563,cpu,1,13,0.79,0.05,0.852328
1703,double_dqn,1,50.9742,10.1,18563,cpu,2,20,11.53,0.05,1.803227
1704,double_dqn,1,50.9986,9.96,18563,cpu,9,69,84.31,0.05,1.248291
1705,double_dqn,1,51.0067,9.86,18563,cpu,3,23,21.51,0.05,0.923214
1706,double_dqn,1,51.0521,9.96,18563,cpu,15,128,147.68,0.05,2.128991
1707,double_dqn,1,51.0721,9.88,18563,cpu,6,56,54.21,0.05,1.522361
1708,double_dqn,1,51.0811,9.38,18563,cpu,3,25,21.89,0.05,0.549588
1709,double_dqn,1,51.0921,9.34,18563,cpu,4,31,31.94,0.05,0.971538
1710,double_dqn,1,51.1519,9.62,18563,cpu,20,168,200.83,0.05,1.200825
1711,double_dqn,1,51.1607,9.5,18563,cpu,3,25,21.49,0.05,1.113932
1712,double_dqn,1,51.2047,9.58,18563,cpu,13,124,128.5,0.05,0.637832
1713,double_dqn,1,51.2243,9.58,18563,cpu,7,55,64.03,0.05,0.669398
1714,double_dqn,1,51.2578,9.74,18563,cpu,11,94,106.38,0.05,0.920472
1715,double_dqn,1,51.2899,9.8,18563,cpu,12,90,115.53,0.05,1.364986
1716,double_dqn,1,51.2953,9.72,18563,cpu,1,15,0.97,0.05,0.874714
1717,double_dqn,1,51.3303,9.84,18563,cpu,14,98,134.47,0.05,1.318618
1718,double_dqn,1,51.3696,9.94,18563,cpu,14,111,137.64,0.05,1.124995
1719,double_dqn,1,51.4567,9.98,18563,cpu,22,246,225.07,0.05,1.817916
1720,double_dqn,1,51.4972,9.8,18563,cpu,14,115,136.2,0.05,1.009825
1721,double_dqn,1,51.5172,9.96,18563,cpu,9,57,83.43,0.05,1.059426
1722,double_dqn,1,51.534,9.84,18563,cpu,7,48,63.2,0.05,0.661188
1723,double_dqn,1,51.5475,9.78,18563,cpu,5,38,42.68,0.05,1.602228
1724,double_dqn,1,51.5938,9.94,18563,cpu,17,131,167.57,0.05,0.614345
1725,double_dqn,1,51.6218,10.0,18563,cpu,10,79,94.32,0.05,1.862203
1726,double_dqn,1,51.6409,9.82,18563,cpu,7,54,63.94,0.05,1.293406
1727,double_dqn,1,51.6699,9.82,18563,cpu,10,82,95.59,0.05,1.534216
1728,double_dqn,1,51.6997,9.86,18563,cpu,10,84,95.37,0.05,0.832365
1729,double_dqn,1,51.7138,9.7,18563,cpu,5,40,42.66,0.05,1.634454
1730,double_dqn,1,51.7499,9.76,18563,cpu,13,103,125.21,0.05,1.202766
1731,double_dqn,1,51.7788,9.68,18563,cpu,11,82,105.3,0.05,0.72632
1732,double_dqn,1,51.8013,9.64,18563,cpu,10,64,94.57,0.05,1.499024
1733,double_dqn,1,51.8444,9.72,18563,cpu,14,122,136.83,0.05,1.928794
1734,double_dqn,1,51.8775,9.52,18563,cpu,9,93,86.47,0.05,0.825375
1735,double_dqn,1,51.9181,9.52,18563,cpu,13,115,128.69,0.05,1.067698
1736,double_dqn,1,51.9261,9.42,18563,cpu,3,22,21.62,0.05,1.230587
1737,double_dqn,1,51.9741,9.46,18563,cpu,17,134,168.64,0.05,1.675551
1738,double_dqn,1,51.9995,9.64,18563,cpu,11,72,105.0,0.05,2.012535
1739,double_dqn,1,52.0608,9.82,18563,cpu,17,174,170.04,0.05,0.75627
1740,double_dqn,1,52.1438,10.26,18563,cpu,26,234,264.23,0.05,1.23219
1741,double_dqn,1,52.1782,10.42,18563,cpu,13,97,126.67,0.05,0.848426
1742,double_dqn,1,52.2339,10.48,18563,cpu,21,158,209.84,0.05,1.247975
1743,double_dqn,1,52.2678,10.62,18563,cpu,13,96,126.78,0.05,0.832701
1744,double_dqn,1,52.2965,10.26,18563,cpu,8,81,74.08,0.05,0.614876
1745,double_dqn,1,52.3305,10.5,18563,cpu,12,97,116.76,0.05,1.09975
1746,double_dqn,1,52.3647,10.46,18563,cpu,13,97,125.47,0.05,1.081483
1747,double_dqn,1,52.4364,10.5,18563,cpu,22,204,223.09,0.05,0.396114
1748,double_dqn,1,52.4737,10.62,18563,cpu,12,105,117.48,0.05,1.238753
1749,double_dqn,1,52.4966,10.58,18563,cpu,11,65,103.97,0.05,0.346168
1750,double_dqn,1,52.5324,10.78,18563,cpu,15,101,147.45,0.05,0.872153
1751,double_dqn,1,52.5509,10.88,18563,cpu,6,53,53.54,0.05,1.041581
1752,double_dqn,1,52.5664,10.96,18563,cpu,5,44,42.82,0.05,0.762054
1753,double_dqn,1,52.6012,11.18,18563,cpu,13,99,127.05,0.05,0.887625
1754,double_dqn,1,52.6501,11.34,18563,cpu,17,138,169.0,0.05,0.667056
1755,double_dqn,1,52.6718,11.46,18563,cpu,9,62,84.08,0.05,1.19749
1756,double_dqn,1,52.6981,11.38,18563,cpu,11,75,104.47,0.05,0.545864
1757,double_dqn,1,52.7037,11.28,18563,cpu,1,16,1.06,0.05,0.880975
1758,double_dqn,1,52.774,11.74,18563,cpu,26,199,261.48,0.05,0.583925
1759,double_dqn,1,52.8148,11.98,18563,cpu,16,116,156.31,0.05,0.451288
1760,double_dqn,1,52.8325,11.72,18563,cpu,7,50,63.38,0.05,0.975278
1761,double_dqn,1,52.8451,11.78,18563,cpu,6,36,52.21,0.05,1.834997
1762,double_dqn,1,52.8538,11.62,18563,cpu,5,25,41.71,0.05,1.105272
1763,double_dqn,1,52.9352,11.98,18563,cpu,25,231,252.85,0.05,2.417149
1764,double_dqn,1,53.0011,12.18,18563,cpu,21,186,210.36,0.05,0.621048
1765,double_dqn,1,53.0425,12.28,18563,cpu,17,117,168.31,0.05,0.546527
1766,double_dqn,1,53.0684,12.46,18563,cpu,10,73,95.18,0.05,0.526953
1767,double_dqn,1,53.1111,12.44,18563,cpu,13,121,126.63,0.05,1.350188
1768,double_dqn,1,53.1581,12.48,18563,cpu,16,133,159.04,0.05,1.178427
1769,double_dqn,1,53.2066,12.46,18563,cpu,21,137,208.95,0.05,0.808951
1770,double_dqn,1,53.2461,12.44,18563,cpu,13,112,124.62,0.05,0.806261
1771,double_dqn,1,53.257,12.38,18563,cpu,6,31,52.16,0.05,1.06303
1772,double_dqn,1,53.2856,12.4,18563,cpu,8,81,75.48,0.05,0.988023
1773,double_dqn,1,53.3266,12.64,18563,cpu,17,116,167.62,0.05,0.392184
1774,double_dqn,1,53.3729,12.64,18563,cpu,17,131,169.97,0.05,1.339797
1775,double_dqn,1,53.4021,12.68,18563,cpu,12,83,115.5,0.05,0.525455
1776,double_dqn,1,53.4511,12.82,18563,cpu,14,139,137.16,0.05,1.212682
1777,double_dqn,1,53.5051,13.02,18563,cpu,20,153,199.08,0.05,1.616278
1778,double_dqn,1,53.5533,13.18,18563,cpu,18,137,179.42,0.05,1.221337
1779,double_dqn,1,53.5943,13.38,18563,cpu,15,116,146.4,0.05,1.650977
1780,double_dqn,1,53.6367,13.44,18563,cpu,16,120,157.87,0.05,0.771735
1781,double_dqn,1,53.6584,13.32,18563,cpu,5,62,43.04,0.05,1.194534
1782,double_dqn,1,53.682,13.28,18563,cpu,8,67,75.02,0.05,0.578308
1783,double_dqn,1,53.6928,13.08,18563,cpu,4,31,32.14,0.05,1.626005
1784,double_dqn,1,53.7094,13.0,18563,cpu,5,47,43.29,0.05,1.444237
1785,double_dqn,1,53.7224,12.82,18563,cpu,4,37,32.08,0.05,1.664072
1786,double_dqn,1,53.7556,13.0,18563,cpu,12,94,116.69,0.05,2.074932
1787,double_dqn,1,53.8009,12.94,18563,cpu,14,129,137.66,0.05,1.31767
1788,double_dqn,1,53.8055,12.76,18563,cpu,2,13,10.7,0.05,0.655476
1789,double_dqn,1,53.8596,12.84,18563,cpu,21,153,209.59,0.05,1.12102
1790,double_dqn,1,53.8948,12.58,18563,cpu,13,100,127.14,0.05,0.882689
1791,double_dqn,1,53.933,12.56,18563,cpu,12,109,117.44,0.05,0.807873
1792,double_dqn,1,53.9766,12.52,18563,cpu,19,124,187.76,0.05,2.0073
1793,double_dqn,1,53.9992,12.5,18563,cpu,12,64,114.39,0.05,1.368852
1794,double_dqn,1,54.0112,12.42,18563,cpu,4,34,32.61,0.05,1.60624
1795,double_dqn,1,54.0333,12.34,18563,cpu,8,63,74.86,0.05,1.036217
1796,double_dqn,1,54.0745,12.4,18563,cpu,16,117,156.4,0.05,0.868869
1797,double_dqn,1,54.1121,12.26,18563,cpu,15,107,145.99,0.05,1.146007
1798,double_dqn,1,54.1317,12.18,18563,cpu,8,56,73.83,0.05,0.549267
1799,double_dqn,1,54.1664,12.2,18563,cpu,12,99,115.94,0.05,0.972665
1800,double_dqn,1,54.2218,12.34,18563,cpu,22,157,220.26,0.05,1.041824
1801,double_dqn,1,54.2796,12.6,18563,cpu,19,164,190.56,0.05,0.831923
1802,double_dqn,1,54.3263,12.82,18563,cpu,16,132,156.75,0.05,1.250824
1803,double_dqn,1,54.344,12.7,18563,cpu,7,50,62.98,0.05,2.648069
1804,double_dqn,1,54.3774,12.66,18563,cpu,15,95,145.91,0.05,1.001739
1805,double_dqn,1,54.4346,12.94,18563,cpu,23,160,231.24,0.05,1.160051
1806,double_dqn,1,54.4898,13.1,18563,cpu,19,156,189.44,0.05,1.493103
1807,double_dqn,1,54.5149,13.22,18563,cpu,7,71,65.27,0.05,0.865472
1808,double_dqn,1,54.5493,12.94,18563,cpu,12,97,114.76,0.05,1.098131
1809,double_dqn,1,54.593,12.92,18563,cpu,15,123,147.43,0.05,1.152322
1810,double_dqn,1,54.5973,12.82,18563,cpu,2,12,10.81,0.05,0.539489
1811,double_dqn,1,54.634,12.98,18563,cpu,14,104,137.21,0.05,0.667229
1812,double_dqn,1,54.6768,13.2,18563,cpu,16,121,156.96,0.05,1.146074
1813,double_dqn,1,54.693,12.82,18563,cpu,6,46,52.91,0.05,0.848934
1814,double_dqn,1,54.7385,12.7,18563,cpu,15,129,148.37,0.05,1.351253
1815,double_dqn,1,54.8005,12.8,18563,cpu,22,175,222.08,0.05,1.643535
1816,double_dqn,1,54.8442,12.92,18563,cpu,16,123,156.34,0.05,1.216869
1817,double_dqn,1,54.9088,13.12,18563,cpu,23,182,232.22,0.05,0.320442
1818,double_dqn,1,54.9664,13.22,18563,cpu,21,162,210.2,0.05,1.646336
1819,double_dqn,1,55.0168,13.16,18563,cpu,18,142,179.27,0.05,0.400621
1820,double_dqn,1,55.0518,13.16,18563,cpu,13,99,127.25,0.05,0.802868
1821,double_dqn,1,55.083,13.26,18563,cpu,11,88,105.24,0.05,0.985433
1822,double_dqn,1,55.1048,13.24,18563,cpu,7,61,64.17,0.05,0.932681
1823,double_dqn,1,55.1572,13.26,18563,cpu,18,147,180.32,0.05,1.387887
1824,double_dqn,1,55.1679,12.98,18563,cpu,3,30,22.34,0.05,1.267855
1825,double_dqn,1,55.2038,13.0,18563,cpu,13,101,126.43,0.05,0.233195
1826,double_dqn,1,55.2653,13.22,18563,cpu,25,172,249.74,0.05,0.534292
1827,double_dqn,1,55.277,12.94,18563,cpu,6,33,52.34,0.05,0.973595
1828,double_dqn,1,55.2933,12.68,18563,cpu,5,46,42.6,0.05,0.766448
1829,double_dqn,1,55.3268,12.68,18563,cpu,15,95,145.91,0.05,0.775155
1830,double_dqn,1,55.3547,12.54,18563,cpu,9,79,85.21,0.05,1.465938
1831,double_dqn,1,55.3603,12.46,18563,cpu,1,16,1.06,0.05,1.798432
1832,double_dqn,1,55.4158,12.7,18563,cpu,20,157,198.44,0.05,0.853215
1833,double_dqn,1,55.438,12.78,18563,cpu,8,63,74.26,0.05,0.491351
1834,double_dqn,1,55.4624,12.86,18563,cpu,9,69,84.91,0.05,0.675954
1835,double_dqn,1,55.5154,13.12,18563,cpu,17,150,169.28,0.05,1.284843
1836,double_dqn,1,55.5358,13.02,18563,cpu,7,58,64.3,0.05,2.311949
1837,double_dqn,1,55.563,12.9,18563,cpu,8,77,74.92,0.05,1.461073
1838,double_dqn,1,55.5937,13.04,18563,cpu,9,88,85.42,0.05,0.695517
1839,double_dqn,1,55.6109,12.78,18563,cpu,8,49,73.6,0.05,1.212652
1840,double_dqn,1,55.6187,12.6,18563,cpu,4,22,31.53,0.05,1.016998
1841,double_dqn,1,55.6534,12.66,18563,cpu,15,99,147.47,0.05,0.270481
1842,double_dqn,1,55.6773,12.44,18563,cpu,8,68,74.71,0.05,1.243396
1843,double_dqn,1,55.7037,12.4,18563,cpu,10,75,94.96,0.05,1.388354
1844,double_dqn,1,55.7417,12.6,18563,cpu,14,108,137.77,0.05,1.28184
1845,double_dqn,1,55.7861,12.8,18563,cpu,18,127,177.72,0.05,1.668471
1846,double_dqn,1,55.8374,12.78,18563,cpu,15,146,148.3,0.05,1.630303
1847,double_dqn,1,55.8654,12.66,18563,cpu,9,80,83.9,0.05,1.34832
1848,double_dqn,1,55.8827,12.64,18563,cpu,7,49,63.69,0.05,0.290064
1849,double_dqn,1,55.9115,12.64,18563,cpu,12,82,115.01,0.05,1.306173
1850,double_dqn,1,55.9231,12.32,18563,cpu,6,33,51.94,0.05,1.265592
1851,double_dqn,1,55.9372,12.06,18563,cpu,6,40,52.77,0.05,0.88538
1852,double_dqn,1,55.985,12.02,18563,cpu,14,136,138.89,0.05,1.64329
1853,double_dqn,1,56.0282,12.18,18563,cpu,15,123,146.23,0.05,1.52462
1854,double_dqn,1,56.0434,11.98,18563,cpu,5,43,42.93,0.05,0.820564
1855,double_dqn,1,56.0764,11.76,18563,cpu,12,94,116.49,0.05,1.030604
1856,double_dqn,1,56.103,11.56,18563,cpu,9,75,84.85,0.05,1.330908
1857,double_dqn,1,56.1246,11.52,18563,cpu,5,62,44.84,0.05,1.549069
1858,double_dqn,1,56.1959,11.74,18563,cpu,23,203,233.31,0.05,0.966232
1859,double_dqn,1,56.2237,11.64,18563,cpu,10,79,95.32,0.05,0.698469
1860,double_dqn,1,56.2779,12.0,18563,cpu,20,154,199.37,0.05,0.869426
1861,double_dqn,1,56.3163,12.04,18563,cpu,16,109,157.28,0.05,0.895494
1862,double_dqn,1,56.3914,12.26,18563,cpu,27,213,272.65,0.05,0.801619
1863,double_dqn,1,56.4105,12.28,18563,cpu,7,54,63.94,0.05,1.930129
1864,double_dqn,1,56.4401,12.22,18563,cpu,12,84,114.59,0.05,1.815149
1865,double_dqn,1,56.461,11.96,18563,cpu,9,59,84.41,0.05,1.144719
1866,double_dqn,1,56.4711,11.68,18563,cpu,2,29,11.94,0.05,1.33477
1867,double_dqn,1,56.5232,11.5,18563,cpu,14,148,138.77,0.05,0.338407
1868,double_dqn,1,56.5591,11.32,18563,cpu,12,102,116.41,0.05,1.473602
1869,double_dqn,1,56.5982,11.28,18563,cpu,16,111,156.66,0.05,1.256481
1870,double_dqn,1,56.6298,11.2,18563,cpu,9,90,85.4,0.05,1.331604
1871,double_dqn,1,56.7212,11.58,18563,cpu,30,259,306.12,0.05,0.575291
1872,double_dqn,1,56.742,11.56,18563,cpu,6,59,54.28,0.05,0.184611
1873,double_dqn,1,56.7465,11.24,18563,cpu,2,13,10.9,0.05,1.578842
1874,double_dqn,1,56.7845,11.42,18563,cpu,12,108,116.75,0.05,0.959096
1875,double_dqn,1,56.7985,11.22,18563,cpu,3,40,22.84,0.05,1.928519
1876,double_dqn,1,56.834,11.0,18563,cpu,14,99,137.16,0.05,0.896353
1877,double_dqn,1,56.8626,11.08,18563,cpu,10,81,94.9,0.05,1.642737
1878,double_dqn,1,56.9063,11.28,18563,cpu,15,123,148.43,0.05,1.143928
1879,double_dqn,1,56.9565,11.3,18563,cpu,16,142,159.45,0.05,1.332663
1880,double_dqn,1,56.9624,11.14,18563,cpu,1,17,0.95,0.05,0.83262
1881,double_dqn,1,56.9878,11.34,18563,cpu,11,72,104.4,0.05,1.207471
1882,double_dqn,1,57.0272,11.26,18563,cpu,16,112,157.75,0.05,0.872845
1883,double_dqn,1,57.0416,11.24,18563,cpu,7,41,62.77,0.05,0.091497
1884,double_dqn,1,57.0894,11.42,18563,cpu,18,135,179.44,0.05,0.872525
1885,double_dqn,1,57.125,11.34,18563,cpu,13,100,126.74,0.05,1.291896
1886,double_dqn,1,57.1396,11.32,18563,cpu,6,41,51.86,0.05,1.498213
1887,double_dqn,1,57.1816,11.48,18563,cpu,16,117,157.6,0.05,1.385119
1888,double_dqn,1,57.197,11.4,18563,cpu,5,43,42.53,0.05,1.366113
1889,double_dqn,1,57.251,11.6,18563,cpu,18,151,180.88,0.05,0.763937
1890,double_dqn,1,57.2748,11.7,18563,cpu,9,66,84.64,0.05,0.7124
1891,double_dqn,1,57.2943,11.54,18563,cpu,7,55,63.03,0.05,1.0911
1892,double_dqn,1,57.2973,11.38,18563,cpu,0,8,-9.37,0.05,1.281221
1893,double_dqn,1,57.3636,11.6,18563,cpu,21,186,210.76,0.05,1.932312
1894,double_dqn,1,57.3906,11.52,18563,cpu,10,76,94.25,0.05,0.590014
1895,double_dqn,1,57.425,11.34,18563,cpu,9,97,84.83,0.05,1.001802
1896,double_dqn,1,57.4704,11.34,18563,cpu,15,128,149.48,0.05,0.617018
1897,double_dqn,1,57.4803,11.26,18563,cpu,5,28,41.38,0.05,1.206935
1898,double_dqn,1,57.5101,11.3,18563,cpu,9,84,85.86,0.05,1.553865
1899,double_dqn,1,57.5392,11.3,18563,cpu,12,82,114.21,0.05,1.365057
1900,double_dqn,1,57.553,11.3,18563,cpu,6,39,52.88,0.05,1.642785
1901,double_dqn,1,57.5649,11.28,18563,cpu,5,33,42.23,0.05,0.966195
1902,double_dqn,1,57.5769,11.06,18563,cpu,3,34,22.1,0.05,1.206088
1903,double_dqn,1,57.6252,11.08,18563,cpu,16,136,160.51,0.05,1.125524
1904,double_dqn,1,57.694,11.5,18563,cpu,26,192,259.05,0.05,1.453778
1905,double_dqn,1,57.7213,11.44,18563,cpu,9,76,84.34,0.05,0.983593
1906,double_dqn,1,57.7482,11.48,18563,cpu,11,76,104.56,0.05,1.022054
1907,double_dqn,1,57.797,11.78,18563,cpu,20,136,196.95,0.05,0.858695
1908,double_dqn,1,57.8415,11.7,18563,cpu,19,123,188.87,0.05,0.729069
1909,double_dqn,1,57.8865,11.76,18563,cpu,13,125,126.39,0.05,0.589598
1910,double_dqn,1,57.9214,11.64,18563,cpu,14,97,136.78,0.05,0.782838
1911,double_dqn,1,57.9571,11.56,18563,cpu,12,100,117.23,0.05,1.272831
1912,double_dqn,1,57.9613,11.06,18563,cpu,2,12,10.81,0.05,1.292755
1913,double_dqn,1,57.9768,11.08,18563,cpu,8,43,72.06,0.05,1.116895
1914,double_dqn,1,58.0181,11.1,18563,cpu,13,116,127.78,0.05,1.424367
1915,double_dqn,1,58.0294,11.04,18563,cpu,6,32,52.25,0.05,1.182046
1916,double_dqn,1,58.0526,11.18,18563,cpu,9,65,84.95,0.05,1.115971
1917,double_dqn,1,58.0851,11.14,18563,cpu,12,92,115.71,0.05,1.99469
1918,double_dqn,1,58.1274,11.18,18563,cpu,14,119,138.56,0.05,1.040896
1919,double_dqn,1,58.1735,11.22,18563,cpu,18,129,179.1,0.05,1.366434
1920,double_dqn,1,58.2023,11.24,18563,cpu,10,81,95.5,0.05,0.43118
1921,double_dqn,1,58.2463,10.9,18563,cpu,13,124,129.5,0.05,1.698657
1922,double_dqn,1,58.2651,10.88,18563,cpu,5,53,44.23,0.05,1.550017
1923,double_dqn,1,58.2938,11.08,18563,cpu,12,81,116.12,0.05,1.035478
1924,double_dqn,1,58.3625,11.28,18563,cpu,22,193,219.7,0.05,1.709775
1925,double_dqn,1,58.3899,11.38,18563,cpu,8,78,75.81,0.05,0.917536
1926,double_dqn,1,58.4028,11.2,18563,cpu,5,36,42.7,0.05,1.502621
1927,double_dqn,1,58.4274,11.18,18563,cpu,9,69,84.71,0.05,1.876087
1928,double_dqn,1,58.4532,11.1,18563,cpu,11,73,104.89,0.05,1.223593
1929,double_dqn,1,58.4766,10.98,18563,cpu,10,66,94.55,0.05,1.989532
1930,double_dqn,1,58.492,11.1,18563,cpu,7,43,63.15,0.05,2.263918
1931,double_dqn,1,58.5133,11.02,18563,cpu,7,60,64.28,0.05,1.991421
1932,double_dqn,1,58.5422,10.86,18563,cpu,8,82,75.57,0.05,0.878928
1933,double_dqn,1,58.5776,11.02,18563,cpu,15,100,145.96,0.05,0.94174
1934,double_dqn,1,58.5968,10.78,18563,cpu,6,54,53.43,0.05,0.704938
1935,double_dqn,1,58.6452,10.78,18563,cpu,13,137,128.07,0.05,1.198521
1936,double_dqn,1,58.6582,10.78,18563,cpu,6,37,52.3,0.05,0.419702
1937,double_dqn,1,58.7143,10.84,18563,cpu,19,158,187.62,0.05,1.037515
1938,double_dqn,1,58.7337,10.86,18563,cpu,6,55,54.32,0.05,0.657064
1939,double_dqn,1,58.75,10.64,18563,cpu,7,46,62.82,0.05,1.026868
1940,double_dqn,1,58.7993,10.7,18563,cpu,12,140,115.63,0.05,1.596516
1941,double_dqn,1,58.8075,10.64,18563,cpu,4,23,31.62,0.05,0.752008
1942,double_dqn,1,58.8178,10.72,18563,cpu,4,29,32.16,0.05,0.487971
1943,double_dqn,1,58.8334,10.44,18563,cpu,7,44,62.84,0.05,1.16158
1944,double_dqn,1,58.8583,10.44,18563,cpu,10,70,95.11,0.05,2.118069
1945,double_dqn,1,58.8969,10.58,18563,cpu,16,109,156.88,0.05,1.266344
1946,double_dqn,1,58.9264,10.48,18563,cpu,10,83,94.88,0.05,0.426925
1947,double_dqn,1,58.9526,10.52,18563,cpu,7,74,64.94,0.05,0.986718
1948,double_dqn,1,59.0231,10.8,18563,cpu,23,198,231.26,0.05,0.995319
1949,double_dqn,1,59.0631,10.78,18563,cpu,11,113,105.49,0.05,0.689443
1950,double_dqn,1,59.124,11.06,18563,cpu,20,171,201.9,0.05,0.819297
1951,double_dqn,1,59.1835,11.36,18563,cpu,20,167,199.94,0.05,1.561924
1952,double_dqn,1,59.1889,11.34,18563,cpu,2,15,11.08,0.05,1.009357
1953,double_dqn,1,59.2081,11.2,18563,cpu,9,54,82.76,0.05,1.053137
1954,double_dqn,1,59.2579,11.06,18563,cpu,19,140,189.8,0.05,1.419218
1955,double_dqn,1,59.2681,10.92,18563,cpu,2,29,12.14,0.05,1.122953
1956,double_dqn,1,59.2932,10.94,18563,cpu,12,71,115.02,0.05,1.043027
1957,double_dqn,1,59.3103,10.68,18563,cpu,7,48,63.2,0.05,1.168795
1958,double_dqn,1,59.3174,10.34,18563,cpu,2,20,11.33,0.05,0.99798
1959,double_dqn,1,59.365,10.46,18563,cpu,19,134,189.26,0.05,1.03987
1960,double_dqn,1,59.3828,10.38,18563,cpu,10,50,93.51,0.05,0.435109
1961,double_dqn,1,59.43,10.46,18563,cpu,16,134,158.93,0.05,1.116096
1962,double_dqn,1,59.4879,10.76,18563,cpu,17,164,169.54,0.05,1.547602
1963,double_dqn,1,59.525,10.82,18563,cpu,11,105,107.17,0.05,0.830801
1964,double_dqn,1,59.539,10.62,18563,cpu,3,40,23.04,0.05,1.011619
1965,double_dqn,1,59.5798,10.74,18563,cpu,12,116,118.07,0.05,1.460424
1966,double_dqn,1,59.6025,10.7,18563,cpu,7,64,64.84,0.05,0.323085
1967,double_dqn,1,59.6448,10.76,18563,cpu,15,119,146.47,0.05,1.485564
1968,double_dqn,1,59.7242,10.98,18563,cpu,25,225,254.51,0.05,1.157253
1969,double_dqn,1,59.7472,10.84,18563,cpu,11,65,104.57,0.05,0.889851
1970,double_dqn,1,59.8122,11.1,18563,cpu,23,184,229.4,0.05,2.142759
1971,double_dqn,1,59.8449,11.06,18563,cpu,11,93,104.89,0.05,0.873628
1972,double_dqn,1,59.8806,11.2,18563,cpu,12,100,117.23,0.05,1.467883
1973,double_dqn,1,59.9176,11.24,18563,cpu,14,104,136.61,0.05,1.069757
1974,double_dqn,1,59.9443,10.96,18563,cpu,8,75,75.34,0.05,0.762495
1975,double_dqn,1,59.963,10.96,18563,cpu,8,53,73.56,0.05,1.469279
1976,double_dqn,1,59.9722,10.9,18563,cpu,2,26,12.07,0.05,0.893122
1977,double_dqn,1,60.0345,11.16,18563,cpu,22,176,220.97,0.05,0.865002
1978,double_dqn,1,60.0663,11.24,18563,cpu,15,90,146.06,0.05,0.404548
1979,double_dqn,1,60.0748,11.12,18563,cpu,4,24,31.11,0.05,0.936621
1980,double_dqn,1,60.091,11.12,18563,cpu,7,46,63.22,0.05,0.848067
1981,double_dqn,1,60.1087,11.1,18563,cpu,6,50,53.47,0.05,0.673634
1982,double_dqn,1,60.1447,11.22,18563,cpu,14,102,136.63,0.05,1.871228
1983,double_dqn,1,60.1515,10.96,18563,cpu,2,19,11.44,0.05,1.546144
1984,double_dqn,1,60.2015,11.12,18563,cpu,14,142,139.23,0.05,1.45576
1985,double_dqn,1,60.2873,11.3,18563,cpu,22,243,225.0,0.05,0.889452
1986,double_dqn,1,60.307,11.34,18563,cpu,8,56,73.83,0.05,1.296471
1987,double_dqn,1,60.3552,11.3,18563,cpu,17,137,168.71,0.05,1.489818
1988,double_dqn,1,60.3841,11.36,18563,cpu,9,82,85.88,0.05,1.605929
1989,double_dqn,1,60.4643,11.72,18563,cpu,25,227,250.49,0.05,1.988097
1990,double_dqn,1,60.5096,11.82,18563,cpu,17,126,167.32,0.05,1.766262
1991,double_dqn,1,60.5234,11.84,18563,cpu,5,38,42.68,0.05,0.861412
1992,double_dqn,1,60.5916,12.22,18563,cpu,23,191,233.63,0.05,1.057959
1993,double_dqn,1,60.6622,12.58,18563,cpu,25,198,254.08,0.05,1.515371
1994,double_dqn,1,60.6729,12.46,18563,cpu,4,30,32.05,0.05,1.245574
1995,double_dqn,1,60.7004,12.32,18563,cpu,9,77,83.83,0.05,1.123602
1996,double_dqn,1,60.7325,12.32,18563,cpu,10,90,94.31,0.05,1.145776
1997,double_dqn,1,60.7599,12.36,18563,cpu,9,78,84.32,0.05,1.449425
1998,double_dqn,1,60.7893,12.16,18563,cpu,13,83,126.01,0.05,1.678817
1999,double_dqn,1,60.8297,12.2,18563,cpu,13,112,127.22,0.05,1.386595
2000,double_dqn,1,60.8444,11.92,18563,cpu,6,41,52.86,0.05,0.855029
