episode,model,seed,elapsed_seconds,moving_avg_score,model_size,device,score,steps,reward,epsilon,loss
1,dqn,2,0.0002,0.0,18563,cpu,0,14,-10.63,0.99734,0.0
2,dqn,2,0.0004,0.0,18563,cpu,0,12,-10.21,0.99506,0.0
3,dqn,2,0.0009,0.0,18563,cpu,0,43,-10.62,0.98689,0.0
4,dqn,2,0.0029,0.0,18563,cpu,0,33,-10.12,0.98062,0.596186
5,dqn,2,0.011,0.0,18563,cpu,0,11,-10.9,0.97853,0.294451
6,dqn,2,0.0386,0.1667,18563,cpu,1,62,0.0,0.96675,0.002344
7,dqn,2,0.0413,0.1429,18563,cpu,0,7,-10.06,0.96542,0.193016
8,dqn,2,0.0471,0.125,18563,cpu,0,15,-10.54,0.96257,0.211068
9,dqn,2,0.0541,0.2222,18563,cpu,1,16,-0.54,0.95953,0.055351
10,dqn,2,0.0606,0.2,18563,cpu,0,17,-9.56,0.9563,0.784295
11,dqn,2,0.0635,0.2727,18563,cpu,1,7,-0.35,0.95497,0.329635
12,dqn,2,0.073,0.25,18563,cpu,0,23,-10.62,0.9506,0.740574
13,dqn,2,0.079,0.2308,18563,cpu,0,16,-10.05,0.94756,0.629022
14,dqn,2,0.0831,0.2143,18563,cpu,0,11,-9.5,0.94547,0.56854
15,dqn,2,0.0918,0.2,18563,cpu,0,20,-10.69,0.94167,0.018299
16,dqn,2,0.1087,0.25,18563,cpu,1,35,0.37,0.93502,0.009076
17,dqn,2,0.1244,0.2941,18563,cpu,1,34,-0.32,0.92856,0.234665
18,dqn,2,0.1323,0.2778,18563,cpu,0,19,-10.58,0.92495,0.256151
19,dqn,2,0.1374,0.2632,18563,cpu,0,13,-10.52,0.92248,0.491988
20,dqn,2,0.1463,0.25,18563,cpu,0,22,-10.31,0.9183,0.005729
21,dqn,2,0.1504,0.2381,18563,cpu,0,11,-10.5,0.91621,0.563679
22,dqn,2,0.1557,0.2273,18563,cpu,0,12,-10.41,0.91393,0.55725
23,dqn,2,0.1605,0.2174,18563,cpu,0,13,-10.92,0.91146,0.140198
24,dqn,2,0.1633,0.2083,18563,cpu,0,5,-10.44,0.91051,0.103775
25,dqn,2,0.1685,0.2,18563,cpu,0,14,-10.03,0.90785,0.264903
26,dqn,2,0.1772,0.1923,18563,cpu,0,19,-9.78,0.90424,0.11572
27,dqn,2,0.1912,0.2222,18563,cpu,1,33,0.19,0.89797,0.289082
28,dqn,2,0.1947,0.2143,18563,cpu,0,8,-9.77,0.89645,0.33421
29,dqn,2,0.2004,0.2069,18563,cpu,0,14,-10.63,0.89379,0.281785
30,dqn,2,0.2068,0.2,18563,cpu,0,14,-10.63,0.89113,0.010146
31,dqn,2,0.2126,0.2258,18563,cpu,1,12,0.3,0.88885,0.017176
32,dqn,2,0.2216,0.2188,18563,cpu,0,22,-10.51,0.88467,0.031471
33,dqn,2,0.2291,0.2121,18563,cpu,0,17,-10.36,0.88144,0.024093
34,dqn,2,0.238,0.2059,18563,cpu,0,20,-10.09,0.87764,0.289028
35,dqn,2,0.2415,0.2,18563,cpu,0,9,-10.48,0.87593,0.055261
36,dqn,2,0.2446,0.2222,18563,cpu,1,7,0.25,0.8746,0.015077
37,dqn,2,0.2516,0.2162,18563,cpu,0,19,-10.38,0.87099,0.266802
38,dqn,2,0.2545,0.2105,18563,cpu,0,6,-10.55,0.86985,0.016443
39,dqn,2,0.2577,0.2051,18563,cpu,0,9,-10.88,0.86814,0.543259
40,dqn,2,0.2651,0.2,18563,cpu,0,16,-10.25,0.8651,0.031459
41,dqn,2,0.2813,0.2195,18563,cpu,1,40,0.02,0.8575,0.019288
42,dqn,2,0.2853,0.2143,18563,cpu,0,11,-10.3,0.85541,0.301288
43,dqn,2,0.2986,0.2326,18563,cpu,1,32,-0.9,0.84933,0.278069
44,dqn,2,0.3042,0.2273,18563,cpu,0,14,-10.23,0.84667,0.282415
45,dqn,2,0.3307,0.2444,18563,cpu,1,67,-0.15,0.83394,0.294414
46,dqn,2,0.3421,0.2391,18563,cpu,0,29,-10.48,0.82843,0.0116
47,dqn,2,0.3462,0.234,18563,cpu,0,9,-10.28,0.82672,0.009469
48,dqn,2,0.3634,0.2292,18563,cpu,0,44,-10.93,0.81836,0.014264
49,dqn,2,0.3675,0.2245,18563,cpu,0,11,-10.3,0.81627,0.555676
50,dqn,2,0.3741,0.24,18563,cpu,1,16,0.06,0.81323,0.294111
51,dqn,2,0.3934,0.28,18563,cpu,2,49,9.54,0.80392,0.018488
52,dqn,2,0.398,0.28,18563,cpu,0,11,-10.5,0.80183,0.25252
53,dqn,2,0.4005,0.28,18563,cpu,0,7,-10.06,0.8005,0.018821
54,dqn,2,0.4076,0.28,18563,cpu,0,18,-10.47,0.79708,0.035291
55,dqn,2,0.4108,0.28,18563,cpu,0,8,-10.57,0.79556,0.02619
56,dqn,2,0.4213,0.28,18563,cpu,1,27,0.05,0.79043,0.243126
57,dqn,2,0.4283,0.3,18563,cpu,1,18,-0.36,0.78701,0.012752
58,dqn,2,0.4317,0.3,18563,cpu,0,9,-10.08,0.7853,0.02323
59,dqn,2,0.4518,0.3,18563,cpu,1,53,-0.41,0.77523,0.048488
60,dqn,2,0.4572,0.3,18563,cpu,0,13,-10.32,0.77276,0.57406
61,dqn,2,0.4619,0.28,18563,cpu,0,12,-10.01,0.77048,0.292623
62,dqn,2,0.4667,0.28,18563,cpu,0,13,-10.32,0.76801,0.017627
63,dqn,2,0.4705,0.3,18563,cpu,1,9,-0.17,0.7663,0.263055
64,dqn,2,0.4747,0.3,18563,cpu,0,11,-9.7,0.76421,0.026634
65,dqn,2,0.4836,0.32,18563,cpu,1,23,-0.91,0.75984,0.011824
66,dqn,2,0.4866,0.3,18563,cpu,0,8,-10.17,0.75832,0.82513
67,dqn,2,0.4931,0.28,18563,cpu,0,18,-10.47,0.7549,0.043991
68,dqn,2,0.5027,0.28,18563,cpu,0,27,-10.46,0.74977,0.017421
69,dqn,2,0.5209,0.32,18563,cpu,2,51,9.92,0.74008,0.527737
70,dqn,2,0.5267,0.34,18563,cpu,1,16,0.26,0.73704,0.557413
71,dqn,2,0.53,0.34,18563,cpu,0,9,-10.48,0.73533,0.018895
72,dqn,2,0.5423,0.36,18563,cpu,1,34,-0.12,0.72887,0.038392
73,dqn,2,0.5552,0.36,18563,cpu,0,36,-10.65,0.72203,0.023728
74,dqn,2,0.5614,0.38,18563,cpu,1,17,0.35,0.7188,0.03133
75,dqn,2,0.565,0.38,18563,cpu,0,10,-9.79,0.7169,0.025288
76,dqn,2,0.5928,0.38,18563,cpu,0,78,-10.27,0.70208,0.025237
77,dqn,2,0.6055,0.4,18563,cpu,2,35,9.68,0.69543,0.296695
78,dqn,2,0.6106,0.4,18563,cpu,0,14,-9.83,0.69277,0.585083
79,dqn,2,0.6265,0.44,18563,cpu,2,44,10.49,0.68441,0.280653
80,dqn,2,0.6349,0.44,18563,cpu,0,23,-10.02,0.68004,0.009863
81,dqn,2,0.6547,0.46,18563,cpu,2,55,10.28,0.66959,0.242934
82,dqn,2,0.6591,0.5,18563,cpu,2,12,10.41,0.66731,0.301781
83,dqn,2,0.6706,0.5,18563,cpu,0,33,-10.52,0.66104,0.023032
84,dqn,2,0.6943,0.52,18563,cpu,1,67,-0.55,0.64831,0.304597
85,dqn,2,0.6971,0.52,18563,cpu,0,8,-10.17,0.64679,0.038834
86,dqn,2,0.7108,0.54,18563,cpu,2,38,10.75,0.63957,0.041786
87,dqn,2,0.7209,0.58,18563,cpu,2,28,10.85,0.63425,0.01656
88,dqn,2,0.7377,0.64,18563,cpu,3,47,20.07,0.62532,0.294167
89,dqn,2,0.747,0.64,18563,cpu,0,26,-10.55,0.62038,0.634977
90,dqn,2,0.7496,0.66,18563,cpu,1,7,0.45,0.61905,0.381042
91,dqn,2,0.757,0.64,18563,cpu,0,21,-10.0,0.61506,0.344563
92,dqn,2,0.7792,0.68,18563,cpu,2,62,9.91,0.60328,1.131584
93,dqn,2,0.7872,0.68,18563,cpu,1,22,0.6,0.5991,0.250781
94,dqn,2,0.7918,0.68,18563,cpu,0,13,-9.72,0.59663,0.562963
95,dqn,2,0.7956,0.68,18563,cpu,1,10,0.52,0.59473,0.282272
96,dqn,2,0.8005,0.68,18563,cpu,0,14,-9.63,0.59207,0.313632
97,dqn,2,0.8061,0.72,18563,cpu,2,15,10.68,0.58922,0.059494
98,dqn,2,0.8343,0.76,18563,cpu,2,78,10.35,0.5744,0.549902
99,dqn,2,0.837,0.76,18563,cpu,0,7,-9.86,0.57307,0.014469
100,dqn,2,0.8439,0.76,18563,cpu,1,19,0.73,0.56946,0.042509
101,dqn,2,0.8535,0.74,18563,cpu,1,26,0.36,0.56452,0.529407
102,dqn,2,0.8642,0.78,18563,cpu,2,30,10.63,0.55882,0.236272
103,dqn,2,0.8679,0.78,18563,cpu,0,10,-9.79,0.55692,0.264804
104,dqn,2,0.8902,0.84,18563,cpu,3,61,21.13,0.54533,1.074034
105,dqn,2,0.8964,0.84,18563,cpu,0,17,-10.16,0.5421,0.292624
106,dqn,2,0.9203,0.88,18563,cpu,3,67,22.27,0.52937,0.314611
107,dqn,2,0.9252,0.86,18563,cpu,0,14,-9.63,0.52671,0.018537
108,dqn,2,0.9465,0.92,18563,cpu,3,59,21.55,0.5155,0.522165
109,dqn,2,0.9578,0.96,18563,cpu,3,31,21.23,0.50961,0.030729
110,dqn,2,0.9813,1.02,18563,cpu,3,63,21.51,0.49764,0.017109
111,dqn,2,0.9989,1.08,18563,cpu,3,48,21.56,0.48852,0.009329
112,dqn,2,1.008,1.1,18563,cpu,1,25,0.47,0.48377,0.03265
113,dqn,2,1.0175,1.12,18563,cpu,2,26,10.47,0.47883,0.048031
114,dqn,2,1.0234,1.16,18563,cpu,2,16,10.57,0.47579,0.503053
115,dqn,2,1.0391,1.22,18563,cpu,4,43,32.62,0.46762,0.629139
116,dqn,2,1.0516,1.26,18563,cpu,2,35,10.68,0.46097,0.593802
117,dqn,2,1.0623,1.3,18563,cpu,2,30,10.43,0.45527,0.571975
118,dqn,2,1.0961,1.38,18563,cpu,4,94,31.41,0.43741,0.312727
119,dqn,2,1.0996,1.38,18563,cpu,2,10,10.63,0.43551,0.055293
120,dqn,2,1.1026,1.36,18563,cpu,0,8,-9.37,0.43399,0.273151
121,dqn,2,1.109,1.36,18563,cpu,0,18,-9.67,0.43057,0.035618
122,dqn,2,1.1145,1.34,18563,cpu,0,15,-9.54,0.42772,0.477508
123,dqn,2,1.1218,1.4,18563,cpu,3,20,20.64,0.42392,0.33006
124,dqn,2,1.1371,1.44,18563,cpu,3,42,22.02,0.41594,0.051337
125,dqn,2,1.1536,1.52,18563,cpu,4,46,31.89,0.4072,0.317096
126,dqn,2,1.1708,1.64,18563,cpu,6,47,52.6,0.39827,0.59661
127,dqn,2,1.1826,1.68,18563,cpu,4,32,31.83,0.39219,0.053674
128,dqn,2,1.2042,1.76,18563,cpu,4,59,31.46,0.38098,0.575124
129,dqn,2,1.2122,1.74,18563,cpu,1,22,0.8,0.3768,0.042586
130,dqn,2,1.2319,1.78,18563,cpu,2,55,11.08,0.36635,0.063426
131,dqn,2,1.2553,1.84,18563,cpu,5,64,42.62,0.35419,0.278298
132,dqn,2,1.2606,1.82,18563,cpu,1,15,0.37,0.35134,0.662596
133,dqn,2,1.2735,1.86,18563,cpu,2,35,11.68,0.34469,1.347672
134,dqn,2,1.2853,1.92,18563,cpu,4,32,31.23,0.33861,0.32328
135,dqn,2,1.2923,1.96,18563,cpu,2,19,11.44,0.335,0.389334
136,dqn,2,1.3015,1.98,18563,cpu,3,24,21.6,0.33044,0.322471
137,dqn,2,1.316,2.02,18563,cpu,4,40,31.35,0.32284,0.034898
138,dqn,2,1.3226,2.0,18563,cpu,2,18,10.75,0.31942,1.123128
139,dqn,2,1.3358,2.04,18563,cpu,2,36,11.37,0.31258,0.494517
140,dqn,2,1.3646,2.12,18563,cpu,5,79,42.57,0.29757,0.506735
141,dqn,2,1.3688,2.12,18563,cpu,0,11,-9.9,0.29548,0.734259
142,dqn,2,1.3929,2.2,18563,cpu,6,65,53.02,0.28313,0.054137
143,dqn,2,1.4074,2.22,18563,cpu,2,39,12.04,0.27572,0.315092
144,dqn,2,1.4176,2.3,18563,cpu,4,27,31.18,0.27059,0.945637
145,dqn,2,1.4263,2.34,18563,cpu,3,24,21.0,0.26603,0.327336
146,dqn,2,1.4314,2.36,18563,cpu,1,14,0.08,0.26337,0.50056
147,dqn,2,1.4404,2.36,18563,cpu,2,24,10.89,0.25881,0.296154
148,dqn,2,1.4507,2.36,18563,cpu,2,28,11.05,0.25349,0.66307
149,dqn,2,1.4717,2.5,18563,cpu,7,56,62.92,0.24285,0.03722
150,dqn,2,1.4864,2.6,18563,cpu,6,39,52.28,0.23544,0.299728
151,dqn,2,1.4958,2.64,18563,cpu,3,25,21.09,0.23069,0.293507
152,dqn,2,1.5158,2.7,18563,cpu,5,55,43.21,0.22024,0.927033
153,dqn,2,1.5251,2.78,18563,cpu,4,25,31.8,0.21549,0.589718
154,dqn,2,1.5341,2.78,18563,cpu,3,24,20.8,0.21093,0.730431
155,dqn,2,1.5413,2.8,18563,cpu,1,19,0.13,0.20732,0.038253
156,dqn,2,1.548,2.82,18563,cpu,4,18,31.17,0.2039,0.789433
157,dqn,2,1.566,2.94,18563,cpu,6,49,53.18,0.19459,0.073076
158,dqn,2,1.597,3.04,18563,cpu,8,83,74.86,0.17882,0.33355
159,dqn,2,1.6209,3.16,18563,cpu,9,64,83.26,0.16666,0.637763
160,dqn,2,1.6259,3.14,18563,cpu,2,13,9.9,0.16419,0.53327
161,dqn,2,1.6362,3.16,18563,cpu,4,27,31.38,0.15906,0.709666
162,dqn,2,1.6843,3.42,18563,cpu,14,130,136.15,0.13436,0.517942
163,dqn,2,1.7042,3.48,18563,cpu,5,54,42.32,0.1241,0.293753
164,dqn,2,1.7074,3.44,18563,cpu,0,9,-9.28,0.12239,0.110085
165,dqn,2,1.7628,3.72,18563,cpu,18,150,179.19,0.09389,1.083959
166,dqn,2,1.7906,3.84,18563,cpu,8,75,74.54,0.07964,0.863706
167,dqn,2,1.8082,3.92,18563,cpu,6,47,53.2,0.07071,0.587628
168,dqn,2,1.814,3.88,18563,cpu,2,16,10.57,0.06767,0.066631
169,dqn,2,1.8569,4.1,18563,cpu,13,115,127.49,0.05,0.514245
170,dqn,2,1.9465,4.64,18563,cpu,27,238,271.7,0.05,0.063012
171,dqn,2,1.9687,4.76,18563,cpu,6,58,52.79,0.05,0.58962
172,dqn,2,2.0375,5.14,18563,cpu,19,182,188.98,0.05,0.104506
173,dqn,2,2.0721,5.3,18563,cpu,11,94,105.98,0.05,0.714197
174,dqn,2,2.1038,5.54,18563,cpu,15,86,145.3,0.05,0.11384
175,dqn,2,2.1319,5.64,18563,cpu,9,76,85.54,0.05,0.859546
176,dqn,2,2.1534,5.78,18563,cpu,13,58,123.16,0.05,1.204305
177,dqn,2,2.1816,5.9,18563,cpu,10,77,95.34,0.05,0.787071
178,dqn,2,2.2058,5.98,18563,cpu,8,65,74.44,0.05,0.362342
179,dqn,2,2.2494,6.26,18563,cpu,15,117,148.09,0.05,1.022987
180,dqn,2,2.2531,6.28,18563,cpu,3,10,20.54,0.05,1.081669
181,dqn,2,2.2972,6.44,18563,cpu,13,116,127.38,0.05,1.698635
182,dqn,2,2.367,6.84,18563,cpu,21,186,211.16,0.05,0.712405
183,dqn,2,2.384,6.9,18563,cpu,5,46,42.0,0.05,1.102167
184,dqn,2,2.4124,7.0,18563,cpu,9,76,85.94,0.05,0.70121
185,dqn,2,2.4284,7.06,18563,cpu,5,43,42.93,0.05,0.680292
186,dqn,2,2.4884,7.36,18563,cpu,18,161,179.18,0.05,0.623834
187,dqn,2,2.5444,7.64,18563,cpu,18,150,177.19,0.05,1.103914
188,dqn,2,2.5604,7.7,18563,cpu,5,43,42.93,0.05,0.513147
189,dqn,2,2.5972,7.9,18563,cpu,12,99,116.14,0.05,1.258496
190,dqn,2,2.651,8.18,18563,cpu,19,142,189.38,0.05,0.903923
191,dqn,2,2.674,8.38,18563,cpu,10,61,94.3,0.05,1.177929
192,dqn,2,2.7265,8.58,18563,cpu,16,143,159.14,0.05,0.779392
193,dqn,2,2.7554,8.78,18563,cpu,12,78,115.45,0.05,1.133147
194,dqn,2,2.8259,9.18,18563,cpu,24,190,242.25,0.05,1.010618
195,dqn,2,2.8583,9.36,18563,cpu,12,88,115.95,0.05,0.629258
196,dqn,2,2.9422,9.72,18563,cpu,19,224,192.16,0.05,0.846792
197,dqn,2,3.0471,10.16,18563,cpu,24,265,241.0,0.05,0.983944
198,dqn,2,3.0712,10.28,18563,cpu,8,61,73.48,0.05,0.583157
199,dqn,2,3.0985,10.28,18563,cpu,7,69,64.29,0.05,1.228949
200,dqn,2,3.1522,10.42,18563,cpu,13,137,126.67,0.05,0.418094
201,dqn,2,3.2055,10.68,18563,cpu,16,134,157.93,0.05,0.576286
202,dqn,2,3.2354,10.78,18563,cpu,10,75,94.56,0.05,0.886934
203,dqn,2,3.2979,11.14,18563,cpu,22,158,219.15,0.05,0.813205
204,dqn,2,3.318,11.24,18563,cpu,8,51,73.58,0.05,0.996963
205,dqn,2,3.356,11.48,18563,cpu,13,97,126.47,0.05,0.651066
206,dqn,2,3.3794,11.56,18563,cpu,8,59,73.3,0.05,0.303635
207,dqn,2,3.4445,11.84,18563,cpu,20,166,201.65,0.05,1.518465
208,dqn,2,3.4725,11.92,18563,cpu,12,71,113.22,0.05,0.761604
209,dqn,2,3.4956,11.88,18563,cpu,7,60,64.28,0.05,0.861654
210,dqn,2,3.5692,12.26,18563,cpu,21,189,211.03,0.05,0.552251
211,dqn,2,3.5915,12.34,18563,cpu,8,58,73.41,0.05,1.193136
212,dqn,2,3.6283,12.26,18563,cpu,10,95,96.56,0.05,0.398427
213,dqn,2,3.6416,12.3,18563,cpu,7,34,62.34,0.05,1.244723
214,dqn,2,3.6829,12.54,18563,cpu,12,106,115.77,0.05,1.086084
215,dqn,2,3.7485,12.56,18563,cpu,19,168,190.32,0.05,1.151564
216,dqn,2,3.7608,12.46,18563,cpu,3,32,22.32,0.05,0.85497
217,dqn,2,3.7947,12.56,18563,cpu,11,88,106.04,0.05,0.843029
218,dqn,2,3.7983,12.56,18563,cpu,2,9,10.54,0.05,0.731956
219,dqn,2,3.8397,12.54,18563,cpu,12,106,118.17,0.05,0.604178
220,dqn,2,3.8663,12.16,18563,cpu,8,68,74.51,0.05,1.119299
221,dqn,2,3.9049,12.32,18563,cpu,14,99,136.76,0.05,0.519164
222,dqn,2,3.9148,12.0,18563,cpu,3,26,21.18,0.05,0.937487
223,dqn,2,3.9225,11.86,18563,cpu,4,20,31.35,0.05,0.646778
224,dqn,2,3.9628,11.82,18563,cpu,13,103,127.01,0.05,0.602321
225,dqn,2,3.968,11.66,18563,cpu,1,13,0.99,0.05,1.80974
226,dqn,2,4.0449,11.78,18563,cpu,19,194,191.26,0.05,0.55519
227,dqn,2,4.0549,11.64,18563,cpu,3,25,21.49,0.05,0.664159
228,dqn,2,4.0995,11.82,18563,cpu,17,112,166.46,0.05,0.556905
229,dqn,2,4.1353,11.76,18563,cpu,12,90,116.93,0.05,0.737894
230,dqn,2,4.1713,11.9,18563,cpu,10,91,97.0,0.05,0.675452
231,dqn,2,4.2546,12.1,18563,cpu,23,212,230.72,0.05,0.820401
232,dqn,2,4.2932,11.92,18563,cpu,12,100,116.63,0.05,1.134194
233,dqn,2,4.3411,12.12,18563,cpu,15,126,146.5,0.05,0.994282
234,dqn,2,4.3787,12.22,18563,cpu,14,98,134.87,0.05,0.602325
235,dqn,2,4.4134,12.36,18563,cpu,12,91,116.62,0.05,0.098511
236,dqn,2,4.5014,12.5,18563,cpu,25,230,251.36,0.05,2.062006
237,dqn,2,4.55,12.5,18563,cpu,18,127,178.92,0.05,0.581876
238,dqn,2,4.5579,12.48,18563,cpu,4,21,31.24,0.05,0.899251
239,dqn,2,4.569,12.34,18563,cpu,5,29,42.07,0.05,1.034003
240,dqn,2,4.5833,12.06,18563,cpu,5,37,42.59,0.05,0.47044
241,dqn,2,4.602,11.96,18563,cpu,5,50,42.96,0.05,0.684778
242,dqn,2,4.6887,12.14,18563,cpu,25,225,252.51,0.05,1.194024
243,dqn,2,4.7217,12.16,18563,cpu,13,87,125.57,0.05,0.614479
244,dqn,2,4.7466,11.92,18563,cpu,12,65,113.68,0.05,0.691558
245,dqn,2,4.7738,11.84,18563,cpu,8,71,75.18,0.05,0.287064
246,dqn,2,4.824,11.76,18563,cpu,15,133,147.53,0.05,0.804374
247,dqn,2,4.8378,11.4,18563,cpu,6,36,52.41,0.05,1.10566
248,dqn,2,4.8996,11.68,18563,cpu,22,163,220.8,0.05,1.335747
249,dqn,2,4.9671,12.0,18563,cpu,23,179,233.55,0.05,1.071759
250,dqn,2,4.9761,11.82,18563,cpu,4,23,31.62,0.05,0.401148
251,dqn,2,4.989,11.58,18563,cpu,4,34,31.81,0.05,0.891097
252,dqn,2,5.0284,11.66,18563,cpu,14,105,136.5,0.05,2.674941
253,dqn,2,5.0373,11.28,18563,cpu,3,24,21.6,0.05,1.768169
254,dqn,2,5.065,11.3,18563,cpu,9,74,85.76,0.05,0.115439
255,dqn,2,5.0668,11.04,18563,cpu,0,5,-9.64,0.05,0.926968
256,dqn,2,5.1236,11.2,18563,cpu,16,153,157.04,0.05,1.833479
257,dqn,2,5.16,11.02,18563,cpu,11,98,106.34,0.05,0.329051
258,dqn,2,5.1765,10.94,18563,cpu,8,44,72.55,0.05,1.065346
259,dqn,2,5.1922,10.92,18563,cpu,6,42,52.55,0.05,0.825251
260,dqn,2,5.206,10.66,18563,cpu,8,36,72.23,0.05,0.865855
261,dqn,2,5.2358,10.7,18563,cpu,10,80,95.01,0.05,0.359573
262,dqn,2,5.258,10.68,18563,cpu,9,59,84.41,0.05,1.178602
263,dqn,2,5.2634,10.58,18563,cpu,2,14,10.39,0.05,1.155019
264,dqn,2,5.3061,10.62,18563,cpu,14,114,136.51,0.05,0.689492
265,dqn,2,5.3957,10.78,18563,cpu,27,239,272.19,0.05,0.370691
266,dqn,2,5.4127,10.88,18563,cpu,8,45,73.04,0.05,0.403858
267,dqn,2,5.4304,10.74,18563,cpu,4,47,33.78,0.05,1.137213
268,dqn,2,5.4685,10.96,18563,cpu,13,101,126.43,0.05,1.824369
269,dqn,2,5.5141,11.0,18563,cpu,14,121,136.74,0.05,0.35104
270,dqn,2,5.5498,11.06,18563,cpu,11,96,107.16,0.05,0.528997
271,dqn,2,5.5762,10.94,18563,cpu,8,70,75.09,0.05,1.34743
272,dqn,2,5.6079,11.12,18563,cpu,12,85,114.28,0.05,0.962563
273,dqn,2,5.626,11.16,18563,cpu,6,48,53.09,0.05,0.642441
274,dqn,2,5.707,11.38,18563,cpu,24,214,242.21,0.05,0.42471
275,dqn,2,5.7191,11.42,18563,cpu,3,33,22.21,0.05,1.159159
276,dqn,2,5.7986,11.5,18563,cpu,23,209,230.65,0.05,1.059067
277,dqn,2,5.8179,11.56,18563,cpu,6,51,52.96,0.05,0.723884
278,dqn,2,5.8895,11.72,18563,cpu,25,187,250.49,0.05,0.366748
279,dqn,2,5.9145,11.64,18563,cpu,8,66,74.33,0.05,0.869057
280,dqn,2,5.9558,11.72,18563,cpu,14,108,136.97,0.05,0.817459
281,dqn,2,5.978,11.4,18563,cpu,7,58,62.3,0.05,1.172629
282,dqn,2,6.0034,11.36,18563,cpu,10,67,94.44,0.05,1.299565
283,dqn,2,6.0436,11.38,18563,cpu,16,107,156.3,0.05,1.765915
284,dqn,2,6.1198,11.56,18563,cpu,23,202,232.62,0.05,1.43761
285,dqn,2,6.1305,11.38,18563,cpu,3,28,21.96,0.05,1.274942
286,dqn,2,6.1404,10.94,18563,cpu,3,26,21.78,0.05,1.580336
287,dqn,2,6.1699,10.78,18563,cpu,10,79,94.92,0.05,1.000201
288,dqn,2,6.1914,10.84,18563,cpu,7,57,63.61,0.05,1.686167
289,dqn,2,6.2432,11.1,18563,cpu,18,136,179.53,0.05,0.549829
290,dqn,2,6.2695,11.14,18563,cpu,7,69,65.49,0.05,0.93972
291,dqn,2,6.3044,11.3,18563,cpu,13,88,125.26,0.05,0.850814
292,dqn,2,6.3566,11.1,18563,cpu,15,120,147.56,0.05,0.942116
293,dqn,2,6.4108,11.16,18563,cpu,16,133,158.44,0.05,1.745662
294,dqn,2,6.4253,11.04,18563,cpu,6,36,52.21,0.05,0.350889
295,dqn,2,6.435,10.92,18563,cpu,2,25,11.98,0.05,0.414359
296,dqn,2,6.4691,10.84,18563,cpu,11,89,106.13,0.05,0.370293
297,dqn,2,6.5082,10.98,18563,cpu,13,99,126.45,0.05,1.323626
298,dqn,2,6.5266,10.64,18563,cpu,5,47,43.49,0.05,0.774045
299,dqn,2,6.6007,10.74,18563,cpu,28,190,282.49,0.05,1.405579
300,dqn,2,6.6314,10.84,18563,cpu,9,75,84.45,0.05,0.826606
301,dqn,2,6.7011,11.18,18563,cpu,21,153,209.99,0.05,0.823757
302,dqn,2,6.7278,11.06,18563,cpu,8,65,74.04,0.05,0.379578
303,dqn,2,6.7704,11.28,18563,cpu,14,96,136.29,0.05,0.904471
304,dqn,2,6.7954,11.3,18563,cpu,10,64,94.57,0.05,0.751979
305,dqn,2,6.8377,11.6,18563,cpu,15,103,147.23,0.05,0.899441
306,dqn,2,6.8671,11.48,18563,cpu,10,67,95.04,0.05,0.722864
307,dqn,2,6.9064,11.56,18563,cpu,15,94,146.22,0.05,1.180068
308,dqn,2,6.9291,11.58,18563,cpu,9,56,83.94,0.05,0.814049
309,dqn,2,6.9441,11.52,18563,cpu,3,38,22.66,0.05,1.119462
310,dqn,2,6.9623,11.52,18563,cpu,8,46,72.93,0.05,0.595681
311,dqn,2,7.0185,11.72,18563,cpu,20,142,198.89,0.05,1.354405
312,dqn,2,7.0387,11.7,18563,cpu,8,51,73.18,0.05,0.992444
313,dqn,2,7.0418,11.66,18563,cpu,0,8,-9.37,0.05,1.176327
314,dqn,2,7.0803,11.64,18563,cpu,13,98,126.36,0.05,0.948763
315,dqn,2,7.1565,11.5,18563,cpu,20,194,201.57,0.05,1.091205
316,dqn,2,7.1649,11.42,18563,cpu,4,22,31.13,0.05,1.079259
317,dqn,2,7.245,11.74,18563,cpu,20,202,201.09,0.05,0.77739
318,dqn,2,7.3151,11.96,18563,cpu,24,177,239.88,0.05,1.039735
319,dqn,2,7.3573,11.96,18563,cpu,14,107,137.08,0.05,1.00776
320,dqn,2,7.391,11.96,18563,cpu,11,86,105.66,0.05,1.965279
321,dqn,2,7.4023,11.9,18563,cpu,5,29,41.87,0.05,0.418472
322,dqn,2,7.4726,12.14,18563,cpu,24,179,241.66,0.05,0.893834
323,dqn,2,7.5331,12.28,18563,cpu,13,120,126.74,0.05,1.885383
324,dqn,2,7.5457,11.88,18563,cpu,4,31,32.14,0.05,0.910138
325,dqn,2,7.5674,11.94,18563,cpu,6,54,53.63,0.05,0.996128
326,dqn,2,7.6179,11.8,18563,cpu,16,127,157.7,0.05,1.632168
327,dqn,2,7.6671,12.02,18563,cpu,17,124,167.74,0.05,0.891776
328,dqn,2,7.7679,11.98,18563,cpu,23,254,233.3,0.05,0.538378
329,dqn,2,7.8156,12.06,18563,cpu,12,120,117.23,0.05,2.110952
330,dqn,2,7.8402,11.94,18563,cpu,8,62,73.97,0.05,0.782119
331,dqn,2,7.8917,12.12,18563,cpu,16,126,157.21,0.05,0.36226
332,dqn,2,8.0111,12.42,18563,cpu,25,219,254.17,0.05,1.884254
333,dqn,2,8.058,12.4,18563,cpu,15,115,147.31,0.05,1.182085
334,dqn,2,8.0663,12.0,18563,cpu,3,21,21.53,0.05,0.41536
335,dqn,2,8.1118,12.18,18563,cpu,12,111,117.42,0.05,1.473433
336,dqn,2,8.1983,12.62,18563,cpu,25,200,253.26,0.05,0.798785
337,dqn,2,8.2143,12.54,18563,cpu,6,40,52.37,0.05,0.453375
338,dqn,2,8.2386,12.52,18563,cpu,6,61,52.86,0.05,2.167655
339,dqn,2,8.2663,12.3,18563,cpu,7,70,64.58,0.05,0.589636
340,dqn,2,8.3055,12.44,18563,cpu,14,99,135.56,0.05,0.179074
341,dqn,2,8.3394,12.42,18563,cpu,12,86,115.77,0.05,1.099896
342,dqn,2,8.363,12.28,18563,cpu,8,57,74.12,0.05,0.739696
343,dqn,2,8.3705,12.02,18563,cpu,3,18,21.06,0.05,1.177052
344,dqn,2,8.3742,11.92,18563,cpu,1,9,0.63,0.05,1.056623
345,dqn,2,8.4097,12.08,18563,cpu,10,80,95.61,0.05,1.146462
346,dqn,2,8.4372,12.02,18563,cpu,8,63,74.26,0.05,1.070176
347,dqn,2,8.4938,12.02,18563,cpu,13,129,127.95,0.05,1.104904
348,dqn,2,8.5545,12.24,18563,cpu,16,121,156.76,0.05,0.543669
349,dqn,2,8.5858,11.86,18563,cpu,9,78,85.72,0.05,0.56396
350,dqn,2,8.6134,11.88,18563,cpu,10,68,94.93,0.05,1.006797
351,dqn,2,8.6189,11.5,18563,cpu,2,14,10.99,0.05,0.61238
352,dqn,2,8.6383,11.46,18563,cpu,6,48,53.49,0.05,0.823398
353,dqn,2,8.6863,11.48,18563,cpu,15,121,147.65,0.05,0.831296
354,dqn,2,8.708,11.38,18563,cpu,5,54,44.12,0.05,1.088701
355,dqn,2,8.7456,11.34,18563,cpu,13,94,126.6,0.05,1.066552
356,dqn,2,8.8245,11.54,18563,cpu,20,202,203.09,0.05,0.566769
357,dqn,2,8.8743,11.58,18563,cpu,17,123,168.85,0.05,0.695299
358,dqn,2,8.9071,11.56,18563,cpu,8,80,75.79,0.05,0.798975
359,dqn,2,8.9679,11.76,18563,cpu,13,133,129.11,0.05,1.054189
360,dqn,2,9.0325,11.88,18563,cpu,14,123,137.72,0.05,0.622134
361,dqn,2,9.0926,11.76,18563,cpu,14,150,138.35,0.05,0.66708
362,dqn,2,9.1006,11.64,18563,cpu,2,17,11.26,0.05,0.543183
363,dqn,2,9.1458,11.94,18563,cpu,15,114,147.82,0.05,0.858423
364,dqn,2,9.1484,11.68,18563,cpu,0,7,-9.46,0.05,0.839694
365,dqn,2,9.1661,11.4,18563,cpu,6,42,52.75,0.05,1.011265
366,dqn,2,9.1934,11.52,18563,cpu,10,68,94.93,0.05,0.665807
367,dqn,2,9.2408,11.48,18563,cpu,18,122,178.07,0.05,0.450634
368,dqn,2,9.2724,11.18,18563,cpu,9,83,84.77,0.05,0.912842
369,dqn,2,9.319,11.26,18563,cpu,18,120,177.49,0.05,0.82106
370,dqn,2,9.3622,11.32,18563,cpu,14,108,136.17,0.05,1.410485
371,dqn,2,9.3714,11.28,18563,cpu,3,23,21.51,0.05,1.350875
372,dqn,2,9.3963,10.98,18563,cpu,9,62,84.68,0.05,0.751705
373,dqn,2,9.3987,10.74,18563,cpu,1,6,0.36,0.05,1.878183
374,dqn,2,9.4507,10.98,18563,cpu,16,131,158.46,0.05,0.713407
375,dqn,2,9.4564,10.88,18563,cpu,1,14,1.08,0.05,1.740155
376,dqn,2,9.4797,10.68,18563,cpu,6,58,52.79,0.05,0.712805
377,dqn,2,9.4824,10.36,18563,cpu,1,7,0.45,0.05,0.410033
378,dqn,2,9.5131,10.02,18563,cpu,6,72,55.65,0.05,0.388035
379,dqn,2,9.5236,9.84,18563,cpu,3,26,21.78,0.05,1.053481
380,dqn,2,9.5412,9.82,18563,cpu,7,43,62.95,0.05,1.143278
381,dqn,2,9.6028,9.82,18563,cpu,16,148,158.79,0.05,2.56392
382,dqn,2,9.6132,9.42,18563,cpu,5,25,41.51,0.05,2.592866
383,dqn,2,9.6263,9.16,18563,cpu,2,32,12.41,0.05,1.110686
384,dqn,2,9.6525,9.24,18563,cpu,7,64,63.84,0.05,1.400242
385,dqn,2,9.6817,9.18,18563,cpu,9,73,85.07,0.05,0.657034
386,dqn,2,9.6923,8.74,18563,cpu,3,27,21.87,0.05,0.568752
387,dqn,2,9.7018,8.7,18563,cpu,4,24,31.71,0.05,1.446306
388,dqn,2,9.7586,8.96,18563,cpu,19,145,188.05,0.05,0.670391
389,dqn,2,9.8158,9.18,18563,cpu,18,144,177.65,0.05,0.809558
390,dqn,2,9.8463,9.14,18563,cpu,12,76,114.07,0.05,1.244648
391,dqn,2,9.8499,8.92,18563,cpu,1,9,0.63,0.05,0.758482
392,dqn,2,9.8881,9.0,18563,cpu,12,97,116.16,0.05,1.279658
393,dqn,2,9.9325,9.18,18563,cpu,12,111,117.02,0.05,0.681026
394,dqn,2,10.0331,9.64,18563,cpu,24,252,242.63,0.05,1.68637
395,dqn,2,10.0907,9.8,18563,cpu,18,144,180.25,0.05,1.018857
396,dqn,2,10.153,9.98,18563,cpu,17,163,169.05,0.05,0.838394
397,dqn,2,10.1854,9.92,18563,cpu,10,86,95.15,0.05,0.880351
398,dqn,2,10.2188,9.78,18563,cpu,9,89,86.31,0.05,1.672749
399,dqn,2,10.2366,9.78,18563,cpu,9,47,83.13,0.05,1.55752
400,dqn,2,10.2473,9.66,18563,cpu,4,28,32.07,0.05,1.016905
401,dqn,2,10.286,9.86,18563,cpu,12,101,116.52,0.05,0.575194
402,dqn,2,10.303,9.8,18563,cpu,3,43,23.51,0.05,0.767614
403,dqn,2,10.3781,9.92,18563,cpu,21,192,211.9,0.05,0.582349
404,dqn,2,10.3985,9.94,18563,cpu,6,51,53.96,0.05,1.754785
405,dqn,2,10.4478,10.02,18563,cpu,17,124,168.74,0.05,0.568901
406,dqn,2,10.5084,9.98,18563,cpu,18,158,180.91,0.05,1.893901
407,dqn,2,10.5142,9.68,18563,cpu,2,13,10.9,0.05,1.023161
408,dqn,2,10.5561,9.78,18563,cpu,13,109,127.15,0.05,1.831234
409,dqn,2,10.5781,9.68,18563,cpu,8,58,74.01,0.05,1.011922
410,dqn,2,10.6278,9.68,18563,cpu,14,126,139.19,0.05,1.260713
411,dqn,2,10.6841,9.72,18563,cpu,16,143,158.54,0.05,1.541373
412,dqn,2,10.7167,9.88,18563,cpu,10,86,95.75,0.05,0.814656
413,dqn,2,10.7283,9.66,18563,cpu,4,30,32.25,0.05,1.348112
414,dqn,2,10.7478,9.76,18563,cpu,5,52,44.14,0.05,0.804634
415,dqn,2,10.789,9.94,18563,cpu,15,109,148.17,0.05,1.651674
416,dqn,2,10.8434,10.08,18563,cpu,17,144,169.34,0.05,1.475818
417,dqn,2,10.8806,10.0,18563,cpu,14,98,137.07,0.05,2.142274
418,dqn,2,10.8896,9.86,18563,cpu,2,24,11.09,0.05,1.043054
419,dqn,2,10.9035,9.62,18563,cpu,6,37,52.1,0.05,0.619279
420,dqn,2,10.9344,9.56,18563,cpu,11,82,104.9,0.05,0.554844
421,dqn,2,11.0043,9.96,18563,cpu,23,183,230.11,0.05,1.169883
422,dqn,2,11.0552,10.1,18563,cpu,16,135,158.02,0.05,2.057203
423,dqn,2,11.0705,10.2,18563,cpu,6,41,52.86,0.05,1.236143
424,dqn,2,11.1064,10.12,18563,cpu,12,96,115.87,0.05,0.736557
425,dqn,2,11.1611,10.48,18563,cpu,19,145,188.25,0.05,0.507293
426,dqn,2,11.1774,10.46,18563,cpu,5,43,43.33,0.05,1.208785
427,dqn,2,11.1811,10.46,18563,cpu,1,10,0.72,0.05,0.854865
428,dqn,2,11.1925,10.42,18563,cpu,4,30,31.85,0.05,1.258621
429,dqn,2,11.2071,10.46,18563,cpu,5,37,42.39,0.05,0.372696
430,dqn,2,11.2144,10.36,18563,cpu,2,19,11.24,0.05,1.970366
431,dqn,2,11.2402,10.16,18563,cpu,6,66,53.71,0.05,1.037289
432,dqn,2,11.2541,10.14,18563,cpu,4,36,32.39,0.05,0.88728
433,dqn,2,11.2952,10.34,18563,cpu,12,106,117.57,0.05,0.848065
434,dqn,2,11.3182,10.32,18563,cpu,6,59,54.28,0.05,0.895287
435,dqn,2,11.3275,10.22,18563,cpu,4,24,31.71,0.05,1.480329
436,dqn,2,11.3464,10.32,18563,cpu,8,48,73.11,0.05,1.299545
437,dqn,2,11.4343,10.76,18563,cpu,26,225,265.22,0.05,0.989667
438,dqn,2,11.4946,10.74,18563,cpu,18,153,179.26,0.05,0.94853
439,dqn,2,11.5314,10.66,18563,cpu,14,94,135.91,0.05,0.435911
440,dqn,2,11.5485,10.54,18563,cpu,6,44,53.33,0.05,1.148044
441,dqn,2,11.5732,10.72,18563,cpu,10,63,93.68,0.05,0.950712
442,dqn,2,11.6263,10.78,18563,cpu,15,135,147.31,0.05,0.784367
443,dqn,2,11.6809,10.92,18563,cpu,19,134,189.06,0.05,0.822167
444,dqn,2,11.704,10.62,18563,cpu,9,57,84.03,0.05,1.933222
445,dqn,2,11.746,10.52,18563,cpu,13,105,125.99,0.05,1.006529
446,dqn,2,11.7602,10.26,18563,cpu,4,34,32.61,0.05,1.46713
447,dqn,2,11.8962,10.74,18563,cpu,34,331,346.24,0.05,0.438053
448,dqn,2,11.9526,10.94,18563,cpu,19,141,189.69,0.05,2.078979
449,dqn,2,12.0204,11.18,18563,cpu,21,169,207.03,0.05,1.103861
450,dqn,2,12.0377,11.26,18563,cpu,8,42,72.57,0.05,1.733228
451,dqn,2,12.0944,11.32,18563,cpu,15,142,150.34,0.05,0.496096
452,dqn,2,12.1576,11.68,18563,cpu,21,157,209.55,0.05,0.329601
453,dqn,2,12.2153,11.6,18563,cpu,17,144,167.14,0.05,0.963564
454,dqn,2,12.2554,11.66,18563,cpu,9,102,85.88,0.05,1.390528
455,dqn,2,12.2834,11.48,18563,cpu,8,74,75.25,0.05,0.817302
456,dqn,2,12.3533,11.56,18563,cpu,22,183,219.6,0.05,0.938077
457,dqn,2,12.4125,11.84,18563,cpu,16,155,158.02,0.05,1.016978
458,dqn,2,12.432,11.7,18563,cpu,6,51,53.36,0.05,0.670723
459,dqn,2,12.4863,11.94,18563,cpu,20,142,199.29,0.05,2.137253
460,dqn,2,12.5162,11.86,18563,cpu,10,73,95.38,0.05,0.915681
461,dqn,2,12.5456,11.76,18563,cpu,11,75,105.07,0.05,1.240833
462,dqn,2,12.585,11.84,18563,cpu,14,100,136.65,0.05,1.308789
463,dqn,2,12.6041,11.92,18563,cpu,8,48,72.71,0.05,1.291238
464,dqn,2,12.6652,12.2,18563,cpu,19,146,187.94,0.05,1.617236
465,dqn,2,12.6733,11.96,18563,cpu,3,20,21.44,0.05,1.639584
466,dqn,2,12.7334,11.98,18563,cpu,18,151,178.28,0.05,0.778678
467,dqn,2,12.8046,12.12,18563,cpu,21,184,211.98,0.05,0.848167
468,dqn,2,12.8566,12.36,18563,cpu,14,137,138.78,0.05,1.143333
469,dqn,2,12.8828,12.44,18563,cpu,10,69,94.42,0.05,1.116215
470,dqn,2,12.9035,12.32,18563,cpu,5,55,43.81,0.05,1.235024
471,dqn,2,12.9586,12.22,18563,cpu,18,135,177.84,0.05,0.760676
472,dqn,2,12.9867,12.1,18563,cpu,10,63,93.88,0.05,1.404057
473,dqn,2,13.0198,12.18,18563,cpu,10,85,94.66,0.05,1.411251
474,dqn,2,13.0429,12.1,18563,cpu,8,60,74.19,0.05,0.571176
475,dqn,2,13.0593,11.88,18563,cpu,8,42,72.57,0.05,1.268963
476,dqn,2,13.0708,11.86,18563,cpu,4,30,32.05,0.05,1.261413
477,dqn,2,13.0943,12.02,18563,cpu,9,62,84.68,0.05,0.093138
478,dqn,2,13.1274,12.18,18563,cpu,12,87,116.06,0.05,1.547658
479,dqn,2,13.1532,12.28,18563,cpu,10,67,94.24,0.05,1.676918
480,dqn,2,13.1571,12.26,18563,cpu,1,10,0.72,0.05,1.529968
481,dqn,2,13.2231,12.52,18563,cpu,19,174,189.46,0.05,1.037936
482,dqn,2,13.2962,12.9,18563,cpu,23,190,231.54,0.05,1.49748
483,dqn,2,13.3263,12.9,18563,cpu,12,79,115.74,0.05,1.570632
484,dqn,2,13.3673,13.0,18563,cpu,11,108,106.84,0.05,2.218461
485,dqn,2,13.4377,13.36,18563,cpu,22,185,222.38,0.05,0.456611
486,dqn,2,13.4495,13.3,18563,cpu,5,31,41.65,0.05,0.492158
487,dqn,2,13.489,13.04,18563,cpu,13,98,127.16,0.05,0.654144
488,dqn,2,13.5859,13.1,18563,cpu,21,221,211.11,0.05,0.544321
489,dqn,2,13.6651,13.16,18563,cpu,17,148,170.1,0.05,1.39615
490,dqn,2,13.8139,13.3,18563,cpu,13,86,125.68,0.05,1.485122
491,dqn,2,13.8372,13.26,18563,cpu,8,55,73.94,0.05,0.642273
492,dqn,2,13.8887,13.26,18563,cpu,15,123,146.83,0.05,1.159788
493,dqn,2,13.9097,12.98,18563,cpu,5,51,44.05,0.05,1.323938
494,dqn,2,13.9358,12.98,18563,cpu,9,61,84.39,0.05,2.05712
495,dqn,2,13.9768,13.0,18563,cpu,14,97,136.38,0.05,0.571436
496,dqn,2,14.0224,13.18,18563,cpu,13,110,128.24,0.05,1.857844
497,dqn,2,14.0318,12.56,18563,cpu,3,23,21.31,0.05,1.368051
498,dqn,2,14.0748,12.42,18563,cpu,12,107,117.86,0.05,1.010238
499,dqn,2,14.0877,12.06,18563,cpu,3,32,21.92,0.05,0.597489
500,dqn,2,14.1601,12.32,18563,cpu,21,180,211.42,0.05,0.831604
501,dqn,2,14.1792,12.2,18563,cpu,9,47,83.33,0.05,0.843464
502,dqn,2,14.1975,11.9,18563,cpu,6,45,53.42,0.05,1.159536
503,dqn,2,14.216,11.7,18563,cpu,7,45,63.13,0.05,0.348809
504,dqn,2,14.2533,11.72,18563,cpu,10,80,93.61,0.05,1.072865
505,dqn,2,14.2604,11.58,18563,cpu,1,16,1.26,0.05,0.145238
506,dqn,2,14.2668,11.18,18563,cpu,2,14,10.99,0.05,1.67862
507,dqn,2,14.2842,10.96,18563,cpu,5,32,41.94,0.05,0.633541
508,dqn,2,14.311,11.0,18563,cpu,8,60,74.39,0.05,0.886622
509,dqn,2,14.3236,10.64,18563,cpu,2,30,12.43,0.05,1.026979
510,dqn,2,14.3742,10.74,18563,cpu,15,118,146.98,0.05,1.076975
511,dqn,2,14.3805,10.54,18563,cpu,1,13,0.99,0.05,1.287388
512,dqn,2,14.42,10.5,18563,cpu,12,88,115.15,0.05,0.674751
513,dqn,2,14.4925,10.76,18563,cpu,21,169,210.23,0.05,0.889647
514,dqn,2,14.5833,10.94,18563,cpu,28,215,283.74,0.05,0.387828
515,dqn,2,14.6343,11.22,18563,cpu,17,123,168.45,0.05,0.859068
516,dqn,2,14.6444,10.94,18563,cpu,4,25,31.4,0.05,1.450576
517,dqn,2,14.6824,10.72,18563,cpu,10,93,96.98,0.05,0.922284
518,dqn,2,14.6946,10.52,18563,cpu,4,31,32.14,0.05,1.247205
519,dqn,2,14.7264,10.52,18563,cpu,10,78,95.83,0.05,1.352767
520,dqn,2,14.7471,10.52,18563,cpu,5,50,43.76,0.05,1.243499
521,dqn,2,14.7583,10.22,18563,cpu,3,27,21.67,0.05,1.551741
522,dqn,2,14.7742,10.16,18563,cpu,7,39,62.39,0.05,1.038214
523,dqn,2,14.7873,10.02,18563,cpu,3,33,22.41,0.05,1.69384
524,dqn,2,14.8299,10.16,18563,cpu,15,107,147.79,0.05,1.292494
525,dqn,2,14.8807,10.34,18563,cpu,17,131,168.97,0.05,1.036806
526,dqn,2,14.9129,10.52,18563,cpu,13,84,124.9,0.05,1.973172
527,dqn,2,14.9671,10.66,18563,cpu,16,137,157.6,0.05,1.160733
528,dqn,2,15.0018,10.7,18563,cpu,14,89,135.86,0.05,1.466568
529,dqn,2,15.0414,10.78,18563,cpu,14,104,135.41,0.05,1.217368
530,dqn,2,15.0863,11.02,18563,cpu,13,117,127.67,0.05,2.166898
531,dqn,2,15.1361,11.0,18563,cpu,18,131,178.68,0.05,0.760722
532,dqn,2,15.1653,10.68,18563,cpu,7,76,64.72,0.05,0.786283
533,dqn,2,15.1764,10.58,18563,cpu,7,29,61.89,0.05,0.260793
534,dqn,2,15.2148,10.64,18563,cpu,14,99,136.96,0.05,1.452548
535,dqn,2,15.2496,10.42,18563,cpu,11,89,106.33,0.05,1.715563
536,dqn,2,15.2831,10.5,18563,cpu,9,86,86.24,0.05,1.642413
537,dqn,2,15.3018,10.38,18563,cpu,7,48,63.0,0.05,0.822001
538,dqn,2,15.3353,10.2,18563,cpu,12,85,116.08,0.05,0.847034
539,dqn,2,15.3729,10.12,18563,cpu,13,95,127.29,0.05,0.946368
540,dqn,2,15.3916,10.04,18563,cpu,9,48,83.22,0.05,0.603084
541,dqn,2,15.4464,10.24,18563,cpu,18,138,179.51,0.05,1.212308
542,dqn,2,15.5409,10.4,18563,cpu,23,240,235.84,0.05,0.934448
543,dqn,2,15.5584,10.44,18563,cpu,7,45,63.33,0.05,1.515311
544,dqn,2,15.6256,10.6,18563,cpu,17,172,171.66,0.05,1.508126
545,dqn,2,15.647,10.48,18563,cpu,8,54,73.85,0.05,0.901943
546,dqn,2,15.6923,10.52,18563,cpu,15,115,146.51,0.05,0.622853
547,dqn,2,15.6964,10.48,18563,cpu,1,10,0.72,0.05,1.333873
548,dqn,2,15.7501,10.62,18563,cpu,19,136,190.44,0.05,1.760759
549,dqn,2,15.7925,10.84,18563,cpu,14,108,137.57,0.05,1.30198
550,dqn,2,15.834,10.7,18563,cpu,14,106,136.59,0.05,1.343588
551,dqn,2,15.8649,10.72,18563,cpu,10,79,95.72,0.05,1.7186
552,dqn,2,15.9214,11.0,18563,cpu,20,143,200.38,0.05,0.771478
553,dqn,2,15.9242,10.86,18563,cpu,0,7,-9.46,0.05,1.697999
554,dqn,2,15.9273,10.66,18563,cpu,0,8,-9.37,0.05,0.872494
555,dqn,2,15.9309,10.68,18563,cpu,2,9,10.54,0.05,1.158421
556,dqn,2,15.9842,10.92,18563,cpu,14,136,138.89,0.05,0.573209
557,dqn,2,16.0062,10.96,18563,cpu,7,56,63.12,0.05,0.384956
558,dqn,2,16.0233,10.94,18563,cpu,7,43,62.55,0.05,0.396359
559,dqn,2,16.0275,10.9,18563,cpu,0,11,-9.3,0.05,0.331092
560,dqn,2,16.0615,10.82,18563,cpu,11,86,106.46,0.05,0.630533
561,dqn,2,16.1208,11.1,18563,cpu,15,150,151.06,0.05,0.633912
562,dqn,2,16.1688,11.1,18563,cpu,12,122,116.21,0.05,2.006509
563,dqn,2,16.1795,10.74,18563,cpu,3,27,22.07,0.05,0.592192
564,dqn,2,16.1878,10.24,18563,cpu,3,21,21.53,0.05,1.131237
565,dqn,2,16.2221,10.08,18563,cpu,9,87,86.53,0.05,1.696463
566,dqn,2,16.239,10.12,18563,cpu,6,43,53.04,0.05,1.258111
567,dqn,2,16.2817,10.22,18563,cpu,15,112,146.84,0.05,1.380419
568,dqn,2,16.3141,10.34,18563,cpu,10,85,95.66,0.05,0.651185
569,dqn,2,16.3214,10.18,18563,cpu,2,19,11.44,0.05,1.033408
570,dqn,2,16.3407,10.16,18563,cpu,4,51,32.94,0.05,1.488669
571,dqn,2,16.3517,10.18,18563,cpu,4,29,31.96,0.05,0.747378
572,dqn,2,16.4409,10.58,18563,cpu,27,233,275.05,0.05,2.696734
573,dqn,2,16.4538,10.6,18563,cpu,4,34,32.41,0.05,0.484322
574,dqn,2,16.5211,10.74,18563,cpu,22,176,220.97,0.05,1.400038
575,dqn,2,16.5735,10.7,18563,cpu,15,138,147.18,0.05,1.30685
576,dqn,2,16.6114,10.72,18563,cpu,14,99,135.96,0.05,0.785156
577,dqn,2,16.6261,10.5,18563,cpu,5,38,40.88,0.05,1.243015
578,dqn,2,16.6662,10.46,18563,cpu,12,104,116.79,0.05,1.489767
579,dqn,2,16.7068,10.42,18563,cpu,12,107,116.66,0.05,2.163238
580,dqn,2,16.7374,10.34,18563,cpu,9,80,86.1,0.05,0.795422
581,dqn,2,16.7796,10.24,18563,cpu,13,110,127.64,0.05,1.188145
582,dqn,2,16.8341,10.32,18563,cpu,11,144,106.68,0.05,1.562367
583,dqn,2,16.8785,10.46,18563,cpu,14,116,135.69,0.05,1.585647
584,dqn,2,16.9311,10.56,18563,cpu,19,138,188.22,0.05,1.31594
585,dqn,2,16.9806,10.7,18563,cpu,18,128,179.21,0.05,1.437247
586,dqn,2,16.9979,10.64,18563,cpu,6,45,52.82,0.05,0.66474
587,dqn,2,17.0435,10.74,18563,cpu,12,120,118.43,0.05,0.616602
588,dqn,2,17.0644,10.68,18563,cpu,9,55,83.85,0.05,1.500499
589,dqn,2,17.093,10.7,18563,cpu,14,75,135.2,0.05,0.789197
590,dqn,2,17.109,10.62,18563,cpu,5,42,42.44,0.05,1.188544
591,dqn,2,17.1658,10.6,18563,cpu,17,150,168.08,0.05,1.209309
592,dqn,2,17.2066,10.42,18563,cpu,14,108,136.77,0.05,0.916711
593,dqn,2,17.2366,10.48,18563,cpu,10,79,95.32,0.05,1.161641
594,dqn,2,17.2951,10.46,18563,cpu,16,154,158.53,0.05,0.86201
595,dqn,2,17.3483,10.62,18563,cpu,16,140,158.27,0.05,0.672438
596,dqn,2,17.359,10.4,18563,cpu,4,28,31.87,0.05,0.662033
597,dqn,2,17.377,10.5,18563,cpu,6,47,53.4,0.05,1.100642
598,dqn,2,17.3846,10.16,18563,cpu,2,20,11.13,0.05,0.784901
599,dqn,2,17.4431,10.26,18563,cpu,19,153,191.37,0.05,0.838052
600,dqn,2,17.4782,10.22,18563,cpu,12,92,116.71,0.05,0.582771
601,dqn,2,17.543,10.42,18563,cpu,20,171,199.9,0.05,0.725665
602,dqn,2,17.5461,10.06,18563,cpu,2,8,10.45,0.05,0.894786
603,dqn,2,17.5876,10.3,18563,cpu,12,109,116.64,0.05,0.50962
604,dqn,2,17.6407,10.56,18563,cpu,13,139,130.45,0.05,1.376159
605,dqn,2,17.6607,10.7,18563,cpu,9,52,83.38,0.05,1.164126
606,dqn,2,17.6857,10.6,18563,cpu,9,66,83.84,0.05,1.398645
607,dqn,2,17.7167,10.68,18563,cpu,11,81,104.41,0.05,1.549612
608,dqn,2,17.751,10.78,18563,cpu,12,90,115.73,0.05,1.064111
609,dqn,2,17.7967,11.06,18563,cpu,14,120,138.05,0.05,1.971913
610,dqn,2,17.8195,10.98,18563,cpu,7,60,64.28,0.05,0.917744
611,dqn,2,17.8384,10.84,18563,cpu,8,50,73.29,0.05,1.72922
612,dqn,2,17.8418,10.62,18563,cpu,1,9,0.63,0.05,1.787252
613,dqn,2,17.902,10.96,18563,cpu,20,158,201.33,0.05,2.59145
614,dqn,2,17.9554,11.24,18563,cpu,17,140,168.38,0.05,1.253161
615,dqn,2,17.9822,11.24,18563,cpu,9,69,84.91,0.05,2.018857
616,dqn,2,18.0127,11.32,18563,cpu,10,80,95.81,0.05,0.659426
617,dqn,2,18.0323,11.14,18563,cpu,6,51,53.36,0.05,1.262135
618,dqn,2,18.0764,11.24,18563,cpu,15,116,147.4,0.05,0.41639
619,dqn,2,18.0799,11.24,18563,cpu,2,9,10.54,0.05,1.230898
620,dqn,2,18.1029,11.3,18563,cpu,7,61,64.57,0.05,1.293811
621,dqn,2,18.1266,11.38,18563,cpu,8,62,73.37,0.05,0.773728
622,dqn,2,18.1654,11.1,18563,cpu,13,102,127.32,0.05,1.152881
623,dqn,2,18.1899,11.16,18563,cpu,7,65,64.73,0.05,2.04885
624,dqn,2,18.1918,10.72,18563,cpu,0,5,-9.64,0.05,0.978869
625,dqn,2,18.2499,10.82,18563,cpu,20,152,199.79,0.05,1.330946
626,dqn,2,18.2605,10.62,18563,cpu,4,28,31.67,0.05,0.601306
627,dqn,2,18.3312,10.92,18563,cpu,20,185,200.36,0.05,0.690002
628,dqn,2,18.3784,10.96,18563,cpu,14,124,138.81,0.05,0.584616
629,dqn,2,18.4371,11.14,18563,cpu,21,154,210.28,0.05,1.095235
630,dqn,2,18.4788,11.26,18563,cpu,15,109,147.17,0.05,1.149748
631,dqn,2,18.4914,11.06,18563,cpu,3,33,22.41,0.05,0.6573
632,dqn,2,18.555,11.26,18563,cpu,21,167,212.25,0.05,1.013617
633,dqn,2,18.5819,11.18,18563,cpu,10,71,94.6,0.05,0.567552
634,dqn,2,18.5917,10.88,18563,cpu,4,26,31.69,0.05,1.371446
635,dqn,2,18.6374,10.78,18563,cpu,13,119,126.85,0.05,1.297332
636,dqn,2,18.6412,10.68,18563,cpu,1,10,0.72,0.05,0.402557
637,dqn,2,18.6573,10.58,18563,cpu,7,42,63.06,0.05,1.1796
638,dqn,2,18.6923,10.68,18563,cpu,14,91,136.04,0.05,1.255187
639,dqn,2,18.7335,10.66,18563,cpu,13,106,126.28,0.05,1.511174
640,dqn,2,18.7797,10.84,18563,cpu,14,117,138.58,0.05,1.747383
641,dqn,2,18.8173,10.76,18563,cpu,13,97,126.47,0.05,1.212819
642,dqn,2,18.8791,10.84,18563,cpu,18,159,178.6,0.05,1.540248
643,dqn,2,18.937,10.9,18563,cpu,13,150,129.64,0.05,1.329402
644,dqn,2,18.9987,10.86,18563,cpu,14,156,139.29,0.05,1.400992
645,dqn,2,19.0367,10.82,18563,cpu,14,96,134.69,0.05,0.920944
646,dqn,2,19.0797,11.0,18563,cpu,13,110,128.64,0.05,1.345958
647,dqn,2,19.1159,11.14,18563,cpu,13,90,126.04,0.05,0.521283
648,dqn,2,19.1586,11.46,18563,cpu,18,108,176.81,0.05,0.929734
649,dqn,2,19.1927,11.3,18563,cpu,11,86,105.46,0.05,0.720656
650,dqn,2,19.2346,11.34,18563,cpu,14,106,135.99,0.05,1.269186
651,dqn,2,19.2616,11.16,18563,cpu,11,68,104.64,0.05,2.230648
652,dqn,2,19.2766,11.24,18563,cpu,6,37,52.1,0.05,0.707846
653,dqn,2,19.2989,11.18,18563,cpu,9,55,83.25,0.05,0.863103
654,dqn,2,19.3593,11.32,18563,cpu,20,151,198.3,0.05,0.623174
655,dqn,2,19.3937,11.32,18563,cpu,9,87,85.93,0.05,0.544965
656,dqn,2,19.4433,11.44,18563,cpu,15,125,147.81,0.05,1.942367
657,dqn,2,19.4573,11.34,18563,cpu,6,35,52.32,0.05,1.728263
658,dqn,2,19.504,11.44,18563,cpu,17,118,168.6,0.05,0.799832
659,dqn,2,19.5658,11.62,18563,cpu,23,155,227.59,0.05,1.272904
660,dqn,2,19.6016,11.68,18563,cpu,10,89,96.22,0.05,0.226515
661,dqn,2,19.6657,11.9,18563,cpu,19,161,189.49,0.05,0.909378
662,dqn,2,19.6817,12.0,18563,cpu,6,40,51.77,0.05,1.664703
663,dqn,2,19.7565,12.06,18563,cpu,23,189,231.05,0.05,1.899972
664,dqn,2,19.7612,11.74,18563,cpu,1,12,0.9,0.05,0.848378
665,dqn,2,19.7925,11.74,18563,cpu,9,79,84.21,0.05,0.806358
666,dqn,2,19.849,11.94,18563,cpu,20,143,198.38,0.05,1.537005
667,dqn,2,19.9126,12.2,18563,cpu,19,160,188.8,0.05,1.645867
668,dqn,2,19.9698,12.22,18563,cpu,16,144,158.83,0.05,1.263531
669,dqn,2,20.0309,12.52,18563,cpu,17,154,170.64,0.05,1.09959
670,dqn,2,20.0838,12.78,18563,cpu,20,133,199.48,0.05,0.586214
671,dqn,2,20.1435,12.92,18563,cpu,15,152,149.44,0.05,1.725536
672,dqn,2,20.1848,12.92,18563,cpu,13,105,126.79,0.05,1.114704
673,dqn,2,20.2094,12.96,18563,cpu,9,62,84.48,0.05,0.548784
674,dqn,2,20.2317,13.1,18563,cpu,7,56,64.12,0.05,0.551506
675,dqn,2,20.2505,12.8,18563,cpu,5,48,43.58,0.05,0.903549
676,dqn,2,20.295,13.08,18563,cpu,18,115,177.44,0.05,0.622734
677,dqn,2,20.3087,12.78,18563,cpu,5,36,42.5,0.05,1.137421
678,dqn,2,20.3137,12.54,18563,cpu,2,13,10.5,0.05,1.15374
679,dqn,2,20.337,12.26,18563,cpu,7,61,63.37,0.05,0.801215
680,dqn,2,20.3807,12.2,18563,cpu,12,113,117.6,0.05,1.281652
681,dqn,2,20.4586,12.56,18563,cpu,21,202,210.6,0.05,0.93106
682,dqn,2,20.4874,12.34,18563,cpu,10,75,95.16,0.05,2.008561
683,dqn,2,20.5128,12.28,18563,cpu,7,67,64.91,0.05,0.317263
684,dqn,2,20.5504,12.42,18563,cpu,11,99,106.63,0.05,0.853068
685,dqn,2,20.5833,12.38,18563,cpu,11,85,106.37,0.05,0.957601
686,dqn,2,20.5887,12.4,18563,cpu,2,14,10.59,0.05,0.16753
687,dqn,2,20.6405,12.58,18563,cpu,16,133,159.64,0.05,1.198545
688,dqn,2,20.6711,12.54,18563,cpu,12,79,115.34,0.05,1.377128
689,dqn,2,20.693,12.42,18563,cpu,7,57,63.81,0.05,0.602313
690,dqn,2,20.7045,12.24,18563,cpu,5,30,41.76,0.05,1.361224
691,dqn,2,20.719,12.08,18563,cpu,5,38,42.48,0.05,1.281277
692,dqn,2,20.7413,11.88,18563,cpu,8,58,74.01,0.05,1.169645
693,dqn,2,20.7482,11.68,18563,cpu,3,18,20.86,0.05,0.935024
694,dqn,2,20.7689,11.5,18563,cpu,5,54,42.12,0.05,1.611474
695,dqn,2,20.8548,11.7,18563,cpu,24,222,240.13,0.05,1.036903
696,dqn,2,20.881,11.66,18563,cpu,11,67,104.95,0.05,0.583148
697,dqn,2,20.9124,11.54,18563,cpu,7,81,66.17,0.05,1.368057
698,dqn,2,20.9354,11.32,18563,cpu,7,61,61.97,0.05,0.966154
699,dqn,2,20.9411,11.1,18563,cpu,0,15,-10.34,0.05,1.127967
700,dqn,2,20.9947,11.18,18563,cpu,18,137,178.42,0.05,1.119355
701,dqn,2,21.0225,11.12,18563,cpu,8,72,74.47,0.05,0.858443
702,dqn,2,21.0506,11.12,18563,cpu,6,73,55.74,0.05,1.311528
703,dqn,2,21.0723,11.14,18563,cpu,10,56,93.65,0.05,0.91808
704,dqn,2,21.1065,10.96,18563,cpu,11,89,105.93,0.05,1.603734
705,dqn,2,21.1128,10.82,18563,cpu,2,16,11.17,0.05,1.363617
706,dqn,2,21.1531,10.76,18563,cpu,12,105,115.28,0.05,1.568071
707,dqn,2,21.2143,11.0,18563,cpu,18,160,180.49,0.05,1.171973
708,dqn,2,21.3202,11.22,18563,cpu,28,275,282.74,0.05,2.113018
709,dqn,2,21.3286,10.82,18563,cpu,3,22,21.42,0.05,1.14683
710,dqn,2,21.3657,10.84,18563,cpu,11,96,106.16,0.05,0.820449
711,dqn,2,21.4267,10.8,18563,cpu,17,160,170.58,0.05,1.722761
712,dqn,2,21.4617,10.92,18563,cpu,12,91,116.42,0.05,1.071724
713,dqn,2,21.4916,10.68,18563,cpu,11,78,105.34,0.05,0.949644
714,dqn,2,21.5312,10.88,18563,cpu,11,103,105.79,0.05,1.534614
715,dqn,2,21.545,10.76,18563,cpu,3,36,22.68,0.05,1.64965
716,dqn,2,21.6201,10.86,18563,cpu,25,196,250.9,0.05,0.965451
717,dqn,2,21.6772,10.84,18563,cpu,18,147,179.92,0.05,1.995358
718,dqn,2,21.7311,10.86,18563,cpu,17,139,168.09,0.05,0.506725
719,dqn,2,21.777,10.78,18563,cpu,13,120,126.54,0.05,1.401657
720,dqn,2,21.8537,10.86,18563,cpu,24,200,242.95,0.05,1.386143
721,dqn,2,21.879,10.68,18563,cpu,6,67,54.4,0.05,0.944117
722,dqn,2,21.9056,10.6,18563,cpu,9,70,83.2,0.05,1.02984
723,dqn,2,21.9589,10.78,18563,cpu,18,138,179.51,0.05,0.710133
724,dqn,2,22.0214,11.04,18563,cpu,20,161,200.4,0.05,1.45263
725,dqn,2,22.041,11.1,18563,cpu,8,51,73.58,0.05,0.67767
726,dqn,2,22.0514,10.78,18563,cpu,2,27,12.16,0.05,1.484226
727,dqn,2,22.071,10.84,18563,cpu,8,51,73.78,0.05,1.083719
728,dqn,2,22.1315,11.18,18563,cpu,19,157,188.13,0.05,0.825252
729,dqn,2,22.2015,11.52,18563,cpu,24,182,242.33,0.05,1.293116
730,dqn,2,22.2542,11.7,18563,cpu,21,136,208.26,0.05,0.600179
731,dqn,2,22.259,11.3,18563,cpu,1,13,0.79,0.05,1.117801
732,dqn,2,22.2656,11.14,18563,cpu,2,17,10.66,0.05,1.49476
733,dqn,2,22.286,11.16,18563,cpu,8,53,73.36,0.05,1.237625
734,dqn,2,22.3094,11.1,18563,cpu,8,61,74.08,0.05,1.227204
735,dqn,2,22.3148,10.92,18563,cpu,2,14,10.79,0.05,1.24828
736,dqn,2,22.3186,10.92,18563,cpu,2,10,10.63,0.05,1.484787
737,dqn,2,22.372,10.96,18563,cpu,18,139,179.2,0.05,1.155094
738,dqn,2,22.3828,10.78,18563,cpu,3,28,22.16,0.05,1.296065
739,dqn,2,22.3977,10.76,18563,cpu,6,39,52.08,0.05,1.978035
740,dqn,2,22.417,10.72,18563,cpu,3,50,21.94,0.05,0.848607
741,dqn,2,22.4408,10.82,18563,cpu,10,62,94.59,0.05,1.069621
742,dqn,2,22.4981,11.0,18563,cpu,17,149,169.99,0.05,0.507824
743,dqn,2,22.526,11.16,18563,cpu,11,73,104.89,0.05,0.482444
744,dqn,2,22.5971,11.48,18563,cpu,21,185,208.47,0.05,0.658218
745,dqn,2,22.626,11.22,18563,cpu,11,74,105.18,0.05,0.542652
746,dqn,2,22.6768,11.32,18563,cpu,16,131,158.26,0.05,1.487705
747,dqn,2,22.6896,11.28,18563,cpu,5,33,42.03,0.05,0.951672
748,dqn,2,22.7283,11.44,18563,cpu,15,101,146.65,0.05,1.13786
749,dqn,2,22.7307,11.44,18563,cpu,0,6,-9.55,0.05,1.022685
750,dqn,2,22.7907,11.48,18563,cpu,20,156,200.75,0.05,0.83194
751,dqn,2,22.8443,11.66,18563,cpu,17,139,169.69,0.05,0.146136
752,dqn,2,22.8949,11.84,18563,cpu,15,132,147.84,0.05,1.776025
753,dqn,2,22.9091,11.74,18563,cpu,5,37,41.79,0.05,1.47881
754,dqn,2,22.9279,11.68,18563,cpu,8,49,73.0,0.05,1.389748
755,dqn,2,22.9724,11.92,18563,cpu,14,115,137.2,0.05,0.571764
756,dqn,2,23.0359,12.04,18563,cpu,18,164,179.25,0.05,0.769306
757,dqn,2,23.0643,11.82,18563,cpu,7,74,64.14,0.05,0.692534
758,dqn,2,23.0806,11.38,18563,cpu,6,42,51.95,0.05,1.452419
759,dqn,2,23.0853,11.34,18563,cpu,1,12,0.7,0.05,0.803034
760,dqn,2,23.1226,11.36,18563,cpu,12,97,115.56,0.05,1.354019
761,dqn,2,23.1275,11.04,18563,cpu,1,13,0.99,0.05,1.658737
762,dqn,2,23.1715,11.0,18563,cpu,10,114,97.67,0.05,2.147678
763,dqn,2,23.2095,11.06,18563,cpu,14,98,136.67,0.05,1.602162
764,dqn,2,23.2246,10.98,18563,cpu,7,38,61.9,0.05,0.97891
765,dqn,2,23.2815,11.26,18563,cpu,17,143,170.45,0.05,0.763743
766,dqn,2,23.3206,11.06,18563,cpu,15,99,146.07,0.05,1.086395
767,dqn,2,23.3597,11.0,18563,cpu,15,95,145.51,0.05,1.699266
768,dqn,2,23.4169,10.96,18563,cpu,15,144,148.12,0.05,1.217157
769,dqn,2,23.432,10.82,18563,cpu,6,38,52.39,0.05,1.728235
770,dqn,2,23.4711,10.56,18563,cpu,11,98,104.94,0.05,0.938956
771,dqn,2,23.4739,10.48,18563,cpu,2,7,10.36,0.05,0.834107
772,dqn,2,23.5168,10.56,18563,cpu,13,109,127.15,0.05,1.279038
773,dqn,2,23.5616,10.48,18563,cpu,14,112,136.93,0.05,1.698687
774,dqn,2,23.5825,10.24,18563,cpu,8,49,72.6,0.05,0.746287
775,dqn,2,23.5953,10.2,18563,cpu,6,32,51.65,0.05,0.364602
776,dqn,2,23.6288,10.4,18563,cpu,12,84,115.59,0.05,0.488802
777,dqn,2,23.6614,10.48,18563,cpu,12,82,115.01,0.05,0.728276
778,dqn,2,23.687,10.34,18563,cpu,12,64,114.19,0.05,0.853574
779,dqn,2,23.732,10.14,18563,cpu,14,113,136.82,0.05,1.32715
780,dqn,2,23.7669,9.96,18563,cpu,12,87,116.06,0.05,0.936452
781,dqn,2,23.823,10.22,18563,cpu,14,142,134.83,0.05,1.527466
782,dqn,2,23.8845,10.56,18563,cpu,19,154,189.46,0.05,1.70655
783,dqn,2,23.9215,10.66,18563,cpu,13,93,126.31,0.05,1.910473
784,dqn,2,23.9499,10.66,18563,cpu,8,71,74.78,0.05,0.612052
785,dqn,2,23.9755,10.76,18563,cpu,7,64,64.24,0.05,0.721826
786,dqn,2,23.9916,10.82,18563,cpu,5,41,42.75,0.05,0.443228
787,dqn,2,24.0817,10.9,18563,cpu,22,221,222.82,0.05,1.274103
788,dqn,2,24.0971,10.98,18563,cpu,7,38,62.5,0.05,0.553497
789,dqn,2,24.1416,11.2,18563,cpu,17,112,167.26,0.05,1.324105
790,dqn,2,24.1922,11.46,18563,cpu,16,127,159.1,0.05,1.504078
791,dqn,2,24.2431,11.62,18563,cpu,18,128,178.21,0.05,1.391542
792,dqn,2,24.3081,11.7,18563,cpu,21,171,212.61,0.05,0.651161
793,dqn,2,24.3614,11.82,18563,cpu,17,139,165.29,0.05,1.647614
794,dqn,2,24.3776,11.5,18563,cpu,5,42,42.84,0.05,0.62585
795,dqn,2,24.3967,11.4,18563,cpu,6,50,53.67,0.05,0.73976
796,dqn,2,24.4181,11.26,18563,cpu,9,55,83.05,0.05,1.667192
797,dqn,2,24.4805,11.5,18563,cpu,17,161,169.87,0.05,1.63724
798,dqn,2,24.5219,11.52,18563,cpu,16,108,156.39,0.05,1.772871
799,dqn,2,24.5649,11.82,18563,cpu,15,112,147.84,0.05,1.276304
800,dqn,2,24.6069,11.68,18563,cpu,13,110,128.24,0.05,0.806797
801,dqn,2,24.6482,11.6,18563,cpu,13,107,127.57,0.05,1.860611
802,dqn,2,24.6822,11.56,18563,cpu,13,89,125.95,0.05,0.556394
803,dqn,2,24.7234,11.76,18563,cpu,15,108,148.08,0.05,1.274845
804,dqn,2,24.7584,11.82,18563,cpu,11,92,106.4,0.05,1.453929
805,dqn,2,24.8139,11.94,18563,cpu,20,145,199.56,0.05,1.039857
806,dqn,2,24.8513,11.86,18563,cpu,14,97,136.78,0.05,1.582848
807,dqn,2,24.8913,11.98,18563,cpu,13,104,127.1,0.05,0.963484
808,dqn,2,24.9301,12.12,18563,cpu,13,101,126.03,0.05,2.066654
809,dqn,2,25.0074,12.56,18563,cpu,23,199,232.55,0.05,1.052157
810,dqn,2,25.026,12.46,18563,cpu,7,49,62.49,0.05,1.634421
811,dqn,2,25.0298,12.46,18563,cpu,1,10,0.72,0.05,0.451805
812,dqn,2,25.0326,12.26,18563,cpu,0,7,-9.46,0.05,1.253026
813,dqn,2,25.0714,12.18,18563,cpu,10,101,96.9,0.05,1.188396
814,dqn,2,25.1091,12.3,18563,cpu,13,98,127.16,0.05,0.78291
815,dqn,2,25.1619,12.28,18563,cpu,16,137,156.8,0.05,1.038941
816,dqn,2,25.2065,12.32,18563,cpu,17,117,166.51,0.05,0.902046
817,dqn,2,25.2899,12.5,18563,cpu,24,216,242.79,0.05,1.028974
818,dqn,2,25.3246,12.4,18563,cpu,10,90,96.71,0.05,0.690173
819,dqn,2,25.3615,12.58,18563,cpu,15,96,146.4,0.05,0.609717
820,dqn,2,25.3879,12.54,18563,cpu,9,68,84.42,0.05,1.647782
821,dqn,2,25.4233,12.76,18563,cpu,13,91,126.13,0.05,1.527413
822,dqn,2,25.4415,12.62,18563,cpu,6,48,53.49,0.05,2.415932
823,dqn,2,25.4753,12.56,18563,cpu,11,88,106.44,0.05,2.136305
824,dqn,2,25.5069,12.58,18563,cpu,9,82,86.28,0.05,1.127211
825,dqn,2,25.5507,12.76,18563,cpu,15,114,148.22,0.05,1.3539
826,dqn,2,25.5585,12.58,18563,cpu,3,20,21.04,0.05,1.547825
827,dqn,2,25.5786,12.48,18563,cpu,7,52,63.96,0.05,1.233554
828,dqn,2,25.6064,12.46,18563,cpu,11,72,104.2,0.05,1.496646
829,dqn,2,25.6186,12.22,18563,cpu,2,31,11.92,0.05,1.120364
830,dqn,2,25.6452,12.2,18563,cpu,11,68,104.84,0.05,0.7428
831,dqn,2,25.6659,12.06,18563,cpu,7,54,63.14,0.05,0.921072
832,dqn,2,25.7137,11.96,18563,cpu,14,124,138.81,0.05,1.224383
833,dqn,2,25.7442,11.88,18563,cpu,9,79,85.61,0.05,0.809855
834,dqn,2,25.7569,11.84,18563,cpu,6,33,51.94,0.05,1.576082
835,dqn,2,25.8061,12.06,18563,cpu,18,128,177.81,0.05,0.766635
836,dqn,2,25.8495,12.28,18563,cpu,16,113,157.44,0.05,0.403179
837,dqn,2,25.8843,12.1,18563,cpu,13,91,125.33,0.05,0.959432
838,dqn,2,25.9019,12.08,18563,cpu,6,46,53.31,0.05,2.804416
839,dqn,2,25.9264,11.88,18563,cpu,7,64,62.84,0.05,1.076283
840,dqn,2,25.9603,11.74,18563,cpu,9,88,86.42,0.05,1.853108
841,dqn,2,25.9892,11.56,18563,cpu,9,74,85.56,0.05,1.340759
842,dqn,2,26.0224,11.38,18563,cpu,12,87,115.06,0.05,1.032148
843,dqn,2,26.0812,11.42,18563,cpu,19,153,188.97,0.05,1.109712
844,dqn,2,26.1109,11.52,18563,cpu,10,78,95.23,0.05,2.713503
845,dqn,2,26.1225,11.46,18563,cpu,3,30,22.14,0.05,1.04283
846,dqn,2,26.1646,11.6,18563,cpu,16,110,157.37,0.05,0.828441
847,dqn,2,26.1718,11.3,18563,cpu,2,19,11.24,0.05,0.985106
848,dqn,2,26.2097,11.22,18563,cpu,12,99,117.54,0.05,0.932353
849,dqn,2,26.2291,11.08,18563,cpu,8,50,73.49,0.05,1.327053
850,dqn,2,26.2613,11.04,18563,cpu,11,83,104.19,0.05,0.949183
851,dqn,2,26.3158,11.16,18563,cpu,19,141,189.29,0.05,0.825393
852,dqn,2,26.3455,11.08,18563,cpu,9,78,85.52,0.05,1.08309
853,dqn,2,26.3737,10.98,18563,cpu,10,74,94.47,0.05,1.047861
854,dqn,2,26.3886,10.88,18563,cpu,6,38,52.79,0.05,1.145218
855,dqn,2,26.4485,10.88,18563,cpu,20,156,200.95,0.05,0.6366
856,dqn,2,26.4776,10.82,18563,cpu,11,76,104.96,0.05,1.431034
857,dqn,2,26.4825,10.58,18563,cpu,1,13,0.79,0.05,1.825605
858,dqn,2,26.4968,10.44,18563,cpu,6,37,52.3,0.05,1.791412
859,dqn,2,26.5275,10.24,18563,cpu,13,80,125.54,0.05,0.990304
860,dqn,2,26.5608,10.36,18563,cpu,13,87,126.17,0.05,1.960518
861,dqn,2,26.5714,10.44,18563,cpu,5,27,41.69,0.05,0.775551
862,dqn,2,26.6029,10.64,18563,cpu,10,82,95.79,0.05,0.925001
863,dqn,2,26.6665,10.86,18563,cpu,21,163,210.29,0.05,1.921101
864,dqn,2,26.6742,10.64,18563,cpu,2,20,11.53,0.05,1.153747
865,dqn,2,26.7197,10.58,18563,cpu,13,118,128.96,0.05,1.114628
866,dqn,2,26.7549,10.46,18563,cpu,11,91,106.11,0.05,0.973346
867,dqn,2,26.7976,10.2,18563,cpu,11,111,107.71,0.05,1.381591
868,dqn,2,26.8404,10.24,18563,cpu,12,112,115.51,0.05,1.386467
869,dqn,2,26.8779,10.24,18563,cpu,15,97,146.29,0.05,0.596887
870,dqn,2,26.9132,10.28,18563,cpu,11,92,106.6,0.05,1.10937
871,dqn,2,27.0019,10.48,18563,cpu,23,230,233.94,0.05,0.913812
872,dqn,2,27.0421,10.6,18563,cpu,12,104,117.39,0.05,0.634873
873,dqn,2,27.1033,10.86,18563,cpu,24,159,240.66,0.05,1.4904
874,dqn,2,27.1593,11.06,18563,cpu,19,145,187.05,0.05,0.304701
875,dqn,2,27.171,10.82,18563,cpu,3,30,21.94,0.05,0.4473
876,dqn,2,27.1866,10.88,18563,cpu,6,41,52.86,0.05,1.103696
877,dqn,2,27.22,11.0,18563,cpu,13,84,125.1,0.05,0.858278
878,dqn,2,27.269,11.02,18563,cpu,12,124,118.79,0.05,1.441897
879,dqn,2,27.2775,11.04,18563,cpu,3,22,21.62,0.05,1.149461
880,dqn,2,27.3339,11.14,18563,cpu,16,142,158.65,0.05,1.689416
881,dqn,2,27.3438,11.1,18563,cpu,5,25,41.51,0.05,1.03464
882,dqn,2,27.3885,11.14,18563,cpu,16,112,156.15,0.05,1.704684
883,dqn,2,27.4221,11.16,18563,cpu,10,84,95.17,0.05,1.465643
884,dqn,2,27.4361,11.16,18563,cpu,6,36,51.61,0.05,0.650196
885,dqn,2,27.4834,11.08,18563,cpu,14,119,139.36,0.05,1.079203
886,dqn,2,27.5263,10.98,18563,cpu,11,108,108.04,0.05,0.880259
887,dqn,2,27.5755,11.02,18563,cpu,15,123,147.83,0.05,1.139884
888,dqn,2,27.6366,11.26,18563,cpu,18,153,180.46,0.05,1.287405
889,dqn,2,27.6688,11.3,18563,cpu,9,80,85.5,0.05,1.205317
890,dqn,2,27.7002,11.32,18563,cpu,10,79,95.72,0.05,1.186953
891,dqn,2,27.728,11.32,18563,cpu,9,70,84.0,0.05,1.754324
892,dqn,2,27.7764,11.38,18563,cpu,15,121,147.85,0.05,1.192269
893,dqn,2,27.8051,11.18,18563,cpu,9,71,85.29,0.05,2.317283
894,dqn,2,27.8317,11.16,18563,cpu,9,66,84.84,0.05,0.574348
895,dqn,2,27.89,11.42,18563,cpu,16,146,159.01,0.05,1.262013
896,dqn,2,27.9135,11.26,18563,cpu,8,59,74.1,0.05,0.868829
897,dqn,2,27.9814,11.62,18563,cpu,20,170,200.01,0.05,0.680268
898,dqn,2,27.9865,11.42,18563,cpu,2,13,10.5,0.05,0.802218
899,dqn,2,28.0596,11.64,18563,cpu,19,184,190.96,0.05,0.5797
900,dqn,2,28.1406,11.82,18563,cpu,20,203,199.38,0.05,0.687612
901,dqn,2,28.1973,11.8,18563,cpu,18,142,178.07,0.05,1.493049
902,dqn,2,28.2436,11.94,18563,cpu,16,117,156.6,0.05,1.27089
903,dqn,2,28.2961,12.2,18563,cpu,23,136,227.68,0.05,1.202355
904,dqn,2,28.3182,12.2,18563,cpu,6,58,53.79,0.05,1.209153
905,dqn,2,28.3516,12.02,18563,cpu,11,86,104.26,0.05,0.919768
906,dqn,2,28.3775,12.04,18563,cpu,12,67,114.06,0.05,0.978681
907,dqn,2,28.3878,12.12,18563,cpu,5,27,41.69,0.05,0.771406
908,dqn,2,28.4115,12.16,18563,cpu,8,62,74.57,0.05,1.852114
909,dqn,2,28.4551,12.16,18563,cpu,13,113,127.11,0.05,1.075785
910,dqn,2,28.4891,12.08,18563,cpu,9,89,85.51,0.05,1.496464
911,dqn,2,28.539,12.28,18563,cpu,15,129,148.77,0.05,1.177365
912,dqn,2,28.5708,12.34,18563,cpu,13,83,124.81,0.05,1.129544
913,dqn,2,28.5748,11.94,18563,cpu,1,10,0.52,0.05,1.014587
914,dqn,2,28.6246,12.2,18563,cpu,15,129,147.77,0.05,1.153377
915,dqn,2,28.6451,12.06,18563,cpu,6,53,53.74,0.05,1.691192
916,dqn,2,28.7053,12.26,18563,cpu,21,156,211.06,0.05,1.318892
917,dqn,2,28.7096,12.08,18563,cpu,2,11,10.72,0.05,1.019637
918,dqn,2,28.7361,12.04,18563,cpu,10,69,94.62,0.05,1.342011
919,dqn,2,28.7553,11.86,18563,cpu,6,49,53.18,0.05,1.259801
920,dqn,2,28.7938,11.88,18563,cpu,12,100,117.23,0.05,1.300606
921,dqn,2,28.842,11.76,18563,cpu,17,125,167.43,0.05,0.415069
922,dqn,2,28.8512,11.6,18563,cpu,4,24,31.51,0.05,0.812251
923,dqn,2,28.8919,11.44,18563,cpu,16,106,157.01,0.05,0.636052
924,dqn,2,28.9364,11.38,18563,cpu,16,115,158.62,0.05,0.495326
925,dqn,2,28.9465,11.38,18563,cpu,3,26,21.98,0.05,1.809334
926,dqn,2,28.986,11.54,18563,cpu,14,100,136.05,0.05,1.559898
927,dqn,2,29.0219,11.54,18563,cpu,13,92,125.82,0.05,0.45795
928,dqn,2,29.045,11.5,18563,cpu,10,60,93.81,0.05,0.865439
929,dqn,2,29.084,11.68,18563,cpu,12,102,115.81,0.05,0.9101
930,dqn,2,29.0872,11.4,18563,cpu,2,8,10.25,0.05,1.003091
931,dqn,2,29.1583,11.7,18563,cpu,20,185,199.96,0.05,1.075406
932,dqn,2,29.237,11.86,18563,cpu,24,205,240.8,0.05,0.534757
933,dqn,2,29.2774,11.92,18563,cpu,13,105,127.19,0.05,0.844632
934,dqn,2,29.3233,12.1,18563,cpu,15,119,148.27,0.05,0.874497
935,dqn,2,29.3366,11.88,18563,cpu,3,35,22.59,0.05,0.40551
936,dqn,2,29.3786,11.96,18563,cpu,15,109,147.77,0.05,1.081668
937,dqn,2,29.4319,11.98,18563,cpu,16,138,157.49,0.05,1.041811
938,dqn,2,29.4572,11.78,18563,cpu,8,66,74.53,0.05,1.370861
939,dqn,2,29.4727,11.7,18563,cpu,5,40,42.86,0.05,1.592794
940,dqn,2,29.4985,11.66,18563,cpu,8,67,73.62,0.05,0.909308
941,dqn,2,29.503,11.5,18563,cpu,1,12,0.7,0.05,0.896128
942,dqn,2,29.5084,11.22,18563,cpu,1,14,0.68,0.05,1.144749
943,dqn,2,29.5724,11.46,18563,cpu,21,166,211.56,0.05,1.134043
944,dqn,2,29.5985,11.44,18563,cpu,8,68,75.11,0.05,0.598851
945,dqn,2,29.6617,11.48,18563,cpu,18,162,179.07,0.05,1.39239
946,dqn,2,29.6902,11.52,18563,cpu,10,74,94.67,0.05,0.937867
947,dqn,2,29.7447,11.4,18563,cpu,14,141,136.54,0.05,0.292865
948,dqn,2,29.7604,11.48,18563,cpu,6,41,53.06,0.05,1.213515
949,dqn,2,29.7974,11.34,18563,cpu,12,96,113.47,0.05,1.844657
950,dqn,2,29.8048,10.98,18563,cpu,2,19,11.24,0.05,1.846037
951,dqn,2,29.8807,11.14,18563,cpu,26,196,261.41,0.05,0.556964
952,dqn,2,29.9223,11.06,18563,cpu,12,107,117.66,0.05,1.063025
953,dqn,2,29.9677,10.9,18563,cpu,15,118,147.18,0.05,0.583135
954,dqn,2,30.0117,11.06,18563,cpu,14,113,138.42,0.05,1.370685
955,dqn,2,30.061,11.12,18563,cpu,14,128,138.17,0.05,0.953842
956,dqn,2,30.1073,11.14,18563,cpu,13,120,127.54,0.05,0.82691
957,dqn,2,30.1543,11.36,18563,cpu,16,122,157.45,0.05,1.028738
958,dqn,2,30.1992,11.46,18563,cpu,13,117,127.87,0.05,1.068392
959,dqn,2,30.2288,11.4,18563,cpu,10,77,94.94,0.05,0.796092
960,dqn,2,30.2383,11.3,18563,cpu,4,25,31.8,0.05,1.771878
961,dqn,2,30.2762,11.32,18563,cpu,16,98,156.49,0.05,1.059891
962,dqn,2,30.3528,11.5,18563,cpu,22,198,220.95,0.05,0.693885
963,dqn,2,30.3955,11.78,18563,cpu,15,110,147.86,0.05,1.176448
964,dqn,2,30.4593,11.88,18563,cpu,20,165,200.96,0.05,0.871541
965,dqn,2,30.5115,12.1,18563,cpu,17,131,167.17,0.05,1.599128
966,dqn,2,30.5229,11.76,18563,cpu,4,28,32.07,0.05,0.916085
967,dqn,2,30.5631,12.02,18563,cpu,15,102,146.54,0.05,0.653553
968,dqn,2,30.5698,11.88,18563,cpu,3,17,21.17,0.05,1.816299
969,dqn,2,30.602,11.96,18563,cpu,10,81,95.7,0.05,1.044914
970,dqn,2,30.6095,11.74,18563,cpu,1,19,1.53,0.05,0.422459
971,dqn,2,30.6207,11.46,18563,cpu,3,28,21.76,0.05,1.092476
972,dqn,2,30.6716,11.68,18563,cpu,15,128,147.08,0.05,0.466424
973,dqn,2,30.6787,11.4,18563,cpu,2,18,10.75,0.05,1.179851
974,dqn,2,30.6978,11.2,18563,cpu,6,49,52.58,0.05,1.401767
975,dqn,2,30.7466,11.4,18563,cpu,13,124,128.9,0.05,0.786839
976,dqn,2,30.7778,11.34,18563,cpu,11,80,105.92,0.05,1.299491
977,dqn,2,30.8487,11.5,18563,cpu,21,183,208.89,0.05,0.673525
978,dqn,2,30.8954,11.52,18563,cpu,11,120,106.92,0.05,0.523375
979,dqn,2,30.9636,11.66,18563,cpu,19,175,190.55,0.05,0.783424
980,dqn,2,31.0267,12.0,18563,cpu,19,162,188.78,0.05,2.035926
981,dqn,2,31.0452,11.7,18563,cpu,5,48,43.58,0.05,1.08316
982,dqn,2,31.0926,11.48,18563,cpu,13,123,128.01,0.05,1.524927
983,dqn,2,31.0957,11.22,18563,cpu,0,8,-9.57,0.05,1.104796
984,dqn,2,31.1727,11.38,18563,cpu,23,200,231.84,0.05,0.780605
985,dqn,2,31.204,11.48,18563,cpu,8,80,75.99,0.05,1.369502
986,dqn,2,31.2524,11.5,18563,cpu,16,122,158.05,0.05,0.736017
987,dqn,2,31.2669,11.3,18563,cpu,6,36,52.41,0.05,1.110524
988,dqn,2,31.2847,11.28,18563,cpu,7,46,63.02,0.05,0.989528
989,dqn,2,31.3061,11.34,18563,cpu,8,54,73.85,0.05,1.078699
990,dqn,2,31.3246,11.32,18563,cpu,7,47,63.51,0.05,0.93751
991,dqn,2,31.3678,11.62,18563,cpu,16,110,156.77,0.05,0.176433
992,dqn,2,31.383,11.7,18563,cpu,5,38,42.88,0.05,0.817712
993,dqn,2,31.3979,11.34,18563,cpu,3,38,22.66,0.05,0.760828
994,dqn,2,31.4311,11.36,18563,cpu,9,84,86.46,0.05,1.246658
995,dqn,2,31.4635,11.2,18563,cpu,10,82,96.19,0.05,1.005836
996,dqn,2,31.4993,11.22,18563,cpu,11,91,105.51,0.05,0.788844
997,dqn,2,31.5248,11.08,18563,cpu,7,65,64.13,0.05,1.25836
998,dqn,2,31.5805,11.32,18563,cpu,18,140,177.89,0.05,1.145271
999,dqn,2,31.5911,11.16,18563,cpu,4,27,31.58,0.05,0.769522
1000,dqn,2,31.6157,11.32,18563,cpu,10,63,93.48,0.05,1.779187
1001,dqn,2,31.6953,11.26,18563,cpu,23,203,231.11,0.05,0.562349
1002,dqn,2,31.7277,11.22,18563,cpu,10,82,96.19,0.05,0.756196
1003,dqn,2,31.7622,11.08,18563,cpu,8,88,75.31,0.05,0.785144
1004,dqn,2,31.7955,11.02,18563,cpu,11,84,105.88,0.05,1.610681
1005,dqn,2,31.835,11.0,18563,cpu,13,100,126.74,0.05,0.879127
1006,dqn,2,31.8761,10.9,18563,cpu,8,71,74.98,0.05,1.378704
1007,dqn,2,31.9595,10.82,18563,cpu,12,80,115.43,0.05,1.583263
1008,dqn,2,32.0129,10.82,18563,cpu,13,92,126.42,0.05,0.660024
1009,dqn,2,32.0682,10.82,18563,cpu,10,76,94.45,0.05,1.312589
1010,dqn,2,32.0813,10.8,18563,cpu,3,31,22.03,0.05,0.617497
1011,dqn,2,32.098,10.58,18563,cpu,5,37,42.19,0.05,0.649137
1012,dqn,2,32.1185,10.28,18563,cpu,7,49,63.69,0.05,1.511982
1013,dqn,2,32.1276,10.02,18563,cpu,2,15,10.88,0.05,1.157108
1014,dqn,2,32.2248,10.18,18563,cpu,28,225,282.44,0.05,1.908286
1015,dqn,2,32.2656,10.06,18563,cpu,11,104,107.88,0.05,1.749609
1016,dqn,2,32.3134,10.3,18563,cpu,16,123,157.14,0.05,1.334931
1017,dqn,2,32.3257,10.12,18563,cpu,6,32,51.85,0.05,0.146814
1018,dqn,2,32.4024,10.48,18563,cpu,21,196,209.46,0.05,0.59387
1019,dqn,2,32.45,10.68,18563,cpu,20,123,197.98,0.05,0.688085
1020,dqn,2,32.4919,10.94,18563,cpu,14,108,137.97,0.05,1.461792
1021,dqn,2,32.5575,11.3,18563,cpu,21,170,210.12,0.05,0.79581
1022,dqn,2,32.5847,11.24,18563,cpu,12,70,115.13,0.05,0.820737
1023,dqn,2,32.6005,11.3,18563,cpu,5,41,43.15,0.05,1.611421
1024,dqn,2,32.6113,11.24,18563,cpu,3,28,21.76,0.05,1.216662
1025,dqn,2,32.6157,11.0,18563,cpu,1,11,0.81,0.05,1.198633
1026,dqn,2,32.6714,11.1,18563,cpu,16,142,160.25,0.05,1.569532
1027,dqn,2,32.7312,11.06,18563,cpu,19,152,189.88,0.05,0.802466
1028,dqn,2,32.7523,10.98,18563,cpu,7,54,63.74,0.05,1.602803
1029,dqn,2,32.7624,10.64,18563,cpu,2,26,12.07,0.05,0.852569
1030,dqn,2,32.8056,10.52,18563,cpu,13,112,128.02,0.05,0.541011
1031,dqn,2,32.8669,10.7,18563,cpu,14,158,139.47,0.05,0.829354
1032,dqn,2,32.8944,10.58,18563,cpu,7,70,65.18,0.05,0.866102
1033,dqn,2,32.9183,10.76,18563,cpu,9,62,83.88,0.05,1.524009
1034,dqn,2,32.9942,10.78,18563,cpu,24,192,240.83,0.05,1.267189
1035,dqn,2,33.0286,10.84,18563,cpu,11,89,106.73,0.05,1.750588
1036,dqn,2,33.0602,10.76,18563,cpu,12,80,115.23,0.05,0.56762
1037,dqn,2,33.1011,11.06,18563,cpu,21,104,206.58,0.05,1.939066
1038,dqn,2,33.2124,11.6,18563,cpu,34,273,344.82,0.05,0.9508
1039,dqn,2,33.2344,11.58,18563,cpu,7,54,63.54,0.05,1.582653
1040,dqn,2,33.2978,11.8,18563,cpu,18,155,180.24,0.05,1.863411
1041,dqn,2,33.319,11.62,18563,cpu,7,54,63.34,0.05,1.493876
1042,dqn,2,33.3629,11.76,18563,cpu,12,110,116.73,0.05,1.326136
1043,dqn,2,33.4484,12.2,18563,cpu,25,214,254.12,0.05,1.355064
1044,dqn,2,33.5192,12.5,18563,cpu,24,177,239.68,0.05,1.089848
1045,dqn,2,33.5708,12.62,18563,cpu,16,131,158.26,0.05,1.211752
1046,dqn,2,33.6285,12.86,18563,cpu,23,145,229.69,0.05,0.543594
1047,dqn,2,33.658,12.92,18563,cpu,10,75,94.56,0.05,1.372908
1048,dqn,2,33.6834,12.76,18563,cpu,10,66,94.75,0.05,0.809563
1049,dqn,2,33.693,12.72,18563,cpu,2,25,11.98,0.05,1.291373
1050,dqn,2,33.7406,12.86,18563,cpu,17,122,168.36,0.05,1.190808
1051,dqn,2,33.7601,12.56,18563,cpu,8,50,73.49,0.05,0.527129
1052,dqn,2,33.8074,12.6,18563,cpu,12,121,119.32,0.05,2.282946
1053,dqn,2,33.8558,12.76,18563,cpu,16,125,156.32,0.05,0.899375
1054,dqn,2,33.8794,12.72,18563,cpu,9,59,84.41,0.05,1.363985
1055,dqn,2,33.9376,12.72,18563,cpu,13,148,127.06,0.05,0.75274
1056,dqn,2,33.9961,12.88,18563,cpu,16,148,159.99,0.05,0.665703
1057,dqn,2,34.012,12.76,18563,cpu,6,41,52.66,0.05,0.392494
1058,dqn,2,34.0305,12.66,18563,cpu,8,46,73.13,0.05,1.635371
1059,dqn,2,34.1039,12.86,18563,cpu,20,182,201.69,0.05,1.292811
1060,dqn,2,34.11,12.84,18563,cpu,2,15,11.08,0.05,1.218273
1061,dqn,2,34.1511,13.04,18563,cpu,15,101,146.65,0.05,0.998078
1062,dqn,2,34.1706,13.02,18563,cpu,6,49,52.98,0.05,0.921006
1063,dqn,2,34.1928,13.1,18563,cpu,6,56,54.41,0.05,1.204772
1064,dqn,2,34.2355,12.78,18563,cpu,12,108,117.15,0.05,1.313375
1065,dqn,2,34.2651,12.74,18563,cpu,9,75,85.25,0.05,1.161699
1066,dqn,2,34.3286,12.76,18563,cpu,17,164,170.14,0.05,1.355846
1067,dqn,2,34.3915,13.06,18563,cpu,21,162,207.4,0.05,1.62718
1068,dqn,2,34.4194,12.86,18563,cpu,11,73,103.69,0.05,1.553104
1069,dqn,2,34.4462,12.68,18563,cpu,11,69,104.73,0.05,1.429259
1070,dqn,2,34.4644,12.52,18563,cpu,6,47,53.0,0.05,1.284518
1071,dqn,2,34.4811,12.18,18563,cpu,4,44,32.91,0.05,0.250961
1072,dqn,2,34.5673,12.34,18563,cpu,20,224,203.27,0.05,1.977373
1073,dqn,2,34.622,12.62,18563,cpu,19,139,189.11,0.05,0.370338
1074,dqn,2,34.6955,12.96,18563,cpu,20,186,197.25,0.05,1.303465
1075,dqn,2,34.7653,13.38,18563,cpu,22,177,220.86,0.05,1.731509
1076,dqn,2,34.7921,13.28,18563,cpu,11,68,104.84,0.05,0.745553
1077,dqn,2,34.8294,13.18,18563,cpu,14,95,136.2,0.05,0.468259
1078,dqn,2,34.8733,13.34,18563,cpu,15,111,147.15,0.05,0.739807
1079,dqn,2,34.8894,13.42,18563,cpu,6,41,53.06,0.05,0.721636
1080,dqn,2,34.9042,13.28,18563,cpu,6,38,52.59,0.05,1.060239
1081,dqn,2,34.9379,13.22,18563,cpu,11,86,106.26,0.05,1.876076
1082,dqn,2,35.0107,13.52,18563,cpu,22,183,222.6,0.05,1.922957
1083,dqn,2,35.0401,13.58,18563,cpu,12,75,114.98,0.05,1.367122
1084,dqn,2,35.1041,13.48,18563,cpu,19,163,190.07,0.05,0.439846
1085,dqn,2,35.1385,13.48,18563,cpu,11,89,106.33,0.05,0.637714
1086,dqn,2,35.2015,13.64,18563,cpu,20,162,200.69,0.05,0.957582
1087,dqn,2,35.2266,13.42,18563,cpu,10,63,94.48,0.05,0.842043
1088,dqn,2,35.2469,12.94,18563,cpu,10,51,93.4,0.05,0.442475
1089,dqn,2,35.3005,13.16,18563,cpu,18,135,178.84,0.05,0.812134
1090,dqn,2,35.3527,13.16,18563,cpu,18,131,179.68,0.05,1.284542
1091,dqn,2,35.3787,13.18,18563,cpu,8,65,74.44,0.05,1.690187
1092,dqn,2,35.4238,13.18,18563,cpu,12,113,115.0,0.05,0.871799
1093,dqn,2,35.476,13.04,18563,cpu,18,131,178.48,0.05,0.883474
1094,dqn,2,35.503,12.74,18563,cpu,9,68,84.42,0.05,1.048683
1095,dqn,2,35.5575,12.74,18563,cpu,16,137,157.6,0.05,0.9913
1096,dqn,2,35.5614,12.3,18563,cpu,1,10,0.72,0.05,1.265944
1097,dqn,2,35.573,12.18,18563,cpu,4,29,32.16,0.05,1.097005
1098,dqn,2,35.6736,12.56,18563,cpu,29,251,293.89,0.05,0.902675
1099,dqn,2,35.7229,12.82,18563,cpu,15,123,148.63,0.05,1.550011
1100,dqn,2,35.738,12.62,18563,cpu,7,38,62.5,0.05,1.517611
1101,dqn,2,35.7868,12.76,18563,cpu,15,123,146.43,0.05,0.832148
1102,dqn,2,35.8158,12.72,18563,cpu,10,73,95.18,0.05,1.58387
1103,dqn,2,35.8938,12.88,18563,cpu,24,196,241.19,0.05,0.366931
1104,dqn,2,35.9395,12.96,18563,cpu,13,116,127.18,0.05,1.410865
1105,dqn,2,35.9813,12.96,18563,cpu,13,105,126.99,0.05,0.973433
1106,dqn,2,36.0242,12.92,18563,cpu,14,108,137.17,0.05,0.736904
1107,dqn,2,36.0797,13.08,18563,cpu,14,140,138.05,0.05,1.342999
1108,dqn,2,36.0826,12.92,18563,cpu,0,7,-9.46,0.05,1.411114
1109,dqn,2,36.129,12.84,18563,cpu,16,116,157.51,0.05,1.449208
1110,dqn,2,36.1587,13.0,18563,cpu,10,75,94.56,0.05,1.060738
1111,dqn,2,36.1741,12.8,18563,cpu,5,39,42.77,0.05,0.560224
1112,dqn,2,36.2164,12.98,18563,cpu,15,107,146.19,0.05,0.798756
1113,dqn,2,36.2259,12.94,18563,cpu,4,24,31.71,0.05,0.750648
1114,dqn,2,36.2466,12.86,18563,cpu,8,53,72.36,0.05,1.295177
1115,dqn,2,36.2498,12.7,18563,cpu,1,8,0.54,0.05,1.988606
1116,dqn,2,36.2802,12.62,18563,cpu,13,79,125.65,0.05,0.545655
1117,dqn,2,36.3138,12.48,18563,cpu,14,87,136.08,0.05,0.562248
1118,dqn,2,36.3296,12.42,18563,cpu,8,41,72.28,0.05,1.325248
1119,dqn,2,36.3457,12.32,18563,cpu,6,42,52.95,0.05,1.174023
1120,dqn,2,36.3743,12.46,18563,cpu,13,73,123.71,0.05,0.827731
1121,dqn,2,36.3999,12.52,18563,cpu,7,66,64.42,0.05,0.657873
1122,dqn,2,36.4236,12.24,18563,cpu,6,61,52.26,0.05,0.692136
1123,dqn,2,36.4928,12.26,18563,cpu,20,180,201.31,0.05,1.745517
1124,dqn,2,36.5494,12.18,18563,cpu,16,147,159.7,0.05,1.261031
1125,dqn,2,36.5916,11.98,18563,cpu,12,109,118.04,0.05,0.963543
1126,dqn,2,36.6316,12.06,18563,cpu,15,103,147.43,0.05,1.098009
1127,dqn,2,36.6763,12.04,18563,cpu,13,116,127.98,0.05,1.435254
1128,dqn,2,36.7162,12.0,18563,cpu,13,104,125.3,0.05,0.992568
1129,dqn,2,36.7317,12.02,18563,cpu,7,40,62.88,0.05,1.290741
1130,dqn,2,36.7413,11.98,18563,cpu,4,25,31.8,0.05,0.681998
1131,dqn,2,36.8039,12.06,18563,cpu,15,162,150.14,0.05,1.248026
1132,dqn,2,36.8173,11.72,18563,cpu,5,35,42.41,0.05,0.771175
1133,dqn,2,36.847,11.66,18563,cpu,9,77,85.83,0.05,1.235503
1134,dqn,2,36.9061,11.64,18563,cpu,18,152,179.77,0.05,0.771742
1135,dqn,2,36.9352,11.62,18563,cpu,10,74,95.27,0.05,1.025902
1136,dqn,2,36.9966,11.48,18563,cpu,13,151,128.93,0.05,1.56043
1137,dqn,2,37.0028,11.32,18563,cpu,2,16,11.17,0.05,0.840111
1138,dqn,2,37.0551,11.32,18563,cpu,10,85,94.86,0.05,1.210522
1139,dqn,2,37.0633,11.04,18563,cpu,4,21,31.24,0.05,1.365385
1140,dqn,2,37.1025,10.88,18563,cpu,10,102,96.99,0.05,0.966557
1141,dqn,2,37.114,10.8,18563,cpu,4,30,32.25,0.05,1.746332
1142,dqn,2,37.1576,10.84,18563,cpu,14,114,136.31,0.05,0.385985
1143,dqn,2,37.1741,10.62,18563,cpu,7,43,63.15,0.05,0.955899
1144,dqn,2,37.2205,10.8,18563,cpu,18,121,178.38,0.05,1.538152
1145,dqn,2,37.2657,10.76,18563,cpu,14,117,136.78,0.05,0.835024
1146,dqn,2,37.2887,10.88,18563,cpu,7,60,63.88,0.05,1.451228
1147,dqn,2,37.3188,11.0,18563,cpu,10,79,95.92,0.05,2.079213
1148,dqn,2,37.371,10.82,18563,cpu,20,136,198.55,0.05,1.210401
1149,dqn,2,37.4456,10.96,18563,cpu,22,195,222.48,0.05,0.917596
1150,dqn,2,37.4774,11.0,18563,cpu,9,84,86.26,0.05,0.604406
1151,dqn,2,37.4907,10.8,18563,cpu,5,35,42.41,0.05,0.592377
1152,dqn,2,37.5261,10.84,18563,cpu,12,93,115.8,0.05,0.489241
1153,dqn,2,37.5695,10.68,18563,cpu,16,114,157.93,0.05,0.569043
1154,dqn,2,37.6066,10.68,18563,cpu,13,97,126.07,0.05,0.495513
1155,dqn,2,37.6093,10.42,18563,cpu,0,7,-9.46,0.05,2.002583
1156,dqn,2,37.6358,10.34,18563,cpu,10,68,93.73,0.05,0.769587
1157,dqn,2,37.6628,10.22,18563,cpu,8,71,74.58,0.05,1.553684
1158,dqn,2,37.679,10.36,18563,cpu,7,42,62.46,0.05,1.033462
1159,dqn,2,37.6934,10.12,18563,cpu,4,38,32.57,0.05,0.777068
1160,dqn,2,37.7215,10.16,18563,cpu,12,73,114.2,0.05,0.920732
1161,dqn,2,37.7504,10.26,18563,cpu,10,75,95.76,0.05,0.269462
1162,dqn,2,37.8013,10.3,18563,cpu,17,127,168.61,0.05,1.312999
1163,dqn,2,37.8281,10.48,18563,cpu,13,67,123.97,0.05,1.232618
1164,dqn,2,37.8854,10.58,18563,cpu,13,146,130.08,0.05,1.649338
1165,dqn,2,37.8931,10.62,18563,cpu,3,20,21.04,0.05,1.002257
1166,dqn,2,37.9289,10.62,18563,cpu,13,92,126.82,0.05,1.050905
1167,dqn,2,37.9957,10.76,18563,cpu,21,170,209.32,0.05,0.951617
1168,dqn,2,38.0502,10.9,18563,cpu,15,141,146.45,0.05,0.979631
1169,dqn,2,38.0997,11.1,18563,cpu,16,129,158.88,0.05,1.488952
1170,dqn,2,38.1478,11.18,18563,cpu,17,125,167.63,0.05,1.119682
1171,dqn,2,38.2324,11.44,18563,cpu,20,219,199.82,0.05,1.614519
1172,dqn,2,38.2888,11.7,18563,cpu,19,147,187.03,0.05,1.178952
1173,dqn,2,38.3427,11.66,18563,cpu,18,141,179.38,0.05,0.547132
1174,dqn,2,38.3789,11.66,18563,cpu,16,93,156.44,0.05,0.907035
1175,dqn,2,38.4249,11.68,18563,cpu,13,120,127.34,0.05,1.487081
1176,dqn,2,38.4807,11.76,18563,cpu,19,145,188.05,0.05,1.914191
1177,dqn,2,38.5055,11.64,18563,cpu,7,65,64.33,0.05,0.882001
1178,dqn,2,38.5947,11.86,18563,cpu,24,204,243.51,0.05,1.498076
1179,dqn,2,38.6036,11.76,18563,cpu,2,20,11.33,0.05,1.412391
1180,dqn,2,38.6237,11.8,18563,cpu,6,43,53.24,0.05,1.753314
1181,dqn,2,38.6951,11.98,18563,cpu,24,170,237.05,0.05,0.713302
1182,dqn,2,38.7504,12.22,18563,cpu,17,140,167.58,0.05,1.372474
1183,dqn,2,38.7626,12.14,18563,cpu,5,30,41.96,0.05,0.990537
1184,dqn,2,38.7864,11.98,18563,cpu,10,61,94.3,0.05,1.298217
1185,dqn,2,38.8457,12.1,18563,cpu,16,146,157.21,0.05,2.614022
1186,dqn,2,38.8957,12.14,18563,cpu,15,123,149.23,0.05,1.792639
1187,dqn,2,38.9168,12.28,18563,cpu,9,54,83.36,0.05,1.352852
1188,dqn,2,38.9461,12.28,18563,cpu,10,76,94.85,0.05,1.589152
1189,dqn,2,38.964,12.32,18563,cpu,6,46,52.91,0.05,0.792613
1190,dqn,2,38.9675,12.14,18563,cpu,1,9,0.63,0.05,1.352119
1191,dqn,2,39.0386,12.46,18563,cpu,20,184,201.47,0.05,1.789943
1192,dqn,2,39.0447,12.26,18563,cpu,4,16,30.79,0.05,1.264455
1193,dqn,2,39.0814,12.38,18563,cpu,13,95,126.09,0.05,1.46258
1194,dqn,2,39.131,12.3,18563,cpu,14,129,138.46,0.05,0.297948
1195,dqn,2,39.1729,12.34,18563,cpu,16,110,154.97,0.05,1.577605
1196,dqn,2,39.2416,12.6,18563,cpu,20,176,201.35,0.05,1.819044
1197,dqn,2,39.3,12.76,18563,cpu,18,148,179.61,0.05,1.328405
1198,dqn,2,39.3091,12.44,18563,cpu,4,23,31.62,0.05,1.180915
1199,dqn,2,39.3606,12.34,18563,cpu,17,129,169.59,0.05,0.670937
1200,dqn,2,39.4251,12.52,18563,cpu,18,153,180.06,0.05,0.983902
1201,dqn,2,39.4384,12.52,18563,cpu,5,32,41.94,0.05,0.216562
1202,dqn,2,39.4882,12.58,18563,cpu,15,122,147.94,0.05,0.95573
1203,dqn,2,39.5495,12.56,18563,cpu,15,138,148.58,0.05,0.907405
1204,dqn,2,39.6097,12.58,18563,cpu,14,136,138.29,0.05,1.447985
1205,dqn,2,39.6337,12.78,18563,cpu,10,59,94.32,0.05,1.338492
1206,dqn,2,39.6736,12.82,18563,cpu,12,101,116.12,0.05,1.32402
1207,dqn,2,39.7638,13.08,18563,cpu,21,230,210.32,0.05,1.867002
1208,dqn,2,39.8099,13.24,18563,cpu,15,112,148.04,0.05,0.689807
1209,dqn,2,39.8502,13.4,18563,cpu,12,100,116.23,0.05,1.368009
1210,dqn,2,39.9264,13.6,18563,cpu,22,186,223.47,0.05,1.501551
1211,dqn,2,39.9907,13.74,18563,cpu,17,157,168.71,0.05,1.11811
1212,dqn,2,40.0018,13.48,18563,cpu,4,27,31.78,0.05,0.589821
1213,dqn,2,40.0493,13.52,18563,cpu,15,117,146.69,0.05,1.446332
1214,dqn,2,40.0761,13.44,18563,cpu,9,67,83.73,0.05,0.30734
1215,dqn,2,40.0906,13.48,18563,cpu,5,36,42.7,0.05,1.713065
1216,dqn,2,40.131,13.5,18563,cpu,14,103,137.32,0.05,0.206524
1217,dqn,2,40.1439,13.16,18563,cpu,4,33,32.32,0.05,1.765345
1218,dqn,2,40.157,12.94,18563,cpu,4,33,32.32,0.05,1.291781
1219,dqn,2,40.1661,12.68,18563,cpu,3,23,21.71,0.05,0.859914
1220,dqn,2,40.1909,12.48,18563,cpu,7,63,64.35,0.05,1.167867
1221,dqn,2,40.2082,12.18,18563,cpu,5,44,43.22,0.05,1.409467
1222,dqn,2,40.2638,12.1,18563,cpu,15,143,150.23,0.05,0.612845
1223,dqn,2,40.2941,11.92,18563,cpu,9,78,84.72,0.05,1.150258
1224,dqn,2,40.3131,11.74,18563,cpu,7,49,62.89,0.05,1.344296
1225,dqn,2,40.3873,11.84,18563,cpu,18,195,182.04,0.05,1.753759
1226,dqn,2,40.4731,11.92,18563,cpu,23,225,231.89,0.05,1.350973
1227,dqn,2,40.4801,11.82,18563,cpu,2,18,11.35,0.05,1.278039
1228,dqn,2,40.548,11.72,18563,cpu,19,178,191.82,0.05,1.162362
1229,dqn,2,40.6108,12.12,18563,cpu,22,165,220.38,0.05,1.117795
1230,dqn,2,40.6822,12.44,18563,cpu,22,174,220.79,0.05,0.502975
1231,dqn,2,40.6922,12.02,18563,cpu,3,23,21.71,0.05,0.927503
1232,dqn,2,40.7487,12.02,18563,cpu,17,129,169.39,0.05,0.96955
1233,dqn,2,40.8116,12.2,18563,cpu,14,148,137.37,0.05,1.46566
1234,dqn,2,40.8773,12.42,18563,cpu,21,164,210.18,0.05,1.320259
1235,dqn,2,40.9235,12.38,18563,cpu,14,109,137.06,0.05,0.143544
1236,dqn,2,40.9841,12.4,18563,cpu,16,116,158.11,0.05,1.021361
1237,dqn,2,41.0635,12.54,18563,cpu,16,127,159.3,0.05,0.720214
1238,dqn,2,41.1344,12.72,18563,cpu,19,170,190.1,0.05,1.672633
1239,dqn,2,41.1909,12.9,18563,cpu,15,129,146.77,0.05,0.603853
1240,dqn,2,41.2484,13.18,18563,cpu,15,126,148.9,0.05,1.54776
1241,dqn,2,41.3437,13.24,18563,cpu,23,196,232.68,0.05,0.573525
1242,dqn,2,41.3689,13.3,18563,cpu,7,50,63.18,0.05,0.366688
1243,dqn,2,41.4025,13.24,18563,cpu,10,74,94.87,0.05,1.178808
1244,dqn,2,41.4201,13.06,18563,cpu,5,43,42.53,0.05,1.552519
1245,dqn,2,41.4448,12.94,18563,cpu,10,61,93.7,0.05,1.411871
1246,dqn,2,41.4728,12.7,18563,cpu,8,68,74.71,0.05,0.876796
1247,dqn,2,41.5035,12.58,18563,cpu,12,80,115.83,0.05,1.465207
1248,dqn,2,41.5428,12.68,18563,cpu,9,88,84.82,0.05,0.662318
1249,dqn,2,41.6071,12.7,18563,cpu,18,142,179.27,0.05,2.11493
1250,dqn,2,41.6568,12.62,18563,cpu,14,127,137.48,0.05,0.634321
1251,dqn,2,41.7015,12.74,18563,cpu,11,121,107.41,0.05,1.236728
1252,dqn,2,41.7655,12.84,18563,cpu,20,170,198.61,0.05,1.188529
1253,dqn,2,41.7917,12.72,18563,cpu,9,71,84.29,0.05,2.021733
1254,dqn,2,41.8283,12.72,18563,cpu,14,101,136.54,0.05,2.187769
1255,dqn,2,41.8661,12.82,18563,cpu,15,104,146.32,0.05,0.680127
1256,dqn,2,41.8897,12.74,18563,cpu,8,65,74.64,0.05,0.914744
1257,dqn,2,41.9787,12.84,18563,cpu,26,245,263.42,0.05,1.130363
1258,dqn,2,41.9902,12.64,18563,cpu,5,32,42.34,0.05,0.223081
1259,dqn,2,42.0191,12.54,18563,cpu,7,80,66.08,0.05,0.7781
1260,dqn,2,42.0609,12.38,18563,cpu,14,115,136.4,0.05,1.216856
1261,dqn,2,42.1109,12.32,18563,cpu,14,138,139.87,0.05,0.237862
1262,dqn,2,42.168,12.56,18563,cpu,16,160,158.27,0.05,1.30679
1263,dqn,2,42.191,12.38,18563,cpu,6,64,54.33,0.05,1.356117
1264,dqn,2,42.1939,12.22,18563,cpu,1,8,0.54,0.05,1.6961
1265,dqn,2,42.2476,12.54,18563,cpu,21,148,209.34,0.05,1.239203
1266,dqn,2,42.2647,12.36,18563,cpu,5,48,43.18,0.05,1.317624
1267,dqn,2,42.2959,12.48,18563,cpu,10,87,95.64,0.05,0.446881
1268,dqn,2,42.3333,12.66,18563,cpu,13,105,124.99,0.05,0.953475
1269,dqn,2,42.4205,13.02,18563,cpu,21,244,212.38,0.05,1.09836
1270,dqn,2,42.4397,13.02,18563,cpu,7,53,63.85,0.05,0.608284
1271,dqn,2,42.4508,13.02,18563,cpu,5,31,42.25,0.05,1.454577
1272,dqn,2,42.4754,12.94,18563,cpu,11,68,104.84,0.05,1.189279
1273,dqn,2,42.5192,13.06,18563,cpu,15,121,148.05,0.05,1.314832
1274,dqn,2,42.5559,13.16,18563,cpu,12,101,115.92,0.05,0.682513
1275,dqn,2,42.6128,13.2,18563,cpu,20,158,199.13,0.05,1.074212
1276,dqn,2,42.673,13.12,18563,cpu,19,167,191.43,0.05,0.565906
1277,dqn,2,42.7698,13.62,18563,cpu,27,269,276.49,0.05,1.981616
1278,dqn,2,42.796,13.44,18563,cpu,10,73,95.38,0.05,0.812539
1279,dqn,2,42.7993,13.02,18563,cpu,1,9,0.63,0.05,0.75228
1280,dqn,2,42.8398,12.86,18563,cpu,14,113,137.42,0.05,1.863476
1281,dqn,2,42.8735,13.02,18563,cpu,11,95,107.47,0.05,1.090719
1282,dqn,2,42.8855,12.74,18563,cpu,3,33,22.61,0.05,0.568042
1283,dqn,2,42.9008,12.58,18563,cpu,6,43,52.84,0.05,1.486959
1284,dqn,2,42.9378,12.38,18563,cpu,11,104,106.28,0.05,1.523111
1285,dqn,2,42.9523,12.18,18563,cpu,4,41,33.24,0.05,0.689563
1286,dqn,2,42.9777,12.12,18563,cpu,13,71,124.93,0.05,0.425718
1287,dqn,2,42.983,11.84,18563,cpu,2,15,11.08,0.05,1.649955
1288,dqn,2,43.0016,11.6,18563,cpu,7,52,63.56,0.05,1.245091
1289,dqn,2,43.0399,11.56,18563,cpu,13,107,127.37,0.05,0.188695
1290,dqn,2,43.0826,11.52,18563,cpu,13,120,127.34,0.05,1.011873
1291,dqn,2,43.1055,11.18,18563,cpu,6,64,53.53,0.05,1.078887
1292,dqn,2,43.108,11.06,18563,cpu,1,7,0.45,0.05,1.000633
1293,dqn,2,43.1559,11.2,18563,cpu,17,135,167.73,0.05,1.283534
1294,dqn,2,43.2147,11.5,18563,cpu,20,165,200.96,0.05,1.599988
1295,dqn,2,43.2709,11.7,18563,cpu,20,157,201.24,0.05,1.173704
1296,dqn,2,43.2809,11.58,18563,cpu,2,28,12.05,0.05,1.974217
1297,dqn,2,43.2948,11.44,18563,cpu,5,39,42.97,0.05,1.32661
1298,dqn,2,43.308,11.4,18563,cpu,7,37,62.21,0.05,0.499744
1299,dqn,2,43.3358,11.24,18563,cpu,10,78,96.03,0.05,1.18054
1300,dqn,2,43.3572,11.06,18563,cpu,5,60,44.66,0.05,0.944421
1301,dqn,2,43.384,11.04,18563,cpu,10,75,95.56,0.05,0.821624
1302,dqn,2,43.4381,10.98,18563,cpu,17,152,169.66,0.05,0.880761
1303,dqn,2,43.4529,10.88,18563,cpu,4,42,33.13,0.05,1.315976
1304,dqn,2,43.4662,10.68,18563,cpu,4,37,32.88,0.05,1.544046
1305,dqn,2,43.4697,10.42,18563,cpu,2,10,10.63,0.05,1.404429
1306,dqn,2,43.5007,10.46,18563,cpu,10,87,96.64,0.05,1.818255
1307,dqn,2,43.5308,10.14,18563,cpu,10,85,95.26,0.05,1.128023
1308,dqn,2,43.5685,10.28,18563,cpu,12,104,117.79,0.05,0.434993
1309,dqn,2,43.6069,10.48,18563,cpu,17,107,167.41,0.05,0.503887
1310,dqn,2,43.6385,10.42,18563,cpu,11,88,106.44,0.05,0.50221
1311,dqn,2,43.6616,10.32,18563,cpu,9,65,83.75,0.05,1.075972
1312,dqn,2,43.7079,10.28,18563,cpu,14,129,138.86,0.05,0.826643
1313,dqn,2,43.7668,10.54,18563,cpu,19,165,190.05,0.05,1.145958
1314,dqn,2,43.786,10.78,18563,cpu,13,54,123.2,0.05,0.806674
1315,dqn,2,43.8086,10.54,18563,cpu,9,63,83.97,0.05,1.139172
1316,dqn,2,43.8529,10.78,18563,cpu,17,123,169.05,0.05,1.222846
1317,dqn,2,43.8969,10.9,18563,cpu,16,123,158.54,0.05,1.483586
1318,dqn,2,43.9535,11.12,18563,cpu,24,157,239.28,0.05,0.880992
1319,dqn,2,43.9582,10.72,18563,cpu,1,13,0.39,0.05,1.388229
1320,dqn,2,44.0131,10.92,18563,cpu,17,153,170.95,0.05,1.149956
1321,dqn,2,44.0584,11.12,18563,cpu,15,127,146.79,0.05,1.359339
1322,dqn,2,44.1258,11.4,18563,cpu,25,187,251.29,0.05,1.040735
1323,dqn,2,44.1574,11.32,18563,cpu,11,88,106.44,0.05,1.456339
1324,dqn,2,44.1982,11.34,18563,cpu,13,114,126.4,0.05,1.373193
1325,dqn,2,44.2641,11.4,18563,cpu,23,183,231.31,0.05,0.979363
1326,dqn,2,44.2758,11.12,18563,cpu,5,33,42.43,0.05,1.009202
1327,dqn,2,44.3176,10.84,18563,cpu,13,117,128.47,0.05,0.297485
1328,dqn,2,44.3679,11.02,18563,cpu,19,140,188.6,0.05,0.896185
1329,dqn,2,44.4629,11.54,18563,cpu,27,267,276.31,0.05,1.210333
1330,dqn,2,44.5029,11.56,18563,cpu,15,112,146.44,0.05,0.975635
1331,dqn,2,44.5967,11.9,18563,cpu,28,261,286.28,0.05,0.660796
1332,dqn,2,44.6767,12.36,18563,cpu,26,223,263.04,0.05,0.918238
1333,dqn,2,44.7041,12.42,18563,cpu,9,77,86.03,0.05,0.693139
1334,dqn,2,44.7782,12.68,18563,cpu,24,208,242.67,0.05,1.202737
1335,dqn,2,44.8055,12.78,18563,cpu,9,77,84.23,0.05,1.223401
1336,dqn,2,44.8636,12.92,18563,cpu,20,164,201.27,0.05,1.148983
1337,dqn,2,44.9127,13.18,18563,cpu,15,138,148.78,0.05,0.514532
1338,dqn,2,44.9969,13.5,18563,cpu,23,237,235.37,0.05,0.63164
1339,dqn,2,45.0734,13.7,18563,cpu,23,215,232.59,0.05,0.466887
1340,dqn,2,45.1001,13.64,18563,cpu,10,75,94.96,0.05,1.436235
1341,dqn,2,45.1233,13.68,18563,cpu,8,66,74.93,0.05,0.907988
1342,dqn,2,45.1362,13.74,18563,cpu,4,36,32.79,0.05,1.22924
1343,dqn,2,45.1441,13.46,18563,cpu,3,22,21.62,0.05,0.651849
1344,dqn,2,45.1621,13.24,18563,cpu,9,50,83.2,0.05,1.226458
1345,dqn,2,45.1751,12.94,18563,cpu,5,36,42.3,0.05,1.771068
1346,dqn,2,45.2053,13.12,18563,cpu,11,85,105.57,0.05,2.054153
1347,dqn,2,45.2431,13.36,18563,cpu,17,105,167.43,0.05,0.23252
1348,dqn,2,45.2776,13.46,18563,cpu,12,96,117.47,0.05,0.690546
1349,dqn,2,45.2878,13.3,18563,cpu,2,29,12.34,0.05,1.109283
1350,dqn,2,45.3165,13.42,18563,cpu,11,80,105.12,0.05,1.442092
1351,dqn,2,45.3431,13.42,18563,cpu,10,74,94.67,0.05,1.326505
1352,dqn,2,45.3768,13.26,18563,cpu,9,95,85.05,0.05,0.558537
1353,dqn,2,45.4134,13.42,18563,cpu,12,103,117.5,0.05,0.794669
1354,dqn,2,45.432,13.46,18563,cpu,6,52,53.25,0.05,1.022155
1355,dqn,2,45.5233,14.0,18563,cpu,29,257,293.83,0.05,1.253482
1356,dqn,2,45.5739,14.14,18563,cpu,17,141,168.67,0.05,0.864738
1357,dqn,2,45.5937,14.08,18563,cpu,7,55,63.03,0.05,1.31589
1358,dqn,2,45.6419,14.12,18563,cpu,14,135,137.4,0.05,1.062586
1359,dqn,2,45.6608,13.92,18563,cpu,7,53,63.85,0.05,1.18036
1360,dqn,2,45.6962,13.96,18563,cpu,13,99,126.85,0.05,0.671763
1361,dqn,2,45.7266,13.98,18563,cpu,10,86,94.95,0.05,1.333113
1362,dqn,2,45.7561,14.04,18563,cpu,17,82,165.16,0.05,1.422011
1363,dqn,2,45.7789,13.8,18563,cpu,7,64,65.04,0.05,1.447856
1364,dqn,2,45.8327,13.92,18563,cpu,19,151,187.39,0.05,0.691274
1365,dqn,2,45.8523,13.88,18563,cpu,7,55,64.03,0.05,0.93239
1366,dqn,2,45.8633,13.64,18563,cpu,5,31,42.25,0.05,2.038327
1367,dqn,2,45.9106,13.6,18563,cpu,14,133,139.62,0.05,1.281255
1368,dqn,2,45.9338,13.34,18563,cpu,11,65,104.57,0.05,2.131533
1369,dqn,2,45.9539,13.46,18563,cpu,7,57,63.01,0.05,1.048767
1370,dqn,2,45.9726,13.3,18563,cpu,9,52,83.58,0.05,1.006374
1371,dqn,2,45.9937,13.16,18563,cpu,8,60,74.19,0.05,1.485477
1372,dqn,2,46.042,13.0,18563,cpu,17,136,169.22,0.05,1.112352
1373,dqn,2,46.0825,13.08,18563,cpu,15,114,148.22,0.05,0.583687
1374,dqn,2,46.0879,12.86,18563,cpu,2,15,11.08,0.05,0.57631
1375,dqn,2,46.1252,12.7,18563,cpu,15,105,146.81,0.05,0.62919
1376,dqn,2,46.1335,12.68,18563,cpu,4,23,31.42,0.05,1.040149
1377,dqn,2,46.1459,12.54,18563,cpu,6,35,52.32,0.05,1.229247
1378,dqn,2,46.2079,12.54,18563,cpu,19,175,188.35,0.05,1.11021
1379,dqn,2,46.2527,12.36,18563,cpu,18,126,178.23,0.05,0.736132
1380,dqn,2,46.2601,12.12,18563,cpu,3,21,21.33,0.05,1.171257
1381,dqn,2,46.2971,11.88,18563,cpu,16,104,156.23,0.05,1.860133
1382,dqn,2,46.3374,11.68,18563,cpu,16,114,157.13,0.05,0.692685
1383,dqn,2,46.3547,11.64,18563,cpu,7,49,63.09,0.05,1.253832
1384,dqn,2,46.3593,11.18,18563,cpu,1,13,0.79,0.05,0.870583
1385,dqn,2,46.4216,11.36,18563,cpu,18,175,180.44,0.05,1.429174
1386,dqn,2,46.4287,11.02,18563,cpu,3,20,21.24,0.05,1.496572
1387,dqn,2,46.4787,10.98,18563,cpu,13,142,126.52,0.05,1.346038
1388,dqn,2,46.5085,10.74,18563,cpu,11,84,105.68,0.05,0.792114
1389,dqn,2,46.547,10.62,18563,cpu,17,107,167.01,0.05,1.340323
1390,dqn,2,46.6115,10.88,18563,cpu,23,180,231.44,0.05,1.349143
1391,dqn,2,46.6557,11.12,18563,cpu,20,123,196.58,0.05,1.915442
1392,dqn,2,46.7036,11.36,18563,cpu,16,134,158.93,0.05,0.391429
1393,dqn,2,46.77,11.68,18563,cpu,19,186,190.74,0.05,1.784601
1394,dqn,2,46.7863,11.62,18563,cpu,6,46,53.31,0.05,0.584129
1395,dqn,2,46.7967,11.6,18563,cpu,4,29,31.96,0.05,0.388197
1396,dqn,2,46.8204,11.54,18563,cpu,8,67,73.42,0.05,0.844828
1397,dqn,2,46.8634,11.52,18563,cpu,16,121,156.76,0.05,0.851029
1398,dqn,2,46.87,11.32,18563,cpu,2,19,11.24,0.05,0.705878
1399,dqn,2,46.8989,11.48,18563,cpu,10,81,95.3,0.05,1.446632
1400,dqn,2,46.9112,11.38,18563,cpu,6,35,52.12,0.05,0.731323
1401,dqn,2,46.9299,11.34,18563,cpu,8,52,73.27,0.05,0.614307
1402,dqn,2,46.9402,11.24,18563,cpu,4,29,31.76,0.05,1.216155
1403,dqn,2,46.9582,11.14,18563,cpu,7,51,63.47,0.05,0.363918
1404,dqn,2,46.9692,11.08,18563,cpu,3,31,21.23,0.05,0.544291
1405,dqn,2,46.9996,10.66,18563,cpu,8,86,74.73,0.05,1.948677
1406,dqn,2,47.0332,10.58,18563,cpu,13,94,126.4,0.05,0.966472
1407,dqn,2,47.0624,10.68,18563,cpu,12,82,115.01,0.05,1.156988
1408,dqn,2,47.1572,10.92,18563,cpu,26,265,265.62,0.05,1.435303
1409,dqn,2,47.1946,11.02,18563,cpu,12,105,117.68,0.05,0.943664
1410,dqn,2,47.2405,11.08,18563,cpu,16,129,158.28,0.05,1.081969
1411,dqn,2,47.3189,11.4,18563,cpu,26,221,264.46,0.05,1.160224
1412,dqn,2,47.3501,11.32,18563,cpu,13,88,126.66,0.05,1.853124
1413,dqn,2,47.4151,11.66,18563,cpu,24,184,242.11,0.05,1.045571
1414,dqn,2,47.4211,11.36,18563,cpu,4,17,30.68,0.05,0.997206
1415,dqn,2,47.4328,11.32,18563,cpu,5,33,42.03,0.05,0.822288
1416,dqn,2,47.45,11.32,18563,cpu,5,49,42.67,0.05,0.547737
1417,dqn,2,47.4698,11.24,18563,cpu,10,56,93.65,0.05,0.931178
1418,dqn,2,47.4751,11.06,18563,cpu,2,15,10.48,0.05,1.077444
1419,dqn,2,47.5115,11.16,18563,cpu,12,103,117.3,0.05,1.233276
1420,dqn,2,47.5716,11.38,18563,cpu,20,170,199.21,0.05,1.137432
1421,dqn,2,47.6346,11.56,18563,cpu,17,178,171.0,0.05,1.118928
1422,dqn,2,47.6713,11.48,18563,cpu,13,103,125.21,0.05,1.040943
1423,dqn,2,47.6911,11.3,18563,cpu,6,55,52.32,0.05,1.333076
1424,dqn,2,47.7178,11.46,18563,cpu,10,75,95.36,0.05,1.152672
1425,dqn,2,47.7733,11.52,18563,cpu,18,156,180.13,0.05,1.659646
1426,dqn,2,47.8209,11.8,18563,cpu,18,133,179.46,0.05,1.114493
1427,dqn,2,47.8755,12.06,18563,cpu,19,153,188.17,0.05,1.274868
1428,dqn,2,47.8799,11.7,18563,cpu,1,12,0.7,0.05,0.584316
1429,dqn,2,47.9083,11.54,18563,cpu,10,80,95.21,0.05,1.068853
1430,dqn,2,47.9463,11.74,18563,cpu,13,107,127.17,0.05,1.667264
1431,dqn,2,47.9958,11.78,18563,cpu,18,139,178.0,0.05,0.604465
1432,dqn,2,48.0568,11.86,18563,cpu,20,170,201.41,0.05,0.860575
1433,dqn,2,48.0994,12.06,18563,cpu,17,119,167.69,0.05,1.494082
1434,dqn,2,48.1562,12.4,18563,cpu,18,160,181.69,0.05,0.886781
1435,dqn,2,48.1883,12.28,18563,cpu,12,90,115.73,0.05,1.186953
1436,dqn,2,48.2345,12.56,18563,cpu,17,130,169.48,0.05,1.450231
1437,dqn,2,48.2738,12.58,18563,cpu,14,111,136.84,0.05,0.875332
1438,dqn,2,48.3078,12.6,18563,cpu,12,96,115.67,0.05,0.974269
1439,dqn,2,48.3215,12.38,18563,cpu,6,39,52.28,0.05,0.90865
1440,dqn,2,48.3396,12.06,18563,cpu,7,51,63.47,0.05,0.624574
1441,dqn,2,48.4014,12.04,18563,cpu,19,174,191.66,0.05,1.620513
1442,dqn,2,48.4772,12.24,18563,cpu,26,214,260.63,0.05,0.732681
1443,dqn,2,48.4796,11.86,18563,cpu,0,7,-9.46,0.05,0.71994
1444,dqn,2,48.5022,11.9,18563,cpu,8,64,74.95,0.05,1.480505
1445,dqn,2,48.5472,12.16,18563,cpu,17,127,169.21,0.05,0.902438
1446,dqn,2,48.5748,12.2,18563,cpu,10,77,95.34,0.05,1.126852
1447,dqn,2,48.5841,11.94,18563,cpu,3,26,21.98,0.05,0.691292
1448,dqn,2,48.6272,12.18,18563,cpu,14,120,138.25,0.05,0.785875
1449,dqn,2,48.6749,12.34,18563,cpu,18,132,178.97,0.05,0.614959
1450,dqn,2,48.7292,12.52,18563,cpu,15,152,148.64,0.05,1.635306
1451,dqn,2,48.7373,12.44,18563,cpu,4,23,31.62,0.05,1.471625
1452,dqn,2,48.7525,12.44,18563,cpu,4,43,33.42,0.05,1.042971
1453,dqn,2,48.8026,12.68,18563,cpu,19,139,186.11,0.05,1.256075
1454,dqn,2,48.8386,12.88,18563,cpu,13,101,126.43,0.05,1.216164
1455,dqn,2,48.8872,13.04,18563,cpu,16,137,159.0,0.05,0.608465
1456,dqn,2,48.9134,13.0,18563,cpu,11,74,104.58,0.05,2.151029
1457,dqn,2,48.9213,12.82,18563,cpu,3,22,21.62,0.05,1.275694
1458,dqn,2,48.9292,12.36,18563,cpu,3,22,21.22,0.05,1.339081
1459,dqn,2,48.9598,12.34,18563,cpu,11,86,105.06,0.05,1.190635
1460,dqn,2,48.9771,12.14,18563,cpu,6,48,52.49,0.05,1.364383
1461,dqn,2,49.0666,12.22,18563,cpu,30,252,304.49,0.05,1.103624
1462,dqn,2,49.1067,12.28,18563,cpu,16,113,157.44,0.05,1.059038
1463,dqn,2,49.1522,12.1,18563,cpu,15,129,149.57,0.05,0.600376
1464,dqn,2,49.1721,12.16,18563,cpu,7,56,64.32,0.05,1.02899
1465,dqn,2,49.2224,12.4,18563,cpu,17,141,169.27,0.05,1.355287
1466,dqn,2,49.2399,12.5,18563,cpu,10,49,93.42,0.05,0.492643
1467,dqn,2,49.3039,12.68,18563,cpu,19,177,192.33,0.05,1.051137
1468,dqn,2,49.3903,13.14,18563,cpu,25,242,253.04,0.05,0.876903
1469,dqn,2,49.4133,13.02,18563,cpu,6,65,54.82,0.05,1.012488
1470,dqn,2,49.4842,12.98,18563,cpu,18,200,178.69,0.05,1.551572
1471,dqn,2,49.5061,12.82,18563,cpu,9,62,83.88,0.05,1.009543
1472,dqn,2,49.5121,12.58,18563,cpu,1,17,0.95,0.05,0.663657
1473,dqn,2,49.5484,12.7,18563,cpu,12,101,116.72,0.05,0.974721
1474,dqn,2,49.5692,12.6,18563,cpu,5,58,44.08,0.05,1.415436
1475,dqn,2,49.5735,12.28,18563,cpu,2,12,10.81,0.05,1.708694
1476,dqn,2,49.6129,12.24,18563,cpu,16,110,157.77,0.05,1.384285
1477,dqn,2,49.6639,12.2,18563,cpu,17,143,169.65,0.05,1.190666
1478,dqn,2,49.7198,12.6,18563,cpu,21,157,210.95,0.05,0.76992
1479,dqn,2,49.7315,12.5,18563,cpu,5,33,42.03,0.05,1.086922
1480,dqn,2,49.74,12.3,18563,cpu,3,24,21.8,0.05,0.879473
1481,dqn,2,49.7912,12.28,18563,cpu,17,144,167.74,0.05,1.79592
1482,dqn,2,49.8178,12.08,18563,cpu,10,74,94.47,0.05,1.017891
1483,dqn,2,49.871,12.1,18563,cpu,18,149,180.5,0.05,0.628663
1484,dqn,2,49.928,12.14,18563,cpu,20,161,199.6,0.05,1.078445
1485,dqn,2,49.9839,12.22,18563,cpu,16,159,158.98,0.05,1.465787
1486,dqn,2,50.0346,12.26,18563,cpu,19,143,188.67,0.05,1.365066
1487,dqn,2,50.0888,12.36,18563,cpu,19,153,190.97,0.05,0.264228
1488,dqn,2,50.1098,12.26,18563,cpu,7,59,64.59,0.05,0.849061
1489,dqn,2,50.1485,12.42,18563,cpu,14,110,136.95,0.05,0.765871
1490,dqn,2,50.1643,12.36,18563,cpu,4,45,32.4,0.05,0.362393
1491,dqn,2,50.1852,12.16,18563,cpu,9,59,83.61,0.05,1.335416
1492,dqn,2,50.195,11.72,18563,cpu,4,28,31.67,0.05,0.415612
1493,dqn,2,50.2098,11.82,18563,cpu,5,42,42.84,0.05,0.938465
1494,dqn,2,50.2237,11.74,18563,cpu,4,39,33.06,0.05,1.440284
1495,dqn,2,50.2398,11.52,18563,cpu,6,45,53.02,0.05,0.928877
1496,dqn,2,50.272,11.58,18563,cpu,13,91,126.53,0.05,0.656388
1497,dqn,2,50.2782,11.54,18563,cpu,1,18,1.44,0.05,0.86189
1498,dqn,2,50.2949,11.4,18563,cpu,7,47,63.51,0.05,1.389882
1499,dqn,2,50.2988,11.06,18563,cpu,1,11,0.81,0.05,0.370594
1500,dqn,2,50.3362,11.1,18563,cpu,17,105,167.03,0.05,0.88732
1501,dqn,2,50.3582,11.18,18563,cpu,8,62,73.57,0.05,0.848096
1502,dqn,2,50.3721,11.2,18563,cpu,5,39,42.77,0.05,0.598771
1503,dqn,2,50.4193,11.14,18563,cpu,16,133,158.44,0.05,1.480169
1504,dqn,2,50.4283,10.96,18563,cpu,4,25,31.2,0.05,1.196789
1505,dqn,2,50.449,10.74,18563,cpu,5,59,43.17,0.05,0.44697
1506,dqn,2,50.5021,10.96,18563,cpu,22,149,219.74,0.05,0.407194
1507,dqn,2,50.506,10.96,18563,cpu,3,11,20.23,0.05,1.154287
1508,dqn,2,50.5189,11.02,18563,cpu,6,36,52.21,0.05,2.084141
1509,dqn,2,50.5554,11.02,18563,cpu,11,102,105.1,0.05,0.767305
1510,dqn,2,50.5681,10.98,18563,cpu,4,36,32.39,0.05,1.070489
1511,dqn,2,50.6214,10.76,18563,cpu,19,149,190.41,0.05,1.507601
1512,dqn,2,50.6572,10.7,18563,cpu,13,100,126.54,0.05,1.111272
1513,dqn,2,50.6646,10.48,18563,cpu,4,21,31.44,0.05,1.32481
1514,dqn,2,50.6822,10.46,18563,cpu,6,49,53.38,0.05,0.827503
1515,dqn,2,50.7017,10.26,18563,cpu,7,56,63.92,0.05,0.97546
1516,dqn,2,50.7481,10.4,18563,cpu,17,131,168.97,0.05,1.291863
1517,dqn,2,50.7724,10.2,18563,cpu,9,68,85.22,0.05,1.803839
1518,dqn,2,50.7766,9.74,18563,cpu,2,12,10.81,0.05,1.308757
1519,dqn,2,50.827,9.96,18563,cpu,17,143,169.45,0.05,1.533118
1520,dqn,2,50.8881,10.04,18563,cpu,22,172,220.61,0.05,1.112034
1521,dqn,2,50.948,10.26,18563,cpu,20,169,201.52,0.05,0.932907
1522,dqn,2,51.0018,10.6,18563,cpu,18,152,177.97,0.05,0.786186
1523,dqn,2,51.0245,10.56,18563,cpu,10,64,93.57,0.05,1.337111
1524,dqn,2,51.0541,10.68,18563,cpu,11,84,105.88,0.05,1.259526
1525,dqn,2,51.1219,11.02,18563,cpu,19,192,190.28,0.05,0.649812
1526,dqn,2,51.1286,10.74,18563,cpu,2,19,11.04,0.05,0.67521
1527,dqn,2,51.1524,10.58,18563,cpu,9,67,82.53,0.05,1.250459
1528,dqn,2,51.1887,10.4,18563,cpu,12,103,116.3,0.05,1.093908
1529,dqn,2,51.208,10.44,18563,cpu,7,55,63.63,0.05,1.3487
1530,dqn,2,51.2297,10.58,18563,cpu,10,61,94.5,0.05,1.719646
1531,dqn,2,51.2374,10.3,18563,cpu,3,22,21.22,0.05,1.063906
1532,dqn,2,51.268,10.32,18563,cpu,11,87,106.35,0.05,0.435382
1533,dqn,2,51.3191,10.26,18563,cpu,15,145,147.21,0.05,0.43214
1534,dqn,2,51.3566,10.16,18563,cpu,15,107,147.39,0.05,1.098401
1535,dqn,2,51.3601,9.86,18563,cpu,1,10,0.72,0.05,1.280002
1536,dqn,2,51.3719,9.56,18563,cpu,4,34,32.61,0.05,1.264009
1537,dqn,2,51.4051,9.38,18563,cpu,10,95,96.76,0.05,1.375052
1538,dqn,2,51.4097,9.28,18563,cpu,2,13,10.9,0.05,1.123472
1539,dqn,2,51.4844,9.46,18563,cpu,23,213,232.41,0.05,1.6155
1540,dqn,2,51.4886,9.42,18563,cpu,2,12,10.81,0.05,1.062044
1541,dqn,2,51.5118,9.4,18563,cpu,8,66,74.93,0.05,1.363913
1542,dqn,2,51.5146,9.34,18563,cpu,1,8,0.54,0.05,0.377554
1543,dqn,2,51.5741,9.7,18563,cpu,23,169,231.45,0.05,1.28537
1544,dqn,2,51.6197,9.98,18563,cpu,18,129,178.3,0.05,0.371849
1545,dqn,2,51.6624,10.18,18563,cpu,16,121,158.16,0.05,1.146461
1546,dqn,2,51.6897,10.1,18563,cpu,9,78,83.92,0.05,0.904718
1547,dqn,2,51.7151,10.32,18563,cpu,12,72,114.91,0.05,1.138683
1548,dqn,2,51.7201,10.22,18563,cpu,2,14,10.99,0.05,0.731498
1549,dqn,2,51.7712,10.54,18563,cpu,17,145,170.83,0.05,1.119245
1550,dqn,2,51.7838,10.26,18563,cpu,3,36,22.48,0.05,2.101513
1551,dqn,2,51.8165,10.36,18563,cpu,13,92,126.42,0.05,1.026565
1552,dqn,2,51.8622,10.6,18563,cpu,17,129,168.59,0.05,1.139916
1553,dqn,2,51.9039,10.62,18563,cpu,17,117,168.91,0.05,1.503762
1554,dqn,2,51.9408,10.78,18563,cpu,12,104,117.39,0.05,1.587213
1555,dqn,2,51.9609,10.82,18563,cpu,7,57,62.81,0.05,1.757386
1556,dqn,2,52.0124,10.68,18563,cpu,15,144,149.12,0.05,1.07575
1557,dqn,2,52.0591,10.92,18563,cpu,15,129,146.37,0.05,0.800887
1558,dqn,2,52.0774,10.92,18563,cpu,6,51,53.76,0.05,1.183141
1559,dqn,2,52.1089,10.94,18563,cpu,12,86,114.77,0.05,0.404292
1560,dqn,2,52.1136,10.9,18563,cpu,2,13,10.9,0.05,0.890451
1561,dqn,2,52.1526,10.84,18563,cpu,16,107,157.3,0.05,0.776437
1562,dqn,2,52.202,10.88,18563,cpu,15,138,148.98,0.05,1.231904
1563,dqn,2,52.2549,11.16,18563,cpu,18,147,178.12,0.05,0.626955
1564,dqn,2,52.2946,11.38,18563,cpu,17,111,167.57,0.05,1.171493
1565,dqn,2,52.3519,11.6,18563,cpu,18,162,181.67,0.05,1.579054
1566,dqn,2,52.395,11.52,18563,cpu,13,122,126.92,0.05,1.547993
1567,dqn,2,52.4735,11.78,18563,cpu,22,219,222.84,0.05,0.971976
1568,dqn,2,52.5253,12.16,18563,cpu,21,145,208.87,0.05,1.57534
1569,dqn,2,52.5758,12.2,18563,cpu,19,140,189.0,0.05,1.597908
1570,dqn,2,52.6212,12.04,18563,cpu,14,127,135.48,0.05,1.790402
1571,dqn,2,52.6684,11.94,18563,cpu,15,132,148.24,0.05,1.892558
1572,dqn,2,52.7132,11.86,18563,cpu,14,125,139.5,0.05,0.845881
1573,dqn,2,52.7157,11.66,18563,cpu,0,7,-9.46,0.05,0.854735
1574,dqn,2,52.7449,11.62,18563,cpu,9,82,84.08,0.05,1.245487
1575,dqn,2,52.7789,11.46,18563,cpu,11,96,107.56,0.05,0.915673
1576,dqn,2,52.8242,11.72,18563,cpu,15,128,147.68,0.05,0.747446
1577,dqn,2,52.8513,11.74,18563,cpu,10,76,95.85,0.05,0.8036
1578,dqn,2,52.8732,11.64,18563,cpu,7,62,63.06,0.05,1.273298
1579,dqn,2,52.9335,11.92,18563,cpu,21,169,210.43,0.05,1.044906
1580,dqn,2,52.9765,11.98,18563,cpu,13,121,126.03,0.05,0.427206
1581,dqn,2,53.0149,12.16,18563,cpu,12,108,115.55,0.05,0.94382
1582,dqn,2,53.0526,12.18,18563,cpu,12,107,117.26,0.05,1.424451
1583,dqn,2,53.1089,12.2,18563,cpu,16,158,159.09,0.05,0.958381
1584,dqn,2,53.1304,12.1,18563,cpu,10,61,94.1,0.05,0.530963
1585,dqn,2,53.2133,12.62,18563,cpu,27,234,273.74,0.05,1.331482
1586,dqn,2,53.2631,12.88,18563,cpu,17,140,167.98,0.05,2.22316
1587,dqn,2,53.2656,12.68,18563,cpu,0,7,-9.46,0.05,0.559382
1588,dqn,2,53.2826,12.74,18563,cpu,5,48,43.18,0.05,0.624827
1589,dqn,2,53.3507,12.72,18563,cpu,22,191,220.52,0.05,0.995153
1590,dqn,2,53.408,13.06,18563,cpu,19,161,191.29,0.05,1.984943
1591,dqn,2,53.4144,12.96,18563,cpu,3,18,21.06,0.05,0.910102
1592,dqn,2,53.4499,13.18,18563,cpu,12,100,117.43,0.05,0.396423
1593,dqn,2,53.4636,12.8,18563,cpu,4,39,32.86,0.05,0.759418
1594,dqn,2,53.4953,12.68,18563,cpu,12,90,116.13,0.05,0.75085
1595,dqn,2,53.5212,12.56,18563,cpu,10,73,94.58,0.05,1.743033
1596,dqn,2,53.5624,12.64,18563,cpu,13,115,126.89,0.05,0.688468
1597,dqn,2,53.5758,12.54,18563,cpu,7,38,62.5,0.05,1.354049
1598,dqn,2,53.5933,12.68,18563,cpu,9,49,83.31,0.05,1.883241
1599,dqn,2,53.6422,12.66,18563,cpu,16,137,159.8,0.05,0.963469
1600,dqn,2,53.698,12.98,18563,cpu,19,157,190.73,0.05,1.753153
1601,dqn,2,53.7239,12.86,18563,cpu,7,73,65.05,0.05,1.092366
1602,dqn,2,53.8095,13.04,18563,cpu,26,242,265.55,0.05,1.352545
1603,dqn,2,53.8165,12.74,18563,cpu,2,20,11.13,0.05,1.321833
1604,dqn,2,53.8378,12.66,18563,cpu,8,61,74.48,0.05,1.197371
1605,dqn,2,53.909,13.0,18563,cpu,24,201,241.04,0.05,1.370097
1606,dqn,2,53.9181,12.76,18563,cpu,3,26,21.98,0.05,1.212448
1607,dqn,2,53.9504,12.68,18563,cpu,11,92,106.6,0.05,1.676822
1608,dqn,2,53.9825,12.76,18563,cpu,10,91,96.0,0.05,1.838903
1609,dqn,2,54.0192,12.8,18563,cpu,14,104,137.41,0.05,1.562852
1610,dqn,2,54.06,13.14,18563,cpu,19,115,187.35,0.05,1.579599
1611,dqn,2,54.1194,13.28,18563,cpu,23,168,230.36,0.05,1.826342
1612,dqn,2,54.1727,13.36,18563,cpu,19,151,190.19,0.05,1.144427
1613,dqn,2,54.2048,13.24,18563,cpu,12,91,116.42,0.05,0.720177
1614,dqn,2,54.2249,13.04,18563,cpu,7,57,64.01,0.05,0.18039
1615,dqn,2,54.2316,12.72,18563,cpu,2,19,11.44,0.05,1.019361
1616,dqn,2,54.2718,12.76,18563,cpu,15,114,147.22,0.05,1.442396
1617,dqn,2,54.3017,12.5,18563,cpu,9,85,84.75,0.05,1.036454
1618,dqn,2,54.3179,12.22,18563,cpu,7,46,63.22,0.05,1.019865
1619,dqn,2,54.3604,12.2,18563,cpu,18,120,178.09,0.05,1.920076
1620,dqn,2,54.387,12.12,18563,cpu,10,76,94.85,0.05,0.773649
1621,dqn,2,54.4029,11.92,18563,cpu,5,45,43.11,0.05,1.400514
1622,dqn,2,54.4415,11.9,18563,cpu,13,110,126.64,0.05,0.588802
1623,dqn,2,54.4709,12.1,18563,cpu,10,84,95.57,0.05,1.059308
1624,dqn,2,54.5097,12.16,18563,cpu,12,111,117.42,0.05,1.149923
1625,dqn,2,54.5293,12.1,18563,cpu,8,56,73.23,0.05,1.67388
1626,dqn,2,54.5412,11.88,18563,cpu,4,34,32.61,0.05,1.814279
1627,dqn,2,54.5643,11.84,18563,cpu,8,65,74.44,0.05,0.574182
1628,dqn,2,54.5841,11.86,18563,cpu,8,56,73.63,0.05,0.609731
1629,dqn,2,54.6056,11.64,18563,cpu,10,61,94.3,0.05,0.973224
1630,dqn,2,54.6462,11.68,18563,cpu,15,115,146.31,0.05,0.916259
1631,dqn,2,54.7001,11.82,18563,cpu,19,153,189.57,0.05,1.837653
1632,dqn,2,54.706,11.62,18563,cpu,2,17,11.06,0.05,0.946855
1633,dqn,2,54.7153,11.38,18563,cpu,4,27,31.58,0.05,2.227314
1634,dqn,2,54.7807,11.62,18563,cpu,22,186,221.67,0.05,0.719521
1635,dqn,2,54.7891,11.16,18563,cpu,4,24,31.71,0.05,1.649739
1636,dqn,2,54.8287,10.98,18563,cpu,8,113,73.96,0.05,1.438833
1637,dqn,2,54.8556,11.16,18563,cpu,9,76,85.94,0.05,1.686607
1638,dqn,2,54.926,11.54,18563,cpu,24,198,241.57,0.05,1.241554
1639,dqn,2,54.9658,11.46,18563,cpu,18,111,176.68,0.05,1.140525
1640,dqn,2,54.9859,11.3,18563,cpu,11,56,103.76,0.05,0.85697
1641,dqn,2,54.9966,11.3,18563,cpu,3,30,22.14,0.05,0.602363
1642,dqn,2,55.009,11.16,18563,cpu,5,35,42.61,0.05,0.797179
1643,dqn,2,55.012,11.1,18563,cpu,1,8,0.54,0.05,1.722012
1644,dqn,2,55.1002,11.4,18563,cpu,27,248,274.0,0.05,1.90678
1645,dqn,2,55.1402,11.48,18563,cpu,14,113,138.82,0.05,0.841932
1646,dqn,2,55.1774,11.52,18563,cpu,15,105,146.81,0.05,1.350995
1647,dqn,2,55.1827,11.4,18563,cpu,1,15,1.17,0.05,0.813057
1648,dqn,2,55.1912,11.3,18563,cpu,4,24,30.71,0.05,0.609303
1649,dqn,2,55.2458,11.3,18563,cpu,16,155,157.42,0.05,1.136832
1650,dqn,2,55.2829,11.16,18563,cpu,12,105,116.88,0.05,0.864158
1651,dqn,2,55.3104,11.16,18563,cpu,7,78,65.1,0.05,1.432663
1652,dqn,2,55.3129,10.66,18563,cpu,1,7,-0.15,0.05,2.229735
1653,dqn,2,55.35,10.92,18563,cpu,15,105,146.61,0.05,0.381145
1654,dqn,2,55.3939,11.04,18563,cpu,14,124,139.41,0.05,0.80145
1655,dqn,2,55.4487,10.9,18563,cpu,17,155,170.93,0.05,0.682087
1656,dqn,2,55.4968,11.14,18563,cpu,15,136,147.8,0.05,0.580603
1657,dqn,2,55.5588,11.28,18563,cpu,18,174,178.75,0.05,0.701494
1658,dqn,2,55.6145,11.5,18563,cpu,21,156,209.86,0.05,1.071082
1659,dqn,2,55.6424,11.44,18563,cpu,11,78,105.54,0.05,0.813837
1660,dqn,2,55.6906,11.36,18563,cpu,15,136,147.2,0.05,1.86369
1661,dqn,2,55.7053,11.02,18563,cpu,6,42,52.35,0.05,0.999769
1662,dqn,2,55.7404,10.9,18563,cpu,13,99,127.05,0.05,1.661253
1663,dqn,2,55.7718,10.88,18563,cpu,11,89,103.93,0.05,1.359437
1664,dqn,2,55.7905,10.88,18563,cpu,7,53,64.05,0.05,1.577453
1665,dqn,2,55.793,10.86,18563,cpu,1,7,0.45,0.05,0.653891
1666,dqn,2,55.7993,10.62,18563,cpu,3,18,21.26,0.05,1.405893
1667,dqn,2,55.8139,10.54,18563,cpu,5,41,42.95,0.05,0.542784
1668,dqn,2,55.8337,10.66,18563,cpu,13,56,122.98,0.05,1.164582
1669,dqn,2,55.8694,10.58,18563,cpu,14,101,137.14,0.05,1.404436
1670,dqn,2,55.9085,10.68,18563,cpu,15,110,147.46,0.05,0.842246
1671,dqn,2,55.9495,10.88,18563,cpu,15,116,148.0,0.05,1.696722
1672,dqn,2,56.0058,11.0,18563,cpu,19,159,190.11,0.05,1.103126
1673,dqn,2,56.0271,10.9,18563,cpu,5,61,44.15,0.05,0.54181
1674,dqn,2,56.0744,11.0,18563,cpu,17,134,168.64,0.05,0.116282
1675,dqn,2,56.1227,11.14,18563,cpu,15,137,147.29,0.05,0.486382
1676,dqn,2,56.129,11.08,18563,cpu,1,18,1.44,0.05,0.8559
1677,dqn,2,56.1889,11.3,18563,cpu,19,169,190.21,0.05,1.728515
1678,dqn,2,56.1934,11.2,18563,cpu,3,13,20.81,0.05,1.198881
1679,dqn,2,56.2389,11.3,18563,cpu,15,129,148.57,0.05,0.876971
1680,dqn,2,56.2425,11.0,18563,cpu,0,10,-9.39,0.05,1.181536
1681,dqn,2,56.284,10.92,18563,cpu,15,116,147.2,0.05,0.903528
1682,dqn,2,56.3224,11.22,18563,cpu,17,108,167.3,0.05,1.347604
1683,dqn,2,56.3332,11.22,18563,cpu,4,30,32.25,0.05,1.092509
1684,dqn,2,56.3629,10.98,18563,cpu,10,83,95.88,0.05,1.597138
1685,dqn,2,56.4208,11.3,18563,cpu,20,163,201.38,0.05,0.762567
1686,dqn,2,56.424,11.18,18563,cpu,2,9,10.34,0.05,1.00149
1687,dqn,2,56.459,11.28,18563,cpu,14,98,136.07,0.05,1.999315
1688,dqn,2,56.4995,11.1,18563,cpu,15,114,148.22,0.05,1.298732
1689,dqn,2,56.5246,10.94,18563,cpu,10,71,94.4,0.05,2.283969
1690,dqn,2,56.5835,11.2,18563,cpu,24,165,239.4,0.05,0.780306
1691,dqn,2,56.593,11.18,18563,cpu,2,27,12.16,0.05,0.909481
1692,dqn,2,56.602,11.12,18563,cpu,2,25,10.38,0.05,0.800804
1693,dqn,2,56.6224,11.22,18563,cpu,6,57,53.1,0.05,0.973117
1694,dqn,2,56.6336,10.74,18563,cpu,3,32,21.92,0.05,1.104662
1695,dqn,2,56.644,10.52,18563,cpu,3,29,21.45,0.05,1.753552
1696,dqn,2,56.6837,10.5,18563,cpu,14,112,137.93,0.05,1.911756
1697,dqn,2,56.7353,10.82,18563,cpu,17,145,168.83,0.05,2.15743
1698,dqn,2,56.7987,11.1,18563,cpu,18,179,180.0,0.05,1.426847
1699,dqn,2,56.8608,11.22,18563,cpu,22,175,221.08,0.05,1.142248
1700,dqn,2,56.8943,11.28,18563,cpu,15,95,146.91,0.05,1.02087
1701,dqn,2,56.9101,11.24,18563,cpu,5,45,42.91,0.05,0.79187
1702,dqn,2,56.944,11.5,18563,cpu,14,96,136.69,0.05,0.823874
1703,dqn,2,56.9742,11.42,18563,cpu,11,85,106.37,0.05,0.817611
1704,dqn,2,56.9949,11.3,18563,cpu,8,59,73.9,0.05,1.025412
1705,dqn,2,57.0448,11.26,18563,cpu,15,142,148.34,0.05,1.013243
1706,dqn,2,57.0555,11.04,18563,cpu,4,30,31.45,0.05,0.435969
1707,dqn,2,57.0718,10.82,18563,cpu,7,46,63.22,0.05,0.870179
1708,dqn,2,57.0925,10.54,18563,cpu,7,59,63.99,0.05,1.360636
1709,dqn,2,57.1038,10.4,18563,cpu,4,32,32.23,0.05,0.779678
1710,dqn,2,57.134,10.32,18563,cpu,11,86,106.26,0.05,1.184753
1711,dqn,2,57.1637,10.42,18563,cpu,11,84,105.48,0.05,0.702782
1712,dqn,2,57.1848,10.3,18563,cpu,7,60,64.68,0.05,0.58684
1713,dqn,2,57.2152,10.3,18563,cpu,11,86,106.26,0.05,0.907246
1714,dqn,2,57.2446,10.36,18563,cpu,10,83,95.68,0.05,1.051847
1715,dqn,2,57.2707,10.58,18563,cpu,12,74,114.89,0.05,0.827712
1716,dqn,2,57.2742,10.54,18563,cpu,1,10,0.72,0.05,0.75264
1717,dqn,2,57.289,10.56,18563,cpu,6,42,52.75,0.05,1.611946
1718,dqn,2,57.3014,10.36,18563,cpu,3,35,22.39,0.05,1.085316
1719,dqn,2,57.3103,10.14,18563,cpu,3,25,21.29,0.05,1.125112
1720,dqn,2,57.3351,10.04,18563,cpu,10,70,94.91,0.05,1.008302
1721,dqn,2,57.3619,9.94,18563,cpu,10,76,95.65,0.05,1.295529
1722,dqn,2,57.412,9.94,18563,cpu,19,141,188.29,0.05,0.579239
1723,dqn,2,57.4297,10.02,18563,cpu,9,50,82.6,0.05,0.945267
1724,dqn,2,57.4402,9.76,18563,cpu,4,30,32.05,0.05,0.35652
1725,dqn,2,57.4487,9.56,18563,cpu,5,24,41.62,0.05,1.072355
1726,dqn,2,57.4617,9.64,18563,cpu,5,37,42.39,0.05,0.987942
1727,dqn,2,57.4885,9.5,18563,cpu,12,76,114.07,0.05,1.249445
1728,dqn,2,57.5011,9.6,18563,cpu,8,35,72.14,0.05,1.900031
1729,dqn,2,57.5208,9.46,18563,cpu,8,56,73.63,0.05,1.187231
1730,dqn,2,57.5226,9.46,18563,cpu,0,5,-9.64,0.05,0.653605
1731,dqn,2,57.5371,9.26,18563,cpu,5,41,42.75,0.05,1.327688
1732,dqn,2,57.5575,9.08,18563,cpu,8,57,73.12,0.05,0.823987
1733,dqn,2,57.6001,9.22,18563,cpu,11,120,107.12,0.05,0.325356
1734,dqn,2,57.6452,9.38,18563,cpu,18,127,179.12,0.05,0.946159
1735,dqn,2,57.6474,8.98,18563,cpu,0,6,-9.55,0.05,1.435956
1736,dqn,2,57.6935,9.28,18563,cpu,17,130,168.08,0.05,1.967166
1737,dqn,2,57.7659,9.42,18563,cpu,21,205,214.07,0.05,2.009874
1738,dqn,2,57.7914,9.26,18563,cpu,7,73,65.65,0.05,0.942848
1739,dqn,2,57.818,9.28,18563,cpu,11,75,102.87,0.05,0.814569
1740,dqn,2,57.8316,8.88,18563,cpu,4,39,33.06,0.05,1.047591
1741,dqn,2,57.8504,8.96,18563,cpu,6,53,53.54,0.05,0.996738
1742,dqn,2,57.8568,8.98,18563,cpu,3,18,21.06,0.05,0.586075
1743,dqn,2,57.9093,9.18,18563,cpu,16,142,160.05,0.05,0.491174
1744,dqn,2,57.919,9.22,18563,cpu,5,27,41.89,0.05,1.514728
1745,dqn,2,57.9307,9.24,18563,cpu,4,33,32.52,0.05,0.977388
1746,dqn,2,57.95,9.08,18563,cpu,6,54,53.23,0.05,0.695684
1747,dqn,2,58.0268,9.14,18563,cpu,20,217,203.84,0.05,1.173752
1748,dqn,2,58.0468,8.96,18563,cpu,9,57,83.83,0.05,1.331631
1749,dqn,2,58.0736,8.72,18563,cpu,10,76,95.85,0.05,1.019501
1750,dqn,2,58.0957,8.56,18563,cpu,7,63,64.95,0.05,0.893977
1751,dqn,2,58.115,8.58,18563,cpu,6,55,53.12,0.05,0.836213
1752,dqn,2,58.1879,8.68,18563,cpu,19,207,191.63,0.05,1.123595
1753,dqn,2,58.2387,8.78,18563,cpu,16,144,159.83,0.05,0.570485
1754,dqn,2,58.246,8.66,18563,cpu,2,21,11.42,0.05,1.194686
1755,dqn,2,58.2481,8.36,18563,cpu,0,6,-9.55,0.05,0.6051
1756,dqn,2,58.2937,8.6,18563,cpu,16,129,157.48,0.05,1.630187
1757,dqn,2,58.3121,8.6,18563,cpu,7,52,63.56,0.05,0.259822
1758,dqn,2,58.3152,8.5,18563,cpu,2,9,10.54,0.05,0.389327
1759,dqn,2,58.3537,8.66,18563,cpu,12,109,118.44,0.05,1.153963
1760,dqn,2,58.3568,8.46,18563,cpu,1,9,0.43,0.05,0.737497
1761,dqn,2,58.3733,8.4,18563,cpu,8,47,73.22,0.05,0.748505
1762,dqn,2,58.4427,8.72,18563,cpu,23,197,229.77,0.05,0.918414
1763,dqn,2,58.4535,8.6,18563,cpu,5,31,41.85,0.05,0.285044
1764,dqn,2,58.4764,8.6,18563,cpu,10,65,94.46,0.05,1.199455
1765,dqn,2,58.5047,8.56,18563,cpu,10,81,95.3,0.05,1.297218
1766,dqn,2,58.5078,8.56,18563,cpu,1,9,0.63,0.05,0.998034
1767,dqn,2,58.5585,8.76,18563,cpu,16,144,158.23,0.05,0.508397
1768,dqn,2,58.5903,8.92,18563,cpu,11,90,105.02,0.05,1.173665
1769,dqn,2,58.5987,8.94,18563,cpu,4,24,31.71,0.05,0.647813
1770,dqn,2,58.6292,8.92,18563,cpu,9,87,85.73,0.05,1.045689
1771,dqn,2,58.6355,8.78,18563,cpu,3,18,21.26,0.05,0.767449
1772,dqn,2,58.6565,8.56,18563,cpu,8,59,74.1,0.05,0.902858
1773,dqn,2,58.715,8.76,18563,cpu,19,166,191.74,0.05,1.517542
1774,dqn,2,58.7474,8.92,18563,cpu,12,92,115.91,0.05,1.34103
1775,dqn,2,58.8008,9.16,18563,cpu,17,152,168.46,0.05,1.017206
1776,dqn,2,58.8305,9.3,18563,cpu,12,84,115.99,0.05,0.665826
1777,dqn,2,58.879,9.4,18563,cpu,17,138,170.4,0.05,1.012418
1778,dqn,2,58.8964,9.4,18563,cpu,8,49,73.6,0.05,2.145823
1779,dqn,2,58.9256,9.5,18563,cpu,13,83,126.21,0.05,0.150319
1780,dqn,2,58.9467,9.64,18563,cpu,7,60,64.28,0.05,1.9128
1781,dqn,2,58.9682,9.68,18563,cpu,7,61,64.77,0.05,1.803162
1782,dqn,2,59.0066,9.76,18563,cpu,12,109,117.84,0.05,1.584505
1783,dqn,2,59.0094,9.54,18563,cpu,0,8,-9.57,0.05,1.639055
1784,dqn,2,59.0211,9.28,18563,cpu,5,33,42.03,0.05,1.014588
1785,dqn,2,59.0567,9.56,18563,cpu,14,101,135.94,0.05,1.167638
1786,dqn,2,59.0993,9.54,18563,cpu,16,120,157.87,0.05,1.17203
1787,dqn,2,59.1306,9.34,18563,cpu,11,89,105.73,0.05,1.533658
1788,dqn,2,59.1627,9.48,18563,cpu,14,91,135.24,0.05,1.758325
1789,dqn,2,59.1747,9.34,18563,cpu,4,34,31.81,0.05,1.316403
1790,dqn,2,59.238,9.66,18563,cpu,20,180,200.11,0.05,0.897873
1791,dqn,2,59.2518,9.64,18563,cpu,5,40,42.46,0.05,1.367298
1792,dqn,2,59.2575,9.64,18563,cpu,3,16,21.08,0.05,1.970294
1793,dqn,2,59.297,9.64,18563,cpu,16,113,155.84,0.05,1.12739
1794,dqn,2,59.3565,9.92,18563,cpu,19,170,189.7,0.05,1.298131
1795,dqn,2,59.3768,9.98,18563,cpu,7,58,63.9,0.05,0.849147
1796,dqn,2,59.3866,9.92,18563,cpu,3,28,21.96,0.05,1.591853
1797,dqn,2,59.4358,9.88,18563,cpu,18,140,179.09,0.05,1.177143
1798,dqn,2,59.4603,9.92,18563,cpu,11,70,104.42,0.05,1.062673
1799,dqn,2,59.4722,9.78,18563,cpu,3,34,21.9,0.05,0.637137
1800,dqn,2,59.5647,10.16,18563,cpu,26,263,265.64,0.05,0.993764
1801,dqn,2,59.6032,10.3,18563,cpu,13,109,126.55,0.05,1.169161
1802,dqn,2,59.6284,10.08,18563,cpu,8,71,75.18,0.05,1.391592
1803,dqn,2,59.6367,9.82,18563,cpu,3,24,21.8,0.05,1.429788
1804,dqn,2,59.6706,10.0,18563,cpu,11,97,106.85,0.05,0.50776
1805,dqn,2,59.6819,10.1,18563,cpu,5,32,41.94,0.05,1.918031
1806,dqn,2,59.7274,10.12,18563,cpu,17,129,168.39,0.05,1.159261
1807,dqn,2,59.7645,10.18,18563,cpu,10,106,97.35,0.05,0.61398
1808,dqn,2,59.7929,10.32,18563,cpu,9,81,85.99,0.05,0.920752
1809,dqn,2,59.8305,10.3,18563,cpu,11,106,106.46,0.05,0.938796
1810,dqn,2,59.8643,10.52,18563,cpu,12,96,116.67,0.05,0.825749
1811,dqn,2,59.8763,10.46,18563,cpu,5,34,42.32,0.05,0.600566
1812,dqn,2,59.9294,10.3,18563,cpu,15,151,149.75,0.05,1.06067
1813,dqn,2,59.9889,10.6,18563,cpu,20,169,201.72,0.05,0.900206
1814,dqn,2,60.0652,10.84,18563,cpu,22,217,221.26,0.05,0.714062
1815,dqn,2,60.1071,10.94,18563,cpu,15,118,147.78,0.05,1.124112
1816,dqn,2,60.1459,11.2,18563,cpu,14,108,137.17,0.05,1.179574
1817,dqn,2,60.1739,11.08,18563,cpu,10,79,95.32,0.05,1.396215
1818,dqn,2,60.2217,11.24,18563,cpu,19,135,189.35,0.05,1.241845
1819,dqn,2,60.2882,11.58,18563,cpu,21,187,209.45,0.05,1.547568
1820,dqn,2,60.3176,11.66,18563,cpu,13,83,125.21,0.05,1.087829
1821,dqn,2,60.3338,11.72,18563,cpu,6,46,52.71,0.05,1.687488
1822,dqn,2,60.3888,11.94,18563,cpu,19,156,191.04,0.05,1.152737
1823,dqn,2,60.4164,11.74,18563,cpu,9,78,84.52,0.05,1.876945
1824,dqn,2,60.4558,11.74,18563,cpu,12,112,115.31,0.05,0.635956
1825,dqn,2,60.5206,11.88,18563,cpu,24,183,241.42,0.05,1.434723
1826,dqn,2,60.5258,11.68,18563,cpu,2,15,11.08,0.05,0.869017
1827,dqn,2,60.5612,11.58,18563,cpu,12,99,117.54,0.05,0.607222
1828,dqn,2,60.5667,11.46,18563,cpu,2,15,10.88,0.05,0.917141
1829,dqn,2,60.5761,11.26,18563,cpu,3,27,21.27,0.05,0.605401
1830,dqn,2,60.6317,11.48,18563,cpu,18,157,179.02,0.05,1.246025
1831,dqn,2,60.6394,11.38,18563,cpu,2,22,11.71,0.05,1.055693
1832,dqn,2,60.6719,11.38,18563,cpu,12,90,115.13,0.05,1.102376
1833,dqn,2,60.7082,11.64,18563,cpu,13,102,125.72,0.05,1.393612
1834,dqn,2,60.7655,11.9,18563,cpu,18,162,181.47,0.05,1.055337
1835,dqn,2,60.8122,11.96,18563,cpu,17,132,169.46,0.05,1.254976
1836,dqn,2,60.8479,11.92,18563,cpu,14,101,136.74,0.05,1.291017
1837,dqn,2,60.8734,11.88,18563,cpu,9,72,84.78,0.05,1.895638
1838,dqn,2,60.9058,11.84,18563,cpu,12,92,113.71,0.05,1.034557
1839,dqn,2,60.9353,11.98,18563,cpu,11,84,105.08,0.05,0.918238
1840,dqn,2,60.9724,11.82,18563,cpu,12,106,116.97,0.05,1.330045
1841,dqn,2,60.9887,11.86,18563,cpu,7,46,63.02,0.05,1.412705
1842,dqn,2,60.9922,11.82,18563,cpu,1,10,0.72,0.05,1.997327
1843,dqn,2,61.0214,11.74,18563,cpu,12,83,115.7,0.05,0.700592
1844,dqn,2,61.0442,11.5,18563,cpu,7,65,62.13,0.05,0.922981
1845,dqn,2,61.0968,11.72,18563,cpu,18,150,180.19,0.05,1.63764
1846,dqn,2,61.12,11.84,18563,cpu,9,66,83.84,0.05,1.035249
1847,dqn,2,61.1498,11.68,18563,cpu,10,85,95.66,0.05,1.412376
1848,dqn,2,61.1646,11.6,18563,cpu,7,42,62.66,0.05,1.013769
1849,dqn,2,61.185,11.68,18563,cpu,7,58,62.7,0.05,0.940647
1850,dqn,2,61.2125,11.44,18563,cpu,14,78,135.27,0.05,0.821377
1851,dqn,2,61.2456,11.38,18563,cpu,10,94,96.07,0.05,1.111789
1852,dqn,2,61.2544,11.32,18563,cpu,5,25,41.71,0.05,0.532047
1853,dqn,2,61.275,11.4,18563,cpu,7,59,64.39,0.05,0.483043
1854,dqn,2,61.3242,11.5,18563,cpu,16,139,158.18,0.05,1.526404
1855,dqn,2,61.3714,11.76,18563,cpu,18,134,178.15,0.05,0.46034
1856,dqn,2,61.4081,11.68,18563,cpu,13,104,125.3,0.05,0.406396
1857,dqn,2,61.4494,11.78,18563,cpu,15,117,147.69,0.05,1.592907
1858,dqn,2,61.4847,11.9,18563,cpu,15,100,146.36,0.05,0.995724
1859,dqn,2,61.519,11.94,18563,cpu,13,98,127.16,0.05,0.946782
1860,dqn,2,61.5363,11.82,18563,cpu,6,49,53.78,0.05,1.620294
1861,dqn,2,61.5835,12.04,18563,cpu,16,133,159.84,0.05,0.359181
1862,dqn,2,61.6078,11.94,18563,cpu,10,68,94.93,0.05,1.667393
1863,dqn,2,61.6352,11.8,18563,cpu,13,77,125.67,0.05,0.783772
1864,dqn,2,61.6867,11.7,18563,cpu,17,145,167.63,0.05,1.024506
1865,dqn,2,61.7403,11.74,18563,cpu,17,152,169.46,0.05,1.168824
1866,dqn,2,61.7532,11.54,18563,cpu,4,37,31.08,0.05,0.978822
1867,dqn,2,61.8317,11.9,18563,cpu,28,223,283.06,0.05,0.759391
1868,dqn,2,61.8539,11.68,18563,cpu,8,63,74.26,0.05,1.763625
1869,dqn,2,61.881,11.44,18563,cpu,9,77,85.63,0.05,1.905813
1870,dqn,2,61.9051,11.38,18563,cpu,10,68,94.73,0.05,1.428288
1871,dqn,2,61.9476,11.56,18563,cpu,15,120,148.96,0.05,2.010443
1872,dqn,2,61.9726,11.38,18563,cpu,10,71,94.6,0.05,0.899281
1873,dqn,2,62.0313,11.7,18563,cpu,25,166,248.8,0.05,0.732324
1874,dqn,2,62.0615,11.68,18563,cpu,11,86,106.06,0.05,1.889927
1875,dqn,2,62.0854,11.42,18563,cpu,11,68,104.24,0.05,1.339815
1876,dqn,2,62.1129,11.56,18563,cpu,9,78,84.72,0.05,0.405345
1877,dqn,2,62.1418,11.52,18563,cpu,10,83,96.48,0.05,1.672787
1878,dqn,2,62.1682,11.68,18563,cpu,10,75,94.96,0.05,0.473181
1879,dqn,2,62.1805,11.72,18563,cpu,5,35,42.61,0.05,1.238201
1880,dqn,2,62.1873,11.42,18563,cpu,3,19,21.35,0.05,0.762008
1881,dqn,2,62.2009,11.46,18563,cpu,4,39,32.86,0.05,1.802815
1882,dqn,2,62.2352,11.46,18563,cpu,12,98,116.45,0.05,2.007225
1883,dqn,2,62.2643,11.42,18563,cpu,11,83,104.99,0.05,1.983265
1884,dqn,2,62.3022,11.28,18563,cpu,11,108,107.64,0.05,1.267298
1885,dqn,2,62.3053,10.96,18563,cpu,1,9,0.63,0.05,0.50162
1886,dqn,2,62.3189,10.76,18563,cpu,4,39,32.26,0.05,0.993384
1887,dqn,2,62.3654,10.92,18563,cpu,17,132,170.06,0.05,1.186672
1888,dqn,2,62.4011,10.98,18563,cpu,15,102,146.14,0.05,0.341586
1889,dqn,2,62.4338,10.96,18563,cpu,10,93,96.38,0.05,1.442267
1890,dqn,2,62.4401,10.8,18563,cpu,4,18,31.17,0.05,0.638859
1891,dqn,2,62.5171,11.12,18563,cpu,23,220,231.64,0.05,0.87027
1892,dqn,2,62.5575,11.38,18563,cpu,14,115,136.6,0.05,1.606254
1893,dqn,2,62.6094,11.48,18563,cpu,17,147,168.01,0.05,0.422393
1894,dqn,2,62.6273,11.5,18563,cpu,8,51,72.58,0.05,0.85454
1895,dqn,2,62.6695,11.5,18563,cpu,18,119,178.0,0.05,1.193987
1896,dqn,2,62.7082,11.58,18563,cpu,13,110,126.44,0.05,1.031224
1897,dqn,2,62.7387,11.62,18563,cpu,12,87,115.46,0.05,1.311776
1898,dqn,2,62.7925,11.86,18563,cpu,19,153,189.97,0.05,1.088183
1899,dqn,2,62.8037,11.8,18563,cpu,4,32,32.23,0.05,1.316244
1900,dqn,2,62.8181,11.64,18563,cpu,6,41,52.66,0.05,1.6037
1901,dqn,2,62.8713,11.8,18563,cpu,18,151,178.48,0.05,1.471878
1902,dqn,2,62.8885,11.86,18563,cpu,8,49,73.2,0.05,0.578103
1903,dqn,2,62.8993,11.78,18563,cpu,3,31,22.23,0.05,1.064207
1904,dqn,2,62.9188,11.62,18563,cpu,8,55,73.54,0.05,0.695387
1905,dqn,2,62.978,11.64,18563,cpu,19,168,191.52,0.05,0.571507
1906,dqn,2,62.9811,11.4,18563,cpu,1,9,0.63,0.05,1.427004
1907,dqn,2,62.9962,11.26,18563,cpu,8,43,72.66,0.05,1.808584
1908,dqn,2,63.0292,11.16,18563,cpu,10,94,96.27,0.05,0.417361
1909,dqn,2,63.0432,10.96,18563,cpu,3,40,22.44,0.05,1.552125
1910,dqn,2,63.0534,10.9,18563,cpu,3,29,22.25,0.05,0.68636
1911,dqn,2,63.0792,10.78,18563,cpu,10,73,94.98,0.05,1.322134
1912,dqn,2,63.1206,10.94,18563,cpu,18,118,176.11,0.05,0.746524
1913,dqn,2,63.1994,11.2,18563,cpu,26,224,265.13,0.05,0.865283
1914,dqn,2,63.2378,11.08,18563,cpu,11,110,107.02,0.05,1.34097
1915,dqn,2,63.25,10.84,18563,cpu,5,35,40.81,0.05,2.698935
1916,dqn,2,63.2661,10.9,18563,cpu,7,46,63.22,0.05,1.401399
1917,dqn,2,63.3072,10.58,18563,cpu,12,117,117.76,0.05,0.99237
1918,dqn,2,63.3101,10.42,18563,cpu,0,8,-9.37,0.05,1.211386
1919,dqn,2,63.3411,10.48,18563,cpu,12,88,116.55,0.05,0.940764
1920,dqn,2,63.3646,10.46,18563,cpu,9,67,85.13,0.05,1.123592
1921,dqn,2,63.3947,10.48,18563,cpu,16,86,155.81,0.05,0.961274
1922,dqn,2,63.438,10.62,18563,cpu,17,123,167.65,0.05,0.765724
1923,dqn,2,63.4625,10.32,18563,cpu,10,70,94.51,0.05,0.835384
1924,dqn,2,63.5079,10.38,18563,cpu,14,129,137.86,0.05,0.648629
1925,dqn,2,63.539,10.42,18563,cpu,13,88,125.26,0.05,1.259223
1926,dqn,2,63.5714,10.48,18563,cpu,12,92,116.91,0.05,1.326926
1927,dqn,2,63.5905,10.46,18563,cpu,9,54,83.36,0.05,1.885809
1928,dqn,2,63.6147,10.44,18563,cpu,9,69,84.11,0.05,1.65791
1929,dqn,2,63.6567,10.64,18563,cpu,15,120,148.56,0.05,1.316307
1930,dqn,2,63.6817,10.74,18563,cpu,8,71,74.58,0.05,1.715429
1931,dqn,2,63.7012,10.82,18563,cpu,8,56,73.83,0.05,1.631221
1932,dqn,2,63.7307,10.82,18563,cpu,12,84,116.19,0.05,0.569204
1933,dqn,2,63.7905,10.92,18563,cpu,16,170,158.97,0.05,2.233631
1934,dqn,2,63.867,11.2,18563,cpu,25,217,253.39,0.05,1.658033
1935,dqn,2,63.9278,11.56,18563,cpu,19,173,190.57,0.05,1.042691
1936,dqn,2,63.9379,11.54,18563,cpu,3,29,22.25,0.05,1.180327
1937,dqn,2,63.9608,11.36,18563,cpu,8,65,74.04,0.05,2.027991
1938,dqn,2,63.9954,11.28,18563,cpu,11,99,106.23,0.05,0.818422
1939,dqn,2,64.068,11.52,18563,cpu,22,206,222.47,0.05,0.919528
1940,dqn,2,64.0751,11.5,18563,cpu,3,20,21.44,0.05,0.973046
1941,dqn,2,64.1121,11.26,18563,cpu,11,105,105.77,0.05,1.354278
1942,dqn,2,64.1396,11.2,18563,cpu,11,78,105.34,0.05,1.38669
1943,dqn,2,64.1569,11.0,18563,cpu,7,49,63.09,0.05,1.293537
1944,dqn,2,64.1678,10.9,18563,cpu,3,31,22.03,0.05,1.400966
1945,dqn,2,64.1842,10.66,18563,cpu,6,47,53.6,0.05,1.039495
1946,dqn,2,64.2271,10.74,18563,cpu,17,121,167.87,0.05,0.919172
1947,dqn,2,64.3003,11.06,18563,cpu,28,208,283.31,0.05,0.385705
1948,dqn,2,64.3114,10.76,18563,cpu,4,32,31.03,0.05,1.206575
1949,dqn,2,64.3459,10.96,18563,cpu,14,98,137.47,0.05,0.333563
1950,dqn,2,64.4069,11.18,18563,cpu,17,174,170.44,0.05,1.126287
1951,dqn,2,64.4455,11.1,18563,cpu,14,110,138.35,0.05,1.436969
1952,dqn,2,64.491,11.28,18563,cpu,17,130,168.28,0.05,1.338646
1953,dqn,2,64.4952,11.28,18563,cpu,3,12,20.52,0.05,1.350372
1954,dqn,2,64.5136,11.28,18563,cpu,8,52,73.67,0.05,1.32688
1955,dqn,2,64.5174,10.92,18563,cpu,1,11,0.61,0.05,0.155672
1956,dqn,2,64.5827,11.28,18563,cpu,19,186,190.34,0.05,1.123926
1957,dqn,2,64.588,11.14,18563,cpu,1,15,0.97,0.05,0.557573
1958,dqn,2,64.6763,11.54,18563,cpu,30,250,302.71,0.05,1.546046
1959,dqn,2,64.685,11.54,18563,cpu,3,25,21.29,0.05,1.211021
1960,dqn,2,64.7216,11.78,18563,cpu,15,104,147.32,0.05,0.590194
1961,dqn,2,64.7346,11.68,18563,cpu,5,37,41.99,0.05,1.471789
1962,dqn,2,64.743,11.4,18563,cpu,4,24,31.51,0.05,0.545236
1963,dqn,2,64.766,11.04,18563,cpu,8,66,74.93,0.05,1.708177
1964,dqn,2,64.7912,11.02,18563,cpu,10,72,93.49,0.05,0.328463
1965,dqn,2,64.8358,11.24,18563,cpu,16,127,159.3,0.05,0.937151
1966,dqn,2,64.8626,11.3,18563,cpu,10,77,94.94,0.05,1.064973
1967,dqn,2,64.873,11.14,18563,cpu,4,30,31.65,0.05,0.753341
1968,dqn,2,64.9119,11.44,18563,cpu,15,111,147.75,0.05,1.29388
1969,dqn,2,64.9263,11.36,18563,cpu,8,41,72.68,0.05,1.165476
1970,dqn,2,64.9634,11.4,18563,cpu,11,106,106.86,0.05,0.616434
1971,dqn,2,64.9904,11.26,18563,cpu,9,77,82.03,0.05,0.298031
1972,dqn,2,65.0542,11.34,18563,cpu,21,182,212.4,0.05,0.648873
1973,dqn,2,65.124,11.62,18563,cpu,24,199,241.46,0.05,1.207658
1974,dqn,2,65.1839,11.7,18563,cpu,18,172,179.17,0.05,0.386223
1975,dqn,2,65.2144,11.7,18563,cpu,13,87,126.37,0.05,0.429559
1976,dqn,2,65.238,11.66,18563,cpu,10,67,94.84,0.05,1.123491
1977,dqn,2,65.317,11.92,18563,cpu,22,226,220.67,0.05,2.009649
1978,dqn,2,65.3198,11.74,18563,cpu,0,8,-9.57,0.05,0.681111
1979,dqn,2,65.3458,11.62,18563,cpu,9,74,85.36,0.05,0.971285
1980,dqn,2,65.4039,11.9,18563,cpu,22,166,221.47,0.05,1.618219
1981,dqn,2,65.413,11.84,18563,cpu,5,26,41.6,0.05,1.978893
1982,dqn,2,65.4723,11.98,18563,cpu,19,170,190.1,0.05,1.748768
1983,dqn,2,65.4977,11.84,18563,cpu,9,72,83.98,0.05,0.659902
1984,dqn,2,65.5643,11.86,18563,cpu,26,190,260.47,0.05,2.44112
1985,dqn,2,65.6075,11.78,18563,cpu,15,123,149.03,0.05,0.82397
1986,dqn,2,65.6381,11.94,18563,cpu,11,87,104.95,0.05,1.371179
1987,dqn,2,65.6504,11.94,18563,cpu,8,35,71.74,0.05,1.023599
1988,dqn,2,65.6986,12.02,18563,cpu,15,136,149.6,0.05,0.485727
1989,dqn,2,65.7423,11.9,18563,cpu,16,125,159.32,0.05,1.389007
1990,dqn,2,65.8071,12.24,18563,cpu,20,185,200.36,0.05,0.632244
1991,dqn,2,65.8313,12.18,18563,cpu,8,69,74.8,0.05,1.137993
1992,dqn,2,65.8441,12.06,18563,cpu,5,37,42.39,0.05,0.954043
1993,dqn,2,65.8833,12.24,18563,cpu,16,112,156.35,0.05,1.593078
1994,dqn,2,65.9347,12.58,18563,cpu,20,147,198.94,0.05,0.588209
1995,dqn,2,65.9673,12.66,18563,cpu,10,93,95.78,0.05,1.331382
1996,dqn,2,66.0218,12.66,18563,cpu,17,156,170.62,0.05,0.081491
1997,dqn,2,66.0541,12.38,18563,cpu,14,92,136.13,0.05,1.214985
1998,dqn,2,66.0608,12.36,18563,cpu,3,19,21.15,0.05,1.36416
1999,dqn,2,66.0955,12.36,18563,cpu,14,99,137.16,0.05,2.055246
2000,dqn,2,66.1466,12.38,18563,cpu,18,146,179.83,0.05,1.357775
