episode,model,seed,elapsed_seconds,moving_avg_score,model_size,device,score,steps,reward,epsilon,loss
1,dueling_dqn,1,0.0002,1.0,35204,cpu,1,21,0.11,0.99601,0.0
2,dueling_dqn,1,0.0006,1.0,35204,cpu,1,34,0.08,0.98955,0.0
3,dueling_dqn,1,0.0007,0.6667,35204,cpu,0,14,-10.63,0.98689,0.0
4,dueling_dqn,1,0.0008,0.5,35204,cpu,0,12,-10.81,0.98461,0.0
5,dueling_dqn,1,0.001,0.4,35204,cpu,0,17,-10.76,0.98138,0.0
6,dueling_dqn,1,0.0056,0.3333,35204,cpu,0,9,-10.88,0.97967,0.883741
7,dueling_dqn,1,0.0251,0.2857,35204,cpu,0,39,-10.38,0.97226,0.009739
8,dueling_dqn,1,0.0329,0.25,35204,cpu,0,15,-9.94,0.96941,1.054153
9,dueling_dqn,1,0.051,0.2222,35204,cpu,0,36,-10.45,0.96257,0.245859
10,dueling_dqn,1,0.059,0.4,35204,cpu,2,16,10.57,0.95953,0.425178
11,dueling_dqn,1,0.0759,0.4545,35204,cpu,1,33,-0.81,0.95326,0.320582
12,dueling_dqn,1,0.0909,0.4167,35204,cpu,0,29,-11.08,0.94775,0.030724
13,dueling_dqn,1,0.0994,0.4615,35204,cpu,1,17,0.35,0.94452,0.284562
14,dueling_dqn,1,0.1089,0.4286,35204,cpu,0,19,-10.18,0.94091,0.284034
15,dueling_dqn,1,0.1125,0.4,35204,cpu,0,7,-10.46,0.93958,0.072918
16,dueling_dqn,1,0.1244,0.375,35204,cpu,0,24,-10.13,0.93502,0.011476
17,dueling_dqn,1,0.1363,0.4706,35204,cpu,2,24,10.69,0.93046,0.258662
18,dueling_dqn,1,0.1423,0.4444,35204,cpu,0,12,-10.61,0.92818,0.869824
19,dueling_dqn,1,0.1645,0.4211,35204,cpu,0,44,-10.13,0.91982,0.278519
20,dueling_dqn,1,0.1759,0.4,35204,cpu,0,23,-10.62,0.91545,0.235787
21,dueling_dqn,1,0.204,0.381,35204,cpu,0,56,-9.85,0.90481,0.097948
22,dueling_dqn,1,0.2085,0.3636,35204,cpu,0,9,-10.08,0.9031,0.338818
23,dueling_dqn,1,0.2146,0.3478,35204,cpu,0,12,-9.41,0.90082,0.086406
24,dueling_dqn,1,0.2612,0.3333,35204,cpu,0,93,-10.72,0.88315,0.041669
25,dueling_dqn,1,0.3068,0.4,35204,cpu,2,91,8.92,0.86586,0.038019
26,dueling_dqn,1,0.317,0.3846,35204,cpu,0,20,-10.29,0.86206,0.061421
27,dueling_dqn,1,0.32,0.3704,35204,cpu,0,6,-10.35,0.86092,0.086387
28,dueling_dqn,1,0.3369,0.3929,35204,cpu,1,33,-0.41,0.85465,0.151558
29,dueling_dqn,1,0.349,0.4138,35204,cpu,1,24,-0.42,0.85009,0.570995
30,dueling_dqn,1,0.3535,0.4,35204,cpu,0,9,-9.68,0.84838,0.07541
31,dueling_dqn,1,0.365,0.4194,35204,cpu,1,23,0.29,0.84401,0.091582
32,dueling_dqn,1,0.3758,0.4375,35204,cpu,1,21,0.51,0.84002,0.309457
33,dueling_dqn,1,0.4037,0.4545,35204,cpu,1,55,-0.43,0.82957,0.269783
34,dueling_dqn,1,0.4111,0.4412,35204,cpu,0,15,-9.94,0.82672,0.067222
35,dueling_dqn,1,0.4483,0.4857,35204,cpu,2,73,10.7,0.81285,0.038498
36,dueling_dqn,1,0.4607,0.5,35204,cpu,1,24,-0.22,0.80829,0.087097
37,dueling_dqn,1,0.4755,0.5405,35204,cpu,2,29,10.34,0.80278,0.388783
38,dueling_dqn,1,0.4867,0.5263,35204,cpu,0,22,-10.31,0.7986,0.305926
39,dueling_dqn,1,0.4973,0.5385,35204,cpu,1,21,0.11,0.79461,0.296126
40,dueling_dqn,1,0.5255,0.575,35204,cpu,2,55,10.48,0.78416,0.346953
41,dueling_dqn,1,0.5297,0.561,35204,cpu,0,8,-9.77,0.78264,0.543062
42,dueling_dqn,1,0.5384,0.5476,35204,cpu,0,17,-10.16,0.77941,0.029321
43,dueling_dqn,1,0.5477,0.5581,35204,cpu,1,18,0.44,0.77599,0.052323
44,dueling_dqn,1,0.5546,0.5455,35204,cpu,0,13,-10.12,0.77352,0.258917
45,dueling_dqn,1,0.5634,0.5333,35204,cpu,0,17,-10.36,0.77029,0.041764
46,dueling_dqn,1,0.5716,0.5217,35204,cpu,0,16,-10.45,0.76725,0.507351
47,dueling_dqn,1,0.5784,0.5319,35204,cpu,1,13,0.59,0.76478,0.502162
48,dueling_dqn,1,0.594,0.5625,35204,cpu,2,30,9.43,0.75908,0.068888
49,dueling_dqn,1,0.6003,0.5714,35204,cpu,1,12,0.5,0.7568,0.305906
50,dueling_dqn,1,0.6141,0.56,35204,cpu,0,27,-10.46,0.75167,0.362085
51,dueling_dqn,1,0.6245,0.54,35204,cpu,0,20,-10.09,0.74787,0.260132
52,dueling_dqn,1,0.6338,0.52,35204,cpu,0,18,-9.47,0.74445,0.356478
53,dueling_dqn,1,0.6505,0.52,35204,cpu,0,33,-10.32,0.73818,0.029119
54,dueling_dqn,1,0.659,0.52,35204,cpu,0,17,-9.96,0.73495,0.577807
55,dueling_dqn,1,0.6841,0.56,35204,cpu,2,50,10.23,0.72545,0.568425
56,dueling_dqn,1,0.6994,0.58,35204,cpu,1,31,0.41,0.71956,0.060511
57,dueling_dqn,1,0.7065,0.58,35204,cpu,0,14,-10.43,0.7169,0.285702
58,dueling_dqn,1,0.7153,0.58,35204,cpu,0,17,-10.16,0.71367,0.330009
59,dueling_dqn,1,0.7411,0.62,35204,cpu,2,50,11.03,0.70417,0.040882
60,dueling_dqn,1,0.757,0.58,35204,cpu,0,31,-10.5,0.69828,0.264221
61,dueling_dqn,1,0.761,0.56,35204,cpu,0,8,-9.57,0.69676,0.077303
62,dueling_dqn,1,0.7733,0.56,35204,cpu,0,24,-10.33,0.6922,0.291201
63,dueling_dqn,1,0.782,0.56,35204,cpu,1,17,-0.45,0.68897,0.317384
64,dueling_dqn,1,0.7959,0.6,35204,cpu,2,27,10.36,0.68384,0.039916
65,dueling_dqn,1,0.8051,0.6,35204,cpu,0,18,-9.87,0.68042,0.262529
66,dueling_dqn,1,0.8219,0.6,35204,cpu,0,33,-10.32,0.67415,0.24954
67,dueling_dqn,1,0.8311,0.58,35204,cpu,1,18,0.24,0.67073,0.062161
68,dueling_dqn,1,0.845,0.58,35204,cpu,0,27,-10.06,0.6656,0.085058
69,dueling_dqn,1,0.87,0.6,35204,cpu,1,49,0.23,0.65629,0.404757
70,dueling_dqn,1,0.8771,0.6,35204,cpu,0,14,-9.63,0.65363,0.077541
71,dueling_dqn,1,0.897,0.64,35204,cpu,2,39,10.04,0.64622,0.076115
72,dueling_dqn,1,0.9119,0.64,35204,cpu,0,29,-9.88,0.64071,0.805789
73,dueling_dqn,1,0.9232,0.64,35204,cpu,0,22,-10.31,0.63653,0.273569
74,dueling_dqn,1,0.9484,0.66,35204,cpu,1,49,0.23,0.62722,0.520115
75,dueling_dqn,1,0.9613,0.64,35204,cpu,1,25,0.47,0.62247,0.03718
76,dueling_dqn,1,0.981,0.68,35204,cpu,2,38,10.95,0.61525,0.065492
77,dueling_dqn,1,0.9846,0.68,35204,cpu,0,7,-9.66,0.61392,0.111579
78,dueling_dqn,1,1.0087,0.7,35204,cpu,2,47,10.96,0.60499,0.753876
79,dueling_dqn,1,1.0445,0.74,35204,cpu,3,68,19.76,0.59207,0.305579
80,dueling_dqn,1,1.0591,0.76,35204,cpu,1,28,0.34,0.58675,0.807337
81,dueling_dqn,1,1.0689,0.78,35204,cpu,2,18,10.35,0.58333,0.5272
82,dueling_dqn,1,1.1018,0.84,35204,cpu,4,62,31.73,0.57155,0.128845
83,dueling_dqn,1,1.1075,0.82,35204,cpu,0,11,-9.7,0.56946,0.417539
84,dueling_dqn,1,1.1354,0.88,35204,cpu,3,53,21.01,0.55939,0.245688
85,dueling_dqn,1,1.143,0.88,35204,cpu,2,14,10.39,0.55673,0.340691
86,dueling_dqn,1,1.1482,0.88,35204,cpu,1,10,0.12,0.55483,0.09602
87,dueling_dqn,1,1.1601,0.84,35204,cpu,0,23,-10.22,0.55046,0.79932
88,dueling_dqn,1,1.1682,0.86,35204,cpu,1,16,0.06,0.54742,0.076818
89,dueling_dqn,1,1.1908,0.86,35204,cpu,1,44,1.18,0.53906,0.56483
90,dueling_dqn,1,1.2082,0.86,35204,cpu,2,34,10.39,0.5326,0.812814
91,dueling_dqn,1,1.238,0.94,35204,cpu,4,57,31.28,0.52177,0.044111
92,dueling_dqn,1,1.2701,0.98,35204,cpu,2,62,9.91,0.50999,0.476147
93,dueling_dqn,1,1.2743,0.96,35204,cpu,0,8,-9.57,0.50847,0.056686
94,dueling_dqn,1,1.2783,0.96,35204,cpu,0,8,-9.97,0.50695,0.117781
95,dueling_dqn,1,1.2828,0.96,35204,cpu,0,9,-10.48,0.50524,0.074734
96,dueling_dqn,1,1.2873,0.96,35204,cpu,0,9,-9.68,0.50353,0.141369
97,dueling_dqn,1,1.294,0.98,35204,cpu,2,13,10.3,0.50106,0.498396
98,dueling_dqn,1,1.3133,0.98,35204,cpu,2,37,11.66,0.49403,0.718995
99,dueling_dqn,1,1.3224,0.98,35204,cpu,1,17,0.75,0.4908,0.278794
100,dueling_dqn,1,1.3262,0.98,35204,cpu,0,7,-9.66,0.48947,0.059092
101,dueling_dqn,1,1.3418,0.98,35204,cpu,0,30,-10.19,0.48377,0.057027
102,dueling_dqn,1,1.3658,1.02,35204,cpu,2,45,11.38,0.47522,0.83378
103,dueling_dqn,1,1.372,1.02,35204,cpu,0,12,-9.81,0.47294,0.085173
104,dueling_dqn,1,1.3866,1.04,35204,cpu,1,28,0.14,0.46762,0.566223
105,dueling_dqn,1,1.413,1.1,35204,cpu,5,51,41.85,0.45793,0.850084
106,dueling_dqn,1,1.4257,1.08,35204,cpu,0,25,-10.44,0.45318,0.062435
107,dueling_dqn,1,1.4392,1.14,35204,cpu,3,26,20.98,0.44824,0.122981
108,dueling_dqn,1,1.4542,1.18,35204,cpu,2,29,10.34,0.44273,0.480847
109,dueling_dqn,1,1.4589,1.14,35204,cpu,0,9,-9.88,0.44102,0.093386
110,dueling_dqn,1,1.4816,1.18,35204,cpu,2,44,10.29,0.43266,0.100398
111,dueling_dqn,1,1.5014,1.2,35204,cpu,1,38,0.04,0.42544,0.291559
112,dueling_dqn,1,1.5183,1.24,35204,cpu,2,32,10.81,0.41936,0.526508
113,dueling_dqn,1,1.5288,1.24,35204,cpu,1,20,0.62,0.41556,0.411644
114,dueling_dqn,1,1.5427,1.2,35204,cpu,0,27,-9.86,0.41043,0.32474
115,dueling_dqn,1,1.5528,1.24,35204,cpu,2,19,10.44,0.40682,0.319068
116,dueling_dqn,1,1.558,1.26,35204,cpu,1,10,0.32,0.40492,0.298764
117,dueling_dqn,1,1.5816,1.28,35204,cpu,2,45,10.58,0.39637,0.081195
118,dueling_dqn,1,1.5885,1.3,35204,cpu,1,13,0.79,0.3939,0.052854
119,dueling_dqn,1,1.599,1.34,35204,cpu,3,20,20.84,0.3901,0.577242
120,dueling_dqn,1,1.6033,1.36,35204,cpu,1,8,0.34,0.38858,0.053606
121,dueling_dqn,1,1.6065,1.32,35204,cpu,0,6,-9.75,0.38744,0.275446
122,dueling_dqn,1,1.6178,1.32,35204,cpu,0,22,-9.71,0.38326,0.382053
123,dueling_dqn,1,1.6321,1.36,35204,cpu,2,27,10.96,0.37813,1.015405
124,dueling_dqn,1,1.647,1.42,35204,cpu,4,28,30.87,0.37281,0.088934
125,dueling_dqn,1,1.6658,1.46,35204,cpu,3,36,21.48,0.36597,0.128709
126,dueling_dqn,1,1.6771,1.44,35204,cpu,1,21,0.91,0.36198,0.077127
127,dueling_dqn,1,1.6916,1.48,35204,cpu,2,28,11.05,0.35666,0.437004
128,dueling_dqn,1,1.6969,1.46,35204,cpu,1,10,0.32,0.35476,0.321144
129,dueling_dqn,1,1.701,1.4,35204,cpu,0,8,-9.77,0.35324,0.553729
130,dueling_dqn,1,1.7089,1.42,35204,cpu,2,15,10.28,0.35039,0.066298
131,dueling_dqn,1,1.7145,1.4,35204,cpu,1,10,0.52,0.34849,0.14853
132,dueling_dqn,1,1.7333,1.36,35204,cpu,2,35,10.68,0.34184,0.156175
133,dueling_dqn,1,1.7415,1.38,35204,cpu,1,15,0.57,0.33899,0.68658
134,dueling_dqn,1,1.7496,1.34,35204,cpu,1,15,0.37,0.33614,0.788743
135,dueling_dqn,1,1.7545,1.32,35204,cpu,1,9,0.43,0.33443,0.12178
136,dueling_dqn,1,1.7588,1.32,35204,cpu,1,8,0.34,0.33291,0.074114
137,dueling_dqn,1,1.7687,1.36,35204,cpu,2,19,10.04,0.3293,0.235449
138,dueling_dqn,1,1.7998,1.44,35204,cpu,5,59,42.37,0.31809,0.435818
139,dueling_dqn,1,1.8339,1.52,35204,cpu,5,65,42.51,0.30574,1.034514
140,dueling_dqn,1,1.8537,1.54,35204,cpu,3,38,21.86,0.29852,0.719833
141,dueling_dqn,1,1.8746,1.52,35204,cpu,3,40,21.84,0.29092,0.417251
142,dueling_dqn,1,1.9201,1.62,35204,cpu,7,86,64.02,0.27458,0.427373
143,dueling_dqn,1,1.9365,1.68,35204,cpu,3,31,21.03,0.26869,0.333526
144,dueling_dqn,1,1.9418,1.7,35204,cpu,1,10,0.52,0.26679,0.171876
145,dueling_dqn,1,1.9778,1.8,35204,cpu,5,68,42.58,0.25387,0.368577
146,dueling_dqn,1,1.9843,1.82,35204,cpu,1,12,0.5,0.25159,0.343582
147,dueling_dqn,1,2.0023,1.88,35204,cpu,5,34,41.92,0.24513,0.57421
148,dueling_dqn,1,2.0391,2.02,35204,cpu,9,69,84.11,0.23202,0.153072
149,dueling_dqn,1,2.0508,2.06,35204,cpu,3,22,21.02,0.22784,0.350826
150,dueling_dqn,1,2.0541,2.06,35204,cpu,0,6,-9.95,0.2267,0.552094
151,dueling_dqn,1,2.0677,2.1,35204,cpu,2,26,10.67,0.22176,0.335537
152,dueling_dqn,1,2.0876,2.14,35204,cpu,4,37,31.48,0.21473,0.737976
153,dueling_dqn,1,2.1029,2.16,35204,cpu,1,29,1.63,0.20922,0.458518
154,dueling_dqn,1,2.1681,2.32,35204,cpu,9,121,85.79,0.18623,0.255683
155,dueling_dqn,1,2.2153,2.38,35204,cpu,8,88,76.11,0.16951,0.371015
156,dueling_dqn,1,2.2742,2.56,35204,cpu,9,110,85.4,0.14861,0.503402
157,dueling_dqn,1,2.285,2.52,35204,cpu,1,20,1.42,0.14481,0.668394
158,dueling_dqn,1,2.3102,2.62,35204,cpu,7,46,63.22,0.13607,0.371202
159,dueling_dqn,1,2.3309,2.68,35204,cpu,3,37,21.97,0.12904,0.650706
160,dueling_dqn,1,2.3663,2.74,35204,cpu,5,63,44.53,0.11707,0.50585
161,dueling_dqn,1,2.3833,2.8,35204,cpu,4,30,32.25,0.11137,0.563501
162,dueling_dqn,1,2.4671,3.06,35204,cpu,15,149,149.37,0.08306,0.53166
163,dueling_dqn,1,2.5394,3.28,35204,cpu,12,129,116.64,0.05855,0.328376
164,dueling_dqn,1,2.578,3.42,35204,cpu,7,69,64.29,0.05,0.480039
165,dueling_dqn,1,2.6571,3.7,35204,cpu,16,140,158.47,0.05,0.337555
166,dueling_dqn,1,2.7195,3.9,35204,cpu,11,112,106.0,0.05,0.508405
167,dueling_dqn,1,2.7415,3.94,35204,cpu,4,39,33.06,0.05,0.850188
168,dueling_dqn,1,2.7523,4.0,35204,cpu,4,19,30.86,0.05,0.808442
169,dueling_dqn,1,2.7922,4.08,35204,cpu,7,71,64.47,0.05,0.475491
170,dueling_dqn,1,2.8656,4.4,35204,cpu,17,130,168.68,0.05,0.469374
171,dueling_dqn,1,2.8863,4.48,35204,cpu,4,37,32.28,0.05,0.448867
172,dueling_dqn,1,2.9151,4.6,35204,cpu,6,51,52.96,0.05,0.613093
173,dueling_dqn,1,2.9276,4.62,35204,cpu,3,22,21.62,0.05,0.288436
174,dueling_dqn,1,3.0439,4.94,35204,cpu,20,206,199.45,0.05,0.792752
175,dueling_dqn,1,3.098,5.1,35204,cpu,11,96,105.36,0.05,0.673998
176,dueling_dqn,1,3.1377,5.18,35204,cpu,5,71,43.25,0.05,0.524417
177,dueling_dqn,1,3.1479,5.14,35204,cpu,0,18,-10.27,0.05,0.307278
178,dueling_dqn,1,3.1956,5.36,35204,cpu,12,85,115.48,0.05,0.359038
179,dueling_dqn,1,3.2923,5.7,35204,cpu,17,171,171.37,0.05,0.140528
180,dueling_dqn,1,3.327,5.8,35204,cpu,7,62,64.26,0.05,1.144903
181,dueling_dqn,1,3.3331,5.8,35204,cpu,1,11,0.41,0.05,1.233839
182,dueling_dqn,1,3.3893,6.02,35204,cpu,13,103,125.41,0.05,0.627103
183,dueling_dqn,1,3.4693,6.38,35204,cpu,19,145,190.05,0.05,0.66554
184,dueling_dqn,1,3.5096,6.54,35204,cpu,9,74,84.36,0.05,0.830403
185,dueling_dqn,1,3.5135,6.54,35204,cpu,1,7,0.25,0.05,0.405271
186,dueling_dqn,1,3.5641,6.76,35204,cpu,12,93,116.6,0.05,0.467698
187,dueling_dqn,1,3.6437,6.96,35204,cpu,12,147,115.46,0.05,0.577467
188,dueling_dqn,1,3.6837,7.0,35204,cpu,7,74,64.14,0.05,1.190641
189,dueling_dqn,1,3.7292,7.06,35204,cpu,8,83,75.86,0.05,0.553727
190,dueling_dqn,1,3.7886,7.26,35204,cpu,13,108,127.46,0.05,0.405863
191,dueling_dqn,1,3.8613,7.5,35204,cpu,15,133,149.33,0.05,1.062958
192,dueling_dqn,1,3.9517,7.82,35204,cpu,23,163,230.51,0.05,1.182215
193,dueling_dqn,1,3.9929,7.9,35204,cpu,7,77,65.21,0.05,0.789628
194,dueling_dqn,1,4.0623,8.14,35204,cpu,13,129,128.55,0.05,0.783534
195,dueling_dqn,1,4.1452,8.4,35204,cpu,18,153,179.06,0.05,0.789998
196,dueling_dqn,1,4.194,8.6,35204,cpu,11,90,105.62,0.05,1.22915
197,dueling_dqn,1,4.213,8.6,35204,cpu,5,35,42.61,0.05,0.833957
198,dueling_dqn,1,4.2898,8.74,35204,cpu,16,141,157.96,0.05,0.215393
199,dueling_dqn,1,4.379,9.04,35204,cpu,18,163,180.76,0.05,0.805069
200,dueling_dqn,1,4.4156,9.18,35204,cpu,7,67,65.11,0.05,0.547937
201,dueling_dqn,1,4.509,9.54,35204,cpu,20,171,201.7,0.05,0.305836
202,dueling_dqn,1,4.5449,9.62,35204,cpu,8,66,74.93,0.05,0.707441
203,dueling_dqn,1,4.6034,9.86,35204,cpu,13,108,126.26,0.05,0.635338
204,dueling_dqn,1,4.6313,9.78,35204,cpu,5,51,42.85,0.05,0.902494
205,dueling_dqn,1,4.6444,9.68,35204,cpu,3,24,21.4,0.05,1.022515
206,dueling_dqn,1,4.7449,9.98,35204,cpu,24,183,240.42,0.05,0.305703
207,dueling_dqn,1,4.7547,10.0,35204,cpu,2,18,11.15,0.05,1.049897
208,dueling_dqn,1,4.7875,10.04,35204,cpu,9,60,83.9,0.05,0.661574
209,dueling_dqn,1,4.8323,10.14,35204,cpu,8,82,75.77,0.05,0.248036
210,dueling_dqn,1,4.9035,10.3,35204,cpu,13,131,129.13,0.05,0.38267
211,dueling_dqn,1,4.9088,10.22,35204,cpu,0,9,-9.28,0.05,0.604142
212,dueling_dqn,1,4.9989,10.26,35204,cpu,17,164,167.94,0.05,1.458516
213,dueling_dqn,1,5.0454,10.22,35204,cpu,10,85,94.66,0.05,0.334985
214,dueling_dqn,1,5.0507,10.1,35204,cpu,1,10,0.52,0.05,0.720618
215,dueling_dqn,1,5.0801,9.94,35204,cpu,8,54,72.65,0.05,1.184014
216,dueling_dqn,1,5.1062,9.82,35204,cpu,5,48,43.18,0.05,0.809612
217,dueling_dqn,1,5.1472,9.94,35204,cpu,10,75,95.16,0.05,1.565082
218,dueling_dqn,1,5.1601,9.9,35204,cpu,2,24,11.49,0.05,0.76546
219,dueling_dqn,1,5.2115,9.98,35204,cpu,11,93,105.69,0.05,1.048882
220,dueling_dqn,1,5.2727,9.88,35204,cpu,12,112,117.31,0.05,1.146049
221,dueling_dqn,1,5.2782,9.82,35204,cpu,1,10,0.32,0.05,0.929004
222,dueling_dqn,1,5.3439,10.02,35204,cpu,16,120,157.07,0.05,0.743034
223,dueling_dqn,1,5.4106,10.34,35204,cpu,19,122,188.38,0.05,0.405532
224,dueling_dqn,1,5.4389,10.04,35204,cpu,5,51,43.45,0.05,0.636037
225,dueling_dqn,1,5.4467,9.88,35204,cpu,3,14,20.9,0.05,0.620925
226,dueling_dqn,1,5.4528,9.8,35204,cpu,1,11,0.61,0.05,0.15448
227,dueling_dqn,1,5.4768,9.92,35204,cpu,6,44,53.13,0.05,1.046597
228,dueling_dqn,1,5.5294,9.96,35204,cpu,14,96,136.09,0.05,0.575668
229,dueling_dqn,1,5.6097,9.86,35204,cpu,12,81,114.92,0.05,1.154212
230,dueling_dqn,1,5.717,10.2,35204,cpu,24,195,241.3,0.05,1.156338
231,dueling_dqn,1,5.7204,10.18,35204,cpu,0,6,-9.55,0.05,0.118844
232,dueling_dqn,1,5.7723,10.14,35204,cpu,11,94,104.78,0.05,0.467157
233,dueling_dqn,1,5.791,9.88,35204,cpu,6,34,51.83,0.05,0.716521
234,dueling_dqn,1,5.8247,9.88,35204,cpu,9,60,83.7,0.05,1.170833
235,dueling_dqn,1,5.8994,10.2,35204,cpu,17,137,166.31,0.05,1.805944
236,dueling_dqn,1,6.0434,10.5,35204,cpu,27,262,274.26,0.05,0.876889
237,dueling_dqn,1,6.0885,10.46,35204,cpu,10,82,94.19,0.05,0.574235
238,dueling_dqn,1,6.1813,10.68,35204,cpu,18,168,179.61,0.05,0.606329
239,dueling_dqn,1,6.226,10.72,35204,cpu,10,81,93.7,0.05,0.992258
240,dueling_dqn,1,6.3244,10.82,35204,cpu,18,182,177.07,0.05,0.372832
241,dueling_dqn,1,6.3351,10.54,35204,cpu,1,19,1.33,0.05,0.527247
242,dueling_dqn,1,6.3743,10.24,35204,cpu,8,69,73.8,0.05,0.812267
243,dueling_dqn,1,6.4528,10.46,35204,cpu,18,139,178.0,0.05,0.505964
244,dueling_dqn,1,6.4792,10.32,35204,cpu,6,46,53.11,0.05,0.771745
245,dueling_dqn,1,6.4888,9.98,35204,cpu,1,17,0.95,0.05,0.151347
246,dueling_dqn,1,6.5723,10.12,35204,cpu,18,148,178.81,0.05,0.27009
247,dueling_dqn,1,6.5894,10.12,35204,cpu,5,30,41.96,0.05,0.670133
248,dueling_dqn,1,6.6126,9.94,35204,cpu,7,41,62.57,0.05,1.192245
249,dueling_dqn,1,6.6607,9.84,35204,cpu,13,84,125.1,0.05,1.158896
250,dueling_dqn,1,6.742,10.06,35204,cpu,18,144,179.45,0.05,0.652114
251,dueling_dqn,1,6.7545,9.72,35204,cpu,3,22,21.02,0.05,1.180309
252,dueling_dqn,1,6.7836,9.68,35204,cpu,6,51,53.96,0.05,0.256893
253,dueling_dqn,1,6.9089,9.9,35204,cpu,24,221,241.64,0.05,0.365439
254,dueling_dqn,1,6.9485,9.96,35204,cpu,8,70,74.49,0.05,1.161485
255,dueling_dqn,1,6.9974,10.1,35204,cpu,10,86,95.15,0.05,0.291132
256,dueling_dqn,1,7.033,9.76,35204,cpu,7,63,63.75,0.05,1.172341
257,dueling_dqn,1,7.0571,9.8,35204,cpu,4,42,33.33,0.05,0.731263
258,dueling_dqn,1,7.1435,9.96,35204,cpu,17,153,168.35,0.05,0.675917
259,dueling_dqn,1,7.1601,9.88,35204,cpu,4,29,31.96,0.05,1.014314
260,dueling_dqn,1,7.1847,9.76,35204,cpu,7,43,63.15,0.05,0.746879
261,dueling_dqn,1,7.2373,9.98,35204,cpu,11,93,107.29,0.05,0.981546
262,dueling_dqn,1,7.2731,9.78,35204,cpu,7,63,63.95,0.05,0.6318
263,dueling_dqn,1,7.3085,9.76,35204,cpu,9,62,83.48,0.05,0.67183
264,dueling_dqn,1,7.3392,9.9,35204,cpu,8,55,73.54,0.05,0.374657
265,dueling_dqn,1,7.3914,9.94,35204,cpu,10,96,94.65,0.05,0.182045
266,dueling_dqn,1,7.4372,10.1,35204,cpu,13,83,125.81,0.05,1.096956
267,dueling_dqn,1,7.4837,10.12,35204,cpu,11,84,105.08,0.05,1.171441
268,dueling_dqn,1,7.5107,10.18,35204,cpu,5,49,42.87,0.05,0.70216
269,dueling_dqn,1,7.601,10.36,35204,cpu,20,165,198.96,0.05,1.085659
270,dueling_dqn,1,7.6586,10.32,35204,cpu,10,107,96.44,0.05,1.370053
271,dueling_dqn,1,7.6652,10.32,35204,cpu,1,12,0.9,0.05,1.420489
272,dueling_dqn,1,7.7011,10.14,35204,cpu,7,66,64.82,0.05,0.587309
273,dueling_dqn,1,7.7343,9.92,35204,cpu,8,60,73.99,0.05,0.64514
274,dueling_dqn,1,7.7593,9.94,35204,cpu,6,45,53.42,0.05,0.269206
275,dueling_dqn,1,7.7899,10.06,35204,cpu,9,56,83.34,0.05,0.834168
276,dueling_dqn,1,7.7982,10.08,35204,cpu,2,15,11.08,0.05,1.734715
277,dueling_dqn,1,7.8321,10.18,35204,cpu,11,62,104.1,0.05,0.880689
278,dueling_dqn,1,7.8693,10.06,35204,cpu,8,68,73.51,0.05,0.758472
279,dueling_dqn,1,7.8949,9.92,35204,cpu,5,47,43.69,0.05,0.950145
280,dueling_dqn,1,7.9281,9.56,35204,cpu,6,60,53.97,0.05,0.508647
281,dueling_dqn,1,8.0063,9.86,35204,cpu,15,143,147.83,0.05,1.743251
282,dueling_dqn,1,8.0538,9.86,35204,cpu,11,87,105.55,0.05,1.413086
283,dueling_dqn,1,8.1425,10.1,35204,cpu,18,163,180.16,0.05,0.595463
284,dueling_dqn,1,8.1841,10.12,35204,cpu,10,76,95.45,0.05,0.503741
285,dueling_dqn,1,8.1963,9.86,35204,cpu,4,22,30.93,0.05,1.874364
286,dueling_dqn,1,8.2561,9.56,35204,cpu,12,109,116.64,0.05,1.262862
287,dueling_dqn,1,8.3403,9.66,35204,cpu,15,154,149.02,0.05,1.252183
288,dueling_dqn,1,8.4271,9.74,35204,cpu,22,158,219.75,0.05,0.714944
289,dueling_dqn,1,8.4748,9.72,35204,cpu,9,87,84.53,0.05,0.086009
290,dueling_dqn,1,8.5172,9.54,35204,cpu,9,78,84.92,0.05,0.094858
291,dueling_dqn,1,8.5882,9.84,35204,cpu,16,130,157.37,0.05,1.499086
292,dueling_dqn,1,8.6319,9.86,35204,cpu,9,80,85.7,0.05,1.165817
293,dueling_dqn,1,8.6956,9.78,35204,cpu,14,116,138.49,0.05,0.735317
294,dueling_dqn,1,8.7528,9.9,35204,cpu,12,103,117.5,0.05,0.241029
295,dueling_dqn,1,8.8637,10.28,35204,cpu,20,202,200.49,0.05,1.40948
296,dueling_dqn,1,8.8903,10.02,35204,cpu,5,48,43.38,0.05,1.145217
297,dueling_dqn,1,9.0282,10.5,35204,cpu,29,250,296.0,0.05,0.721816
298,dueling_dqn,1,9.1055,10.7,35204,cpu,17,140,169.58,0.05,0.218532
299,dueling_dqn,1,9.216,10.86,35204,cpu,21,201,211.31,0.05,0.153693
300,dueling_dqn,1,9.2945,10.84,35204,cpu,17,142,168.96,0.05,1.359788
301,dueling_dqn,1,9.3991,11.22,35204,cpu,22,189,220.74,0.05,0.563544
302,dueling_dqn,1,9.4109,11.18,35204,cpu,4,22,31.53,0.05,0.089664
303,dueling_dqn,1,9.4615,10.92,35204,cpu,11,92,106.0,0.05,0.553391
304,dueling_dqn,1,9.5101,10.98,35204,cpu,11,89,105.33,0.05,0.555576
305,dueling_dqn,1,9.5311,10.88,35204,cpu,5,39,42.37,0.05,0.893231
306,dueling_dqn,1,9.5889,10.98,35204,cpu,12,107,115.86,0.05,0.796512
307,dueling_dqn,1,9.6089,10.98,35204,cpu,4,37,31.88,0.05,0.815598
308,dueling_dqn,1,9.6825,10.94,35204,cpu,15,134,149.02,0.05,1.036106
309,dueling_dqn,1,9.7502,11.08,35204,cpu,11,122,108.9,0.05,0.195809
310,dueling_dqn,1,9.7707,11.02,35204,cpu,4,37,32.48,0.05,1.389532
311,dueling_dqn,1,9.8159,10.98,35204,cpu,9,82,85.48,0.05,0.755318
312,dueling_dqn,1,9.9301,11.36,35204,cpu,26,205,263.22,0.05,0.965174
313,dueling_dqn,1,10.0118,11.52,35204,cpu,17,149,170.19,0.05,1.075269
314,dueling_dqn,1,10.0923,11.76,35204,cpu,20,147,200.14,0.05,0.537137
315,dueling_dqn,1,10.1277,11.72,35204,cpu,8,65,74.44,0.05,0.461741
316,dueling_dqn,1,10.1463,11.54,35204,cpu,4,34,32.21,0.05,1.221098
317,dueling_dqn,1,10.289,11.8,35204,cpu,24,247,245.58,0.05,1.391607
318,dueling_dqn,1,10.3877,12.12,35204,cpu,21,170,210.32,0.05,0.878684
319,dueling_dqn,1,10.4313,11.96,35204,cpu,12,76,114.47,0.05,0.737044
320,dueling_dqn,1,10.5011,12.1,35204,cpu,17,122,168.76,0.05,0.611111
321,dueling_dqn,1,10.5475,12.26,35204,cpu,9,81,85.79,0.05,1.04189
322,dueling_dqn,1,10.5827,12.26,35204,cpu,7,62,64.66,0.05,0.390803
323,dueling_dqn,1,10.6123,12.3,35204,cpu,10,52,93.49,0.05,1.113591
324,dueling_dqn,1,10.6628,12.38,35204,cpu,10,88,95.33,0.05,0.884266
325,dueling_dqn,1,10.7361,12.52,35204,cpu,16,129,157.88,0.05,0.429071
326,dueling_dqn,1,10.8185,12.78,35204,cpu,15,144,148.12,0.05,0.762635
327,dueling_dqn,1,10.8583,12.8,35204,cpu,12,69,114.04,0.05,0.935896
328,dueling_dqn,1,10.889,12.72,35204,cpu,4,54,33.81,0.05,0.552987
329,dueling_dqn,1,10.9269,12.76,35204,cpu,7,66,64.22,0.05,1.005481
330,dueling_dqn,1,10.9644,12.84,35204,cpu,10,65,94.46,0.05,1.46555
331,dueling_dqn,1,11.0293,12.8,35204,cpu,13,114,126.6,0.05,1.259906
332,dueling_dqn,1,11.0724,12.76,35204,cpu,9,74,84.76,0.05,1.129029
333,dueling_dqn,1,11.0869,12.46,35204,cpu,3,25,21.89,0.05,0.799028
334,dueling_dqn,1,11.129,12.44,35204,cpu,9,73,85.67,0.05,0.737586
335,dueling_dqn,1,11.1721,12.58,35204,cpu,11,75,104.07,0.05,0.915834
336,dueling_dqn,1,11.2689,12.74,35204,cpu,20,169,201.32,0.05,0.955302
337,dueling_dqn,1,11.3556,12.86,35204,cpu,21,152,210.5,0.05,0.790119
338,dueling_dqn,1,11.4225,12.7,35204,cpu,14,121,137.94,0.05,0.529305
339,dueling_dqn,1,11.4519,12.64,35204,cpu,6,52,54.05,0.05,1.930122
340,dueling_dqn,1,11.5573,12.86,35204,cpu,20,188,201.43,0.05,1.093492
341,dueling_dqn,1,11.5943,12.7,35204,cpu,8,67,74.22,0.05,1.243987
342,dueling_dqn,1,11.6031,12.58,35204,cpu,3,16,20.88,0.05,0.763891
343,dueling_dqn,1,11.6752,12.6,35204,cpu,15,130,148.26,0.05,1.53174
344,dueling_dqn,1,11.776,12.8,35204,cpu,22,182,221.31,0.05,1.340213
345,dueling_dqn,1,11.8601,12.8,35204,cpu,20,152,200.39,0.05,0.477832
346,dueling_dqn,1,11.9804,13.04,35204,cpu,17,171,171.77,0.05,0.127543
347,dueling_dqn,1,11.993,12.5,35204,cpu,2,22,11.31,0.05,0.654296
348,dueling_dqn,1,12.0558,12.48,35204,cpu,16,111,156.66,0.05,1.38061
349,dueling_dqn,1,12.0838,12.2,35204,cpu,7,47,63.51,0.05,0.887262
350,dueling_dqn,1,12.1426,12.14,35204,cpu,14,92,135.33,0.05,1.294408
351,dueling_dqn,1,12.1776,11.84,35204,cpu,7,53,63.65,0.05,0.699352
352,dueling_dqn,1,12.2447,12.04,35204,cpu,14,115,138.4,0.05,0.769081
353,dueling_dqn,1,12.2981,12.02,35204,cpu,10,94,94.87,0.05,0.939924
354,dueling_dqn,1,12.3089,11.86,35204,cpu,3,19,21.35,0.05,1.436924
355,dueling_dqn,1,12.3694,12.08,35204,cpu,16,106,156.81,0.05,0.711554
356,dueling_dqn,1,12.3899,11.96,35204,cpu,6,36,51.01,0.05,0.804246
357,dueling_dqn,1,12.42,12.02,35204,cpu,7,54,63.94,0.05,0.883703
358,dueling_dqn,1,12.5484,12.16,35204,cpu,22,228,224.45,0.05,2.189808
359,dueling_dqn,1,12.5562,11.96,35204,cpu,1,14,1.08,0.05,1.157055
360,dueling_dqn,1,12.6103,12.08,35204,cpu,10,98,96.43,0.05,0.35132
361,dueling_dqn,1,12.7327,12.34,35204,cpu,22,221,220.82,0.05,0.991716
362,dueling_dqn,1,12.749,11.92,35204,cpu,5,29,42.07,0.05,0.968935
363,dueling_dqn,1,12.7716,11.68,35204,cpu,5,40,42.46,0.05,1.183257
364,dueling_dqn,1,12.824,11.5,35204,cpu,11,93,107.29,0.05,1.400396
365,dueling_dqn,1,12.8587,11.46,35204,cpu,6,62,54.75,0.05,1.036383
366,dueling_dqn,1,12.9009,11.6,35204,cpu,11,78,105.34,0.05,0.644364
367,dueling_dqn,1,12.9421,11.28,35204,cpu,8,73,74.56,0.05,0.930419
368,dueling_dqn,1,13.0074,11.2,35204,cpu,17,119,168.29,0.05,0.867372
369,dueling_dqn,1,13.0273,11.02,35204,cpu,3,37,22.77,0.05,1.458805
370,dueling_dqn,1,13.0711,10.92,35204,cpu,12,79,114.54,0.05,0.589167
371,dueling_dqn,1,13.1101,10.94,35204,cpu,10,68,94.13,0.05,1.067877
372,dueling_dqn,1,13.1159,10.8,35204,cpu,0,10,-9.39,0.05,0.521123
373,dueling_dqn,1,13.1335,10.66,35204,cpu,3,31,21.63,0.05,0.623289
374,dueling_dqn,1,13.142,10.52,35204,cpu,3,15,20.99,0.05,1.841089
375,dueling_dqn,1,13.1547,10.22,35204,cpu,1,22,1.8,0.05,1.890149
376,dueling_dqn,1,13.1847,10.06,35204,cpu,7,53,63.45,0.05,1.163889
377,dueling_dqn,1,13.2417,10.06,35204,cpu,12,102,115.81,0.05,0.971055
378,dueling_dqn,1,13.3012,10.26,35204,cpu,14,108,137.97,0.05,0.578044
379,dueling_dqn,1,13.3552,10.36,35204,cpu,12,97,116.76,0.05,0.708778
380,dueling_dqn,1,13.3698,10.24,35204,cpu,4,26,31.89,0.05,1.171027
381,dueling_dqn,1,13.4646,10.36,35204,cpu,19,169,189.21,0.05,0.949513
382,dueling_dqn,1,13.4849,10.24,35204,cpu,3,37,21.97,0.05,1.708803
383,dueling_dqn,1,13.546,10.46,35204,cpu,14,112,136.73,0.05,1.44564
384,dueling_dqn,1,13.5868,10.48,35204,cpu,10,74,95.07,0.05,0.366472
385,dueling_dqn,1,13.6396,10.46,35204,cpu,10,96,95.45,0.05,1.094788
386,dueling_dqn,1,13.6603,10.14,35204,cpu,4,38,32.37,0.05,1.936157
387,dueling_dqn,1,13.6962,9.88,35204,cpu,8,65,73.64,0.05,0.72521
388,dueling_dqn,1,13.7034,9.62,35204,cpu,1,13,0.99,0.05,1.209401
389,dueling_dqn,1,13.7443,9.7,35204,cpu,10,74,94.67,0.05,0.92604
390,dueling_dqn,1,13.7756,9.48,35204,cpu,9,56,84.14,0.05,0.485492
391,dueling_dqn,1,13.8264,9.5,35204,cpu,9,93,85.27,0.05,0.544722
392,dueling_dqn,1,13.8717,9.72,35204,cpu,14,82,135.23,0.05,1.242717
393,dueling_dqn,1,13.8822,9.48,35204,cpu,3,19,21.35,0.05,0.716852
394,dueling_dqn,1,13.9739,9.34,35204,cpu,15,166,149.3,0.05,0.693829
395,dueling_dqn,1,13.9843,8.96,35204,cpu,1,19,0.93,0.05,0.398801
396,dueling_dqn,1,14.0506,8.88,35204,cpu,13,120,126.94,0.05,1.024995
397,dueling_dqn,1,14.095,9.06,35204,cpu,11,80,105.12,0.05,0.529054
398,dueling_dqn,1,14.184,9.16,35204,cpu,21,161,212.11,0.05,1.448977
399,dueling_dqn,1,14.233,9.2,35204,cpu,9,90,85.2,0.05,0.320081
400,dueling_dqn,1,14.2637,9.04,35204,cpu,6,56,53.61,0.05,1.619032
401,dueling_dqn,1,14.335,9.22,35204,cpu,16,127,158.1,0.05,0.946457
402,dueling_dqn,1,14.352,9.0,35204,cpu,3,30,20.74,0.05,0.912996
403,dueling_dqn,1,14.4053,9.04,35204,cpu,12,94,116.49,0.05,1.035284
404,dueling_dqn,1,14.4354,9.12,35204,cpu,7,53,62.45,0.05,0.600054
405,dueling_dqn,1,14.4881,9.08,35204,cpu,14,91,136.64,0.05,1.287589
406,dueling_dqn,1,14.7016,9.8,35204,cpu,42,372,427.81,0.05,0.755112
407,dueling_dqn,1,14.7266,9.74,35204,cpu,4,43,33.22,0.05,0.802608
408,dueling_dqn,1,14.7999,9.64,35204,cpu,17,127,168.61,0.05,1.134727
409,dueling_dqn,1,14.8116,9.66,35204,cpu,2,21,11.02,0.05,0.99879
410,dueling_dqn,1,14.8602,9.64,35204,cpu,9,85,86.55,0.05,1.552974
411,dueling_dqn,1,14.9149,9.44,35204,cpu,12,95,116.38,0.05,1.938931
412,dueling_dqn,1,14.9296,9.42,35204,cpu,4,26,31.49,0.05,1.22898
413,dueling_dqn,1,15.0022,9.66,35204,cpu,17,126,167.32,0.05,0.825154
414,dueling_dqn,1,15.0877,9.76,35204,cpu,16,149,158.88,0.05,1.279756
415,dueling_dqn,1,15.1276,9.84,35204,cpu,10,70,94.71,0.05,0.949949
416,dueling_dqn,1,15.1627,9.78,35204,cpu,8,61,74.68,0.05,1.62476
417,dueling_dqn,1,15.2068,9.8,35204,cpu,9,77,83.83,0.05,1.582335
418,dueling_dqn,1,15.2543,9.68,35204,cpu,11,83,105.39,0.05,1.202525
419,dueling_dqn,1,15.3318,9.94,35204,cpu,16,136,158.71,0.05,1.090173
420,dueling_dqn,1,15.3842,9.92,35204,cpu,11,95,106.07,0.05,0.164317
421,dueling_dqn,1,15.4765,10.12,35204,cpu,20,165,199.76,0.05,1.01446
422,dueling_dqn,1,15.519,10.36,35204,cpu,12,76,114.87,0.05,0.852653
423,dueling_dqn,1,15.5363,10.42,35204,cpu,6,31,52.16,0.05,0.649413
424,dueling_dqn,1,15.5629,10.48,35204,cpu,6,48,52.29,0.05,2.21853
425,dueling_dqn,1,15.5791,10.52,35204,cpu,3,29,21.85,0.05,1.715686
426,dueling_dqn,1,15.6332,10.6,35204,cpu,11,98,107.14,0.05,1.331186
427,dueling_dqn,1,15.6505,10.44,35204,cpu,4,32,32.03,0.05,1.021753
428,dueling_dqn,1,15.7277,10.44,35204,cpu,14,140,136.45,0.05,1.156372
429,dueling_dqn,1,15.7547,10.34,35204,cpu,7,48,63.4,0.05,1.624279
430,dueling_dqn,1,15.8067,10.5,35204,cpu,12,92,116.51,0.05,0.731955
431,dueling_dqn,1,15.8769,10.4,35204,cpu,14,128,138.57,0.05,1.496989
432,dueling_dqn,1,15.9756,10.8,35204,cpu,23,180,232.04,0.05,0.610571
433,dueling_dqn,1,15.9856,10.54,35204,cpu,1,18,1.44,0.05,0.432048
434,dueling_dqn,1,16.017,10.5,35204,cpu,8,57,73.92,0.05,1.217615
435,dueling_dqn,1,16.0554,10.46,35204,cpu,8,69,75.0,0.05,0.828844
436,dueling_dqn,1,16.076,10.48,35204,cpu,5,37,42.39,0.05,1.494317
437,dueling_dqn,1,16.1257,10.58,35204,cpu,13,90,126.44,0.05,0.888627
438,dueling_dqn,1,16.1783,10.8,35204,cpu,12,94,115.69,0.05,1.048684
439,dueling_dqn,1,16.2401,10.88,35204,cpu,14,111,136.04,0.05,1.79533
440,dueling_dqn,1,16.3016,10.92,35204,cpu,11,110,106.62,0.05,1.651242
441,dueling_dqn,1,16.3273,10.86,35204,cpu,6,47,52.6,0.05,0.652717
442,dueling_dqn,1,16.4605,11.14,35204,cpu,28,242,283.97,0.05,1.782098
443,dueling_dqn,1,16.5007,11.24,35204,cpu,8,74,74.45,0.05,1.424205
444,dueling_dqn,1,16.5608,11.18,35204,cpu,12,108,117.35,0.05,1.081533
445,dueling_dqn,1,16.6361,11.48,35204,cpu,16,137,158.6,0.05,1.108713
446,dueling_dqn,1,16.6775,11.4,35204,cpu,9,75,83.05,0.05,1.738505
447,dueling_dqn,1,16.6965,11.26,35204,cpu,4,34,32.01,0.05,1.142229
448,dueling_dqn,1,16.8082,11.28,35204,cpu,22,203,223.8,0.05,1.36115
449,dueling_dqn,1,16.8133,11.14,35204,cpu,2,9,10.54,0.05,0.993713
450,dueling_dqn,1,16.9071,11.44,35204,cpu,21,170,211.92,0.05,0.999034
451,dueling_dqn,1,16.9551,11.3,35204,cpu,9,86,85.24,0.05,1.08577
452,dueling_dqn,1,16.9794,11.32,35204,cpu,4,44,32.91,0.05,1.047307
453,dueling_dqn,1,17.0304,11.28,35204,cpu,10,93,96.38,0.05,1.082369
454,dueling_dqn,1,17.0497,11.2,35204,cpu,3,35,22.59,0.05,0.822105
455,dueling_dqn,1,17.1322,11.3,35204,cpu,19,149,188.81,0.05,1.068056
456,dueling_dqn,1,17.2178,10.8,35204,cpu,17,156,168.62,0.05,0.929208
457,dueling_dqn,1,17.2206,10.74,35204,cpu,1,5,0.27,0.05,0.930304
458,dueling_dqn,1,17.2544,10.56,35204,cpu,8,61,74.68,0.05,1.847326
459,dueling_dqn,1,17.3029,10.76,35204,cpu,12,88,115.55,0.05,1.629656
460,dueling_dqn,1,17.4015,11.0,35204,cpu,21,178,211.44,0.05,1.149766
461,dueling_dqn,1,17.4564,11.0,35204,cpu,12,98,117.45,0.05,0.548175
462,dueling_dqn,1,17.4881,11.08,35204,cpu,8,58,73.61,0.05,0.620352
463,dueling_dqn,1,17.514,10.84,35204,cpu,5,47,43.49,0.05,0.610185
464,dueling_dqn,1,17.5641,10.68,35204,cpu,8,92,74.27,0.05,0.888524
465,dueling_dqn,1,17.5767,10.54,35204,cpu,3,23,21.31,0.05,0.864009
466,dueling_dqn,1,17.5883,10.4,35204,cpu,1,21,1.31,0.05,1.293755
467,dueling_dqn,1,17.6291,10.4,35204,cpu,9,75,84.85,0.05,1.600564
468,dueling_dqn,1,17.6763,10.4,35204,cpu,11,86,105.86,0.05,0.684493
469,dueling_dqn,1,17.7793,10.56,35204,cpu,24,187,242.78,0.05,0.758863
470,dueling_dqn,1,17.7875,10.36,35204,cpu,1,15,1.17,0.05,1.316101
471,dueling_dqn,1,17.862,10.26,35204,cpu,15,135,147.71,0.05,0.549946
472,dueling_dqn,1,17.9137,10.22,35204,cpu,10,94,96.27,0.05,1.644783
473,dueling_dqn,1,17.9355,10.18,35204,cpu,4,39,32.46,0.05,0.824016
474,dueling_dqn,1,18.0599,10.48,35204,cpu,21,226,210.96,0.05,0.465459
475,dueling_dqn,1,18.0865,10.62,35204,cpu,10,48,93.33,0.05,0.969827
476,dueling_dqn,1,18.1398,10.66,35204,cpu,13,98,126.56,0.05,1.666534
477,dueling_dqn,1,18.1989,10.92,35204,cpu,17,108,166.9,0.05,1.114962
478,dueling_dqn,1,18.2617,10.96,35204,cpu,16,114,158.73,0.05,0.15749
479,dueling_dqn,1,18.3164,11.08,35204,cpu,13,98,125.36,0.05,1.30578
480,dueling_dqn,1,18.3317,10.9,35204,cpu,3,27,21.67,0.05,1.591741
481,dueling_dqn,1,18.3701,10.78,35204,cpu,8,67,74.62,0.05,0.589265
482,dueling_dqn,1,18.4979,10.82,35204,cpu,25,224,253.62,0.05,0.773309
483,dueling_dqn,1,18.5574,11.0,35204,cpu,10,104,96.77,0.05,1.188971
484,dueling_dqn,1,18.6018,11.06,35204,cpu,11,78,105.34,0.05,1.014926
485,dueling_dqn,1,18.652,11.02,35204,cpu,6,88,54.89,0.05,0.548419
486,dueling_dqn,1,18.6725,11.02,35204,cpu,5,36,42.5,0.05,0.610248
487,dueling_dqn,1,18.8038,11.32,35204,cpu,28,230,284.69,0.05,0.916762
488,dueling_dqn,1,18.8158,11.12,35204,cpu,2,21,11.62,0.05,1.33911
489,dueling_dqn,1,18.8489,10.98,35204,cpu,7,58,63.7,0.05,1.257619
490,dueling_dqn,1,18.9338,11.14,35204,cpu,19,149,189.21,0.05,1.976281
491,dueling_dqn,1,19.0156,11.34,35204,cpu,16,143,157.54,0.05,1.118016
492,dueling_dqn,1,19.071,11.04,35204,cpu,13,97,126.27,0.05,1.017405
493,dueling_dqn,1,19.1453,11.2,35204,cpu,16,131,158.46,0.05,0.626669
494,dueling_dqn,1,19.2002,11.24,35204,cpu,14,96,136.49,0.05,1.225602
495,dueling_dqn,1,19.2185,11.02,35204,cpu,5,32,42.34,0.05,1.010647
496,dueling_dqn,1,19.3305,11.38,35204,cpu,27,197,272.01,0.05,0.630181
497,dueling_dqn,1,19.3947,11.62,35204,cpu,16,116,157.91,0.05,0.605491
498,dueling_dqn,1,19.4584,11.44,35204,cpu,13,114,126.8,0.05,0.132724
499,dueling_dqn,1,19.4894,11.58,35204,cpu,9,56,83.94,0.05,1.466938
500,dueling_dqn,1,19.5303,11.42,35204,cpu,13,74,124.2,0.05,0.527691
501,dueling_dqn,1,19.6081,11.6,35204,cpu,18,141,179.18,0.05,1.177651
502,dueling_dqn,1,19.6821,11.86,35204,cpu,17,133,169.15,0.05,1.3269
503,dueling_dqn,1,19.7217,11.82,35204,cpu,8,71,74.98,0.05,0.825613
504,dueling_dqn,1,19.7531,11.92,35204,cpu,8,57,74.12,0.05,1.01836
505,dueling_dqn,1,19.8074,11.82,35204,cpu,14,97,135.58,0.05,0.480543
506,dueling_dqn,1,19.8482,11.62,35204,cpu,7,73,65.65,0.05,0.989785
507,dueling_dqn,1,19.971,12.1,35204,cpu,25,220,252.26,0.05,1.101284
508,dueling_dqn,1,20.0928,12.48,35204,cpu,27,218,273.9,0.05,0.920172
509,dueling_dqn,1,20.128,12.4,35204,cpu,8,63,74.46,0.05,1.778039
510,dueling_dqn,1,20.257,12.5,35204,cpu,26,232,265.05,0.05,0.815262
511,dueling_dqn,1,20.3183,12.54,35204,cpu,14,111,138.04,0.05,1.872025
512,dueling_dqn,1,20.3928,12.76,35204,cpu,19,135,188.75,0.05,0.814257
513,dueling_dqn,1,20.4359,12.9,35204,cpu,12,78,115.45,0.05,0.55302
514,dueling_dqn,1,20.4765,12.9,35204,cpu,8,70,74.89,0.05,1.475676
515,dueling_dqn,1,20.5137,13.02,35204,cpu,9,67,84.73,0.05,1.314129
516,dueling_dqn,1,20.5279,13.08,35204,cpu,4,26,31.69,0.05,0.914418
517,dueling_dqn,1,20.5916,13.16,35204,cpu,13,115,125.29,0.05,0.541927
518,dueling_dqn,1,20.636,13.1,35204,cpu,8,80,75.19,0.05,1.136728
519,dueling_dqn,1,20.7472,13.06,35204,cpu,22,201,219.82,0.05,1.36111
520,dueling_dqn,1,20.811,13.34,35204,cpu,15,116,147.0,0.05,0.499958
521,dueling_dqn,1,20.8931,13.32,35204,cpu,14,147,139.08,0.05,1.46957
522,dueling_dqn,1,20.9395,13.38,35204,cpu,13,83,125.41,0.05,0.934325
523,dueling_dqn,1,21.0372,13.74,35204,cpu,22,180,221.33,0.05,1.007036
524,dueling_dqn,1,21.0878,13.64,35204,cpu,16,92,155.95,0.05,1.281534
525,dueling_dqn,1,21.0937,13.46,35204,cpu,1,11,0.61,0.05,0.376133
526,dueling_dqn,1,21.1272,13.38,35204,cpu,9,60,83.7,0.05,1.483338
527,dueling_dqn,1,21.1591,13.22,35204,cpu,9,58,84.32,0.05,1.028111
528,dueling_dqn,1,21.1733,12.94,35204,cpu,2,26,12.07,0.05,1.194006
529,dueling_dqn,1,21.2623,13.12,35204,cpu,22,161,219.62,0.05,2.3217
530,dueling_dqn,1,21.3044,13.16,35204,cpu,5,76,45.9,0.05,1.233754
531,dueling_dqn,1,21.3296,13.1,35204,cpu,5,46,42.6,0.05,0.812462
532,dueling_dqn,1,21.3972,12.9,35204,cpu,15,123,149.23,0.05,0.826464
533,dueling_dqn,1,21.4515,12.92,35204,cpu,11,97,105.45,0.05,0.819897
534,dueling_dqn,1,21.466,12.76,35204,cpu,3,26,21.78,0.05,0.76752
535,dueling_dqn,1,21.5164,12.86,35204,cpu,11,91,106.71,0.05,0.963452
536,dueling_dqn,1,21.5413,12.9,35204,cpu,7,45,63.13,0.05,1.107987
537,dueling_dqn,1,21.6236,12.62,35204,cpu,14,149,137.86,0.05,0.600555
538,dueling_dqn,1,21.6424,12.68,35204,cpu,5,34,42.52,0.05,1.473981
539,dueling_dqn,1,21.7172,12.94,35204,cpu,20,135,199.06,0.05,0.839233
540,dueling_dqn,1,21.7884,12.86,35204,cpu,15,132,149.04,0.05,0.118614
541,dueling_dqn,1,21.8254,12.68,35204,cpu,7,67,64.11,0.05,0.716038
542,dueling_dqn,1,21.8662,12.66,35204,cpu,12,74,114.89,0.05,0.725646
543,dueling_dqn,1,21.8922,12.5,35204,cpu,8,47,73.22,0.05,0.662384
544,dueling_dqn,1,21.9026,12.3,35204,cpu,4,19,31.26,0.05,1.587351
545,dueling_dqn,1,21.9612,12.48,35204,cpu,14,105,137.1,0.05,1.999168
546,dueling_dqn,1,21.9733,12.02,35204,cpu,4,22,31.53,0.05,1.314115
547,dueling_dqn,1,22.0989,12.18,35204,cpu,24,228,243.07,0.05,1.45018
548,dueling_dqn,1,22.1394,12.04,35204,cpu,6,74,55.83,0.05,1.552591
549,dueling_dqn,1,22.2109,12.24,35204,cpu,19,129,189.01,0.05,1.074397
550,dueling_dqn,1,22.3161,12.46,35204,cpu,24,189,242.56,0.05,1.332587
551,dueling_dqn,1,22.3883,12.38,35204,cpu,14,126,139.39,0.05,1.343956
552,dueling_dqn,1,22.4547,12.38,35204,cpu,17,116,167.82,0.05,0.469876
553,dueling_dqn,1,22.542,12.7,35204,cpu,24,153,240.12,0.05,0.921194
554,dueling_dqn,1,22.5965,12.74,35204,cpu,10,95,95.76,0.05,1.34459
555,dueling_dqn,1,22.6669,12.78,35204,cpu,16,123,157.54,0.05,1.029818
556,dueling_dqn,1,22.7058,12.82,35204,cpu,9,68,84.82,0.05,1.088788
557,dueling_dqn,1,22.7475,12.54,35204,cpu,11,73,104.89,0.05,1.216077
558,dueling_dqn,1,22.7667,12.08,35204,cpu,4,34,31.61,0.05,1.126584
559,dueling_dqn,1,22.8416,12.24,35204,cpu,16,131,159.66,0.05,1.110564
560,dueling_dqn,1,22.8925,11.98,35204,cpu,13,89,126.15,0.05,1.035776
561,dueling_dqn,1,22.9613,11.96,35204,cpu,13,121,128.03,0.05,1.166818
562,dueling_dqn,1,23.0464,12.02,35204,cpu,22,148,217.65,0.05,1.368822
563,dueling_dqn,1,23.0937,11.98,35204,cpu,10,82,95.19,0.05,0.759555
564,dueling_dqn,1,23.1603,12.08,35204,cpu,13,117,127.07,0.05,1.026838
565,dueling_dqn,1,23.2766,12.34,35204,cpu,22,204,220.89,0.05,1.712278
566,dueling_dqn,1,23.3594,12.62,35204,cpu,18,146,178.83,0.05,1.350269
567,dueling_dqn,1,23.4726,12.76,35204,cpu,20,203,201.78,0.05,0.980211
568,dueling_dqn,1,23.5421,12.98,35204,cpu,19,125,188.25,0.05,1.316846
569,dueling_dqn,1,23.6004,12.82,35204,cpu,14,106,135.99,0.05,1.842717
570,dueling_dqn,1,23.6718,12.84,35204,cpu,16,129,158.28,0.05,0.894593
571,dueling_dqn,1,23.6973,12.7,35204,cpu,7,46,63.22,0.05,1.642558
572,dueling_dqn,1,23.7608,12.68,35204,cpu,12,115,115.98,0.05,1.30042
573,dueling_dqn,1,23.8205,12.44,35204,cpu,10,108,96.73,0.05,0.180843
574,dueling_dqn,1,23.861,12.28,35204,cpu,8,73,74.16,0.05,1.145242
575,dueling_dqn,1,23.8791,12.36,35204,cpu,5,33,42.23,0.05,0.90749
576,dueling_dqn,1,23.9295,12.4,35204,cpu,11,91,105.91,0.05,0.952782
577,dueling_dqn,1,23.9704,12.42,35204,cpu,10,73,95.58,0.05,0.622285
578,dueling_dqn,1,24.0479,12.76,35204,cpu,19,141,188.09,0.05,1.136199
579,dueling_dqn,1,24.1263,12.68,35204,cpu,18,142,177.87,0.05,0.602552
580,dueling_dqn,1,24.1901,12.88,35204,cpu,15,115,147.91,0.05,1.073874
581,dueling_dqn,1,24.3313,13.36,35204,cpu,29,255,296.65,0.05,1.183825
582,dueling_dqn,1,24.3657,13.22,35204,cpu,8,62,74.37,0.05,0.906548
583,dueling_dqn,1,24.4061,13.16,35204,cpu,8,73,75.56,0.05,1.313371
584,dueling_dqn,1,24.4434,13.26,35204,cpu,8,67,74.62,0.05,1.085224
585,dueling_dqn,1,24.5212,13.36,35204,cpu,16,141,156.56,0.05,1.377807
586,dueling_dqn,1,24.6115,13.62,35204,cpu,20,158,197.73,0.05,1.720539
587,dueling_dqn,1,24.6439,13.5,35204,cpu,8,58,74.01,0.05,0.975982
588,dueling_dqn,1,24.6548,13.46,35204,cpu,3,19,21.35,0.05,0.984419
589,dueling_dqn,1,24.7718,13.52,35204,cpu,23,176,232.68,0.05,1.226294
590,dueling_dqn,1,24.853,13.48,35204,cpu,13,144,127.9,0.05,0.54676
591,dueling_dqn,1,24.9439,13.82,35204,cpu,24,171,240.14,0.05,0.39758
592,dueling_dqn,1,24.971,13.72,35204,cpu,7,51,63.27,0.05,1.01963
593,dueling_dqn,1,25.0361,13.84,35204,cpu,14,125,136.9,0.05,1.724817
594,dueling_dqn,1,25.048,13.82,35204,cpu,3,23,21.71,0.05,0.919331
595,dueling_dqn,1,25.0773,13.68,35204,cpu,7,56,62.52,0.05,0.895652
596,dueling_dqn,1,25.1251,13.82,35204,cpu,11,92,105.8,0.05,1.760578
597,dueling_dqn,1,25.1688,13.5,35204,cpu,8,84,75.75,0.05,1.322522
598,dueling_dqn,1,25.1938,13.5,35204,cpu,6,48,53.69,0.05,0.78986
599,dueling_dqn,1,25.2355,13.34,35204,cpu,11,80,105.52,0.05,0.710832
600,dueling_dqn,1,25.2552,12.96,35204,cpu,5,38,42.88,0.05,0.993011
601,dueling_dqn,1,25.2717,12.78,35204,cpu,5,32,42.34,0.05,0.188207
602,dueling_dqn,1,25.2967,12.6,35204,cpu,8,48,72.91,0.05,1.234652
603,dueling_dqn,1,25.3355,12.3,35204,cpu,9,75,85.25,0.05,1.130569
604,dueling_dqn,1,25.3979,12.36,35204,cpu,13,121,127.63,0.05,0.759305
605,dueling_dqn,1,25.4635,12.32,35204,cpu,14,127,136.28,0.05,1.239069
606,dueling_dqn,1,25.476,12.2,35204,cpu,3,24,21.8,0.05,2.400809
607,dueling_dqn,1,25.4992,12.08,35204,cpu,5,45,42.71,0.05,1.017685
608,dueling_dqn,1,25.5833,12.36,35204,cpu,18,163,179.16,0.05,0.456766
609,dueling_dqn,1,25.6477,12.3,35204,cpu,13,124,125.9,0.05,1.259724
610,dueling_dqn,1,25.66,12.08,35204,cpu,2,24,11.89,0.05,1.289058
611,dueling_dqn,1,25.7279,12.12,35204,cpu,15,131,148.15,0.05,0.379581
612,dueling_dqn,1,25.7356,11.74,35204,cpu,3,15,20.79,0.05,1.402853
613,dueling_dqn,1,25.7465,11.58,35204,cpu,2,21,11.62,0.05,1.390248
614,dueling_dqn,1,25.7547,11.34,35204,cpu,1,16,1.26,0.05,0.902339
615,dueling_dqn,1,25.8067,11.14,35204,cpu,12,101,117.32,0.05,1.241288
616,dueling_dqn,1,25.9106,11.3,35204,cpu,26,201,262.26,0.05,1.515487
617,dueling_dqn,1,25.9462,11.08,35204,cpu,9,69,85.31,0.05,1.636039
618,dueling_dqn,1,25.9955,10.9,35204,cpu,10,96,95.65,0.05,0.862306
619,dueling_dqn,1,26.0022,10.66,35204,cpu,2,13,10.9,0.05,0.861165
620,dueling_dqn,1,26.0713,10.74,35204,cpu,20,134,198.77,0.05,1.079391
621,dueling_dqn,1,26.108,10.82,35204,cpu,11,71,104.51,0.05,0.925806
622,dueling_dqn,1,26.1879,10.9,35204,cpu,16,155,160.22,0.05,0.533871
623,dueling_dqn,1,26.2594,11.06,35204,cpu,18,138,179.11,0.05,1.546249
624,dueling_dqn,1,26.3651,11.36,35204,cpu,23,205,232.09,0.05,1.33343
625,dueling_dqn,1,26.4469,11.62,35204,cpu,18,159,179.8,0.05,1.81705
626,dueling_dqn,1,26.4974,11.7,35204,cpu,15,98,145.78,0.05,1.075229
627,dueling_dqn,1,26.5141,11.62,35204,cpu,6,32,52.05,0.05,0.57953
628,dueling_dqn,1,26.5386,11.34,35204,cpu,5,48,42.78,0.05,0.685049
629,dueling_dqn,1,26.5607,11.06,35204,cpu,4,43,33.22,0.05,0.979887
630,dueling_dqn,1,26.6212,11.1,35204,cpu,17,117,166.91,0.05,0.583717
631,dueling_dqn,1,26.726,10.88,35204,cpu,18,204,181.85,0.05,0.945361
632,dueling_dqn,1,26.8086,11.2,35204,cpu,24,160,240.55,0.05,2.305916
633,dueling_dqn,1,26.9048,11.46,35204,cpu,21,186,212.36,0.05,1.013646
634,dueling_dqn,1,26.9751,11.68,35204,cpu,19,136,189.44,0.05,0.548494
635,dueling_dqn,1,27.0106,11.54,35204,cpu,9,69,84.31,0.05,0.729096
636,dueling_dqn,1,27.079,11.5,35204,cpu,18,132,177.57,0.05,0.78863
637,dueling_dqn,1,27.0976,11.42,35204,cpu,4,36,31.99,0.05,0.372694
638,dueling_dqn,1,27.1167,11.46,35204,cpu,5,37,42.19,0.05,1.116516
639,dueling_dqn,1,27.1638,11.26,35204,cpu,13,91,126.73,0.05,0.949802
640,dueling_dqn,1,27.2073,11.22,35204,cpu,11,84,104.08,0.05,1.223701
641,dueling_dqn,1,27.2151,10.78,35204,cpu,2,15,10.88,0.05,1.154428
642,dueling_dqn,1,27.2517,10.82,35204,cpu,9,71,85.09,0.05,0.688804
643,dueling_dqn,1,27.2776,10.62,35204,cpu,4,50,32.65,0.05,1.564059
644,dueling_dqn,1,27.3214,10.76,35204,cpu,10,85,95.66,0.05,1.054358
645,dueling_dqn,1,27.3281,10.64,35204,cpu,1,13,0.99,0.05,1.214921
646,dueling_dqn,1,27.3354,10.46,35204,cpu,2,14,10.39,0.05,1.479843
647,dueling_dqn,1,27.3406,10.32,35204,cpu,1,10,0.72,0.05,2.125051
648,dueling_dqn,1,27.3876,10.42,35204,cpu,11,91,106.71,0.05,0.862608
649,dueling_dqn,1,27.4234,10.44,35204,cpu,12,69,114.64,0.05,1.496255
650,dueling_dqn,1,27.4316,10.36,35204,cpu,1,16,1.26,0.05,1.859565
651,dueling_dqn,1,27.4803,10.52,35204,cpu,13,94,126.0,0.05,0.441714
652,dueling_dqn,1,27.5749,10.74,35204,cpu,19,183,191.07,0.05,1.026177
653,dueling_dqn,1,27.5987,10.72,35204,cpu,8,46,72.73,0.05,0.36981
654,dueling_dqn,1,27.6663,10.82,35204,cpu,18,131,179.08,0.05,0.649621
655,dueling_dqn,1,27.7025,10.76,35204,cpu,11,70,104.82,0.05,1.15974
656,dueling_dqn,1,27.7563,10.98,35204,cpu,14,104,135.61,0.05,1.723516
657,dueling_dqn,1,27.7609,10.9,35204,cpu,1,9,0.63,0.05,0.879022
658,dueling_dqn,1,27.8599,11.0,35204,cpu,23,191,231.83,0.05,1.722338
659,dueling_dqn,1,27.8958,10.94,35204,cpu,10,70,94.51,0.05,0.871917
660,dueling_dqn,1,27.9392,11.12,35204,cpu,11,84,105.48,0.05,1.124999
661,dueling_dqn,1,28.0148,11.08,35204,cpu,13,147,129.77,0.05,1.127383
662,dueling_dqn,1,28.0665,11.24,35204,cpu,11,100,106.12,0.05,0.958651
663,dueling_dqn,1,28.1331,11.5,35204,cpu,15,129,148.57,0.05,0.918662
664,dueling_dqn,1,28.1807,11.74,35204,cpu,13,92,126.02,0.05,1.264631
665,dueling_dqn,1,28.2461,11.82,35204,cpu,16,127,158.3,0.05,1.456482
666,dueling_dqn,1,28.2867,11.5,35204,cpu,10,79,95.12,0.05,1.041329
667,dueling_dqn,1,28.3458,11.58,35204,cpu,13,115,126.29,0.05,1.392852
668,dueling_dqn,1,28.3736,11.5,35204,cpu,6,54,53.43,0.05,0.691995
669,dueling_dqn,1,28.4641,11.86,35204,cpu,20,175,201.66,0.05,1.026616
670,dueling_dqn,1,28.4925,11.64,35204,cpu,9,55,83.65,0.05,0.207191
671,dueling_dqn,1,28.5219,11.58,35204,cpu,8,57,74.12,0.05,1.930094
672,dueling_dqn,1,28.5544,11.4,35204,cpu,7,63,63.95,0.05,1.863171
673,dueling_dqn,1,28.5863,11.14,35204,cpu,5,62,44.24,0.05,0.626273
674,dueling_dqn,1,28.621,10.96,35204,cpu,14,67,133.88,0.05,1.013083
675,dueling_dqn,1,28.7081,10.96,35204,cpu,18,169,179.7,0.05,1.209069
676,dueling_dqn,1,28.7518,10.84,35204,cpu,9,85,86.15,0.05,1.457546
677,dueling_dqn,1,28.8285,11.1,35204,cpu,19,149,189.21,0.05,0.501324
678,dueling_dqn,1,28.8915,11.3,35204,cpu,15,122,147.54,0.05,1.221873
679,dueling_dqn,1,28.9641,11.56,35204,cpu,17,140,169.18,0.05,0.732494
680,dueling_dqn,1,28.979,11.28,35204,cpu,3,29,22.25,0.05,0.937142
681,dueling_dqn,1,28.9929,11.0,35204,cpu,4,27,31.98,0.05,0.535285
682,dueling_dqn,1,29.013,10.6,35204,cpu,4,39,33.06,0.05,1.392611
683,dueling_dqn,1,29.0889,10.54,35204,cpu,18,147,179.72,0.05,0.587664
684,dueling_dqn,1,29.1044,10.24,35204,cpu,4,30,32.25,0.05,1.461168
685,dueling_dqn,1,29.1405,10.28,35204,cpu,11,70,103.62,0.05,1.109134
686,dueling_dqn,1,29.1457,9.94,35204,cpu,1,10,0.72,0.05,1.38159
687,dueling_dqn,1,29.2173,10.22,35204,cpu,18,139,177.4,0.05,1.780879
688,dueling_dqn,1,29.2992,10.48,35204,cpu,18,159,181.0,0.05,1.998952
689,dueling_dqn,1,29.3644,10.52,35204,cpu,15,126,147.9,0.05,0.830517
690,dueling_dqn,1,29.4703,10.78,35204,cpu,24,205,243.6,0.05,1.332196
691,dueling_dqn,1,29.5512,11.1,35204,cpu,18,157,179.82,0.05,0.862965
692,dueling_dqn,1,29.6551,11.38,35204,cpu,23,201,231.93,0.05,1.07503
693,dueling_dqn,1,29.6952,11.52,35204,cpu,11,78,105.14,0.05,0.445201
694,dueling_dqn,1,29.7353,11.48,35204,cpu,8,78,75.41,0.05,0.742241
695,dueling_dqn,1,29.7695,11.68,35204,cpu,11,66,104.26,0.05,1.002615
696,dueling_dqn,1,29.8009,11.8,35204,cpu,8,61,74.08,0.05,1.050895
697,dueling_dqn,1,29.8864,12.12,35204,cpu,17,166,169.92,0.05,0.374088
698,dueling_dqn,1,29.9354,12.2,35204,cpu,15,95,145.91,0.05,1.073027
699,dueling_dqn,1,29.9457,12.0,35204,cpu,2,20,11.53,0.05,1.68438
700,dueling_dqn,1,30.0267,12.34,35204,cpu,18,158,179.51,0.05,1.717272
701,dueling_dqn,1,30.0605,12.18,35204,cpu,5,66,44.0,0.05,1.147503
702,dueling_dqn,1,30.1655,12.28,35204,cpu,24,204,243.51,0.05,0.791165
703,dueling_dqn,1,30.2509,12.48,35204,cpu,18,166,177.83,0.05,1.373791
704,dueling_dqn,1,30.2849,12.26,35204,cpu,7,66,63.62,0.05,1.805136
705,dueling_dqn,1,30.3238,12.26,35204,cpu,11,76,104.76,0.05,1.392882
706,dueling_dqn,1,30.3835,12.36,35204,cpu,19,116,187.64,0.05,0.710708
707,dueling_dqn,1,30.4522,12.66,35204,cpu,16,133,158.04,0.05,0.705413
708,dueling_dqn,1,30.4862,12.38,35204,cpu,9,66,84.24,0.05,1.631953
709,dueling_dqn,1,30.4893,12.18,35204,cpu,0,6,-9.55,0.05,0.202303
710,dueling_dqn,1,30.5067,12.04,35204,cpu,4,34,32.41,0.05,0.818438
711,dueling_dqn,1,30.5477,11.94,35204,cpu,8,80,75.79,0.05,0.913677
712,dueling_dqn,1,30.596,11.96,35204,cpu,12,94,116.69,0.05,0.886476
713,dueling_dqn,1,30.6149,11.78,35204,cpu,6,37,52.1,0.05,0.695012
714,dueling_dqn,1,30.6508,11.72,35204,cpu,10,70,95.11,0.05,1.30314
715,dueling_dqn,1,30.7505,11.84,35204,cpu,22,195,221.68,0.05,2.268747
716,dueling_dqn,1,30.7699,11.72,35204,cpu,4,38,32.97,0.05,0.537035
717,dueling_dqn,1,30.8704,11.96,35204,cpu,25,196,254.1,0.05,0.413704
718,dueling_dqn,1,31.0319,12.46,35204,cpu,31,315,314.07,0.05,1.913881
719,dueling_dqn,1,31.1113,12.36,35204,cpu,15,155,150.71,0.05,1.423594
720,dueling_dqn,1,31.1377,12.32,35204,cpu,7,51,63.47,0.05,1.009611
721,dueling_dqn,1,31.152,12.24,35204,cpu,4,28,31.87,0.05,1.000058
722,dueling_dqn,1,31.1739,12.24,35204,cpu,7,43,62.95,0.05,1.24395
723,dueling_dqn,1,31.2459,12.44,35204,cpu,15,141,148.25,0.05,1.62028
724,dueling_dqn,1,31.2547,12.2,35204,cpu,2,17,11.26,0.05,0.871594
725,dueling_dqn,1,31.3093,12.12,35204,cpu,14,106,136.39,0.05,1.185638
726,dueling_dqn,1,31.3837,12.34,35204,cpu,20,140,196.91,0.05,0.879511
727,dueling_dqn,1,31.4299,12.16,35204,cpu,10,87,96.24,0.05,1.066147
728,dueling_dqn,1,31.5176,12.3,35204,cpu,22,169,220.54,0.05,0.353017
729,dueling_dqn,1,31.6734,12.04,35204,cpu,4,31,31.74,0.05,1.080261
730,dueling_dqn,1,31.6938,12.06,35204,cpu,4,22,31.53,0.05,0.671739
731,dueling_dqn,1,31.8017,12.3,35204,cpu,16,159,159.18,0.05,0.862056
732,dueling_dqn,1,31.8088,12.22,35204,cpu,0,10,-9.39,0.05,0.764356
733,dueling_dqn,1,31.8453,12.02,35204,cpu,8,59,73.9,0.05,1.614676
734,dueling_dqn,1,31.8933,12.12,35204,cpu,9,80,85.5,0.05,0.575054
735,dueling_dqn,1,31.9936,12.22,35204,cpu,16,142,158.85,0.05,1.664539
736,dueling_dqn,1,32.0509,12.36,35204,cpu,8,85,75.04,0.05,0.708797
737,dueling_dqn,1,32.2132,12.52,35204,cpu,26,250,264.67,0.05,2.074005
738,dueling_dqn,1,32.243,12.36,35204,cpu,10,49,93.02,0.05,1.647286
739,dueling_dqn,1,32.2875,12.26,35204,cpu,10,72,94.49,0.05,0.569646
740,dueling_dqn,1,32.4123,12.18,35204,cpu,20,207,201.74,0.05,1.601811
741,dueling_dqn,1,32.4938,12.16,35204,cpu,17,141,169.47,0.05,1.036261
742,dueling_dqn,1,32.5587,11.98,35204,cpu,14,112,138.13,0.05,1.109452
743,dueling_dqn,1,32.6262,12.04,35204,cpu,14,117,137.98,0.05,1.135865
744,dueling_dqn,1,32.6504,11.98,35204,cpu,5,42,42.84,0.05,0.892747
745,dueling_dqn,1,32.6899,11.94,35204,cpu,9,68,85.02,0.05,1.188069
746,dueling_dqn,1,32.7408,12.08,35204,cpu,15,86,145.9,0.05,0.873235
747,dueling_dqn,1,32.8448,12.24,35204,cpu,25,180,251.66,0.05,0.716564
748,dueling_dqn,1,32.8885,12.1,35204,cpu,8,75,74.94,0.05,0.591094
749,dueling_dqn,1,32.9027,12.12,35204,cpu,3,24,21.8,0.05,1.523705
750,dueling_dqn,1,33.0098,12.2,35204,cpu,22,185,222.58,0.05,0.973507
751,dueling_dqn,1,33.0651,12.42,35204,cpu,16,94,155.93,0.05,0.568061
752,dueling_dqn,1,33.1184,12.16,35204,cpu,11,89,106.73,0.05,1.293571
753,dueling_dqn,1,33.1446,11.92,35204,cpu,6,44,50.93,0.05,1.330466
754,dueling_dqn,1,33.1633,11.84,35204,cpu,3,32,21.72,0.05,1.032926
755,dueling_dqn,1,33.2881,12.08,35204,cpu,23,212,232.92,0.05,0.924636
756,dueling_dqn,1,33.3433,11.9,35204,cpu,10,95,96.76,0.05,2.00371
757,dueling_dqn,1,33.4462,11.96,35204,cpu,19,176,190.64,0.05,1.268984
758,dueling_dqn,1,33.5356,12.16,35204,cpu,19,153,190.37,0.05,0.847624
759,dueling_dqn,1,33.5477,12.22,35204,cpu,3,21,20.93,0.05,0.669653
760,dueling_dqn,1,33.5818,12.32,35204,cpu,9,58,83.32,0.05,1.907081
761,dueling_dqn,1,33.6104,12.3,35204,cpu,7,49,63.29,0.05,0.797428
762,dueling_dqn,1,33.7604,12.62,35204,cpu,28,259,282.5,0.05,1.031963
763,dueling_dqn,1,33.8221,12.74,35204,cpu,12,108,117.35,0.05,0.650525
764,dueling_dqn,1,33.9059,12.88,35204,cpu,17,146,168.12,0.05,0.79372
765,dueling_dqn,1,33.9757,12.74,35204,cpu,15,129,149.37,0.05,0.862915
766,dueling_dqn,1,33.987,12.68,35204,cpu,1,21,1.51,0.05,2.13682
767,dueling_dqn,1,34.0221,12.42,35204,cpu,12,65,114.08,0.05,1.072006
768,dueling_dqn,1,34.0647,11.96,35204,cpu,8,80,74.79,0.05,1.01042
769,dueling_dqn,1,34.0974,11.82,35204,cpu,8,61,74.68,0.05,1.443887
770,dueling_dqn,1,34.1011,11.7,35204,cpu,1,7,0.45,0.05,1.532142
771,dueling_dqn,1,34.1781,12.0,35204,cpu,19,147,188.63,0.05,0.75974
772,dueling_dqn,1,34.1875,11.9,35204,cpu,2,18,11.15,0.05,1.267048
773,dueling_dqn,1,34.2485,11.82,35204,cpu,11,117,106.85,0.05,0.815729
774,dueling_dqn,1,34.2521,11.78,35204,cpu,0,7,-9.66,0.05,0.901387
775,dueling_dqn,1,34.3042,11.78,35204,cpu,14,100,134.85,0.05,0.94832
776,dueling_dqn,1,34.3667,11.6,35204,cpu,11,121,107.21,0.05,1.035868
777,dueling_dqn,1,34.4546,11.82,35204,cpu,21,170,211.12,0.05,0.597928
778,dueling_dqn,1,34.4784,11.52,35204,cpu,7,46,63.22,0.05,1.834538
779,dueling_dqn,1,34.5319,11.74,35204,cpu,15,104,145.92,0.05,1.120626
780,dueling_dqn,1,34.5673,11.88,35204,cpu,11,69,104.53,0.05,0.54742
781,dueling_dqn,1,34.6126,11.8,35204,cpu,12,88,116.75,0.05,1.108669
782,dueling_dqn,1,34.6517,12.0,35204,cpu,10,76,94.05,0.05,0.639097
783,dueling_dqn,1,34.6625,11.88,35204,cpu,2,21,11.42,0.05,2.012558
784,dueling_dqn,1,34.7094,11.92,35204,cpu,11,91,104.91,0.05,1.94275
785,dueling_dqn,1,34.715,11.62,35204,cpu,1,11,0.81,0.05,2.290779
786,dueling_dqn,1,34.8039,12.0,35204,cpu,27,172,270.96,0.05,1.237477
787,dueling_dqn,1,34.8909,11.88,35204,cpu,20,169,201.12,0.05,0.981438
788,dueling_dqn,1,34.9501,11.92,35204,cpu,12,115,116.38,0.05,1.135388
789,dueling_dqn,1,35.0158,11.94,35204,cpu,11,128,108.64,0.05,0.666784
790,dueling_dqn,1,35.0775,11.8,35204,cpu,13,120,126.14,0.05,0.582634
791,dueling_dqn,1,35.1195,11.7,35204,cpu,12,81,115.32,0.05,0.794173
792,dueling_dqn,1,35.1531,11.58,35204,cpu,8,65,74.64,0.05,0.905287
793,dueling_dqn,1,35.2435,11.76,35204,cpu,23,175,230.39,0.05,1.791316
794,dueling_dqn,1,35.2961,11.96,35204,cpu,15,102,146.94,0.05,1.30509
795,dueling_dqn,1,35.3512,12.08,35204,cpu,15,107,146.39,0.05,0.812147
796,dueling_dqn,1,35.4189,12.1,35204,cpu,16,132,156.95,0.05,0.539138
797,dueling_dqn,1,35.4588,11.88,35204,cpu,14,78,134.87,0.05,1.801764
798,dueling_dqn,1,35.4941,11.88,35204,cpu,8,68,74.91,0.05,1.785322
799,dueling_dqn,1,35.5585,12.14,35204,cpu,16,125,158.72,0.05,1.48505
800,dueling_dqn,1,35.6708,12.2,35204,cpu,25,218,250.88,0.05,1.531734
801,dueling_dqn,1,35.7081,12.06,35204,cpu,9,73,84.87,0.05,1.096015
802,dueling_dqn,1,35.7656,12.08,35204,cpu,12,112,116.31,0.05,1.542374
803,dueling_dqn,1,35.8458,12.34,35204,cpu,19,156,190.44,0.05,0.854909
804,dueling_dqn,1,35.8937,12.56,35204,cpu,14,93,136.22,0.05,1.553373
805,dueling_dqn,1,35.9517,12.46,35204,cpu,18,113,177.06,0.05,1.23599
806,dueling_dqn,1,35.9847,12.46,35204,cpu,10,64,94.57,0.05,0.83183
807,dueling_dqn,1,36.0449,12.4,35204,cpu,16,117,158.8,0.05,0.848527
808,dueling_dqn,1,36.1202,12.34,35204,cpu,16,147,160.5,0.05,1.014455
809,dueling_dqn,1,36.1659,12.5,35204,cpu,11,89,105.13,0.05,0.765722
810,dueling_dqn,1,36.2168,12.62,35204,cpu,15,99,146.27,0.05,1.44306
811,dueling_dqn,1,36.2317,12.6,35204,cpu,6,29,51.98,0.05,1.513347
812,dueling_dqn,1,36.307,12.42,35204,cpu,19,147,187.43,0.05,0.811912
813,dueling_dqn,1,36.3989,12.62,35204,cpu,22,179,221.24,0.05,0.740088
814,dueling_dqn,1,36.4517,12.5,35204,cpu,11,103,106.79,0.05,1.791177
815,dueling_dqn,1,36.5297,12.58,35204,cpu,19,152,187.68,0.05,0.86115
816,dueling_dqn,1,36.5671,12.72,35204,cpu,8,73,75.56,0.05,0.456187
817,dueling_dqn,1,36.581,12.54,35204,cpu,3,27,21.87,0.05,0.659642
818,dueling_dqn,1,36.6626,12.78,35204,cpu,20,159,199.22,0.05,1.622928
819,dueling_dqn,1,36.7218,12.92,35204,cpu,15,115,148.11,0.05,1.248727
820,dueling_dqn,1,36.7455,13.04,35204,cpu,7,46,62.82,0.05,1.861055
821,dueling_dqn,1,36.7821,12.86,35204,cpu,10,71,95.0,0.05,1.185149
822,dueling_dqn,1,36.826,12.98,35204,cpu,8,86,76.33,0.05,1.073968
823,dueling_dqn,1,36.8976,13.08,35204,cpu,16,137,158.4,0.05,2.095296
824,dueling_dqn,1,37.0038,13.3,35204,cpu,11,100,106.72,0.05,0.977884
825,dueling_dqn,1,37.1541,13.26,35204,cpu,12,79,114.14,0.05,1.467502
826,dueling_dqn,1,37.174,13.1,35204,cpu,3,28,21.96,0.05,1.155359
827,dueling_dqn,1,37.2579,12.96,35204,cpu,14,106,136.59,0.05,1.114661
828,dueling_dqn,1,37.3299,13.16,35204,cpu,17,128,166.7,0.05,1.632953
829,dueling_dqn,1,37.3878,13.22,35204,cpu,18,104,177.45,0.05,1.099677
830,dueling_dqn,1,37.42,13.12,35204,cpu,6,59,53.48,0.05,0.45922
831,dueling_dqn,1,37.481,13.16,35204,cpu,14,110,135.75,0.05,1.474707
832,dueling_dqn,1,37.5507,13.24,35204,cpu,14,126,139.39,0.05,1.948086
833,dueling_dqn,1,37.587,13.36,35204,cpu,8,66,74.73,0.05,1.239523
834,dueling_dqn,1,37.7023,13.6,35204,cpu,23,209,232.05,0.05,1.680953
835,dueling_dqn,1,37.7381,13.76,35204,cpu,9,65,84.55,0.05,1.09696
836,dueling_dqn,1,37.8578,13.72,35204,cpu,25,219,252.57,0.05,0.37378
837,dueling_dqn,1,37.8746,13.38,35204,cpu,3,31,22.23,0.05,1.115694
838,dueling_dqn,1,37.9948,13.58,35204,cpu,22,216,223.57,0.05,0.394231
839,dueling_dqn,1,38.0282,13.56,35204,cpu,10,61,94.5,0.05,0.857425
840,dueling_dqn,1,38.0962,13.66,35204,cpu,18,123,178.36,0.05,1.389229
841,dueling_dqn,1,38.1167,13.5,35204,cpu,4,34,31.81,0.05,0.600813
842,dueling_dqn,1,38.1469,13.52,35204,cpu,9,53,83.67,0.05,1.603591
843,dueling_dqn,1,38.1698,13.14,35204,cpu,4,40,32.15,0.05,1.334098
844,dueling_dqn,1,38.2179,13.06,35204,cpu,11,87,106.75,0.05,0.86698
845,dueling_dqn,1,38.3037,13.1,35204,cpu,17,156,169.42,0.05,0.904389
846,dueling_dqn,1,38.333,12.94,35204,cpu,8,51,73.58,0.05,0.79956
847,dueling_dqn,1,38.3478,12.74,35204,cpu,4,26,31.49,0.05,1.575524
848,dueling_dqn,1,38.4048,12.82,35204,cpu,12,100,116.83,0.05,0.751053
849,dueling_dqn,1,38.4249,12.58,35204,cpu,4,34,32.61,0.05,0.350595
850,dueling_dqn,1,38.4965,12.42,35204,cpu,17,125,168.63,0.05,0.935643
851,dueling_dqn,1,38.5693,12.62,35204,cpu,19,128,188.72,0.05,0.980435
852,dueling_dqn,1,38.622,12.58,35204,cpu,10,93,94.38,0.05,0.968773
853,dueling_dqn,1,38.6544,12.3,35204,cpu,5,56,44.3,0.05,1.343015
854,dueling_dqn,1,38.7492,12.38,35204,cpu,18,166,180.83,0.05,0.867784
855,dueling_dqn,1,38.7598,12.06,35204,cpu,2,19,11.44,0.05,0.558756
856,dueling_dqn,1,38.8976,12.36,35204,cpu,25,242,254.84,0.05,1.452403
857,dueling_dqn,1,38.9488,12.28,35204,cpu,12,89,115.44,0.05,2.207305
858,dueling_dqn,1,39.0108,12.24,35204,cpu,14,109,135.86,0.05,1.614458
859,dueling_dqn,1,39.1323,12.58,35204,cpu,28,213,281.16,0.05,1.830755
860,dueling_dqn,1,39.1392,12.32,35204,cpu,2,12,10.61,0.05,0.710463
861,dueling_dqn,1,39.1562,12.24,35204,cpu,2,30,12.03,0.05,0.751595
862,dueling_dqn,1,39.2555,12.2,35204,cpu,17,175,167.33,0.05,1.283961
863,dueling_dqn,1,39.3094,12.02,35204,cpu,13,94,126.6,0.05,2.289695
864,dueling_dqn,1,39.3471,11.94,35204,cpu,7,67,64.51,0.05,1.067279
865,dueling_dqn,1,39.4667,11.98,35204,cpu,21,216,213.06,0.05,1.181768
866,dueling_dqn,1,39.483,11.88,35204,cpu,3,29,22.25,0.05,0.901806
867,dueling_dqn,1,39.5574,12.14,35204,cpu,16,135,158.22,0.05,0.906283
868,dueling_dqn,1,39.6415,12.14,35204,cpu,20,153,200.08,0.05,1.33785
869,dueling_dqn,1,39.6911,12.04,35204,cpu,10,90,96.51,0.05,0.796051
870,dueling_dqn,1,39.717,12.04,35204,cpu,7,47,62.91,0.05,1.381723
871,dueling_dqn,1,39.743,11.96,35204,cpu,6,47,53.4,0.05,0.374604
872,dueling_dqn,1,39.8147,12.12,35204,cpu,16,131,158.66,0.05,1.048847
873,dueling_dqn,1,39.8202,11.82,35204,cpu,1,10,0.52,0.05,0.765257
874,dueling_dqn,1,39.8351,11.68,35204,cpu,4,27,31.98,0.05,1.356724
875,dueling_dqn,1,39.8573,11.56,35204,cpu,6,37,51.7,0.05,1.619333
876,dueling_dqn,1,39.9174,11.78,35204,cpu,14,109,138.26,0.05,1.245183
877,dueling_dqn,1,39.9323,11.6,35204,cpu,5,27,41.29,0.05,1.353691
878,dueling_dqn,1,39.993,11.52,35204,cpu,13,110,128.04,0.05,1.370862
879,dueling_dqn,1,40.0294,11.28,35204,cpu,6,68,54.49,0.05,1.05539
880,dueling_dqn,1,40.0409,11.22,35204,cpu,3,21,21.33,0.05,1.106443
881,dueling_dqn,1,40.1074,11.22,35204,cpu,14,122,138.83,0.05,1.219219
882,dueling_dqn,1,40.1308,11.12,35204,cpu,9,43,82.77,0.05,1.499715
883,dueling_dqn,1,40.1868,11.12,35204,cpu,8,99,75.1,0.05,1.190778
884,dueling_dqn,1,40.2186,10.84,35204,cpu,9,54,83.76,0.05,1.435654
885,dueling_dqn,1,40.2531,10.82,35204,cpu,8,57,73.92,0.05,0.720773
886,dueling_dqn,1,40.2636,10.34,35204,cpu,1,18,1.24,0.05,1.479085
887,dueling_dqn,1,40.3476,10.64,35204,cpu,18,151,178.28,0.05,1.333602
888,dueling_dqn,1,40.5095,10.72,35204,cpu,26,283,267.64,0.05,1.01067
889,dueling_dqn,1,40.5184,10.56,35204,cpu,2,16,10.97,0.05,1.359905
890,dueling_dqn,1,40.5516,10.34,35204,cpu,7,60,64.68,0.05,1.085014
891,dueling_dqn,1,40.5816,10.38,35204,cpu,6,54,54.03,0.05,0.3998
892,dueling_dqn,1,40.6072,10.36,35204,cpu,8,46,73.33,0.05,0.156089
893,dueling_dqn,1,40.6418,10.44,35204,cpu,8,63,74.06,0.05,1.933319
894,dueling_dqn,1,40.747,10.6,35204,cpu,19,190,190.3,0.05,0.238629
895,dueling_dqn,1,40.7832,10.46,35204,cpu,10,65,94.66,0.05,0.946002
896,dueling_dqn,1,40.8139,10.46,35204,cpu,8,56,73.83,0.05,0.759949
897,dueling_dqn,1,40.8665,10.6,35204,cpu,11,93,106.49,0.05,1.073708
898,dueling_dqn,1,40.8884,10.44,35204,cpu,4,40,32.95,0.05,1.031823
899,dueling_dqn,1,40.9096,10.46,35204,cpu,5,38,42.68,0.05,0.916309
900,dueling_dqn,1,41.0048,10.5,35204,cpu,19,170,189.3,0.05,0.975679
901,dueling_dqn,1,41.0987,10.56,35204,cpu,22,169,220.94,0.05,1.204088
902,dueling_dqn,1,41.1462,10.54,35204,cpu,9,86,86.44,0.05,0.981144
903,dueling_dqn,1,41.1626,10.52,35204,cpu,4,30,31.85,0.05,0.892604
904,dueling_dqn,1,41.2387,10.54,35204,cpu,19,138,188.42,0.05,0.41721
905,dueling_dqn,1,41.286,10.74,35204,cpu,12,85,115.88,0.05,1.206871
906,dueling_dqn,1,41.3047,10.34,35204,cpu,5,34,42.52,0.05,1.03693
907,dueling_dqn,1,41.3625,10.36,35204,cpu,13,105,125.39,0.05,1.067807
908,dueling_dqn,1,41.4299,10.34,35204,cpu,13,122,128.92,0.05,0.713848
909,dueling_dqn,1,41.4903,10.0,35204,cpu,11,109,107.53,0.05,1.398987
910,dueling_dqn,1,41.5663,10.24,35204,cpu,14,138,138.67,0.05,1.620726
911,dueling_dqn,1,41.5794,10.24,35204,cpu,2,24,11.89,0.05,0.878805
912,dueling_dqn,1,41.6167,10.06,35204,cpu,8,68,73.91,0.05,1.466055
913,dueling_dqn,1,41.6684,10.08,35204,cpu,14,94,136.51,0.05,0.659446
914,dueling_dqn,1,41.6843,10.02,35204,cpu,4,29,32.16,0.05,1.727781
915,dueling_dqn,1,41.6987,9.66,35204,cpu,3,26,21.98,0.05,0.950084
916,dueling_dqn,1,41.7367,9.78,35204,cpu,9,69,84.71,0.05,0.449661
917,dueling_dqn,1,41.7917,9.72,35204,cpu,13,100,127.74,0.05,2.210541
918,dueling_dqn,1,41.8979,9.72,35204,cpu,20,192,199.99,0.05,1.106722
919,dueling_dqn,1,41.9431,9.74,35204,cpu,11,82,105.1,0.05,0.564476
920,dueling_dqn,1,41.9766,9.82,35204,cpu,11,60,103.52,0.05,1.3247
921,dueling_dqn,1,41.9977,9.84,35204,cpu,7,38,62.5,0.05,0.609449
922,dueling_dqn,1,42.1272,9.94,35204,cpu,21,222,210.4,0.05,1.134709
923,dueling_dqn,1,42.1904,10.24,35204,cpu,16,114,157.73,0.05,1.201801
924,dueling_dqn,1,42.1936,10.16,35204,cpu,0,6,-9.55,0.05,1.710077
925,dueling_dqn,1,42.2734,10.4,35204,cpu,18,144,178.85,0.05,0.82251
926,dueling_dqn,1,42.3196,10.36,35204,cpu,12,82,115.21,0.05,1.743227
927,dueling_dqn,1,42.3896,10.5,35204,cpu,12,123,116.5,0.05,1.552313
928,dueling_dqn,1,42.4893,10.6,35204,cpu,18,176,178.73,0.05,0.499359
929,dueling_dqn,1,42.4956,10.52,35204,cpu,2,11,10.52,0.05,1.081146
930,dueling_dqn,1,42.5489,10.62,35204,cpu,8,94,75.65,0.05,1.567677
931,dueling_dqn,1,42.5682,10.42,35204,cpu,4,34,32.61,0.05,0.665568
932,dueling_dqn,1,42.6233,10.48,35204,cpu,12,98,116.85,0.05,0.935109
933,dueling_dqn,1,42.6561,10.5,35204,cpu,9,58,84.12,0.05,1.796316
934,dueling_dqn,1,42.7145,10.56,35204,cpu,12,104,115.79,0.05,1.74468
935,dueling_dqn,1,42.8289,10.84,35204,cpu,22,203,221.0,0.05,1.35893
936,dueling_dqn,1,42.8913,11.12,35204,cpu,15,112,147.64,0.05,1.611602
937,dueling_dqn,1,42.9242,10.9,35204,cpu,7,59,63.59,0.05,1.334037
938,dueling_dqn,1,42.9523,10.52,35204,cpu,7,50,62.38,0.05,1.003226
939,dueling_dqn,1,42.9954,10.72,35204,cpu,12,77,115.76,0.05,1.740553
940,dueling_dqn,1,43.0827,10.8,35204,cpu,11,107,106.95,0.05,0.676296
941,dueling_dqn,1,43.1498,10.96,35204,cpu,14,114,136.51,0.05,0.903261
942,dueling_dqn,1,43.1881,11.02,35204,cpu,11,69,104.93,0.05,1.081114
943,dueling_dqn,1,43.2453,11.16,35204,cpu,15,103,146.63,0.05,1.229752
944,dueling_dqn,1,43.2889,10.96,35204,cpu,9,78,85.12,0.05,1.462115
945,dueling_dqn,1,43.3302,10.96,35204,cpu,10,75,94.96,0.05,0.574931
946,dueling_dqn,1,43.3464,10.86,35204,cpu,3,30,22.34,0.05,2.127925
947,dueling_dqn,1,43.3702,10.72,35204,cpu,4,44,33.51,0.05,0.570679
948,dueling_dqn,1,43.3883,10.74,35204,cpu,5,32,41.94,0.05,1.408555
949,dueling_dqn,1,43.4128,10.72,35204,cpu,4,45,31.4,0.05,1.110236
950,dueling_dqn,1,43.4898,10.74,35204,cpu,20,140,198.91,0.05,0.739436
951,dueling_dqn,1,43.5429,10.54,35204,cpu,12,98,116.85,0.05,1.510377
952,dueling_dqn,1,43.5878,10.6,35204,cpu,12,84,114.99,0.05,1.265411
953,dueling_dqn,1,43.6803,10.98,35204,cpu,23,172,231.92,0.05,1.000386
954,dueling_dqn,1,43.7551,11.04,35204,cpu,22,139,218.84,0.05,0.833607
955,dueling_dqn,1,43.8106,11.08,35204,cpu,14,103,137.12,0.05,0.5857
956,dueling_dqn,1,43.8805,11.3,35204,cpu,16,131,156.66,0.05,0.922475
957,dueling_dqn,1,43.9613,11.34,35204,cpu,15,150,150.06,0.05,1.148802
958,dueling_dqn,1,44.0196,11.34,35204,cpu,13,108,127.86,0.05,1.15654
959,dueling_dqn,1,44.0687,11.36,35204,cpu,12,92,116.51,0.05,0.544935
960,dueling_dqn,1,44.1087,11.24,35204,cpu,8,75,74.54,0.05,0.747526
961,dueling_dqn,1,44.1457,11.42,35204,cpu,11,69,105.13,0.05,1.377992
962,dueling_dqn,1,44.2106,11.54,35204,cpu,14,121,137.14,0.05,0.575061
963,dueling_dqn,1,44.2187,11.3,35204,cpu,2,15,10.68,0.05,0.567834
964,dueling_dqn,1,44.2449,11.34,35204,cpu,6,49,53.58,0.05,1.288966
965,dueling_dqn,1,44.2661,11.4,35204,cpu,6,40,52.77,0.05,0.465384
966,dueling_dqn,1,44.2774,11.3,35204,cpu,4,21,31.44,0.05,0.614312
967,dueling_dqn,1,44.3462,11.36,35204,cpu,16,128,155.59,0.05,1.417032
968,dueling_dqn,1,44.3547,11.0,35204,cpu,2,16,10.97,0.05,1.441966
969,dueling_dqn,1,44.3791,10.94,35204,cpu,8,45,72.64,0.05,1.733455
970,dueling_dqn,1,44.4196,10.88,35204,cpu,8,76,74.43,0.05,0.526654
971,dueling_dqn,1,44.4871,11.04,35204,cpu,15,125,147.21,0.05,1.51754
972,dueling_dqn,1,44.532,10.88,35204,cpu,13,84,124.9,0.05,0.916243
973,dueling_dqn,1,44.587,10.82,35204,cpu,13,103,126.81,0.05,2.323751
974,dueling_dqn,1,44.6744,11.22,35204,cpu,20,163,199.98,0.05,0.749412
975,dueling_dqn,1,44.7123,11.04,35204,cpu,9,71,84.49,0.05,1.837514
976,dueling_dqn,1,44.7386,10.92,35204,cpu,6,49,53.58,0.05,1.336301
977,dueling_dqn,1,44.7714,10.88,35204,cpu,10,61,93.5,0.05,1.471034
978,dueling_dqn,1,44.8459,10.92,35204,cpu,20,139,198.62,0.05,0.719006
979,dueling_dqn,1,44.8503,10.9,35204,cpu,1,8,0.54,0.05,2.137921
980,dueling_dqn,1,44.8701,10.82,35204,cpu,4,37,32.88,0.05,1.078711
981,dueling_dqn,1,44.8756,10.76,35204,cpu,1,10,0.72,0.05,0.322163
982,dueling_dqn,1,44.9142,10.72,35204,cpu,10,72,94.49,0.05,1.683806
983,dueling_dqn,1,44.982,10.84,35204,cpu,15,126,149.1,0.05,0.635825
984,dueling_dqn,1,45.0549,10.96,35204,cpu,18,136,177.53,0.05,1.082851
985,dueling_dqn,1,45.0743,10.6,35204,cpu,4,36,32.59,0.05,1.406464
986,dueling_dqn,1,45.146,10.58,35204,cpu,14,134,138.71,0.05,0.831061
987,dueling_dqn,1,45.1509,10.46,35204,cpu,1,9,0.63,0.05,1.173754
988,dueling_dqn,1,45.1957,10.52,35204,cpu,10,84,93.97,0.05,1.133974
989,dueling_dqn,1,45.2794,10.62,35204,cpu,17,157,169.91,0.05,0.890842
990,dueling_dqn,1,45.3685,10.8,35204,cpu,20,167,198.54,0.05,1.407245
991,dueling_dqn,1,45.4468,10.92,35204,cpu,20,147,199.34,0.05,1.002893
992,dueling_dqn,1,45.5258,11.04,35204,cpu,17,146,169.12,0.05,0.737636
993,dueling_dqn,1,45.5595,10.9,35204,cpu,8,63,74.86,0.05,1.456938
994,dueling_dqn,1,45.6203,11.0,35204,cpu,14,107,137.08,0.05,0.385388
995,dueling_dqn,1,45.7032,11.1,35204,cpu,15,136,147.4,0.05,1.274045
996,dueling_dqn,1,45.7608,11.3,35204,cpu,13,102,126.72,0.05,0.765197
997,dueling_dqn,1,45.8697,11.62,35204,cpu,20,188,201.23,0.05,1.170241
998,dueling_dqn,1,45.8934,11.66,35204,cpu,7,43,62.35,0.05,0.808059
999,dueling_dqn,1,45.9622,11.88,35204,cpu,15,122,146.34,0.05,1.887539
1000,dueling_dqn,1,45.9819,11.54,35204,cpu,3,35,22.39,0.05,1.021875
1001,dueling_dqn,1,46.0007,11.36,35204,cpu,3,34,22.5,0.05,1.76916
1002,dueling_dqn,1,46.1018,11.5,35204,cpu,19,184,190.96,0.05,1.11388
1003,dueling_dqn,1,46.1584,11.32,35204,cpu,14,103,136.92,0.05,0.856266
1004,dueling_dqn,1,46.2415,11.26,35204,cpu,19,154,188.26,0.05,0.831295
1005,dueling_dqn,1,46.3126,11.3,35204,cpu,16,132,157.75,0.05,1.474838
1006,dueling_dqn,1,46.3697,11.2,35204,cpu,11,102,106.5,0.05,1.019296
1007,dueling_dqn,1,46.3903,10.98,35204,cpu,4,37,32.88,0.05,0.821817
1008,dueling_dqn,1,46.456,11.0,35204,cpu,14,118,135.47,0.05,0.522613
1009,dueling_dqn,1,46.5108,10.98,35204,cpu,11,86,105.26,0.05,0.656855
1010,dueling_dqn,1,46.5749,11.04,35204,cpu,11,77,105.45,0.05,1.337967
1011,dueling_dqn,1,46.6051,10.92,35204,cpu,5,51,43.65,0.05,1.022507
1012,dueling_dqn,1,46.7148,11.08,35204,cpu,22,182,220.51,0.05,1.068704
1013,dueling_dqn,1,46.7377,11.24,35204,cpu,10,40,92.41,0.05,1.127307
1014,dueling_dqn,1,46.8049,11.46,35204,cpu,17,120,167.38,0.05,1.089346
1015,dueling_dqn,1,46.8466,11.5,35204,cpu,8,75,75.14,0.05,1.097356
1016,dueling_dqn,1,46.8734,11.5,35204,cpu,4,48,32.67,0.05,1.483745
1017,dueling_dqn,1,46.9232,11.42,35204,cpu,12,89,116.04,0.05,0.605235
1018,dueling_dqn,1,46.939,11.46,35204,cpu,4,28,32.07,0.05,0.802687
1019,dueling_dqn,1,47.0048,11.64,35204,cpu,17,118,168.2,0.05,0.789985
1020,dueling_dqn,1,47.0155,11.5,35204,cpu,1,19,1.53,0.05,1.288382
1021,dueling_dqn,1,47.0707,11.48,35204,cpu,14,99,136.36,0.05,1.220869
1022,dueling_dqn,1,47.1591,11.58,35204,cpu,18,159,180.4,0.05,0.460764
1023,dueling_dqn,1,47.1909,11.44,35204,cpu,6,57,53.3,0.05,1.871938
1024,dueling_dqn,1,47.2449,11.28,35204,cpu,12,96,116.07,0.05,1.192874
1025,dueling_dqn,1,47.3282,11.56,35204,cpu,23,150,229.34,0.05,1.764766
1026,dueling_dqn,1,47.374,11.66,35204,cpu,11,85,106.17,0.05,0.453185
1027,dueling_dqn,1,47.3873,11.5,35204,cpu,2,25,11.78,0.05,0.512061
1028,dueling_dqn,1,47.4534,11.34,35204,cpu,12,122,118.01,0.05,1.552855
1029,dueling_dqn,1,47.4785,11.44,35204,cpu,6,46,53.31,0.05,0.945894
1030,dueling_dqn,1,47.546,11.68,35204,cpu,16,125,157.92,0.05,0.906225
1031,dueling_dqn,1,47.6207,12.0,35204,cpu,17,139,167.49,0.05,0.79673
1032,dueling_dqn,1,47.6458,11.86,35204,cpu,3,47,22.87,0.05,0.870108
1033,dueling_dqn,1,47.681,11.76,35204,cpu,10,65,94.06,0.05,0.924279
1034,dueling_dqn,1,47.7112,11.56,35204,cpu,8,56,73.43,0.05,1.249125
1035,dueling_dqn,1,47.7607,11.7,35204,cpu,11,92,106.8,0.05,1.036018
1036,dueling_dqn,1,47.8007,11.6,35204,cpu,9,74,85.56,0.05,1.823466
1037,dueling_dqn,1,47.829,11.7,35204,cpu,6,53,53.54,0.05,1.630773
1038,dueling_dqn,1,47.912,11.84,35204,cpu,17,154,170.04,0.05,1.29839
1039,dueling_dqn,1,47.9377,11.66,35204,cpu,8,47,73.42,0.05,0.746813
1040,dueling_dqn,1,47.9806,11.5,35204,cpu,12,80,115.03,0.05,1.891394
1041,dueling_dqn,1,48.0539,11.44,35204,cpu,17,136,166.62,0.05,1.256016
1042,dueling_dqn,1,48.0828,11.24,35204,cpu,7,54,63.94,0.05,0.980343
1043,dueling_dqn,1,48.1059,11.18,35204,cpu,5,44,43.42,0.05,1.916381
1044,dueling_dqn,1,48.1969,11.24,35204,cpu,17,170,170.88,0.05,0.795342
1045,dueling_dqn,1,48.2431,11.18,35204,cpu,12,86,115.97,0.05,0.900516
1046,dueling_dqn,1,48.2759,11.08,35204,cpu,8,61,74.68,0.05,1.011839
1047,dueling_dqn,1,48.2892,10.74,35204,cpu,3,25,21.69,0.05,2.301267
1048,dueling_dqn,1,48.3276,10.82,35204,cpu,11,71,104.91,0.05,1.116781
1049,dueling_dqn,1,48.4276,10.92,35204,cpu,20,183,200.78,0.05,0.456542
1050,dueling_dqn,1,48.4588,11.06,35204,cpu,10,55,93.56,0.05,0.835425
1051,dueling_dqn,1,48.5145,11.24,35204,cpu,12,99,116.34,0.05,0.797201
1052,dueling_dqn,1,48.554,11.12,35204,cpu,13,72,124.82,0.05,0.888397
1053,dueling_dqn,1,48.6077,11.08,35204,cpu,12,100,117.03,0.05,1.096372
1054,dueling_dqn,1,48.6767,11.06,35204,cpu,18,130,177.99,0.05,1.369242
1055,dueling_dqn,1,48.714,10.98,35204,cpu,12,69,114.44,0.05,0.780109
1056,dueling_dqn,1,48.776,11.02,35204,cpu,13,115,128.09,0.05,1.74953
1057,dueling_dqn,1,48.7953,11.06,35204,cpu,6,36,51.81,0.05,2.001492
1058,dueling_dqn,1,48.8049,10.84,35204,cpu,3,18,20.66,0.05,0.894176
1059,dueling_dqn,1,48.8697,10.9,35204,cpu,14,121,138.34,0.05,0.60061
1060,dueling_dqn,1,48.9029,10.82,35204,cpu,7,62,63.86,0.05,0.699283
1061,dueling_dqn,1,48.9963,11.08,35204,cpu,18,172,178.77,0.05,1.106209
1062,dueling_dqn,1,49.0613,10.96,35204,cpu,16,121,158.16,0.05,1.615717
1063,dueling_dqn,1,49.0861,10.94,35204,cpu,9,46,82.44,0.05,0.822167
1064,dueling_dqn,1,49.1577,10.9,35204,cpu,15,134,148.62,0.05,1.567713
1065,dueling_dqn,1,49.2453,11.1,35204,cpu,18,163,178.16,0.05,0.887067
1066,dueling_dqn,1,49.2599,11.1,35204,cpu,4,27,31.78,0.05,1.083907
1067,dueling_dqn,1,49.3439,11.22,35204,cpu,18,156,180.33,0.05,0.616676
1068,dueling_dqn,1,49.3876,11.42,35204,cpu,14,81,135.14,0.05,1.087448
1069,dueling_dqn,1,49.4216,11.24,35204,cpu,8,63,74.06,0.05,0.849992
1070,dueling_dqn,1,49.4661,11.44,35204,cpu,11,82,106.1,0.05,0.427027
1071,dueling_dqn,1,49.5548,11.56,35204,cpu,20,163,201.38,0.05,0.502378
1072,dueling_dqn,1,49.6346,11.6,35204,cpu,20,147,199.74,0.05,1.468212
1073,dueling_dqn,1,49.6589,11.56,35204,cpu,4,45,33.0,0.05,1.183539
1074,dueling_dqn,1,49.7152,11.54,35204,cpu,11,104,106.48,0.05,0.592741
1075,dueling_dqn,1,49.794,11.4,35204,cpu,16,146,159.81,0.05,0.100914
1076,dueling_dqn,1,49.8537,11.46,35204,cpu,14,110,138.35,0.05,1.727031
1077,dueling_dqn,1,49.9026,11.62,35204,cpu,10,90,96.31,0.05,0.596523
1078,dueling_dqn,1,49.9301,11.48,35204,cpu,5,51,42.85,0.05,1.278282
1079,dueling_dqn,1,50.0247,11.82,35204,cpu,23,173,231.21,0.05,0.910414
1080,dueling_dqn,1,50.1018,11.86,35204,cpu,18,143,179.56,0.05,0.362352
1081,dueling_dqn,1,50.1231,11.64,35204,cpu,6,40,52.17,0.05,1.165963
1082,dueling_dqn,1,50.1776,11.8,35204,cpu,11,101,106.41,0.05,1.056078
1083,dueling_dqn,1,50.273,12.0,35204,cpu,20,176,198.55,0.05,1.234648
1084,dueling_dqn,1,50.3363,12.16,35204,cpu,16,115,155.82,0.05,1.046535
1085,dueling_dqn,1,50.4023,12.26,35204,cpu,16,118,157.69,0.05,1.363492
1086,dueling_dqn,1,50.4534,12.3,35204,cpu,11,91,106.31,0.05,2.055803
1087,dueling_dqn,1,50.4934,12.36,35204,cpu,9,71,85.29,0.05,1.788047
1088,dueling_dqn,1,50.5292,12.18,35204,cpu,8,64,73.75,0.05,1.869797
1089,dueling_dqn,1,50.5432,12.1,35204,cpu,4,25,31.2,0.05,1.667514
1090,dueling_dqn,1,50.5504,11.9,35204,cpu,2,13,10.5,0.05,0.851706
1091,dueling_dqn,1,50.6354,11.94,35204,cpu,19,152,189.68,0.05,1.351465
1092,dueling_dqn,1,50.7251,12.2,35204,cpu,20,159,199.42,0.05,1.838759
1093,dueling_dqn,1,50.7631,12.28,35204,cpu,9,68,84.82,0.05,1.821122
1094,dueling_dqn,1,50.7688,11.96,35204,cpu,1,10,0.72,0.05,2.234344
1095,dueling_dqn,1,50.8093,11.9,35204,cpu,9,72,85.18,0.05,1.279075
1096,dueling_dqn,1,50.8283,11.82,35204,cpu,4,34,32.41,0.05,1.611269
1097,dueling_dqn,1,50.8939,12.06,35204,cpu,15,117,147.69,0.05,0.944763
1098,dueling_dqn,1,50.9572,12.1,35204,cpu,13,113,125.91,0.05,0.795056
1099,dueling_dqn,1,51.0253,12.06,35204,cpu,18,121,178.18,0.05,1.420373
1100,dueling_dqn,1,51.0789,12.12,35204,cpu,13,95,126.89,0.05,1.494589
1101,dueling_dqn,1,51.1365,12.18,35204,cpu,15,103,146.43,0.05,1.530583
1102,dueling_dqn,1,51.147,11.96,35204,cpu,2,19,11.24,0.05,0.567843
1103,dueling_dqn,1,51.2538,12.14,35204,cpu,21,190,210.32,0.05,1.455095
1104,dueling_dqn,1,51.2678,11.86,35204,cpu,4,25,31.4,0.05,1.747136
1105,dueling_dqn,1,51.3516,12.04,35204,cpu,21,151,209.21,0.05,1.3179
1106,dueling_dqn,1,51.4574,12.22,35204,cpu,22,195,222.48,0.05,1.650897
1107,dueling_dqn,1,51.5302,12.4,35204,cpu,15,133,149.13,0.05,1.027772
1108,dueling_dqn,1,51.5633,12.5,35204,cpu,8,61,73.88,0.05,1.180161
1109,dueling_dqn,1,51.6066,12.44,35204,cpu,11,79,105.23,0.05,1.671591
1110,dueling_dqn,1,51.6598,12.58,35204,cpu,14,98,136.07,0.05,0.985514
1111,dueling_dqn,1,51.7153,12.46,35204,cpu,12,103,116.9,0.05,1.921713
1112,dueling_dqn,1,51.8305,12.6,35204,cpu,23,213,231.81,0.05,1.662733
1113,dueling_dqn,1,51.8762,12.64,35204,cpu,11,85,104.97,0.05,1.752769
1114,dueling_dqn,1,51.9384,12.62,35204,cpu,14,115,137.0,0.05,2.049558
1115,dueling_dqn,1,52.0271,12.6,35204,cpu,17,163,171.25,0.05,1.205781
1116,dueling_dqn,1,52.1193,12.9,35204,cpu,19,170,191.9,0.05,1.153629
1117,dueling_dqn,1,52.1443,12.66,35204,cpu,6,45,52.62,0.05,1.500155
1118,dueling_dqn,1,52.1937,12.64,35204,cpu,13,80,124.54,0.05,1.707071
1119,dueling_dqn,1,52.3509,13.06,35204,cpu,29,262,296.68,0.05,0.819661
1120,dueling_dqn,1,52.4471,13.26,35204,cpu,21,161,209.71,0.05,0.430035
1121,dueling_dqn,1,52.5651,13.34,35204,cpu,24,194,241.41,0.05,0.804043
1122,dueling_dqn,1,52.6568,13.32,35204,cpu,19,154,189.26,0.05,0.951473
1123,dueling_dqn,1,52.7048,13.4,35204,cpu,8,81,75.48,0.05,1.438324
1124,dueling_dqn,1,52.7356,13.34,35204,cpu,8,51,73.58,0.05,0.755056
1125,dueling_dqn,1,52.7674,13.16,35204,cpu,7,53,62.85,0.05,1.422023
1126,dueling_dqn,1,52.8864,13.3,35204,cpu,21,201,211.51,0.05,1.782068
1127,dueling_dqn,1,52.9256,13.28,35204,cpu,9,66,84.44,0.05,0.52964
1128,dueling_dqn,1,53.025,13.56,35204,cpu,19,165,189.65,0.05,1.906026
1129,dueling_dqn,1,53.0871,13.34,35204,cpu,12,105,117.28,0.05,0.39018
1130,dueling_dqn,1,53.1554,13.26,35204,cpu,14,115,136.4,0.05,1.137996
1131,dueling_dqn,1,53.2036,13.4,35204,cpu,13,80,125.14,0.05,0.334293
1132,dueling_dqn,1,53.2724,13.5,35204,cpu,16,115,157.42,0.05,1.586602
1133,dueling_dqn,1,53.3404,13.36,35204,cpu,13,113,126.91,0.05,0.800921
1134,dueling_dqn,1,53.4413,13.48,35204,cpu,22,168,220.65,0.05,1.450597
1135,dueling_dqn,1,53.5591,13.52,35204,cpu,18,196,177.13,0.05,0.820431
1136,dueling_dqn,1,53.6314,13.6,35204,cpu,15,122,147.34,0.05,1.245911
1137,dueling_dqn,1,53.7016,13.68,35204,cpu,13,120,127.34,0.05,1.588182
1138,dueling_dqn,1,53.7403,13.7,35204,cpu,9,65,84.15,0.05,1.371654
1139,dueling_dqn,1,53.7716,13.78,35204,cpu,8,53,73.56,0.05,0.370553
1140,dueling_dqn,1,53.8822,14.2,35204,cpu,23,183,229.51,0.05,1.466207
1141,dueling_dqn,1,53.9366,14.02,35204,cpu,10,92,95.89,0.05,0.409858
1142,dueling_dqn,1,53.9465,13.68,35204,cpu,3,17,21.17,0.05,1.927783
1143,dueling_dqn,1,53.9937,13.78,35204,cpu,14,78,134.87,0.05,1.407282
1144,dueling_dqn,1,54.0344,13.96,35204,cpu,10,69,94.62,0.05,0.838209
1145,dueling_dqn,1,54.104,14.1,35204,cpu,16,118,157.69,0.05,1.514919
1146,dueling_dqn,1,54.1755,14.3,35204,cpu,14,125,137.1,0.05,0.958151
1147,dueling_dqn,1,54.3072,14.58,35204,cpu,29,237,296.43,0.05,0.573781
1148,dueling_dqn,1,54.3401,14.48,35204,cpu,8,58,73.81,0.05,0.671029
1149,dueling_dqn,1,54.385,14.32,35204,cpu,10,79,95.52,0.05,1.009787
1150,dueling_dqn,1,54.4265,14.24,35204,cpu,9,73,84.67,0.05,0.674896
1151,dueling_dqn,1,54.514,14.38,35204,cpu,22,155,219.48,0.05,0.803426
1152,dueling_dqn,1,54.6333,14.72,35204,cpu,19,213,189.97,0.05,1.275593
1153,dueling_dqn,1,54.7116,14.64,35204,cpu,17,140,168.58,0.05,0.962649
1154,dueling_dqn,1,54.7735,14.82,35204,cpu,13,111,127.93,0.05,1.452337
1155,dueling_dqn,1,54.8011,14.52,35204,cpu,6,49,53.78,0.05,1.37193
1156,dueling_dqn,1,54.8044,14.1,35204,cpu,1,6,0.36,0.05,1.130783
1157,dueling_dqn,1,54.8678,14.12,35204,cpu,16,113,157.84,0.05,2.225399
1158,dueling_dqn,1,54.8733,13.98,35204,cpu,1,10,0.72,0.05,0.605833
1159,dueling_dqn,1,54.9135,13.96,35204,cpu,10,72,94.89,0.05,1.442092
1160,dueling_dqn,1,54.9581,13.86,35204,cpu,9,79,85.41,0.05,1.678908
1161,dueling_dqn,1,55.0149,13.9,35204,cpu,14,102,137.23,0.05,1.370012
1162,dueling_dqn,1,55.0455,13.54,35204,cpu,5,55,44.21,0.05,1.297005
1163,dueling_dqn,1,55.1117,13.58,35204,cpu,13,118,127.36,0.05,1.606295
1164,dueling_dqn,1,55.2283,13.82,35204,cpu,26,208,263.29,0.05,1.016788
1165,dueling_dqn,1,55.3421,13.9,35204,cpu,21,205,210.87,0.05,1.769377
1166,dueling_dqn,1,55.363,13.62,35204,cpu,5,39,42.17,0.05,0.648235
1167,dueling_dqn,1,55.4297,13.82,35204,cpu,16,124,158.03,0.05,0.600056
1168,dueling_dqn,1,55.5023,13.92,35204,cpu,18,133,178.26,0.05,0.664669
1169,dueling_dqn,1,55.5674,13.66,35204,cpu,16,121,157.76,0.05,1.486881
1170,dueling_dqn,1,55.6779,13.7,35204,cpu,23,207,232.47,0.05,1.570186
1171,dueling_dqn,1,55.6828,13.24,35204,cpu,1,9,0.63,0.05,1.88359
1172,dueling_dqn,1,55.6995,12.92,35204,cpu,3,31,21.83,0.05,0.946552
1173,dueling_dqn,1,55.7199,12.84,35204,cpu,4,38,31.37,0.05,0.681476
1174,dueling_dqn,1,55.7854,13.02,35204,cpu,17,121,167.67,0.05,1.214673
1175,dueling_dqn,1,55.7897,12.88,35204,cpu,0,8,-9.37,0.05,1.003362
1176,dueling_dqn,1,55.8299,12.66,35204,cpu,10,75,95.16,0.05,0.910039
1177,dueling_dqn,1,55.8853,12.76,35204,cpu,14,103,136.92,0.05,0.825943
1178,dueling_dqn,1,55.9288,12.58,35204,cpu,10,81,94.1,0.05,1.174188
1179,dueling_dqn,1,56.0028,12.68,35204,cpu,17,136,168.62,0.05,1.774431
1180,dueling_dqn,1,56.0473,12.64,35204,cpu,12,83,114.1,0.05,0.644619
1181,dueling_dqn,1,56.0889,12.56,35204,cpu,9,77,85.63,0.05,1.30377
1182,dueling_dqn,1,56.1466,12.58,35204,cpu,17,108,167.5,0.05,0.448912
1183,dueling_dqn,1,56.2102,12.66,35204,cpu,17,118,168.0,0.05,1.570196
1184,dueling_dqn,1,56.2301,12.36,35204,cpu,7,37,61.81,0.05,0.421715
1185,dueling_dqn,1,56.2339,12.0,35204,cpu,0,7,-9.46,0.05,1.689427
1186,dueling_dqn,1,56.2743,11.84,35204,cpu,7,75,63.63,0.05,1.256532
1187,dueling_dqn,1,56.3454,11.94,35204,cpu,18,132,178.57,0.05,0.779985
1188,dueling_dqn,1,56.4093,12.02,35204,cpu,13,119,127.85,0.05,0.907865
1189,dueling_dqn,1,56.4378,12.0,35204,cpu,7,53,63.45,0.05,2.476005
1190,dueling_dqn,1,56.5361,12.0,35204,cpu,23,181,233.13,0.05,1.02337
1191,dueling_dqn,1,56.6304,12.2,35204,cpu,20,175,201.06,0.05,1.430669
1192,dueling_dqn,1,56.7253,12.52,35204,cpu,19,177,189.73,0.05,0.432278
1193,dueling_dqn,1,56.8145,12.64,35204,cpu,20,167,199.74,0.05,1.033485
1194,dueling_dqn,1,56.8986,12.84,35204,cpu,20,156,199.55,0.05,0.862443
1195,dueling_dqn,1,56.9591,12.76,35204,cpu,12,113,116.8,0.05,0.876021
1196,dueling_dqn,1,57.0142,12.74,35204,cpu,13,102,126.52,0.05,1.440746
1197,dueling_dqn,1,57.0826,12.44,35204,cpu,14,127,138.48,0.05,1.521886
1198,dueling_dqn,1,57.1294,12.52,35204,cpu,12,87,115.46,0.05,0.65886
1199,dueling_dqn,1,57.1827,12.62,35204,cpu,15,100,147.16,0.05,0.802018
1200,dueling_dqn,1,57.2309,12.72,35204,cpu,14,90,135.55,0.05,0.891233
1201,dueling_dqn,1,57.2988,12.66,35204,cpu,19,126,187.94,0.05,1.696337
1202,dueling_dqn,1,57.356,12.56,35204,cpu,14,106,137.19,0.05,1.205603
1203,dueling_dqn,1,57.4222,12.56,35204,cpu,17,123,168.05,0.05,2.286946
1204,dueling_dqn,1,57.4735,12.54,35204,cpu,12,95,115.58,0.05,0.67858
1205,dueling_dqn,1,57.5407,12.72,35204,cpu,15,124,148.72,0.05,1.197152
1206,dueling_dqn,1,57.5862,12.94,35204,cpu,12,85,115.48,0.05,1.463178
1207,dueling_dqn,1,57.6932,12.96,35204,cpu,17,201,169.07,0.05,1.42303
1208,dueling_dqn,1,57.7489,13.22,35204,cpu,14,102,136.43,0.05,0.373363
1209,dueling_dqn,1,57.8147,13.28,35204,cpu,13,124,127.1,0.05,1.350543
1210,dueling_dqn,1,57.871,13.38,35204,cpu,14,105,135.9,0.05,1.410362
1211,dueling_dqn,1,57.9238,13.36,35204,cpu,13,99,127.45,0.05,1.873453
1212,dueling_dqn,1,58.0097,13.6,35204,cpu,17,159,169.89,0.05,1.676199
1213,dueling_dqn,1,58.0248,13.38,35204,cpu,2,28,10.85,0.05,1.384201
1214,dueling_dqn,1,58.1171,13.26,35204,cpu,20,172,200.19,0.05,1.229742
1215,dueling_dqn,1,58.2002,13.2,35204,cpu,18,155,178.64,0.05,1.153745
1216,dueling_dqn,1,58.205,13.1,35204,cpu,0,9,-9.28,0.05,1.744844
1217,dueling_dqn,1,58.2514,12.96,35204,cpu,9,86,85.04,0.05,1.75914
1218,dueling_dqn,1,58.2848,12.74,35204,cpu,7,62,64.66,0.05,0.559898
1219,dueling_dqn,1,58.3199,12.58,35204,cpu,8,63,74.26,0.05,1.63781
1220,dueling_dqn,1,58.3486,12.32,35204,cpu,10,51,92.8,0.05,1.698179
1221,dueling_dqn,1,58.363,12.38,35204,cpu,4,26,31.49,0.05,0.488372
1222,dueling_dqn,1,58.4101,12.58,35204,cpu,13,84,124.9,0.05,1.15041
1223,dueling_dqn,1,58.4342,12.6,35204,cpu,5,43,43.33,0.05,1.848359
1224,dueling_dqn,1,58.4421,12.28,35204,cpu,1,14,0.88,0.05,0.653744
1225,dueling_dqn,1,58.451,12.3,35204,cpu,1,16,1.06,0.05,1.968659
1226,dueling_dqn,1,58.4979,12.38,35204,cpu,14,84,136.21,0.05,1.697462
1227,dueling_dqn,1,58.5469,12.3,35204,cpu,10,87,96.64,0.05,1.006126
1228,dueling_dqn,1,58.5897,12.32,35204,cpu,11,76,105.56,0.05,0.384429
1229,dueling_dqn,1,58.6207,12.1,35204,cpu,6,56,52.61,0.05,0.440892
1230,dueling_dqn,1,58.6559,12.02,35204,cpu,8,63,74.66,0.05,0.866324
1231,dueling_dqn,1,58.6788,11.94,35204,cpu,5,41,43.15,0.05,2.086694
1232,dueling_dqn,1,58.7164,11.82,35204,cpu,11,67,104.15,0.05,0.51823
1233,dueling_dqn,1,58.7582,11.64,35204,cpu,8,75,74.74,0.05,1.261883
1234,dueling_dqn,1,58.7911,11.66,35204,cpu,8,59,73.9,0.05,0.886043
1235,dueling_dqn,1,58.8458,11.92,35204,cpu,13,98,126.76,0.05,0.699306
1236,dueling_dqn,1,58.9136,12.06,35204,cpu,14,122,137.63,0.05,1.480772
1237,dueling_dqn,1,58.961,11.9,35204,cpu,10,85,95.66,0.05,0.652995
1238,dueling_dqn,1,59.0307,11.96,35204,cpu,16,125,158.72,0.05,1.415976
1239,dueling_dqn,1,59.1408,12.26,35204,cpu,22,196,220.17,0.05,0.817428
1240,dueling_dqn,1,59.1837,11.98,35204,cpu,9,77,84.63,0.05,1.343276
1241,dueling_dqn,1,59.2917,12.06,35204,cpu,24,193,242.12,0.05,0.693874
1242,dueling_dqn,1,59.4303,12.22,35204,cpu,27,254,272.54,0.05,2.106302
1243,dueling_dqn,1,59.5086,12.12,35204,cpu,15,144,149.52,0.05,0.920753
1244,dueling_dqn,1,59.5468,11.86,35204,cpu,7,71,65.47,0.05,1.104217
1245,dueling_dqn,1,59.6339,12.0,35204,cpu,19,162,190.98,0.05,0.552248
1246,dueling_dqn,1,59.7206,12.08,35204,cpu,17,162,170.76,0.05,0.645388
1247,dueling_dqn,1,59.7593,11.96,35204,cpu,8,72,74.67,0.05,1.577086
1248,dueling_dqn,1,59.7789,11.82,35204,cpu,5,37,42.59,0.05,1.004676
1249,dueling_dqn,1,59.7838,11.54,35204,cpu,1,9,0.63,0.05,1.285426
1250,dueling_dqn,1,59.8386,11.56,35204,cpu,15,102,146.94,0.05,1.640962
1251,dueling_dqn,1,59.9565,11.62,35204,cpu,22,219,222.84,0.05,2.069595
1252,dueling_dqn,1,60.0215,11.6,35204,cpu,13,120,127.34,0.05,1.642527
1253,dueling_dqn,1,60.098,11.6,35204,cpu,17,143,170.45,0.05,1.416681
1254,dueling_dqn,1,60.1615,11.64,35204,cpu,14,118,137.07,0.05,2.100579
1255,dueling_dqn,1,60.2141,11.56,35204,cpu,11,98,103.94,0.05,0.578998
1256,dueling_dqn,1,60.3309,11.86,35204,cpu,27,217,273.61,0.05,1.80447
1257,dueling_dqn,1,60.3957,11.88,35204,cpu,18,120,177.69,0.05,0.873042
1258,dueling_dqn,1,60.4162,11.72,35204,cpu,6,38,52.39,0.05,1.367449
1259,dueling_dqn,1,60.4555,11.64,35204,cpu,9,73,85.67,0.05,1.481589
1260,dueling_dqn,1,60.5183,11.64,35204,cpu,14,115,138.0,0.05,1.12314
1261,dueling_dqn,1,60.5875,11.74,35204,cpu,18,129,178.9,0.05,2.063458
1262,dueling_dqn,1,60.6542,11.72,35204,cpu,16,125,158.92,0.05,0.770137
1263,dueling_dqn,1,60.6694,11.8,35204,cpu,6,28,51.29,0.05,0.876142
1264,dueling_dqn,1,60.7036,11.6,35204,cpu,10,64,94.17,0.05,1.997521
1265,dueling_dqn,1,60.7096,11.28,35204,cpu,2,11,10.72,0.05,1.51807
1266,dueling_dqn,1,60.7721,11.6,35204,cpu,16,116,157.51,0.05,0.658362
1267,dueling_dqn,1,60.7785,11.46,35204,cpu,2,12,10.81,0.05,0.328703
1268,dueling_dqn,1,60.8036,11.46,35204,cpu,7,47,63.51,0.05,0.978416
1269,dueling_dqn,1,60.8707,11.6,35204,cpu,15,125,149.01,0.05,0.858533
1270,dueling_dqn,1,60.9099,11.58,35204,cpu,9,73,85.67,0.05,0.696561
1271,dueling_dqn,1,60.9668,11.78,35204,cpu,14,105,137.7,0.05,0.86182
1272,dueling_dqn,1,61.0595,11.9,35204,cpu,19,171,190.99,0.05,0.807187
1273,dueling_dqn,1,61.15,12.22,35204,cpu,21,169,209.63,0.05,0.941436
1274,dueling_dqn,1,61.2141,12.5,35204,cpu,15,120,147.56,0.05,0.234838
1275,dueling_dqn,1,61.2602,12.68,35204,cpu,10,86,96.55,0.05,0.851952
1276,dueling_dqn,1,61.2757,12.48,35204,cpu,4,29,31.56,0.05,1.767417
1277,dueling_dqn,1,61.3071,12.44,35204,cpu,8,59,73.5,0.05,0.300211
1278,dueling_dqn,1,61.384,12.6,35204,cpu,19,143,187.27,0.05,1.243153
1279,dueling_dqn,1,61.4129,12.62,35204,cpu,7,54,63.34,0.05,1.745913
1280,dueling_dqn,1,61.4366,12.62,35204,cpu,8,44,72.75,0.05,1.248414
1281,dueling_dqn,1,61.4729,12.7,35204,cpu,9,67,84.53,0.05,1.045818
1282,dueling_dqn,1,61.5241,12.72,35204,cpu,12,94,116.29,0.05,0.58418
1283,dueling_dqn,1,61.5668,12.76,35204,cpu,10,80,96.01,0.05,0.615364
1284,dueling_dqn,1,61.6233,12.92,35204,cpu,16,105,157.12,0.05,0.579081
1285,dueling_dqn,1,61.6707,12.94,35204,cpu,14,89,135.46,0.05,1.296205
1286,dueling_dqn,1,61.7025,12.88,35204,cpu,11,59,103.43,0.05,1.024822
1287,dueling_dqn,1,61.7332,12.76,35204,cpu,4,57,33.08,0.05,1.060212
1288,dueling_dqn,1,61.7608,12.62,35204,cpu,9,52,82.98,0.05,1.215961
1289,dueling_dqn,1,61.7698,12.22,35204,cpu,2,17,10.86,0.05,1.20807
1290,dueling_dqn,1,61.8138,12.26,35204,cpu,11,82,104.9,0.05,1.337959
1291,dueling_dqn,1,61.9012,12.1,35204,cpu,16,163,160.34,0.05,0.605441
1292,dueling_dqn,1,61.9433,11.76,35204,cpu,10,78,94.83,0.05,1.306557
1293,dueling_dqn,1,61.9499,11.5,35204,cpu,2,12,10.81,0.05,1.055849
1294,dueling_dqn,1,61.9887,11.54,35204,cpu,9,71,85.49,0.05,1.432493
1295,dueling_dqn,1,61.997,11.16,35204,cpu,0,15,-9.74,0.05,1.405693
1296,dueling_dqn,1,62.0114,10.94,35204,cpu,6,27,51.6,0.05,1.197645
1297,dueling_dqn,1,62.0332,10.88,35204,cpu,5,41,43.15,0.05,1.01144
1298,dueling_dqn,1,62.131,11.24,35204,cpu,23,181,233.13,0.05,0.719224
1299,dueling_dqn,1,62.1688,11.42,35204,cpu,10,70,94.31,0.05,1.561242
1300,dueling_dqn,1,62.1942,11.22,35204,cpu,5,48,43.18,0.05,1.061399
1301,dueling_dqn,1,62.263,11.1,35204,cpu,16,127,157.5,0.05,0.852566
1302,dueling_dqn,1,62.3232,11.16,35204,cpu,16,110,158.17,0.05,0.972727
1303,dueling_dqn,1,62.419,11.26,35204,cpu,22,171,221.52,0.05,1.516872
1304,dueling_dqn,1,62.4716,11.2,35204,cpu,11,94,107.38,0.05,1.33901
1305,dueling_dqn,1,62.4757,11.0,35204,cpu,1,7,0.45,0.05,1.408791
1306,dueling_dqn,1,62.5021,10.54,35204,cpu,4,47,32.38,0.05,0.977323
1307,dueling_dqn,1,62.5409,10.36,35204,cpu,9,70,84.6,0.05,0.75511
1308,dueling_dqn,1,62.5913,10.5,35204,cpu,13,90,126.44,0.05,1.376631
1309,dueling_dqn,1,62.6967,10.82,35204,cpu,25,188,251.98,0.05,1.312704
1310,dueling_dqn,1,62.727,10.7,35204,cpu,8,54,74.05,0.05,1.450582
1311,dueling_dqn,1,62.7876,10.62,35204,cpu,14,109,135.46,0.05,1.267948
1312,dueling_dqn,1,62.85,10.6,35204,cpu,15,111,146.95,0.05,0.38076
1313,dueling_dqn,1,62.8779,10.62,35204,cpu,7,50,63.58,0.05,1.411694
1314,dueling_dqn,1,62.932,10.62,35204,cpu,10,97,96.34,0.05,2.036115
1315,dueling_dqn,1,62.9713,10.78,35204,cpu,10,70,94.91,0.05,1.602158
1316,dueling_dqn,1,63.0206,10.68,35204,cpu,11,88,106.64,0.05,0.59411
1317,dueling_dqn,1,63.0807,10.94,35204,cpu,15,108,147.68,0.05,1.05931
1318,dueling_dqn,1,63.1401,11.02,35204,cpu,11,106,107.66,0.05,0.799799
1319,dueling_dqn,1,63.2058,11.0,35204,cpu,14,118,137.87,0.05,1.434848
1320,dueling_dqn,1,63.2744,11.06,35204,cpu,12,123,117.3,0.05,2.126524
1321,dueling_dqn,1,63.3045,10.96,35204,cpu,9,54,83.16,0.05,1.09995
1322,dueling_dqn,1,63.3417,10.7,35204,cpu,6,68,54.09,0.05,1.826489
1323,dueling_dqn,1,63.3749,10.4,35204,cpu,6,62,54.55,0.05,1.436533
1324,dueling_dqn,1,63.396,10.22,35204,cpu,6,39,52.48,0.05,1.138885
1325,dueling_dqn,1,63.4176,10.12,35204,cpu,5,40,43.06,0.05,1.487562
1326,dueling_dqn,1,63.4674,10.3,35204,cpu,13,92,125.82,0.05,0.695766
1327,dueling_dqn,1,63.513,10.36,35204,cpu,11,84,105.48,0.05,1.263569
1328,dueling_dqn,1,63.5612,10.2,35204,cpu,11,89,106.93,0.05,0.827787
1329,dueling_dqn,1,63.6298,10.32,35204,cpu,13,128,129.86,0.05,0.464781
1330,dueling_dqn,1,63.7041,10.52,35204,cpu,18,138,179.11,0.05,1.304011
1331,dueling_dqn,1,63.7495,10.56,35204,cpu,11,84,105.88,0.05,0.759359
1332,dueling_dqn,1,63.812,10.62,35204,cpu,15,117,148.29,0.05,0.982015
1333,dueling_dqn,1,63.881,10.68,35204,cpu,13,129,129.35,0.05,1.223867
1334,dueling_dqn,1,63.9195,10.52,35204,cpu,8,71,75.18,0.05,1.773596
1335,dueling_dqn,1,63.9531,10.42,35204,cpu,9,63,84.57,0.05,0.447896
1336,dueling_dqn,1,64.0007,10.44,35204,cpu,12,87,116.66,0.05,1.081095
1337,dueling_dqn,1,64.0388,10.56,35204,cpu,10,71,94.0,0.05,0.904822
1338,dueling_dqn,1,64.1291,10.78,35204,cpu,20,168,198.63,0.05,0.717363
1339,dueling_dqn,1,64.1932,11.0,35204,cpu,13,120,128.54,0.05,1.640805
1340,dueling_dqn,1,64.2115,10.84,35204,cpu,3,34,21.9,0.05,0.299035
1341,dueling_dqn,1,64.26,10.76,35204,cpu,12,90,116.53,0.05,0.292132
1342,dueling_dqn,1,64.2755,10.62,35204,cpu,3,29,22.25,0.05,1.339388
1343,dueling_dqn,1,64.3099,10.74,35204,cpu,8,64,74.95,0.05,0.291225
1344,dueling_dqn,1,64.3468,10.76,35204,cpu,10,68,93.73,0.05,1.35225
1345,dueling_dqn,1,64.3785,10.94,35204,cpu,9,59,84.01,0.05,0.87026
1346,dueling_dqn,1,64.4031,10.92,35204,cpu,5,46,43.2,0.05,1.345354
1347,dueling_dqn,1,64.4069,10.84,35204,cpu,1,7,0.45,0.05,2.274832
1348,dueling_dqn,1,64.527,10.86,35204,cpu,24,221,244.84,0.05,0.907
1349,dueling_dqn,1,64.5616,10.88,35204,cpu,11,64,104.48,0.05,1.029375
1350,dueling_dqn,1,64.6341,11.14,35204,cpu,18,134,178.75,0.05,1.065834
1351,dueling_dqn,1,64.7009,11.12,35204,cpu,15,125,148.41,0.05,1.009139
1352,dueling_dqn,1,64.7505,11.02,35204,cpu,11,92,106.6,0.05,0.675139
1353,dueling_dqn,1,64.7591,10.62,35204,cpu,2,16,11.17,0.05,1.833699
1354,dueling_dqn,1,64.8507,10.7,35204,cpu,15,171,148.75,0.05,1.551526
1355,dueling_dqn,1,64.8776,10.82,35204,cpu,7,50,63.18,0.05,0.698962
1356,dueling_dqn,1,64.9395,11.02,35204,cpu,14,115,137.0,0.05,1.313959
1357,dueling_dqn,1,64.982,11.04,35204,cpu,10,79,95.52,0.05,0.647906
1358,dueling_dqn,1,65.0379,11.06,35204,cpu,14,104,136.81,0.05,1.539236
1359,dueling_dqn,1,65.0422,10.58,35204,cpu,1,8,0.54,0.05,2.497696
1360,dueling_dqn,1,65.0857,10.66,35204,cpu,12,82,115.41,0.05,1.388971
1361,dueling_dqn,1,65.1078,10.54,35204,cpu,8,41,72.48,0.05,1.076512
1362,dueling_dqn,1,65.1879,10.68,35204,cpu,22,149,218.74,0.05,0.823455
1363,dueling_dqn,1,65.2085,10.62,35204,cpu,4,38,32.37,0.05,1.335208
1364,dueling_dqn,1,65.273,10.68,35204,cpu,13,120,128.94,0.05,1.361349
1365,dueling_dqn,1,65.2939,10.56,35204,cpu,4,39,30.86,0.05,1.623966
1366,dueling_dqn,1,65.3286,10.52,35204,cpu,9,65,84.55,0.05,0.817137
1367,dueling_dqn,1,65.3839,10.5,35204,cpu,14,103,136.12,0.05,1.025657
1368,dueling_dqn,1,65.4384,10.5,35204,cpu,11,101,107.81,0.05,1.712014
1369,dueling_dqn,1,65.4588,10.32,35204,cpu,5,38,42.48,0.05,0.907454
1370,dueling_dqn,1,65.4805,10.16,35204,cpu,4,40,32.95,0.05,0.896972
1371,dueling_dqn,1,65.5067,10.14,35204,cpu,8,48,71.71,0.05,0.843013
1372,dueling_dqn,1,65.5879,10.38,35204,cpu,18,151,178.48,0.05,0.658939
1373,dueling_dqn,1,65.6226,10.42,35204,cpu,8,65,74.24,0.05,1.20868
1374,dueling_dqn,1,65.6884,10.62,35204,cpu,16,124,157.63,0.05,0.730759
1375,dueling_dqn,1,65.738,10.74,35204,cpu,11,93,105.49,0.05,0.445178
1376,dueling_dqn,1,65.8143,10.8,35204,cpu,16,143,159.74,0.05,0.889002
1377,dueling_dqn,1,65.9227,11.02,35204,cpu,22,201,220.62,0.05,1.311549
1378,dueling_dqn,1,66.0198,11.34,35204,cpu,27,179,271.19,0.05,1.331163
1379,dueling_dqn,1,66.0294,11.14,35204,cpu,3,18,21.06,0.05,0.567654
1380,dueling_dqn,1,66.0719,11.0,35204,cpu,11,79,105.23,0.05,0.388079
1381,dueling_dqn,1,66.1041,10.92,35204,cpu,7,60,63.68,0.05,1.017497
1382,dueling_dqn,1,66.1451,10.78,35204,cpu,8,77,75.72,0.05,0.301651
1383,dueling_dqn,1,66.1647,10.6,35204,cpu,4,37,32.48,0.05,1.061069
1384,dueling_dqn,1,66.2096,10.66,35204,cpu,11,84,105.68,0.05,1.242515
1385,dueling_dqn,1,66.2354,10.64,35204,cpu,8,48,72.91,0.05,0.406839
1386,dueling_dqn,1,66.294,10.68,35204,cpu,14,109,137.66,0.05,1.164534
1387,dueling_dqn,1,66.3341,10.68,35204,cpu,10,72,94.69,0.05,0.717002
1388,dueling_dqn,1,66.4024,10.64,35204,cpu,18,122,177.47,0.05,1.00492
1389,dueling_dqn,1,66.4584,10.7,35204,cpu,16,100,157.07,0.05,1.257173
1390,dueling_dqn,1,66.4977,10.84,35204,cpu,10,70,94.71,0.05,1.334412
1391,dueling_dqn,1,66.5685,10.94,35204,cpu,17,126,167.52,0.05,0.469209
1392,dueling_dqn,1,66.6167,11.08,35204,cpu,10,86,96.55,0.05,0.876961
1393,dueling_dqn,1,66.7041,11.32,35204,cpu,20,156,201.15,0.05,1.12311
1394,dueling_dqn,1,66.7828,11.54,35204,cpu,21,140,209.42,0.05,0.654954
1395,dueling_dqn,1,66.8465,11.64,35204,cpu,14,115,137.6,0.05,1.22621
1396,dueling_dqn,1,66.8848,11.74,35204,cpu,10,68,94.53,0.05,1.447278
1397,dueling_dqn,1,66.9218,11.96,35204,cpu,12,66,113.57,0.05,0.550777
1398,dueling_dqn,1,66.963,11.68,35204,cpu,10,73,95.18,0.05,1.117742
1399,dueling_dqn,1,66.9682,11.46,35204,cpu,0,9,-9.28,0.05,0.779261
1400,dueling_dqn,1,67.0254,11.32,35204,cpu,11,103,104.99,0.05,1.814204
1401,dueling_dqn,1,67.089,11.32,35204,cpu,15,113,147.53,0.05,0.855759
1402,dueling_dqn,1,67.1639,11.5,35204,cpu,20,134,198.57,0.05,0.829266
1403,dueling_dqn,1,67.1941,11.6,35204,cpu,7,54,62.74,0.05,1.61165
1404,dueling_dqn,1,67.2621,11.62,35204,cpu,16,122,157.65,0.05,0.60951
1405,dueling_dqn,1,67.3475,11.9,35204,cpu,21,154,209.28,0.05,1.116692
1406,dueling_dqn,1,67.4128,11.92,35204,cpu,15,121,148.45,0.05,0.601719
1407,dueling_dqn,1,67.4481,11.9,35204,cpu,9,65,84.35,0.05,0.891669
1408,dueling_dqn,1,67.4552,11.64,35204,cpu,1,13,0.39,0.05,0.925379
1409,dueling_dqn,1,67.4763,11.7,35204,cpu,4,39,33.06,0.05,0.854359
1410,dueling_dqn,1,67.504,11.6,35204,cpu,7,51,63.07,0.05,0.575087
1411,dueling_dqn,1,67.5467,11.66,35204,cpu,11,80,105.32,0.05,1.486271
1412,dueling_dqn,1,67.6168,11.5,35204,cpu,14,131,136.84,0.05,0.588116
1413,dueling_dqn,1,67.6917,11.74,35204,cpu,16,139,158.98,0.05,1.196331
1414,dueling_dqn,1,67.7625,11.84,35204,cpu,18,130,177.19,0.05,1.330899
1415,dueling_dqn,1,67.8275,12.06,35204,cpu,15,120,147.16,0.05,1.884896
1416,dueling_dqn,1,67.8995,12.24,35204,cpu,18,135,178.24,0.05,0.827284
1417,dueling_dqn,1,67.9644,12.26,35204,cpu,15,121,147.85,0.05,1.112056
1418,dueling_dqn,1,68.0653,12.42,35204,cpu,19,186,191.14,0.05,0.827256
1419,dueling_dqn,1,68.0882,12.4,35204,cpu,4,43,33.22,0.05,1.660289
1420,dueling_dqn,1,68.1548,12.66,35204,cpu,17,125,166.83,0.05,1.147586
1421,dueling_dqn,1,68.1608,12.54,35204,cpu,2,11,10.72,0.05,1.61955
1422,dueling_dqn,1,68.1912,12.3,35204,cpu,6,57,54.1,0.05,1.889448
1423,dueling_dqn,1,68.1995,12.16,35204,cpu,1,15,0.77,0.05,1.744235
1424,dueling_dqn,1,68.2688,12.18,35204,cpu,17,129,167.59,0.05,1.354054
1425,dueling_dqn,1,68.3258,12.24,35204,cpu,14,106,137.39,0.05,0.592447
1426,dueling_dqn,1,68.3767,12.16,35204,cpu,12,94,117.29,0.05,0.419609
1427,dueling_dqn,1,68.4163,11.94,35204,cpu,11,73,104.69,0.05,1.470137
1428,dueling_dqn,1,68.4606,11.64,35204,cpu,12,82,115.41,0.05,1.261781
1429,dueling_dqn,1,68.504,11.78,35204,cpu,10,80,95.01,0.05,0.867832
1430,dueling_dqn,1,68.5601,11.88,35204,cpu,16,103,157.54,0.05,0.756279
1431,dueling_dqn,1,68.565,11.76,35204,cpu,1,9,0.63,0.05,1.200495
1432,dueling_dqn,1,68.5915,11.8,35204,cpu,10,49,93.42,0.05,1.219844
1433,dueling_dqn,1,68.6456,12.0,35204,cpu,14,101,136.94,0.05,0.655466
1434,dueling_dqn,1,68.7078,12.04,35204,cpu,13,116,126.98,0.05,0.433159
1435,dueling_dqn,1,68.7717,12.18,35204,cpu,15,118,148.38,0.05,1.027932
1436,dueling_dqn,1,68.8177,12.12,35204,cpu,11,85,105.97,0.05,0.75302
1437,dueling_dqn,1,68.8285,11.98,35204,cpu,3,20,21.44,0.05,0.877525
1438,dueling_dqn,1,68.9356,12.1,35204,cpu,24,199,242.26,0.05,1.575356
1439,dueling_dqn,1,69.0459,12.22,35204,cpu,22,203,221.8,0.05,1.651765
1440,dueling_dqn,1,69.0901,12.22,35204,cpu,10,82,94.99,0.05,0.774955
1441,dueling_dqn,1,69.1228,12.06,35204,cpu,9,61,83.79,0.05,0.471216
1442,dueling_dqn,1,69.1687,12.08,35204,cpu,11,85,105.97,0.05,1.140568
1443,dueling_dqn,1,69.1761,11.7,35204,cpu,1,14,1.08,0.05,1.196746
1444,dueling_dqn,1,69.239,11.62,35204,cpu,17,117,168.51,0.05,1.267489
1445,dueling_dqn,1,69.2574,11.46,35204,cpu,6,34,52.23,0.05,0.797925
1446,dueling_dqn,1,69.3008,11.42,35204,cpu,8,81,76.08,0.05,0.979672
1447,dueling_dqn,1,69.3304,11.34,35204,cpu,8,55,73.94,0.05,0.702058
1448,dueling_dqn,1,69.3828,11.38,35204,cpu,12,96,114.27,0.05,0.885457
1449,dueling_dqn,1,69.4377,11.64,35204,cpu,13,102,127.52,0.05,1.604189
1450,dueling_dqn,1,69.4927,11.68,35204,cpu,13,101,127.83,0.05,1.260291
1451,dueling_dqn,1,69.5003,11.4,35204,cpu,1,14,0.68,0.05,1.191112
1452,dueling_dqn,1,69.5396,11.2,35204,cpu,10,73,94.78,0.05,0.916413
1453,dueling_dqn,1,69.601,11.34,35204,cpu,14,114,137.91,0.05,1.270421
1454,dueling_dqn,1,69.6252,11.12,35204,cpu,5,45,41.31,0.05,1.250389
1455,dueling_dqn,1,69.6339,10.76,35204,cpu,3,16,20.68,0.05,0.819793
1456,dueling_dqn,1,69.7016,10.8,35204,cpu,17,125,168.43,0.05,0.834686
1457,dueling_dqn,1,69.7802,10.98,35204,cpu,18,146,179.23,0.05,0.400512
1458,dueling_dqn,1,69.8139,11.1,35204,cpu,7,63,64.15,0.05,1.302258
1459,dueling_dqn,1,69.8795,11.34,35204,cpu,16,122,158.45,0.05,1.508933
1460,dueling_dqn,1,69.9133,11.42,35204,cpu,11,63,104.39,0.05,1.162156
1461,dueling_dqn,1,69.9678,11.48,35204,cpu,14,101,137.34,0.05,1.476533
1462,dueling_dqn,1,69.9728,11.24,35204,cpu,2,9,10.54,0.05,1.538537
1463,dueling_dqn,1,70.0266,11.18,35204,cpu,13,99,126.05,0.05,1.24123
1464,dueling_dqn,1,70.032,10.84,35204,cpu,1,10,0.72,0.05,0.975634
1465,dueling_dqn,1,70.0999,10.84,35204,cpu,15,126,146.9,0.05,1.150794
1466,dueling_dqn,1,70.14,10.66,35204,cpu,9,75,84.65,0.05,0.779186
1467,dueling_dqn,1,70.1476,10.44,35204,cpu,4,14,30.81,0.05,1.070202
1468,dueling_dqn,1,70.2098,10.32,35204,cpu,13,115,127.29,0.05,0.939008
1469,dueling_dqn,1,70.2674,10.52,35204,cpu,14,107,137.48,0.05,1.298382
1470,dueling_dqn,1,70.3744,10.66,35204,cpu,24,194,242.61,0.05,1.178088
1471,dueling_dqn,1,70.4179,10.84,35204,cpu,11,78,105.34,0.05,1.279961
1472,dueling_dqn,1,70.4417,10.82,35204,cpu,5,42,42.84,0.05,1.3039
1473,dueling_dqn,1,70.5712,11.28,35204,cpu,24,232,246.23,0.05,0.958329
1474,dueling_dqn,1,70.6022,11.08,35204,cpu,7,56,63.72,0.05,0.908329
1475,dueling_dqn,1,70.6071,10.82,35204,cpu,1,9,0.63,0.05,1.784122
1476,dueling_dqn,1,70.6407,10.72,35204,cpu,7,60,63.68,0.05,1.180892
1477,dueling_dqn,1,70.7218,10.84,35204,cpu,17,145,169.43,0.05,1.609882
1478,dueling_dqn,1,70.7985,10.96,35204,cpu,18,137,178.42,0.05,1.760553
1479,dueling_dqn,1,70.8858,11.1,35204,cpu,17,157,168.51,0.05,0.809222
1480,dueling_dqn,1,70.8915,10.78,35204,cpu,0,10,-9.39,0.05,1.082698
1481,dueling_dqn,1,70.964,11.08,35204,cpu,16,131,156.86,0.05,1.54012
1482,dueling_dqn,1,70.9965,11.02,35204,cpu,7,58,64.3,0.05,0.519703
1483,dueling_dqn,1,71.0706,11.04,35204,cpu,15,133,149.33,0.05,0.957884
1484,dueling_dqn,1,71.1759,11.14,35204,cpu,18,188,181.81,0.05,0.667632
1485,dueling_dqn,1,71.2494,11.14,35204,cpu,15,132,148.04,0.05,0.919106
1486,dueling_dqn,1,71.3412,11.32,35204,cpu,20,165,201.96,0.05,1.317508
1487,dueling_dqn,1,71.4201,11.58,35204,cpu,16,146,158.81,0.05,0.890399
1488,dueling_dqn,1,71.4531,11.28,35204,cpu,9,61,83.79,0.05,1.062152
1489,dueling_dqn,1,71.5449,11.24,35204,cpu,20,169,200.12,0.05,1.976573
1490,dueling_dqn,1,71.5662,11.1,35204,cpu,3,40,23.04,0.05,1.751287
1491,dueling_dqn,1,71.6246,11.24,35204,cpu,16,109,156.68,0.05,1.6293
1492,dueling_dqn,1,71.686,11.28,35204,cpu,13,115,126.09,0.05,0.689807
1493,dueling_dqn,1,71.7191,11.4,35204,cpu,7,61,64.77,0.05,0.669743
1494,dueling_dqn,1,71.7339,11.18,35204,cpu,6,27,51.8,0.05,1.756681
1495,dueling_dqn,1,71.7583,11.18,35204,cpu,6,45,52.82,0.05,1.027252
1496,dueling_dqn,1,71.7814,11.14,35204,cpu,6,43,53.24,0.05,0.847121
1497,dueling_dqn,1,71.846,11.26,35204,cpu,14,119,138.96,0.05,1.908816
1498,dueling_dqn,1,71.8718,11.16,35204,cpu,7,48,63.2,0.05,2.000344
1499,dueling_dqn,1,71.897,11.04,35204,cpu,7,47,63.11,0.05,1.183296
1500,dueling_dqn,1,71.9531,11.06,35204,cpu,14,104,136.81,0.05,1.936921
1501,dueling_dqn,1,72.0347,11.38,35204,cpu,17,150,168.28,0.05,0.625081
1502,dueling_dqn,1,72.0709,11.34,35204,cpu,8,68,74.31,0.05,1.419731
1503,dueling_dqn,1,72.1287,11.36,35204,cpu,15,108,147.28,0.05,0.578285
1504,dueling_dqn,1,72.1927,11.64,35204,cpu,19,119,187.11,0.05,2.576155
1505,dueling_dqn,1,72.2441,11.82,35204,cpu,12,95,116.78,0.05,1.945469
1506,dueling_dqn,1,72.2588,11.54,35204,cpu,3,27,22.07,0.05,1.798029
1507,dueling_dqn,1,72.3317,11.54,35204,cpu,18,136,178.73,0.05,1.465138
1508,dueling_dqn,1,72.4092,11.76,35204,cpu,18,144,179.85,0.05,1.174674
1509,dueling_dqn,1,72.4221,11.5,35204,cpu,3,24,21.6,0.05,0.813619
1510,dueling_dqn,1,72.4594,11.4,35204,cpu,6,69,52.38,0.05,1.115728
1511,dueling_dqn,1,72.5404,11.44,35204,cpu,16,151,160.66,0.05,1.176925
1512,dueling_dqn,1,72.5866,11.62,35204,cpu,11,86,106.06,0.05,0.859273
1513,dueling_dqn,1,72.6169,11.56,35204,cpu,10,56,94.05,0.05,1.051886
1514,dueling_dqn,1,72.677,11.76,35204,cpu,11,112,105.4,0.05,1.355407
1515,dueling_dqn,1,72.7243,11.68,35204,cpu,11,88,106.04,0.05,1.637226
1516,dueling_dqn,1,72.7771,11.78,35204,cpu,14,98,136.27,0.05,1.660259
1517,dueling_dqn,1,72.8029,11.84,35204,cpu,7,48,63.2,0.05,1.372295
1518,dueling_dqn,1,72.853,11.82,35204,cpu,12,93,116.2,0.05,1.560733
1519,dueling_dqn,1,72.9132,11.84,35204,cpu,15,112,148.04,0.05,1.121964
1520,dueling_dqn,1,72.9473,11.5,35204,cpu,7,64,64.44,0.05,1.020098
1521,dueling_dqn,1,73.0036,11.52,35204,cpu,12,103,115.9,0.05,1.191778
1522,dueling_dqn,1,73.0685,11.78,35204,cpu,18,120,177.69,0.05,0.880472
1523,dueling_dqn,1,73.1099,11.58,35204,cpu,14,77,134.78,0.05,1.23044
1524,dueling_dqn,1,73.1622,11.74,35204,cpu,15,97,146.09,0.05,1.099873
1525,dueling_dqn,1,73.1917,11.86,35204,cpu,7,55,63.23,0.05,1.130481
1526,dueling_dqn,1,73.2632,12.12,35204,cpu,20,132,199.19,0.05,0.889564
1527,dueling_dqn,1,73.3075,12.0,35204,cpu,11,82,105.3,0.05,0.460076
1528,dueling_dqn,1,73.3154,11.66,35204,cpu,1,15,1.17,0.05,1.123382
1529,dueling_dqn,1,73.3753,11.7,35204,cpu,19,111,186.79,0.05,1.565553
1530,dueling_dqn,1,73.3812,11.72,35204,cpu,1,11,0.81,0.05,1.62946
1531,dueling_dqn,1,73.5176,11.94,35204,cpu,27,252,272.76,0.05,0.962062
1532,dueling_dqn,1,73.5806,12.1,35204,cpu,15,117,146.89,0.05,1.338387
1533,dueling_dqn,1,73.5989,11.9,35204,cpu,5,34,42.32,0.05,1.461442
1534,dueling_dqn,1,73.6748,11.88,35204,cpu,17,143,167.85,0.05,1.336595
1535,dueling_dqn,1,73.7788,11.94,35204,cpu,18,193,183.06,0.05,0.599596
1536,dueling_dqn,1,73.802,11.62,35204,cpu,4,43,33.02,0.05,1.5242
1537,dueling_dqn,1,73.9303,11.78,35204,cpu,24,239,244.46,0.05,2.410627
1538,dueling_dqn,1,73.9944,11.88,35204,cpu,14,118,136.47,0.05,1.137295
1539,dueling_dqn,1,74.0523,11.74,35204,cpu,13,107,127.97,0.05,1.483605
1540,dueling_dqn,1,74.0573,11.7,35204,cpu,1,9,0.63,0.05,1.688088
1541,dueling_dqn,1,74.0946,11.62,35204,cpu,12,69,114.04,0.05,0.699023
1542,dueling_dqn,1,74.1533,11.62,35204,cpu,13,110,126.44,0.05,1.261628
1543,dueling_dqn,1,74.2733,12.0,35204,cpu,26,223,264.64,0.05,0.424239
1544,dueling_dqn,1,74.3056,12.06,35204,cpu,9,60,83.5,0.05,0.702825
1545,dueling_dqn,1,74.3205,12.0,35204,cpu,3,27,21.67,0.05,0.997818
1546,dueling_dqn,1,74.3615,12.12,35204,cpu,12,73,115.2,0.05,2.495514
1547,dueling_dqn,1,74.4035,12.04,35204,cpu,10,75,93.96,0.05,0.401719
1548,dueling_dqn,1,74.4075,11.9,35204,cpu,0,7,-9.46,0.05,0.61032
1549,dueling_dqn,1,74.4282,11.88,35204,cpu,6,37,52.3,0.05,1.350018
1550,dueling_dqn,1,74.4467,11.68,35204,cpu,4,33,32.12,0.05,0.945313
1551,dueling_dqn,1,74.4714,11.44,35204,cpu,5,44,43.42,0.05,0.581961
1552,dueling_dqn,1,74.4922,11.38,35204,cpu,5,37,42.59,0.05,1.719518
1553,dueling_dqn,1,74.5398,11.32,35204,cpu,12,84,115.99,0.05,1.079587
1554,dueling_dqn,1,74.6236,11.32,35204,cpu,19,150,189.1,0.05,1.393022
1555,dueling_dqn,1,74.6668,11.3,35204,cpu,11,77,104.85,0.05,1.121142
1556,dueling_dqn,1,74.6824,11.32,35204,cpu,4,28,32.07,0.05,0.719014
1557,dueling_dqn,1,74.7008,11.04,35204,cpu,4,33,31.92,0.05,0.770177
1558,dueling_dqn,1,74.7566,10.92,35204,cpu,12,100,116.83,0.05,1.199219
1559,dueling_dqn,1,74.8017,11.08,35204,cpu,11,80,105.92,0.05,0.848097
1560,dueling_dqn,1,74.853,11.22,35204,cpu,13,92,126.82,0.05,0.692678
1561,dueling_dqn,1,74.9041,11.16,35204,cpu,13,92,126.22,0.05,1.127439
1562,dueling_dqn,1,74.9453,11.18,35204,cpu,12,73,115.2,0.05,1.8063
1563,dueling_dqn,1,74.9615,11.06,35204,cpu,4,29,31.56,0.05,0.620226
1564,dueling_dqn,1,75.0247,11.16,35204,cpu,16,113,157.04,0.05,0.814905
1565,dueling_dqn,1,75.0607,11.1,35204,cpu,8,64,74.15,0.05,0.952845
1566,dueling_dqn,1,75.1549,11.16,35204,cpu,17,169,172.39,0.05,0.682644
1567,dueling_dqn,1,75.2653,11.44,35204,cpu,21,197,210.55,0.05,1.528031
1568,dueling_dqn,1,75.2822,11.28,35204,cpu,4,30,32.05,0.05,0.928733
1569,dueling_dqn,1,75.2866,10.98,35204,cpu,0,8,-9.57,0.05,1.008105
1570,dueling_dqn,1,75.3341,11.02,35204,cpu,9,86,86.24,0.05,1.049078
1571,dueling_dqn,1,75.3688,10.92,35204,cpu,7,64,64.84,0.05,0.914701
1572,dueling_dqn,1,75.3752,10.6,35204,cpu,2,12,10.61,0.05,1.115395
1573,dueling_dqn,1,75.4091,10.48,35204,cpu,8,63,73.06,0.05,1.37747
1574,dueling_dqn,1,75.4777,10.5,35204,cpu,16,126,157.81,0.05,1.632772
1575,dueling_dqn,1,75.6499,11.0,35204,cpu,32,318,325.25,0.05,1.311488
1576,dueling_dqn,1,75.7299,10.9,35204,cpu,15,149,149.37,0.05,1.694672
1577,dueling_dqn,1,75.7762,10.92,35204,cpu,12,85,115.68,0.05,1.185348
1578,dueling_dqn,1,75.8863,11.42,35204,cpu,26,203,261.24,0.05,0.95136
1579,dueling_dqn,1,75.9639,11.36,35204,cpu,16,144,160.03,0.05,0.997162
1580,dueling_dqn,1,76.0598,11.76,35204,cpu,21,177,209.55,0.05,1.255382
1581,dueling_dqn,1,76.0737,11.26,35204,cpu,2,26,11.87,0.05,1.943142
1582,dueling_dqn,1,76.0885,11.04,35204,cpu,4,28,31.47,0.05,1.080153
1583,dueling_dqn,1,76.179,11.38,35204,cpu,22,169,218.34,0.05,0.83186
1584,dueling_dqn,1,76.2596,11.36,35204,cpu,16,149,161.48,0.05,0.672223
1585,dueling_dqn,1,76.2864,11.16,35204,cpu,8,50,72.49,0.05,1.084033
1586,dueling_dqn,1,76.3261,11.28,35204,cpu,10,74,95.27,0.05,1.163504
1587,dueling_dqn,1,76.3349,10.84,35204,cpu,2,16,10.97,0.05,1.018446
1588,dueling_dqn,1,76.3613,10.72,35204,cpu,8,49,73.2,0.05,0.916537
1589,dueling_dqn,1,76.4156,10.68,35204,cpu,11,101,107.01,0.05,1.203872
1590,dueling_dqn,1,76.465,10.88,35204,cpu,11,92,105.6,0.05,0.904752
1591,dueling_dqn,1,76.4883,10.76,35204,cpu,6,42,52.55,0.05,2.517075
1592,dueling_dqn,1,76.579,10.98,35204,cpu,24,169,240.56,0.05,0.683026
1593,dueling_dqn,1,76.6619,10.82,35204,cpu,18,155,180.24,0.05,1.156613
1594,dueling_dqn,1,76.6859,10.78,35204,cpu,7,45,63.13,0.05,0.763963
1595,dueling_dqn,1,76.7469,11.04,35204,cpu,16,114,158.33,0.05,1.914609
1596,dueling_dqn,1,76.8023,11.04,35204,cpu,12,103,116.9,0.05,1.31703
1597,dueling_dqn,1,76.813,10.9,35204,cpu,3,20,21.44,0.05,0.780915
1598,dueling_dqn,1,76.8463,11.06,35204,cpu,8,62,73.17,0.05,1.330878
1599,dueling_dqn,1,76.8604,10.98,35204,cpu,2,26,12.07,0.05,0.58039
1600,dueling_dqn,1,76.8674,10.94,35204,cpu,2,13,10.9,0.05,1.456976
1601,dueling_dqn,1,76.8951,10.98,35204,cpu,7,52,63.16,0.05,1.110634
1602,dueling_dqn,1,76.9902,11.3,35204,cpu,21,176,210.66,0.05,2.095273
1603,dueling_dqn,1,77.0173,11.24,35204,cpu,9,50,83.6,0.05,1.00118
1604,dueling_dqn,1,77.0827,11.16,35204,cpu,15,121,146.85,0.05,1.476235
1605,dueling_dqn,1,77.1836,11.3,35204,cpu,18,187,180.72,0.05,1.716135
1606,dueling_dqn,1,77.2462,11.52,35204,cpu,15,116,146.4,0.05,1.56097
1607,dueling_dqn,1,77.2634,11.56,35204,cpu,6,32,52.25,0.05,1.884471
1608,dueling_dqn,1,77.2694,11.34,35204,cpu,1,11,0.61,0.05,0.827119
1609,dueling_dqn,1,77.3655,11.52,35204,cpu,20,178,202.33,0.05,0.937721
1610,dueling_dqn,1,77.386,11.34,35204,cpu,4,38,32.17,0.05,0.984412
1611,dueling_dqn,1,77.4114,11.22,35204,cpu,7,47,62.71,0.05,2.329051
1612,dueling_dqn,1,77.4233,11.04,35204,cpu,3,22,21.22,0.05,0.97457
1613,dueling_dqn,1,77.4877,11.26,35204,cpu,15,119,147.07,0.05,1.163855
1614,dueling_dqn,1,77.5758,11.32,35204,cpu,19,164,191.56,0.05,1.520589
1615,dueling_dqn,1,77.5961,11.26,35204,cpu,5,38,42.88,0.05,1.077104
1616,dueling_dqn,1,77.6552,11.28,35204,cpu,18,110,176.79,0.05,1.830991
1617,dueling_dqn,1,77.6962,11.06,35204,cpu,10,76,94.85,0.05,0.409464
1618,dueling_dqn,1,77.7192,11.1,35204,cpu,6,42,53.15,0.05,1.344178
1619,dueling_dqn,1,77.7773,11.36,35204,cpu,13,108,127.66,0.05,0.415455
1620,dueling_dqn,1,77.812,11.34,35204,cpu,8,65,74.44,0.05,2.022056
1621,dueling_dqn,1,77.8291,11.24,35204,cpu,2,32,11.81,0.05,0.892864
1622,dueling_dqn,1,77.8986,11.5,35204,cpu,15,129,147.77,0.05,1.295974
1623,dueling_dqn,1,77.9419,11.52,35204,cpu,9,81,86.19,0.05,0.803082
1624,dueling_dqn,1,78.0049,11.5,35204,cpu,15,116,146.4,0.05,1.131666
1625,dueling_dqn,1,78.0608,11.12,35204,cpu,13,103,125.21,0.05,1.307129
1626,dueling_dqn,1,78.1099,11.06,35204,cpu,12,92,116.11,0.05,1.850523
1627,dueling_dqn,1,78.1709,11.12,35204,cpu,15,114,148.62,0.05,2.130772
1628,dueling_dqn,1,78.2064,10.76,35204,cpu,8,66,74.33,0.05,0.746118
1629,dueling_dqn,1,78.2983,10.88,35204,cpu,22,170,220.83,0.05,1.384151
1630,dueling_dqn,1,78.3168,10.54,35204,cpu,4,33,32.32,0.05,1.445082
1631,dueling_dqn,1,78.3353,10.58,35204,cpu,4,33,32.12,0.05,0.727872
1632,dueling_dqn,1,78.364,10.62,35204,cpu,6,52,53.85,0.05,0.432522
1633,dueling_dqn,1,78.4229,10.4,35204,cpu,11,98,106.74,0.05,0.238746
1634,dueling_dqn,1,78.5057,10.42,35204,cpu,17,138,168.4,0.05,0.449557
1635,dueling_dqn,1,78.5656,10.54,35204,cpu,14,107,136.08,0.05,0.477221
1636,dueling_dqn,1,78.6281,10.62,35204,cpu,14,112,137.13,0.05,0.906273
1637,dueling_dqn,1,78.6734,10.84,35204,cpu,13,81,125.43,0.05,1.051367
1638,dueling_dqn,1,78.7049,10.88,35204,cpu,10,56,93.45,0.05,1.345284
1639,dueling_dqn,1,78.7648,10.92,35204,cpu,13,107,125.37,0.05,0.802435
1640,dueling_dqn,1,78.7785,10.74,35204,cpu,2,24,11.49,0.05,1.926482
1641,dueling_dqn,1,78.8106,10.8,35204,cpu,9,57,84.03,0.05,0.635861
1642,dueling_dqn,1,78.8546,10.52,35204,cpu,10,79,93.72,0.05,1.956035
1643,dueling_dqn,1,78.9462,10.54,35204,cpu,19,164,188.96,0.05,0.857849
1644,dueling_dqn,1,79.0736,10.96,35204,cpu,28,227,281.42,0.05,2.073499
1645,dueling_dqn,1,79.1809,11.08,35204,cpu,22,191,221.52,0.05,1.695911
1646,dueling_dqn,1,79.2123,11.0,35204,cpu,8,56,73.63,0.05,0.40448
1647,dueling_dqn,1,79.266,11.2,35204,cpu,13,96,126.78,0.05,1.027863
1648,dueling_dqn,1,79.3059,11.22,35204,cpu,9,71,84.69,0.05,1.541484
1649,dueling_dqn,1,79.3864,11.5,35204,cpu,16,148,160.79,0.05,2.036387
1650,dueling_dqn,1,79.4357,11.72,35204,cpu,13,91,126.33,0.05,0.969252
1651,dueling_dqn,1,79.4929,11.84,35204,cpu,13,105,127.59,0.05,1.902104
1652,dueling_dqn,1,79.589,11.82,35204,cpu,20,177,201.44,0.05,1.331908
1653,dueling_dqn,1,79.6363,11.82,35204,cpu,9,88,86.62,0.05,1.328519
1654,dueling_dqn,1,79.6831,11.76,35204,cpu,12,86,114.97,0.05,1.164806
1655,dueling_dqn,1,79.7603,11.72,35204,cpu,16,144,159.63,0.05,0.174893
1656,dueling_dqn,1,79.832,11.78,35204,cpu,18,131,179.08,0.05,1.393625
1657,dueling_dqn,1,79.8387,11.68,35204,cpu,1,12,0.9,0.05,1.722195
1658,dueling_dqn,1,79.9298,11.88,35204,cpu,11,113,106.89,0.05,0.773331
1659,dueling_dqn,1,79.9626,11.6,35204,cpu,6,54,54.03,0.05,1.157588
1660,dueling_dqn,1,80.028,11.8,35204,cpu,14,111,138.24,0.05,0.910746
1661,dueling_dqn,1,80.1286,12.08,35204,cpu,21,179,209.93,0.05,1.681089
1662,dueling_dqn,1,80.2027,12.26,35204,cpu,12,133,118.2,0.05,1.566525
1663,dueling_dqn,1,80.2563,12.2,35204,cpu,12,97,116.36,0.05,1.352485
1664,dueling_dqn,1,80.3258,12.08,35204,cpu,13,128,126.06,0.05,0.796871
1665,dueling_dqn,1,80.3494,12.1,35204,cpu,6,40,52.57,0.05,1.188454
1666,dueling_dqn,1,80.3937,11.92,35204,cpu,9,65,84.15,0.05,2.26829
1667,dueling_dqn,1,80.4753,12.04,35204,cpu,16,137,158.4,0.05,1.646628
1668,dueling_dqn,1,80.5317,12.16,35204,cpu,12,101,116.92,0.05,1.371464
1669,dueling_dqn,1,80.5706,12.04,35204,cpu,7,70,64.98,0.05,1.006821
1670,dueling_dqn,1,80.6649,12.32,35204,cpu,22,165,218.58,0.05,1.753598
1671,dueling_dqn,1,80.7151,12.54,35204,cpu,13,93,126.11,0.05,1.027338
1672,dueling_dqn,1,80.7868,12.54,35204,cpu,15,133,147.53,0.05,1.261324
1673,dueling_dqn,1,80.8341,12.56,35204,cpu,10,87,94.44,0.05,1.571437
1674,dueling_dqn,1,80.9794,12.8,35204,cpu,27,268,275.0,0.05,1.201929
1675,dueling_dqn,1,81.029,12.78,35204,cpu,12,91,114.02,0.05,0.603789
1676,dueling_dqn,1,81.0673,12.76,35204,cpu,11,71,105.11,0.05,0.430992
1677,dueling_dqn,1,81.0911,12.58,35204,cpu,6,45,52.42,0.05,0.697451
1678,dueling_dqn,1,81.1181,12.52,35204,cpu,5,51,43.45,0.05,1.208099
1679,dueling_dqn,1,81.1444,12.24,35204,cpu,8,49,73.2,0.05,1.217191
1680,dueling_dqn,1,81.1886,12.36,35204,cpu,10,82,94.99,0.05,2.053299
1681,dueling_dqn,1,81.2727,12.58,35204,cpu,15,151,150.15,0.05,1.331119
1682,dueling_dqn,1,81.3087,12.72,35204,cpu,13,64,124.1,0.05,1.014606
1683,dueling_dqn,1,81.4042,12.9,35204,cpu,20,174,201.17,0.05,0.877279
1684,dueling_dqn,1,81.521,13.06,35204,cpu,25,215,252.41,0.05,2.144109
1685,dueling_dqn,1,81.5538,12.9,35204,cpu,6,61,54.26,0.05,1.301957
1686,dueling_dqn,1,81.5963,12.82,35204,cpu,10,79,94.72,0.05,1.050498
1687,dueling_dqn,1,81.6541,12.86,35204,cpu,15,107,146.79,0.05,1.209717
1688,dueling_dqn,1,81.6885,12.86,35204,cpu,10,63,93.48,0.05,1.29182
1689,dueling_dqn,1,81.7176,12.78,35204,cpu,9,54,83.36,0.05,1.32547
1690,dueling_dqn,1,81.7627,12.96,35204,cpu,11,84,105.88,0.05,1.874222
1691,dueling_dqn,1,81.8626,13.2,35204,cpu,21,185,208.87,0.05,0.596343
1692,dueling_dqn,1,81.9048,13.24,35204,cpu,12,79,114.94,0.05,1.525299
1693,dueling_dqn,1,81.9167,12.92,35204,cpu,3,22,21.62,0.05,1.30835
1694,dueling_dqn,1,81.9307,12.42,35204,cpu,3,26,21.58,0.05,1.859318
1695,dueling_dqn,1,81.9772,12.22,35204,cpu,12,86,115.77,0.05,0.524529
1696,dueling_dqn,1,82.0109,12.26,35204,cpu,10,62,92.99,0.05,1.066841
1697,dueling_dqn,1,82.0911,12.36,35204,cpu,18,149,179.3,0.05,0.632213
1698,dueling_dqn,1,82.1898,12.54,35204,cpu,18,184,180.85,0.05,0.366172
1699,dueling_dqn,1,82.3132,12.76,35204,cpu,27,227,271.31,0.05,0.576426
1700,dueling_dqn,1,82.3345,12.62,35204,cpu,6,38,52.59,0.05,0.129295
1701,dueling_dqn,1,82.3854,12.64,35204,cpu,14,91,134.84,0.05,0.448477
1702,dueling_dqn,1,82.4559,12.5,35204,cpu,13,127,128.57,0.05,1.050615
1703,dueling_dqn,1,82.5254,12.6,35204,cpu,14,123,138.92,0.05,1.097282
1704,dueling_dqn,1,82.5809,12.64,35204,cpu,14,99,136.56,0.05,0.488146
1705,dueling_dqn,1,82.5844,12.34,35204,cpu,1,6,0.36,0.05,1.29198
1706,dueling_dqn,1,82.663,12.26,35204,cpu,14,140,136.25,0.05,0.858699
1707,dueling_dqn,1,82.7253,12.46,35204,cpu,11,111,108.71,0.05,0.969106
1708,dueling_dqn,1,82.799,12.56,35204,cpu,16,131,157.66,0.05,0.824917
1709,dueling_dqn,1,82.827,12.56,35204,cpu,6,50,53.27,0.05,0.578156
1710,dueling_dqn,1,82.9193,12.64,35204,cpu,18,163,181.36,0.05,2.092396
1711,dueling_dqn,1,82.9324,12.3,35204,cpu,4,24,31.51,0.05,1.00429
1712,dueling_dqn,1,82.9839,12.24,35204,cpu,9,92,86.18,0.05,1.508786
1713,dueling_dqn,1,83.0872,12.44,35204,cpu,22,184,219.69,0.05,1.813735
1714,dueling_dqn,1,83.1541,12.44,35204,cpu,13,119,127.25,0.05,1.185587
1715,dueling_dqn,1,83.1844,12.46,35204,cpu,7,54,62.54,0.05,1.2593
1716,dueling_dqn,1,83.2259,12.46,35204,cpu,9,74,85.76,0.05,2.175917
1717,dueling_dqn,1,83.2799,12.44,35204,cpu,15,96,146.8,0.05,1.068199
1718,dueling_dqn,1,83.364,12.66,35204,cpu,23,152,229.72,0.05,1.08807
1719,dueling_dqn,1,83.4025,12.68,35204,cpu,8,71,74.98,0.05,0.958799
1720,dueling_dqn,1,83.454,12.48,35204,cpu,12,95,114.78,0.05,1.602441
1721,dueling_dqn,1,83.5369,12.58,35204,cpu,18,152,177.37,0.05,1.838704
1722,dueling_dqn,1,83.6114,12.62,35204,cpu,17,138,168.6,0.05,0.377141
1723,dueling_dqn,1,83.6411,12.58,35204,cpu,8,55,73.14,0.05,2.094152
1724,dueling_dqn,1,83.7058,12.3,35204,cpu,13,120,126.54,0.05,0.807159
1725,dueling_dqn,1,83.7214,12.12,35204,cpu,3,29,22.05,0.05,1.280666
1726,dueling_dqn,1,83.7716,12.16,35204,cpu,13,94,126.4,0.05,1.713129
1727,dueling_dqn,1,83.8263,12.24,35204,cpu,10,102,95.59,0.05,1.17962
1728,dueling_dqn,1,83.83,12.14,35204,cpu,0,7,-9.46,0.05,1.492615
1729,dueling_dqn,1,83.884,12.26,35204,cpu,14,100,135.85,0.05,1.105936
1730,dueling_dqn,1,83.956,12.44,35204,cpu,19,134,188.66,0.05,1.984237
1731,dueling_dqn,1,84.0784,12.68,35204,cpu,27,226,273.62,0.05,0.608071
1732,dueling_dqn,1,84.1194,12.68,35204,cpu,13,76,125.58,0.05,0.867357
1733,dueling_dqn,1,84.1702,12.56,35204,cpu,14,94,136.11,0.05,0.650896
1734,dueling_dqn,1,84.19,12.14,35204,cpu,4,37,32.68,0.05,1.312849
1735,dueling_dqn,1,84.2419,12.22,35204,cpu,10,97,96.94,0.05,0.668764
1736,dueling_dqn,1,84.3003,12.24,35204,cpu,11,108,106.44,0.05,1.447528
1737,dueling_dqn,1,84.3126,12.0,35204,cpu,3,23,21.51,0.05,0.888011
1738,dueling_dqn,1,84.3885,12.14,35204,cpu,17,141,168.87,0.05,1.425685
1739,dueling_dqn,1,84.4157,12.1,35204,cpu,7,50,63.78,0.05,0.618246
1740,dueling_dqn,1,84.4961,12.18,35204,cpu,15,148,149.08,0.05,1.218362
1741,dueling_dqn,1,84.5675,12.12,35204,cpu,18,132,177.97,0.05,1.15284
1742,dueling_dqn,1,84.5786,11.98,35204,cpu,5,21,41.15,0.05,1.157545
1743,dueling_dqn,1,84.5994,12.02,35204,cpu,5,39,42.77,0.05,0.752367
1744,dueling_dqn,1,84.6639,12.24,35204,cpu,14,120,137.05,0.05,1.15274
1745,dueling_dqn,1,84.6708,12.02,35204,cpu,1,13,0.99,0.05,1.371803
1746,dueling_dqn,1,84.7052,12.04,35204,cpu,11,64,104.28,0.05,1.076378
1747,dueling_dqn,1,84.7215,11.76,35204,cpu,4,30,32.05,0.05,1.458483
1748,dueling_dqn,1,84.759,11.58,35204,cpu,9,70,85.0,0.05,0.80661
1749,dueling_dqn,1,84.8476,11.44,35204,cpu,20,165,197.96,0.05,1.807828
1750,dueling_dqn,1,84.9045,11.6,35204,cpu,14,106,136.59,0.05,0.809267
1751,dueling_dqn,1,84.9715,11.58,35204,cpu,13,124,127.1,0.05,1.767499
1752,dueling_dqn,1,85.0471,11.68,35204,cpu,18,140,179.69,0.05,1.122252
1753,dueling_dqn,1,85.1338,11.8,35204,cpu,20,162,199.89,0.05,1.012791
1754,dueling_dqn,1,85.1734,11.7,35204,cpu,9,75,85.05,0.05,1.14292
1755,dueling_dqn,1,85.2214,11.94,35204,cpu,13,89,126.55,0.05,1.518973
1756,dueling_dqn,1,85.2462,11.78,35204,cpu,6,46,52.91,0.05,0.460265
1757,dueling_dqn,1,85.2564,11.62,35204,cpu,3,19,21.35,0.05,1.103867
1758,dueling_dqn,1,85.3163,11.56,35204,cpu,13,111,125.93,0.05,0.527559
1759,dueling_dqn,1,85.3352,11.54,35204,cpu,5,35,42.61,0.05,0.858171
1760,dueling_dqn,1,85.3444,11.26,35204,cpu,4,17,30.88,0.05,0.999235
1761,dueling_dqn,1,85.3812,11.38,35204,cpu,10,68,93.73,0.05,0.839302
1762,dueling_dqn,1,85.4786,11.66,35204,cpu,23,179,230.55,0.05,0.895363
1763,dueling_dqn,1,85.5183,11.42,35204,cpu,10,73,94.98,0.05,0.132613
1764,dueling_dqn,1,85.5641,11.36,35204,cpu,10,85,96.06,0.05,0.634189
1765,dueling_dqn,1,85.5803,11.3,35204,cpu,4,30,32.25,0.05,1.363454
1766,dueling_dqn,1,85.6543,11.42,35204,cpu,15,138,147.98,0.05,1.015562
1767,dueling_dqn,1,85.7111,11.38,35204,cpu,13,105,127.39,0.05,1.283709
1768,dueling_dqn,1,85.7802,11.24,35204,cpu,16,128,157.39,0.05,1.772643
1769,dueling_dqn,1,85.8009,11.16,35204,cpu,4,38,32.97,0.05,1.185233
1770,dueling_dqn,1,85.8384,11.12,35204,cpu,10,70,94.71,0.05,1.688497
1771,dueling_dqn,1,85.9111,11.06,35204,cpu,15,135,149.51,0.05,0.755843
1772,dueling_dqn,1,85.9639,10.94,35204,cpu,11,98,105.74,0.05,0.823902
1773,dueling_dqn,1,86.0032,10.94,35204,cpu,8,72,75.07,0.05,0.881775
1774,dueling_dqn,1,86.1025,11.12,35204,cpu,22,184,223.29,0.05,0.847054
1775,dueling_dqn,1,86.1099,11.1,35204,cpu,2,14,9.99,0.05,0.809848
1776,dueling_dqn,1,86.2059,11.28,35204,cpu,22,179,219.44,0.05,1.265054
1777,dueling_dqn,1,86.2672,11.36,35204,cpu,14,114,136.31,0.05,0.784517
1778,dueling_dqn,1,86.2902,11.56,35204,cpu,10,43,92.68,0.05,0.424192
1779,dueling_dqn,1,86.359,11.6,35204,cpu,16,123,157.14,0.05,1.240758
1780,dueling_dqn,1,86.3806,11.32,35204,cpu,5,39,42.17,0.05,0.715672
1781,dueling_dqn,1,86.3983,10.86,35204,cpu,4,32,32.03,0.05,0.45854
1782,dueling_dqn,1,86.445,10.82,35204,cpu,11,83,105.39,0.05,0.811032
1783,dueling_dqn,1,86.4621,10.62,35204,cpu,4,31,32.14,0.05,1.082057
1784,dueling_dqn,1,86.5392,10.9,35204,cpu,18,138,179.91,0.05,1.586074
1785,dueling_dqn,1,86.5441,10.74,35204,cpu,2,9,10.54,0.05,0.987278
1786,dueling_dqn,1,86.5909,10.7,35204,cpu,9,84,85.26,0.05,1.14453
1787,dueling_dqn,1,86.6565,10.92,35204,cpu,14,118,137.47,0.05,0.754294
1788,dueling_dqn,1,86.7257,10.92,35204,cpu,17,124,168.34,0.05,1.30444
1789,dueling_dqn,1,86.7926,11.1,35204,cpu,16,120,157.67,0.05,1.175759
1790,dueling_dqn,1,86.7981,10.82,35204,cpu,1,10,0.72,0.05,1.227768
1791,dueling_dqn,1,86.8639,10.74,35204,cpu,14,118,138.27,0.05,1.120986
1792,dueling_dqn,1,86.9569,11.04,35204,cpu,20,166,198.65,0.05,0.660275
1793,dueling_dqn,1,87.0039,11.14,35204,cpu,10,84,93.77,0.05,1.564448
1794,dueling_dqn,1,87.0613,11.06,35204,cpu,10,103,97.48,0.05,0.861696
1795,dueling_dqn,1,87.1381,11.38,35204,cpu,17,137,168.91,0.05,1.272172
1796,dueling_dqn,1,87.1967,11.44,35204,cpu,14,105,135.7,0.05,0.619404
1797,dueling_dqn,1,87.2621,11.64,35204,cpu,14,117,135.98,0.05,1.036138
1798,dueling_dqn,1,87.3846,11.94,35204,cpu,24,222,242.73,0.05,2.089771
1799,dueling_dqn,1,87.4313,11.78,35204,cpu,12,86,115.77,0.05,1.540007
1800,dueling_dqn,1,87.5104,11.96,35204,cpu,23,145,230.29,0.05,0.900873
1801,dueling_dqn,1,87.5569,11.92,35204,cpu,11,86,106.26,0.05,2.203843
1802,dueling_dqn,1,87.6383,11.98,35204,cpu,21,151,208.61,0.05,0.438927
1803,dueling_dqn,1,87.668,11.72,35204,cpu,7,56,63.92,0.05,1.240118
1804,dueling_dqn,1,87.7234,11.88,35204,cpu,17,103,166.45,0.05,1.476905
1805,dueling_dqn,1,87.7611,11.8,35204,cpu,9,70,84.8,0.05,0.835277
1806,dueling_dqn,1,87.8179,11.94,35204,cpu,13,106,126.88,0.05,1.062753
1807,dueling_dqn,1,87.9068,12.28,35204,cpu,20,165,201.96,0.05,1.632351
1808,dueling_dqn,1,87.9527,12.24,35204,cpu,11,86,104.86,0.05,0.993456
1809,dueling_dqn,1,88.0005,12.4,35204,cpu,13,88,125.86,0.05,1.326721
1810,dueling_dqn,1,88.0441,12.54,35204,cpu,11,81,105.61,0.05,0.566435
1811,dueling_dqn,1,88.1024,12.64,35204,cpu,15,108,147.88,0.05,0.700691
1812,dueling_dqn,1,88.1664,12.48,35204,cpu,15,119,147.27,0.05,0.62805
1813,dueling_dqn,1,88.2406,12.6,35204,cpu,16,138,160.09,0.05,1.927686
1814,dueling_dqn,1,88.3001,12.68,35204,cpu,14,111,137.84,0.05,1.25116
1815,dueling_dqn,1,88.3409,12.8,35204,cpu,10,75,95.36,0.05,2.022102
1816,dueling_dqn,1,88.4015,12.8,35204,cpu,15,112,147.44,0.05,1.050892
1817,dueling_dqn,1,88.4578,12.8,35204,cpu,13,104,127.7,0.05,0.692713
1818,dueling_dqn,1,88.4871,12.62,35204,cpu,7,53,64.05,0.05,1.35283
1819,dueling_dqn,1,88.4993,12.58,35204,cpu,2,22,11.51,0.05,1.740302
1820,dueling_dqn,1,88.6031,12.78,35204,cpu,20,192,202.19,0.05,1.743761
1821,dueling_dqn,1,88.7056,13.04,35204,cpu,28,190,282.09,0.05,1.724734
1822,dueling_dqn,1,88.7512,13.02,35204,cpu,10,85,96.06,0.05,2.441604
1823,dueling_dqn,1,88.8336,13.12,35204,cpu,13,153,127.91,0.05,1.163563
1824,dueling_dqn,1,88.8832,12.88,35204,cpu,10,92,97.09,0.05,1.064519
1825,dueling_dqn,1,88.975,13.3,35204,cpu,23,169,231.85,0.05,0.808393
1826,dueling_dqn,1,89.0568,13.26,35204,cpu,20,150,198.21,0.05,1.294791
1827,dueling_dqn,1,89.1101,13.22,35204,cpu,12,99,115.34,0.05,0.661736
1828,dueling_dqn,1,89.2257,13.54,35204,cpu,26,215,264.92,0.05,0.723523
1829,dueling_dqn,1,89.2756,13.52,35204,cpu,15,93,146.33,0.05,1.107127
1830,dueling_dqn,1,89.3597,13.76,35204,cpu,17,156,171.22,0.05,0.926873
1831,dueling_dqn,1,89.3966,13.88,35204,cpu,10,69,95.22,0.05,0.548812
1832,dueling_dqn,1,89.4005,13.7,35204,cpu,2,7,10.36,0.05,0.825163
1833,dueling_dqn,1,89.4171,13.7,35204,cpu,4,31,31.94,0.05,0.581342
1834,dueling_dqn,1,89.5284,13.8,35204,cpu,23,205,232.69,0.05,0.565369
1835,dueling_dqn,1,89.5943,14.04,35204,cpu,14,123,137.52,0.05,1.568132
1836,dueling_dqn,1,89.6534,14.08,35204,cpu,11,111,106.71,0.05,1.114497
1837,dueling_dqn,1,89.729,14.18,35204,cpu,19,141,188.69,0.05,1.485433
1838,dueling_dqn,1,89.7387,13.88,35204,cpu,2,18,11.35,0.05,0.5079
1839,dueling_dqn,1,89.8191,14.0,35204,cpu,22,149,219.94,0.05,0.777829
1840,dueling_dqn,1,89.8753,14.3,35204,cpu,16,104,157.03,0.05,0.492207
1841,dueling_dqn,1,89.9529,14.42,35204,cpu,20,145,198.36,0.05,2.034781
1842,dueling_dqn,1,90.0119,14.32,35204,cpu,15,108,147.48,0.05,0.485031
1843,dueling_dqn,1,90.0965,14.5,35204,cpu,19,159,190.31,0.05,0.901188
1844,dueling_dqn,1,90.1378,14.48,35204,cpu,9,77,85.23,0.05,1.008337
1845,dueling_dqn,1,90.1432,14.2,35204,cpu,3,10,20.54,0.05,1.296547
1846,dueling_dqn,1,90.1767,14.1,35204,cpu,9,62,84.48,0.05,1.644227
1847,dueling_dqn,1,90.2172,13.98,35204,cpu,8,75,75.54,0.05,1.819252
1848,dueling_dqn,1,90.2889,13.84,35204,cpu,17,134,168.44,0.05,1.507372
1849,dueling_dqn,1,90.368,13.98,35204,cpu,19,141,187.29,0.05,1.31146
1850,dueling_dqn,1,90.4429,13.84,35204,cpu,16,134,157.33,0.05,1.117751
1851,dueling_dqn,1,90.4862,13.8,35204,cpu,9,77,84.23,0.05,1.540385
1852,dueling_dqn,1,90.5201,13.5,35204,cpu,6,61,54.86,0.05,1.21663
1853,dueling_dqn,1,90.6084,13.72,35204,cpu,18,158,177.11,0.05,1.380347
1854,dueling_dqn,1,90.6974,13.7,35204,cpu,16,160,159.87,0.05,0.927484
1855,dueling_dqn,1,90.7359,13.74,35204,cpu,11,69,105.13,0.05,0.418098
1856,dueling_dqn,1,90.7553,13.56,35204,cpu,4,35,32.1,0.05,0.911679
1857,dueling_dqn,1,90.7737,13.24,35204,cpu,4,33,32.52,0.05,1.347804
1858,dueling_dqn,1,90.8326,13.26,35204,cpu,12,105,116.28,0.05,1.02433
1859,dueling_dqn,1,90.8846,13.24,35204,cpu,12,93,117.0,0.05,0.648552
1860,dueling_dqn,1,90.9905,13.48,35204,cpu,23,190,231.54,0.05,0.611741
1861,dueling_dqn,1,91.0448,13.44,35204,cpu,13,97,124.87,0.05,1.354813
1862,dueling_dqn,1,91.1152,13.44,35204,cpu,15,126,146.7,0.05,1.739322
1863,dueling_dqn,1,91.1573,13.36,35204,cpu,12,75,114.98,0.05,0.93874
1864,dueling_dqn,1,91.1708,13.18,35204,cpu,5,24,41.22,0.05,1.32898
1865,dueling_dqn,1,91.2285,13.28,35204,cpu,15,103,146.83,0.05,1.81779
1866,dueling_dqn,1,91.2546,13.08,35204,cpu,5,47,43.49,0.05,0.541054
1867,dueling_dqn,1,91.3213,13.08,35204,cpu,13,119,128.05,0.05,1.70467
1868,dueling_dqn,1,91.4272,13.42,35204,cpu,24,195,241.9,0.05,0.893037
1869,dueling_dqn,1,91.4406,13.46,35204,cpu,4,25,31.8,0.05,1.576808
1870,dueling_dqn,1,91.4959,13.28,35204,cpu,11,101,106.21,0.05,0.54821
1871,dueling_dqn,1,91.5686,13.06,35204,cpu,17,134,168.84,0.05,2.339281
1872,dueling_dqn,1,91.5842,12.9,35204,cpu,2,29,11.74,0.05,1.528553
1873,dueling_dqn,1,91.5999,12.74,35204,cpu,5,29,41.87,0.05,1.275167
1874,dueling_dqn,1,91.6387,12.7,35204,cpu,8,72,74.47,0.05,1.617223
1875,dueling_dqn,1,91.7428,12.66,35204,cpu,21,190,212.32,0.05,1.020434
1876,dueling_dqn,1,91.8055,12.54,35204,cpu,14,115,137.0,0.05,1.067977
1877,dueling_dqn,1,91.8425,12.54,35204,cpu,12,68,114.55,0.05,1.900082
1878,dueling_dqn,1,91.8538,12.08,35204,cpu,3,21,21.33,0.05,0.90897
1879,dueling_dqn,1,91.9443,12.1,35204,cpu,16,168,159.99,0.05,0.77577
1880,dueling_dqn,1,92.0349,12.16,35204,cpu,20,167,201.34,0.05,1.366945
1881,dueling_dqn,1,92.0567,12.14,35204,cpu,9,40,82.7,0.05,0.268441
1882,dueling_dqn,1,92.0758,12.24,35204,cpu,7,35,62.23,0.05,1.435819
1883,dueling_dqn,1,92.1278,12.42,35204,cpu,13,94,126.6,0.05,1.339487
1884,dueling_dqn,1,92.1605,12.1,35204,cpu,7,59,64.59,0.05,0.551597
1885,dueling_dqn,1,92.1974,11.98,35204,cpu,8,68,73.91,0.05,0.496314
1886,dueling_dqn,1,92.2274,11.94,35204,cpu,9,55,83.85,0.05,1.074407
1887,dueling_dqn,1,92.3044,11.9,35204,cpu,17,144,169.34,0.05,1.366236
1888,dueling_dqn,1,92.3445,12.06,35204,cpu,10,74,95.47,0.05,0.343321
1889,dueling_dqn,1,92.3853,11.78,35204,cpu,8,75,74.94,0.05,0.820458
1890,dueling_dqn,1,92.3934,11.5,35204,cpu,2,15,10.88,0.05,2.005394
1891,dueling_dqn,1,92.4334,11.32,35204,cpu,11,74,104.38,0.05,0.975232
1892,dueling_dqn,1,92.4808,11.22,35204,cpu,10,87,96.64,0.05,0.846209
1893,dueling_dqn,1,92.5177,11.02,35204,cpu,9,68,84.22,0.05,1.194654
1894,dueling_dqn,1,92.6335,11.34,35204,cpu,25,215,252.21,0.05,0.23803
1895,dueling_dqn,1,92.7027,11.66,35204,cpu,19,129,188.21,0.05,1.62569
1896,dueling_dqn,1,92.7216,11.56,35204,cpu,4,35,32.7,0.05,1.296434
1897,dueling_dqn,1,92.8175,11.8,35204,cpu,20,178,201.73,0.05,1.095945
1898,dueling_dqn,1,92.8638,11.68,35204,cpu,11,86,105.86,0.05,1.311454
1899,dueling_dqn,1,92.944,11.68,35204,cpu,19,149,189.41,0.05,0.72257
1900,dueling_dqn,1,92.963,11.5,35204,cpu,7,35,62.43,0.05,1.306443
1901,dueling_dqn,1,92.9822,11.42,35204,cpu,5,35,42.21,0.05,0.766331
1902,dueling_dqn,1,93.0437,11.56,35204,cpu,13,113,127.31,0.05,0.713236
1903,dueling_dqn,1,93.1121,11.48,35204,cpu,14,127,138.48,0.05,0.782674
1904,dueling_dqn,1,93.1219,11.24,35204,cpu,4,18,31.17,0.05,2.01495
1905,dueling_dqn,1,93.1473,11.14,35204,cpu,6,47,53.4,0.05,1.343603
1906,dueling_dqn,1,93.1845,11.3,35204,cpu,12,69,114.64,0.05,0.666713
1907,dueling_dqn,1,93.2237,11.48,35204,cpu,13,73,124.31,0.05,1.802832
1908,dueling_dqn,1,93.2558,11.42,35204,cpu,9,60,84.1,0.05,1.263101
1909,dueling_dqn,1,93.3028,11.4,35204,cpu,11,87,105.95,0.05,0.903936
1910,dueling_dqn,1,93.3571,11.22,35204,cpu,14,100,136.25,0.05,0.404913
1911,dueling_dqn,1,93.3777,11.06,35204,cpu,5,38,42.88,0.05,1.105594
1912,dueling_dqn,1,93.412,10.96,35204,cpu,10,63,93.88,0.05,0.430427
1913,dueling_dqn,1,93.4972,11.1,35204,cpu,19,157,188.93,0.05,1.391883
1914,dueling_dqn,1,93.5185,11.12,35204,cpu,6,39,52.88,0.05,1.015665
1915,dueling_dqn,1,93.5565,11.02,35204,cpu,10,70,94.91,0.05,0.443341
1916,dueling_dqn,1,93.577,11.02,35204,cpu,5,38,42.68,0.05,1.609655
1917,dueling_dqn,1,93.6692,11.18,35204,cpu,21,171,211.41,0.05,1.878084
1918,dueling_dqn,1,93.7122,10.86,35204,cpu,8,81,74.88,0.05,1.193287
1919,dueling_dqn,1,93.7648,11.02,35204,cpu,12,97,117.16,0.05,1.108414
1920,dueling_dqn,1,93.8104,11.0,35204,cpu,10,84,95.77,0.05,1.482498
1921,dueling_dqn,1,93.8459,10.8,35204,cpu,7,66,65.02,0.05,1.027648
1922,dueling_dqn,1,93.8909,10.94,35204,cpu,9,83,85.37,0.05,0.584072
1923,dueling_dqn,1,93.9323,11.04,35204,cpu,10,77,94.14,0.05,1.742193
1924,dueling_dqn,1,93.9967,11.16,35204,cpu,14,118,137.87,0.05,1.096604
1925,dueling_dqn,1,94.033,10.9,35204,cpu,8,68,74.31,0.05,0.967779
1926,dueling_dqn,1,94.0926,10.9,35204,cpu,14,111,137.84,0.05,0.706753
1927,dueling_dqn,1,94.1592,11.02,35204,cpu,18,125,178.34,0.05,0.903838
1928,dueling_dqn,1,94.191,11.14,35204,cpu,9,59,84.21,0.05,0.512875
1929,dueling_dqn,1,94.2385,11.06,35204,cpu,12,87,114.46,0.05,0.910867
1930,dueling_dqn,1,94.2655,10.8,35204,cpu,7,50,63.38,0.05,0.868702
1931,dueling_dqn,1,94.3084,10.82,35204,cpu,10,79,95.92,0.05,0.685299
1932,dueling_dqn,1,94.3461,10.82,35204,cpu,7,67,64.91,0.05,1.288027
1933,dueling_dqn,1,94.3755,10.72,35204,cpu,8,52,72.87,0.05,1.224552
1934,dueling_dqn,1,94.4085,10.74,35204,cpu,8,59,74.5,0.05,1.920081
1935,dueling_dqn,1,94.4367,10.72,35204,cpu,7,50,63.38,0.05,1.350502
1936,dueling_dqn,1,94.4945,10.8,35204,cpu,13,103,126.61,0.05,1.310432
1937,dueling_dqn,1,94.548,10.74,35204,cpu,14,95,136.0,0.05,1.935966
1938,dueling_dqn,1,94.5669,10.62,35204,cpu,4,34,32.41,0.05,1.28552
1939,dueling_dqn,1,94.6213,10.7,35204,cpu,12,97,114.96,0.05,1.037004
1940,dueling_dqn,1,94.628,10.68,35204,cpu,1,12,0.5,0.05,1.628891
1941,dueling_dqn,1,94.6843,10.76,35204,cpu,15,99,147.07,0.05,0.913486
1942,dueling_dqn,1,94.7439,10.82,35204,cpu,13,106,127.48,0.05,0.659347
1943,dueling_dqn,1,94.769,10.78,35204,cpu,7,44,62.84,0.05,0.901204
1944,dueling_dqn,1,94.8006,10.4,35204,cpu,6,56,54.01,0.05,1.031982
1945,dueling_dqn,1,94.8112,10.08,35204,cpu,3,19,21.35,0.05,0.635228
1946,dueling_dqn,1,94.8235,10.06,35204,cpu,3,22,21.62,0.05,0.595272
1947,dueling_dqn,1,94.8611,9.82,35204,cpu,8,67,74.82,0.05,0.889279
1948,dueling_dqn,1,94.8866,9.74,35204,cpu,7,46,63.22,0.05,1.361995
1949,dueling_dqn,1,94.9058,9.44,35204,cpu,4,34,32.21,0.05,1.485229
1950,dueling_dqn,1,94.9817,9.62,35204,cpu,16,136,158.31,0.05,1.437833
1951,dueling_dqn,1,95.0316,9.76,35204,cpu,12,89,116.84,0.05,1.155711
1952,dueling_dqn,1,95.1232,9.98,35204,cpu,24,162,240.93,0.05,1.36881
1953,dueling_dqn,1,95.1505,9.86,35204,cpu,8,48,72.91,0.05,1.541247
1954,dueling_dqn,1,95.1718,9.88,35204,cpu,5,38,42.88,0.05,0.848956
1955,dueling_dqn,1,95.2183,9.92,35204,cpu,8,82,75.17,0.05,1.104711
1956,dueling_dqn,1,95.254,9.88,35204,cpu,10,64,93.17,0.05,1.111764
1957,dueling_dqn,1,95.3178,9.9,35204,cpu,14,114,137.91,0.05,1.738905
1958,dueling_dqn,1,95.3757,10.02,35204,cpu,15,106,147.3,0.05,0.683097
1959,dueling_dqn,1,95.4069,9.94,35204,cpu,7,57,61.61,0.05,0.783344
1960,dueling_dqn,1,95.5208,10.16,35204,cpu,25,208,252.58,0.05,1.311624
1961,dueling_dqn,1,95.5549,10.22,35204,cpu,8,63,74.26,0.05,1.602356
1962,dueling_dqn,1,95.626,10.36,35204,cpu,17,132,168.66,0.05,0.933523
1963,dueling_dqn,1,95.6587,10.08,35204,cpu,5,62,44.04,0.05,1.206288
1964,dueling_dqn,1,95.7087,10.16,35204,cpu,10,93,96.78,0.05,0.764247
1965,dueling_dqn,1,95.7232,10.02,35204,cpu,3,27,22.07,0.05,0.882023
1966,dueling_dqn,1,95.8334,10.36,35204,cpu,22,204,223.89,0.05,1.35403
1967,dueling_dqn,1,95.8844,10.16,35204,cpu,11,94,106.38,0.05,1.279525
1968,dueling_dqn,1,95.9381,10.24,35204,cpu,12,100,117.23,0.05,1.188826
1969,dueling_dqn,1,95.9769,10.22,35204,cpu,11,72,104.6,0.05,0.971453
1970,dueling_dqn,1,96.1165,10.64,35204,cpu,31,258,316.34,0.05,0.608976
1971,dueling_dqn,1,96.1798,10.82,35204,cpu,16,117,157.4,0.05,1.645117
1972,dueling_dqn,1,96.2108,10.78,35204,cpu,7,57,63.81,0.05,1.465892
1973,dueling_dqn,1,96.2823,10.92,35204,cpu,17,133,167.15,0.05,0.958829
1974,dueling_dqn,1,96.3077,10.76,35204,cpu,6,47,53.4,0.05,0.614185
1975,dueling_dqn,1,96.3827,10.96,35204,cpu,18,140,180.09,0.05,1.105538
1976,dueling_dqn,1,96.3928,10.7,35204,cpu,1,19,1.33,0.05,0.902774
1977,dueling_dqn,1,96.4485,10.6,35204,cpu,13,103,127.01,0.05,1.288812
1978,dueling_dqn,1,96.5475,10.78,35204,cpu,18,183,178.76,0.05,1.110698
1979,dueling_dqn,1,96.5666,10.68,35204,cpu,7,36,61.92,0.05,1.104402
1980,dueling_dqn,1,96.5889,10.66,35204,cpu,6,42,52.95,0.05,1.485652
1981,dueling_dqn,1,96.6728,10.82,35204,cpu,18,156,180.53,0.05,1.305938
1982,dueling_dqn,1,96.7547,11.08,35204,cpu,20,152,198.59,0.05,1.088461
1983,dueling_dqn,1,96.8267,11.26,35204,cpu,17,134,169.44,0.05,1.150787
1984,dueling_dqn,1,96.8343,11.12,35204,cpu,1,14,1.08,0.05,1.433354
1985,dueling_dqn,1,96.9481,11.4,35204,cpu,21,211,214.41,0.05,1.578346
1986,dueling_dqn,1,97.0047,11.4,35204,cpu,13,103,126.61,0.05,1.246821
1987,dueling_dqn,1,97.0398,11.3,35204,cpu,9,64,84.26,0.05,0.910408
1988,dueling_dqn,1,97.068,11.36,35204,cpu,7,51,63.87,0.05,1.475335
1989,dueling_dqn,1,97.0891,11.24,35204,cpu,6,39,52.48,0.05,0.990511
1990,dueling_dqn,1,97.1249,11.4,35204,cpu,9,67,83.53,0.05,0.684593
1991,dueling_dqn,1,97.2184,11.56,35204,cpu,23,173,231.01,0.05,1.470788
1992,dueling_dqn,1,97.2543,11.46,35204,cpu,8,67,75.02,0.05,1.529308
1993,dueling_dqn,1,97.3267,11.62,35204,cpu,15,134,148.62,0.05,0.753192
1994,dueling_dqn,1,97.4112,11.82,35204,cpu,16,156,159.91,0.05,2.301554
1995,dueling_dqn,1,97.4723,12.06,35204,cpu,15,113,146.93,0.05,1.490424
1996,dueling_dqn,1,97.5065,12.18,35204,cpu,9,62,84.48,0.05,1.673336
1997,dueling_dqn,1,97.5152,12.04,35204,cpu,1,16,1.26,0.05,1.630188
1998,dueling_dqn,1,97.5438,12.06,35204,cpu,8,53,73.56,0.05,1.205275
1999,dueling_dqn,1,97.626,12.36,35204,cpu,19,152,190.48,0.05,0.740917
2000,dueling_dqn,1,97.6464,12.16,35204,cpu,6,38,52.79,0.05,1.111308
